planner,scenario,instance,parameter,value,metric,result
Modified,normal_city,0,smooth_samples,12,success,1.0
Modified,normal_city,1,smooth_samples,12,success,1.0
Modified,normal_city,2,smooth_samples,12,success,1.0
Modified,normal_city,3,smooth_samples,12,success,1.0
Modified,normal_city,4,smooth_samples,12,success,1.0
Modified,normal_city,5,smooth_samples,12,success,1.0
Modified,normal_city,6,smooth_samples,12,success,1.0
Modified,normal_city,7,smooth_samples,12,success,1.0
Modified,normal_city,8,smooth_samples,12,success,1.0
Modified,normal_city,9,smooth_samples,12,success,1.0
Modified,normal_city,10,smooth_samples,12,success,1.0
Modified,normal_city,11,smooth_samples,12,success,1.0
Modified,normal_city,12,smooth_samples,12,success,1.0
Modified,normal_city,13,smooth_samples,12,success,1.0
Modified,normal_city,14,smooth_samples,12,success,1.0
Modified,normal_city,15,smooth_samples,12,success,1.0
Modified,normal_city,16,smooth_samples,12,success,1.0
Modified,normal_city,17,smooth_samples,12,success,1.0
Modified,normal_city,18,smooth_samples,12,success,1.0
Modified,normal_city,19,smooth_samples,12,success,1.0
Modified,normal_city,20,smooth_samples,12,success,1.0
Modified,normal_city,21,smooth_samples,12,success,1.0
Modified,normal_city,22,smooth_samples,12,success,1.0
Modified,normal_city,23,smooth_samples,12,success,1.0
Modified,normal_city,24,smooth_samples,12,success,1.0
Modified,normal_city,25,smooth_samples,12,success,1.0
Modified,normal_city,26,smooth_samples,12,success,1.0
Modified,normal_city,27,smooth_samples,12,success,1.0
Modified,normal_city,28,smooth_samples,12,success,1.0
Modified,normal_city,29,smooth_samples,12,success,1.0
Modified,blocked_road,0,smooth_samples,12,success,1.0
Modified,blocked_road,1,smooth_samples,12,success,1.0
Modified,blocked_road,2,smooth_samples,12,success,1.0
Modified,blocked_road,3,smooth_samples,12,success,1.0
Modified,blocked_road,4,smooth_samples,12,success,1.0
Modified,blocked_road,5,smooth_samples,12,success,1.0
Modified,blocked_road,6,smooth_samples,12,success,1.0
Modified,blocked_road,7,smooth_samples,12,success,1.0
Modified,blocked_road,8,smooth_samples,12,success,1.0
Modified,blocked_road,9,smooth_samples,12,success,1.0
Modified,blocked_road,10,smooth_samples,12,success,1.0
Modified,blocked_road,11,smooth_samples,12,success,1.0
Modified,blocked_road,12,smooth_samples,12,success,1.0
Modified,blocked_road,13,smooth_samples,12,success,1.0
Modified,blocked_road,14,smooth_samples,12,success,1.0
Modified,blocked_road,15,smooth_samples,12,success,1.0
Modified,blocked_road,16,smooth_samples,12,success,1.0
Modified,blocked_road,17,smooth_samples,12,success,1.0
Modified,blocked_road,18,smooth_samples,12,success,1.0
Modified,blocked_road,19,smooth_samples,12,success,1.0
Modified,blocked_road,20,smooth_samples,12,success,1.0
Modified,blocked_road,21,smooth_samples,12,success,1.0
Modified,blocked_road,22,smooth_samples,12,success,1.0
Modified,blocked_road,23,smooth_samples,12,success,1.0
Modified,blocked_road,24,smooth_samples,12,success,1.0
Modified,blocked_road,25,smooth_samples,12,success,1.0
Modified,blocked_road,26,smooth_samples,12,success,1.0
Modified,blocked_road,27,smooth_samples,12,success,1.0
Modified,blocked_road,28,smooth_samples,12,success,1.0
Modified,blocked_road,29,smooth_samples,12,success,1.0
Modified,dense_city,0,smooth_samples,12,success,1.0
Modified,dense_city,1,smooth_samples,12,success,1.0
Modified,dense_city,2,smooth_samples,12,success,1.0
Modified,dense_city,3,smooth_samples,12,success,1.0
Modified,dense_city,4,smooth_samples,12,success,1.0
Modified,dense_city,5,smooth_samples,12,success,1.0
Modified,dense_city,6,smooth_samples,12,success,1.0
Modified,dense_city,7,smooth_samples,12,success,1.0
Modified,dense_city,8,smooth_samples,12,success,1.0
Modified,dense_city,9,smooth_samples,12,success,0.0
Modified,dense_city,10,smooth_samples,12,success,1.0
Modified,dense_city,11,smooth_samples,12,success,1.0
Modified,dense_city,12,smooth_samples,12,success,1.0
Modified,dense_city,13,smooth_samples,12,success,1.0
Modified,dense_city,14,smooth_samples,12,success,1.0
Modified,dense_city,15,smooth_samples,12,success,1.0
Modified,dense_city,16,smooth_samples,12,success,1.0
Modified,dense_city,17,smooth_samples,12,success,1.0
Modified,dense_city,18,smooth_samples,12,success,1.0
Modified,dense_city,19,smooth_samples,12,success,1.0
Modified,dense_city,20,smooth_samples,12,success,1.0
Modified,dense_city,21,smooth_samples,12,success,1.0
Modified,dense_city,22,smooth_samples,12,success,1.0
Modified,dense_city,23,smooth_samples,12,success,1.0
Modified,dense_city,24,smooth_samples,12,success,1.0
Modified,dense_city,25,smooth_samples,12,success,1.0
Modified,dense_city,26,smooth_samples,12,success,1.0
Modified,dense_city,27,smooth_samples,12,success,1.0
Modified,dense_city,28,smooth_samples,12,success,1.0
Modified,dense_city,29,smooth_samples,12,success,1.0
Modified,normal_city,0,smooth_samples,24,success,1.0
Modified,normal_city,1,smooth_samples,24,success,1.0
Modified,normal_city,2,smooth_samples,24,success,1.0
Modified,normal_city,3,smooth_samples,24,success,1.0
Modified,normal_city,4,smooth_samples,24,success,1.0
Modified,normal_city,5,smooth_samples,24,success,1.0
Modified,normal_city,6,smooth_samples,24,success,1.0
Modified,normal_city,7,smooth_samples,24,success,1.0
Modified,normal_city,8,smooth_samples,24,success,1.0
Modified,normal_city,9,smooth_samples,24,success,1.0
Modified,normal_city,10,smooth_samples,24,success,1.0
Modified,normal_city,11,smooth_samples,24,success,1.0
Modified,normal_city,12,smooth_samples,24,success,1.0
Modified,normal_city,13,smooth_samples,24,success,1.0
Modified,normal_city,14,smooth_samples,24,success,1.0
Modified,normal_city,15,smooth_samples,24,success,1.0
Modified,normal_city,16,smooth_samples,24,success,1.0
Modified,normal_city,17,smooth_samples,24,success,1.0
Modified,normal_city,18,smooth_samples,24,success,1.0
Modified,normal_city,19,smooth_samples,24,success,1.0
Modified,normal_city,20,smooth_samples,24,success,1.0
Modified,normal_city,21,smooth_samples,24,success,1.0
Modified,normal_city,22,smooth_samples,24,success,1.0
Modified,normal_city,23,smooth_samples,24,success,1.0
Modified,normal_city,24,smooth_samples,24,success,1.0
Modified,normal_city,25,smooth_samples,24,success,1.0
Modified,normal_city,26,smooth_samples,24,success,1.0
Modified,normal_city,27,smooth_samples,24,success,1.0
Modified,normal_city,28,smooth_samples,24,success,1.0
Modified,normal_city,29,smooth_samples,24,success,1.0
Modified,blocked_road,0,smooth_samples,24,success,1.0
Modified,blocked_road,1,smooth_samples,24,success,1.0
Modified,blocked_road,2,smooth_samples,24,success,1.0
Modified,blocked_road,3,smooth_samples,24,success,1.0
Modified,blocked_road,4,smooth_samples,24,success,1.0
Modified,blocked_road,5,smooth_samples,24,success,1.0
Modified,blocked_road,6,smooth_samples,24,success,1.0
Modified,blocked_road,7,smooth_samples,24,success,1.0
Modified,blocked_road,8,smooth_samples,24,success,1.0
Modified,blocked_road,9,smooth_samples,24,success,1.0
Modified,blocked_road,10,smooth_samples,24,success,1.0
Modified,blocked_road,11,smooth_samples,24,success,1.0
Modified,blocked_road,12,smooth_samples,24,success,1.0
Modified,blocked_road,13,smooth_samples,24,success,1.0
Modified,blocked_road,14,smooth_samples,24,success,1.0
Modified,blocked_road,15,smooth_samples,24,success,1.0
Modified,blocked_road,16,smooth_samples,24,success,1.0
Modified,blocked_road,17,smooth_samples,24,success,1.0
Modified,blocked_road,18,smooth_samples,24,success,1.0
Modified,blocked_road,19,smooth_samples,24,success,1.0
Modified,blocked_road,20,smooth_samples,24,success,1.0
Modified,blocked_road,21,smooth_samples,24,success,1.0
Modified,blocked_road,22,smooth_samples,24,success,1.0
Modified,blocked_road,23,smooth_samples,24,success,1.0
Modified,blocked_road,24,smooth_samples,24,success,1.0
Modified,blocked_road,25,smooth_samples,24,success,1.0
Modified,blocked_road,26,smooth_samples,24,success,1.0
Modified,blocked_road,27,smooth_samples,24,success,1.0
Modified,blocked_road,28,smooth_samples,24,success,1.0
Modified,blocked_road,29,smooth_samples,24,success,1.0
Modified,dense_city,0,smooth_samples,24,success,1.0
Modified,dense_city,1,smooth_samples,24,success,1.0
Modified,dense_city,2,smooth_samples,24,success,1.0
Modified,dense_city,3,smooth_samples,24,success,1.0
Modified,dense_city,4,smooth_samples,24,success,1.0
Modified,dense_city,5,smooth_samples,24,success,1.0
Modified,dense_city,6,smooth_samples,24,success,1.0
Modified,dense_city,7,smooth_samples,24,success,1.0
Modified,dense_city,8,smooth_samples,24,success,1.0
Modified,dense_city,9,smooth_samples,24,success,0.0
Modified,dense_city,10,smooth_samples,24,success,1.0
Modified,dense_city,11,smooth_samples,24,success,1.0
Modified,dense_city,12,smooth_samples,24,success,1.0
Modified,dense_city,13,smooth_samples,24,success,1.0
Modified,dense_city,14,smooth_samples,24,success,1.0
Modified,dense_city,15,smooth_samples,24,success,1.0
Modified,dense_city,16,smooth_samples,24,success,1.0
Modified,dense_city,17,smooth_samples,24,success,1.0
Modified,dense_city,18,smooth_samples,24,success,1.0
Modified,dense_city,19,smooth_samples,24,success,1.0
Modified,dense_city,20,smooth_samples,24,success,1.0
Modified,dense_city,21,smooth_samples,24,success,1.0
Modified,dense_city,22,smooth_samples,24,success,1.0
Modified,dense_city,23,smooth_samples,24,success,1.0
Modified,dense_city,24,smooth_samples,24,success,1.0
Modified,dense_city,25,smooth_samples,24,success,1.0
Modified,dense_city,26,smooth_samples,24,success,1.0
Modified,dense_city,27,smooth_samples,24,success,1.0
Modified,dense_city,28,smooth_samples,24,success,1.0
Modified,dense_city,29,smooth_samples,24,success,1.0
Modified,normal_city,0,smooth_samples,48,success,1.0
Modified,normal_city,1,smooth_samples,48,success,1.0
Modified,normal_city,2,smooth_samples,48,success,1.0
Modified,normal_city,3,smooth_samples,48,success,1.0
Modified,normal_city,4,smooth_samples,48,success,1.0
Modified,normal_city,5,smooth_samples,48,success,1.0
Modified,normal_city,6,smooth_samples,48,success,1.0
Modified,normal_city,7,smooth_samples,48,success,1.0
Modified,normal_city,8,smooth_samples,48,success,1.0
Modified,normal_city,9,smooth_samples,48,success,1.0
Modified,normal_city,10,smooth_samples,48,success,1.0
Modified,normal_city,11,smooth_samples,48,success,1.0
Modified,normal_city,12,smooth_samples,48,success,1.0
Modified,normal_city,13,smooth_samples,48,success,1.0
Modified,normal_city,14,smooth_samples,48,success,1.0
Modified,normal_city,15,smooth_samples,48,success,1.0
Modified,normal_city,16,smooth_samples,48,success,1.0
Modified,normal_city,17,smooth_samples,48,success,1.0
Modified,normal_city,18,smooth_samples,48,success,1.0
Modified,normal_city,19,smooth_samples,48,success,1.0
Modified,normal_city,20,smooth_samples,48,success,1.0
Modified,normal_city,21,smooth_samples,48,success,1.0
Modified,normal_city,22,smooth_samples,48,success,1.0
Modified,normal_city,23,smooth_samples,48,success,1.0
Modified,normal_city,24,smooth_samples,48,success,1.0
Modified,normal_city,25,smooth_samples,48,success,1.0
Modified,normal_city,26,smooth_samples,48,success,1.0
Modified,normal_city,27,smooth_samples,48,success,1.0
Modified,normal_city,28,smooth_samples,48,success,1.0
Modified,normal_city,29,smooth_samples,48,success,1.0
Modified,blocked_road,0,smooth_samples,48,success,1.0
Modified,blocked_road,1,smooth_samples,48,success,1.0
Modified,blocked_road,2,smooth_samples,48,success,1.0
Modified,blocked_road,3,smooth_samples,48,success,1.0
Modified,blocked_road,4,smooth_samples,48,success,1.0
Modified,blocked_road,5,smooth_samples,48,success,1.0
Modified,blocked_road,6,smooth_samples,48,success,1.0
Modified,blocked_road,7,smooth_samples,48,success,1.0
Modified,blocked_road,8,smooth_samples,48,success,1.0
Modified,blocked_road,9,smooth_samples,48,success,1.0
Modified,blocked_road,10,smooth_samples,48,success,1.0
Modified,blocked_road,11,smooth_samples,48,success,1.0
Modified,blocked_road,12,smooth_samples,48,success,1.0
Modified,blocked_road,13,smooth_samples,48,success,1.0
Modified,blocked_road,14,smooth_samples,48,success,1.0
Modified,blocked_road,15,smooth_samples,48,success,1.0
Modified,blocked_road,16,smooth_samples,48,success,1.0
Modified,blocked_road,17,smooth_samples,48,success,1.0
Modified,blocked_road,18,smooth_samples,48,success,1.0
Modified,blocked_road,19,smooth_samples,48,success,1.0
Modified,blocked_road,20,smooth_samples,48,success,1.0
Modified,blocked_road,21,smooth_samples,48,success,1.0
Modified,blocked_road,22,smooth_samples,48,success,1.0
Modified,blocked_road,23,smooth_samples,48,success,1.0
Modified,blocked_road,24,smooth_samples,48,success,1.0
Modified,blocked_road,25,smooth_samples,48,success,1.0
Modified,blocked_road,26,smooth_samples,48,success,1.0
Modified,blocked_road,27,smooth_samples,48,success,1.0
Modified,blocked_road,28,smooth_samples,48,success,1.0
Modified,blocked_road,29,smooth_samples,48,success,1.0
Modified,dense_city,0,smooth_samples,48,success,1.0
Modified,dense_city,1,smooth_samples,48,success,1.0
Modified,dense_city,2,smooth_samples,48,success,1.0
Modified,dense_city,3,smooth_samples,48,success,1.0
Modified,dense_city,4,smooth_samples,48,success,1.0
Modified,dense_city,5,smooth_samples,48,success,1.0
Modified,dense_city,6,smooth_samples,48,success,1.0
Modified,dense_city,7,smooth_samples,48,success,1.0
Modified,dense_city,8,smooth_samples,48,success,1.0
Modified,dense_city,9,smooth_samples,48,success,0.0
Modified,dense_city,10,smooth_samples,48,success,1.0
Modified,dense_city,11,smooth_samples,48,success,1.0
Modified,dense_city,12,smooth_samples,48,success,1.0
Modified,dense_city,13,smooth_samples,48,success,1.0
Modified,dense_city,14,smooth_samples,48,success,1.0
Modified,dense_city,15,smooth_samples,48,success,1.0
Modified,dense_city,16,smooth_samples,48,success,1.0
Modified,dense_city,17,smooth_samples,48,success,1.0
Modified,dense_city,18,smooth_samples,48,success,1.0
Modified,dense_city,19,smooth_samples,48,success,1.0
Modified,dense_city,20,smooth_samples,48,success,1.0
Modified,dense_city,21,smooth_samples,48,success,1.0
Modified,dense_city,22,smooth_samples,48,success,1.0
Modified,dense_city,23,smooth_samples,48,success,1.0
Modified,dense_city,24,smooth_samples,48,success,1.0
Modified,dense_city,25,smooth_samples,48,success,1.0
Modified,dense_city,26,smooth_samples,48,success,1.0
Modified,dense_city,27,smooth_samples,48,success,1.0
Modified,dense_city,28,smooth_samples,48,success,1.0
Modified,dense_city,29,smooth_samples,48,success,1.0
Modified,normal_city,0,smooth_samples,12,path_length,150.173
Modified,normal_city,1,smooth_samples,12,path_length,159.028
Modified,normal_city,2,smooth_samples,12,path_length,153.071
Modified,normal_city,3,smooth_samples,12,path_length,157.696
Modified,normal_city,4,smooth_samples,12,path_length,159.198
Modified,normal_city,5,smooth_samples,12,path_length,151.409
Modified,normal_city,6,smooth_samples,12,path_length,145.821
Modified,normal_city,7,smooth_samples,12,path_length,152.15
Modified,normal_city,8,smooth_samples,12,path_length,193.784
Modified,normal_city,9,smooth_samples,12,path_length,148.208
Modified,normal_city,10,smooth_samples,12,path_length,151.917
Modified,normal_city,11,smooth_samples,12,path_length,151.767
Modified,normal_city,12,smooth_samples,12,path_length,161.515
Modified,normal_city,13,smooth_samples,12,path_length,154.529
Modified,normal_city,14,smooth_samples,12,path_length,149.083
Modified,normal_city,15,smooth_samples,12,path_length,150.58
Modified,normal_city,16,smooth_samples,12,path_length,147.421
Modified,normal_city,17,smooth_samples,12,path_length,150.6
Modified,normal_city,18,smooth_samples,12,path_length,148.835
Modified,normal_city,19,smooth_samples,12,path_length,154.405
Modified,normal_city,20,smooth_samples,12,path_length,152.017
Modified,normal_city,21,smooth_samples,12,path_length,154.308
Modified,normal_city,22,smooth_samples,12,path_length,161.029
Modified,normal_city,23,smooth_samples,12,path_length,151.07
Modified,normal_city,24,smooth_samples,12,path_length,152.903
Modified,normal_city,25,smooth_samples,12,path_length,155.129
Modified,normal_city,26,smooth_samples,12,path_length,146.091
Modified,normal_city,27,smooth_samples,12,path_length,160.608
Modified,normal_city,28,smooth_samples,12,path_length,156.606
Modified,normal_city,29,smooth_samples,12,path_length,148.512
Modified,blocked_road,0,smooth_samples,12,path_length,200.446
Modified,blocked_road,1,smooth_samples,12,path_length,206.899
Modified,blocked_road,2,smooth_samples,12,path_length,183.536
Modified,blocked_road,3,smooth_samples,12,path_length,162.19
Modified,blocked_road,4,smooth_samples,12,path_length,299.716
Modified,blocked_road,5,smooth_samples,12,path_length,212.361
Modified,blocked_road,6,smooth_samples,12,path_length,167.232
Modified,blocked_road,7,smooth_samples,12,path_length,160.463
Modified,blocked_road,8,smooth_samples,12,path_length,172.413
Modified,blocked_road,9,smooth_samples,12,path_length,163.878
Modified,blocked_road,10,smooth_samples,12,path_length,188.161
Modified,blocked_road,11,smooth_samples,12,path_length,186.021
Modified,blocked_road,12,smooth_samples,12,path_length,205.526
Modified,blocked_road,13,smooth_samples,12,path_length,167.137
Modified,blocked_road,14,smooth_samples,12,path_length,202.053
Modified,blocked_road,15,smooth_samples,12,path_length,205.075
Modified,blocked_road,16,smooth_samples,12,path_length,200.498
Modified,blocked_road,17,smooth_samples,12,path_length,157.315
Modified,blocked_road,18,smooth_samples,12,path_length,160.321
Modified,blocked_road,19,smooth_samples,12,path_length,198.629
Modified,blocked_road,20,smooth_samples,12,path_length,196.729
Modified,blocked_road,21,smooth_samples,12,path_length,165.116
Modified,blocked_road,22,smooth_samples,12,path_length,153.547
Modified,blocked_road,23,smooth_samples,12,path_length,146.76
Modified,blocked_road,24,smooth_samples,12,path_length,157.978
Modified,blocked_road,25,smooth_samples,12,path_length,156.26
Modified,blocked_road,26,smooth_samples,12,path_length,165.396
Modified,blocked_road,27,smooth_samples,12,path_length,163.047
Modified,blocked_road,28,smooth_samples,12,path_length,163.776
Modified,blocked_road,29,smooth_samples,12,path_length,152.738
Modified,dense_city,0,smooth_samples,12,path_length,168.45
Modified,dense_city,1,smooth_samples,12,path_length,158.97
Modified,dense_city,2,smooth_samples,12,path_length,206.997
Modified,dense_city,3,smooth_samples,12,path_length,162.236
Modified,dense_city,4,smooth_samples,12,path_length,159.762
Modified,dense_city,5,smooth_samples,12,path_length,161.341
Modified,dense_city,6,smooth_samples,12,path_length,179.374
Modified,dense_city,7,smooth_samples,12,path_length,197.119
Modified,dense_city,8,smooth_samples,12,path_length,156.143
Modified,dense_city,9,smooth_samples,12,path_length,
Modified,dense_city,10,smooth_samples,12,path_length,154.198
Modified,dense_city,11,smooth_samples,12,path_length,158.871
Modified,dense_city,12,smooth_samples,12,path_length,162.688
Modified,dense_city,13,smooth_samples,12,path_length,157.784
Modified,dense_city,14,smooth_samples,12,path_length,176.807
Modified,dense_city,15,smooth_samples,12,path_length,256.194
Modified,dense_city,16,smooth_samples,12,path_length,154.745
Modified,dense_city,17,smooth_samples,12,path_length,184.604
Modified,dense_city,18,smooth_samples,12,path_length,164.683
Modified,dense_city,19,smooth_samples,12,path_length,159.85
Modified,dense_city,20,smooth_samples,12,path_length,151.247
Modified,dense_city,21,smooth_samples,12,path_length,155.035
Modified,dense_city,22,smooth_samples,12,path_length,154.395
Modified,dense_city,23,smooth_samples,12,path_length,157.416
Modified,dense_city,24,smooth_samples,12,path_length,149.607
Modified,dense_city,25,smooth_samples,12,path_length,152.227
Modified,dense_city,26,smooth_samples,12,path_length,154.368
Modified,dense_city,27,smooth_samples,12,path_length,152.803
Modified,dense_city,28,smooth_samples,12,path_length,164.355
Modified,dense_city,29,smooth_samples,12,path_length,165.055
Modified,normal_city,0,smooth_samples,24,path_length,150.442
Modified,normal_city,1,smooth_samples,24,path_length,159.276
Modified,normal_city,2,smooth_samples,24,path_length,153.253
Modified,normal_city,3,smooth_samples,24,path_length,157.838
Modified,normal_city,4,smooth_samples,24,path_length,159.383
Modified,normal_city,5,smooth_samples,24,path_length,151.623
Modified,normal_city,6,smooth_samples,24,path_length,145.826
Modified,normal_city,7,smooth_samples,24,path_length,152.348
Modified,normal_city,8,smooth_samples,24,path_length,193.765
Modified,normal_city,9,smooth_samples,24,path_length,148.228
Modified,normal_city,10,smooth_samples,24,path_length,152.05
Modified,normal_city,11,smooth_samples,24,path_length,151.762
Modified,normal_city,12,smooth_samples,24,path_length,161.553
Modified,normal_city,13,smooth_samples,24,path_length,154.808
Modified,normal_city,14,smooth_samples,24,path_length,149.26
Modified,normal_city,15,smooth_samples,24,path_length,150.79
Modified,normal_city,16,smooth_samples,24,path_length,147.59
Modified,normal_city,17,smooth_samples,24,path_length,150.6
Modified,normal_city,18,smooth_samples,24,path_length,149.044
Modified,normal_city,19,smooth_samples,24,path_length,154.539
Modified,normal_city,20,smooth_samples,24,path_length,152.431
Modified,normal_city,21,smooth_samples,24,path_length,154.495
Modified,normal_city,22,smooth_samples,24,path_length,161.174
Modified,normal_city,23,smooth_samples,24,path_length,151.076
Modified,normal_city,24,smooth_samples,24,path_length,153.04
Modified,normal_city,25,smooth_samples,24,path_length,155.35
Modified,normal_city,26,smooth_samples,24,path_length,146.316
Modified,normal_city,27,smooth_samples,24,path_length,160.81
Modified,normal_city,28,smooth_samples,24,path_length,156.828
Modified,normal_city,29,smooth_samples,24,path_length,148.722
Modified,blocked_road,0,smooth_samples,24,path_length,200.596
Modified,blocked_road,1,smooth_samples,24,path_length,207.092
Modified,blocked_road,2,smooth_samples,24,path_length,183.573
Modified,blocked_road,3,smooth_samples,24,path_length,162.228
Modified,blocked_road,4,smooth_samples,24,path_length,299.831
Modified,blocked_road,5,smooth_samples,24,path_length,212.464
Modified,blocked_road,6,smooth_samples,24,path_length,167.294
Modified,blocked_road,7,smooth_samples,24,path_length,160.752
Modified,blocked_road,8,smooth_samples,24,path_length,172.23
Modified,blocked_road,9,smooth_samples,24,path_length,163.909
Modified,blocked_road,10,smooth_samples,24,path_length,188.185
Modified,blocked_road,11,smooth_samples,24,path_length,185.832
Modified,blocked_road,12,smooth_samples,24,path_length,205.64
Modified,blocked_road,13,smooth_samples,24,path_length,167.364
Modified,blocked_road,14,smooth_samples,24,path_length,202.123
Modified,blocked_road,15,smooth_samples,24,path_length,205.189
Modified,blocked_road,16,smooth_samples,24,path_length,200.612
Modified,blocked_road,17,smooth_samples,24,path_length,157.145
Modified,blocked_road,18,smooth_samples,24,path_length,160.517
Modified,blocked_road,19,smooth_samples,24,path_length,198.783
Modified,blocked_road,20,smooth_samples,24,path_length,196.862
Modified,blocked_road,21,smooth_samples,24,path_length,165.136
Modified,blocked_road,22,smooth_samples,24,path_length,153.581
Modified,blocked_road,23,smooth_samples,24,path_length,146.766
Modified,blocked_road,24,smooth_samples,24,path_length,158.0
Modified,blocked_road,25,smooth_samples,24,path_length,156.388
Modified,blocked_road,26,smooth_samples,24,path_length,165.429
Modified,blocked_road,27,smooth_samples,24,path_length,163.08
Modified,blocked_road,28,smooth_samples,24,path_length,163.782
Modified,blocked_road,29,smooth_samples,24,path_length,152.785
Modified,dense_city,0,smooth_samples,24,path_length,168.475
Modified,dense_city,1,smooth_samples,24,path_length,158.972
Modified,dense_city,2,smooth_samples,24,path_length,206.999
Modified,dense_city,3,smooth_samples,24,path_length,162.238
Modified,dense_city,4,smooth_samples,24,path_length,159.764
Modified,dense_city,5,smooth_samples,24,path_length,161.497
Modified,dense_city,6,smooth_samples,24,path_length,179.38
Modified,dense_city,7,smooth_samples,24,path_length,197.399
Modified,dense_city,8,smooth_samples,24,path_length,156.145
Modified,dense_city,9,smooth_samples,24,path_length,
Modified,dense_city,10,smooth_samples,24,path_length,154.2
Modified,dense_city,11,smooth_samples,24,path_length,158.873
Modified,dense_city,12,smooth_samples,24,path_length,162.728
Modified,dense_city,13,smooth_samples,24,path_length,157.784
Modified,dense_city,14,smooth_samples,24,path_length,176.809
Modified,dense_city,15,smooth_samples,24,path_length,256.233
Modified,dense_city,16,smooth_samples,24,path_length,154.747
Modified,dense_city,17,smooth_samples,24,path_length,184.606
Modified,dense_city,18,smooth_samples,24,path_length,164.685
Modified,dense_city,19,smooth_samples,24,path_length,159.852
Modified,dense_city,20,smooth_samples,24,path_length,151.249
Modified,dense_city,21,smooth_samples,24,path_length,155.037
Modified,dense_city,22,smooth_samples,24,path_length,154.397
Modified,dense_city,23,smooth_samples,24,path_length,157.416
Modified,dense_city,24,smooth_samples,24,path_length,149.609
Modified,dense_city,25,smooth_samples,24,path_length,152.229
Modified,dense_city,26,smooth_samples,24,path_length,154.37
Modified,dense_city,27,smooth_samples,24,path_length,152.855
Modified,dense_city,28,smooth_samples,24,path_length,164.357
Modified,dense_city,29,smooth_samples,24,path_length,165.057
Modified,normal_city,0,smooth_samples,48,path_length,150.523
Modified,normal_city,1,smooth_samples,48,path_length,159.341
Modified,normal_city,2,smooth_samples,48,path_length,153.316
Modified,normal_city,3,smooth_samples,48,path_length,157.886
Modified,normal_city,4,smooth_samples,48,path_length,159.437
Modified,normal_city,5,smooth_samples,48,path_length,151.684
Modified,normal_city,6,smooth_samples,48,path_length,145.827
Modified,normal_city,7,smooth_samples,48,path_length,152.414
Modified,normal_city,8,smooth_samples,48,path_length,194.022
Modified,normal_city,9,smooth_samples,48,path_length,148.234
Modified,normal_city,10,smooth_samples,48,path_length,152.092
Modified,normal_city,11,smooth_samples,48,path_length,152.01
Modified,normal_city,12,smooth_samples,48,path_length,161.562
Modified,normal_city,13,smooth_samples,48,path_length,154.876
Modified,normal_city,14,smooth_samples,48,path_length,149.313
Modified,normal_city,15,smooth_samples,48,path_length,150.853
Modified,normal_city,16,smooth_samples,48,path_length,147.642
Modified,normal_city,17,smooth_samples,48,path_length,150.6
Modified,normal_city,18,smooth_samples,48,path_length,149.102
Modified,normal_city,19,smooth_samples,48,path_length,154.575
Modified,normal_city,20,smooth_samples,48,path_length,152.305
Modified,normal_city,21,smooth_samples,48,path_length,154.556
Modified,normal_city,22,smooth_samples,48,path_length,161.211
Modified,normal_city,23,smooth_samples,48,path_length,151.077
Modified,normal_city,24,smooth_samples,48,path_length,153.1
Modified,normal_city,25,smooth_samples,48,path_length,155.415
Modified,normal_city,26,smooth_samples,48,path_length,146.386
Modified,normal_city,27,smooth_samples,48,path_length,160.872
Modified,normal_city,28,smooth_samples,48,path_length,156.892
Modified,normal_city,29,smooth_samples,48,path_length,148.786
Modified,blocked_road,0,smooth_samples,48,path_length,200.653
Modified,blocked_road,1,smooth_samples,48,path_length,207.146
Modified,blocked_road,2,smooth_samples,48,path_length,183.581
Modified,blocked_road,3,smooth_samples,48,path_length,162.237
Modified,blocked_road,4,smooth_samples,48,path_length,299.863
Modified,blocked_road,5,smooth_samples,48,path_length,212.491
Modified,blocked_road,6,smooth_samples,48,path_length,167.309
Modified,blocked_road,7,smooth_samples,48,path_length,160.82
Modified,blocked_road,8,smooth_samples,48,path_length,172.419
Modified,blocked_road,9,smooth_samples,48,path_length,163.916
Modified,blocked_road,10,smooth_samples,48,path_length,188.214
Modified,blocked_road,11,smooth_samples,48,path_length,186.058
Modified,blocked_road,12,smooth_samples,48,path_length,205.671
Modified,blocked_road,13,smooth_samples,48,path_length,155.368
Modified,blocked_road,14,smooth_samples,48,path_length,202.141
Modified,blocked_road,15,smooth_samples,48,path_length,205.224
Modified,blocked_road,16,smooth_samples,48,path_length,200.641
Modified,blocked_road,17,smooth_samples,48,path_length,157.338
Modified,blocked_road,18,smooth_samples,48,path_length,160.564
Modified,blocked_road,19,smooth_samples,48,path_length,198.822
Modified,blocked_road,20,smooth_samples,48,path_length,196.9
Modified,blocked_road,21,smooth_samples,48,path_length,165.142
Modified,blocked_road,22,smooth_samples,48,path_length,153.589
Modified,blocked_road,23,smooth_samples,48,path_length,146.767
Modified,blocked_road,24,smooth_samples,48,path_length,158.005
Modified,blocked_road,25,smooth_samples,48,path_length,156.646
Modified,blocked_road,26,smooth_samples,48,path_length,165.438
Modified,blocked_road,27,smooth_samples,48,path_length,163.088
Modified,blocked_road,28,smooth_samples,48,path_length,163.783
Modified,blocked_road,29,smooth_samples,48,path_length,152.797
Modified,dense_city,0,smooth_samples,48,path_length,168.481
Modified,dense_city,1,smooth_samples,48,path_length,158.972
Modified,dense_city,2,smooth_samples,48,path_length,206.999
Modified,dense_city,3,smooth_samples,48,path_length,162.238
Modified,dense_city,4,smooth_samples,48,path_length,159.765
Modified,dense_city,5,smooth_samples,48,path_length,161.552
Modified,dense_city,6,smooth_samples,48,path_length,179.382
Modified,dense_city,7,smooth_samples,48,path_length,197.481
Modified,dense_city,8,smooth_samples,48,path_length,156.145
Modified,dense_city,9,smooth_samples,48,path_length,
Modified,dense_city,10,smooth_samples,48,path_length,154.2
Modified,dense_city,11,smooth_samples,48,path_length,158.873
Modified,dense_city,12,smooth_samples,48,path_length,162.74
Modified,dense_city,13,smooth_samples,48,path_length,157.784
Modified,dense_city,14,smooth_samples,48,path_length,176.809
Modified,dense_city,15,smooth_samples,48,path_length,256.244
Modified,dense_city,16,smooth_samples,48,path_length,154.748
Modified,dense_city,17,smooth_samples,48,path_length,184.606
Modified,dense_city,18,smooth_samples,48,path_length,164.685
Modified,dense_city,19,smooth_samples,48,path_length,159.852
Modified,dense_city,20,smooth_samples,48,path_length,151.249
Modified,dense_city,21,smooth_samples,48,path_length,155.037
Modified,dense_city,22,smooth_samples,48,path_length,154.397
Modified,dense_city,23,smooth_samples,48,path_length,157.416
Modified,dense_city,24,smooth_samples,48,path_length,149.61
Modified,dense_city,25,smooth_samples,48,path_length,152.229
Modified,dense_city,26,smooth_samples,48,path_length,154.371
Modified,dense_city,27,smooth_samples,48,path_length,152.868
Modified,dense_city,28,smooth_samples,48,path_length,164.358
Modified,dense_city,29,smooth_samples,48,path_length,165.058
Modified,normal_city,0,smooth_samples,12,length_ratio,1.0577
Modified,normal_city,1,smooth_samples,12,length_ratio,1.1294
Modified,normal_city,2,smooth_samples,12,length_ratio,1.0871
Modified,normal_city,3,smooth_samples,12,length_ratio,1.0971
Modified,normal_city,4,smooth_samples,12,length_ratio,1.1166
Modified,normal_city,5,smooth_samples,12,length_ratio,1.0753
Modified,normal_city,6,smooth_samples,12,length_ratio,1.0356
Modified,normal_city,7,smooth_samples,12,length_ratio,1.0805
Modified,normal_city,8,smooth_samples,12,length_ratio,1.3592
Modified,normal_city,9,smooth_samples,12,length_ratio,1.0438
Modified,normal_city,10,smooth_samples,12,length_ratio,1.0612
Modified,normal_city,11,smooth_samples,12,length_ratio,1.0689
Modified,normal_city,12,smooth_samples,12,length_ratio,1.147
Modified,normal_city,13,smooth_samples,12,length_ratio,1.0795
Modified,normal_city,14,smooth_samples,12,length_ratio,1.05
Modified,normal_city,15,smooth_samples,12,length_ratio,1.0562
Modified,normal_city,16,smooth_samples,12,length_ratio,1.0426
Modified,normal_city,17,smooth_samples,12,length_ratio,1.0607
Modified,normal_city,18,smooth_samples,12,length_ratio,1.0659
Modified,normal_city,19,smooth_samples,12,length_ratio,1.0742
Modified,normal_city,20,smooth_samples,12,length_ratio,1.0663
Modified,normal_city,21,smooth_samples,12,length_ratio,1.0823
Modified,normal_city,22,smooth_samples,12,length_ratio,1.1295
Modified,normal_city,23,smooth_samples,12,length_ratio,1.0729
Modified,normal_city,24,smooth_samples,12,length_ratio,1.0725
Modified,normal_city,25,smooth_samples,12,length_ratio,1.0881
Modified,normal_city,26,smooth_samples,12,length_ratio,1.0289
Modified,normal_city,27,smooth_samples,12,length_ratio,1.1219
Modified,normal_city,28,smooth_samples,12,length_ratio,1.1122
Modified,normal_city,29,smooth_samples,12,length_ratio,1.0417
Modified,blocked_road,0,smooth_samples,12,length_ratio,1.3452
Modified,blocked_road,1,smooth_samples,12,length_ratio,1.3995
Modified,blocked_road,2,smooth_samples,12,length_ratio,1.2414
Modified,blocked_road,3,smooth_samples,12,length_ratio,1.0758
Modified,blocked_road,4,smooth_samples,12,length_ratio,2.0273
Modified,blocked_road,5,smooth_samples,12,length_ratio,1.4364
Modified,blocked_road,6,smooth_samples,12,length_ratio,1.1312
Modified,blocked_road,7,smooth_samples,12,length_ratio,1.0854
Modified,blocked_road,8,smooth_samples,12,length_ratio,1.157
Modified,blocked_road,9,smooth_samples,12,length_ratio,1.1085
Modified,blocked_road,10,smooth_samples,12,length_ratio,1.2529
Modified,blocked_road,11,smooth_samples,12,length_ratio,1.2435
Modified,blocked_road,12,smooth_samples,12,length_ratio,1.3847
Modified,blocked_road,13,smooth_samples,12,length_ratio,1.1305
Modified,blocked_road,14,smooth_samples,12,length_ratio,1.3196
Modified,blocked_road,15,smooth_samples,12,length_ratio,1.3343
Modified,blocked_road,16,smooth_samples,12,length_ratio,1.335
Modified,blocked_road,17,smooth_samples,12,length_ratio,1.0557
Modified,blocked_road,18,smooth_samples,12,length_ratio,1.0931
Modified,blocked_road,19,smooth_samples,12,length_ratio,1.3174
Modified,blocked_road,20,smooth_samples,12,length_ratio,1.3099
Modified,blocked_road,21,smooth_samples,12,length_ratio,1.1037
Modified,blocked_road,22,smooth_samples,12,length_ratio,1.0386
Modified,blocked_road,23,smooth_samples,12,length_ratio,0.9927
Modified,blocked_road,24,smooth_samples,12,length_ratio,1.0602
Modified,blocked_road,25,smooth_samples,12,length_ratio,1.0445
Modified,blocked_road,26,smooth_samples,12,length_ratio,1.1013
Modified,blocked_road,27,smooth_samples,12,length_ratio,1.0985
Modified,blocked_road,28,smooth_samples,12,length_ratio,1.1078
Modified,blocked_road,29,smooth_samples,12,length_ratio,1.021
Modified,dense_city,0,smooth_samples,12,length_ratio,1.1216
Modified,dense_city,1,smooth_samples,12,length_ratio,1.0585
Modified,dense_city,2,smooth_samples,12,length_ratio,1.3783
Modified,dense_city,3,smooth_samples,12,length_ratio,1.093
Modified,dense_city,4,smooth_samples,12,length_ratio,1.0638
Modified,dense_city,5,smooth_samples,12,length_ratio,1.0939
Modified,dense_city,6,smooth_samples,12,length_ratio,1.1944
Modified,dense_city,7,smooth_samples,12,length_ratio,1.3038
Modified,dense_city,8,smooth_samples,12,length_ratio,1.0646
Modified,dense_city,9,smooth_samples,12,length_ratio,
Modified,dense_city,10,smooth_samples,12,length_ratio,1.0598
Modified,dense_city,11,smooth_samples,12,length_ratio,1.0919
Modified,dense_city,12,smooth_samples,12,length_ratio,1.1182
Modified,dense_city,13,smooth_samples,12,length_ratio,1.0385
Modified,dense_city,14,smooth_samples,12,length_ratio,1.2152
Modified,dense_city,15,smooth_samples,12,length_ratio,1.6543
Modified,dense_city,16,smooth_samples,12,length_ratio,1.0636
Modified,dense_city,17,smooth_samples,12,length_ratio,1.2487
Modified,dense_city,18,smooth_samples,12,length_ratio,1.0965
Modified,dense_city,19,smooth_samples,12,length_ratio,1.0644
Modified,dense_city,20,smooth_samples,12,length_ratio,1.0395
Modified,dense_city,21,smooth_samples,12,length_ratio,1.0528
Modified,dense_city,22,smooth_samples,12,length_ratio,1.0201
Modified,dense_city,23,smooth_samples,12,length_ratio,1.0648
Modified,dense_city,24,smooth_samples,12,length_ratio,1.016
Modified,dense_city,25,smooth_samples,12,length_ratio,1.0345
Modified,dense_city,26,smooth_samples,12,length_ratio,1.0279
Modified,dense_city,27,smooth_samples,12,length_ratio,1.0018
Modified,dense_city,28,smooth_samples,12,length_ratio,1.0944
Modified,dense_city,29,smooth_samples,12,length_ratio,1.1209
Modified,normal_city,0,smooth_samples,24,length_ratio,1.0596
Modified,normal_city,1,smooth_samples,24,length_ratio,1.1311
Modified,normal_city,2,smooth_samples,24,length_ratio,1.0884
Modified,normal_city,3,smooth_samples,24,length_ratio,1.0981
Modified,normal_city,4,smooth_samples,24,length_ratio,1.1179
Modified,normal_city,5,smooth_samples,24,length_ratio,1.0768
Modified,normal_city,6,smooth_samples,24,length_ratio,1.0356
Modified,normal_city,7,smooth_samples,24,length_ratio,1.0819
Modified,normal_city,8,smooth_samples,24,length_ratio,1.3591
Modified,normal_city,9,smooth_samples,24,length_ratio,1.044
Modified,normal_city,10,smooth_samples,24,length_ratio,1.0621
Modified,normal_city,11,smooth_samples,24,length_ratio,1.0689
Modified,normal_city,12,smooth_samples,24,length_ratio,1.1473
Modified,normal_city,13,smooth_samples,24,length_ratio,1.0814
Modified,normal_city,14,smooth_samples,24,length_ratio,1.0513
Modified,normal_city,15,smooth_samples,24,length_ratio,1.0577
Modified,normal_city,16,smooth_samples,24,length_ratio,1.0438
Modified,normal_city,17,smooth_samples,24,length_ratio,1.0607
Modified,normal_city,18,smooth_samples,24,length_ratio,1.0673
Modified,normal_city,19,smooth_samples,24,length_ratio,1.0751
Modified,normal_city,20,smooth_samples,24,length_ratio,1.0692
Modified,normal_city,21,smooth_samples,24,length_ratio,1.0837
Modified,normal_city,22,smooth_samples,24,length_ratio,1.1305
Modified,normal_city,23,smooth_samples,24,length_ratio,1.0729
Modified,normal_city,24,smooth_samples,24,length_ratio,1.0734
Modified,normal_city,25,smooth_samples,24,length_ratio,1.0897
Modified,normal_city,26,smooth_samples,24,length_ratio,1.0305
Modified,normal_city,27,smooth_samples,24,length_ratio,1.1233
Modified,normal_city,28,smooth_samples,24,length_ratio,1.1137
Modified,normal_city,29,smooth_samples,24,length_ratio,1.0432
Modified,blocked_road,0,smooth_samples,24,length_ratio,1.3462
Modified,blocked_road,1,smooth_samples,24,length_ratio,1.4008
Modified,blocked_road,2,smooth_samples,24,length_ratio,1.2417
Modified,blocked_road,3,smooth_samples,24,length_ratio,1.076
Modified,blocked_road,4,smooth_samples,24,length_ratio,2.0281
Modified,blocked_road,5,smooth_samples,24,length_ratio,1.4371
Modified,blocked_road,6,smooth_samples,24,length_ratio,1.1316
Modified,blocked_road,7,smooth_samples,24,length_ratio,1.0873
Modified,blocked_road,8,smooth_samples,24,length_ratio,1.1558
Modified,blocked_road,9,smooth_samples,24,length_ratio,1.1087
Modified,blocked_road,10,smooth_samples,24,length_ratio,1.253
Modified,blocked_road,11,smooth_samples,24,length_ratio,1.2422
Modified,blocked_road,12,smooth_samples,24,length_ratio,1.3855
Modified,blocked_road,13,smooth_samples,24,length_ratio,1.1321
Modified,blocked_road,14,smooth_samples,24,length_ratio,1.3201
Modified,blocked_road,15,smooth_samples,24,length_ratio,1.335
Modified,blocked_road,16,smooth_samples,24,length_ratio,1.3358
Modified,blocked_road,17,smooth_samples,24,length_ratio,1.0546
Modified,blocked_road,18,smooth_samples,24,length_ratio,1.0944
Modified,blocked_road,19,smooth_samples,24,length_ratio,1.3185
Modified,blocked_road,20,smooth_samples,24,length_ratio,1.3108
Modified,blocked_road,21,smooth_samples,24,length_ratio,1.1039
Modified,blocked_road,22,smooth_samples,24,length_ratio,1.0388
Modified,blocked_road,23,smooth_samples,24,length_ratio,0.9927
Modified,blocked_road,24,smooth_samples,24,length_ratio,1.0603
Modified,blocked_road,25,smooth_samples,24,length_ratio,1.0454
Modified,blocked_road,26,smooth_samples,24,length_ratio,1.1015
Modified,blocked_road,27,smooth_samples,24,length_ratio,1.0987
Modified,blocked_road,28,smooth_samples,24,length_ratio,1.1078
Modified,blocked_road,29,smooth_samples,24,length_ratio,1.0213
Modified,dense_city,0,smooth_samples,24,length_ratio,1.1218
Modified,dense_city,1,smooth_samples,24,length_ratio,1.0585
Modified,dense_city,2,smooth_samples,24,length_ratio,1.3783
Modified,dense_city,3,smooth_samples,24,length_ratio,1.0931
Modified,dense_city,4,smooth_samples,24,length_ratio,1.0638
Modified,dense_city,5,smooth_samples,24,length_ratio,1.0949
Modified,dense_city,6,smooth_samples,24,length_ratio,1.1944
Modified,dense_city,7,smooth_samples,24,length_ratio,1.3057
Modified,dense_city,8,smooth_samples,24,length_ratio,1.0646
Modified,dense_city,9,smooth_samples,24,length_ratio,
Modified,dense_city,10,smooth_samples,24,length_ratio,1.0598
Modified,dense_city,11,smooth_samples,24,length_ratio,1.0919
Modified,dense_city,12,smooth_samples,24,length_ratio,1.1184
Modified,dense_city,13,smooth_samples,24,length_ratio,1.0385
Modified,dense_city,14,smooth_samples,24,length_ratio,1.2152
Modified,dense_city,15,smooth_samples,24,length_ratio,1.6545
Modified,dense_city,16,smooth_samples,24,length_ratio,1.0636
Modified,dense_city,17,smooth_samples,24,length_ratio,1.2487
Modified,dense_city,18,smooth_samples,24,length_ratio,1.0966
Modified,dense_city,19,smooth_samples,24,length_ratio,1.0644
Modified,dense_city,20,smooth_samples,24,length_ratio,1.0395
Modified,dense_city,21,smooth_samples,24,length_ratio,1.0528
Modified,dense_city,22,smooth_samples,24,length_ratio,1.0201
Modified,dense_city,23,smooth_samples,24,length_ratio,1.0648
Modified,dense_city,24,smooth_samples,24,length_ratio,1.016
Modified,dense_city,25,smooth_samples,24,length_ratio,1.0345
Modified,dense_city,26,smooth_samples,24,length_ratio,1.0279
Modified,dense_city,27,smooth_samples,24,length_ratio,1.0022
Modified,dense_city,28,smooth_samples,24,length_ratio,1.0944
Modified,dense_city,29,smooth_samples,24,length_ratio,1.1209
Modified,normal_city,0,smooth_samples,48,length_ratio,1.0601
Modified,normal_city,1,smooth_samples,48,length_ratio,1.1316
Modified,normal_city,2,smooth_samples,48,length_ratio,1.0888
Modified,normal_city,3,smooth_samples,48,length_ratio,1.0984
Modified,normal_city,4,smooth_samples,48,length_ratio,1.1183
Modified,normal_city,5,smooth_samples,48,length_ratio,1.0772
Modified,normal_city,6,smooth_samples,48,length_ratio,1.0356
Modified,normal_city,7,smooth_samples,48,length_ratio,1.0824
Modified,normal_city,8,smooth_samples,48,length_ratio,1.3609
Modified,normal_city,9,smooth_samples,48,length_ratio,1.044
Modified,normal_city,10,smooth_samples,48,length_ratio,1.0624
Modified,normal_city,11,smooth_samples,48,length_ratio,1.0706
Modified,normal_city,12,smooth_samples,48,length_ratio,1.1474
Modified,normal_city,13,smooth_samples,48,length_ratio,1.0819
Modified,normal_city,14,smooth_samples,48,length_ratio,1.0516
Modified,normal_city,15,smooth_samples,48,length_ratio,1.0581
Modified,normal_city,16,smooth_samples,48,length_ratio,1.0442
Modified,normal_city,17,smooth_samples,48,length_ratio,1.0607
Modified,normal_city,18,smooth_samples,48,length_ratio,1.0678
Modified,normal_city,19,smooth_samples,48,length_ratio,1.0754
Modified,normal_city,20,smooth_samples,48,length_ratio,1.0683
Modified,normal_city,21,smooth_samples,48,length_ratio,1.0841
Modified,normal_city,22,smooth_samples,48,length_ratio,1.1308
Modified,normal_city,23,smooth_samples,48,length_ratio,1.0729
Modified,normal_city,24,smooth_samples,48,length_ratio,1.0739
Modified,normal_city,25,smooth_samples,48,length_ratio,1.0901
Modified,normal_city,26,smooth_samples,48,length_ratio,1.031
Modified,normal_city,27,smooth_samples,48,length_ratio,1.1238
Modified,normal_city,28,smooth_samples,48,length_ratio,1.1142
Modified,normal_city,29,smooth_samples,48,length_ratio,1.0436
Modified,blocked_road,0,smooth_samples,48,length_ratio,1.3466
Modified,blocked_road,1,smooth_samples,48,length_ratio,1.4011
Modified,blocked_road,2,smooth_samples,48,length_ratio,1.2418
Modified,blocked_road,3,smooth_samples,48,length_ratio,1.0761
Modified,blocked_road,4,smooth_samples,48,length_ratio,2.0283
Modified,blocked_road,5,smooth_samples,48,length_ratio,1.4373
Modified,blocked_road,6,smooth_samples,48,length_ratio,1.1317
Modified,blocked_road,7,smooth_samples,48,length_ratio,1.0878
Modified,blocked_road,8,smooth_samples,48,length_ratio,1.1571
Modified,blocked_road,9,smooth_samples,48,length_ratio,1.1087
Modified,blocked_road,10,smooth_samples,48,length_ratio,1.2532
Modified,blocked_road,11,smooth_samples,48,length_ratio,1.2437
Modified,blocked_road,12,smooth_samples,48,length_ratio,1.3857
Modified,blocked_road,13,smooth_samples,48,length_ratio,1.0509
Modified,blocked_road,14,smooth_samples,48,length_ratio,1.3202
Modified,blocked_road,15,smooth_samples,48,length_ratio,1.3352
Modified,blocked_road,16,smooth_samples,48,length_ratio,1.336
Modified,blocked_road,17,smooth_samples,48,length_ratio,1.0559
Modified,blocked_road,18,smooth_samples,48,length_ratio,1.0947
Modified,blocked_road,19,smooth_samples,48,length_ratio,1.3187
Modified,blocked_road,20,smooth_samples,48,length_ratio,1.3111
Modified,blocked_road,21,smooth_samples,48,length_ratio,1.1039
Modified,blocked_road,22,smooth_samples,48,length_ratio,1.0389
Modified,blocked_road,23,smooth_samples,48,length_ratio,0.9927
Modified,blocked_road,24,smooth_samples,48,length_ratio,1.0604
Modified,blocked_road,25,smooth_samples,48,length_ratio,1.0471
Modified,blocked_road,26,smooth_samples,48,length_ratio,1.1016
Modified,blocked_road,27,smooth_samples,48,length_ratio,1.0988
Modified,blocked_road,28,smooth_samples,48,length_ratio,1.1078
Modified,blocked_road,29,smooth_samples,48,length_ratio,1.0214
Modified,dense_city,0,smooth_samples,48,length_ratio,1.1218
Modified,dense_city,1,smooth_samples,48,length_ratio,1.0585
Modified,dense_city,2,smooth_samples,48,length_ratio,1.3783
Modified,dense_city,3,smooth_samples,48,length_ratio,1.0931
Modified,dense_city,4,smooth_samples,48,length_ratio,1.0638
Modified,dense_city,5,smooth_samples,48,length_ratio,1.0953
Modified,dense_city,6,smooth_samples,48,length_ratio,1.1944
Modified,dense_city,7,smooth_samples,48,length_ratio,1.3062
Modified,dense_city,8,smooth_samples,48,length_ratio,1.0646
Modified,dense_city,9,smooth_samples,48,length_ratio,
Modified,dense_city,10,smooth_samples,48,length_ratio,1.0598
Modified,dense_city,11,smooth_samples,48,length_ratio,1.0919
Modified,dense_city,12,smooth_samples,48,length_ratio,1.1185
Modified,dense_city,13,smooth_samples,48,length_ratio,1.0385
Modified,dense_city,14,smooth_samples,48,length_ratio,1.2152
Modified,dense_city,15,smooth_samples,48,length_ratio,1.6546
Modified,dense_city,16,smooth_samples,48,length_ratio,1.0636
Modified,dense_city,17,smooth_samples,48,length_ratio,1.2487
Modified,dense_city,18,smooth_samples,48,length_ratio,1.0966
Modified,dense_city,19,smooth_samples,48,length_ratio,1.0644
Modified,dense_city,20,smooth_samples,48,length_ratio,1.0395
Modified,dense_city,21,smooth_samples,48,length_ratio,1.0529
Modified,dense_city,22,smooth_samples,48,length_ratio,1.0201
Modified,dense_city,23,smooth_samples,48,length_ratio,1.0648
Modified,dense_city,24,smooth_samples,48,length_ratio,1.016
Modified,dense_city,25,smooth_samples,48,length_ratio,1.0345
Modified,dense_city,26,smooth_samples,48,length_ratio,1.0279
Modified,dense_city,27,smooth_samples,48,length_ratio,1.0022
Modified,dense_city,28,smooth_samples,48,length_ratio,1.0944
Modified,dense_city,29,smooth_samples,48,length_ratio,1.1209
Modified,normal_city,0,smooth_samples,12,curvature,0.3285
Modified,normal_city,1,smooth_samples,12,curvature,0.5825
Modified,normal_city,2,smooth_samples,12,curvature,0.4504
Modified,normal_city,3,smooth_samples,12,curvature,0.391
Modified,normal_city,4,smooth_samples,12,curvature,0.5969
Modified,normal_city,5,smooth_samples,12,curvature,0.4092
Modified,normal_city,6,smooth_samples,12,curvature,0.0769
Modified,normal_city,7,smooth_samples,12,curvature,0.443
Modified,normal_city,8,smooth_samples,12,curvature,0.3071
Modified,normal_city,9,smooth_samples,12,curvature,0.0776
Modified,normal_city,10,smooth_samples,12,curvature,0.453
Modified,normal_city,11,smooth_samples,12,curvature,0.4333
Modified,normal_city,12,smooth_samples,12,curvature,0.2359
Modified,normal_city,13,smooth_samples,12,curvature,0.4075
Modified,normal_city,14,smooth_samples,12,curvature,0.3323
Modified,normal_city,15,smooth_samples,12,curvature,0.3864
Modified,normal_city,16,smooth_samples,12,curvature,0.3332
Modified,normal_city,17,smooth_samples,12,curvature,0.0913
Modified,normal_city,18,smooth_samples,12,curvature,0.3866
Modified,normal_city,19,smooth_samples,12,curvature,0.2748
Modified,normal_city,20,smooth_samples,12,curvature,0.4521
Modified,normal_city,21,smooth_samples,12,curvature,0.4713
Modified,normal_city,22,smooth_samples,12,curvature,0.5807
Modified,normal_city,23,smooth_samples,12,curvature,0.0828
Modified,normal_city,24,smooth_samples,12,curvature,0.4357
Modified,normal_city,25,smooth_samples,12,curvature,0.4839
Modified,normal_city,26,smooth_samples,12,curvature,0.2934
Modified,normal_city,27,smooth_samples,12,curvature,0.5852
Modified,normal_city,28,smooth_samples,12,curvature,0.5296
Modified,normal_city,29,smooth_samples,12,curvature,0.3311
Modified,blocked_road,0,smooth_samples,12,curvature,0.2542
Modified,blocked_road,1,smooth_samples,12,curvature,0.2112
Modified,blocked_road,2,smooth_samples,12,curvature,0.169
Modified,blocked_road,3,smooth_samples,12,curvature,0.0908
Modified,blocked_road,4,smooth_samples,12,curvature,0.1495
Modified,blocked_road,5,smooth_samples,12,curvature,0.2107
Modified,blocked_road,6,smooth_samples,12,curvature,0.1267
Modified,blocked_road,7,smooth_samples,12,curvature,0.462
Modified,blocked_road,8,smooth_samples,12,curvature,0.1019
Modified,blocked_road,9,smooth_samples,12,curvature,0.2065
Modified,blocked_road,10,smooth_samples,12,curvature,0.0783
Modified,blocked_road,11,smooth_samples,12,curvature,0.0758
Modified,blocked_road,12,smooth_samples,12,curvature,0.1247
Modified,blocked_road,13,smooth_samples,12,curvature,0.4184
Modified,blocked_road,14,smooth_samples,12,curvature,0.2071
Modified,blocked_road,15,smooth_samples,12,curvature,0.2105
Modified,blocked_road,16,smooth_samples,12,curvature,0.2398
Modified,blocked_road,17,smooth_samples,12,curvature,0.0806
Modified,blocked_road,18,smooth_samples,12,curvature,0.429
Modified,blocked_road,19,smooth_samples,12,curvature,0.1472
Modified,blocked_road,20,smooth_samples,12,curvature,0.1835
Modified,blocked_road,21,smooth_samples,12,curvature,0.0644
Modified,blocked_road,22,smooth_samples,12,curvature,0.0616
Modified,blocked_road,23,smooth_samples,12,curvature,0.0763
Modified,blocked_road,24,smooth_samples,12,curvature,0.1076
Modified,blocked_road,25,smooth_samples,12,curvature,0.3472
Modified,blocked_road,26,smooth_samples,12,curvature,0.2134
Modified,blocked_road,27,smooth_samples,12,curvature,0.1264
Modified,blocked_road,28,smooth_samples,12,curvature,0.1155
Modified,blocked_road,29,smooth_samples,12,curvature,0.1101
Modified,dense_city,0,smooth_samples,12,curvature,0.1188
Modified,dense_city,1,smooth_samples,12,curvature,0.0443
Modified,dense_city,2,smooth_samples,12,curvature,0.0794
Modified,dense_city,3,smooth_samples,12,curvature,0.0908
Modified,dense_city,4,smooth_samples,12,curvature,0.0533
Modified,dense_city,5,smooth_samples,12,curvature,0.3544
Modified,dense_city,6,smooth_samples,12,curvature,0.1002
Modified,dense_city,7,smooth_samples,12,curvature,0.4193
Modified,dense_city,8,smooth_samples,12,curvature,0.0608
Modified,dense_city,9,smooth_samples,12,curvature,
Modified,dense_city,10,smooth_samples,12,curvature,0.0747
Modified,dense_city,11,smooth_samples,12,curvature,0.0591
Modified,dense_city,12,smooth_samples,12,curvature,0.2119
Modified,dense_city,13,smooth_samples,12,curvature,0.0603
Modified,dense_city,14,smooth_samples,12,curvature,0.1065
Modified,dense_city,15,smooth_samples,12,curvature,0.1641
Modified,dense_city,16,smooth_samples,12,curvature,0.0783
Modified,dense_city,17,smooth_samples,12,curvature,0.0635
Modified,dense_city,18,smooth_samples,12,curvature,0.1165
Modified,dense_city,19,smooth_samples,12,curvature,0.0693
Modified,dense_city,20,smooth_samples,12,curvature,0.1026
Modified,dense_city,21,smooth_samples,12,curvature,0.0696
Modified,dense_city,22,smooth_samples,12,curvature,0.0663
Modified,dense_city,23,smooth_samples,12,curvature,0.0741
Modified,dense_city,24,smooth_samples,12,curvature,0.0768
Modified,dense_city,25,smooth_samples,12,curvature,0.0872
Modified,dense_city,26,smooth_samples,12,curvature,0.0679
Modified,dense_city,27,smooth_samples,12,curvature,0.0717
Modified,dense_city,28,smooth_samples,12,curvature,0.0382
Modified,dense_city,29,smooth_samples,12,curvature,0.0644
Modified,normal_city,0,smooth_samples,24,curvature,0.3656
Modified,normal_city,1,smooth_samples,24,curvature,0.6053
Modified,normal_city,2,smooth_samples,24,curvature,0.4782
Modified,normal_city,3,smooth_samples,24,curvature,0.4025
Modified,normal_city,4,smooth_samples,24,curvature,0.6152
Modified,normal_city,5,smooth_samples,24,curvature,0.4383
Modified,normal_city,6,smooth_samples,24,curvature,0.0769
Modified,normal_city,7,smooth_samples,24,curvature,0.4722
Modified,normal_city,8,smooth_samples,24,curvature,0.323
Modified,normal_city,9,smooth_samples,24,curvature,0.0801
Modified,normal_city,10,smooth_samples,24,curvature,0.4629
Modified,normal_city,11,smooth_samples,24,curvature,0.4538
Modified,normal_city,12,smooth_samples,24,curvature,0.2408
Modified,normal_city,13,smooth_samples,24,curvature,0.4357
Modified,normal_city,14,smooth_samples,24,curvature,0.3549
Modified,normal_city,15,smooth_samples,24,curvature,0.4144
Modified,normal_city,16,smooth_samples,24,curvature,0.3561
Modified,normal_city,17,smooth_samples,24,curvature,0.0913
Modified,normal_city,18,smooth_samples,24,curvature,0.4196
Modified,normal_city,19,smooth_samples,24,curvature,0.2918
Modified,normal_city,20,smooth_samples,24,curvature,0.4781
Modified,normal_city,21,smooth_samples,24,curvature,0.5
Modified,normal_city,22,smooth_samples,24,curvature,0.5958
Modified,normal_city,23,smooth_samples,24,curvature,0.0828
Modified,normal_city,24,smooth_samples,24,curvature,0.4465
Modified,normal_city,25,smooth_samples,24,curvature,0.5089
Modified,normal_city,26,smooth_samples,24,curvature,0.324
Modified,normal_city,27,smooth_samples,24,curvature,0.6126
Modified,normal_city,28,smooth_samples,24,curvature,0.5586
Modified,normal_city,29,smooth_samples,24,curvature,0.3552
Modified,blocked_road,0,smooth_samples,24,curvature,0.2725
Modified,blocked_road,1,smooth_samples,24,curvature,0.2277
Modified,blocked_road,2,smooth_samples,24,curvature,0.1745
Modified,blocked_road,3,smooth_samples,24,curvature,0.0939
Modified,blocked_road,4,smooth_samples,24,curvature,0.1549
Modified,blocked_road,5,smooth_samples,24,curvature,0.2213
Modified,blocked_road,6,smooth_samples,24,curvature,0.1369
Modified,blocked_road,7,smooth_samples,24,curvature,0.4942
Modified,blocked_road,8,smooth_samples,24,curvature,0.0989
Modified,blocked_road,9,smooth_samples,24,curvature,0.2107
Modified,blocked_road,10,smooth_samples,24,curvature,0.0801
Modified,blocked_road,11,smooth_samples,24,curvature,0.0748
Modified,blocked_road,12,smooth_samples,24,curvature,0.1317
Modified,blocked_road,13,smooth_samples,24,curvature,0.4438
Modified,blocked_road,14,smooth_samples,24,curvature,0.2141
Modified,blocked_road,15,smooth_samples,24,curvature,0.2221
Modified,blocked_road,16,smooth_samples,24,curvature,0.2502
Modified,blocked_road,17,smooth_samples,24,curvature,0.0774
Modified,blocked_road,18,smooth_samples,24,curvature,0.452
Modified,blocked_road,19,smooth_samples,24,curvature,0.165
Modified,blocked_road,20,smooth_samples,24,curvature,0.1961
Modified,blocked_road,21,smooth_samples,24,curvature,0.0653
Modified,blocked_road,22,smooth_samples,24,curvature,0.0639
Modified,blocked_road,23,smooth_samples,24,curvature,0.0763
Modified,blocked_road,24,smooth_samples,24,curvature,0.1098
Modified,blocked_road,25,smooth_samples,24,curvature,0.3728
Modified,blocked_road,26,smooth_samples,24,curvature,0.2155
Modified,blocked_road,27,smooth_samples,24,curvature,0.1311
Modified,blocked_road,28,smooth_samples,24,curvature,0.1155
Modified,blocked_road,29,smooth_samples,24,curvature,0.1156
Modified,dense_city,0,smooth_samples,24,curvature,0.1198
Modified,dense_city,1,smooth_samples,24,curvature,0.0443
Modified,dense_city,2,smooth_samples,24,curvature,0.0794
Modified,dense_city,3,smooth_samples,24,curvature,0.0908
Modified,dense_city,4,smooth_samples,24,curvature,0.0533
Modified,dense_city,5,smooth_samples,24,curvature,0.3728
Modified,dense_city,6,smooth_samples,24,curvature,0.101
Modified,dense_city,7,smooth_samples,24,curvature,0.4446
Modified,dense_city,8,smooth_samples,24,curvature,0.0608
Modified,dense_city,9,smooth_samples,24,curvature,
Modified,dense_city,10,smooth_samples,24,curvature,0.0747
Modified,dense_city,11,smooth_samples,24,curvature,0.0591
Modified,dense_city,12,smooth_samples,24,curvature,0.2177
Modified,dense_city,13,smooth_samples,24,curvature,0.0603
Modified,dense_city,14,smooth_samples,24,curvature,0.1065
Modified,dense_city,15,smooth_samples,24,curvature,0.1686
Modified,dense_city,16,smooth_samples,24,curvature,0.0783
Modified,dense_city,17,smooth_samples,24,curvature,0.0635
Modified,dense_city,18,smooth_samples,24,curvature,0.1165
Modified,dense_city,19,smooth_samples,24,curvature,0.0693
Modified,dense_city,20,smooth_samples,24,curvature,0.1026
Modified,dense_city,21,smooth_samples,24,curvature,0.0696
Modified,dense_city,22,smooth_samples,24,curvature,0.0663
Modified,dense_city,23,smooth_samples,24,curvature,0.0741
Modified,dense_city,24,smooth_samples,24,curvature,0.0768
Modified,dense_city,25,smooth_samples,24,curvature,0.0872
Modified,dense_city,26,smooth_samples,24,curvature,0.0679
Modified,dense_city,27,smooth_samples,24,curvature,0.0766
Modified,dense_city,28,smooth_samples,24,curvature,0.0383
Modified,dense_city,29,smooth_samples,24,curvature,0.0644
Modified,normal_city,0,smooth_samples,48,curvature,0.3864
Modified,normal_city,1,smooth_samples,48,curvature,0.619
Modified,normal_city,2,smooth_samples,48,curvature,0.4943
Modified,normal_city,3,smooth_samples,48,curvature,0.4084
Modified,normal_city,4,smooth_samples,48,curvature,0.6251
Modified,normal_city,5,smooth_samples,48,curvature,0.4548
Modified,normal_city,6,smooth_samples,48,curvature,0.0769
Modified,normal_city,7,smooth_samples,48,curvature,0.4897
Modified,normal_city,8,smooth_samples,48,curvature,0.3352
Modified,normal_city,9,smooth_samples,48,curvature,0.0816
Modified,normal_city,10,smooth_samples,48,curvature,0.4676
Modified,normal_city,11,smooth_samples,48,curvature,0.4696
Modified,normal_city,12,smooth_samples,48,curvature,0.2437
Modified,normal_city,13,smooth_samples,48,curvature,0.4499
Modified,normal_city,14,smooth_samples,48,curvature,0.3674
Modified,normal_city,15,smooth_samples,48,curvature,0.4305
Modified,normal_city,16,smooth_samples,48,curvature,0.3692
Modified,normal_city,17,smooth_samples,48,curvature,0.0913
Modified,normal_city,18,smooth_samples,48,curvature,0.4385
Modified,normal_city,19,smooth_samples,48,curvature,0.3016
Modified,normal_city,20,smooth_samples,48,curvature,0.4937
Modified,normal_city,21,smooth_samples,48,curvature,0.5164
Modified,normal_city,22,smooth_samples,48,curvature,0.6045
Modified,normal_city,23,smooth_samples,48,curvature,0.0828
Modified,normal_city,24,smooth_samples,48,curvature,0.4546
Modified,normal_city,25,smooth_samples,48,curvature,0.5218
Modified,normal_city,26,smooth_samples,48,curvature,0.342
Modified,normal_city,27,smooth_samples,48,curvature,0.6284
Modified,normal_city,28,smooth_samples,48,curvature,0.5743
Modified,normal_city,29,smooth_samples,48,curvature,0.369
Modified,blocked_road,0,smooth_samples,48,curvature,0.2843
Modified,blocked_road,1,smooth_samples,48,curvature,0.2371
Modified,blocked_road,2,smooth_samples,48,curvature,0.1772
Modified,blocked_road,3,smooth_samples,48,curvature,0.0955
Modified,blocked_road,4,smooth_samples,48,curvature,0.1581
Modified,blocked_road,5,smooth_samples,48,curvature,0.2277
Modified,blocked_road,6,smooth_samples,48,curvature,0.143
Modified,blocked_road,7,smooth_samples,48,curvature,0.5115
Modified,blocked_road,8,smooth_samples,48,curvature,0.102
Modified,blocked_road,9,smooth_samples,48,curvature,0.2132
Modified,blocked_road,10,smooth_samples,48,curvature,0.0813
Modified,blocked_road,11,smooth_samples,48,curvature,0.0788
Modified,blocked_road,12,smooth_samples,48,curvature,0.1354
Modified,blocked_road,13,smooth_samples,48,curvature,0.2523
Modified,blocked_road,14,smooth_samples,48,curvature,0.2181
Modified,blocked_road,15,smooth_samples,48,curvature,0.2296
Modified,blocked_road,16,smooth_samples,48,curvature,0.2563
Modified,blocked_road,17,smooth_samples,48,curvature,0.081
Modified,blocked_road,18,smooth_samples,48,curvature,0.4648
Modified,blocked_road,19,smooth_samples,48,curvature,0.1747
Modified,blocked_road,20,smooth_samples,48,curvature,0.2026
Modified,blocked_road,21,smooth_samples,48,curvature,0.0659
Modified,blocked_road,22,smooth_samples,48,curvature,0.0652
Modified,blocked_road,23,smooth_samples,48,curvature,0.0763
Modified,blocked_road,24,smooth_samples,48,curvature,0.1105
Modified,blocked_road,25,smooth_samples,48,curvature,0.3893
Modified,blocked_road,26,smooth_samples,48,curvature,0.2167
Modified,blocked_road,27,smooth_samples,48,curvature,0.1337
Modified,blocked_road,28,smooth_samples,48,curvature,0.1155
Modified,blocked_road,29,smooth_samples,48,curvature,0.1186
Modified,dense_city,0,smooth_samples,48,curvature,0.12
Modified,dense_city,1,smooth_samples,48,curvature,0.0443
Modified,dense_city,2,smooth_samples,48,curvature,0.0794
Modified,dense_city,3,smooth_samples,48,curvature,0.0908
Modified,dense_city,4,smooth_samples,48,curvature,0.0533
Modified,dense_city,5,smooth_samples,48,curvature,0.3817
Modified,dense_city,6,smooth_samples,48,curvature,0.1012
Modified,dense_city,7,smooth_samples,48,curvature,0.4586
Modified,dense_city,8,smooth_samples,48,curvature,0.0608
Modified,dense_city,9,smooth_samples,48,curvature,
Modified,dense_city,10,smooth_samples,48,curvature,0.0747
Modified,dense_city,11,smooth_samples,48,curvature,0.0591
Modified,dense_city,12,smooth_samples,48,curvature,0.221
Modified,dense_city,13,smooth_samples,48,curvature,0.0603
Modified,dense_city,14,smooth_samples,48,curvature,0.1065
Modified,dense_city,15,smooth_samples,48,curvature,0.171
Modified,dense_city,16,smooth_samples,48,curvature,0.0783
Modified,dense_city,17,smooth_samples,48,curvature,0.0635
Modified,dense_city,18,smooth_samples,48,curvature,0.1165
Modified,dense_city,19,smooth_samples,48,curvature,0.0693
Modified,dense_city,20,smooth_samples,48,curvature,0.1026
Modified,dense_city,21,smooth_samples,48,curvature,0.0696
Modified,dense_city,22,smooth_samples,48,curvature,0.0663
Modified,dense_city,23,smooth_samples,48,curvature,0.0741
Modified,dense_city,24,smooth_samples,48,curvature,0.0768
Modified,dense_city,25,smooth_samples,48,curvature,0.0872
Modified,dense_city,26,smooth_samples,48,curvature,0.0679
Modified,dense_city,27,smooth_samples,48,curvature,0.0792
Modified,dense_city,28,smooth_samples,48,curvature,0.0383
Modified,dense_city,29,smooth_samples,48,curvature,0.0644
Modified,normal_city,0,smooth_samples,12,max_curvature,2.172
Modified,normal_city,1,smooth_samples,12,max_curvature,3.0687
Modified,normal_city,2,smooth_samples,12,max_curvature,3.3145
Modified,normal_city,3,smooth_samples,12,max_curvature,2.9282
Modified,normal_city,4,smooth_samples,12,max_curvature,3.982
Modified,normal_city,5,smooth_samples,12,max_curvature,2.1897
Modified,normal_city,6,smooth_samples,12,max_curvature,1.2812
Modified,normal_city,7,smooth_samples,12,max_curvature,3.7859
Modified,normal_city,8,smooth_samples,12,max_curvature,6.0858
Modified,normal_city,9,smooth_samples,12,max_curvature,1.3227
Modified,normal_city,10,smooth_samples,12,max_curvature,3.1857
Modified,normal_city,11,smooth_samples,12,max_curvature,5.7342
Modified,normal_city,12,smooth_samples,12,max_curvature,8.5198
Modified,normal_city,13,smooth_samples,12,max_curvature,1.8922
Modified,normal_city,14,smooth_samples,12,max_curvature,1.6206
Modified,normal_city,15,smooth_samples,12,max_curvature,1.5995
Modified,normal_city,16,smooth_samples,12,max_curvature,1.6971
Modified,normal_city,17,smooth_samples,12,max_curvature,2.2736
Modified,normal_city,18,smooth_samples,12,max_curvature,1.8298
Modified,normal_city,19,smooth_samples,12,max_curvature,4.9246
Modified,normal_city,20,smooth_samples,12,max_curvature,2.6482
Modified,normal_city,21,smooth_samples,12,max_curvature,3.1002
Modified,normal_city,22,smooth_samples,12,max_curvature,3.1817
Modified,normal_city,23,smooth_samples,12,max_curvature,0.9625
Modified,normal_city,24,smooth_samples,12,max_curvature,2.0854
Modified,normal_city,25,smooth_samples,12,max_curvature,2.7605
Modified,normal_city,26,smooth_samples,12,max_curvature,1.5419
Modified,normal_city,27,smooth_samples,12,max_curvature,4.5317
Modified,normal_city,28,smooth_samples,12,max_curvature,3.8332
Modified,normal_city,29,smooth_samples,12,max_curvature,1.8425
Modified,blocked_road,0,smooth_samples,12,max_curvature,4.3974
Modified,blocked_road,1,smooth_samples,12,max_curvature,2.621
Modified,blocked_road,2,smooth_samples,12,max_curvature,2.7536
Modified,blocked_road,3,smooth_samples,12,max_curvature,1.3256
Modified,blocked_road,4,smooth_samples,12,max_curvature,4.1194
Modified,blocked_road,5,smooth_samples,12,max_curvature,4.921
Modified,blocked_road,6,smooth_samples,12,max_curvature,3.4109
Modified,blocked_road,7,smooth_samples,12,max_curvature,3.9284
Modified,blocked_road,8,smooth_samples,12,max_curvature,3.5186
Modified,blocked_road,9,smooth_samples,12,max_curvature,9.1742
Modified,blocked_road,10,smooth_samples,12,max_curvature,3.0973
Modified,blocked_road,11,smooth_samples,12,max_curvature,3.9521
Modified,blocked_road,12,smooth_samples,12,max_curvature,3.8341
Modified,blocked_road,13,smooth_samples,12,max_curvature,3.3947
Modified,blocked_road,14,smooth_samples,12,max_curvature,7.0515
Modified,blocked_road,15,smooth_samples,12,max_curvature,5.3166
Modified,blocked_road,16,smooth_samples,12,max_curvature,5.4954
Modified,blocked_road,17,smooth_samples,12,max_curvature,2.1071
Modified,blocked_road,18,smooth_samples,12,max_curvature,7.229
Modified,blocked_road,19,smooth_samples,12,max_curvature,2.0749
Modified,blocked_road,20,smooth_samples,12,max_curvature,1.9946
Modified,blocked_road,21,smooth_samples,12,max_curvature,4.6909
Modified,blocked_road,22,smooth_samples,12,max_curvature,1.476
Modified,blocked_road,23,smooth_samples,12,max_curvature,0.8017
Modified,blocked_road,24,smooth_samples,12,max_curvature,4.1747
Modified,blocked_road,25,smooth_samples,12,max_curvature,2.1532
Modified,blocked_road,26,smooth_samples,12,max_curvature,11.3498
Modified,blocked_road,27,smooth_samples,12,max_curvature,5.5672
Modified,blocked_road,28,smooth_samples,12,max_curvature,5.1067
Modified,blocked_road,29,smooth_samples,12,max_curvature,1.3185
Modified,dense_city,0,smooth_samples,12,max_curvature,2.9213
Modified,dense_city,1,smooth_samples,12,max_curvature,1.2841
Modified,dense_city,2,smooth_samples,12,max_curvature,4.5213
Modified,dense_city,3,smooth_samples,12,max_curvature,4.6425
Modified,dense_city,4,smooth_samples,12,max_curvature,1.6787
Modified,dense_city,5,smooth_samples,12,max_curvature,2.2088
Modified,dense_city,6,smooth_samples,12,max_curvature,1.1951
Modified,dense_city,7,smooth_samples,12,max_curvature,4.6573
Modified,dense_city,8,smooth_samples,12,max_curvature,1.4287
Modified,dense_city,9,smooth_samples,12,max_curvature,
Modified,dense_city,10,smooth_samples,12,max_curvature,1.3352
Modified,dense_city,11,smooth_samples,12,max_curvature,1.7386
Modified,dense_city,12,smooth_samples,12,max_curvature,4.349
Modified,dense_city,13,smooth_samples,12,max_curvature,1.3643
Modified,dense_city,14,smooth_samples,12,max_curvature,4.0576
Modified,dense_city,15,smooth_samples,12,max_curvature,6.5434
Modified,dense_city,16,smooth_samples,12,max_curvature,2.1326
Modified,dense_city,17,smooth_samples,12,max_curvature,4.0093
Modified,dense_city,18,smooth_samples,12,max_curvature,3.9679
Modified,dense_city,19,smooth_samples,12,max_curvature,2.2567
Modified,dense_city,20,smooth_samples,12,max_curvature,1.9118
Modified,dense_city,21,smooth_samples,12,max_curvature,1.5396
Modified,dense_city,22,smooth_samples,12,max_curvature,1.4108
Modified,dense_city,23,smooth_samples,12,max_curvature,1.5618
Modified,dense_city,24,smooth_samples,12,max_curvature,1.4496
Modified,dense_city,25,smooth_samples,12,max_curvature,1.4684
Modified,dense_city,26,smooth_samples,12,max_curvature,1.5625
Modified,dense_city,27,smooth_samples,12,max_curvature,1.0297
Modified,dense_city,28,smooth_samples,12,max_curvature,1.101
Modified,dense_city,29,smooth_samples,12,max_curvature,1.3788
Modified,normal_city,0,smooth_samples,24,max_curvature,2.2033
Modified,normal_city,1,smooth_samples,24,max_curvature,3.0624
Modified,normal_city,2,smooth_samples,24,max_curvature,3.3136
Modified,normal_city,3,smooth_samples,24,max_curvature,2.8915
Modified,normal_city,4,smooth_samples,24,max_curvature,3.9804
Modified,normal_city,5,smooth_samples,24,max_curvature,2.8413
Modified,normal_city,6,smooth_samples,24,max_curvature,1.2789
Modified,normal_city,7,smooth_samples,24,max_curvature,3.7787
Modified,normal_city,8,smooth_samples,24,max_curvature,6.0915
Modified,normal_city,9,smooth_samples,24,max_curvature,1.3016
Modified,normal_city,10,smooth_samples,24,max_curvature,3.1554
Modified,normal_city,11,smooth_samples,24,max_curvature,5.7435
Modified,normal_city,12,smooth_samples,24,max_curvature,10.4322
Modified,normal_city,13,smooth_samples,24,max_curvature,1.8712
Modified,normal_city,14,smooth_samples,24,max_curvature,1.6253
Modified,normal_city,15,smooth_samples,24,max_curvature,1.6217
Modified,normal_city,16,smooth_samples,24,max_curvature,1.6973
Modified,normal_city,17,smooth_samples,24,max_curvature,2.2736
Modified,normal_city,18,smooth_samples,24,max_curvature,1.8452
Modified,normal_city,19,smooth_samples,24,max_curvature,11.6428
Modified,normal_city,20,smooth_samples,24,max_curvature,2.4635
Modified,normal_city,21,smooth_samples,24,max_curvature,3.0115
Modified,normal_city,22,smooth_samples,24,max_curvature,3.2756
Modified,normal_city,23,smooth_samples,24,max_curvature,0.9687
Modified,normal_city,24,smooth_samples,24,max_curvature,2.0847
Modified,normal_city,25,smooth_samples,24,max_curvature,2.7863
Modified,normal_city,26,smooth_samples,24,max_curvature,1.5596
Modified,normal_city,27,smooth_samples,24,max_curvature,4.5341
Modified,normal_city,28,smooth_samples,24,max_curvature,3.7768
Modified,normal_city,29,smooth_samples,24,max_curvature,1.8672
Modified,blocked_road,0,smooth_samples,24,max_curvature,5.7702
Modified,blocked_road,1,smooth_samples,24,max_curvature,2.8714
Modified,blocked_road,2,smooth_samples,24,max_curvature,2.805
Modified,blocked_road,3,smooth_samples,24,max_curvature,1.3089
Modified,blocked_road,4,smooth_samples,24,max_curvature,4.5255
Modified,blocked_road,5,smooth_samples,24,max_curvature,5.3251
Modified,blocked_road,6,smooth_samples,24,max_curvature,3.3082
Modified,blocked_road,7,smooth_samples,24,max_curvature,3.868
Modified,blocked_road,8,smooth_samples,24,max_curvature,3.263
Modified,blocked_road,9,smooth_samples,24,max_curvature,9.723
Modified,blocked_road,10,smooth_samples,24,max_curvature,3.1264
Modified,blocked_road,11,smooth_samples,24,max_curvature,3.5317
Modified,blocked_road,12,smooth_samples,24,max_curvature,4.0447
Modified,blocked_road,13,smooth_samples,24,max_curvature,3.6979
Modified,blocked_road,14,smooth_samples,24,max_curvature,7.2946
Modified,blocked_road,15,smooth_samples,24,max_curvature,6.2131
Modified,blocked_road,16,smooth_samples,24,max_curvature,5.3348
Modified,blocked_road,17,smooth_samples,24,max_curvature,2.0361
Modified,blocked_road,18,smooth_samples,24,max_curvature,7.4232
Modified,blocked_road,19,smooth_samples,24,max_curvature,2.1394
Modified,blocked_road,20,smooth_samples,24,max_curvature,2.3816
Modified,blocked_road,21,smooth_samples,24,max_curvature,4.6859
Modified,blocked_road,22,smooth_samples,24,max_curvature,1.4738
Modified,blocked_road,23,smooth_samples,24,max_curvature,0.8004
Modified,blocked_road,24,smooth_samples,24,max_curvature,4.3535
Modified,blocked_road,25,smooth_samples,24,max_curvature,2.1538
Modified,blocked_road,26,smooth_samples,24,max_curvature,11.7337
Modified,blocked_road,27,smooth_samples,24,max_curvature,5.6346
Modified,blocked_road,28,smooth_samples,24,max_curvature,5.1027
Modified,blocked_road,29,smooth_samples,24,max_curvature,1.3326
Modified,dense_city,0,smooth_samples,24,max_curvature,2.964
Modified,dense_city,1,smooth_samples,24,max_curvature,1.284
Modified,dense_city,2,smooth_samples,24,max_curvature,4.5315
Modified,dense_city,3,smooth_samples,24,max_curvature,4.6525
Modified,dense_city,4,smooth_samples,24,max_curvature,1.6778
Modified,dense_city,5,smooth_samples,24,max_curvature,2.3893
Modified,dense_city,6,smooth_samples,24,max_curvature,1.2
Modified,dense_city,7,smooth_samples,24,max_curvature,5.529
Modified,dense_city,8,smooth_samples,24,max_curvature,1.4281
Modified,dense_city,9,smooth_samples,24,max_curvature,
Modified,dense_city,10,smooth_samples,24,max_curvature,1.3357
Modified,dense_city,11,smooth_samples,24,max_curvature,1.7391
Modified,dense_city,12,smooth_samples,24,max_curvature,4.1934
Modified,dense_city,13,smooth_samples,24,max_curvature,1.3643
Modified,dense_city,14,smooth_samples,24,max_curvature,4.0662
Modified,dense_city,15,smooth_samples,24,max_curvature,6.5942
Modified,dense_city,16,smooth_samples,24,max_curvature,2.1306
Modified,dense_city,17,smooth_samples,24,max_curvature,4.0171
Modified,dense_city,18,smooth_samples,24,max_curvature,3.9746
Modified,dense_city,19,smooth_samples,24,max_curvature,2.2591
Modified,dense_city,20,smooth_samples,24,max_curvature,1.911
Modified,dense_city,21,smooth_samples,24,max_curvature,1.5462
Modified,dense_city,22,smooth_samples,24,max_curvature,1.4091
Modified,dense_city,23,smooth_samples,24,max_curvature,1.5618
Modified,dense_city,24,smooth_samples,24,max_curvature,1.4492
Modified,dense_city,25,smooth_samples,24,max_curvature,1.4665
Modified,dense_city,26,smooth_samples,24,max_curvature,1.5609
Modified,dense_city,27,smooth_samples,24,max_curvature,1.0189
Modified,dense_city,28,smooth_samples,24,max_curvature,1.1004
Modified,dense_city,29,smooth_samples,24,max_curvature,1.3793
Modified,normal_city,0,smooth_samples,48,max_curvature,2.2342
Modified,normal_city,1,smooth_samples,48,max_curvature,3.0614
Modified,normal_city,2,smooth_samples,48,max_curvature,3.3088
Modified,normal_city,3,smooth_samples,48,max_curvature,2.8536
Modified,normal_city,4,smooth_samples,48,max_curvature,3.9785
Modified,normal_city,5,smooth_samples,48,max_curvature,2.8134
Modified,normal_city,6,smooth_samples,48,max_curvature,1.2784
Modified,normal_city,7,smooth_samples,48,max_curvature,3.7817
Modified,normal_city,8,smooth_samples,48,max_curvature,5.7529
Modified,normal_city,9,smooth_samples,48,max_curvature,1.2962
Modified,normal_city,10,smooth_samples,48,max_curvature,3.135
Modified,normal_city,11,smooth_samples,48,max_curvature,5.8895
Modified,normal_city,12,smooth_samples,48,max_curvature,10.525
Modified,normal_city,13,smooth_samples,48,max_curvature,1.8644
Modified,normal_city,14,smooth_samples,48,max_curvature,1.6245
Modified,normal_city,15,smooth_samples,48,max_curvature,1.6207
Modified,normal_city,16,smooth_samples,48,max_curvature,1.702
Modified,normal_city,17,smooth_samples,48,max_curvature,2.2736
Modified,normal_city,18,smooth_samples,48,max_curvature,1.9072
Modified,normal_city,19,smooth_samples,48,max_curvature,12.9319
Modified,normal_city,20,smooth_samples,48,max_curvature,2.6419
Modified,normal_city,21,smooth_samples,48,max_curvature,3.1557
Modified,normal_city,22,smooth_samples,48,max_curvature,3.2848
Modified,normal_city,23,smooth_samples,48,max_curvature,0.9701
Modified,normal_city,24,smooth_samples,48,max_curvature,2.1366
Modified,normal_city,25,smooth_samples,48,max_curvature,2.7638
Modified,normal_city,26,smooth_samples,48,max_curvature,1.5983
Modified,normal_city,27,smooth_samples,48,max_curvature,4.5096
Modified,normal_city,28,smooth_samples,48,max_curvature,3.7791
Modified,normal_city,29,smooth_samples,48,max_curvature,1.8977
Modified,blocked_road,0,smooth_samples,48,max_curvature,5.9789
Modified,blocked_road,1,smooth_samples,48,max_curvature,2.9336
Modified,blocked_road,2,smooth_samples,48,max_curvature,2.8215
Modified,blocked_road,3,smooth_samples,48,max_curvature,1.3016
Modified,blocked_road,4,smooth_samples,48,max_curvature,4.6301
Modified,blocked_road,5,smooth_samples,48,max_curvature,5.4796
Modified,blocked_road,6,smooth_samples,48,max_curvature,3.284
Modified,blocked_road,7,smooth_samples,48,max_curvature,3.875
Modified,blocked_road,8,smooth_samples,48,max_curvature,3.525
Modified,blocked_road,9,smooth_samples,48,max_curvature,9.8642
Modified,blocked_road,10,smooth_samples,48,max_curvature,3.1513
Modified,blocked_road,11,smooth_samples,48,max_curvature,3.8901
Modified,blocked_road,12,smooth_samples,48,max_curvature,4.1043
Modified,blocked_road,13,smooth_samples,48,max_curvature,1.3236
Modified,blocked_road,14,smooth_samples,48,max_curvature,7.2569
Modified,blocked_road,15,smooth_samples,48,max_curvature,6.4603
Modified,blocked_road,16,smooth_samples,48,max_curvature,5.416
Modified,blocked_road,17,smooth_samples,48,max_curvature,2.1082
Modified,blocked_road,18,smooth_samples,48,max_curvature,7.487
Modified,blocked_road,19,smooth_samples,48,max_curvature,2.1507
Modified,blocked_road,20,smooth_samples,48,max_curvature,2.4471
Modified,blocked_road,21,smooth_samples,48,max_curvature,4.6849
Modified,blocked_road,22,smooth_samples,48,max_curvature,1.4732
Modified,blocked_road,23,smooth_samples,48,max_curvature,0.8001
Modified,blocked_road,24,smooth_samples,48,max_curvature,4.3733
Modified,blocked_road,25,smooth_samples,48,max_curvature,2.1739
Modified,blocked_road,26,smooth_samples,48,max_curvature,12.3844
Modified,blocked_road,27,smooth_samples,48,max_curvature,5.6517
Modified,blocked_road,28,smooth_samples,48,max_curvature,5.1017
Modified,blocked_road,29,smooth_samples,48,max_curvature,1.3356
Modified,dense_city,0,smooth_samples,48,max_curvature,2.9653
Modified,dense_city,1,smooth_samples,48,max_curvature,1.284
Modified,dense_city,2,smooth_samples,48,max_curvature,4.5338
Modified,dense_city,3,smooth_samples,48,max_curvature,4.6548
Modified,dense_city,4,smooth_samples,48,max_curvature,1.6776
Modified,dense_city,5,smooth_samples,48,max_curvature,2.6006
Modified,dense_city,6,smooth_samples,48,max_curvature,1.2014
Modified,dense_city,7,smooth_samples,48,max_curvature,5.7633
Modified,dense_city,8,smooth_samples,48,max_curvature,1.428
Modified,dense_city,9,smooth_samples,48,max_curvature,
Modified,dense_city,10,smooth_samples,48,max_curvature,1.3359
Modified,dense_city,11,smooth_samples,48,max_curvature,1.7392
Modified,dense_city,12,smooth_samples,48,max_curvature,4.1501
Modified,dense_city,13,smooth_samples,48,max_curvature,1.3643
Modified,dense_city,14,smooth_samples,48,max_curvature,4.0682
Modified,dense_city,15,smooth_samples,48,max_curvature,6.5412
Modified,dense_city,16,smooth_samples,48,max_curvature,2.1301
Modified,dense_city,17,smooth_samples,48,max_curvature,4.0189
Modified,dense_city,18,smooth_samples,48,max_curvature,3.9762
Modified,dense_city,19,smooth_samples,48,max_curvature,2.2597
Modified,dense_city,20,smooth_samples,48,max_curvature,1.9109
Modified,dense_city,21,smooth_samples,48,max_curvature,1.5477
Modified,dense_city,22,smooth_samples,48,max_curvature,1.4087
Modified,dense_city,23,smooth_samples,48,max_curvature,1.5618
Modified,dense_city,24,smooth_samples,48,max_curvature,1.4491
Modified,dense_city,25,smooth_samples,48,max_curvature,1.4661
Modified,dense_city,26,smooth_samples,48,max_curvature,1.5605
Modified,dense_city,27,smooth_samples,48,max_curvature,1.0166
Modified,dense_city,28,smooth_samples,48,max_curvature,1.1002
Modified,dense_city,29,smooth_samples,48,max_curvature,1.3794
Modified,normal_city,0,smooth_samples,12,drive_time_curved,44.6369
Modified,normal_city,1,smooth_samples,12,drive_time_curved,48.7343
Modified,normal_city,2,smooth_samples,12,drive_time_curved,43.8234
Modified,normal_city,3,smooth_samples,12,drive_time_curved,44.8499
Modified,normal_city,4,smooth_samples,12,drive_time_curved,46.1797
Modified,normal_city,5,smooth_samples,12,drive_time_curved,42.9491
Modified,normal_city,6,smooth_samples,12,drive_time_curved,31.3772
Modified,normal_city,7,smooth_samples,12,drive_time_curved,46.0413
Modified,normal_city,8,smooth_samples,12,drive_time_curved,54.2454
Modified,normal_city,9,smooth_samples,12,drive_time_curved,30.6961
Modified,normal_city,10,smooth_samples,12,drive_time_curved,40.028
Modified,normal_city,11,smooth_samples,12,drive_time_curved,46.0894
Modified,normal_city,12,smooth_samples,12,drive_time_curved,39.5523
Modified,normal_city,13,smooth_samples,12,drive_time_curved,47.2749
Modified,normal_city,14,smooth_samples,12,drive_time_curved,44.2045
Modified,normal_city,15,smooth_samples,12,drive_time_curved,46.4507
Modified,normal_city,16,smooth_samples,12,drive_time_curved,44.4658
Modified,normal_city,17,smooth_samples,12,drive_time_curved,33.0324
Modified,normal_city,18,smooth_samples,12,drive_time_curved,44.4068
Modified,normal_city,19,smooth_samples,12,drive_time_curved,42.0815
Modified,normal_city,20,smooth_samples,12,drive_time_curved,43.281
Modified,normal_city,21,smooth_samples,12,drive_time_curved,43.3413
Modified,normal_city,22,smooth_samples,12,drive_time_curved,45.7577
Modified,normal_city,23,smooth_samples,12,drive_time_curved,30.9188
Modified,normal_city,24,smooth_samples,12,drive_time_curved,43.2783
Modified,normal_city,25,smooth_samples,12,drive_time_curved,46.2615
Modified,normal_city,26,smooth_samples,12,drive_time_curved,41.2529
Modified,normal_city,27,smooth_samples,12,drive_time_curved,50.7016
Modified,normal_city,28,smooth_samples,12,drive_time_curved,45.8497
Modified,normal_city,29,smooth_samples,12,drive_time_curved,45.9049
Modified,blocked_road,0,smooth_samples,12,drive_time_curved,48.9754
Modified,blocked_road,1,smooth_samples,12,drive_time_curved,52.9733
Modified,blocked_road,2,smooth_samples,12,drive_time_curved,40.3406
Modified,blocked_road,3,smooth_samples,12,drive_time_curved,31.3642
Modified,blocked_road,4,smooth_samples,12,drive_time_curved,64.6761
Modified,blocked_road,5,smooth_samples,12,drive_time_curved,49.8073
Modified,blocked_road,6,smooth_samples,12,drive_time_curved,38.6912
Modified,blocked_road,7,smooth_samples,12,drive_time_curved,48.3749
Modified,blocked_road,8,smooth_samples,12,drive_time_curved,36.9031
Modified,blocked_road,9,smooth_samples,12,drive_time_curved,34.4882
Modified,blocked_road,10,smooth_samples,12,drive_time_curved,32.6466
Modified,blocked_road,11,smooth_samples,12,drive_time_curved,35.0024
Modified,blocked_road,12,smooth_samples,12,drive_time_curved,44.3476
Modified,blocked_road,13,smooth_samples,12,drive_time_curved,46.0359
Modified,blocked_road,14,smooth_samples,12,drive_time_curved,48.3026
Modified,blocked_road,15,smooth_samples,12,drive_time_curved,50.5168
Modified,blocked_road,16,smooth_samples,12,drive_time_curved,48.2398
Modified,blocked_road,17,smooth_samples,12,drive_time_curved,29.7993
Modified,blocked_road,18,smooth_samples,12,drive_time_curved,43.5634
Modified,blocked_road,19,smooth_samples,12,drive_time_curved,45.1956
Modified,blocked_road,20,smooth_samples,12,drive_time_curved,47.1606
Modified,blocked_road,21,smooth_samples,12,drive_time_curved,30.5878
Modified,blocked_road,22,smooth_samples,12,drive_time_curved,28.1526
Modified,blocked_road,23,smooth_samples,12,drive_time_curved,28.1293
Modified,blocked_road,24,smooth_samples,12,drive_time_curved,31.2529
Modified,blocked_road,25,smooth_samples,12,drive_time_curved,48.189
Modified,blocked_road,26,smooth_samples,12,drive_time_curved,34.2169
Modified,blocked_road,27,smooth_samples,12,drive_time_curved,34.5425
Modified,blocked_road,28,smooth_samples,12,drive_time_curved,33.4372
Modified,blocked_road,29,smooth_samples,12,drive_time_curved,32.4993
Modified,dense_city,0,smooth_samples,12,drive_time_curved,39.9319
Modified,dense_city,1,smooth_samples,12,drive_time_curved,27.3386
Modified,dense_city,2,smooth_samples,12,drive_time_curved,42.643
Modified,dense_city,3,smooth_samples,12,drive_time_curved,34.6473
Modified,dense_city,4,smooth_samples,12,drive_time_curved,29.2296
Modified,dense_city,5,smooth_samples,12,drive_time_curved,49.9238
Modified,dense_city,6,smooth_samples,12,drive_time_curved,41.9087
Modified,dense_city,7,smooth_samples,12,drive_time_curved,62.5121
Modified,dense_city,8,smooth_samples,12,drive_time_curved,29.8698
Modified,dense_city,9,smooth_samples,12,drive_time_curved,
Modified,dense_city,10,smooth_samples,12,drive_time_curved,32.0204
Modified,dense_city,11,smooth_samples,12,drive_time_curved,29.2999
Modified,dense_city,12,smooth_samples,12,drive_time_curved,42.8139
Modified,dense_city,13,smooth_samples,12,drive_time_curved,29.3896
Modified,dense_city,14,smooth_samples,12,drive_time_curved,41.9829
Modified,dense_city,15,smooth_samples,12,drive_time_curved,58.711
Modified,dense_city,16,smooth_samples,12,drive_time_curved,33.5359
Modified,dense_city,17,smooth_samples,12,drive_time_curved,34.2908
Modified,dense_city,18,smooth_samples,12,drive_time_curved,37.9691
Modified,dense_city,19,smooth_samples,12,drive_time_curved,30.9652
Modified,dense_city,20,smooth_samples,12,drive_time_curved,34.8641
Modified,dense_city,21,smooth_samples,12,drive_time_curved,31.4066
Modified,dense_city,22,smooth_samples,12,drive_time_curved,29.991
Modified,dense_city,23,smooth_samples,12,drive_time_curved,32.63
Modified,dense_city,24,smooth_samples,12,drive_time_curved,31.3119
Modified,dense_city,25,smooth_samples,12,drive_time_curved,33.9685
Modified,dense_city,26,smooth_samples,12,drive_time_curved,31.4457
Modified,dense_city,27,smooth_samples,12,drive_time_curved,29.0234
Modified,dense_city,28,smooth_samples,12,drive_time_curved,27.6043
Modified,dense_city,29,smooth_samples,12,drive_time_curved,31.8845
Modified,normal_city,0,smooth_samples,24,drive_time_curved,44.4162
Modified,normal_city,1,smooth_samples,24,drive_time_curved,48.7576
Modified,normal_city,2,smooth_samples,24,drive_time_curved,43.8255
Modified,normal_city,3,smooth_samples,24,drive_time_curved,45.0641
Modified,normal_city,4,smooth_samples,24,drive_time_curved,46.4283
Modified,normal_city,5,smooth_samples,24,drive_time_curved,44.8947
Modified,normal_city,6,smooth_samples,24,drive_time_curved,31.3788
Modified,normal_city,7,smooth_samples,24,drive_time_curved,45.9952
Modified,normal_city,8,smooth_samples,24,drive_time_curved,53.8603
Modified,normal_city,9,smooth_samples,24,drive_time_curved,30.6104
Modified,normal_city,10,smooth_samples,24,drive_time_curved,40.1171
Modified,normal_city,11,smooth_samples,24,drive_time_curved,45.4371
Modified,normal_city,12,smooth_samples,24,drive_time_curved,39.1253
Modified,normal_city,13,smooth_samples,24,drive_time_curved,46.7936
Modified,normal_city,14,smooth_samples,24,drive_time_curved,44.362
Modified,normal_city,15,smooth_samples,24,drive_time_curved,46.4166
Modified,normal_city,16,smooth_samples,24,drive_time_curved,43.4309
Modified,normal_city,17,smooth_samples,24,drive_time_curved,33.0324
Modified,normal_city,18,smooth_samples,24,drive_time_curved,43.6882
Modified,normal_city,19,smooth_samples,24,drive_time_curved,40.726
Modified,normal_city,20,smooth_samples,24,drive_time_curved,42.8748
Modified,normal_city,21,smooth_samples,24,drive_time_curved,42.8849
Modified,normal_city,22,smooth_samples,24,drive_time_curved,45.187
Modified,normal_city,23,smooth_samples,24,drive_time_curved,30.8963
Modified,normal_city,24,smooth_samples,24,drive_time_curved,43.3253
Modified,normal_city,25,smooth_samples,24,drive_time_curved,46.4241
Modified,normal_city,26,smooth_samples,24,drive_time_curved,41.3927
Modified,normal_city,27,smooth_samples,24,drive_time_curved,50.654
Modified,normal_city,28,smooth_samples,24,drive_time_curved,45.6656
Modified,normal_city,29,smooth_samples,24,drive_time_curved,46.0635
Modified,blocked_road,0,smooth_samples,24,drive_time_curved,47.1343
Modified,blocked_road,1,smooth_samples,24,drive_time_curved,53.5428
Modified,blocked_road,2,smooth_samples,24,drive_time_curved,40.3069
Modified,blocked_road,3,smooth_samples,24,drive_time_curved,31.4245
Modified,blocked_road,4,smooth_samples,24,drive_time_curved,65.4904
Modified,blocked_road,5,smooth_samples,24,drive_time_curved,49.7792
Modified,blocked_road,6,smooth_samples,24,drive_time_curved,38.6329
Modified,blocked_road,7,smooth_samples,24,drive_time_curved,50.5832
Modified,blocked_road,8,smooth_samples,24,drive_time_curved,37.1252
Modified,blocked_road,9,smooth_samples,24,drive_time_curved,34.4632
Modified,blocked_road,10,smooth_samples,24,drive_time_curved,32.5763
Modified,blocked_road,11,smooth_samples,24,drive_time_curved,34.9404
Modified,blocked_road,12,smooth_samples,24,drive_time_curved,44.1166
Modified,blocked_road,13,smooth_samples,24,drive_time_curved,47.0128
Modified,blocked_road,14,smooth_samples,24,drive_time_curved,48.1855
Modified,blocked_road,15,smooth_samples,24,drive_time_curved,49.8632
Modified,blocked_road,16,smooth_samples,24,drive_time_curved,48.8124
Modified,blocked_road,17,smooth_samples,24,drive_time_curved,29.4706
Modified,blocked_road,18,smooth_samples,24,drive_time_curved,47.1788
Modified,blocked_road,19,smooth_samples,24,drive_time_curved,44.5926
Modified,blocked_road,20,smooth_samples,24,drive_time_curved,47.5821
Modified,blocked_road,21,smooth_samples,24,drive_time_curved,30.7265
Modified,blocked_road,22,smooth_samples,24,drive_time_curved,27.8351
Modified,blocked_road,23,smooth_samples,24,drive_time_curved,28.102
Modified,blocked_road,24,smooth_samples,24,drive_time_curved,31.1738
Modified,blocked_road,25,smooth_samples,24,drive_time_curved,46.5026
Modified,blocked_road,26,smooth_samples,24,drive_time_curved,34.3964
Modified,blocked_road,27,smooth_samples,24,drive_time_curved,34.3933
Modified,blocked_road,28,smooth_samples,24,drive_time_curved,33.4239
Modified,blocked_road,29,smooth_samples,24,drive_time_curved,32.4348
Modified,dense_city,0,smooth_samples,24,drive_time_curved,40.0089
Modified,dense_city,1,smooth_samples,24,drive_time_curved,27.3367
Modified,dense_city,2,smooth_samples,24,drive_time_curved,42.6402
Modified,dense_city,3,smooth_samples,24,drive_time_curved,34.6466
Modified,dense_city,4,smooth_samples,24,drive_time_curved,29.229
Modified,dense_city,5,smooth_samples,24,drive_time_curved,50.3145
Modified,dense_city,6,smooth_samples,24,drive_time_curved,41.9649
Modified,dense_city,7,smooth_samples,24,drive_time_curved,62.7054
Modified,dense_city,8,smooth_samples,24,drive_time_curved,29.8653
Modified,dense_city,9,smooth_samples,24,drive_time_curved,
Modified,dense_city,10,smooth_samples,24,drive_time_curved,32.019
Modified,dense_city,11,smooth_samples,24,drive_time_curved,29.2969
Modified,dense_city,12,smooth_samples,24,drive_time_curved,42.9375
Modified,dense_city,13,smooth_samples,24,drive_time_curved,29.3896
Modified,dense_city,14,smooth_samples,24,drive_time_curved,41.9803
Modified,dense_city,15,smooth_samples,24,drive_time_curved,58.7782
Modified,dense_city,16,smooth_samples,24,drive_time_curved,33.5361
Modified,dense_city,17,smooth_samples,24,drive_time_curved,34.2895
Modified,dense_city,18,smooth_samples,24,drive_time_curved,37.968
Modified,dense_city,19,smooth_samples,24,drive_time_curved,30.9656
Modified,dense_city,20,smooth_samples,24,drive_time_curved,34.8572
Modified,dense_city,21,smooth_samples,24,drive_time_curved,31.4041
Modified,dense_city,22,smooth_samples,24,drive_time_curved,29.986
Modified,dense_city,23,smooth_samples,24,drive_time_curved,32.63
Modified,dense_city,24,smooth_samples,24,drive_time_curved,31.3096
Modified,dense_city,25,smooth_samples,24,drive_time_curved,33.966
Modified,dense_city,26,smooth_samples,24,drive_time_curved,31.4431
Modified,dense_city,27,smooth_samples,24,drive_time_curved,29.1368
Modified,dense_city,28,smooth_samples,24,drive_time_curved,27.6003
Modified,dense_city,29,smooth_samples,24,drive_time_curved,31.8797
Modified,normal_city,0,smooth_samples,48,drive_time_curved,44.8517
Modified,normal_city,1,smooth_samples,48,drive_time_curved,48.8748
Modified,normal_city,2,smooth_samples,48,drive_time_curved,44.0015
Modified,normal_city,3,smooth_samples,48,drive_time_curved,45.121
Modified,normal_city,4,smooth_samples,48,drive_time_curved,46.4841
Modified,normal_city,5,smooth_samples,48,drive_time_curved,44.8265
Modified,normal_city,6,smooth_samples,48,drive_time_curved,31.3789
Modified,normal_city,7,smooth_samples,48,drive_time_curved,45.8667
Modified,normal_city,8,smooth_samples,48,drive_time_curved,54.1419
Modified,normal_city,9,smooth_samples,48,drive_time_curved,30.6184
Modified,normal_city,10,smooth_samples,48,drive_time_curved,40.0735
Modified,normal_city,11,smooth_samples,48,drive_time_curved,46.5429
Modified,normal_city,12,smooth_samples,48,drive_time_curved,39.1045
Modified,normal_city,13,smooth_samples,48,drive_time_curved,46.6759
Modified,normal_city,14,smooth_samples,48,drive_time_curved,44.3673
Modified,normal_city,15,smooth_samples,48,drive_time_curved,46.4606
Modified,normal_city,16,smooth_samples,48,drive_time_curved,43.5801
Modified,normal_city,17,smooth_samples,48,drive_time_curved,33.0324
Modified,normal_city,18,smooth_samples,48,drive_time_curved,43.4908
Modified,normal_city,19,smooth_samples,48,drive_time_curved,40.7907
Modified,normal_city,20,smooth_samples,48,drive_time_curved,44.0247
Modified,normal_city,21,smooth_samples,48,drive_time_curved,44.7212
Modified,normal_city,22,smooth_samples,48,drive_time_curved,45.2795
Modified,normal_city,23,smooth_samples,48,drive_time_curved,30.8951
Modified,normal_city,24,smooth_samples,48,drive_time_curved,43.4939
Modified,normal_city,25,smooth_samples,48,drive_time_curved,46.4943
Modified,normal_city,26,smooth_samples,48,drive_time_curved,41.4241
Modified,normal_city,27,smooth_samples,48,drive_time_curved,50.7764
Modified,normal_city,28,smooth_samples,48,drive_time_curved,45.6339
Modified,normal_city,29,smooth_samples,48,drive_time_curved,46.131
Modified,blocked_road,0,smooth_samples,48,drive_time_curved,47.1766
Modified,blocked_road,1,smooth_samples,48,drive_time_curved,53.5982
Modified,blocked_road,2,smooth_samples,48,drive_time_curved,40.2975
Modified,blocked_road,3,smooth_samples,48,drive_time_curved,31.4426
Modified,blocked_road,4,smooth_samples,48,drive_time_curved,65.6142
Modified,blocked_road,5,smooth_samples,48,drive_time_curved,49.7207
Modified,blocked_road,6,smooth_samples,48,drive_time_curved,38.5833
Modified,blocked_road,7,smooth_samples,48,drive_time_curved,50.5755
Modified,blocked_road,8,smooth_samples,48,drive_time_curved,36.9366
Modified,blocked_road,9,smooth_samples,48,drive_time_curved,34.511
Modified,blocked_road,10,smooth_samples,48,drive_time_curved,32.6036
Modified,blocked_road,11,smooth_samples,48,drive_time_curved,35.0436
Modified,blocked_road,12,smooth_samples,48,drive_time_curved,44.1145
Modified,blocked_road,13,smooth_samples,48,drive_time_curved,39.0745
Modified,blocked_road,14,smooth_samples,48,drive_time_curved,48.2543
Modified,blocked_road,15,smooth_samples,48,drive_time_curved,49.6716
Modified,blocked_road,16,smooth_samples,48,drive_time_curved,48.9161
Modified,blocked_road,17,smooth_samples,48,drive_time_curved,29.8902
Modified,blocked_road,18,smooth_samples,48,drive_time_curved,47.0769
Modified,blocked_road,19,smooth_samples,48,drive_time_curved,44.4255
Modified,blocked_road,20,smooth_samples,48,drive_time_curved,47.722
Modified,blocked_road,21,smooth_samples,48,drive_time_curved,30.7326
Modified,blocked_road,22,smooth_samples,48,drive_time_curved,27.7771
Modified,blocked_road,23,smooth_samples,48,drive_time_curved,28.0998
Modified,blocked_road,24,smooth_samples,48,drive_time_curved,31.1805
Modified,blocked_road,25,smooth_samples,48,drive_time_curved,50.2583
Modified,blocked_road,26,smooth_samples,48,drive_time_curved,34.448
Modified,blocked_road,27,smooth_samples,48,drive_time_curved,34.3518
Modified,blocked_road,28,smooth_samples,48,drive_time_curved,33.4205
Modified,blocked_road,29,smooth_samples,48,drive_time_curved,32.4298
Modified,dense_city,0,smooth_samples,48,drive_time_curved,40.0641
Modified,dense_city,1,smooth_samples,48,drive_time_curved,27.3355
Modified,dense_city,2,smooth_samples,48,drive_time_curved,42.6388
Modified,dense_city,3,smooth_samples,48,drive_time_curved,34.6455
Modified,dense_city,4,smooth_samples,48,drive_time_curved,29.2279
Modified,dense_city,5,smooth_samples,48,drive_time_curved,51.7131
Modified,dense_city,6,smooth_samples,48,drive_time_curved,42.0046
Modified,dense_city,7,smooth_samples,48,drive_time_curved,62.7824
Modified,dense_city,8,smooth_samples,48,drive_time_curved,29.8636
Modified,dense_city,9,smooth_samples,48,drive_time_curved,
Modified,dense_city,10,smooth_samples,48,drive_time_curved,32.0181
Modified,dense_city,11,smooth_samples,48,drive_time_curved,29.2953
Modified,dense_city,12,smooth_samples,48,drive_time_curved,42.9643
Modified,dense_city,13,smooth_samples,48,drive_time_curved,29.3896
Modified,dense_city,14,smooth_samples,48,drive_time_curved,41.9787
Modified,dense_city,15,smooth_samples,48,drive_time_curved,58.7891
Modified,dense_city,16,smooth_samples,48,drive_time_curved,33.535
Modified,dense_city,17,smooth_samples,48,drive_time_curved,34.2881
Modified,dense_city,18,smooth_samples,48,drive_time_curved,37.9666
Modified,dense_city,19,smooth_samples,48,drive_time_curved,30.9648
Modified,dense_city,20,smooth_samples,48,drive_time_curved,34.855
Modified,dense_city,21,smooth_samples,48,drive_time_curved,31.4028
Modified,dense_city,22,smooth_samples,48,drive_time_curved,29.9844
Modified,dense_city,23,smooth_samples,48,drive_time_curved,32.63
Modified,dense_city,24,smooth_samples,48,drive_time_curved,31.3079
Modified,dense_city,25,smooth_samples,48,drive_time_curved,33.9649
Modified,dense_city,26,smooth_samples,48,drive_time_curved,31.442
Modified,dense_city,27,smooth_samples,48,drive_time_curved,29.1739
Modified,dense_city,28,smooth_samples,48,drive_time_curved,27.5989
Modified,dense_city,29,smooth_samples,48,drive_time_curved,31.8778
Modified,normal_city,0,smooth_samples,12,comp_time,0.15875
Modified,normal_city,1,smooth_samples,12,comp_time,0.11797
Modified,normal_city,2,smooth_samples,12,comp_time,0.12709
Modified,normal_city,3,smooth_samples,12,comp_time,0.21525
Modified,normal_city,4,smooth_samples,12,comp_time,0.11323
Modified,normal_city,5,smooth_samples,12,comp_time,0.11963
Modified,normal_city,6,smooth_samples,12,comp_time,0.41466
Modified,normal_city,7,smooth_samples,12,comp_time,0.13838
Modified,normal_city,8,smooth_samples,12,comp_time,0.31461
Modified,normal_city,9,smooth_samples,12,comp_time,1.62988
Modified,normal_city,10,smooth_samples,12,comp_time,0.10212
Modified,normal_city,11,smooth_samples,12,comp_time,0.34309
Modified,normal_city,12,smooth_samples,12,comp_time,0.44752
Modified,normal_city,13,smooth_samples,12,comp_time,0.11195
Modified,normal_city,14,smooth_samples,12,comp_time,0.11456
Modified,normal_city,15,smooth_samples,12,comp_time,0.14053
Modified,normal_city,16,smooth_samples,12,comp_time,0.11429
Modified,normal_city,17,smooth_samples,12,comp_time,0.24861
Modified,normal_city,18,smooth_samples,12,comp_time,0.11384
Modified,normal_city,19,smooth_samples,12,comp_time,0.19146
Modified,normal_city,20,smooth_samples,12,comp_time,0.10498
Modified,normal_city,21,smooth_samples,12,comp_time,0.11607
Modified,normal_city,22,smooth_samples,12,comp_time,0.15279
Modified,normal_city,23,smooth_samples,12,comp_time,0.25703
Modified,normal_city,24,smooth_samples,12,comp_time,0.12392
Modified,normal_city,25,smooth_samples,12,comp_time,0.11082
Modified,normal_city,26,smooth_samples,12,comp_time,0.12855
Modified,normal_city,27,smooth_samples,12,comp_time,0.14741
Modified,normal_city,28,smooth_samples,12,comp_time,0.11408
Modified,normal_city,29,smooth_samples,12,comp_time,0.11366
Modified,blocked_road,0,smooth_samples,12,comp_time,0.65285
Modified,blocked_road,1,smooth_samples,12,comp_time,2.20787
Modified,blocked_road,2,smooth_samples,12,comp_time,0.39686
Modified,blocked_road,3,smooth_samples,12,comp_time,0.19889
Modified,blocked_road,4,smooth_samples,12,comp_time,2.75606
Modified,blocked_road,5,smooth_samples,12,comp_time,0.70254
Modified,blocked_road,6,smooth_samples,12,comp_time,5.69001
Modified,blocked_road,7,smooth_samples,12,comp_time,0.11644
Modified,blocked_road,8,smooth_samples,12,comp_time,0.27526
Modified,blocked_road,9,smooth_samples,12,comp_time,0.60724
Modified,blocked_road,10,smooth_samples,12,comp_time,0.74355
Modified,blocked_road,11,smooth_samples,12,comp_time,1.82194
Modified,blocked_road,12,smooth_samples,12,comp_time,1.00246
Modified,blocked_road,13,smooth_samples,12,comp_time,0.1348
Modified,blocked_road,14,smooth_samples,12,comp_time,0.2659
Modified,blocked_road,15,smooth_samples,12,comp_time,0.49017
Modified,blocked_road,16,smooth_samples,12,comp_time,0.22985
Modified,blocked_road,17,smooth_samples,12,comp_time,0.24446
Modified,blocked_road,18,smooth_samples,12,comp_time,0.1807
Modified,blocked_road,19,smooth_samples,12,comp_time,0.40559
Modified,blocked_road,20,smooth_samples,12,comp_time,1.20553
Modified,blocked_road,21,smooth_samples,12,comp_time,0.29737
Modified,blocked_road,22,smooth_samples,12,comp_time,0.16216
Modified,blocked_road,23,smooth_samples,12,comp_time,3.87467
Modified,blocked_road,24,smooth_samples,12,comp_time,0.17164
Modified,blocked_road,25,smooth_samples,12,comp_time,0.11676
Modified,blocked_road,26,smooth_samples,12,comp_time,0.3481
Modified,blocked_road,27,smooth_samples,12,comp_time,2.3666
Modified,blocked_road,28,smooth_samples,12,comp_time,1.43207
Modified,blocked_road,29,smooth_samples,12,comp_time,0.49707
Modified,dense_city,0,smooth_samples,12,comp_time,1.32753
Modified,dense_city,1,smooth_samples,12,comp_time,0.34923
Modified,dense_city,2,smooth_samples,12,comp_time,1.1762
Modified,dense_city,3,smooth_samples,12,comp_time,0.86446
Modified,dense_city,4,smooth_samples,12,comp_time,0.41147
Modified,dense_city,5,smooth_samples,12,comp_time,4.99329
Modified,dense_city,6,smooth_samples,12,comp_time,2.78988
Modified,dense_city,7,smooth_samples,12,comp_time,19.00346
Modified,dense_city,8,smooth_samples,12,comp_time,0.28602
Modified,dense_city,9,smooth_samples,12,comp_time,1.54231
Modified,dense_city,10,smooth_samples,12,comp_time,1.38053
Modified,dense_city,11,smooth_samples,12,comp_time,1.59486
Modified,dense_city,12,smooth_samples,12,comp_time,2.13983
Modified,dense_city,13,smooth_samples,12,comp_time,0.98532
Modified,dense_city,14,smooth_samples,12,comp_time,1.92719
Modified,dense_city,15,smooth_samples,12,comp_time,2.6537
Modified,dense_city,16,smooth_samples,12,comp_time,2.3714
Modified,dense_city,17,smooth_samples,12,comp_time,0.60925
Modified,dense_city,18,smooth_samples,12,comp_time,0.40383
Modified,dense_city,19,smooth_samples,12,comp_time,1.83298
Modified,dense_city,20,smooth_samples,12,comp_time,2.35996
Modified,dense_city,21,smooth_samples,12,comp_time,1.10549
Modified,dense_city,22,smooth_samples,12,comp_time,7.5673
Modified,dense_city,23,smooth_samples,12,comp_time,1.79039
Modified,dense_city,24,smooth_samples,12,comp_time,0.36194
Modified,dense_city,25,smooth_samples,12,comp_time,1.29308
Modified,dense_city,26,smooth_samples,12,comp_time,0.38826
Modified,dense_city,27,smooth_samples,12,comp_time,1.95235
Modified,dense_city,28,smooth_samples,12,comp_time,0.94198
Modified,dense_city,29,smooth_samples,12,comp_time,1.00724
Modified,normal_city,0,smooth_samples,24,comp_time,0.18545
Modified,normal_city,1,smooth_samples,24,comp_time,0.15776
Modified,normal_city,2,smooth_samples,24,comp_time,0.1741
Modified,normal_city,3,smooth_samples,24,comp_time,0.26866
Modified,normal_city,4,smooth_samples,24,comp_time,0.16988
Modified,normal_city,5,smooth_samples,24,comp_time,0.1807
Modified,normal_city,6,smooth_samples,24,comp_time,0.44733
Modified,normal_city,7,smooth_samples,24,comp_time,0.21881
Modified,normal_city,8,smooth_samples,24,comp_time,0.40117
Modified,normal_city,9,smooth_samples,24,comp_time,1.66433
Modified,normal_city,10,smooth_samples,24,comp_time,0.14173
Modified,normal_city,11,smooth_samples,24,comp_time,0.39001
Modified,normal_city,12,smooth_samples,24,comp_time,0.5047
Modified,normal_city,13,smooth_samples,24,comp_time,0.16464
Modified,normal_city,14,smooth_samples,24,comp_time,0.17891
Modified,normal_city,15,smooth_samples,24,comp_time,0.17726
Modified,normal_city,16,smooth_samples,24,comp_time,0.17328
Modified,normal_city,17,smooth_samples,24,comp_time,0.28887
Modified,normal_city,18,smooth_samples,24,comp_time,0.16813
Modified,normal_city,19,smooth_samples,24,comp_time,0.23698
Modified,normal_city,20,smooth_samples,24,comp_time,0.15298
Modified,normal_city,21,smooth_samples,24,comp_time,0.15751
Modified,normal_city,22,smooth_samples,24,comp_time,0.23804
Modified,normal_city,23,smooth_samples,24,comp_time,0.27262
Modified,normal_city,24,smooth_samples,24,comp_time,0.19281
Modified,normal_city,25,smooth_samples,24,comp_time,0.1706
Modified,normal_city,26,smooth_samples,24,comp_time,0.18017
Modified,normal_city,27,smooth_samples,24,comp_time,0.2439
Modified,normal_city,28,smooth_samples,24,comp_time,0.17737
Modified,normal_city,29,smooth_samples,24,comp_time,0.19254
Modified,blocked_road,0,smooth_samples,24,comp_time,0.69205
Modified,blocked_road,1,smooth_samples,24,comp_time,2.25019
Modified,blocked_road,2,smooth_samples,24,comp_time,0.41686
Modified,blocked_road,3,smooth_samples,24,comp_time,0.21922
Modified,blocked_road,4,smooth_samples,24,comp_time,2.93779
Modified,blocked_road,5,smooth_samples,24,comp_time,0.70709
Modified,blocked_road,6,smooth_samples,24,comp_time,5.66785
Modified,blocked_road,7,smooth_samples,24,comp_time,0.15722
Modified,blocked_road,8,smooth_samples,24,comp_time,0.29865
Modified,blocked_road,9,smooth_samples,24,comp_time,0.68301
Modified,blocked_road,10,smooth_samples,24,comp_time,0.75302
Modified,blocked_road,11,smooth_samples,24,comp_time,1.80827
Modified,blocked_road,12,smooth_samples,24,comp_time,1.03292
Modified,blocked_road,13,smooth_samples,24,comp_time,0.18774
Modified,blocked_road,14,smooth_samples,24,comp_time,0.30935
Modified,blocked_road,15,smooth_samples,24,comp_time,0.57417
Modified,blocked_road,16,smooth_samples,24,comp_time,0.26747
Modified,blocked_road,17,smooth_samples,24,comp_time,0.26643
Modified,blocked_road,18,smooth_samples,24,comp_time,0.18426
Modified,blocked_road,19,smooth_samples,24,comp_time,0.44362
Modified,blocked_road,20,smooth_samples,24,comp_time,1.26862
Modified,blocked_road,21,smooth_samples,24,comp_time,0.29713
Modified,blocked_road,22,smooth_samples,24,comp_time,0.17676
Modified,blocked_road,23,smooth_samples,24,comp_time,3.92071
Modified,blocked_road,24,smooth_samples,24,comp_time,0.20383
Modified,blocked_road,25,smooth_samples,24,comp_time,0.1638
Modified,blocked_road,26,smooth_samples,24,comp_time,0.38078
Modified,blocked_road,27,smooth_samples,24,comp_time,2.46244
Modified,blocked_road,28,smooth_samples,24,comp_time,1.43923
Modified,blocked_road,29,smooth_samples,24,comp_time,0.51062
Modified,dense_city,0,smooth_samples,24,comp_time,1.38712
Modified,dense_city,1,smooth_samples,24,comp_time,0.36422
Modified,dense_city,2,smooth_samples,24,comp_time,1.17535
Modified,dense_city,3,smooth_samples,24,comp_time,0.95147
Modified,dense_city,4,smooth_samples,24,comp_time,0.4357
Modified,dense_city,5,smooth_samples,24,comp_time,4.94744
Modified,dense_city,6,smooth_samples,24,comp_time,2.84272
Modified,dense_city,7,smooth_samples,24,comp_time,19.11897
Modified,dense_city,8,smooth_samples,24,comp_time,0.2853
Modified,dense_city,9,smooth_samples,24,comp_time,1.46119
Modified,dense_city,10,smooth_samples,24,comp_time,1.41081
Modified,dense_city,11,smooth_samples,24,comp_time,1.62637
Modified,dense_city,12,smooth_samples,24,comp_time,2.14954
Modified,dense_city,13,smooth_samples,24,comp_time,0.99089
Modified,dense_city,14,smooth_samples,24,comp_time,1.9858
Modified,dense_city,15,smooth_samples,24,comp_time,2.61751
Modified,dense_city,16,smooth_samples,24,comp_time,2.2699
Modified,dense_city,17,smooth_samples,24,comp_time,0.62531
Modified,dense_city,18,smooth_samples,24,comp_time,0.43546
Modified,dense_city,19,smooth_samples,24,comp_time,1.91522
Modified,dense_city,20,smooth_samples,24,comp_time,2.36924
Modified,dense_city,21,smooth_samples,24,comp_time,1.06641
Modified,dense_city,22,smooth_samples,24,comp_time,7.63462
Modified,dense_city,23,smooth_samples,24,comp_time,1.81342
Modified,dense_city,24,smooth_samples,24,comp_time,0.3803
Modified,dense_city,25,smooth_samples,24,comp_time,1.33027
Modified,dense_city,26,smooth_samples,24,comp_time,0.39717
Modified,dense_city,27,smooth_samples,24,comp_time,1.94122
Modified,dense_city,28,smooth_samples,24,comp_time,0.98097
Modified,dense_city,29,smooth_samples,24,comp_time,1.00838
Modified,normal_city,0,smooth_samples,48,comp_time,0.39258
Modified,normal_city,1,smooth_samples,48,comp_time,0.26866
Modified,normal_city,2,smooth_samples,48,comp_time,0.29451
Modified,normal_city,3,smooth_samples,48,comp_time,0.38983
Modified,normal_city,4,smooth_samples,48,comp_time,0.26318
Modified,normal_city,5,smooth_samples,48,comp_time,0.30901
Modified,normal_city,6,smooth_samples,48,comp_time,0.47406
Modified,normal_city,7,smooth_samples,48,comp_time,0.33535
Modified,normal_city,8,smooth_samples,48,comp_time,0.54033
Modified,normal_city,9,smooth_samples,48,comp_time,1.71785
Modified,normal_city,10,smooth_samples,48,comp_time,0.22686
Modified,normal_city,11,smooth_samples,48,comp_time,0.51714
Modified,normal_city,12,smooth_samples,48,comp_time,0.58997
Modified,normal_city,13,smooth_samples,48,comp_time,0.28626
Modified,normal_city,14,smooth_samples,48,comp_time,0.29664
Modified,normal_city,15,smooth_samples,48,comp_time,0.29007
Modified,normal_city,16,smooth_samples,48,comp_time,0.28248
Modified,normal_city,17,smooth_samples,48,comp_time,0.31701
Modified,normal_city,18,smooth_samples,48,comp_time,0.2537
Modified,normal_city,19,smooth_samples,48,comp_time,0.37876
Modified,normal_city,20,smooth_samples,48,comp_time,0.29277
Modified,normal_city,21,smooth_samples,48,comp_time,0.31281
Modified,normal_city,22,smooth_samples,48,comp_time,0.44491
Modified,normal_city,23,smooth_samples,48,comp_time,0.34592
Modified,normal_city,24,smooth_samples,48,comp_time,0.35392
Modified,normal_city,25,smooth_samples,48,comp_time,0.31379
Modified,normal_city,26,smooth_samples,48,comp_time,0.34682
Modified,normal_city,27,smooth_samples,48,comp_time,0.38088
Modified,normal_city,28,smooth_samples,48,comp_time,0.2801
Modified,normal_city,29,smooth_samples,48,comp_time,0.30144
Modified,blocked_road,0,smooth_samples,48,comp_time,0.83173
Modified,blocked_road,1,smooth_samples,48,comp_time,2.36311
Modified,blocked_road,2,smooth_samples,48,comp_time,0.46771
Modified,blocked_road,3,smooth_samples,48,comp_time,0.25867
Modified,blocked_road,4,smooth_samples,48,comp_time,2.94153
Modified,blocked_road,5,smooth_samples,48,comp_time,0.80289
Modified,blocked_road,6,smooth_samples,48,comp_time,5.61794
Modified,blocked_road,7,smooth_samples,48,comp_time,0.24073
Modified,blocked_road,8,smooth_samples,48,comp_time,0.34561
Modified,blocked_road,9,smooth_samples,48,comp_time,0.70227
Modified,blocked_road,10,smooth_samples,48,comp_time,0.80632
Modified,blocked_road,11,smooth_samples,48,comp_time,1.88327
Modified,blocked_road,12,smooth_samples,48,comp_time,1.12035
Modified,blocked_road,13,smooth_samples,48,comp_time,0.29154
Modified,blocked_road,14,smooth_samples,48,comp_time,0.37817
Modified,blocked_road,15,smooth_samples,48,comp_time,0.64084
Modified,blocked_road,16,smooth_samples,48,comp_time,0.36411
Modified,blocked_road,17,smooth_samples,48,comp_time,0.3154
Modified,blocked_road,18,smooth_samples,48,comp_time,0.27637
Modified,blocked_road,19,smooth_samples,48,comp_time,0.53565
Modified,blocked_road,20,smooth_samples,48,comp_time,1.33537
Modified,blocked_road,21,smooth_samples,48,comp_time,0.33912
Modified,blocked_road,22,smooth_samples,48,comp_time,0.21248
Modified,blocked_road,23,smooth_samples,48,comp_time,4.0316
Modified,blocked_road,24,smooth_samples,48,comp_time,0.23334
Modified,blocked_road,25,smooth_samples,48,comp_time,0.26626
Modified,blocked_road,26,smooth_samples,48,comp_time,0.44101
Modified,blocked_road,27,smooth_samples,48,comp_time,2.52146
Modified,blocked_road,28,smooth_samples,48,comp_time,1.58742
Modified,blocked_road,29,smooth_samples,48,comp_time,0.5836
Modified,dense_city,0,smooth_samples,48,comp_time,1.41429
Modified,dense_city,1,smooth_samples,48,comp_time,0.37041
Modified,dense_city,2,smooth_samples,48,comp_time,1.21425
Modified,dense_city,3,smooth_samples,48,comp_time,0.93099
Modified,dense_city,4,smooth_samples,48,comp_time,0.47098
Modified,dense_city,5,smooth_samples,48,comp_time,4.99091
Modified,dense_city,6,smooth_samples,48,comp_time,2.82464
Modified,dense_city,7,smooth_samples,48,comp_time,19.21831
Modified,dense_city,8,smooth_samples,48,comp_time,0.33549
Modified,dense_city,9,smooth_samples,48,comp_time,1.52809
Modified,dense_city,10,smooth_samples,48,comp_time,1.41843
Modified,dense_city,11,smooth_samples,48,comp_time,1.70106
Modified,dense_city,12,smooth_samples,48,comp_time,2.28109
Modified,dense_city,13,smooth_samples,48,comp_time,1.03845
Modified,dense_city,14,smooth_samples,48,comp_time,2.08327
Modified,dense_city,15,smooth_samples,48,comp_time,2.73121
Modified,dense_city,16,smooth_samples,48,comp_time,2.37666
Modified,dense_city,17,smooth_samples,48,comp_time,0.66875
Modified,dense_city,18,smooth_samples,48,comp_time,0.47601
Modified,dense_city,19,smooth_samples,48,comp_time,1.85628
Modified,dense_city,20,smooth_samples,48,comp_time,2.36767
Modified,dense_city,21,smooth_samples,48,comp_time,1.13932
Modified,dense_city,22,smooth_samples,48,comp_time,7.76843
Modified,dense_city,23,smooth_samples,48,comp_time,1.84542
Modified,dense_city,24,smooth_samples,48,comp_time,0.416
Modified,dense_city,25,smooth_samples,48,comp_time,1.4224
Modified,dense_city,26,smooth_samples,48,comp_time,0.42638
Modified,dense_city,27,smooth_samples,48,comp_time,2.08372
Modified,dense_city,28,smooth_samples,48,comp_time,1.03111
Modified,dense_city,29,smooth_samples,48,comp_time,1.04161
