planner,scenario,instance,parameter,value,metric,result
Modified,normal_city,0,stuck_window_min,2,success,1.0
Modified,normal_city,1,stuck_window_min,2,success,1.0
Modified,normal_city,2,stuck_window_min,2,success,1.0
Modified,normal_city,3,stuck_window_min,2,success,1.0
Modified,normal_city,4,stuck_window_min,2,success,1.0
Modified,normal_city,5,stuck_window_min,2,success,1.0
Modified,normal_city,6,stuck_window_min,2,success,1.0
Modified,normal_city,7,stuck_window_min,2,success,1.0
Modified,normal_city,8,stuck_window_min,2,success,1.0
Modified,normal_city,9,stuck_window_min,2,success,1.0
Modified,normal_city,10,stuck_window_min,2,success,1.0
Modified,normal_city,11,stuck_window_min,2,success,1.0
Modified,normal_city,12,stuck_window_min,2,success,1.0
Modified,normal_city,13,stuck_window_min,2,success,1.0
Modified,normal_city,14,stuck_window_min,2,success,1.0
Modified,normal_city,15,stuck_window_min,2,success,1.0
Modified,normal_city,16,stuck_window_min,2,success,1.0
Modified,normal_city,17,stuck_window_min,2,success,1.0
Modified,normal_city,18,stuck_window_min,2,success,1.0
Modified,normal_city,19,stuck_window_min,2,success,1.0
Modified,normal_city,20,stuck_window_min,2,success,1.0
Modified,normal_city,21,stuck_window_min,2,success,1.0
Modified,normal_city,22,stuck_window_min,2,success,1.0
Modified,normal_city,23,stuck_window_min,2,success,1.0
Modified,normal_city,24,stuck_window_min,2,success,1.0
Modified,normal_city,25,stuck_window_min,2,success,1.0
Modified,normal_city,26,stuck_window_min,2,success,1.0
Modified,normal_city,27,stuck_window_min,2,success,1.0
Modified,normal_city,28,stuck_window_min,2,success,1.0
Modified,normal_city,29,stuck_window_min,2,success,1.0
Modified,blocked_road,0,stuck_window_min,2,success,1.0
Modified,blocked_road,1,stuck_window_min,2,success,1.0
Modified,blocked_road,2,stuck_window_min,2,success,1.0
Modified,blocked_road,3,stuck_window_min,2,success,1.0
Modified,blocked_road,4,stuck_window_min,2,success,1.0
Modified,blocked_road,5,stuck_window_min,2,success,1.0
Modified,blocked_road,6,stuck_window_min,2,success,1.0
Modified,blocked_road,7,stuck_window_min,2,success,1.0
Modified,blocked_road,8,stuck_window_min,2,success,1.0
Modified,blocked_road,9,stuck_window_min,2,success,1.0
Modified,blocked_road,10,stuck_window_min,2,success,1.0
Modified,blocked_road,11,stuck_window_min,2,success,1.0
Modified,blocked_road,12,stuck_window_min,2,success,1.0
Modified,blocked_road,13,stuck_window_min,2,success,1.0
Modified,blocked_road,14,stuck_window_min,2,success,1.0
Modified,blocked_road,15,stuck_window_min,2,success,1.0
Modified,blocked_road,16,stuck_window_min,2,success,1.0
Modified,blocked_road,17,stuck_window_min,2,success,1.0
Modified,blocked_road,18,stuck_window_min,2,success,1.0
Modified,blocked_road,19,stuck_window_min,2,success,1.0
Modified,blocked_road,20,stuck_window_min,2,success,1.0
Modified,blocked_road,21,stuck_window_min,2,success,1.0
Modified,blocked_road,22,stuck_window_min,2,success,1.0
Modified,blocked_road,23,stuck_window_min,2,success,1.0
Modified,blocked_road,24,stuck_window_min,2,success,1.0
Modified,blocked_road,25,stuck_window_min,2,success,1.0
Modified,blocked_road,26,stuck_window_min,2,success,1.0
Modified,blocked_road,27,stuck_window_min,2,success,1.0
Modified,blocked_road,28,stuck_window_min,2,success,1.0
Modified,blocked_road,29,stuck_window_min,2,success,1.0
Modified,dense_city,0,stuck_window_min,2,success,1.0
Modified,dense_city,1,stuck_window_min,2,success,1.0
Modified,dense_city,2,stuck_window_min,2,success,1.0
Modified,dense_city,3,stuck_window_min,2,success,1.0
Modified,dense_city,4,stuck_window_min,2,success,1.0
Modified,dense_city,5,stuck_window_min,2,success,1.0
Modified,dense_city,6,stuck_window_min,2,success,1.0
Modified,dense_city,7,stuck_window_min,2,success,1.0
Modified,dense_city,8,stuck_window_min,2,success,1.0
Modified,dense_city,9,stuck_window_min,2,success,0.0
Modified,dense_city,10,stuck_window_min,2,success,1.0
Modified,dense_city,11,stuck_window_min,2,success,1.0
Modified,dense_city,12,stuck_window_min,2,success,1.0
Modified,dense_city,13,stuck_window_min,2,success,1.0
Modified,dense_city,14,stuck_window_min,2,success,1.0
Modified,dense_city,15,stuck_window_min,2,success,1.0
Modified,dense_city,16,stuck_window_min,2,success,1.0
Modified,dense_city,17,stuck_window_min,2,success,1.0
Modified,dense_city,18,stuck_window_min,2,success,1.0
Modified,dense_city,19,stuck_window_min,2,success,1.0
Modified,dense_city,20,stuck_window_min,2,success,1.0
Modified,dense_city,21,stuck_window_min,2,success,1.0
Modified,dense_city,22,stuck_window_min,2,success,1.0
Modified,dense_city,23,stuck_window_min,2,success,1.0
Modified,dense_city,24,stuck_window_min,2,success,1.0
Modified,dense_city,25,stuck_window_min,2,success,1.0
Modified,dense_city,26,stuck_window_min,2,success,1.0
Modified,dense_city,27,stuck_window_min,2,success,1.0
Modified,dense_city,28,stuck_window_min,2,success,1.0
Modified,dense_city,29,stuck_window_min,2,success,1.0
Modified,normal_city,0,stuck_window_min,4,success,1.0
Modified,normal_city,1,stuck_window_min,4,success,1.0
Modified,normal_city,2,stuck_window_min,4,success,1.0
Modified,normal_city,3,stuck_window_min,4,success,1.0
Modified,normal_city,4,stuck_window_min,4,success,1.0
Modified,normal_city,5,stuck_window_min,4,success,1.0
Modified,normal_city,6,stuck_window_min,4,success,1.0
Modified,normal_city,7,stuck_window_min,4,success,1.0
Modified,normal_city,8,stuck_window_min,4,success,1.0
Modified,normal_city,9,stuck_window_min,4,success,1.0
Modified,normal_city,10,stuck_window_min,4,success,1.0
Modified,normal_city,11,stuck_window_min,4,success,1.0
Modified,normal_city,12,stuck_window_min,4,success,1.0
Modified,normal_city,13,stuck_window_min,4,success,1.0
Modified,normal_city,14,stuck_window_min,4,success,1.0
Modified,normal_city,15,stuck_window_min,4,success,1.0
Modified,normal_city,16,stuck_window_min,4,success,1.0
Modified,normal_city,17,stuck_window_min,4,success,1.0
Modified,normal_city,18,stuck_window_min,4,success,1.0
Modified,normal_city,19,stuck_window_min,4,success,1.0
Modified,normal_city,20,stuck_window_min,4,success,1.0
Modified,normal_city,21,stuck_window_min,4,success,1.0
Modified,normal_city,22,stuck_window_min,4,success,1.0
Modified,normal_city,23,stuck_window_min,4,success,1.0
Modified,normal_city,24,stuck_window_min,4,success,1.0
Modified,normal_city,25,stuck_window_min,4,success,1.0
Modified,normal_city,26,stuck_window_min,4,success,1.0
Modified,normal_city,27,stuck_window_min,4,success,1.0
Modified,normal_city,28,stuck_window_min,4,success,1.0
Modified,normal_city,29,stuck_window_min,4,success,1.0
Modified,blocked_road,0,stuck_window_min,4,success,1.0
Modified,blocked_road,1,stuck_window_min,4,success,1.0
Modified,blocked_road,2,stuck_window_min,4,success,1.0
Modified,blocked_road,3,stuck_window_min,4,success,1.0
Modified,blocked_road,4,stuck_window_min,4,success,1.0
Modified,blocked_road,5,stuck_window_min,4,success,1.0
Modified,blocked_road,6,stuck_window_min,4,success,1.0
Modified,blocked_road,7,stuck_window_min,4,success,1.0
Modified,blocked_road,8,stuck_window_min,4,success,1.0
Modified,blocked_road,9,stuck_window_min,4,success,1.0
Modified,blocked_road,10,stuck_window_min,4,success,1.0
Modified,blocked_road,11,stuck_window_min,4,success,1.0
Modified,blocked_road,12,stuck_window_min,4,success,1.0
Modified,blocked_road,13,stuck_window_min,4,success,1.0
Modified,blocked_road,14,stuck_window_min,4,success,1.0
Modified,blocked_road,15,stuck_window_min,4,success,1.0
Modified,blocked_road,16,stuck_window_min,4,success,1.0
Modified,blocked_road,17,stuck_window_min,4,success,1.0
Modified,blocked_road,18,stuck_window_min,4,success,1.0
Modified,blocked_road,19,stuck_window_min,4,success,1.0
Modified,blocked_road,20,stuck_window_min,4,success,1.0
Modified,blocked_road,21,stuck_window_min,4,success,1.0
Modified,blocked_road,22,stuck_window_min,4,success,1.0
Modified,blocked_road,23,stuck_window_min,4,success,1.0
Modified,blocked_road,24,stuck_window_min,4,success,1.0
Modified,blocked_road,25,stuck_window_min,4,success,1.0
Modified,blocked_road,26,stuck_window_min,4,success,1.0
Modified,blocked_road,27,stuck_window_min,4,success,1.0
Modified,blocked_road,28,stuck_window_min,4,success,1.0
Modified,blocked_road,29,stuck_window_min,4,success,1.0
Modified,dense_city,0,stuck_window_min,4,success,1.0
Modified,dense_city,1,stuck_window_min,4,success,1.0
Modified,dense_city,2,stuck_window_min,4,success,1.0
Modified,dense_city,3,stuck_window_min,4,success,1.0
Modified,dense_city,4,stuck_window_min,4,success,1.0
Modified,dense_city,5,stuck_window_min,4,success,1.0
Modified,dense_city,6,stuck_window_min,4,success,1.0
Modified,dense_city,7,stuck_window_min,4,success,1.0
Modified,dense_city,8,stuck_window_min,4,success,1.0
Modified,dense_city,9,stuck_window_min,4,success,0.0
Modified,dense_city,10,stuck_window_min,4,success,1.0
Modified,dense_city,11,stuck_window_min,4,success,1.0
Modified,dense_city,12,stuck_window_min,4,success,1.0
Modified,dense_city,13,stuck_window_min,4,success,1.0
Modified,dense_city,14,stuck_window_min,4,success,1.0
Modified,dense_city,15,stuck_window_min,4,success,1.0
Modified,dense_city,16,stuck_window_min,4,success,1.0
Modified,dense_city,17,stuck_window_min,4,success,1.0
Modified,dense_city,18,stuck_window_min,4,success,1.0
Modified,dense_city,19,stuck_window_min,4,success,1.0
Modified,dense_city,20,stuck_window_min,4,success,1.0
Modified,dense_city,21,stuck_window_min,4,success,1.0
Modified,dense_city,22,stuck_window_min,4,success,1.0
Modified,dense_city,23,stuck_window_min,4,success,1.0
Modified,dense_city,24,stuck_window_min,4,success,1.0
Modified,dense_city,25,stuck_window_min,4,success,1.0
Modified,dense_city,26,stuck_window_min,4,success,1.0
Modified,dense_city,27,stuck_window_min,4,success,1.0
Modified,dense_city,28,stuck_window_min,4,success,1.0
Modified,dense_city,29,stuck_window_min,4,success,1.0
Modified,normal_city,0,stuck_window_min,6,success,1.0
Modified,normal_city,1,stuck_window_min,6,success,1.0
Modified,normal_city,2,stuck_window_min,6,success,1.0
Modified,normal_city,3,stuck_window_min,6,success,1.0
Modified,normal_city,4,stuck_window_min,6,success,1.0
Modified,normal_city,5,stuck_window_min,6,success,1.0
Modified,normal_city,6,stuck_window_min,6,success,1.0
Modified,normal_city,7,stuck_window_min,6,success,1.0
Modified,normal_city,8,stuck_window_min,6,success,1.0
Modified,normal_city,9,stuck_window_min,6,success,1.0
Modified,normal_city,10,stuck_window_min,6,success,1.0
Modified,normal_city,11,stuck_window_min,6,success,1.0
Modified,normal_city,12,stuck_window_min,6,success,1.0
Modified,normal_city,13,stuck_window_min,6,success,1.0
Modified,normal_city,14,stuck_window_min,6,success,1.0
Modified,normal_city,15,stuck_window_min,6,success,1.0
Modified,normal_city,16,stuck_window_min,6,success,1.0
Modified,normal_city,17,stuck_window_min,6,success,1.0
Modified,normal_city,18,stuck_window_min,6,success,1.0
Modified,normal_city,19,stuck_window_min,6,success,1.0
Modified,normal_city,20,stuck_window_min,6,success,1.0
Modified,normal_city,21,stuck_window_min,6,success,1.0
Modified,normal_city,22,stuck_window_min,6,success,1.0
Modified,normal_city,23,stuck_window_min,6,success,1.0
Modified,normal_city,24,stuck_window_min,6,success,1.0
Modified,normal_city,25,stuck_window_min,6,success,1.0
Modified,normal_city,26,stuck_window_min,6,success,1.0
Modified,normal_city,27,stuck_window_min,6,success,1.0
Modified,normal_city,28,stuck_window_min,6,success,1.0
Modified,normal_city,29,stuck_window_min,6,success,1.0
Modified,blocked_road,0,stuck_window_min,6,success,1.0
Modified,blocked_road,1,stuck_window_min,6,success,1.0
Modified,blocked_road,2,stuck_window_min,6,success,1.0
Modified,blocked_road,3,stuck_window_min,6,success,1.0
Modified,blocked_road,4,stuck_window_min,6,success,1.0
Modified,blocked_road,5,stuck_window_min,6,success,1.0
Modified,blocked_road,6,stuck_window_min,6,success,1.0
Modified,blocked_road,7,stuck_window_min,6,success,1.0
Modified,blocked_road,8,stuck_window_min,6,success,1.0
Modified,blocked_road,9,stuck_window_min,6,success,1.0
Modified,blocked_road,10,stuck_window_min,6,success,1.0
Modified,blocked_road,11,stuck_window_min,6,success,1.0
Modified,blocked_road,12,stuck_window_min,6,success,1.0
Modified,blocked_road,13,stuck_window_min,6,success,1.0
Modified,blocked_road,14,stuck_window_min,6,success,1.0
Modified,blocked_road,15,stuck_window_min,6,success,1.0
Modified,blocked_road,16,stuck_window_min,6,success,1.0
Modified,blocked_road,17,stuck_window_min,6,success,1.0
Modified,blocked_road,18,stuck_window_min,6,success,1.0
Modified,blocked_road,19,stuck_window_min,6,success,1.0
Modified,blocked_road,20,stuck_window_min,6,success,1.0
Modified,blocked_road,21,stuck_window_min,6,success,1.0
Modified,blocked_road,22,stuck_window_min,6,success,1.0
Modified,blocked_road,23,stuck_window_min,6,success,1.0
Modified,blocked_road,24,stuck_window_min,6,success,1.0
Modified,blocked_road,25,stuck_window_min,6,success,1.0
Modified,blocked_road,26,stuck_window_min,6,success,1.0
Modified,blocked_road,27,stuck_window_min,6,success,1.0
Modified,blocked_road,28,stuck_window_min,6,success,1.0
Modified,blocked_road,29,stuck_window_min,6,success,1.0
Modified,dense_city,0,stuck_window_min,6,success,1.0
Modified,dense_city,1,stuck_window_min,6,success,1.0
Modified,dense_city,2,stuck_window_min,6,success,1.0
Modified,dense_city,3,stuck_window_min,6,success,1.0
Modified,dense_city,4,stuck_window_min,6,success,1.0
Modified,dense_city,5,stuck_window_min,6,success,1.0
Modified,dense_city,6,stuck_window_min,6,success,1.0
Modified,dense_city,7,stuck_window_min,6,success,1.0
Modified,dense_city,8,stuck_window_min,6,success,1.0
Modified,dense_city,9,stuck_window_min,6,success,0.0
Modified,dense_city,10,stuck_window_min,6,success,1.0
Modified,dense_city,11,stuck_window_min,6,success,1.0
Modified,dense_city,12,stuck_window_min,6,success,1.0
Modified,dense_city,13,stuck_window_min,6,success,1.0
Modified,dense_city,14,stuck_window_min,6,success,1.0
Modified,dense_city,15,stuck_window_min,6,success,1.0
Modified,dense_city,16,stuck_window_min,6,success,1.0
Modified,dense_city,17,stuck_window_min,6,success,1.0
Modified,dense_city,18,stuck_window_min,6,success,1.0
Modified,dense_city,19,stuck_window_min,6,success,1.0
Modified,dense_city,20,stuck_window_min,6,success,1.0
Modified,dense_city,21,stuck_window_min,6,success,1.0
Modified,dense_city,22,stuck_window_min,6,success,1.0
Modified,dense_city,23,stuck_window_min,6,success,1.0
Modified,dense_city,24,stuck_window_min,6,success,1.0
Modified,dense_city,25,stuck_window_min,6,success,1.0
Modified,dense_city,26,stuck_window_min,6,success,1.0
Modified,dense_city,27,stuck_window_min,6,success,1.0
Modified,dense_city,28,stuck_window_min,6,success,1.0
Modified,dense_city,29,stuck_window_min,6,success,1.0
Modified,normal_city,0,stuck_window_min,10,success,1.0
Modified,normal_city,1,stuck_window_min,10,success,1.0
Modified,normal_city,2,stuck_window_min,10,success,1.0
Modified,normal_city,3,stuck_window_min,10,success,1.0
Modified,normal_city,4,stuck_window_min,10,success,1.0
Modified,normal_city,5,stuck_window_min,10,success,1.0
Modified,normal_city,6,stuck_window_min,10,success,1.0
Modified,normal_city,7,stuck_window_min,10,success,1.0
Modified,normal_city,8,stuck_window_min,10,success,1.0
Modified,normal_city,9,stuck_window_min,10,success,1.0
Modified,normal_city,10,stuck_window_min,10,success,1.0
Modified,normal_city,11,stuck_window_min,10,success,1.0
Modified,normal_city,12,stuck_window_min,10,success,1.0
Modified,normal_city,13,stuck_window_min,10,success,1.0
Modified,normal_city,14,stuck_window_min,10,success,1.0
Modified,normal_city,15,stuck_window_min,10,success,1.0
Modified,normal_city,16,stuck_window_min,10,success,1.0
Modified,normal_city,17,stuck_window_min,10,success,1.0
Modified,normal_city,18,stuck_window_min,10,success,1.0
Modified,normal_city,19,stuck_window_min,10,success,1.0
Modified,normal_city,20,stuck_window_min,10,success,1.0
Modified,normal_city,21,stuck_window_min,10,success,1.0
Modified,normal_city,22,stuck_window_min,10,success,1.0
Modified,normal_city,23,stuck_window_min,10,success,1.0
Modified,normal_city,24,stuck_window_min,10,success,1.0
Modified,normal_city,25,stuck_window_min,10,success,1.0
Modified,normal_city,26,stuck_window_min,10,success,1.0
Modified,normal_city,27,stuck_window_min,10,success,1.0
Modified,normal_city,28,stuck_window_min,10,success,1.0
Modified,normal_city,29,stuck_window_min,10,success,1.0
Modified,blocked_road,0,stuck_window_min,10,success,1.0
Modified,blocked_road,1,stuck_window_min,10,success,1.0
Modified,blocked_road,2,stuck_window_min,10,success,1.0
Modified,blocked_road,3,stuck_window_min,10,success,1.0
Modified,blocked_road,4,stuck_window_min,10,success,1.0
Modified,blocked_road,5,stuck_window_min,10,success,1.0
Modified,blocked_road,6,stuck_window_min,10,success,1.0
Modified,blocked_road,7,stuck_window_min,10,success,1.0
Modified,blocked_road,8,stuck_window_min,10,success,1.0
Modified,blocked_road,9,stuck_window_min,10,success,1.0
Modified,blocked_road,10,stuck_window_min,10,success,1.0
Modified,blocked_road,11,stuck_window_min,10,success,1.0
Modified,blocked_road,12,stuck_window_min,10,success,1.0
Modified,blocked_road,13,stuck_window_min,10,success,1.0
Modified,blocked_road,14,stuck_window_min,10,success,1.0
Modified,blocked_road,15,stuck_window_min,10,success,1.0
Modified,blocked_road,16,stuck_window_min,10,success,1.0
Modified,blocked_road,17,stuck_window_min,10,success,1.0
Modified,blocked_road,18,stuck_window_min,10,success,1.0
Modified,blocked_road,19,stuck_window_min,10,success,1.0
Modified,blocked_road,20,stuck_window_min,10,success,1.0
Modified,blocked_road,21,stuck_window_min,10,success,1.0
Modified,blocked_road,22,stuck_window_min,10,success,1.0
Modified,blocked_road,23,stuck_window_min,10,success,1.0
Modified,blocked_road,24,stuck_window_min,10,success,1.0
Modified,blocked_road,25,stuck_window_min,10,success,1.0
Modified,blocked_road,26,stuck_window_min,10,success,1.0
Modified,blocked_road,27,stuck_window_min,10,success,1.0
Modified,blocked_road,28,stuck_window_min,10,success,1.0
Modified,blocked_road,29,stuck_window_min,10,success,1.0
Modified,dense_city,0,stuck_window_min,10,success,1.0
Modified,dense_city,1,stuck_window_min,10,success,1.0
Modified,dense_city,2,stuck_window_min,10,success,1.0
Modified,dense_city,3,stuck_window_min,10,success,1.0
Modified,dense_city,4,stuck_window_min,10,success,1.0
Modified,dense_city,5,stuck_window_min,10,success,1.0
Modified,dense_city,6,stuck_window_min,10,success,1.0
Modified,dense_city,7,stuck_window_min,10,success,1.0
Modified,dense_city,8,stuck_window_min,10,success,1.0
Modified,dense_city,9,stuck_window_min,10,success,0.0
Modified,dense_city,10,stuck_window_min,10,success,1.0
Modified,dense_city,11,stuck_window_min,10,success,1.0
Modified,dense_city,12,stuck_window_min,10,success,1.0
Modified,dense_city,13,stuck_window_min,10,success,1.0
Modified,dense_city,14,stuck_window_min,10,success,1.0
Modified,dense_city,15,stuck_window_min,10,success,1.0
Modified,dense_city,16,stuck_window_min,10,success,1.0
Modified,dense_city,17,stuck_window_min,10,success,1.0
Modified,dense_city,18,stuck_window_min,10,success,1.0
Modified,dense_city,19,stuck_window_min,10,success,1.0
Modified,dense_city,20,stuck_window_min,10,success,1.0
Modified,dense_city,21,stuck_window_min,10,success,1.0
Modified,dense_city,22,stuck_window_min,10,success,1.0
Modified,dense_city,23,stuck_window_min,10,success,1.0
Modified,dense_city,24,stuck_window_min,10,success,1.0
Modified,dense_city,25,stuck_window_min,10,success,1.0
Modified,dense_city,26,stuck_window_min,10,success,1.0
Modified,dense_city,27,stuck_window_min,10,success,1.0
Modified,dense_city,28,stuck_window_min,10,success,1.0
Modified,dense_city,29,stuck_window_min,10,success,1.0
Modified,normal_city,0,stuck_window_min,2,path_length,150.442
Modified,normal_city,1,stuck_window_min,2,path_length,159.276
Modified,normal_city,2,stuck_window_min,2,path_length,153.253
Modified,normal_city,3,stuck_window_min,2,path_length,157.724
Modified,normal_city,4,stuck_window_min,2,path_length,159.383
Modified,normal_city,5,stuck_window_min,2,path_length,151.623
Modified,normal_city,6,stuck_window_min,2,path_length,145.826
Modified,normal_city,7,stuck_window_min,2,path_length,152.348
Modified,normal_city,8,stuck_window_min,2,path_length,192.423
Modified,normal_city,9,stuck_window_min,2,path_length,148.228
Modified,normal_city,10,stuck_window_min,2,path_length,152.05
Modified,normal_city,11,stuck_window_min,2,path_length,151.375
Modified,normal_city,12,stuck_window_min,2,path_length,160.127
Modified,normal_city,13,stuck_window_min,2,path_length,154.808
Modified,normal_city,14,stuck_window_min,2,path_length,149.26
Modified,normal_city,15,stuck_window_min,2,path_length,150.79
Modified,normal_city,16,stuck_window_min,2,path_length,147.59
Modified,normal_city,17,stuck_window_min,2,path_length,150.6
Modified,normal_city,18,stuck_window_min,2,path_length,149.044
Modified,normal_city,19,stuck_window_min,2,path_length,154.539
Modified,normal_city,20,stuck_window_min,2,path_length,152.431
Modified,normal_city,21,stuck_window_min,2,path_length,154.495
Modified,normal_city,22,stuck_window_min,2,path_length,160.312
Modified,normal_city,23,stuck_window_min,2,path_length,151.076
Modified,normal_city,24,stuck_window_min,2,path_length,157.782
Modified,normal_city,25,stuck_window_min,2,path_length,155.35
Modified,normal_city,26,stuck_window_min,2,path_length,146.316
Modified,normal_city,27,stuck_window_min,2,path_length,159.774
Modified,normal_city,28,stuck_window_min,2,path_length,156.828
Modified,normal_city,29,stuck_window_min,2,path_length,148.722
Modified,blocked_road,0,stuck_window_min,2,path_length,199.356
Modified,blocked_road,1,stuck_window_min,2,path_length,207.092
Modified,blocked_road,2,stuck_window_min,2,path_length,183.573
Modified,blocked_road,3,stuck_window_min,2,path_length,162.228
Modified,blocked_road,4,stuck_window_min,2,path_length,205.337
Modified,blocked_road,5,stuck_window_min,2,path_length,205.712
Modified,blocked_road,6,stuck_window_min,2,path_length,162.966
Modified,blocked_road,7,stuck_window_min,2,path_length,160.752
Modified,blocked_road,8,stuck_window_min,2,path_length,172.23
Modified,blocked_road,9,stuck_window_min,2,path_length,162.52
Modified,blocked_road,10,stuck_window_min,2,path_length,188.185
Modified,blocked_road,11,stuck_window_min,2,path_length,185.832
Modified,blocked_road,12,stuck_window_min,2,path_length,167.898
Modified,blocked_road,13,stuck_window_min,2,path_length,161.741
Modified,blocked_road,14,stuck_window_min,2,path_length,212.313
Modified,blocked_road,15,stuck_window_min,2,path_length,204.622
Modified,blocked_road,16,stuck_window_min,2,path_length,200.122
Modified,blocked_road,17,stuck_window_min,2,path_length,157.145
Modified,blocked_road,18,stuck_window_min,2,path_length,160.517
Modified,blocked_road,19,stuck_window_min,2,path_length,198.783
Modified,blocked_road,20,stuck_window_min,2,path_length,195.487
Modified,blocked_road,21,stuck_window_min,2,path_length,165.136
Modified,blocked_road,22,stuck_window_min,2,path_length,153.581
Modified,blocked_road,23,stuck_window_min,2,path_length,146.766
Modified,blocked_road,24,stuck_window_min,2,path_length,158.0
Modified,blocked_road,25,stuck_window_min,2,path_length,154.189
Modified,blocked_road,26,stuck_window_min,2,path_length,163.641
Modified,blocked_road,27,stuck_window_min,2,path_length,163.08
Modified,blocked_road,28,stuck_window_min,2,path_length,163.782
Modified,blocked_road,29,stuck_window_min,2,path_length,152.785
Modified,dense_city,0,stuck_window_min,2,path_length,168.475
Modified,dense_city,1,stuck_window_min,2,path_length,158.972
Modified,dense_city,2,stuck_window_min,2,path_length,206.999
Modified,dense_city,3,stuck_window_min,2,path_length,162.238
Modified,dense_city,4,stuck_window_min,2,path_length,159.764
Modified,dense_city,5,stuck_window_min,2,path_length,158.675
Modified,dense_city,6,stuck_window_min,2,path_length,179.38
Modified,dense_city,7,stuck_window_min,2,path_length,187.952
Modified,dense_city,8,stuck_window_min,2,path_length,156.145
Modified,dense_city,9,stuck_window_min,2,path_length,
Modified,dense_city,10,stuck_window_min,2,path_length,154.2
Modified,dense_city,11,stuck_window_min,2,path_length,158.873
Modified,dense_city,12,stuck_window_min,2,path_length,162.728
Modified,dense_city,13,stuck_window_min,2,path_length,157.784
Modified,dense_city,14,stuck_window_min,2,path_length,176.809
Modified,dense_city,15,stuck_window_min,2,path_length,260.711
Modified,dense_city,16,stuck_window_min,2,path_length,154.747
Modified,dense_city,17,stuck_window_min,2,path_length,184.606
Modified,dense_city,18,stuck_window_min,2,path_length,164.685
Modified,dense_city,19,stuck_window_min,2,path_length,159.852
Modified,dense_city,20,stuck_window_min,2,path_length,151.249
Modified,dense_city,21,stuck_window_min,2,path_length,155.037
Modified,dense_city,22,stuck_window_min,2,path_length,154.397
Modified,dense_city,23,stuck_window_min,2,path_length,157.416
Modified,dense_city,24,stuck_window_min,2,path_length,149.609
Modified,dense_city,25,stuck_window_min,2,path_length,152.229
Modified,dense_city,26,stuck_window_min,2,path_length,154.37
Modified,dense_city,27,stuck_window_min,2,path_length,152.855
Modified,dense_city,28,stuck_window_min,2,path_length,164.357
Modified,dense_city,29,stuck_window_min,2,path_length,165.057
Modified,normal_city,0,stuck_window_min,4,path_length,150.442
Modified,normal_city,1,stuck_window_min,4,path_length,159.276
Modified,normal_city,2,stuck_window_min,4,path_length,153.253
Modified,normal_city,3,stuck_window_min,4,path_length,157.838
Modified,normal_city,4,stuck_window_min,4,path_length,159.383
Modified,normal_city,5,stuck_window_min,4,path_length,151.623
Modified,normal_city,6,stuck_window_min,4,path_length,145.826
Modified,normal_city,7,stuck_window_min,4,path_length,152.348
Modified,normal_city,8,stuck_window_min,4,path_length,193.765
Modified,normal_city,9,stuck_window_min,4,path_length,148.228
Modified,normal_city,10,stuck_window_min,4,path_length,152.05
Modified,normal_city,11,stuck_window_min,4,path_length,151.762
Modified,normal_city,12,stuck_window_min,4,path_length,161.553
Modified,normal_city,13,stuck_window_min,4,path_length,154.808
Modified,normal_city,14,stuck_window_min,4,path_length,149.26
Modified,normal_city,15,stuck_window_min,4,path_length,150.79
Modified,normal_city,16,stuck_window_min,4,path_length,147.59
Modified,normal_city,17,stuck_window_min,4,path_length,150.6
Modified,normal_city,18,stuck_window_min,4,path_length,149.044
Modified,normal_city,19,stuck_window_min,4,path_length,154.539
Modified,normal_city,20,stuck_window_min,4,path_length,152.431
Modified,normal_city,21,stuck_window_min,4,path_length,154.495
Modified,normal_city,22,stuck_window_min,4,path_length,161.174
Modified,normal_city,23,stuck_window_min,4,path_length,151.076
Modified,normal_city,24,stuck_window_min,4,path_length,153.04
Modified,normal_city,25,stuck_window_min,4,path_length,155.35
Modified,normal_city,26,stuck_window_min,4,path_length,146.316
Modified,normal_city,27,stuck_window_min,4,path_length,160.81
Modified,normal_city,28,stuck_window_min,4,path_length,156.828
Modified,normal_city,29,stuck_window_min,4,path_length,148.722
Modified,blocked_road,0,stuck_window_min,4,path_length,200.596
Modified,blocked_road,1,stuck_window_min,4,path_length,207.092
Modified,blocked_road,2,stuck_window_min,4,path_length,183.573
Modified,blocked_road,3,stuck_window_min,4,path_length,162.228
Modified,blocked_road,4,stuck_window_min,4,path_length,299.831
Modified,blocked_road,5,stuck_window_min,4,path_length,212.464
Modified,blocked_road,6,stuck_window_min,4,path_length,167.294
Modified,blocked_road,7,stuck_window_min,4,path_length,160.752
Modified,blocked_road,8,stuck_window_min,4,path_length,172.23
Modified,blocked_road,9,stuck_window_min,4,path_length,163.909
Modified,blocked_road,10,stuck_window_min,4,path_length,188.185
Modified,blocked_road,11,stuck_window_min,4,path_length,185.832
Modified,blocked_road,12,stuck_window_min,4,path_length,205.64
Modified,blocked_road,13,stuck_window_min,4,path_length,167.364
Modified,blocked_road,14,stuck_window_min,4,path_length,202.123
Modified,blocked_road,15,stuck_window_min,4,path_length,205.189
Modified,blocked_road,16,stuck_window_min,4,path_length,200.612
Modified,blocked_road,17,stuck_window_min,4,path_length,157.145
Modified,blocked_road,18,stuck_window_min,4,path_length,160.517
Modified,blocked_road,19,stuck_window_min,4,path_length,198.783
Modified,blocked_road,20,stuck_window_min,4,path_length,196.862
Modified,blocked_road,21,stuck_window_min,4,path_length,165.136
Modified,blocked_road,22,stuck_window_min,4,path_length,153.581
Modified,blocked_road,23,stuck_window_min,4,path_length,146.766
Modified,blocked_road,24,stuck_window_min,4,path_length,158.0
Modified,blocked_road,25,stuck_window_min,4,path_length,156.388
Modified,blocked_road,26,stuck_window_min,4,path_length,165.429
Modified,blocked_road,27,stuck_window_min,4,path_length,163.08
Modified,blocked_road,28,stuck_window_min,4,path_length,163.782
Modified,blocked_road,29,stuck_window_min,4,path_length,152.785
Modified,dense_city,0,stuck_window_min,4,path_length,168.475
Modified,dense_city,1,stuck_window_min,4,path_length,158.972
Modified,dense_city,2,stuck_window_min,4,path_length,206.999
Modified,dense_city,3,stuck_window_min,4,path_length,162.238
Modified,dense_city,4,stuck_window_min,4,path_length,159.764
Modified,dense_city,5,stuck_window_min,4,path_length,161.497
Modified,dense_city,6,stuck_window_min,4,path_length,179.38
Modified,dense_city,7,stuck_window_min,4,path_length,197.399
Modified,dense_city,8,stuck_window_min,4,path_length,156.145
Modified,dense_city,9,stuck_window_min,4,path_length,
Modified,dense_city,10,stuck_window_min,4,path_length,154.2
Modified,dense_city,11,stuck_window_min,4,path_length,158.873
Modified,dense_city,12,stuck_window_min,4,path_length,162.728
Modified,dense_city,13,stuck_window_min,4,path_length,157.784
Modified,dense_city,14,stuck_window_min,4,path_length,176.809
Modified,dense_city,15,stuck_window_min,4,path_length,256.233
Modified,dense_city,16,stuck_window_min,4,path_length,154.747
Modified,dense_city,17,stuck_window_min,4,path_length,184.606
Modified,dense_city,18,stuck_window_min,4,path_length,164.685
Modified,dense_city,19,stuck_window_min,4,path_length,159.852
Modified,dense_city,20,stuck_window_min,4,path_length,151.249
Modified,dense_city,21,stuck_window_min,4,path_length,155.037
Modified,dense_city,22,stuck_window_min,4,path_length,154.397
Modified,dense_city,23,stuck_window_min,4,path_length,157.416
Modified,dense_city,24,stuck_window_min,4,path_length,149.609
Modified,dense_city,25,stuck_window_min,4,path_length,152.229
Modified,dense_city,26,stuck_window_min,4,path_length,154.37
Modified,dense_city,27,stuck_window_min,4,path_length,152.855
Modified,dense_city,28,stuck_window_min,4,path_length,164.357
Modified,dense_city,29,stuck_window_min,4,path_length,165.057
Modified,normal_city,0,stuck_window_min,6,path_length,150.442
Modified,normal_city,1,stuck_window_min,6,path_length,159.276
Modified,normal_city,2,stuck_window_min,6,path_length,153.253
Modified,normal_city,3,stuck_window_min,6,path_length,162.323
Modified,normal_city,4,stuck_window_min,6,path_length,159.383
Modified,normal_city,5,stuck_window_min,6,path_length,151.623
Modified,normal_city,6,stuck_window_min,6,path_length,145.826
Modified,normal_city,7,stuck_window_min,6,path_length,152.348
Modified,normal_city,8,stuck_window_min,6,path_length,199.125
Modified,normal_city,9,stuck_window_min,6,path_length,148.228
Modified,normal_city,10,stuck_window_min,6,path_length,152.05
Modified,normal_city,11,stuck_window_min,6,path_length,152.598
Modified,normal_city,12,stuck_window_min,6,path_length,161.553
Modified,normal_city,13,stuck_window_min,6,path_length,154.808
Modified,normal_city,14,stuck_window_min,6,path_length,149.26
Modified,normal_city,15,stuck_window_min,6,path_length,150.79
Modified,normal_city,16,stuck_window_min,6,path_length,147.59
Modified,normal_city,17,stuck_window_min,6,path_length,150.6
Modified,normal_city,18,stuck_window_min,6,path_length,149.044
Modified,normal_city,19,stuck_window_min,6,path_length,150.403
Modified,normal_city,20,stuck_window_min,6,path_length,152.431
Modified,normal_city,21,stuck_window_min,6,path_length,154.495
Modified,normal_city,22,stuck_window_min,6,path_length,167.04
Modified,normal_city,23,stuck_window_min,6,path_length,151.076
Modified,normal_city,24,stuck_window_min,6,path_length,153.04
Modified,normal_city,25,stuck_window_min,6,path_length,155.35
Modified,normal_city,26,stuck_window_min,6,path_length,146.316
Modified,normal_city,27,stuck_window_min,6,path_length,160.81
Modified,normal_city,28,stuck_window_min,6,path_length,156.828
Modified,normal_city,29,stuck_window_min,6,path_length,148.722
Modified,blocked_road,0,stuck_window_min,6,path_length,200.596
Modified,blocked_road,1,stuck_window_min,6,path_length,207.092
Modified,blocked_road,2,stuck_window_min,6,path_length,183.573
Modified,blocked_road,3,stuck_window_min,6,path_length,162.228
Modified,blocked_road,4,stuck_window_min,6,path_length,219.892
Modified,blocked_road,5,stuck_window_min,6,path_length,212.464
Modified,blocked_road,6,stuck_window_min,6,path_length,169.919
Modified,blocked_road,7,stuck_window_min,6,path_length,160.752
Modified,blocked_road,8,stuck_window_min,6,path_length,172.23
Modified,blocked_road,9,stuck_window_min,6,path_length,163.909
Modified,blocked_road,10,stuck_window_min,6,path_length,188.185
Modified,blocked_road,11,stuck_window_min,6,path_length,185.832
Modified,blocked_road,12,stuck_window_min,6,path_length,205.42
Modified,blocked_road,13,stuck_window_min,6,path_length,160.361
Modified,blocked_road,14,stuck_window_min,6,path_length,212.139
Modified,blocked_road,15,stuck_window_min,6,path_length,210.676
Modified,blocked_road,16,stuck_window_min,6,path_length,200.612
Modified,blocked_road,17,stuck_window_min,6,path_length,157.145
Modified,blocked_road,18,stuck_window_min,6,path_length,160.517
Modified,blocked_road,19,stuck_window_min,6,path_length,198.783
Modified,blocked_road,20,stuck_window_min,6,path_length,198.287
Modified,blocked_road,21,stuck_window_min,6,path_length,165.136
Modified,blocked_road,22,stuck_window_min,6,path_length,153.581
Modified,blocked_road,23,stuck_window_min,6,path_length,146.766
Modified,blocked_road,24,stuck_window_min,6,path_length,158.0
Modified,blocked_road,25,stuck_window_min,6,path_length,156.388
Modified,blocked_road,26,stuck_window_min,6,path_length,165.429
Modified,blocked_road,27,stuck_window_min,6,path_length,163.08
Modified,blocked_road,28,stuck_window_min,6,path_length,163.782
Modified,blocked_road,29,stuck_window_min,6,path_length,152.785
Modified,dense_city,0,stuck_window_min,6,path_length,168.475
Modified,dense_city,1,stuck_window_min,6,path_length,158.972
Modified,dense_city,2,stuck_window_min,6,path_length,206.999
Modified,dense_city,3,stuck_window_min,6,path_length,162.238
Modified,dense_city,4,stuck_window_min,6,path_length,159.764
Modified,dense_city,5,stuck_window_min,6,path_length,171.628
Modified,dense_city,6,stuck_window_min,6,path_length,179.38
Modified,dense_city,7,stuck_window_min,6,path_length,197.399
Modified,dense_city,8,stuck_window_min,6,path_length,156.145
Modified,dense_city,9,stuck_window_min,6,path_length,
Modified,dense_city,10,stuck_window_min,6,path_length,154.2
Modified,dense_city,11,stuck_window_min,6,path_length,158.873
Modified,dense_city,12,stuck_window_min,6,path_length,191.184
Modified,dense_city,13,stuck_window_min,6,path_length,157.784
Modified,dense_city,14,stuck_window_min,6,path_length,176.809
Modified,dense_city,15,stuck_window_min,6,path_length,256.233
Modified,dense_city,16,stuck_window_min,6,path_length,154.747
Modified,dense_city,17,stuck_window_min,6,path_length,184.606
Modified,dense_city,18,stuck_window_min,6,path_length,164.685
Modified,dense_city,19,stuck_window_min,6,path_length,159.852
Modified,dense_city,20,stuck_window_min,6,path_length,151.249
Modified,dense_city,21,stuck_window_min,6,path_length,155.037
Modified,dense_city,22,stuck_window_min,6,path_length,154.397
Modified,dense_city,23,stuck_window_min,6,path_length,157.416
Modified,dense_city,24,stuck_window_min,6,path_length,149.609
Modified,dense_city,25,stuck_window_min,6,path_length,152.229
Modified,dense_city,26,stuck_window_min,6,path_length,154.37
Modified,dense_city,27,stuck_window_min,6,path_length,152.855
Modified,dense_city,28,stuck_window_min,6,path_length,164.357
Modified,dense_city,29,stuck_window_min,6,path_length,165.057
Modified,normal_city,0,stuck_window_min,10,path_length,150.442
Modified,normal_city,1,stuck_window_min,10,path_length,159.276
Modified,normal_city,2,stuck_window_min,10,path_length,153.253
Modified,normal_city,3,stuck_window_min,10,path_length,152.476
Modified,normal_city,4,stuck_window_min,10,path_length,159.383
Modified,normal_city,5,stuck_window_min,10,path_length,151.623
Modified,normal_city,6,stuck_window_min,10,path_length,145.826
Modified,normal_city,7,stuck_window_min,10,path_length,152.348
Modified,normal_city,8,stuck_window_min,10,path_length,157.699
Modified,normal_city,9,stuck_window_min,10,path_length,148.228
Modified,normal_city,10,stuck_window_min,10,path_length,152.05
Modified,normal_city,11,stuck_window_min,10,path_length,154.304
Modified,normal_city,12,stuck_window_min,10,path_length,163.115
Modified,normal_city,13,stuck_window_min,10,path_length,154.808
Modified,normal_city,14,stuck_window_min,10,path_length,149.26
Modified,normal_city,15,stuck_window_min,10,path_length,150.79
Modified,normal_city,16,stuck_window_min,10,path_length,147.59
Modified,normal_city,17,stuck_window_min,10,path_length,150.6
Modified,normal_city,18,stuck_window_min,10,path_length,149.044
Modified,normal_city,19,stuck_window_min,10,path_length,152.198
Modified,normal_city,20,stuck_window_min,10,path_length,152.431
Modified,normal_city,21,stuck_window_min,10,path_length,154.495
Modified,normal_city,22,stuck_window_min,10,path_length,170.275
Modified,normal_city,23,stuck_window_min,10,path_length,151.076
Modified,normal_city,24,stuck_window_min,10,path_length,153.04
Modified,normal_city,25,stuck_window_min,10,path_length,155.35
Modified,normal_city,26,stuck_window_min,10,path_length,146.316
Modified,normal_city,27,stuck_window_min,10,path_length,163.191
Modified,normal_city,28,stuck_window_min,10,path_length,156.828
Modified,normal_city,29,stuck_window_min,10,path_length,148.722
Modified,blocked_road,0,stuck_window_min,10,path_length,203.089
Modified,blocked_road,1,stuck_window_min,10,path_length,210.485
Modified,blocked_road,2,stuck_window_min,10,path_length,183.573
Modified,blocked_road,3,stuck_window_min,10,path_length,162.228
Modified,blocked_road,4,stuck_window_min,10,path_length,211.582
Modified,blocked_road,5,stuck_window_min,10,path_length,217.137
Modified,blocked_road,6,stuck_window_min,10,path_length,163.121
Modified,blocked_road,7,stuck_window_min,10,path_length,160.752
Modified,blocked_road,8,stuck_window_min,10,path_length,172.23
Modified,blocked_road,9,stuck_window_min,10,path_length,165.253
Modified,blocked_road,10,stuck_window_min,10,path_length,188.185
Modified,blocked_road,11,stuck_window_min,10,path_length,185.832
Modified,blocked_road,12,stuck_window_min,10,path_length,202.901
Modified,blocked_road,13,stuck_window_min,10,path_length,157.824
Modified,blocked_road,14,stuck_window_min,10,path_length,205.234
Modified,blocked_road,15,stuck_window_min,10,path_length,210.676
Modified,blocked_road,16,stuck_window_min,10,path_length,203.509
Modified,blocked_road,17,stuck_window_min,10,path_length,157.145
Modified,blocked_road,18,stuck_window_min,10,path_length,161.557
Modified,blocked_road,19,stuck_window_min,10,path_length,198.783
Modified,blocked_road,20,stuck_window_min,10,path_length,203.953
Modified,blocked_road,21,stuck_window_min,10,path_length,165.136
Modified,blocked_road,22,stuck_window_min,10,path_length,153.581
Modified,blocked_road,23,stuck_window_min,10,path_length,146.766
Modified,blocked_road,24,stuck_window_min,10,path_length,158.0
Modified,blocked_road,25,stuck_window_min,10,path_length,156.388
Modified,blocked_road,26,stuck_window_min,10,path_length,166.827
Modified,blocked_road,27,stuck_window_min,10,path_length,163.08
Modified,blocked_road,28,stuck_window_min,10,path_length,163.782
Modified,blocked_road,29,stuck_window_min,10,path_length,152.785
Modified,dense_city,0,stuck_window_min,10,path_length,168.475
Modified,dense_city,1,stuck_window_min,10,path_length,158.972
Modified,dense_city,2,stuck_window_min,10,path_length,206.999
Modified,dense_city,3,stuck_window_min,10,path_length,162.238
Modified,dense_city,4,stuck_window_min,10,path_length,159.764
Modified,dense_city,5,stuck_window_min,10,path_length,171.628
Modified,dense_city,6,stuck_window_min,10,path_length,179.38
Modified,dense_city,7,stuck_window_min,10,path_length,200.07
Modified,dense_city,8,stuck_window_min,10,path_length,156.145
Modified,dense_city,9,stuck_window_min,10,path_length,
Modified,dense_city,10,stuck_window_min,10,path_length,154.2
Modified,dense_city,11,stuck_window_min,10,path_length,158.873
Modified,dense_city,12,stuck_window_min,10,path_length,192.584
Modified,dense_city,13,stuck_window_min,10,path_length,157.784
Modified,dense_city,14,stuck_window_min,10,path_length,176.809
Modified,dense_city,15,stuck_window_min,10,path_length,256.233
Modified,dense_city,16,stuck_window_min,10,path_length,154.747
Modified,dense_city,17,stuck_window_min,10,path_length,184.606
Modified,dense_city,18,stuck_window_min,10,path_length,164.685
Modified,dense_city,19,stuck_window_min,10,path_length,159.852
Modified,dense_city,20,stuck_window_min,10,path_length,151.249
Modified,dense_city,21,stuck_window_min,10,path_length,155.037
Modified,dense_city,22,stuck_window_min,10,path_length,154.397
Modified,dense_city,23,stuck_window_min,10,path_length,157.416
Modified,dense_city,24,stuck_window_min,10,path_length,149.609
Modified,dense_city,25,stuck_window_min,10,path_length,152.229
Modified,dense_city,26,stuck_window_min,10,path_length,154.37
Modified,dense_city,27,stuck_window_min,10,path_length,152.855
Modified,dense_city,28,stuck_window_min,10,path_length,164.357
Modified,dense_city,29,stuck_window_min,10,path_length,165.057
Modified,normal_city,0,stuck_window_min,2,length_ratio,1.0596
Modified,normal_city,1,stuck_window_min,2,length_ratio,1.1311
Modified,normal_city,2,stuck_window_min,2,length_ratio,1.0884
Modified,normal_city,3,stuck_window_min,2,length_ratio,1.0973
Modified,normal_city,4,stuck_window_min,2,length_ratio,1.1179
Modified,normal_city,5,stuck_window_min,2,length_ratio,1.0768
Modified,normal_city,6,stuck_window_min,2,length_ratio,1.0356
Modified,normal_city,7,stuck_window_min,2,length_ratio,1.0819
Modified,normal_city,8,stuck_window_min,2,length_ratio,1.3497
Modified,normal_city,9,stuck_window_min,2,length_ratio,1.044
Modified,normal_city,10,stuck_window_min,2,length_ratio,1.0621
Modified,normal_city,11,stuck_window_min,2,length_ratio,1.0661
Modified,normal_city,12,stuck_window_min,2,length_ratio,1.1372
Modified,normal_city,13,stuck_window_min,2,length_ratio,1.0814
Modified,normal_city,14,stuck_window_min,2,length_ratio,1.0513
Modified,normal_city,15,stuck_window_min,2,length_ratio,1.0577
Modified,normal_city,16,stuck_window_min,2,length_ratio,1.0438
Modified,normal_city,17,stuck_window_min,2,length_ratio,1.0607
Modified,normal_city,18,stuck_window_min,2,length_ratio,1.0673
Modified,normal_city,19,stuck_window_min,2,length_ratio,1.0751
Modified,normal_city,20,stuck_window_min,2,length_ratio,1.0692
Modified,normal_city,21,stuck_window_min,2,length_ratio,1.0837
Modified,normal_city,22,stuck_window_min,2,length_ratio,1.1245
Modified,normal_city,23,stuck_window_min,2,length_ratio,1.0729
Modified,normal_city,24,stuck_window_min,2,length_ratio,1.1067
Modified,normal_city,25,stuck_window_min,2,length_ratio,1.0897
Modified,normal_city,26,stuck_window_min,2,length_ratio,1.0305
Modified,normal_city,27,stuck_window_min,2,length_ratio,1.1161
Modified,normal_city,28,stuck_window_min,2,length_ratio,1.1137
Modified,normal_city,29,stuck_window_min,2,length_ratio,1.0432
Modified,blocked_road,0,stuck_window_min,2,length_ratio,1.3378
Modified,blocked_road,1,stuck_window_min,2,length_ratio,1.4008
Modified,blocked_road,2,stuck_window_min,2,length_ratio,1.2417
Modified,blocked_road,3,stuck_window_min,2,length_ratio,1.076
Modified,blocked_road,4,stuck_window_min,2,length_ratio,1.3889
Modified,blocked_road,5,stuck_window_min,2,length_ratio,1.3914
Modified,blocked_road,6,stuck_window_min,2,length_ratio,1.1023
Modified,blocked_road,7,stuck_window_min,2,length_ratio,1.0873
Modified,blocked_road,8,stuck_window_min,2,length_ratio,1.1558
Modified,blocked_road,9,stuck_window_min,2,length_ratio,1.0993
Modified,blocked_road,10,stuck_window_min,2,length_ratio,1.253
Modified,blocked_road,11,stuck_window_min,2,length_ratio,1.2422
Modified,blocked_road,12,stuck_window_min,2,length_ratio,1.1312
Modified,blocked_road,13,stuck_window_min,2,length_ratio,1.094
Modified,blocked_road,14,stuck_window_min,2,length_ratio,1.3866
Modified,blocked_road,15,stuck_window_min,2,length_ratio,1.3313
Modified,blocked_road,16,stuck_window_min,2,length_ratio,1.3325
Modified,blocked_road,17,stuck_window_min,2,length_ratio,1.0546
Modified,blocked_road,18,stuck_window_min,2,length_ratio,1.0944
Modified,blocked_road,19,stuck_window_min,2,length_ratio,1.3185
Modified,blocked_road,20,stuck_window_min,2,length_ratio,1.3017
Modified,blocked_road,21,stuck_window_min,2,length_ratio,1.1039
Modified,blocked_road,22,stuck_window_min,2,length_ratio,1.0388
Modified,blocked_road,23,stuck_window_min,2,length_ratio,0.9927
Modified,blocked_road,24,stuck_window_min,2,length_ratio,1.0603
Modified,blocked_road,25,stuck_window_min,2,length_ratio,1.0307
Modified,blocked_road,26,stuck_window_min,2,length_ratio,1.0896
Modified,blocked_road,27,stuck_window_min,2,length_ratio,1.0987
Modified,blocked_road,28,stuck_window_min,2,length_ratio,1.1078
Modified,blocked_road,29,stuck_window_min,2,length_ratio,1.0213
Modified,dense_city,0,stuck_window_min,2,length_ratio,1.1218
Modified,dense_city,1,stuck_window_min,2,length_ratio,1.0585
Modified,dense_city,2,stuck_window_min,2,length_ratio,1.3783
Modified,dense_city,3,stuck_window_min,2,length_ratio,1.0931
Modified,dense_city,4,stuck_window_min,2,length_ratio,1.0638
Modified,dense_city,5,stuck_window_min,2,length_ratio,1.0758
Modified,dense_city,6,stuck_window_min,2,length_ratio,1.1944
Modified,dense_city,7,stuck_window_min,2,length_ratio,1.2432
Modified,dense_city,8,stuck_window_min,2,length_ratio,1.0646
Modified,dense_city,9,stuck_window_min,2,length_ratio,
Modified,dense_city,10,stuck_window_min,2,length_ratio,1.0598
Modified,dense_city,11,stuck_window_min,2,length_ratio,1.0919
Modified,dense_city,12,stuck_window_min,2,length_ratio,1.1184
Modified,dense_city,13,stuck_window_min,2,length_ratio,1.0385
Modified,dense_city,14,stuck_window_min,2,length_ratio,1.2152
Modified,dense_city,15,stuck_window_min,2,length_ratio,1.6834
Modified,dense_city,16,stuck_window_min,2,length_ratio,1.0636
Modified,dense_city,17,stuck_window_min,2,length_ratio,1.2487
Modified,dense_city,18,stuck_window_min,2,length_ratio,1.0966
Modified,dense_city,19,stuck_window_min,2,length_ratio,1.0644
Modified,dense_city,20,stuck_window_min,2,length_ratio,1.0395
Modified,dense_city,21,stuck_window_min,2,length_ratio,1.0528
Modified,dense_city,22,stuck_window_min,2,length_ratio,1.0201
Modified,dense_city,23,stuck_window_min,2,length_ratio,1.0648
Modified,dense_city,24,stuck_window_min,2,length_ratio,1.016
Modified,dense_city,25,stuck_window_min,2,length_ratio,1.0345
Modified,dense_city,26,stuck_window_min,2,length_ratio,1.0279
Modified,dense_city,27,stuck_window_min,2,length_ratio,1.0022
Modified,dense_city,28,stuck_window_min,2,length_ratio,1.0944
Modified,dense_city,29,stuck_window_min,2,length_ratio,1.1209
Modified,normal_city,0,stuck_window_min,4,length_ratio,1.0596
Modified,normal_city,1,stuck_window_min,4,length_ratio,1.1311
Modified,normal_city,2,stuck_window_min,4,length_ratio,1.0884
Modified,normal_city,3,stuck_window_min,4,length_ratio,1.0981
Modified,normal_city,4,stuck_window_min,4,length_ratio,1.1179
Modified,normal_city,5,stuck_window_min,4,length_ratio,1.0768
Modified,normal_city,6,stuck_window_min,4,length_ratio,1.0356
Modified,normal_city,7,stuck_window_min,4,length_ratio,1.0819
Modified,normal_city,8,stuck_window_min,4,length_ratio,1.3591
Modified,normal_city,9,stuck_window_min,4,length_ratio,1.044
Modified,normal_city,10,stuck_window_min,4,length_ratio,1.0621
Modified,normal_city,11,stuck_window_min,4,length_ratio,1.0689
Modified,normal_city,12,stuck_window_min,4,length_ratio,1.1473
Modified,normal_city,13,stuck_window_min,4,length_ratio,1.0814
Modified,normal_city,14,stuck_window_min,4,length_ratio,1.0513
Modified,normal_city,15,stuck_window_min,4,length_ratio,1.0577
Modified,normal_city,16,stuck_window_min,4,length_ratio,1.0438
Modified,normal_city,17,stuck_window_min,4,length_ratio,1.0607
Modified,normal_city,18,stuck_window_min,4,length_ratio,1.0673
Modified,normal_city,19,stuck_window_min,4,length_ratio,1.0751
Modified,normal_city,20,stuck_window_min,4,length_ratio,1.0692
Modified,normal_city,21,stuck_window_min,4,length_ratio,1.0837
Modified,normal_city,22,stuck_window_min,4,length_ratio,1.1305
Modified,normal_city,23,stuck_window_min,4,length_ratio,1.0729
Modified,normal_city,24,stuck_window_min,4,length_ratio,1.0734
Modified,normal_city,25,stuck_window_min,4,length_ratio,1.0897
Modified,normal_city,26,stuck_window_min,4,length_ratio,1.0305
Modified,normal_city,27,stuck_window_min,4,length_ratio,1.1233
Modified,normal_city,28,stuck_window_min,4,length_ratio,1.1137
Modified,normal_city,29,stuck_window_min,4,length_ratio,1.0432
Modified,blocked_road,0,stuck_window_min,4,length_ratio,1.3462
Modified,blocked_road,1,stuck_window_min,4,length_ratio,1.4008
Modified,blocked_road,2,stuck_window_min,4,length_ratio,1.2417
Modified,blocked_road,3,stuck_window_min,4,length_ratio,1.076
Modified,blocked_road,4,stuck_window_min,4,length_ratio,2.0281
Modified,blocked_road,5,stuck_window_min,4,length_ratio,1.4371
Modified,blocked_road,6,stuck_window_min,4,length_ratio,1.1316
Modified,blocked_road,7,stuck_window_min,4,length_ratio,1.0873
Modified,blocked_road,8,stuck_window_min,4,length_ratio,1.1558
Modified,blocked_road,9,stuck_window_min,4,length_ratio,1.1087
Modified,blocked_road,10,stuck_window_min,4,length_ratio,1.253
Modified,blocked_road,11,stuck_window_min,4,length_ratio,1.2422
Modified,blocked_road,12,stuck_window_min,4,length_ratio,1.3855
Modified,blocked_road,13,stuck_window_min,4,length_ratio,1.1321
Modified,blocked_road,14,stuck_window_min,4,length_ratio,1.3201
Modified,blocked_road,15,stuck_window_min,4,length_ratio,1.335
Modified,blocked_road,16,stuck_window_min,4,length_ratio,1.3358
Modified,blocked_road,17,stuck_window_min,4,length_ratio,1.0546
Modified,blocked_road,18,stuck_window_min,4,length_ratio,1.0944
Modified,blocked_road,19,stuck_window_min,4,length_ratio,1.3185
Modified,blocked_road,20,stuck_window_min,4,length_ratio,1.3108
Modified,blocked_road,21,stuck_window_min,4,length_ratio,1.1039
Modified,blocked_road,22,stuck_window_min,4,length_ratio,1.0388
Modified,blocked_road,23,stuck_window_min,4,length_ratio,0.9927
Modified,blocked_road,24,stuck_window_min,4,length_ratio,1.0603
Modified,blocked_road,25,stuck_window_min,4,length_ratio,1.0454
Modified,blocked_road,26,stuck_window_min,4,length_ratio,1.1015
Modified,blocked_road,27,stuck_window_min,4,length_ratio,1.0987
Modified,blocked_road,28,stuck_window_min,4,length_ratio,1.1078
Modified,blocked_road,29,stuck_window_min,4,length_ratio,1.0213
Modified,dense_city,0,stuck_window_min,4,length_ratio,1.1218
Modified,dense_city,1,stuck_window_min,4,length_ratio,1.0585
Modified,dense_city,2,stuck_window_min,4,length_ratio,1.3783
Modified,dense_city,3,stuck_window_min,4,length_ratio,1.0931
Modified,dense_city,4,stuck_window_min,4,length_ratio,1.0638
Modified,dense_city,5,stuck_window_min,4,length_ratio,1.0949
Modified,dense_city,6,stuck_window_min,4,length_ratio,1.1944
Modified,dense_city,7,stuck_window_min,4,length_ratio,1.3057
Modified,dense_city,8,stuck_window_min,4,length_ratio,1.0646
Modified,dense_city,9,stuck_window_min,4,length_ratio,
Modified,dense_city,10,stuck_window_min,4,length_ratio,1.0598
Modified,dense_city,11,stuck_window_min,4,length_ratio,1.0919
Modified,dense_city,12,stuck_window_min,4,length_ratio,1.1184
Modified,dense_city,13,stuck_window_min,4,length_ratio,1.0385
Modified,dense_city,14,stuck_window_min,4,length_ratio,1.2152
Modified,dense_city,15,stuck_window_min,4,length_ratio,1.6545
Modified,dense_city,16,stuck_window_min,4,length_ratio,1.0636
Modified,dense_city,17,stuck_window_min,4,length_ratio,1.2487
Modified,dense_city,18,stuck_window_min,4,length_ratio,1.0966
Modified,dense_city,19,stuck_window_min,4,length_ratio,1.0644
Modified,dense_city,20,stuck_window_min,4,length_ratio,1.0395
Modified,dense_city,21,stuck_window_min,4,length_ratio,1.0528
Modified,dense_city,22,stuck_window_min,4,length_ratio,1.0201
Modified,dense_city,23,stuck_window_min,4,length_ratio,1.0648
Modified,dense_city,24,stuck_window_min,4,length_ratio,1.016
Modified,dense_city,25,stuck_window_min,4,length_ratio,1.0345
Modified,dense_city,26,stuck_window_min,4,length_ratio,1.0279
Modified,dense_city,27,stuck_window_min,4,length_ratio,1.0022
Modified,dense_city,28,stuck_window_min,4,length_ratio,1.0944
Modified,dense_city,29,stuck_window_min,4,length_ratio,1.1209
Modified,normal_city,0,stuck_window_min,6,length_ratio,1.0596
Modified,normal_city,1,stuck_window_min,6,length_ratio,1.1311
Modified,normal_city,2,stuck_window_min,6,length_ratio,1.0884
Modified,normal_city,3,stuck_window_min,6,length_ratio,1.1293
Modified,normal_city,4,stuck_window_min,6,length_ratio,1.1179
Modified,normal_city,5,stuck_window_min,6,length_ratio,1.0768
Modified,normal_city,6,stuck_window_min,6,length_ratio,1.0356
Modified,normal_city,7,stuck_window_min,6,length_ratio,1.0819
Modified,normal_city,8,stuck_window_min,6,length_ratio,1.3967
Modified,normal_city,9,stuck_window_min,6,length_ratio,1.044
Modified,normal_city,10,stuck_window_min,6,length_ratio,1.0621
Modified,normal_city,11,stuck_window_min,6,length_ratio,1.0748
Modified,normal_city,12,stuck_window_min,6,length_ratio,1.1473
Modified,normal_city,13,stuck_window_min,6,length_ratio,1.0814
Modified,normal_city,14,stuck_window_min,6,length_ratio,1.0513
Modified,normal_city,15,stuck_window_min,6,length_ratio,1.0577
Modified,normal_city,16,stuck_window_min,6,length_ratio,1.0438
Modified,normal_city,17,stuck_window_min,6,length_ratio,1.0607
Modified,normal_city,18,stuck_window_min,6,length_ratio,1.0673
Modified,normal_city,19,stuck_window_min,6,length_ratio,1.0464
Modified,normal_city,20,stuck_window_min,6,length_ratio,1.0692
Modified,normal_city,21,stuck_window_min,6,length_ratio,1.0837
Modified,normal_city,22,stuck_window_min,6,length_ratio,1.1716
Modified,normal_city,23,stuck_window_min,6,length_ratio,1.0729
Modified,normal_city,24,stuck_window_min,6,length_ratio,1.0734
Modified,normal_city,25,stuck_window_min,6,length_ratio,1.0897
Modified,normal_city,26,stuck_window_min,6,length_ratio,1.0305
Modified,normal_city,27,stuck_window_min,6,length_ratio,1.1233
Modified,normal_city,28,stuck_window_min,6,length_ratio,1.1137
Modified,normal_city,29,stuck_window_min,6,length_ratio,1.0432
Modified,blocked_road,0,stuck_window_min,6,length_ratio,1.3462
Modified,blocked_road,1,stuck_window_min,6,length_ratio,1.4008
Modified,blocked_road,2,stuck_window_min,6,length_ratio,1.2417
Modified,blocked_road,3,stuck_window_min,6,length_ratio,1.076
Modified,blocked_road,4,stuck_window_min,6,length_ratio,1.4874
Modified,blocked_road,5,stuck_window_min,6,length_ratio,1.4371
Modified,blocked_road,6,stuck_window_min,6,length_ratio,1.1493
Modified,blocked_road,7,stuck_window_min,6,length_ratio,1.0873
Modified,blocked_road,8,stuck_window_min,6,length_ratio,1.1558
Modified,blocked_road,9,stuck_window_min,6,length_ratio,1.1087
Modified,blocked_road,10,stuck_window_min,6,length_ratio,1.253
Modified,blocked_road,11,stuck_window_min,6,length_ratio,1.2422
Modified,blocked_road,12,stuck_window_min,6,length_ratio,1.384
Modified,blocked_road,13,stuck_window_min,6,length_ratio,1.0847
Modified,blocked_road,14,stuck_window_min,6,length_ratio,1.3855
Modified,blocked_road,15,stuck_window_min,6,length_ratio,1.3707
Modified,blocked_road,16,stuck_window_min,6,length_ratio,1.3358
Modified,blocked_road,17,stuck_window_min,6,length_ratio,1.0546
Modified,blocked_road,18,stuck_window_min,6,length_ratio,1.0944
Modified,blocked_road,19,stuck_window_min,6,length_ratio,1.3185
Modified,blocked_road,20,stuck_window_min,6,length_ratio,1.3203
Modified,blocked_road,21,stuck_window_min,6,length_ratio,1.1039
Modified,blocked_road,22,stuck_window_min,6,length_ratio,1.0388
Modified,blocked_road,23,stuck_window_min,6,length_ratio,0.9927
Modified,blocked_road,24,stuck_window_min,6,length_ratio,1.0603
Modified,blocked_road,25,stuck_window_min,6,length_ratio,1.0454
Modified,blocked_road,26,stuck_window_min,6,length_ratio,1.1015
Modified,blocked_road,27,stuck_window_min,6,length_ratio,1.0987
Modified,blocked_road,28,stuck_window_min,6,length_ratio,1.1078
Modified,blocked_road,29,stuck_window_min,6,length_ratio,1.0213
Modified,dense_city,0,stuck_window_min,6,length_ratio,1.1218
Modified,dense_city,1,stuck_window_min,6,length_ratio,1.0585
Modified,dense_city,2,stuck_window_min,6,length_ratio,1.3783
Modified,dense_city,3,stuck_window_min,6,length_ratio,1.0931
Modified,dense_city,4,stuck_window_min,6,length_ratio,1.0638
Modified,dense_city,5,stuck_window_min,6,length_ratio,1.1636
Modified,dense_city,6,stuck_window_min,6,length_ratio,1.1944
Modified,dense_city,7,stuck_window_min,6,length_ratio,1.3057
Modified,dense_city,8,stuck_window_min,6,length_ratio,1.0646
Modified,dense_city,9,stuck_window_min,6,length_ratio,
Modified,dense_city,10,stuck_window_min,6,length_ratio,1.0598
Modified,dense_city,11,stuck_window_min,6,length_ratio,1.0919
Modified,dense_city,12,stuck_window_min,6,length_ratio,1.314
Modified,dense_city,13,stuck_window_min,6,length_ratio,1.0385
Modified,dense_city,14,stuck_window_min,6,length_ratio,1.2152
Modified,dense_city,15,stuck_window_min,6,length_ratio,1.6545
Modified,dense_city,16,stuck_window_min,6,length_ratio,1.0636
Modified,dense_city,17,stuck_window_min,6,length_ratio,1.2487
Modified,dense_city,18,stuck_window_min,6,length_ratio,1.0966
Modified,dense_city,19,stuck_window_min,6,length_ratio,1.0644
Modified,dense_city,20,stuck_window_min,6,length_ratio,1.0395
Modified,dense_city,21,stuck_window_min,6,length_ratio,1.0528
Modified,dense_city,22,stuck_window_min,6,length_ratio,1.0201
Modified,dense_city,23,stuck_window_min,6,length_ratio,1.0648
Modified,dense_city,24,stuck_window_min,6,length_ratio,1.016
Modified,dense_city,25,stuck_window_min,6,length_ratio,1.0345
Modified,dense_city,26,stuck_window_min,6,length_ratio,1.0279
Modified,dense_city,27,stuck_window_min,6,length_ratio,1.0022
Modified,dense_city,28,stuck_window_min,6,length_ratio,1.0944
Modified,dense_city,29,stuck_window_min,6,length_ratio,1.1209
Modified,normal_city,0,stuck_window_min,10,length_ratio,1.0596
Modified,normal_city,1,stuck_window_min,10,length_ratio,1.1311
Modified,normal_city,2,stuck_window_min,10,length_ratio,1.0884
Modified,normal_city,3,stuck_window_min,10,length_ratio,1.0608
Modified,normal_city,4,stuck_window_min,10,length_ratio,1.1179
Modified,normal_city,5,stuck_window_min,10,length_ratio,1.0768
Modified,normal_city,6,stuck_window_min,10,length_ratio,1.0356
Modified,normal_city,7,stuck_window_min,10,length_ratio,1.0819
Modified,normal_city,8,stuck_window_min,10,length_ratio,1.1061
Modified,normal_city,9,stuck_window_min,10,length_ratio,1.044
Modified,normal_city,10,stuck_window_min,10,length_ratio,1.0621
Modified,normal_city,11,stuck_window_min,10,length_ratio,1.0868
Modified,normal_city,12,stuck_window_min,10,length_ratio,1.1584
Modified,normal_city,13,stuck_window_min,10,length_ratio,1.0814
Modified,normal_city,14,stuck_window_min,10,length_ratio,1.0513
Modified,normal_city,15,stuck_window_min,10,length_ratio,1.0577
Modified,normal_city,16,stuck_window_min,10,length_ratio,1.0438
Modified,normal_city,17,stuck_window_min,10,length_ratio,1.0607
Modified,normal_city,18,stuck_window_min,10,length_ratio,1.0673
Modified,normal_city,19,stuck_window_min,10,length_ratio,1.0588
Modified,normal_city,20,stuck_window_min,10,length_ratio,1.0692
Modified,normal_city,21,stuck_window_min,10,length_ratio,1.0837
Modified,normal_city,22,stuck_window_min,10,length_ratio,1.1943
Modified,normal_city,23,stuck_window_min,10,length_ratio,1.0729
Modified,normal_city,24,stuck_window_min,10,length_ratio,1.0734
Modified,normal_city,25,stuck_window_min,10,length_ratio,1.0897
Modified,normal_city,26,stuck_window_min,10,length_ratio,1.0305
Modified,normal_city,27,stuck_window_min,10,length_ratio,1.14
Modified,normal_city,28,stuck_window_min,10,length_ratio,1.1137
Modified,normal_city,29,stuck_window_min,10,length_ratio,1.0432
Modified,blocked_road,0,stuck_window_min,10,length_ratio,1.3629
Modified,blocked_road,1,stuck_window_min,10,length_ratio,1.4237
Modified,blocked_road,2,stuck_window_min,10,length_ratio,1.2417
Modified,blocked_road,3,stuck_window_min,10,length_ratio,1.076
Modified,blocked_road,4,stuck_window_min,10,length_ratio,1.4311
Modified,blocked_road,5,stuck_window_min,10,length_ratio,1.4687
Modified,blocked_road,6,stuck_window_min,10,length_ratio,1.1034
Modified,blocked_road,7,stuck_window_min,10,length_ratio,1.0873
Modified,blocked_road,8,stuck_window_min,10,length_ratio,1.1558
Modified,blocked_road,9,stuck_window_min,10,length_ratio,1.1178
Modified,blocked_road,10,stuck_window_min,10,length_ratio,1.253
Modified,blocked_road,11,stuck_window_min,10,length_ratio,1.2422
Modified,blocked_road,12,stuck_window_min,10,length_ratio,1.367
Modified,blocked_road,13,stuck_window_min,10,length_ratio,1.0675
Modified,blocked_road,14,stuck_window_min,10,length_ratio,1.3404
Modified,blocked_road,15,stuck_window_min,10,length_ratio,1.3707
Modified,blocked_road,16,stuck_window_min,10,length_ratio,1.3551
Modified,blocked_road,17,stuck_window_min,10,length_ratio,1.0546
Modified,blocked_road,18,stuck_window_min,10,length_ratio,1.1015
Modified,blocked_road,19,stuck_window_min,10,length_ratio,1.3185
Modified,blocked_road,20,stuck_window_min,10,length_ratio,1.358
Modified,blocked_road,21,stuck_window_min,10,length_ratio,1.1039
Modified,blocked_road,22,stuck_window_min,10,length_ratio,1.0388
Modified,blocked_road,23,stuck_window_min,10,length_ratio,0.9927
Modified,blocked_road,24,stuck_window_min,10,length_ratio,1.0603
Modified,blocked_road,25,stuck_window_min,10,length_ratio,1.0454
Modified,blocked_road,26,stuck_window_min,10,length_ratio,1.1108
Modified,blocked_road,27,stuck_window_min,10,length_ratio,1.0987
Modified,blocked_road,28,stuck_window_min,10,length_ratio,1.1078
Modified,blocked_road,29,stuck_window_min,10,length_ratio,1.0213
Modified,dense_city,0,stuck_window_min,10,length_ratio,1.1218
Modified,dense_city,1,stuck_window_min,10,length_ratio,1.0585
Modified,dense_city,2,stuck_window_min,10,length_ratio,1.3783
Modified,dense_city,3,stuck_window_min,10,length_ratio,1.0931
Modified,dense_city,4,stuck_window_min,10,length_ratio,1.0638
Modified,dense_city,5,stuck_window_min,10,length_ratio,1.1636
Modified,dense_city,6,stuck_window_min,10,length_ratio,1.1944
Modified,dense_city,7,stuck_window_min,10,length_ratio,1.3234
Modified,dense_city,8,stuck_window_min,10,length_ratio,1.0646
Modified,dense_city,9,stuck_window_min,10,length_ratio,
Modified,dense_city,10,stuck_window_min,10,length_ratio,1.0598
Modified,dense_city,11,stuck_window_min,10,length_ratio,1.0919
Modified,dense_city,12,stuck_window_min,10,length_ratio,1.3236
Modified,dense_city,13,stuck_window_min,10,length_ratio,1.0385
Modified,dense_city,14,stuck_window_min,10,length_ratio,1.2152
Modified,dense_city,15,stuck_window_min,10,length_ratio,1.6545
Modified,dense_city,16,stuck_window_min,10,length_ratio,1.0636
Modified,dense_city,17,stuck_window_min,10,length_ratio,1.2487
Modified,dense_city,18,stuck_window_min,10,length_ratio,1.0966
Modified,dense_city,19,stuck_window_min,10,length_ratio,1.0644
Modified,dense_city,20,stuck_window_min,10,length_ratio,1.0395
Modified,dense_city,21,stuck_window_min,10,length_ratio,1.0528
Modified,dense_city,22,stuck_window_min,10,length_ratio,1.0201
Modified,dense_city,23,stuck_window_min,10,length_ratio,1.0648
Modified,dense_city,24,stuck_window_min,10,length_ratio,1.016
Modified,dense_city,25,stuck_window_min,10,length_ratio,1.0345
Modified,dense_city,26,stuck_window_min,10,length_ratio,1.0279
Modified,dense_city,27,stuck_window_min,10,length_ratio,1.0022
Modified,dense_city,28,stuck_window_min,10,length_ratio,1.0944
Modified,dense_city,29,stuck_window_min,10,length_ratio,1.1209
Modified,normal_city,0,stuck_window_min,2,curvature,0.3656
Modified,normal_city,1,stuck_window_min,2,curvature,0.6053
Modified,normal_city,2,stuck_window_min,2,curvature,0.4782
Modified,normal_city,3,stuck_window_min,2,curvature,0.3412
Modified,normal_city,4,stuck_window_min,2,curvature,0.6152
Modified,normal_city,5,stuck_window_min,2,curvature,0.4383
Modified,normal_city,6,stuck_window_min,2,curvature,0.0769
Modified,normal_city,7,stuck_window_min,2,curvature,0.4722
Modified,normal_city,8,stuck_window_min,2,curvature,0.3878
Modified,normal_city,9,stuck_window_min,2,curvature,0.0801
Modified,normal_city,10,stuck_window_min,2,curvature,0.4629
Modified,normal_city,11,stuck_window_min,2,curvature,0.4394
Modified,normal_city,12,stuck_window_min,2,curvature,0.2047
Modified,normal_city,13,stuck_window_min,2,curvature,0.4357
Modified,normal_city,14,stuck_window_min,2,curvature,0.3549
Modified,normal_city,15,stuck_window_min,2,curvature,0.4144
Modified,normal_city,16,stuck_window_min,2,curvature,0.3561
Modified,normal_city,17,stuck_window_min,2,curvature,0.0913
Modified,normal_city,18,stuck_window_min,2,curvature,0.4196
Modified,normal_city,19,stuck_window_min,2,curvature,0.2918
Modified,normal_city,20,stuck_window_min,2,curvature,0.4781
Modified,normal_city,21,stuck_window_min,2,curvature,0.5
Modified,normal_city,22,stuck_window_min,2,curvature,0.5542
Modified,normal_city,23,stuck_window_min,2,curvature,0.0828
Modified,normal_city,24,stuck_window_min,2,curvature,0.5509
Modified,normal_city,25,stuck_window_min,2,curvature,0.5089
Modified,normal_city,26,stuck_window_min,2,curvature,0.324
Modified,normal_city,27,stuck_window_min,2,curvature,0.6012
Modified,normal_city,28,stuck_window_min,2,curvature,0.5586
Modified,normal_city,29,stuck_window_min,2,curvature,0.3552
Modified,blocked_road,0,stuck_window_min,2,curvature,0.2458
Modified,blocked_road,1,stuck_window_min,2,curvature,0.2277
Modified,blocked_road,2,stuck_window_min,2,curvature,0.1745
Modified,blocked_road,3,stuck_window_min,2,curvature,0.0939
Modified,blocked_road,4,stuck_window_min,2,curvature,0.1948
Modified,blocked_road,5,stuck_window_min,2,curvature,0.2079
Modified,blocked_road,6,stuck_window_min,2,curvature,0.146
Modified,blocked_road,7,stuck_window_min,2,curvature,0.4942
Modified,blocked_road,8,stuck_window_min,2,curvature,0.0989
Modified,blocked_road,9,stuck_window_min,2,curvature,0.1744
Modified,blocked_road,10,stuck_window_min,2,curvature,0.0801
Modified,blocked_road,11,stuck_window_min,2,curvature,0.0748
Modified,blocked_road,12,stuck_window_min,2,curvature,0.0941
Modified,blocked_road,13,stuck_window_min,2,curvature,0.3127
Modified,blocked_road,14,stuck_window_min,2,curvature,0.1628
Modified,blocked_road,15,stuck_window_min,2,curvature,0.1811
Modified,blocked_road,16,stuck_window_min,2,curvature,0.2235
Modified,blocked_road,17,stuck_window_min,2,curvature,0.0774
Modified,blocked_road,18,stuck_window_min,2,curvature,0.452
Modified,blocked_road,19,stuck_window_min,2,curvature,0.165
Modified,blocked_road,20,stuck_window_min,2,curvature,0.1793
Modified,blocked_road,21,stuck_window_min,2,curvature,0.0653
Modified,blocked_road,22,stuck_window_min,2,curvature,0.0639
Modified,blocked_road,23,stuck_window_min,2,curvature,0.0763
Modified,blocked_road,24,stuck_window_min,2,curvature,0.1098
Modified,blocked_road,25,stuck_window_min,2,curvature,0.0905
Modified,blocked_road,26,stuck_window_min,2,curvature,0.1793
Modified,blocked_road,27,stuck_window_min,2,curvature,0.1311
Modified,blocked_road,28,stuck_window_min,2,curvature,0.1155
Modified,blocked_road,29,stuck_window_min,2,curvature,0.1156
Modified,dense_city,0,stuck_window_min,2,curvature,0.1198
Modified,dense_city,1,stuck_window_min,2,curvature,0.0443
Modified,dense_city,2,stuck_window_min,2,curvature,0.0794
Modified,dense_city,3,stuck_window_min,2,curvature,0.0908
Modified,dense_city,4,stuck_window_min,2,curvature,0.0533
Modified,dense_city,5,stuck_window_min,2,curvature,0.3253
Modified,dense_city,6,stuck_window_min,2,curvature,0.101
Modified,dense_city,7,stuck_window_min,2,curvature,0.3444
Modified,dense_city,8,stuck_window_min,2,curvature,0.0608
Modified,dense_city,9,stuck_window_min,2,curvature,
Modified,dense_city,10,stuck_window_min,2,curvature,0.0747
Modified,dense_city,11,stuck_window_min,2,curvature,0.0591
Modified,dense_city,12,stuck_window_min,2,curvature,0.2177
Modified,dense_city,13,stuck_window_min,2,curvature,0.0603
Modified,dense_city,14,stuck_window_min,2,curvature,0.1065
Modified,dense_city,15,stuck_window_min,2,curvature,0.1376
Modified,dense_city,16,stuck_window_min,2,curvature,0.0783
Modified,dense_city,17,stuck_window_min,2,curvature,0.0635
Modified,dense_city,18,stuck_window_min,2,curvature,0.1165
Modified,dense_city,19,stuck_window_min,2,curvature,0.0693
Modified,dense_city,20,stuck_window_min,2,curvature,0.1026
Modified,dense_city,21,stuck_window_min,2,curvature,0.0696
Modified,dense_city,22,stuck_window_min,2,curvature,0.0663
Modified,dense_city,23,stuck_window_min,2,curvature,0.0741
Modified,dense_city,24,stuck_window_min,2,curvature,0.0768
Modified,dense_city,25,stuck_window_min,2,curvature,0.0872
Modified,dense_city,26,stuck_window_min,2,curvature,0.0679
Modified,dense_city,27,stuck_window_min,2,curvature,0.0766
Modified,dense_city,28,stuck_window_min,2,curvature,0.0383
Modified,dense_city,29,stuck_window_min,2,curvature,0.0644
Modified,normal_city,0,stuck_window_min,4,curvature,0.3656
Modified,normal_city,1,stuck_window_min,4,curvature,0.6053
Modified,normal_city,2,stuck_window_min,4,curvature,0.4782
Modified,normal_city,3,stuck_window_min,4,curvature,0.4025
Modified,normal_city,4,stuck_window_min,4,curvature,0.6152
Modified,normal_city,5,stuck_window_min,4,curvature,0.4383
Modified,normal_city,6,stuck_window_min,4,curvature,0.0769
Modified,normal_city,7,stuck_window_min,4,curvature,0.4722
Modified,normal_city,8,stuck_window_min,4,curvature,0.323
Modified,normal_city,9,stuck_window_min,4,curvature,0.0801
Modified,normal_city,10,stuck_window_min,4,curvature,0.4629
Modified,normal_city,11,stuck_window_min,4,curvature,0.4538
Modified,normal_city,12,stuck_window_min,4,curvature,0.2408
Modified,normal_city,13,stuck_window_min,4,curvature,0.4357
Modified,normal_city,14,stuck_window_min,4,curvature,0.3549
Modified,normal_city,15,stuck_window_min,4,curvature,0.4144
Modified,normal_city,16,stuck_window_min,4,curvature,0.3561
Modified,normal_city,17,stuck_window_min,4,curvature,0.0913
Modified,normal_city,18,stuck_window_min,4,curvature,0.4196
Modified,normal_city,19,stuck_window_min,4,curvature,0.2918
Modified,normal_city,20,stuck_window_min,4,curvature,0.4781
Modified,normal_city,21,stuck_window_min,4,curvature,0.5
Modified,normal_city,22,stuck_window_min,4,curvature,0.5958
Modified,normal_city,23,stuck_window_min,4,curvature,0.0828
Modified,normal_city,24,stuck_window_min,4,curvature,0.4465
Modified,normal_city,25,stuck_window_min,4,curvature,0.5089
Modified,normal_city,26,stuck_window_min,4,curvature,0.324
Modified,normal_city,27,stuck_window_min,4,curvature,0.6126
Modified,normal_city,28,stuck_window_min,4,curvature,0.5586
Modified,normal_city,29,stuck_window_min,4,curvature,0.3552
Modified,blocked_road,0,stuck_window_min,4,curvature,0.2725
Modified,blocked_road,1,stuck_window_min,4,curvature,0.2277
Modified,blocked_road,2,stuck_window_min,4,curvature,0.1745
Modified,blocked_road,3,stuck_window_min,4,curvature,0.0939
Modified,blocked_road,4,stuck_window_min,4,curvature,0.1549
Modified,blocked_road,5,stuck_window_min,4,curvature,0.2213
Modified,blocked_road,6,stuck_window_min,4,curvature,0.1369
Modified,blocked_road,7,stuck_window_min,4,curvature,0.4942
Modified,blocked_road,8,stuck_window_min,4,curvature,0.0989
Modified,blocked_road,9,stuck_window_min,4,curvature,0.2107
Modified,blocked_road,10,stuck_window_min,4,curvature,0.0801
Modified,blocked_road,11,stuck_window_min,4,curvature,0.0748
Modified,blocked_road,12,stuck_window_min,4,curvature,0.1317
Modified,blocked_road,13,stuck_window_min,4,curvature,0.4438
Modified,blocked_road,14,stuck_window_min,4,curvature,0.2141
Modified,blocked_road,15,stuck_window_min,4,curvature,0.2221
Modified,blocked_road,16,stuck_window_min,4,curvature,0.2502
Modified,blocked_road,17,stuck_window_min,4,curvature,0.0774
Modified,blocked_road,18,stuck_window_min,4,curvature,0.452
Modified,blocked_road,19,stuck_window_min,4,curvature,0.165
Modified,blocked_road,20,stuck_window_min,4,curvature,0.1961
Modified,blocked_road,21,stuck_window_min,4,curvature,0.0653
Modified,blocked_road,22,stuck_window_min,4,curvature,0.0639
Modified,blocked_road,23,stuck_window_min,4,curvature,0.0763
Modified,blocked_road,24,stuck_window_min,4,curvature,0.1098
Modified,blocked_road,25,stuck_window_min,4,curvature,0.3728
Modified,blocked_road,26,stuck_window_min,4,curvature,0.2155
Modified,blocked_road,27,stuck_window_min,4,curvature,0.1311
Modified,blocked_road,28,stuck_window_min,4,curvature,0.1155
Modified,blocked_road,29,stuck_window_min,4,curvature,0.1156
Modified,dense_city,0,stuck_window_min,4,curvature,0.1198
Modified,dense_city,1,stuck_window_min,4,curvature,0.0443
Modified,dense_city,2,stuck_window_min,4,curvature,0.0794
Modified,dense_city,3,stuck_window_min,4,curvature,0.0908
Modified,dense_city,4,stuck_window_min,4,curvature,0.0533
Modified,dense_city,5,stuck_window_min,4,curvature,0.3728
Modified,dense_city,6,stuck_window_min,4,curvature,0.101
Modified,dense_city,7,stuck_window_min,4,curvature,0.4446
Modified,dense_city,8,stuck_window_min,4,curvature,0.0608
Modified,dense_city,9,stuck_window_min,4,curvature,
Modified,dense_city,10,stuck_window_min,4,curvature,0.0747
Modified,dense_city,11,stuck_window_min,4,curvature,0.0591
Modified,dense_city,12,stuck_window_min,4,curvature,0.2177
Modified,dense_city,13,stuck_window_min,4,curvature,0.0603
Modified,dense_city,14,stuck_window_min,4,curvature,0.1065
Modified,dense_city,15,stuck_window_min,4,curvature,0.1686
Modified,dense_city,16,stuck_window_min,4,curvature,0.0783
Modified,dense_city,17,stuck_window_min,4,curvature,0.0635
Modified,dense_city,18,stuck_window_min,4,curvature,0.1165
Modified,dense_city,19,stuck_window_min,4,curvature,0.0693
Modified,dense_city,20,stuck_window_min,4,curvature,0.1026
Modified,dense_city,21,stuck_window_min,4,curvature,0.0696
Modified,dense_city,22,stuck_window_min,4,curvature,0.0663
Modified,dense_city,23,stuck_window_min,4,curvature,0.0741
Modified,dense_city,24,stuck_window_min,4,curvature,0.0768
Modified,dense_city,25,stuck_window_min,4,curvature,0.0872
Modified,dense_city,26,stuck_window_min,4,curvature,0.0679
Modified,dense_city,27,stuck_window_min,4,curvature,0.0766
Modified,dense_city,28,stuck_window_min,4,curvature,0.0383
Modified,dense_city,29,stuck_window_min,4,curvature,0.0644
Modified,normal_city,0,stuck_window_min,6,curvature,0.3656
Modified,normal_city,1,stuck_window_min,6,curvature,0.6053
Modified,normal_city,2,stuck_window_min,6,curvature,0.4782
Modified,normal_city,3,stuck_window_min,6,curvature,0.5948
Modified,normal_city,4,stuck_window_min,6,curvature,0.6152
Modified,normal_city,5,stuck_window_min,6,curvature,0.4383
Modified,normal_city,6,stuck_window_min,6,curvature,0.0769
Modified,normal_city,7,stuck_window_min,6,curvature,0.4722
Modified,normal_city,8,stuck_window_min,6,curvature,0.3491
Modified,normal_city,9,stuck_window_min,6,curvature,0.0801
Modified,normal_city,10,stuck_window_min,6,curvature,0.4629
Modified,normal_city,11,stuck_window_min,6,curvature,0.4732
Modified,normal_city,12,stuck_window_min,6,curvature,0.2408
Modified,normal_city,13,stuck_window_min,6,curvature,0.4357
Modified,normal_city,14,stuck_window_min,6,curvature,0.3549
Modified,normal_city,15,stuck_window_min,6,curvature,0.4144
Modified,normal_city,16,stuck_window_min,6,curvature,0.3561
Modified,normal_city,17,stuck_window_min,6,curvature,0.0913
Modified,normal_city,18,stuck_window_min,6,curvature,0.4196
Modified,normal_city,19,stuck_window_min,6,curvature,0.3085
Modified,normal_city,20,stuck_window_min,6,curvature,0.4781
Modified,normal_city,21,stuck_window_min,6,curvature,0.5
Modified,normal_city,22,stuck_window_min,6,curvature,0.7395
Modified,normal_city,23,stuck_window_min,6,curvature,0.0828
Modified,normal_city,24,stuck_window_min,6,curvature,0.4465
Modified,normal_city,25,stuck_window_min,6,curvature,0.5089
Modified,normal_city,26,stuck_window_min,6,curvature,0.324
Modified,normal_city,27,stuck_window_min,6,curvature,0.6126
Modified,normal_city,28,stuck_window_min,6,curvature,0.5586
Modified,normal_city,29,stuck_window_min,6,curvature,0.3552
Modified,blocked_road,0,stuck_window_min,6,curvature,0.2725
Modified,blocked_road,1,stuck_window_min,6,curvature,0.2277
Modified,blocked_road,2,stuck_window_min,6,curvature,0.1745
Modified,blocked_road,3,stuck_window_min,6,curvature,0.0939
Modified,blocked_road,4,stuck_window_min,6,curvature,0.2087
Modified,blocked_road,5,stuck_window_min,6,curvature,0.2213
Modified,blocked_road,6,stuck_window_min,6,curvature,0.1483
Modified,blocked_road,7,stuck_window_min,6,curvature,0.4942
Modified,blocked_road,8,stuck_window_min,6,curvature,0.0989
Modified,blocked_road,9,stuck_window_min,6,curvature,0.2107
Modified,blocked_road,10,stuck_window_min,6,curvature,0.0801
Modified,blocked_road,11,stuck_window_min,6,curvature,0.0748
Modified,blocked_road,12,stuck_window_min,6,curvature,0.1358
Modified,blocked_road,13,stuck_window_min,6,curvature,0.3148
Modified,blocked_road,14,stuck_window_min,6,curvature,0.2077
Modified,blocked_road,15,stuck_window_min,6,curvature,0.2622
Modified,blocked_road,16,stuck_window_min,6,curvature,0.2502
Modified,blocked_road,17,stuck_window_min,6,curvature,0.0774
Modified,blocked_road,18,stuck_window_min,6,curvature,0.452
Modified,blocked_road,19,stuck_window_min,6,curvature,0.165
Modified,blocked_road,20,stuck_window_min,6,curvature,0.2259
Modified,blocked_road,21,stuck_window_min,6,curvature,0.0653
Modified,blocked_road,22,stuck_window_min,6,curvature,0.0639
Modified,blocked_road,23,stuck_window_min,6,curvature,0.0763
Modified,blocked_road,24,stuck_window_min,6,curvature,0.1098
Modified,blocked_road,25,stuck_window_min,6,curvature,0.3728
Modified,blocked_road,26,stuck_window_min,6,curvature,0.2155
Modified,blocked_road,27,stuck_window_min,6,curvature,0.1311
Modified,blocked_road,28,stuck_window_min,6,curvature,0.1155
Modified,blocked_road,29,stuck_window_min,6,curvature,0.1156
Modified,dense_city,0,stuck_window_min,6,curvature,0.1198
Modified,dense_city,1,stuck_window_min,6,curvature,0.0443
Modified,dense_city,2,stuck_window_min,6,curvature,0.0794
Modified,dense_city,3,stuck_window_min,6,curvature,0.0908
Modified,dense_city,4,stuck_window_min,6,curvature,0.0533
Modified,dense_city,5,stuck_window_min,6,curvature,0.6766
Modified,dense_city,6,stuck_window_min,6,curvature,0.101
Modified,dense_city,7,stuck_window_min,6,curvature,0.4446
Modified,dense_city,8,stuck_window_min,6,curvature,0.0608
Modified,dense_city,9,stuck_window_min,6,curvature,
Modified,dense_city,10,stuck_window_min,6,curvature,0.0747
Modified,dense_city,11,stuck_window_min,6,curvature,0.0591
Modified,dense_city,12,stuck_window_min,6,curvature,0.2079
Modified,dense_city,13,stuck_window_min,6,curvature,0.0603
Modified,dense_city,14,stuck_window_min,6,curvature,0.1065
Modified,dense_city,15,stuck_window_min,6,curvature,0.1686
Modified,dense_city,16,stuck_window_min,6,curvature,0.0783
Modified,dense_city,17,stuck_window_min,6,curvature,0.0635
Modified,dense_city,18,stuck_window_min,6,curvature,0.1165
Modified,dense_city,19,stuck_window_min,6,curvature,0.0693
Modified,dense_city,20,stuck_window_min,6,curvature,0.1026
Modified,dense_city,21,stuck_window_min,6,curvature,0.0696
Modified,dense_city,22,stuck_window_min,6,curvature,0.0663
Modified,dense_city,23,stuck_window_min,6,curvature,0.0741
Modified,dense_city,24,stuck_window_min,6,curvature,0.0768
Modified,dense_city,25,stuck_window_min,6,curvature,0.0872
Modified,dense_city,26,stuck_window_min,6,curvature,0.0679
Modified,dense_city,27,stuck_window_min,6,curvature,0.0766
Modified,dense_city,28,stuck_window_min,6,curvature,0.0383
Modified,dense_city,29,stuck_window_min,6,curvature,0.0644
Modified,normal_city,0,stuck_window_min,10,curvature,0.3656
Modified,normal_city,1,stuck_window_min,10,curvature,0.6053
Modified,normal_city,2,stuck_window_min,10,curvature,0.4782
Modified,normal_city,3,stuck_window_min,10,curvature,0.3942
Modified,normal_city,4,stuck_window_min,10,curvature,0.6152
Modified,normal_city,5,stuck_window_min,10,curvature,0.4383
Modified,normal_city,6,stuck_window_min,10,curvature,0.0769
Modified,normal_city,7,stuck_window_min,10,curvature,0.4722
Modified,normal_city,8,stuck_window_min,10,curvature,0.5408
Modified,normal_city,9,stuck_window_min,10,curvature,0.0801
Modified,normal_city,10,stuck_window_min,10,curvature,0.4629
Modified,normal_city,11,stuck_window_min,10,curvature,0.5028
Modified,normal_city,12,stuck_window_min,10,curvature,0.2766
Modified,normal_city,13,stuck_window_min,10,curvature,0.4357
Modified,normal_city,14,stuck_window_min,10,curvature,0.3549
Modified,normal_city,15,stuck_window_min,10,curvature,0.4144
Modified,normal_city,16,stuck_window_min,10,curvature,0.3561
Modified,normal_city,17,stuck_window_min,10,curvature,0.0913
Modified,normal_city,18,stuck_window_min,10,curvature,0.4196
Modified,normal_city,19,stuck_window_min,10,curvature,0.3279
Modified,normal_city,20,stuck_window_min,10,curvature,0.4781
Modified,normal_city,21,stuck_window_min,10,curvature,0.5
Modified,normal_city,22,stuck_window_min,10,curvature,0.8633
Modified,normal_city,23,stuck_window_min,10,curvature,0.0828
Modified,normal_city,24,stuck_window_min,10,curvature,0.4465
Modified,normal_city,25,stuck_window_min,10,curvature,0.5089
Modified,normal_city,26,stuck_window_min,10,curvature,0.324
Modified,normal_city,27,stuck_window_min,10,curvature,0.6566
Modified,normal_city,28,stuck_window_min,10,curvature,0.5586
Modified,normal_city,29,stuck_window_min,10,curvature,0.3552
Modified,blocked_road,0,stuck_window_min,10,curvature,0.3
Modified,blocked_road,1,stuck_window_min,10,curvature,0.2868
Modified,blocked_road,2,stuck_window_min,10,curvature,0.1745
Modified,blocked_road,3,stuck_window_min,10,curvature,0.0939
Modified,blocked_road,4,stuck_window_min,10,curvature,0.2451
Modified,blocked_road,5,stuck_window_min,10,curvature,0.2384
Modified,blocked_road,6,stuck_window_min,10,curvature,0.1652
Modified,blocked_road,7,stuck_window_min,10,curvature,0.4942
Modified,blocked_road,8,stuck_window_min,10,curvature,0.0989
Modified,blocked_road,9,stuck_window_min,10,curvature,0.2666
Modified,blocked_road,10,stuck_window_min,10,curvature,0.0801
Modified,blocked_road,11,stuck_window_min,10,curvature,0.0748
Modified,blocked_road,12,stuck_window_min,10,curvature,0.1694
Modified,blocked_road,13,stuck_window_min,10,curvature,0.3124
Modified,blocked_road,14,stuck_window_min,10,curvature,0.271
Modified,blocked_road,15,stuck_window_min,10,curvature,0.2622
Modified,blocked_road,16,stuck_window_min,10,curvature,0.2752
Modified,blocked_road,17,stuck_window_min,10,curvature,0.0774
Modified,blocked_road,18,stuck_window_min,10,curvature,0.4813
Modified,blocked_road,19,stuck_window_min,10,curvature,0.165
Modified,blocked_road,20,stuck_window_min,10,curvature,0.2369
Modified,blocked_road,21,stuck_window_min,10,curvature,0.0653
Modified,blocked_road,22,stuck_window_min,10,curvature,0.0639
Modified,blocked_road,23,stuck_window_min,10,curvature,0.0763
Modified,blocked_road,24,stuck_window_min,10,curvature,0.1098
Modified,blocked_road,25,stuck_window_min,10,curvature,0.3728
Modified,blocked_road,26,stuck_window_min,10,curvature,0.2512
Modified,blocked_road,27,stuck_window_min,10,curvature,0.1311
Modified,blocked_road,28,stuck_window_min,10,curvature,0.1155
Modified,blocked_road,29,stuck_window_min,10,curvature,0.1156
Modified,dense_city,0,stuck_window_min,10,curvature,0.1198
Modified,dense_city,1,stuck_window_min,10,curvature,0.0443
Modified,dense_city,2,stuck_window_min,10,curvature,0.0794
Modified,dense_city,3,stuck_window_min,10,curvature,0.0908
Modified,dense_city,4,stuck_window_min,10,curvature,0.0533
Modified,dense_city,5,stuck_window_min,10,curvature,0.6766
Modified,dense_city,6,stuck_window_min,10,curvature,0.101
Modified,dense_city,7,stuck_window_min,10,curvature,0.4834
Modified,dense_city,8,stuck_window_min,10,curvature,0.0608
Modified,dense_city,9,stuck_window_min,10,curvature,
Modified,dense_city,10,stuck_window_min,10,curvature,0.0747
Modified,dense_city,11,stuck_window_min,10,curvature,0.0591
Modified,dense_city,12,stuck_window_min,10,curvature,0.239
Modified,dense_city,13,stuck_window_min,10,curvature,0.0603
Modified,dense_city,14,stuck_window_min,10,curvature,0.1065
Modified,dense_city,15,stuck_window_min,10,curvature,0.1686
Modified,dense_city,16,stuck_window_min,10,curvature,0.0783
Modified,dense_city,17,stuck_window_min,10,curvature,0.0635
Modified,dense_city,18,stuck_window_min,10,curvature,0.1165
Modified,dense_city,19,stuck_window_min,10,curvature,0.0693
Modified,dense_city,20,stuck_window_min,10,curvature,0.1026
Modified,dense_city,21,stuck_window_min,10,curvature,0.0696
Modified,dense_city,22,stuck_window_min,10,curvature,0.0663
Modified,dense_city,23,stuck_window_min,10,curvature,0.0741
Modified,dense_city,24,stuck_window_min,10,curvature,0.0768
Modified,dense_city,25,stuck_window_min,10,curvature,0.0872
Modified,dense_city,26,stuck_window_min,10,curvature,0.0679
Modified,dense_city,27,stuck_window_min,10,curvature,0.0766
Modified,dense_city,28,stuck_window_min,10,curvature,0.0383
Modified,dense_city,29,stuck_window_min,10,curvature,0.0644
Modified,normal_city,0,stuck_window_min,2,max_curvature,2.2033
Modified,normal_city,1,stuck_window_min,2,max_curvature,3.0624
Modified,normal_city,2,stuck_window_min,2,max_curvature,3.3136
Modified,normal_city,3,stuck_window_min,2,max_curvature,2.5466
Modified,normal_city,4,stuck_window_min,2,max_curvature,3.9804
Modified,normal_city,5,stuck_window_min,2,max_curvature,2.8413
Modified,normal_city,6,stuck_window_min,2,max_curvature,1.2789
Modified,normal_city,7,stuck_window_min,2,max_curvature,3.7787
Modified,normal_city,8,stuck_window_min,2,max_curvature,5.2687
Modified,normal_city,9,stuck_window_min,2,max_curvature,1.3016
Modified,normal_city,10,stuck_window_min,2,max_curvature,3.1554
Modified,normal_city,11,stuck_window_min,2,max_curvature,5.5244
Modified,normal_city,12,stuck_window_min,2,max_curvature,8.2568
Modified,normal_city,13,stuck_window_min,2,max_curvature,1.8712
Modified,normal_city,14,stuck_window_min,2,max_curvature,1.6253
Modified,normal_city,15,stuck_window_min,2,max_curvature,1.6217
Modified,normal_city,16,stuck_window_min,2,max_curvature,1.6973
Modified,normal_city,17,stuck_window_min,2,max_curvature,2.2736
Modified,normal_city,18,stuck_window_min,2,max_curvature,1.8452
Modified,normal_city,19,stuck_window_min,2,max_curvature,11.6428
Modified,normal_city,20,stuck_window_min,2,max_curvature,2.4635
Modified,normal_city,21,stuck_window_min,2,max_curvature,3.0115
Modified,normal_city,22,stuck_window_min,2,max_curvature,2.9008
Modified,normal_city,23,stuck_window_min,2,max_curvature,0.9687
Modified,normal_city,24,stuck_window_min,2,max_curvature,3.9007
Modified,normal_city,25,stuck_window_min,2,max_curvature,2.7863
Modified,normal_city,26,stuck_window_min,2,max_curvature,1.5596
Modified,normal_city,27,stuck_window_min,2,max_curvature,4.4637
Modified,normal_city,28,stuck_window_min,2,max_curvature,3.7768
Modified,normal_city,29,stuck_window_min,2,max_curvature,1.8672
Modified,blocked_road,0,stuck_window_min,2,max_curvature,4.4665
Modified,blocked_road,1,stuck_window_min,2,max_curvature,2.8714
Modified,blocked_road,2,stuck_window_min,2,max_curvature,2.805
Modified,blocked_road,3,stuck_window_min,2,max_curvature,1.3089
Modified,blocked_road,4,stuck_window_min,2,max_curvature,3.4623
Modified,blocked_road,5,stuck_window_min,2,max_curvature,5.4929
Modified,blocked_road,6,stuck_window_min,2,max_curvature,3.6852
Modified,blocked_road,7,stuck_window_min,2,max_curvature,3.868
Modified,blocked_road,8,stuck_window_min,2,max_curvature,3.263
Modified,blocked_road,9,stuck_window_min,2,max_curvature,10.8622
Modified,blocked_road,10,stuck_window_min,2,max_curvature,3.1264
Modified,blocked_road,11,stuck_window_min,2,max_curvature,3.5317
Modified,blocked_road,12,stuck_window_min,2,max_curvature,3.2573
Modified,blocked_road,13,stuck_window_min,2,max_curvature,2.7976
Modified,blocked_road,14,stuck_window_min,2,max_curvature,5.7195
Modified,blocked_road,15,stuck_window_min,2,max_curvature,6.126
Modified,blocked_road,16,stuck_window_min,2,max_curvature,4.617
Modified,blocked_road,17,stuck_window_min,2,max_curvature,2.0361
Modified,blocked_road,18,stuck_window_min,2,max_curvature,7.4232
Modified,blocked_road,19,stuck_window_min,2,max_curvature,2.1394
Modified,blocked_road,20,stuck_window_min,2,max_curvature,1.2986
Modified,blocked_road,21,stuck_window_min,2,max_curvature,4.6859
Modified,blocked_road,22,stuck_window_min,2,max_curvature,1.4738
Modified,blocked_road,23,stuck_window_min,2,max_curvature,0.8004
Modified,blocked_road,24,stuck_window_min,2,max_curvature,4.3535
Modified,blocked_road,25,stuck_window_min,2,max_curvature,1.6332
Modified,blocked_road,26,stuck_window_min,2,max_curvature,12.2745
Modified,blocked_road,27,stuck_window_min,2,max_curvature,5.6346
Modified,blocked_road,28,stuck_window_min,2,max_curvature,5.1027
Modified,blocked_road,29,stuck_window_min,2,max_curvature,1.3326
Modified,dense_city,0,stuck_window_min,2,max_curvature,2.964
Modified,dense_city,1,stuck_window_min,2,max_curvature,1.284
Modified,dense_city,2,stuck_window_min,2,max_curvature,4.5315
Modified,dense_city,3,stuck_window_min,2,max_curvature,4.6525
Modified,dense_city,4,stuck_window_min,2,max_curvature,1.6778
Modified,dense_city,5,stuck_window_min,2,max_curvature,1.7251
Modified,dense_city,6,stuck_window_min,2,max_curvature,1.2
Modified,dense_city,7,stuck_window_min,2,max_curvature,1.7069
Modified,dense_city,8,stuck_window_min,2,max_curvature,1.4281
Modified,dense_city,9,stuck_window_min,2,max_curvature,
Modified,dense_city,10,stuck_window_min,2,max_curvature,1.3357
Modified,dense_city,11,stuck_window_min,2,max_curvature,1.7391
Modified,dense_city,12,stuck_window_min,2,max_curvature,4.1934
Modified,dense_city,13,stuck_window_min,2,max_curvature,1.3643
Modified,dense_city,14,stuck_window_min,2,max_curvature,4.0662
Modified,dense_city,15,stuck_window_min,2,max_curvature,3.6851
Modified,dense_city,16,stuck_window_min,2,max_curvature,2.1306
Modified,dense_city,17,stuck_window_min,2,max_curvature,4.0171
Modified,dense_city,18,stuck_window_min,2,max_curvature,3.9746
Modified,dense_city,19,stuck_window_min,2,max_curvature,2.2591
Modified,dense_city,20,stuck_window_min,2,max_curvature,1.911
Modified,dense_city,21,stuck_window_min,2,max_curvature,1.5462
Modified,dense_city,22,stuck_window_min,2,max_curvature,1.4091
Modified,dense_city,23,stuck_window_min,2,max_curvature,1.5618
Modified,dense_city,24,stuck_window_min,2,max_curvature,1.4492
Modified,dense_city,25,stuck_window_min,2,max_curvature,1.4665
Modified,dense_city,26,stuck_window_min,2,max_curvature,1.5609
Modified,dense_city,27,stuck_window_min,2,max_curvature,1.0189
Modified,dense_city,28,stuck_window_min,2,max_curvature,1.1004
Modified,dense_city,29,stuck_window_min,2,max_curvature,1.3793
Modified,normal_city,0,stuck_window_min,4,max_curvature,2.2033
Modified,normal_city,1,stuck_window_min,4,max_curvature,3.0624
Modified,normal_city,2,stuck_window_min,4,max_curvature,3.3136
Modified,normal_city,3,stuck_window_min,4,max_curvature,2.8915
Modified,normal_city,4,stuck_window_min,4,max_curvature,3.9804
Modified,normal_city,5,stuck_window_min,4,max_curvature,2.8413
Modified,normal_city,6,stuck_window_min,4,max_curvature,1.2789
Modified,normal_city,7,stuck_window_min,4,max_curvature,3.7787
Modified,normal_city,8,stuck_window_min,4,max_curvature,6.0915
Modified,normal_city,9,stuck_window_min,4,max_curvature,1.3016
Modified,normal_city,10,stuck_window_min,4,max_curvature,3.1554
Modified,normal_city,11,stuck_window_min,4,max_curvature,5.7435
Modified,normal_city,12,stuck_window_min,4,max_curvature,10.4322
Modified,normal_city,13,stuck_window_min,4,max_curvature,1.8712
Modified,normal_city,14,stuck_window_min,4,max_curvature,1.6253
Modified,normal_city,15,stuck_window_min,4,max_curvature,1.6217
Modified,normal_city,16,stuck_window_min,4,max_curvature,1.6973
Modified,normal_city,17,stuck_window_min,4,max_curvature,2.2736
Modified,normal_city,18,stuck_window_min,4,max_curvature,1.8452
Modified,normal_city,19,stuck_window_min,4,max_curvature,11.6428
Modified,normal_city,20,stuck_window_min,4,max_curvature,2.4635
Modified,normal_city,21,stuck_window_min,4,max_curvature,3.0115
Modified,normal_city,22,stuck_window_min,4,max_curvature,3.2756
Modified,normal_city,23,stuck_window_min,4,max_curvature,0.9687
Modified,normal_city,24,stuck_window_min,4,max_curvature,2.0847
Modified,normal_city,25,stuck_window_min,4,max_curvature,2.7863
Modified,normal_city,26,stuck_window_min,4,max_curvature,1.5596
Modified,normal_city,27,stuck_window_min,4,max_curvature,4.5341
Modified,normal_city,28,stuck_window_min,4,max_curvature,3.7768
Modified,normal_city,29,stuck_window_min,4,max_curvature,1.8672
Modified,blocked_road,0,stuck_window_min,4,max_curvature,5.7702
Modified,blocked_road,1,stuck_window_min,4,max_curvature,2.8714
Modified,blocked_road,2,stuck_window_min,4,max_curvature,2.805
Modified,blocked_road,3,stuck_window_min,4,max_curvature,1.3089
Modified,blocked_road,4,stuck_window_min,4,max_curvature,4.5255
Modified,blocked_road,5,stuck_window_min,4,max_curvature,5.3251
Modified,blocked_road,6,stuck_window_min,4,max_curvature,3.3082
Modified,blocked_road,7,stuck_window_min,4,max_curvature,3.868
Modified,blocked_road,8,stuck_window_min,4,max_curvature,3.263
Modified,blocked_road,9,stuck_window_min,4,max_curvature,9.723
Modified,blocked_road,10,stuck_window_min,4,max_curvature,3.1264
Modified,blocked_road,11,stuck_window_min,4,max_curvature,3.5317
Modified,blocked_road,12,stuck_window_min,4,max_curvature,4.0447
Modified,blocked_road,13,stuck_window_min,4,max_curvature,3.6979
Modified,blocked_road,14,stuck_window_min,4,max_curvature,7.2946
Modified,blocked_road,15,stuck_window_min,4,max_curvature,6.2131
Modified,blocked_road,16,stuck_window_min,4,max_curvature,5.3348
Modified,blocked_road,17,stuck_window_min,4,max_curvature,2.0361
Modified,blocked_road,18,stuck_window_min,4,max_curvature,7.4232
Modified,blocked_road,19,stuck_window_min,4,max_curvature,2.1394
Modified,blocked_road,20,stuck_window_min,4,max_curvature,2.3816
Modified,blocked_road,21,stuck_window_min,4,max_curvature,4.6859
Modified,blocked_road,22,stuck_window_min,4,max_curvature,1.4738
Modified,blocked_road,23,stuck_window_min,4,max_curvature,0.8004
Modified,blocked_road,24,stuck_window_min,4,max_curvature,4.3535
Modified,blocked_road,25,stuck_window_min,4,max_curvature,2.1538
Modified,blocked_road,26,stuck_window_min,4,max_curvature,11.7337
Modified,blocked_road,27,stuck_window_min,4,max_curvature,5.6346
Modified,blocked_road,28,stuck_window_min,4,max_curvature,5.1027
Modified,blocked_road,29,stuck_window_min,4,max_curvature,1.3326
Modified,dense_city,0,stuck_window_min,4,max_curvature,2.964
Modified,dense_city,1,stuck_window_min,4,max_curvature,1.284
Modified,dense_city,2,stuck_window_min,4,max_curvature,4.5315
Modified,dense_city,3,stuck_window_min,4,max_curvature,4.6525
Modified,dense_city,4,stuck_window_min,4,max_curvature,1.6778
Modified,dense_city,5,stuck_window_min,4,max_curvature,2.3893
Modified,dense_city,6,stuck_window_min,4,max_curvature,1.2
Modified,dense_city,7,stuck_window_min,4,max_curvature,5.529
Modified,dense_city,8,stuck_window_min,4,max_curvature,1.4281
Modified,dense_city,9,stuck_window_min,4,max_curvature,
Modified,dense_city,10,stuck_window_min,4,max_curvature,1.3357
Modified,dense_city,11,stuck_window_min,4,max_curvature,1.7391
Modified,dense_city,12,stuck_window_min,4,max_curvature,4.1934
Modified,dense_city,13,stuck_window_min,4,max_curvature,1.3643
Modified,dense_city,14,stuck_window_min,4,max_curvature,4.0662
Modified,dense_city,15,stuck_window_min,4,max_curvature,6.5942
Modified,dense_city,16,stuck_window_min,4,max_curvature,2.1306
Modified,dense_city,17,stuck_window_min,4,max_curvature,4.0171
Modified,dense_city,18,stuck_window_min,4,max_curvature,3.9746
Modified,dense_city,19,stuck_window_min,4,max_curvature,2.2591
Modified,dense_city,20,stuck_window_min,4,max_curvature,1.911
Modified,dense_city,21,stuck_window_min,4,max_curvature,1.5462
Modified,dense_city,22,stuck_window_min,4,max_curvature,1.4091
Modified,dense_city,23,stuck_window_min,4,max_curvature,1.5618
Modified,dense_city,24,stuck_window_min,4,max_curvature,1.4492
Modified,dense_city,25,stuck_window_min,4,max_curvature,1.4665
Modified,dense_city,26,stuck_window_min,4,max_curvature,1.5609
Modified,dense_city,27,stuck_window_min,4,max_curvature,1.0189
Modified,dense_city,28,stuck_window_min,4,max_curvature,1.1004
Modified,dense_city,29,stuck_window_min,4,max_curvature,1.3793
Modified,normal_city,0,stuck_window_min,6,max_curvature,2.2033
Modified,normal_city,1,stuck_window_min,6,max_curvature,3.0624
Modified,normal_city,2,stuck_window_min,6,max_curvature,3.3136
Modified,normal_city,3,stuck_window_min,6,max_curvature,3.5086
Modified,normal_city,4,stuck_window_min,6,max_curvature,3.9804
Modified,normal_city,5,stuck_window_min,6,max_curvature,2.8413
Modified,normal_city,6,stuck_window_min,6,max_curvature,1.2789
Modified,normal_city,7,stuck_window_min,6,max_curvature,3.7787
Modified,normal_city,8,stuck_window_min,6,max_curvature,3.938
Modified,normal_city,9,stuck_window_min,6,max_curvature,1.3016
Modified,normal_city,10,stuck_window_min,6,max_curvature,3.1554
Modified,normal_city,11,stuck_window_min,6,max_curvature,5.6864
Modified,normal_city,12,stuck_window_min,6,max_curvature,10.4322
Modified,normal_city,13,stuck_window_min,6,max_curvature,1.8712
Modified,normal_city,14,stuck_window_min,6,max_curvature,1.6253
Modified,normal_city,15,stuck_window_min,6,max_curvature,1.6217
Modified,normal_city,16,stuck_window_min,6,max_curvature,1.6973
Modified,normal_city,17,stuck_window_min,6,max_curvature,2.2736
Modified,normal_city,18,stuck_window_min,6,max_curvature,1.8452
Modified,normal_city,19,stuck_window_min,6,max_curvature,6.6476
Modified,normal_city,20,stuck_window_min,6,max_curvature,2.4635
Modified,normal_city,21,stuck_window_min,6,max_curvature,3.0115
Modified,normal_city,22,stuck_window_min,6,max_curvature,3.7667
Modified,normal_city,23,stuck_window_min,6,max_curvature,0.9687
Modified,normal_city,24,stuck_window_min,6,max_curvature,2.0847
Modified,normal_city,25,stuck_window_min,6,max_curvature,2.7863
Modified,normal_city,26,stuck_window_min,6,max_curvature,1.5596
Modified,normal_city,27,stuck_window_min,6,max_curvature,4.5341
Modified,normal_city,28,stuck_window_min,6,max_curvature,3.7768
Modified,normal_city,29,stuck_window_min,6,max_curvature,1.8672
Modified,blocked_road,0,stuck_window_min,6,max_curvature,5.7702
Modified,blocked_road,1,stuck_window_min,6,max_curvature,2.8714
Modified,blocked_road,2,stuck_window_min,6,max_curvature,2.805
Modified,blocked_road,3,stuck_window_min,6,max_curvature,1.3089
Modified,blocked_road,4,stuck_window_min,6,max_curvature,5.0141
Modified,blocked_road,5,stuck_window_min,6,max_curvature,5.3251
Modified,blocked_road,6,stuck_window_min,6,max_curvature,2.9018
Modified,blocked_road,7,stuck_window_min,6,max_curvature,3.868
Modified,blocked_road,8,stuck_window_min,6,max_curvature,3.263
Modified,blocked_road,9,stuck_window_min,6,max_curvature,9.723
Modified,blocked_road,10,stuck_window_min,6,max_curvature,3.1264
Modified,blocked_road,11,stuck_window_min,6,max_curvature,3.5317
Modified,blocked_road,12,stuck_window_min,6,max_curvature,3.4818
Modified,blocked_road,13,stuck_window_min,6,max_curvature,4.4246
Modified,blocked_road,14,stuck_window_min,6,max_curvature,7.8838
Modified,blocked_road,15,stuck_window_min,6,max_curvature,6.8847
Modified,blocked_road,16,stuck_window_min,6,max_curvature,5.3348
Modified,blocked_road,17,stuck_window_min,6,max_curvature,2.0361
Modified,blocked_road,18,stuck_window_min,6,max_curvature,7.4232
Modified,blocked_road,19,stuck_window_min,6,max_curvature,2.1394
Modified,blocked_road,20,stuck_window_min,6,max_curvature,8.5208
Modified,blocked_road,21,stuck_window_min,6,max_curvature,4.6859
Modified,blocked_road,22,stuck_window_min,6,max_curvature,1.4738
Modified,blocked_road,23,stuck_window_min,6,max_curvature,0.8004
Modified,blocked_road,24,stuck_window_min,6,max_curvature,4.3535
Modified,blocked_road,25,stuck_window_min,6,max_curvature,2.1538
Modified,blocked_road,26,stuck_window_min,6,max_curvature,11.7337
Modified,blocked_road,27,stuck_window_min,6,max_curvature,5.6346
Modified,blocked_road,28,stuck_window_min,6,max_curvature,5.1027
Modified,blocked_road,29,stuck_window_min,6,max_curvature,1.3326
Modified,dense_city,0,stuck_window_min,6,max_curvature,2.964
Modified,dense_city,1,stuck_window_min,6,max_curvature,1.284
Modified,dense_city,2,stuck_window_min,6,max_curvature,4.5315
Modified,dense_city,3,stuck_window_min,6,max_curvature,4.6525
Modified,dense_city,4,stuck_window_min,6,max_curvature,1.6778
Modified,dense_city,5,stuck_window_min,6,max_curvature,3.3631
Modified,dense_city,6,stuck_window_min,6,max_curvature,1.2
Modified,dense_city,7,stuck_window_min,6,max_curvature,5.529
Modified,dense_city,8,stuck_window_min,6,max_curvature,1.4281
Modified,dense_city,9,stuck_window_min,6,max_curvature,
Modified,dense_city,10,stuck_window_min,6,max_curvature,1.3357
Modified,dense_city,11,stuck_window_min,6,max_curvature,1.7391
Modified,dense_city,12,stuck_window_min,6,max_curvature,14.649
Modified,dense_city,13,stuck_window_min,6,max_curvature,1.3643
Modified,dense_city,14,stuck_window_min,6,max_curvature,4.0662
Modified,dense_city,15,stuck_window_min,6,max_curvature,6.5942
Modified,dense_city,16,stuck_window_min,6,max_curvature,2.1306
Modified,dense_city,17,stuck_window_min,6,max_curvature,4.0171
Modified,dense_city,18,stuck_window_min,6,max_curvature,3.9746
Modified,dense_city,19,stuck_window_min,6,max_curvature,2.2591
Modified,dense_city,20,stuck_window_min,6,max_curvature,1.911
Modified,dense_city,21,stuck_window_min,6,max_curvature,1.5462
Modified,dense_city,22,stuck_window_min,6,max_curvature,1.4091
Modified,dense_city,23,stuck_window_min,6,max_curvature,1.5618
Modified,dense_city,24,stuck_window_min,6,max_curvature,1.4492
Modified,dense_city,25,stuck_window_min,6,max_curvature,1.4665
Modified,dense_city,26,stuck_window_min,6,max_curvature,1.5609
Modified,dense_city,27,stuck_window_min,6,max_curvature,1.0189
Modified,dense_city,28,stuck_window_min,6,max_curvature,1.1004
Modified,dense_city,29,stuck_window_min,6,max_curvature,1.3793
Modified,normal_city,0,stuck_window_min,10,max_curvature,2.2033
Modified,normal_city,1,stuck_window_min,10,max_curvature,3.0624
Modified,normal_city,2,stuck_window_min,10,max_curvature,3.3136
Modified,normal_city,3,stuck_window_min,10,max_curvature,3.481
Modified,normal_city,4,stuck_window_min,10,max_curvature,3.9804
Modified,normal_city,5,stuck_window_min,10,max_curvature,2.8413
Modified,normal_city,6,stuck_window_min,10,max_curvature,1.2789
Modified,normal_city,7,stuck_window_min,10,max_curvature,3.7787
Modified,normal_city,8,stuck_window_min,10,max_curvature,4.2345
Modified,normal_city,9,stuck_window_min,10,max_curvature,1.3016
Modified,normal_city,10,stuck_window_min,10,max_curvature,3.1554
Modified,normal_city,11,stuck_window_min,10,max_curvature,6.0115
Modified,normal_city,12,stuck_window_min,10,max_curvature,8.4779
Modified,normal_city,13,stuck_window_min,10,max_curvature,1.8712
Modified,normal_city,14,stuck_window_min,10,max_curvature,1.6253
Modified,normal_city,15,stuck_window_min,10,max_curvature,1.6217
Modified,normal_city,16,stuck_window_min,10,max_curvature,1.6973
Modified,normal_city,17,stuck_window_min,10,max_curvature,2.2736
Modified,normal_city,18,stuck_window_min,10,max_curvature,1.8452
Modified,normal_city,19,stuck_window_min,10,max_curvature,4.22
Modified,normal_city,20,stuck_window_min,10,max_curvature,2.4635
Modified,normal_city,21,stuck_window_min,10,max_curvature,3.0115
Modified,normal_city,22,stuck_window_min,10,max_curvature,4.3329
Modified,normal_city,23,stuck_window_min,10,max_curvature,0.9687
Modified,normal_city,24,stuck_window_min,10,max_curvature,2.0847
Modified,normal_city,25,stuck_window_min,10,max_curvature,2.7863
Modified,normal_city,26,stuck_window_min,10,max_curvature,1.5596
Modified,normal_city,27,stuck_window_min,10,max_curvature,4.5838
Modified,normal_city,28,stuck_window_min,10,max_curvature,3.7768
Modified,normal_city,29,stuck_window_min,10,max_curvature,1.8672
Modified,blocked_road,0,stuck_window_min,10,max_curvature,6.733
Modified,blocked_road,1,stuck_window_min,10,max_curvature,5.7803
Modified,blocked_road,2,stuck_window_min,10,max_curvature,2.805
Modified,blocked_road,3,stuck_window_min,10,max_curvature,1.3089
Modified,blocked_road,4,stuck_window_min,10,max_curvature,6.4294
Modified,blocked_road,5,stuck_window_min,10,max_curvature,6.9804
Modified,blocked_road,6,stuck_window_min,10,max_curvature,5.5497
Modified,blocked_road,7,stuck_window_min,10,max_curvature,3.868
Modified,blocked_road,8,stuck_window_min,10,max_curvature,3.263
Modified,blocked_road,9,stuck_window_min,10,max_curvature,9.8593
Modified,blocked_road,10,stuck_window_min,10,max_curvature,3.1264
Modified,blocked_road,11,stuck_window_min,10,max_curvature,3.5317
Modified,blocked_road,12,stuck_window_min,10,max_curvature,5.1402
Modified,blocked_road,13,stuck_window_min,10,max_curvature,3.7572
Modified,blocked_road,14,stuck_window_min,10,max_curvature,7.8038
Modified,blocked_road,15,stuck_window_min,10,max_curvature,6.8847
Modified,blocked_road,16,stuck_window_min,10,max_curvature,5.8559
Modified,blocked_road,17,stuck_window_min,10,max_curvature,2.0361
Modified,blocked_road,18,stuck_window_min,10,max_curvature,7.3658
Modified,blocked_road,19,stuck_window_min,10,max_curvature,2.1394
Modified,blocked_road,20,stuck_window_min,10,max_curvature,7.8426
Modified,blocked_road,21,stuck_window_min,10,max_curvature,4.6859
Modified,blocked_road,22,stuck_window_min,10,max_curvature,1.4738
Modified,blocked_road,23,stuck_window_min,10,max_curvature,0.8004
Modified,blocked_road,24,stuck_window_min,10,max_curvature,4.3535
Modified,blocked_road,25,stuck_window_min,10,max_curvature,2.1538
Modified,blocked_road,26,stuck_window_min,10,max_curvature,11.8347
Modified,blocked_road,27,stuck_window_min,10,max_curvature,5.6346
Modified,blocked_road,28,stuck_window_min,10,max_curvature,5.1027
Modified,blocked_road,29,stuck_window_min,10,max_curvature,1.3326
Modified,dense_city,0,stuck_window_min,10,max_curvature,2.964
Modified,dense_city,1,stuck_window_min,10,max_curvature,1.284
Modified,dense_city,2,stuck_window_min,10,max_curvature,4.5315
Modified,dense_city,3,stuck_window_min,10,max_curvature,4.6525
Modified,dense_city,4,stuck_window_min,10,max_curvature,1.6778
Modified,dense_city,5,stuck_window_min,10,max_curvature,3.3631
Modified,dense_city,6,stuck_window_min,10,max_curvature,1.2
Modified,dense_city,7,stuck_window_min,10,max_curvature,7.5594
Modified,dense_city,8,stuck_window_min,10,max_curvature,1.4281
Modified,dense_city,9,stuck_window_min,10,max_curvature,
Modified,dense_city,10,stuck_window_min,10,max_curvature,1.3357
Modified,dense_city,11,stuck_window_min,10,max_curvature,1.7391
Modified,dense_city,12,stuck_window_min,10,max_curvature,8.3522
Modified,dense_city,13,stuck_window_min,10,max_curvature,1.3643
Modified,dense_city,14,stuck_window_min,10,max_curvature,4.0662
Modified,dense_city,15,stuck_window_min,10,max_curvature,6.5942
Modified,dense_city,16,stuck_window_min,10,max_curvature,2.1306
Modified,dense_city,17,stuck_window_min,10,max_curvature,4.0171
Modified,dense_city,18,stuck_window_min,10,max_curvature,3.9746
Modified,dense_city,19,stuck_window_min,10,max_curvature,2.2591
Modified,dense_city,20,stuck_window_min,10,max_curvature,1.911
Modified,dense_city,21,stuck_window_min,10,max_curvature,1.5462
Modified,dense_city,22,stuck_window_min,10,max_curvature,1.4091
Modified,dense_city,23,stuck_window_min,10,max_curvature,1.5618
Modified,dense_city,24,stuck_window_min,10,max_curvature,1.4492
Modified,dense_city,25,stuck_window_min,10,max_curvature,1.4665
Modified,dense_city,26,stuck_window_min,10,max_curvature,1.5609
Modified,dense_city,27,stuck_window_min,10,max_curvature,1.0189
Modified,dense_city,28,stuck_window_min,10,max_curvature,1.1004
Modified,dense_city,29,stuck_window_min,10,max_curvature,1.3793
Modified,normal_city,0,stuck_window_min,2,drive_time_curved,44.4162
Modified,normal_city,1,stuck_window_min,2,drive_time_curved,48.7576
Modified,normal_city,2,stuck_window_min,2,drive_time_curved,43.8255
Modified,normal_city,3,stuck_window_min,2,drive_time_curved,44.7142
Modified,normal_city,4,stuck_window_min,2,drive_time_curved,46.4283
Modified,normal_city,5,stuck_window_min,2,drive_time_curved,44.8947
Modified,normal_city,6,stuck_window_min,2,drive_time_curved,31.3788
Modified,normal_city,7,stuck_window_min,2,drive_time_curved,45.9952
Modified,normal_city,8,stuck_window_min,2,drive_time_curved,53.6945
Modified,normal_city,9,stuck_window_min,2,drive_time_curved,30.6104
Modified,normal_city,10,stuck_window_min,2,drive_time_curved,40.1171
Modified,normal_city,11,stuck_window_min,2,drive_time_curved,43.5057
Modified,normal_city,12,stuck_window_min,2,drive_time_curved,39.9791
Modified,normal_city,13,stuck_window_min,2,drive_time_curved,46.7936
Modified,normal_city,14,stuck_window_min,2,drive_time_curved,44.362
Modified,normal_city,15,stuck_window_min,2,drive_time_curved,46.4166
Modified,normal_city,16,stuck_window_min,2,drive_time_curved,43.4309
Modified,normal_city,17,stuck_window_min,2,drive_time_curved,33.0324
Modified,normal_city,18,stuck_window_min,2,drive_time_curved,43.6882
Modified,normal_city,19,stuck_window_min,2,drive_time_curved,40.726
Modified,normal_city,20,stuck_window_min,2,drive_time_curved,42.8748
Modified,normal_city,21,stuck_window_min,2,drive_time_curved,42.8849
Modified,normal_city,22,stuck_window_min,2,drive_time_curved,45.0008
Modified,normal_city,23,stuck_window_min,2,drive_time_curved,30.8963
Modified,normal_city,24,stuck_window_min,2,drive_time_curved,46.4668
Modified,normal_city,25,stuck_window_min,2,drive_time_curved,46.4241
Modified,normal_city,26,stuck_window_min,2,drive_time_curved,41.3927
Modified,normal_city,27,stuck_window_min,2,drive_time_curved,50.3726
Modified,normal_city,28,stuck_window_min,2,drive_time_curved,45.6656
Modified,normal_city,29,stuck_window_min,2,drive_time_curved,46.0635
Modified,blocked_road,0,stuck_window_min,2,drive_time_curved,48.409
Modified,blocked_road,1,stuck_window_min,2,drive_time_curved,53.5428
Modified,blocked_road,2,stuck_window_min,2,drive_time_curved,40.3069
Modified,blocked_road,3,stuck_window_min,2,drive_time_curved,31.4245
Modified,blocked_road,4,stuck_window_min,2,drive_time_curved,47.5043
Modified,blocked_road,5,stuck_window_min,2,drive_time_curved,51.821
Modified,blocked_road,6,stuck_window_min,2,drive_time_curved,36.5397
Modified,blocked_road,7,stuck_window_min,2,drive_time_curved,50.5832
Modified,blocked_road,8,stuck_window_min,2,drive_time_curved,37.1252
Modified,blocked_road,9,stuck_window_min,2,drive_time_curved,33.4225
Modified,blocked_road,10,stuck_window_min,2,drive_time_curved,32.5763
Modified,blocked_road,11,stuck_window_min,2,drive_time_curved,34.9404
Modified,blocked_road,12,stuck_window_min,2,drive_time_curved,34.8823
Modified,blocked_road,13,stuck_window_min,2,drive_time_curved,43.663
Modified,blocked_road,14,stuck_window_min,2,drive_time_curved,47.3809
Modified,blocked_road,15,stuck_window_min,2,drive_time_curved,46.5865
Modified,blocked_road,16,stuck_window_min,2,drive_time_curved,47.653
Modified,blocked_road,17,stuck_window_min,2,drive_time_curved,29.4706
Modified,blocked_road,18,stuck_window_min,2,drive_time_curved,47.1788
Modified,blocked_road,19,stuck_window_min,2,drive_time_curved,44.5926
Modified,blocked_road,20,stuck_window_min,2,drive_time_curved,47.8221
Modified,blocked_road,21,stuck_window_min,2,drive_time_curved,30.7265
Modified,blocked_road,22,stuck_window_min,2,drive_time_curved,27.8351
Modified,blocked_road,23,stuck_window_min,2,drive_time_curved,28.102
Modified,blocked_road,24,stuck_window_min,2,drive_time_curved,31.1738
Modified,blocked_road,25,stuck_window_min,2,drive_time_curved,29.3214
Modified,blocked_road,26,stuck_window_min,2,drive_time_curved,33.9903
Modified,blocked_road,27,stuck_window_min,2,drive_time_curved,34.3933
Modified,blocked_road,28,stuck_window_min,2,drive_time_curved,33.4239
Modified,blocked_road,29,stuck_window_min,2,drive_time_curved,32.4348
Modified,dense_city,0,stuck_window_min,2,drive_time_curved,40.0089
Modified,dense_city,1,stuck_window_min,2,drive_time_curved,27.3367
Modified,dense_city,2,stuck_window_min,2,drive_time_curved,42.6402
Modified,dense_city,3,stuck_window_min,2,drive_time_curved,34.6466
Modified,dense_city,4,stuck_window_min,2,drive_time_curved,29.229
Modified,dense_city,5,stuck_window_min,2,drive_time_curved,47.3468
Modified,dense_city,6,stuck_window_min,2,drive_time_curved,41.9649
Modified,dense_city,7,stuck_window_min,2,drive_time_curved,55.3363
Modified,dense_city,8,stuck_window_min,2,drive_time_curved,29.8653
Modified,dense_city,9,stuck_window_min,2,drive_time_curved,
Modified,dense_city,10,stuck_window_min,2,drive_time_curved,32.019
Modified,dense_city,11,stuck_window_min,2,drive_time_curved,29.2969
Modified,dense_city,12,stuck_window_min,2,drive_time_curved,42.9375
Modified,dense_city,13,stuck_window_min,2,drive_time_curved,29.3896
Modified,dense_city,14,stuck_window_min,2,drive_time_curved,41.9803
Modified,dense_city,15,stuck_window_min,2,drive_time_curved,55.7986
Modified,dense_city,16,stuck_window_min,2,drive_time_curved,33.5361
Modified,dense_city,17,stuck_window_min,2,drive_time_curved,34.2895
Modified,dense_city,18,stuck_window_min,2,drive_time_curved,37.968
Modified,dense_city,19,stuck_window_min,2,drive_time_curved,30.9656
Modified,dense_city,20,stuck_window_min,2,drive_time_curved,34.8572
Modified,dense_city,21,stuck_window_min,2,drive_time_curved,31.4041
Modified,dense_city,22,stuck_window_min,2,drive_time_curved,29.986
Modified,dense_city,23,stuck_window_min,2,drive_time_curved,32.63
Modified,dense_city,24,stuck_window_min,2,drive_time_curved,31.3096
Modified,dense_city,25,stuck_window_min,2,drive_time_curved,33.966
Modified,dense_city,26,stuck_window_min,2,drive_time_curved,31.4431
Modified,dense_city,27,stuck_window_min,2,drive_time_curved,29.1368
Modified,dense_city,28,stuck_window_min,2,drive_time_curved,27.6003
Modified,dense_city,29,stuck_window_min,2,drive_time_curved,31.8797
Modified,normal_city,0,stuck_window_min,4,drive_time_curved,44.4162
Modified,normal_city,1,stuck_window_min,4,drive_time_curved,48.7576
Modified,normal_city,2,stuck_window_min,4,drive_time_curved,43.8255
Modified,normal_city,3,stuck_window_min,4,drive_time_curved,45.0641
Modified,normal_city,4,stuck_window_min,4,drive_time_curved,46.4283
Modified,normal_city,5,stuck_window_min,4,drive_time_curved,44.8947
Modified,normal_city,6,stuck_window_min,4,drive_time_curved,31.3788
Modified,normal_city,7,stuck_window_min,4,drive_time_curved,45.9952
Modified,normal_city,8,stuck_window_min,4,drive_time_curved,53.8603
Modified,normal_city,9,stuck_window_min,4,drive_time_curved,30.6104
Modified,normal_city,10,stuck_window_min,4,drive_time_curved,40.1171
Modified,normal_city,11,stuck_window_min,4,drive_time_curved,45.4371
Modified,normal_city,12,stuck_window_min,4,drive_time_curved,39.1253
Modified,normal_city,13,stuck_window_min,4,drive_time_curved,46.7936
Modified,normal_city,14,stuck_window_min,4,drive_time_curved,44.362
Modified,normal_city,15,stuck_window_min,4,drive_time_curved,46.4166
Modified,normal_city,16,stuck_window_min,4,drive_time_curved,43.4309
Modified,normal_city,17,stuck_window_min,4,drive_time_curved,33.0324
Modified,normal_city,18,stuck_window_min,4,drive_time_curved,43.6882
Modified,normal_city,19,stuck_window_min,4,drive_time_curved,40.726
Modified,normal_city,20,stuck_window_min,4,drive_time_curved,42.8748
Modified,normal_city,21,stuck_window_min,4,drive_time_curved,42.8849
Modified,normal_city,22,stuck_window_min,4,drive_time_curved,45.187
Modified,normal_city,23,stuck_window_min,4,drive_time_curved,30.8963
Modified,normal_city,24,stuck_window_min,4,drive_time_curved,43.3253
Modified,normal_city,25,stuck_window_min,4,drive_time_curved,46.4241
Modified,normal_city,26,stuck_window_min,4,drive_time_curved,41.3927
Modified,normal_city,27,stuck_window_min,4,drive_time_curved,50.654
Modified,normal_city,28,stuck_window_min,4,drive_time_curved,45.6656
Modified,normal_city,29,stuck_window_min,4,drive_time_curved,46.0635
Modified,blocked_road,0,stuck_window_min,4,drive_time_curved,47.1343
Modified,blocked_road,1,stuck_window_min,4,drive_time_curved,53.5428
Modified,blocked_road,2,stuck_window_min,4,drive_time_curved,40.3069
Modified,blocked_road,3,stuck_window_min,4,drive_time_curved,31.4245
Modified,blocked_road,4,stuck_window_min,4,drive_time_curved,65.4904
Modified,blocked_road,5,stuck_window_min,4,drive_time_curved,49.7792
Modified,blocked_road,6,stuck_window_min,4,drive_time_curved,38.6329
Modified,blocked_road,7,stuck_window_min,4,drive_time_curved,50.5832
Modified,blocked_road,8,stuck_window_min,4,drive_time_curved,37.1252
Modified,blocked_road,9,stuck_window_min,4,drive_time_curved,34.4632
Modified,blocked_road,10,stuck_window_min,4,drive_time_curved,32.5763
Modified,blocked_road,11,stuck_window_min,4,drive_time_curved,34.9404
Modified,blocked_road,12,stuck_window_min,4,drive_time_curved,44.1166
Modified,blocked_road,13,stuck_window_min,4,drive_time_curved,47.0128
Modified,blocked_road,14,stuck_window_min,4,drive_time_curved,48.1855
Modified,blocked_road,15,stuck_window_min,4,drive_time_curved,49.8632
Modified,blocked_road,16,stuck_window_min,4,drive_time_curved,48.8124
Modified,blocked_road,17,stuck_window_min,4,drive_time_curved,29.4706
Modified,blocked_road,18,stuck_window_min,4,drive_time_curved,47.1788
Modified,blocked_road,19,stuck_window_min,4,drive_time_curved,44.5926
Modified,blocked_road,20,stuck_window_min,4,drive_time_curved,47.5821
Modified,blocked_road,21,stuck_window_min,4,drive_time_curved,30.7265
Modified,blocked_road,22,stuck_window_min,4,drive_time_curved,27.8351
Modified,blocked_road,23,stuck_window_min,4,drive_time_curved,28.102
Modified,blocked_road,24,stuck_window_min,4,drive_time_curved,31.1738
Modified,blocked_road,25,stuck_window_min,4,drive_time_curved,46.5026
Modified,blocked_road,26,stuck_window_min,4,drive_time_curved,34.3964
Modified,blocked_road,27,stuck_window_min,4,drive_time_curved,34.3933
Modified,blocked_road,28,stuck_window_min,4,drive_time_curved,33.4239
Modified,blocked_road,29,stuck_window_min,4,drive_time_curved,32.4348
Modified,dense_city,0,stuck_window_min,4,drive_time_curved,40.0089
Modified,dense_city,1,stuck_window_min,4,drive_time_curved,27.3367
Modified,dense_city,2,stuck_window_min,4,drive_time_curved,42.6402
Modified,dense_city,3,stuck_window_min,4,drive_time_curved,34.6466
Modified,dense_city,4,stuck_window_min,4,drive_time_curved,29.229
Modified,dense_city,5,stuck_window_min,4,drive_time_curved,50.3145
Modified,dense_city,6,stuck_window_min,4,drive_time_curved,41.9649
Modified,dense_city,7,stuck_window_min,4,drive_time_curved,62.7054
Modified,dense_city,8,stuck_window_min,4,drive_time_curved,29.8653
Modified,dense_city,9,stuck_window_min,4,drive_time_curved,
Modified,dense_city,10,stuck_window_min,4,drive_time_curved,32.019
Modified,dense_city,11,stuck_window_min,4,drive_time_curved,29.2969
Modified,dense_city,12,stuck_window_min,4,drive_time_curved,42.9375
Modified,dense_city,13,stuck_window_min,4,drive_time_curved,29.3896
Modified,dense_city,14,stuck_window_min,4,drive_time_curved,41.9803
Modified,dense_city,15,stuck_window_min,4,drive_time_curved,58.7782
Modified,dense_city,16,stuck_window_min,4,drive_time_curved,33.5361
Modified,dense_city,17,stuck_window_min,4,drive_time_curved,34.2895
Modified,dense_city,18,stuck_window_min,4,drive_time_curved,37.968
Modified,dense_city,19,stuck_window_min,4,drive_time_curved,30.9656
Modified,dense_city,20,stuck_window_min,4,drive_time_curved,34.8572
Modified,dense_city,21,stuck_window_min,4,drive_time_curved,31.4041
Modified,dense_city,22,stuck_window_min,4,drive_time_curved,29.986
Modified,dense_city,23,stuck_window_min,4,drive_time_curved,32.63
Modified,dense_city,24,stuck_window_min,4,drive_time_curved,31.3096
Modified,dense_city,25,stuck_window_min,4,drive_time_curved,33.966
Modified,dense_city,26,stuck_window_min,4,drive_time_curved,31.4431
Modified,dense_city,27,stuck_window_min,4,drive_time_curved,29.1368
Modified,dense_city,28,stuck_window_min,4,drive_time_curved,27.6003
Modified,dense_city,29,stuck_window_min,4,drive_time_curved,31.8797
Modified,normal_city,0,stuck_window_min,6,drive_time_curved,44.4162
Modified,normal_city,1,stuck_window_min,6,drive_time_curved,48.7576
Modified,normal_city,2,stuck_window_min,6,drive_time_curved,43.8255
Modified,normal_city,3,stuck_window_min,6,drive_time_curved,49.0582
Modified,normal_city,4,stuck_window_min,6,drive_time_curved,46.4283
Modified,normal_city,5,stuck_window_min,6,drive_time_curved,44.8947
Modified,normal_city,6,stuck_window_min,6,drive_time_curved,31.3788
Modified,normal_city,7,stuck_window_min,6,drive_time_curved,45.9952
Modified,normal_city,8,stuck_window_min,6,drive_time_curved,54.0884
Modified,normal_city,9,stuck_window_min,6,drive_time_curved,30.6104
Modified,normal_city,10,stuck_window_min,6,drive_time_curved,40.1171
Modified,normal_city,11,stuck_window_min,6,drive_time_curved,47.6599
Modified,normal_city,12,stuck_window_min,6,drive_time_curved,39.1253
Modified,normal_city,13,stuck_window_min,6,drive_time_curved,46.7936
Modified,normal_city,14,stuck_window_min,6,drive_time_curved,44.362
Modified,normal_city,15,stuck_window_min,6,drive_time_curved,46.4166
Modified,normal_city,16,stuck_window_min,6,drive_time_curved,43.4309
Modified,normal_city,17,stuck_window_min,6,drive_time_curved,33.0324
Modified,normal_city,18,stuck_window_min,6,drive_time_curved,43.6882
Modified,normal_city,19,stuck_window_min,6,drive_time_curved,39.8629
Modified,normal_city,20,stuck_window_min,6,drive_time_curved,42.8748
Modified,normal_city,21,stuck_window_min,6,drive_time_curved,42.8849
Modified,normal_city,22,stuck_window_min,6,drive_time_curved,49.2773
Modified,normal_city,23,stuck_window_min,6,drive_time_curved,30.8963
Modified,normal_city,24,stuck_window_min,6,drive_time_curved,43.3253
Modified,normal_city,25,stuck_window_min,6,drive_time_curved,46.4241
Modified,normal_city,26,stuck_window_min,6,drive_time_curved,41.3927
Modified,normal_city,27,stuck_window_min,6,drive_time_curved,50.654
Modified,normal_city,28,stuck_window_min,6,drive_time_curved,45.6656
Modified,normal_city,29,stuck_window_min,6,drive_time_curved,46.0635
Modified,blocked_road,0,stuck_window_min,6,drive_time_curved,47.1343
Modified,blocked_road,1,stuck_window_min,6,drive_time_curved,53.5428
Modified,blocked_road,2,stuck_window_min,6,drive_time_curved,40.3069
Modified,blocked_road,3,stuck_window_min,6,drive_time_curved,31.4245
Modified,blocked_road,4,stuck_window_min,6,drive_time_curved,52.2195
Modified,blocked_road,5,stuck_window_min,6,drive_time_curved,49.7792
Modified,blocked_road,6,stuck_window_min,6,drive_time_curved,42.055
Modified,blocked_road,7,stuck_window_min,6,drive_time_curved,50.5832
Modified,blocked_road,8,stuck_window_min,6,drive_time_curved,37.1252
Modified,blocked_road,9,stuck_window_min,6,drive_time_curved,34.4632
Modified,blocked_road,10,stuck_window_min,6,drive_time_curved,32.5763
Modified,blocked_road,11,stuck_window_min,6,drive_time_curved,34.9404
Modified,blocked_road,12,stuck_window_min,6,drive_time_curved,44.5846
Modified,blocked_road,13,stuck_window_min,6,drive_time_curved,42.0918
Modified,blocked_road,14,stuck_window_min,6,drive_time_curved,48.3526
Modified,blocked_road,15,stuck_window_min,6,drive_time_curved,53.4218
Modified,blocked_road,16,stuck_window_min,6,drive_time_curved,48.8124
Modified,blocked_road,17,stuck_window_min,6,drive_time_curved,29.4706
Modified,blocked_road,18,stuck_window_min,6,drive_time_curved,47.1788
Modified,blocked_road,19,stuck_window_min,6,drive_time_curved,44.5926
Modified,blocked_road,20,stuck_window_min,6,drive_time_curved,49.9009
Modified,blocked_road,21,stuck_window_min,6,drive_time_curved,30.7265
Modified,blocked_road,22,stuck_window_min,6,drive_time_curved,27.8351
Modified,blocked_road,23,stuck_window_min,6,drive_time_curved,28.102
Modified,blocked_road,24,stuck_window_min,6,drive_time_curved,31.1738
Modified,blocked_road,25,stuck_window_min,6,drive_time_curved,46.5026
Modified,blocked_road,26,stuck_window_min,6,drive_time_curved,34.3964
Modified,blocked_road,27,stuck_window_min,6,drive_time_curved,34.3933
Modified,blocked_road,28,stuck_window_min,6,drive_time_curved,33.4239
Modified,blocked_road,29,stuck_window_min,6,drive_time_curved,32.4348
Modified,dense_city,0,stuck_window_min,6,drive_time_curved,40.0089
Modified,dense_city,1,stuck_window_min,6,drive_time_curved,27.3367
Modified,dense_city,2,stuck_window_min,6,drive_time_curved,42.6402
Modified,dense_city,3,stuck_window_min,6,drive_time_curved,34.6466
Modified,dense_city,4,stuck_window_min,6,drive_time_curved,29.229
Modified,dense_city,5,stuck_window_min,6,drive_time_curved,62.5518
Modified,dense_city,6,stuck_window_min,6,drive_time_curved,41.9649
Modified,dense_city,7,stuck_window_min,6,drive_time_curved,62.7054
Modified,dense_city,8,stuck_window_min,6,drive_time_curved,29.8653
Modified,dense_city,9,stuck_window_min,6,drive_time_curved,
Modified,dense_city,10,stuck_window_min,6,drive_time_curved,32.019
Modified,dense_city,11,stuck_window_min,6,drive_time_curved,29.2969
Modified,dense_city,12,stuck_window_min,6,drive_time_curved,46.4784
Modified,dense_city,13,stuck_window_min,6,drive_time_curved,29.3896
Modified,dense_city,14,stuck_window_min,6,drive_time_curved,41.9803
Modified,dense_city,15,stuck_window_min,6,drive_time_curved,58.7782
Modified,dense_city,16,stuck_window_min,6,drive_time_curved,33.5361
Modified,dense_city,17,stuck_window_min,6,drive_time_curved,34.2895
Modified,dense_city,18,stuck_window_min,6,drive_time_curved,37.968
Modified,dense_city,19,stuck_window_min,6,drive_time_curved,30.9656
Modified,dense_city,20,stuck_window_min,6,drive_time_curved,34.8572
Modified,dense_city,21,stuck_window_min,6,drive_time_curved,31.4041
Modified,dense_city,22,stuck_window_min,6,drive_time_curved,29.986
Modified,dense_city,23,stuck_window_min,6,drive_time_curved,32.63
Modified,dense_city,24,stuck_window_min,6,drive_time_curved,31.3096
Modified,dense_city,25,stuck_window_min,6,drive_time_curved,33.966
Modified,dense_city,26,stuck_window_min,6,drive_time_curved,31.4431
Modified,dense_city,27,stuck_window_min,6,drive_time_curved,29.1368
Modified,dense_city,28,stuck_window_min,6,drive_time_curved,27.6003
Modified,dense_city,29,stuck_window_min,6,drive_time_curved,31.8797
Modified,normal_city,0,stuck_window_min,10,drive_time_curved,44.4162
Modified,normal_city,1,stuck_window_min,10,drive_time_curved,48.7576
Modified,normal_city,2,stuck_window_min,10,drive_time_curved,43.8255
Modified,normal_city,3,stuck_window_min,10,drive_time_curved,41.3013
Modified,normal_city,4,stuck_window_min,10,drive_time_curved,46.4283
Modified,normal_city,5,stuck_window_min,10,drive_time_curved,44.8947
Modified,normal_city,6,stuck_window_min,10,drive_time_curved,31.3788
Modified,normal_city,7,stuck_window_min,10,drive_time_curved,45.9952
Modified,normal_city,8,stuck_window_min,10,drive_time_curved,45.7947
Modified,normal_city,9,stuck_window_min,10,drive_time_curved,30.6104
Modified,normal_city,10,stuck_window_min,10,drive_time_curved,40.1171
Modified,normal_city,11,stuck_window_min,10,drive_time_curved,45.9714
Modified,normal_city,12,stuck_window_min,10,drive_time_curved,40.0671
Modified,normal_city,13,stuck_window_min,10,drive_time_curved,46.7936
Modified,normal_city,14,stuck_window_min,10,drive_time_curved,44.362
Modified,normal_city,15,stuck_window_min,10,drive_time_curved,46.4166
Modified,normal_city,16,stuck_window_min,10,drive_time_curved,43.4309
Modified,normal_city,17,stuck_window_min,10,drive_time_curved,33.0324
Modified,normal_city,18,stuck_window_min,10,drive_time_curved,43.6882
Modified,normal_city,19,stuck_window_min,10,drive_time_curved,41.1236
Modified,normal_city,20,stuck_window_min,10,drive_time_curved,42.8748
Modified,normal_city,21,stuck_window_min,10,drive_time_curved,42.8849
Modified,normal_city,22,stuck_window_min,10,drive_time_curved,51.1715
Modified,normal_city,23,stuck_window_min,10,drive_time_curved,30.8963
Modified,normal_city,24,stuck_window_min,10,drive_time_curved,43.3253
Modified,normal_city,25,stuck_window_min,10,drive_time_curved,46.4241
Modified,normal_city,26,stuck_window_min,10,drive_time_curved,41.3927
Modified,normal_city,27,stuck_window_min,10,drive_time_curved,52.9437
Modified,normal_city,28,stuck_window_min,10,drive_time_curved,45.6656
Modified,normal_city,29,stuck_window_min,10,drive_time_curved,46.0635
Modified,blocked_road,0,stuck_window_min,10,drive_time_curved,49.6986
Modified,blocked_road,1,stuck_window_min,10,drive_time_curved,55.9686
Modified,blocked_road,2,stuck_window_min,10,drive_time_curved,40.3069
Modified,blocked_road,3,stuck_window_min,10,drive_time_curved,31.4245
Modified,blocked_road,4,stuck_window_min,10,drive_time_curved,52.6763
Modified,blocked_road,5,stuck_window_min,10,drive_time_curved,49.2537
Modified,blocked_road,6,stuck_window_min,10,drive_time_curved,39.7352
Modified,blocked_road,7,stuck_window_min,10,drive_time_curved,50.5832
Modified,blocked_road,8,stuck_window_min,10,drive_time_curved,37.1252
Modified,blocked_road,9,stuck_window_min,10,drive_time_curved,32.9269
Modified,blocked_road,10,stuck_window_min,10,drive_time_curved,32.5763
Modified,blocked_road,11,stuck_window_min,10,drive_time_curved,34.9404
Modified,blocked_road,12,stuck_window_min,10,drive_time_curved,45.8037
Modified,blocked_road,13,stuck_window_min,10,drive_time_curved,41.4591
Modified,blocked_road,14,stuck_window_min,10,drive_time_curved,49.7177
Modified,blocked_road,15,stuck_window_min,10,drive_time_curved,53.4218
Modified,blocked_road,16,stuck_window_min,10,drive_time_curved,50.4954
Modified,blocked_road,17,stuck_window_min,10,drive_time_curved,29.4706
Modified,blocked_road,18,stuck_window_min,10,drive_time_curved,48.5622
Modified,blocked_road,19,stuck_window_min,10,drive_time_curved,44.5926
Modified,blocked_road,20,stuck_window_min,10,drive_time_curved,50.2772
Modified,blocked_road,21,stuck_window_min,10,drive_time_curved,30.7265
Modified,blocked_road,22,stuck_window_min,10,drive_time_curved,27.8351
Modified,blocked_road,23,stuck_window_min,10,drive_time_curved,28.102
Modified,blocked_road,24,stuck_window_min,10,drive_time_curved,31.1738
Modified,blocked_road,25,stuck_window_min,10,drive_time_curved,46.5026
Modified,blocked_road,26,stuck_window_min,10,drive_time_curved,35.6731
Modified,blocked_road,27,stuck_window_min,10,drive_time_curved,34.3933
Modified,blocked_road,28,stuck_window_min,10,drive_time_curved,33.4239
Modified,blocked_road,29,stuck_window_min,10,drive_time_curved,32.4348
Modified,dense_city,0,stuck_window_min,10,drive_time_curved,40.0089
Modified,dense_city,1,stuck_window_min,10,drive_time_curved,27.3367
Modified,dense_city,2,stuck_window_min,10,drive_time_curved,42.6402
Modified,dense_city,3,stuck_window_min,10,drive_time_curved,34.6466
Modified,dense_city,4,stuck_window_min,10,drive_time_curved,29.229
Modified,dense_city,5,stuck_window_min,10,drive_time_curved,62.5518
Modified,dense_city,6,stuck_window_min,10,drive_time_curved,41.9649
Modified,dense_city,7,stuck_window_min,10,drive_time_curved,65.3578
Modified,dense_city,8,stuck_window_min,10,drive_time_curved,29.8653
Modified,dense_city,9,stuck_window_min,10,drive_time_curved,
Modified,dense_city,10,stuck_window_min,10,drive_time_curved,32.019
Modified,dense_city,11,stuck_window_min,10,drive_time_curved,29.2969
Modified,dense_city,12,stuck_window_min,10,drive_time_curved,46.9047
Modified,dense_city,13,stuck_window_min,10,drive_time_curved,29.3896
Modified,dense_city,14,stuck_window_min,10,drive_time_curved,41.9803
Modified,dense_city,15,stuck_window_min,10,drive_time_curved,58.7782
Modified,dense_city,16,stuck_window_min,10,drive_time_curved,33.5361
Modified,dense_city,17,stuck_window_min,10,drive_time_curved,34.2895
Modified,dense_city,18,stuck_window_min,10,drive_time_curved,37.968
Modified,dense_city,19,stuck_window_min,10,drive_time_curved,30.9656
Modified,dense_city,20,stuck_window_min,10,drive_time_curved,34.8572
Modified,dense_city,21,stuck_window_min,10,drive_time_curved,31.4041
Modified,dense_city,22,stuck_window_min,10,drive_time_curved,29.986
Modified,dense_city,23,stuck_window_min,10,drive_time_curved,32.63
Modified,dense_city,24,stuck_window_min,10,drive_time_curved,31.3096
Modified,dense_city,25,stuck_window_min,10,drive_time_curved,33.966
Modified,dense_city,26,stuck_window_min,10,drive_time_curved,31.4431
Modified,dense_city,27,stuck_window_min,10,drive_time_curved,29.1368
Modified,dense_city,28,stuck_window_min,10,drive_time_curved,27.6003
Modified,dense_city,29,stuck_window_min,10,drive_time_curved,31.8797
Modified,normal_city,0,stuck_window_min,2,comp_time,0.17984
Modified,normal_city,1,stuck_window_min,2,comp_time,0.14447
Modified,normal_city,2,stuck_window_min,2,comp_time,0.15657
Modified,normal_city,3,stuck_window_min,2,comp_time,0.2207
Modified,normal_city,4,stuck_window_min,2,comp_time,0.15223
Modified,normal_city,5,stuck_window_min,2,comp_time,0.16988
Modified,normal_city,6,stuck_window_min,2,comp_time,0.39991
Modified,normal_city,7,stuck_window_min,2,comp_time,0.17577
Modified,normal_city,8,stuck_window_min,2,comp_time,0.43868
Modified,normal_city,9,stuck_window_min,2,comp_time,1.50967
Modified,normal_city,10,stuck_window_min,2,comp_time,0.12478
Modified,normal_city,11,stuck_window_min,2,comp_time,0.35742
Modified,normal_city,12,stuck_window_min,2,comp_time,0.45195
Modified,normal_city,13,stuck_window_min,2,comp_time,0.16447
Modified,normal_city,14,stuck_window_min,2,comp_time,0.1528
Modified,normal_city,15,stuck_window_min,2,comp_time,0.15322
Modified,normal_city,16,stuck_window_min,2,comp_time,0.16445
Modified,normal_city,17,stuck_window_min,2,comp_time,0.27001
Modified,normal_city,18,stuck_window_min,2,comp_time,0.14754
Modified,normal_city,19,stuck_window_min,2,comp_time,0.215
Modified,normal_city,20,stuck_window_min,2,comp_time,0.13475
Modified,normal_city,21,stuck_window_min,2,comp_time,0.14052
Modified,normal_city,22,stuck_window_min,2,comp_time,0.25979
Modified,normal_city,23,stuck_window_min,2,comp_time,0.2664
Modified,normal_city,24,stuck_window_min,2,comp_time,0.19794
Modified,normal_city,25,stuck_window_min,2,comp_time,0.15548
Modified,normal_city,26,stuck_window_min,2,comp_time,0.16282
Modified,normal_city,27,stuck_window_min,2,comp_time,0.33371
Modified,normal_city,28,stuck_window_min,2,comp_time,0.15405
Modified,normal_city,29,stuck_window_min,2,comp_time,0.15359
Modified,blocked_road,0,stuck_window_min,2,comp_time,0.63817
Modified,blocked_road,1,stuck_window_min,2,comp_time,2.01316
Modified,blocked_road,2,stuck_window_min,2,comp_time,0.35988
Modified,blocked_road,3,stuck_window_min,2,comp_time,0.19499
Modified,blocked_road,4,stuck_window_min,2,comp_time,0.83001
Modified,blocked_road,5,stuck_window_min,2,comp_time,1.53636
Modified,blocked_road,6,stuck_window_min,2,comp_time,2.3617
Modified,blocked_road,7,stuck_window_min,2,comp_time,0.13345
Modified,blocked_road,8,stuck_window_min,2,comp_time,0.2655
Modified,blocked_road,9,stuck_window_min,2,comp_time,0.56802
Modified,blocked_road,10,stuck_window_min,2,comp_time,0.67273
Modified,blocked_road,11,stuck_window_min,2,comp_time,1.6086
Modified,blocked_road,12,stuck_window_min,2,comp_time,1.02072
Modified,blocked_road,13,stuck_window_min,2,comp_time,0.24234
Modified,blocked_road,14,stuck_window_min,2,comp_time,0.40135
Modified,blocked_road,15,stuck_window_min,2,comp_time,0.49687
Modified,blocked_road,16,stuck_window_min,2,comp_time,0.20583
Modified,blocked_road,17,stuck_window_min,2,comp_time,0.23532
Modified,blocked_road,18,stuck_window_min,2,comp_time,0.16744
Modified,blocked_road,19,stuck_window_min,2,comp_time,0.39907
Modified,blocked_road,20,stuck_window_min,2,comp_time,1.11195
Modified,blocked_road,21,stuck_window_min,2,comp_time,0.26355
Modified,blocked_road,22,stuck_window_min,2,comp_time,0.1611
Modified,blocked_road,23,stuck_window_min,2,comp_time,3.50537
Modified,blocked_road,24,stuck_window_min,2,comp_time,0.17239
Modified,blocked_road,25,stuck_window_min,2,comp_time,0.81237
Modified,blocked_road,26,stuck_window_min,2,comp_time,0.33658
Modified,blocked_road,27,stuck_window_min,2,comp_time,2.15354
Modified,blocked_road,28,stuck_window_min,2,comp_time,1.26513
Modified,blocked_road,29,stuck_window_min,2,comp_time,0.4696
Modified,dense_city,0,stuck_window_min,2,comp_time,1.20364
Modified,dense_city,1,stuck_window_min,2,comp_time,0.3208
Modified,dense_city,2,stuck_window_min,2,comp_time,1.17965
Modified,dense_city,3,stuck_window_min,2,comp_time,0.81555
Modified,dense_city,4,stuck_window_min,2,comp_time,0.48245
Modified,dense_city,5,stuck_window_min,2,comp_time,41.71142
Modified,dense_city,6,stuck_window_min,2,comp_time,2.50181
Modified,dense_city,7,stuck_window_min,2,comp_time,18.66485
Modified,dense_city,8,stuck_window_min,2,comp_time,0.25094
Modified,dense_city,9,stuck_window_min,2,comp_time,1.42178
Modified,dense_city,10,stuck_window_min,2,comp_time,1.23319
Modified,dense_city,11,stuck_window_min,2,comp_time,1.48037
Modified,dense_city,12,stuck_window_min,2,comp_time,1.91049
Modified,dense_city,13,stuck_window_min,2,comp_time,0.88585
Modified,dense_city,14,stuck_window_min,2,comp_time,1.77123
Modified,dense_city,15,stuck_window_min,2,comp_time,2.05064
Modified,dense_city,16,stuck_window_min,2,comp_time,2.06531
Modified,dense_city,17,stuck_window_min,2,comp_time,0.55222
Modified,dense_city,18,stuck_window_min,2,comp_time,0.39149
Modified,dense_city,19,stuck_window_min,2,comp_time,2.23867
Modified,dense_city,20,stuck_window_min,2,comp_time,2.84964
Modified,dense_city,21,stuck_window_min,2,comp_time,0.98439
Modified,dense_city,22,stuck_window_min,2,comp_time,7.39712
Modified,dense_city,23,stuck_window_min,2,comp_time,1.63133
Modified,dense_city,24,stuck_window_min,2,comp_time,0.33471
Modified,dense_city,25,stuck_window_min,2,comp_time,1.17642
Modified,dense_city,26,stuck_window_min,2,comp_time,0.35545
Modified,dense_city,27,stuck_window_min,2,comp_time,1.75353
Modified,dense_city,28,stuck_window_min,2,comp_time,0.85815
Modified,dense_city,29,stuck_window_min,2,comp_time,0.91365
Modified,normal_city,0,stuck_window_min,4,comp_time,0.25023
Modified,normal_city,1,stuck_window_min,4,comp_time,0.22223
Modified,normal_city,2,stuck_window_min,4,comp_time,0.17743
Modified,normal_city,3,stuck_window_min,4,comp_time,0.24591
Modified,normal_city,4,stuck_window_min,4,comp_time,0.14637
Modified,normal_city,5,stuck_window_min,4,comp_time,0.15652
Modified,normal_city,6,stuck_window_min,4,comp_time,0.39433
Modified,normal_city,7,stuck_window_min,4,comp_time,0.18004
Modified,normal_city,8,stuck_window_min,4,comp_time,0.34068
Modified,normal_city,9,stuck_window_min,4,comp_time,1.49292
Modified,normal_city,10,stuck_window_min,4,comp_time,0.12362
Modified,normal_city,11,stuck_window_min,4,comp_time,0.36341
Modified,normal_city,12,stuck_window_min,4,comp_time,0.44637
Modified,normal_city,13,stuck_window_min,4,comp_time,0.15773
Modified,normal_city,14,stuck_window_min,4,comp_time,0.15322
Modified,normal_city,15,stuck_window_min,4,comp_time,0.16361
Modified,normal_city,16,stuck_window_min,4,comp_time,0.15918
Modified,normal_city,17,stuck_window_min,4,comp_time,0.24567
Modified,normal_city,18,stuck_window_min,4,comp_time,0.13466
Modified,normal_city,19,stuck_window_min,4,comp_time,0.2116
Modified,normal_city,20,stuck_window_min,4,comp_time,0.14408
Modified,normal_city,21,stuck_window_min,4,comp_time,0.15155
Modified,normal_city,22,stuck_window_min,4,comp_time,0.21428
Modified,normal_city,23,stuck_window_min,4,comp_time,0.24365
Modified,normal_city,24,stuck_window_min,4,comp_time,0.25509
Modified,normal_city,25,stuck_window_min,4,comp_time,0.15382
Modified,normal_city,26,stuck_window_min,4,comp_time,0.16607
Modified,normal_city,27,stuck_window_min,4,comp_time,0.21827
Modified,normal_city,28,stuck_window_min,4,comp_time,0.15401
Modified,normal_city,29,stuck_window_min,4,comp_time,0.15494
Modified,blocked_road,0,stuck_window_min,4,comp_time,0.6294
Modified,blocked_road,1,stuck_window_min,4,comp_time,2.03423
Modified,blocked_road,2,stuck_window_min,4,comp_time,0.38076
Modified,blocked_road,3,stuck_window_min,4,comp_time,0.19417
Modified,blocked_road,4,stuck_window_min,4,comp_time,2.5499
Modified,blocked_road,5,stuck_window_min,4,comp_time,0.63553
Modified,blocked_road,6,stuck_window_min,4,comp_time,5.17344
Modified,blocked_road,7,stuck_window_min,4,comp_time,0.14101
Modified,blocked_road,8,stuck_window_min,4,comp_time,0.2689
Modified,blocked_road,9,stuck_window_min,4,comp_time,0.60524
Modified,blocked_road,10,stuck_window_min,4,comp_time,0.68115
Modified,blocked_road,11,stuck_window_min,4,comp_time,1.63473
Modified,blocked_road,12,stuck_window_min,4,comp_time,0.91241
Modified,blocked_road,13,stuck_window_min,4,comp_time,0.16882
Modified,blocked_road,14,stuck_window_min,4,comp_time,0.26156
Modified,blocked_road,15,stuck_window_min,4,comp_time,0.47512
Modified,blocked_road,16,stuck_window_min,4,comp_time,0.2429
Modified,blocked_road,17,stuck_window_min,4,comp_time,0.24309
Modified,blocked_road,18,stuck_window_min,4,comp_time,0.16316
Modified,blocked_road,19,stuck_window_min,4,comp_time,0.41581
Modified,blocked_road,20,stuck_window_min,4,comp_time,1.11414
Modified,blocked_road,21,stuck_window_min,4,comp_time,0.26226
Modified,blocked_road,22,stuck_window_min,4,comp_time,0.16727
Modified,blocked_road,23,stuck_window_min,4,comp_time,3.46735
Modified,blocked_road,24,stuck_window_min,4,comp_time,0.16738
Modified,blocked_road,25,stuck_window_min,4,comp_time,0.14298
Modified,blocked_road,26,stuck_window_min,4,comp_time,0.32714
Modified,blocked_road,27,stuck_window_min,4,comp_time,2.17312
Modified,blocked_road,28,stuck_window_min,4,comp_time,1.30655
Modified,blocked_road,29,stuck_window_min,4,comp_time,0.49188
Modified,dense_city,0,stuck_window_min,4,comp_time,1.27916
Modified,dense_city,1,stuck_window_min,4,comp_time,0.31695
Modified,dense_city,2,stuck_window_min,4,comp_time,1.10342
Modified,dense_city,3,stuck_window_min,4,comp_time,0.8108
Modified,dense_city,4,stuck_window_min,4,comp_time,0.38776
Modified,dense_city,5,stuck_window_min,4,comp_time,4.435
Modified,dense_city,6,stuck_window_min,4,comp_time,2.47405
Modified,dense_city,7,stuck_window_min,4,comp_time,17.11099
Modified,dense_city,8,stuck_window_min,4,comp_time,0.25756
Modified,dense_city,9,stuck_window_min,4,comp_time,1.39493
Modified,dense_city,10,stuck_window_min,4,comp_time,1.27527
Modified,dense_city,11,stuck_window_min,4,comp_time,1.47933
Modified,dense_city,12,stuck_window_min,4,comp_time,1.93174
Modified,dense_city,13,stuck_window_min,4,comp_time,0.88845
Modified,dense_city,14,stuck_window_min,4,comp_time,1.7427
Modified,dense_city,15,stuck_window_min,4,comp_time,2.34936
Modified,dense_city,16,stuck_window_min,4,comp_time,2.13336
Modified,dense_city,17,stuck_window_min,4,comp_time,0.54041
Modified,dense_city,18,stuck_window_min,4,comp_time,0.39398
Modified,dense_city,19,stuck_window_min,4,comp_time,1.59865
Modified,dense_city,20,stuck_window_min,4,comp_time,2.13772
Modified,dense_city,21,stuck_window_min,4,comp_time,0.96217
Modified,dense_city,22,stuck_window_min,4,comp_time,6.93117
Modified,dense_city,23,stuck_window_min,4,comp_time,1.76097
Modified,dense_city,24,stuck_window_min,4,comp_time,0.35391
Modified,dense_city,25,stuck_window_min,4,comp_time,1.19148
Modified,dense_city,26,stuck_window_min,4,comp_time,0.35647
Modified,dense_city,27,stuck_window_min,4,comp_time,1.76076
Modified,dense_city,28,stuck_window_min,4,comp_time,0.85249
Modified,dense_city,29,stuck_window_min,4,comp_time,0.93869
Modified,normal_city,0,stuck_window_min,6,comp_time,0.16907
Modified,normal_city,1,stuck_window_min,6,comp_time,0.14298
Modified,normal_city,2,stuck_window_min,6,comp_time,0.15921
Modified,normal_city,3,stuck_window_min,6,comp_time,0.18656
Modified,normal_city,4,stuck_window_min,6,comp_time,0.15078
Modified,normal_city,5,stuck_window_min,6,comp_time,0.16272
Modified,normal_city,6,stuck_window_min,6,comp_time,0.37758
Modified,normal_city,7,stuck_window_min,6,comp_time,0.17957
Modified,normal_city,8,stuck_window_min,6,comp_time,0.47855
Modified,normal_city,9,stuck_window_min,6,comp_time,1.55512
Modified,normal_city,10,stuck_window_min,6,comp_time,0.15201
Modified,normal_city,11,stuck_window_min,6,comp_time,0.36893
Modified,normal_city,12,stuck_window_min,6,comp_time,0.45106
Modified,normal_city,13,stuck_window_min,6,comp_time,0.14715
Modified,normal_city,14,stuck_window_min,6,comp_time,0.15333
Modified,normal_city,15,stuck_window_min,6,comp_time,0.15391
Modified,normal_city,16,stuck_window_min,6,comp_time,0.14915
Modified,normal_city,17,stuck_window_min,6,comp_time,0.25019
Modified,normal_city,18,stuck_window_min,6,comp_time,0.136
Modified,normal_city,19,stuck_window_min,6,comp_time,0.17844
Modified,normal_city,20,stuck_window_min,6,comp_time,0.14399
Modified,normal_city,21,stuck_window_min,6,comp_time,0.1407
Modified,normal_city,22,stuck_window_min,6,comp_time,0.30651
Modified,normal_city,23,stuck_window_min,6,comp_time,0.25715
Modified,normal_city,24,stuck_window_min,6,comp_time,0.16365
Modified,normal_city,25,stuck_window_min,6,comp_time,0.16714
Modified,normal_city,26,stuck_window_min,6,comp_time,0.16317
Modified,normal_city,27,stuck_window_min,6,comp_time,0.20203
Modified,normal_city,28,stuck_window_min,6,comp_time,0.15316
Modified,normal_city,29,stuck_window_min,6,comp_time,0.1549
Modified,blocked_road,0,stuck_window_min,6,comp_time,0.62627
Modified,blocked_road,1,stuck_window_min,6,comp_time,2.0495
Modified,blocked_road,2,stuck_window_min,6,comp_time,0.36883
Modified,blocked_road,3,stuck_window_min,6,comp_time,0.19499
Modified,blocked_road,4,stuck_window_min,6,comp_time,1.15817
Modified,blocked_road,5,stuck_window_min,6,comp_time,0.65059
Modified,blocked_road,6,stuck_window_min,6,comp_time,0.58545
Modified,blocked_road,7,stuck_window_min,6,comp_time,0.13719
Modified,blocked_road,8,stuck_window_min,6,comp_time,0.26246
Modified,blocked_road,9,stuck_window_min,6,comp_time,0.54061
Modified,blocked_road,10,stuck_window_min,6,comp_time,0.69005
Modified,blocked_road,11,stuck_window_min,6,comp_time,1.66757
Modified,blocked_road,12,stuck_window_min,6,comp_time,0.94392
Modified,blocked_road,13,stuck_window_min,6,comp_time,0.17481
Modified,blocked_road,14,stuck_window_min,6,comp_time,0.32303
Modified,blocked_road,15,stuck_window_min,6,comp_time,0.46823
Modified,blocked_road,16,stuck_window_min,6,comp_time,0.25909
Modified,blocked_road,17,stuck_window_min,6,comp_time,0.24915
Modified,blocked_road,18,stuck_window_min,6,comp_time,0.16908
Modified,blocked_road,19,stuck_window_min,6,comp_time,0.38959
Modified,blocked_road,20,stuck_window_min,6,comp_time,1.17928
Modified,blocked_road,21,stuck_window_min,6,comp_time,0.28434
Modified,blocked_road,22,stuck_window_min,6,comp_time,0.16363
Modified,blocked_road,23,stuck_window_min,6,comp_time,3.45311
Modified,blocked_road,24,stuck_window_min,6,comp_time,0.17131
Modified,blocked_road,25,stuck_window_min,6,comp_time,0.14268
Modified,blocked_road,26,stuck_window_min,6,comp_time,0.33606
Modified,blocked_road,27,stuck_window_min,6,comp_time,2.15723
Modified,blocked_road,28,stuck_window_min,6,comp_time,1.29574
Modified,blocked_road,29,stuck_window_min,6,comp_time,0.47346
Modified,dense_city,0,stuck_window_min,6,comp_time,1.22349
Modified,dense_city,1,stuck_window_min,6,comp_time,0.32235
Modified,dense_city,2,stuck_window_min,6,comp_time,1.06107
Modified,dense_city,3,stuck_window_min,6,comp_time,0.80374
Modified,dense_city,4,stuck_window_min,6,comp_time,0.38791
Modified,dense_city,5,stuck_window_min,6,comp_time,0.2041
Modified,dense_city,6,stuck_window_min,6,comp_time,2.48985
Modified,dense_city,7,stuck_window_min,6,comp_time,16.52578
Modified,dense_city,8,stuck_window_min,6,comp_time,0.26003
Modified,dense_city,9,stuck_window_min,6,comp_time,1.35873
Modified,dense_city,10,stuck_window_min,6,comp_time,1.25875
Modified,dense_city,11,stuck_window_min,6,comp_time,1.49305
Modified,dense_city,12,stuck_window_min,6,comp_time,0.81994
Modified,dense_city,13,stuck_window_min,6,comp_time,0.88069
Modified,dense_city,14,stuck_window_min,6,comp_time,1.82239
Modified,dense_city,15,stuck_window_min,6,comp_time,2.3988
Modified,dense_city,16,stuck_window_min,6,comp_time,2.2214
Modified,dense_city,17,stuck_window_min,6,comp_time,0.55245
Modified,dense_city,18,stuck_window_min,6,comp_time,0.38425
Modified,dense_city,19,stuck_window_min,6,comp_time,1.6053
Modified,dense_city,20,stuck_window_min,6,comp_time,2.07957
Modified,dense_city,21,stuck_window_min,6,comp_time,0.93907
Modified,dense_city,22,stuck_window_min,6,comp_time,6.94802
Modified,dense_city,23,stuck_window_min,6,comp_time,1.59783
Modified,dense_city,24,stuck_window_min,6,comp_time,0.34871
Modified,dense_city,25,stuck_window_min,6,comp_time,1.1891
Modified,dense_city,26,stuck_window_min,6,comp_time,0.36747
Modified,dense_city,27,stuck_window_min,6,comp_time,1.71106
Modified,dense_city,28,stuck_window_min,6,comp_time,0.86444
Modified,dense_city,29,stuck_window_min,6,comp_time,0.91852
Modified,normal_city,0,stuck_window_min,10,comp_time,0.17269
Modified,normal_city,1,stuck_window_min,10,comp_time,0.14695
Modified,normal_city,2,stuck_window_min,10,comp_time,0.16413
Modified,normal_city,3,stuck_window_min,10,comp_time,0.1613
Modified,normal_city,4,stuck_window_min,10,comp_time,0.1509
Modified,normal_city,5,stuck_window_min,10,comp_time,0.1587
Modified,normal_city,6,stuck_window_min,10,comp_time,0.38487
Modified,normal_city,7,stuck_window_min,10,comp_time,0.17675
Modified,normal_city,8,stuck_window_min,10,comp_time,0.15744
Modified,normal_city,9,stuck_window_min,10,comp_time,1.60796
Modified,normal_city,10,stuck_window_min,10,comp_time,0.12425
Modified,normal_city,11,stuck_window_min,10,comp_time,0.37804
Modified,normal_city,12,stuck_window_min,10,comp_time,0.45786
Modified,normal_city,13,stuck_window_min,10,comp_time,0.15105
Modified,normal_city,14,stuck_window_min,10,comp_time,0.16749
Modified,normal_city,15,stuck_window_min,10,comp_time,0.16742
Modified,normal_city,16,stuck_window_min,10,comp_time,0.15465
Modified,normal_city,17,stuck_window_min,10,comp_time,0.24973
Modified,normal_city,18,stuck_window_min,10,comp_time,0.13676
Modified,normal_city,19,stuck_window_min,10,comp_time,0.14182
Modified,normal_city,20,stuck_window_min,10,comp_time,0.12935
Modified,normal_city,21,stuck_window_min,10,comp_time,0.14063
Modified,normal_city,22,stuck_window_min,10,comp_time,0.34469
Modified,normal_city,23,stuck_window_min,10,comp_time,0.24869
Modified,normal_city,24,stuck_window_min,10,comp_time,0.16463
Modified,normal_city,25,stuck_window_min,10,comp_time,0.14598
Modified,normal_city,26,stuck_window_min,10,comp_time,0.17031
Modified,normal_city,27,stuck_window_min,10,comp_time,0.32067
Modified,normal_city,28,stuck_window_min,10,comp_time,0.15451
Modified,normal_city,29,stuck_window_min,10,comp_time,0.15753
Modified,blocked_road,0,stuck_window_min,10,comp_time,0.64179
Modified,blocked_road,1,stuck_window_min,10,comp_time,2.01014
Modified,blocked_road,2,stuck_window_min,10,comp_time,0.37288
Modified,blocked_road,3,stuck_window_min,10,comp_time,0.19615
Modified,blocked_road,4,stuck_window_min,10,comp_time,0.95125
Modified,blocked_road,5,stuck_window_min,10,comp_time,0.71936
Modified,blocked_road,6,stuck_window_min,10,comp_time,0.42631
Modified,blocked_road,7,stuck_window_min,10,comp_time,0.13477
Modified,blocked_road,8,stuck_window_min,10,comp_time,0.27071
Modified,blocked_road,9,stuck_window_min,10,comp_time,1.9589
Modified,blocked_road,10,stuck_window_min,10,comp_time,0.65669
Modified,blocked_road,11,stuck_window_min,10,comp_time,1.66868
Modified,blocked_road,12,stuck_window_min,10,comp_time,0.87012
Modified,blocked_road,13,stuck_window_min,10,comp_time,0.15024
Modified,blocked_road,14,stuck_window_min,10,comp_time,0.27539
Modified,blocked_road,15,stuck_window_min,10,comp_time,0.48858
Modified,blocked_road,16,stuck_window_min,10,comp_time,0.2096
Modified,blocked_road,17,stuck_window_min,10,comp_time,0.23531
Modified,blocked_road,18,stuck_window_min,10,comp_time,0.15982
Modified,blocked_road,19,stuck_window_min,10,comp_time,0.38317
Modified,blocked_road,20,stuck_window_min,10,comp_time,0.75319
Modified,blocked_road,21,stuck_window_min,10,comp_time,0.26877
Modified,blocked_road,22,stuck_window_min,10,comp_time,0.17219
Modified,blocked_road,23,stuck_window_min,10,comp_time,3.80644
Modified,blocked_road,24,stuck_window_min,10,comp_time,0.17436
Modified,blocked_road,25,stuck_window_min,10,comp_time,0.13731
Modified,blocked_road,26,stuck_window_min,10,comp_time,0.32855
Modified,blocked_road,27,stuck_window_min,10,comp_time,2.74413
Modified,blocked_road,28,stuck_window_min,10,comp_time,1.39969
Modified,blocked_road,29,stuck_window_min,10,comp_time,0.46863
Modified,dense_city,0,stuck_window_min,10,comp_time,1.63611
Modified,dense_city,1,stuck_window_min,10,comp_time,0.32963
Modified,dense_city,2,stuck_window_min,10,comp_time,1.22791
Modified,dense_city,3,stuck_window_min,10,comp_time,0.89122
Modified,dense_city,4,stuck_window_min,10,comp_time,0.422
Modified,dense_city,5,stuck_window_min,10,comp_time,0.21245
Modified,dense_city,6,stuck_window_min,10,comp_time,2.47283
Modified,dense_city,7,stuck_window_min,10,comp_time,17.43959
Modified,dense_city,8,stuck_window_min,10,comp_time,0.25964
Modified,dense_city,9,stuck_window_min,10,comp_time,1.31628
Modified,dense_city,10,stuck_window_min,10,comp_time,1.25431
Modified,dense_city,11,stuck_window_min,10,comp_time,1.44605
Modified,dense_city,12,stuck_window_min,10,comp_time,0.85971
Modified,dense_city,13,stuck_window_min,10,comp_time,0.88709
Modified,dense_city,14,stuck_window_min,10,comp_time,1.74975
Modified,dense_city,15,stuck_window_min,10,comp_time,2.37613
Modified,dense_city,16,stuck_window_min,10,comp_time,2.04613
Modified,dense_city,17,stuck_window_min,10,comp_time,0.54551
Modified,dense_city,18,stuck_window_min,10,comp_time,0.39191
Modified,dense_city,19,stuck_window_min,10,comp_time,1.60053
Modified,dense_city,20,stuck_window_min,10,comp_time,2.00851
Modified,dense_city,21,stuck_window_min,10,comp_time,0.96178
Modified,dense_city,22,stuck_window_min,10,comp_time,6.9062
Modified,dense_city,23,stuck_window_min,10,comp_time,1.62875
Modified,dense_city,24,stuck_window_min,10,comp_time,0.34384
Modified,dense_city,25,stuck_window_min,10,comp_time,1.20702
Modified,dense_city,26,stuck_window_min,10,comp_time,0.36921
Modified,dense_city,27,stuck_window_min,10,comp_time,1.74694
Modified,dense_city,28,stuck_window_min,10,comp_time,0.88147
Modified,dense_city,29,stuck_window_min,10,comp_time,0.93285
