planner,scenario,instance,parameter,value,metric,result
Modified,normal_city,0,stuck_window_max,12,success,1.0
Modified,normal_city,1,stuck_window_max,12,success,1.0
Modified,normal_city,2,stuck_window_max,12,success,1.0
Modified,normal_city,3,stuck_window_max,12,success,1.0
Modified,normal_city,4,stuck_window_max,12,success,1.0
Modified,normal_city,5,stuck_window_max,12,success,1.0
Modified,normal_city,6,stuck_window_max,12,success,1.0
Modified,normal_city,7,stuck_window_max,12,success,1.0
Modified,normal_city,8,stuck_window_max,12,success,1.0
Modified,normal_city,9,stuck_window_max,12,success,1.0
Modified,normal_city,10,stuck_window_max,12,success,1.0
Modified,normal_city,11,stuck_window_max,12,success,1.0
Modified,normal_city,12,stuck_window_max,12,success,1.0
Modified,normal_city,13,stuck_window_max,12,success,1.0
Modified,normal_city,14,stuck_window_max,12,success,1.0
Modified,normal_city,15,stuck_window_max,12,success,1.0
Modified,normal_city,16,stuck_window_max,12,success,1.0
Modified,normal_city,17,stuck_window_max,12,success,1.0
Modified,normal_city,18,stuck_window_max,12,success,1.0
Modified,normal_city,19,stuck_window_max,12,success,1.0
Modified,normal_city,20,stuck_window_max,12,success,1.0
Modified,normal_city,21,stuck_window_max,12,success,1.0
Modified,normal_city,22,stuck_window_max,12,success,1.0
Modified,normal_city,23,stuck_window_max,12,success,1.0
Modified,normal_city,24,stuck_window_max,12,success,1.0
Modified,normal_city,25,stuck_window_max,12,success,1.0
Modified,normal_city,26,stuck_window_max,12,success,1.0
Modified,normal_city,27,stuck_window_max,12,success,1.0
Modified,normal_city,28,stuck_window_max,12,success,1.0
Modified,normal_city,29,stuck_window_max,12,success,1.0
Modified,blocked_road,0,stuck_window_max,12,success,1.0
Modified,blocked_road,1,stuck_window_max,12,success,1.0
Modified,blocked_road,2,stuck_window_max,12,success,1.0
Modified,blocked_road,3,stuck_window_max,12,success,1.0
Modified,blocked_road,4,stuck_window_max,12,success,1.0
Modified,blocked_road,5,stuck_window_max,12,success,1.0
Modified,blocked_road,6,stuck_window_max,12,success,1.0
Modified,blocked_road,7,stuck_window_max,12,success,1.0
Modified,blocked_road,8,stuck_window_max,12,success,1.0
Modified,blocked_road,9,stuck_window_max,12,success,1.0
Modified,blocked_road,10,stuck_window_max,12,success,1.0
Modified,blocked_road,11,stuck_window_max,12,success,1.0
Modified,blocked_road,12,stuck_window_max,12,success,1.0
Modified,blocked_road,13,stuck_window_max,12,success,1.0
Modified,blocked_road,14,stuck_window_max,12,success,1.0
Modified,blocked_road,15,stuck_window_max,12,success,1.0
Modified,blocked_road,16,stuck_window_max,12,success,1.0
Modified,blocked_road,17,stuck_window_max,12,success,1.0
Modified,blocked_road,18,stuck_window_max,12,success,1.0
Modified,blocked_road,19,stuck_window_max,12,success,1.0
Modified,blocked_road,20,stuck_window_max,12,success,1.0
Modified,blocked_road,21,stuck_window_max,12,success,1.0
Modified,blocked_road,22,stuck_window_max,12,success,1.0
Modified,blocked_road,23,stuck_window_max,12,success,1.0
Modified,blocked_road,24,stuck_window_max,12,success,1.0
Modified,blocked_road,25,stuck_window_max,12,success,1.0
Modified,blocked_road,26,stuck_window_max,12,success,1.0
Modified,blocked_road,27,stuck_window_max,12,success,1.0
Modified,blocked_road,28,stuck_window_max,12,success,1.0
Modified,blocked_road,29,stuck_window_max,12,success,1.0
Modified,dense_city,0,stuck_window_max,12,success,1.0
Modified,dense_city,1,stuck_window_max,12,success,1.0
Modified,dense_city,2,stuck_window_max,12,success,1.0
Modified,dense_city,3,stuck_window_max,12,success,1.0
Modified,dense_city,4,stuck_window_max,12,success,1.0
Modified,dense_city,5,stuck_window_max,12,success,1.0
Modified,dense_city,6,stuck_window_max,12,success,1.0
Modified,dense_city,7,stuck_window_max,12,success,1.0
Modified,dense_city,8,stuck_window_max,12,success,1.0
Modified,dense_city,9,stuck_window_max,12,success,0.0
Modified,dense_city,10,stuck_window_max,12,success,1.0
Modified,dense_city,11,stuck_window_max,12,success,1.0
Modified,dense_city,12,stuck_window_max,12,success,1.0
Modified,dense_city,13,stuck_window_max,12,success,1.0
Modified,dense_city,14,stuck_window_max,12,success,1.0
Modified,dense_city,15,stuck_window_max,12,success,1.0
Modified,dense_city,16,stuck_window_max,12,success,1.0
Modified,dense_city,17,stuck_window_max,12,success,1.0
Modified,dense_city,18,stuck_window_max,12,success,1.0
Modified,dense_city,19,stuck_window_max,12,success,1.0
Modified,dense_city,20,stuck_window_max,12,success,1.0
Modified,dense_city,21,stuck_window_max,12,success,1.0
Modified,dense_city,22,stuck_window_max,12,success,1.0
Modified,dense_city,23,stuck_window_max,12,success,1.0
Modified,dense_city,24,stuck_window_max,12,success,1.0
Modified,dense_city,25,stuck_window_max,12,success,1.0
Modified,dense_city,26,stuck_window_max,12,success,1.0
Modified,dense_city,27,stuck_window_max,12,success,1.0
Modified,dense_city,28,stuck_window_max,12,success,1.0
Modified,dense_city,29,stuck_window_max,12,success,1.0
Modified,normal_city,0,stuck_window_max,20,success,1.0
Modified,normal_city,1,stuck_window_max,20,success,1.0
Modified,normal_city,2,stuck_window_max,20,success,1.0
Modified,normal_city,3,stuck_window_max,20,success,1.0
Modified,normal_city,4,stuck_window_max,20,success,1.0
Modified,normal_city,5,stuck_window_max,20,success,1.0
Modified,normal_city,6,stuck_window_max,20,success,1.0
Modified,normal_city,7,stuck_window_max,20,success,1.0
Modified,normal_city,8,stuck_window_max,20,success,1.0
Modified,normal_city,9,stuck_window_max,20,success,1.0
Modified,normal_city,10,stuck_window_max,20,success,1.0
Modified,normal_city,11,stuck_window_max,20,success,1.0
Modified,normal_city,12,stuck_window_max,20,success,1.0
Modified,normal_city,13,stuck_window_max,20,success,1.0
Modified,normal_city,14,stuck_window_max,20,success,1.0
Modified,normal_city,15,stuck_window_max,20,success,1.0
Modified,normal_city,16,stuck_window_max,20,success,1.0
Modified,normal_city,17,stuck_window_max,20,success,1.0
Modified,normal_city,18,stuck_window_max,20,success,1.0
Modified,normal_city,19,stuck_window_max,20,success,1.0
Modified,normal_city,20,stuck_window_max,20,success,1.0
Modified,normal_city,21,stuck_window_max,20,success,1.0
Modified,normal_city,22,stuck_window_max,20,success,1.0
Modified,normal_city,23,stuck_window_max,20,success,1.0
Modified,normal_city,24,stuck_window_max,20,success,1.0
Modified,normal_city,25,stuck_window_max,20,success,1.0
Modified,normal_city,26,stuck_window_max,20,success,1.0
Modified,normal_city,27,stuck_window_max,20,success,1.0
Modified,normal_city,28,stuck_window_max,20,success,1.0
Modified,normal_city,29,stuck_window_max,20,success,1.0
Modified,blocked_road,0,stuck_window_max,20,success,1.0
Modified,blocked_road,1,stuck_window_max,20,success,1.0
Modified,blocked_road,2,stuck_window_max,20,success,1.0
Modified,blocked_road,3,stuck_window_max,20,success,1.0
Modified,blocked_road,4,stuck_window_max,20,success,1.0
Modified,blocked_road,5,stuck_window_max,20,success,1.0
Modified,blocked_road,6,stuck_window_max,20,success,1.0
Modified,blocked_road,7,stuck_window_max,20,success,1.0
Modified,blocked_road,8,stuck_window_max,20,success,1.0
Modified,blocked_road,9,stuck_window_max,20,success,1.0
Modified,blocked_road,10,stuck_window_max,20,success,1.0
Modified,blocked_road,11,stuck_window_max,20,success,1.0
Modified,blocked_road,12,stuck_window_max,20,success,1.0
Modified,blocked_road,13,stuck_window_max,20,success,1.0
Modified,blocked_road,14,stuck_window_max,20,success,1.0
Modified,blocked_road,15,stuck_window_max,20,success,1.0
Modified,blocked_road,16,stuck_window_max,20,success,1.0
Modified,blocked_road,17,stuck_window_max,20,success,1.0
Modified,blocked_road,18,stuck_window_max,20,success,1.0
Modified,blocked_road,19,stuck_window_max,20,success,1.0
Modified,blocked_road,20,stuck_window_max,20,success,1.0
Modified,blocked_road,21,stuck_window_max,20,success,1.0
Modified,blocked_road,22,stuck_window_max,20,success,1.0
Modified,blocked_road,23,stuck_window_max,20,success,1.0
Modified,blocked_road,24,stuck_window_max,20,success,1.0
Modified,blocked_road,25,stuck_window_max,20,success,1.0
Modified,blocked_road,26,stuck_window_max,20,success,1.0
Modified,blocked_road,27,stuck_window_max,20,success,1.0
Modified,blocked_road,28,stuck_window_max,20,success,1.0
Modified,blocked_road,29,stuck_window_max,20,success,1.0
Modified,dense_city,0,stuck_window_max,20,success,1.0
Modified,dense_city,1,stuck_window_max,20,success,1.0
Modified,dense_city,2,stuck_window_max,20,success,1.0
Modified,dense_city,3,stuck_window_max,20,success,1.0
Modified,dense_city,4,stuck_window_max,20,success,1.0
Modified,dense_city,5,stuck_window_max,20,success,1.0
Modified,dense_city,6,stuck_window_max,20,success,1.0
Modified,dense_city,7,stuck_window_max,20,success,1.0
Modified,dense_city,8,stuck_window_max,20,success,1.0
Modified,dense_city,9,stuck_window_max,20,success,0.0
Modified,dense_city,10,stuck_window_max,20,success,1.0
Modified,dense_city,11,stuck_window_max,20,success,1.0
Modified,dense_city,12,stuck_window_max,20,success,1.0
Modified,dense_city,13,stuck_window_max,20,success,1.0
Modified,dense_city,14,stuck_window_max,20,success,1.0
Modified,dense_city,15,stuck_window_max,20,success,1.0
Modified,dense_city,16,stuck_window_max,20,success,1.0
Modified,dense_city,17,stuck_window_max,20,success,1.0
Modified,dense_city,18,stuck_window_max,20,success,1.0
Modified,dense_city,19,stuck_window_max,20,success,1.0
Modified,dense_city,20,stuck_window_max,20,success,1.0
Modified,dense_city,21,stuck_window_max,20,success,1.0
Modified,dense_city,22,stuck_window_max,20,success,1.0
Modified,dense_city,23,stuck_window_max,20,success,1.0
Modified,dense_city,24,stuck_window_max,20,success,1.0
Modified,dense_city,25,stuck_window_max,20,success,1.0
Modified,dense_city,26,stuck_window_max,20,success,1.0
Modified,dense_city,27,stuck_window_max,20,success,1.0
Modified,dense_city,28,stuck_window_max,20,success,1.0
Modified,dense_city,29,stuck_window_max,20,success,1.0
Modified,normal_city,0,stuck_window_max,30,success,1.0
Modified,normal_city,1,stuck_window_max,30,success,1.0
Modified,normal_city,2,stuck_window_max,30,success,1.0
Modified,normal_city,3,stuck_window_max,30,success,1.0
Modified,normal_city,4,stuck_window_max,30,success,1.0
Modified,normal_city,5,stuck_window_max,30,success,1.0
Modified,normal_city,6,stuck_window_max,30,success,1.0
Modified,normal_city,7,stuck_window_max,30,success,1.0
Modified,normal_city,8,stuck_window_max,30,success,1.0
Modified,normal_city,9,stuck_window_max,30,success,1.0
Modified,normal_city,10,stuck_window_max,30,success,1.0
Modified,normal_city,11,stuck_window_max,30,success,1.0
Modified,normal_city,12,stuck_window_max,30,success,1.0
Modified,normal_city,13,stuck_window_max,30,success,1.0
Modified,normal_city,14,stuck_window_max,30,success,1.0
Modified,normal_city,15,stuck_window_max,30,success,1.0
Modified,normal_city,16,stuck_window_max,30,success,1.0
Modified,normal_city,17,stuck_window_max,30,success,1.0
Modified,normal_city,18,stuck_window_max,30,success,1.0
Modified,normal_city,19,stuck_window_max,30,success,1.0
Modified,normal_city,20,stuck_window_max,30,success,1.0
Modified,normal_city,21,stuck_window_max,30,success,1.0
Modified,normal_city,22,stuck_window_max,30,success,1.0
Modified,normal_city,23,stuck_window_max,30,success,1.0
Modified,normal_city,24,stuck_window_max,30,success,1.0
Modified,normal_city,25,stuck_window_max,30,success,1.0
Modified,normal_city,26,stuck_window_max,30,success,1.0
Modified,normal_city,27,stuck_window_max,30,success,1.0
Modified,normal_city,28,stuck_window_max,30,success,1.0
Modified,normal_city,29,stuck_window_max,30,success,1.0
Modified,blocked_road,0,stuck_window_max,30,success,1.0
Modified,blocked_road,1,stuck_window_max,30,success,1.0
Modified,blocked_road,2,stuck_window_max,30,success,1.0
Modified,blocked_road,3,stuck_window_max,30,success,1.0
Modified,blocked_road,4,stuck_window_max,30,success,1.0
Modified,blocked_road,5,stuck_window_max,30,success,1.0
Modified,blocked_road,6,stuck_window_max,30,success,1.0
Modified,blocked_road,7,stuck_window_max,30,success,1.0
Modified,blocked_road,8,stuck_window_max,30,success,1.0
Modified,blocked_road,9,stuck_window_max,30,success,1.0
Modified,blocked_road,10,stuck_window_max,30,success,1.0
Modified,blocked_road,11,stuck_window_max,30,success,1.0
Modified,blocked_road,12,stuck_window_max,30,success,1.0
Modified,blocked_road,13,stuck_window_max,30,success,1.0
Modified,blocked_road,14,stuck_window_max,30,success,1.0
Modified,blocked_road,15,stuck_window_max,30,success,1.0
Modified,blocked_road,16,stuck_window_max,30,success,1.0
Modified,blocked_road,17,stuck_window_max,30,success,1.0
Modified,blocked_road,18,stuck_window_max,30,success,1.0
Modified,blocked_road,19,stuck_window_max,30,success,1.0
Modified,blocked_road,20,stuck_window_max,30,success,1.0
Modified,blocked_road,21,stuck_window_max,30,success,1.0
Modified,blocked_road,22,stuck_window_max,30,success,1.0
Modified,blocked_road,23,stuck_window_max,30,success,1.0
Modified,blocked_road,24,stuck_window_max,30,success,1.0
Modified,blocked_road,25,stuck_window_max,30,success,1.0
Modified,blocked_road,26,stuck_window_max,30,success,1.0
Modified,blocked_road,27,stuck_window_max,30,success,1.0
Modified,blocked_road,28,stuck_window_max,30,success,1.0
Modified,blocked_road,29,stuck_window_max,30,success,1.0
Modified,dense_city,0,stuck_window_max,30,success,1.0
Modified,dense_city,1,stuck_window_max,30,success,1.0
Modified,dense_city,2,stuck_window_max,30,success,1.0
Modified,dense_city,3,stuck_window_max,30,success,1.0
Modified,dense_city,4,stuck_window_max,30,success,1.0
Modified,dense_city,5,stuck_window_max,30,success,1.0
Modified,dense_city,6,stuck_window_max,30,success,1.0
Modified,dense_city,7,stuck_window_max,30,success,1.0
Modified,dense_city,8,stuck_window_max,30,success,1.0
Modified,dense_city,9,stuck_window_max,30,success,0.0
Modified,dense_city,10,stuck_window_max,30,success,1.0
Modified,dense_city,11,stuck_window_max,30,success,1.0
Modified,dense_city,12,stuck_window_max,30,success,1.0
Modified,dense_city,13,stuck_window_max,30,success,1.0
Modified,dense_city,14,stuck_window_max,30,success,1.0
Modified,dense_city,15,stuck_window_max,30,success,1.0
Modified,dense_city,16,stuck_window_max,30,success,1.0
Modified,dense_city,17,stuck_window_max,30,success,1.0
Modified,dense_city,18,stuck_window_max,30,success,1.0
Modified,dense_city,19,stuck_window_max,30,success,1.0
Modified,dense_city,20,stuck_window_max,30,success,1.0
Modified,dense_city,21,stuck_window_max,30,success,1.0
Modified,dense_city,22,stuck_window_max,30,success,1.0
Modified,dense_city,23,stuck_window_max,30,success,1.0
Modified,dense_city,24,stuck_window_max,30,success,1.0
Modified,dense_city,25,stuck_window_max,30,success,1.0
Modified,dense_city,26,stuck_window_max,30,success,1.0
Modified,dense_city,27,stuck_window_max,30,success,1.0
Modified,dense_city,28,stuck_window_max,30,success,1.0
Modified,dense_city,29,stuck_window_max,30,success,1.0
Modified,normal_city,0,stuck_window_max,12,path_length,145.668
Modified,normal_city,1,stuck_window_max,12,path_length,150.463
Modified,normal_city,2,stuck_window_max,12,path_length,147.109
Modified,normal_city,3,stuck_window_max,12,path_length,158.587
Modified,normal_city,4,stuck_window_max,12,path_length,155.743
Modified,normal_city,5,stuck_window_max,12,path_length,146.604
Modified,normal_city,6,stuck_window_max,12,path_length,145.826
Modified,normal_city,7,stuck_window_max,12,path_length,147.73
Modified,normal_city,8,stuck_window_max,12,path_length,153.055
Modified,normal_city,9,stuck_window_max,12,path_length,148.228
Modified,normal_city,10,stuck_window_max,12,path_length,148.188
Modified,normal_city,11,stuck_window_max,12,path_length,145.499
Modified,normal_city,12,stuck_window_max,12,path_length,159.273
Modified,normal_city,13,stuck_window_max,12,path_length,151.27
Modified,normal_city,14,stuck_window_max,12,path_length,146.261
Modified,normal_city,15,stuck_window_max,12,path_length,149.521
Modified,normal_city,16,stuck_window_max,12,path_length,145.982
Modified,normal_city,17,stuck_window_max,12,path_length,150.6
Modified,normal_city,18,stuck_window_max,12,path_length,174.733
Modified,normal_city,19,stuck_window_max,12,path_length,147.688
Modified,normal_city,20,stuck_window_max,12,path_length,149.996
Modified,normal_city,21,stuck_window_max,12,path_length,149.041
Modified,normal_city,22,stuck_window_max,12,path_length,153.336
Modified,normal_city,23,stuck_window_max,12,path_length,151.076
Modified,normal_city,24,stuck_window_max,12,path_length,151.666
Modified,normal_city,25,stuck_window_max,12,path_length,149.366
Modified,normal_city,26,stuck_window_max,12,path_length,142.559
Modified,normal_city,27,stuck_window_max,12,path_length,181.697
Modified,normal_city,28,stuck_window_max,12,path_length,146.379
Modified,normal_city,29,stuck_window_max,12,path_length,152.824
Modified,blocked_road,0,stuck_window_max,12,path_length,218.204
Modified,blocked_road,1,stuck_window_max,12,path_length,214.081
Modified,blocked_road,2,stuck_window_max,12,path_length,181.386
Modified,blocked_road,3,stuck_window_max,12,path_length,162.228
Modified,blocked_road,4,stuck_window_max,12,path_length,206.109
Modified,blocked_road,5,stuck_window_max,12,path_length,212.19
Modified,blocked_road,6,stuck_window_max,12,path_length,160.757
Modified,blocked_road,7,stuck_window_max,12,path_length,152.456
Modified,blocked_road,8,stuck_window_max,12,path_length,172.23
Modified,blocked_road,9,stuck_window_max,12,path_length,159.639
Modified,blocked_road,10,stuck_window_max,12,path_length,188.185
Modified,blocked_road,11,stuck_window_max,12,path_length,185.832
Modified,blocked_road,12,stuck_window_max,12,path_length,166.486
Modified,blocked_road,13,stuck_window_max,12,path_length,165.985
Modified,blocked_road,14,stuck_window_max,12,path_length,212.313
Modified,blocked_road,15,stuck_window_max,12,path_length,201.087
Modified,blocked_road,16,stuck_window_max,12,path_length,197.951
Modified,blocked_road,17,stuck_window_max,12,path_length,157.145
Modified,blocked_road,18,stuck_window_max,12,path_length,157.103
Modified,blocked_road,19,stuck_window_max,12,path_length,197.612
Modified,blocked_road,20,stuck_window_max,12,path_length,198.654
Modified,blocked_road,21,stuck_window_max,12,path_length,165.136
Modified,blocked_road,22,stuck_window_max,12,path_length,153.581
Modified,blocked_road,23,stuck_window_max,12,path_length,146.766
Modified,blocked_road,24,stuck_window_max,12,path_length,156.604
Modified,blocked_road,25,stuck_window_max,12,path_length,149.63
Modified,blocked_road,26,stuck_window_max,12,path_length,162.636
Modified,blocked_road,27,stuck_window_max,12,path_length,163.08
Modified,blocked_road,28,stuck_window_max,12,path_length,163.782
Modified,blocked_road,29,stuck_window_max,12,path_length,152.785
Modified,dense_city,0,stuck_window_max,12,path_length,168.475
Modified,dense_city,1,stuck_window_max,12,path_length,158.972
Modified,dense_city,2,stuck_window_max,12,path_length,206.999
Modified,dense_city,3,stuck_window_max,12,path_length,162.238
Modified,dense_city,4,stuck_window_max,12,path_length,159.764
Modified,dense_city,5,stuck_window_max,12,path_length,154.691
Modified,dense_city,6,stuck_window_max,12,path_length,179.38
Modified,dense_city,7,stuck_window_max,12,path_length,177.66
Modified,dense_city,8,stuck_window_max,12,path_length,156.145
Modified,dense_city,9,stuck_window_max,12,path_length,
Modified,dense_city,10,stuck_window_max,12,path_length,154.2
Modified,dense_city,11,stuck_window_max,12,path_length,158.873
Modified,dense_city,12,stuck_window_max,12,path_length,188.384
Modified,dense_city,13,stuck_window_max,12,path_length,157.784
Modified,dense_city,14,stuck_window_max,12,path_length,176.809
Modified,dense_city,15,stuck_window_max,12,path_length,248.38
Modified,dense_city,16,stuck_window_max,12,path_length,154.747
Modified,dense_city,17,stuck_window_max,12,path_length,184.606
Modified,dense_city,18,stuck_window_max,12,path_length,164.685
Modified,dense_city,19,stuck_window_max,12,path_length,159.852
Modified,dense_city,20,stuck_window_max,12,path_length,151.249
Modified,dense_city,21,stuck_window_max,12,path_length,155.037
Modified,dense_city,22,stuck_window_max,12,path_length,154.397
Modified,dense_city,23,stuck_window_max,12,path_length,157.416
Modified,dense_city,24,stuck_window_max,12,path_length,149.609
Modified,dense_city,25,stuck_window_max,12,path_length,152.229
Modified,dense_city,26,stuck_window_max,12,path_length,154.37
Modified,dense_city,27,stuck_window_max,12,path_length,152.855
Modified,dense_city,28,stuck_window_max,12,path_length,164.357
Modified,dense_city,29,stuck_window_max,12,path_length,165.057
Modified,normal_city,0,stuck_window_max,20,path_length,150.442
Modified,normal_city,1,stuck_window_max,20,path_length,159.276
Modified,normal_city,2,stuck_window_max,20,path_length,153.253
Modified,normal_city,3,stuck_window_max,20,path_length,157.838
Modified,normal_city,4,stuck_window_max,20,path_length,159.383
Modified,normal_city,5,stuck_window_max,20,path_length,151.623
Modified,normal_city,6,stuck_window_max,20,path_length,145.826
Modified,normal_city,7,stuck_window_max,20,path_length,152.348
Modified,normal_city,8,stuck_window_max,20,path_length,193.765
Modified,normal_city,9,stuck_window_max,20,path_length,148.228
Modified,normal_city,10,stuck_window_max,20,path_length,152.05
Modified,normal_city,11,stuck_window_max,20,path_length,151.762
Modified,normal_city,12,stuck_window_max,20,path_length,161.553
Modified,normal_city,13,stuck_window_max,20,path_length,154.808
Modified,normal_city,14,stuck_window_max,20,path_length,149.26
Modified,normal_city,15,stuck_window_max,20,path_length,150.79
Modified,normal_city,16,stuck_window_max,20,path_length,147.59
Modified,normal_city,17,stuck_window_max,20,path_length,150.6
Modified,normal_city,18,stuck_window_max,20,path_length,149.044
Modified,normal_city,19,stuck_window_max,20,path_length,154.539
Modified,normal_city,20,stuck_window_max,20,path_length,152.431
Modified,normal_city,21,stuck_window_max,20,path_length,154.495
Modified,normal_city,22,stuck_window_max,20,path_length,161.174
Modified,normal_city,23,stuck_window_max,20,path_length,151.076
Modified,normal_city,24,stuck_window_max,20,path_length,153.04
Modified,normal_city,25,stuck_window_max,20,path_length,155.35
Modified,normal_city,26,stuck_window_max,20,path_length,146.316
Modified,normal_city,27,stuck_window_max,20,path_length,160.81
Modified,normal_city,28,stuck_window_max,20,path_length,156.828
Modified,normal_city,29,stuck_window_max,20,path_length,148.722
Modified,blocked_road,0,stuck_window_max,20,path_length,200.596
Modified,blocked_road,1,stuck_window_max,20,path_length,207.092
Modified,blocked_road,2,stuck_window_max,20,path_length,183.573
Modified,blocked_road,3,stuck_window_max,20,path_length,162.228
Modified,blocked_road,4,stuck_window_max,20,path_length,299.831
Modified,blocked_road,5,stuck_window_max,20,path_length,212.464
Modified,blocked_road,6,stuck_window_max,20,path_length,167.294
Modified,blocked_road,7,stuck_window_max,20,path_length,160.752
Modified,blocked_road,8,stuck_window_max,20,path_length,172.23
Modified,blocked_road,9,stuck_window_max,20,path_length,163.909
Modified,blocked_road,10,stuck_window_max,20,path_length,188.185
Modified,blocked_road,11,stuck_window_max,20,path_length,185.832
Modified,blocked_road,12,stuck_window_max,20,path_length,205.64
Modified,blocked_road,13,stuck_window_max,20,path_length,167.364
Modified,blocked_road,14,stuck_window_max,20,path_length,202.123
Modified,blocked_road,15,stuck_window_max,20,path_length,205.189
Modified,blocked_road,16,stuck_window_max,20,path_length,200.612
Modified,blocked_road,17,stuck_window_max,20,path_length,157.145
Modified,blocked_road,18,stuck_window_max,20,path_length,160.517
Modified,blocked_road,19,stuck_window_max,20,path_length,198.783
Modified,blocked_road,20,stuck_window_max,20,path_length,196.862
Modified,blocked_road,21,stuck_window_max,20,path_length,165.136
Modified,blocked_road,22,stuck_window_max,20,path_length,153.581
Modified,blocked_road,23,stuck_window_max,20,path_length,146.766
Modified,blocked_road,24,stuck_window_max,20,path_length,158.0
Modified,blocked_road,25,stuck_window_max,20,path_length,156.388
Modified,blocked_road,26,stuck_window_max,20,path_length,165.429
Modified,blocked_road,27,stuck_window_max,20,path_length,163.08
Modified,blocked_road,28,stuck_window_max,20,path_length,163.782
Modified,blocked_road,29,stuck_window_max,20,path_length,152.785
Modified,dense_city,0,stuck_window_max,20,path_length,168.475
Modified,dense_city,1,stuck_window_max,20,path_length,158.972
Modified,dense_city,2,stuck_window_max,20,path_length,206.999
Modified,dense_city,3,stuck_window_max,20,path_length,162.238
Modified,dense_city,4,stuck_window_max,20,path_length,159.764
Modified,dense_city,5,stuck_window_max,20,path_length,161.497
Modified,dense_city,6,stuck_window_max,20,path_length,179.38
Modified,dense_city,7,stuck_window_max,20,path_length,197.399
Modified,dense_city,8,stuck_window_max,20,path_length,156.145
Modified,dense_city,9,stuck_window_max,20,path_length,
Modified,dense_city,10,stuck_window_max,20,path_length,154.2
Modified,dense_city,11,stuck_window_max,20,path_length,158.873
Modified,dense_city,12,stuck_window_max,20,path_length,162.728
Modified,dense_city,13,stuck_window_max,20,path_length,157.784
Modified,dense_city,14,stuck_window_max,20,path_length,176.809
Modified,dense_city,15,stuck_window_max,20,path_length,256.233
Modified,dense_city,16,stuck_window_max,20,path_length,154.747
Modified,dense_city,17,stuck_window_max,20,path_length,184.606
Modified,dense_city,18,stuck_window_max,20,path_length,164.685
Modified,dense_city,19,stuck_window_max,20,path_length,159.852
Modified,dense_city,20,stuck_window_max,20,path_length,151.249
Modified,dense_city,21,stuck_window_max,20,path_length,155.037
Modified,dense_city,22,stuck_window_max,20,path_length,154.397
Modified,dense_city,23,stuck_window_max,20,path_length,157.416
Modified,dense_city,24,stuck_window_max,20,path_length,149.609
Modified,dense_city,25,stuck_window_max,20,path_length,152.229
Modified,dense_city,26,stuck_window_max,20,path_length,154.37
Modified,dense_city,27,stuck_window_max,20,path_length,152.855
Modified,dense_city,28,stuck_window_max,20,path_length,164.357
Modified,dense_city,29,stuck_window_max,20,path_length,165.057
Modified,normal_city,0,stuck_window_max,30,path_length,150.442
Modified,normal_city,1,stuck_window_max,30,path_length,159.276
Modified,normal_city,2,stuck_window_max,30,path_length,153.253
Modified,normal_city,3,stuck_window_max,30,path_length,152.476
Modified,normal_city,4,stuck_window_max,30,path_length,159.383
Modified,normal_city,5,stuck_window_max,30,path_length,151.623
Modified,normal_city,6,stuck_window_max,30,path_length,145.826
Modified,normal_city,7,stuck_window_max,30,path_length,152.348
Modified,normal_city,8,stuck_window_max,30,path_length,157.699
Modified,normal_city,9,stuck_window_max,30,path_length,148.228
Modified,normal_city,10,stuck_window_max,30,path_length,152.05
Modified,normal_city,11,stuck_window_max,30,path_length,146.937
Modified,normal_city,12,stuck_window_max,30,path_length,164.52
Modified,normal_city,13,stuck_window_max,30,path_length,154.808
Modified,normal_city,14,stuck_window_max,30,path_length,149.26
Modified,normal_city,15,stuck_window_max,30,path_length,150.79
Modified,normal_city,16,stuck_window_max,30,path_length,147.59
Modified,normal_city,17,stuck_window_max,30,path_length,150.6
Modified,normal_city,18,stuck_window_max,30,path_length,149.044
Modified,normal_city,19,stuck_window_max,30,path_length,152.77
Modified,normal_city,20,stuck_window_max,30,path_length,152.431
Modified,normal_city,21,stuck_window_max,30,path_length,154.495
Modified,normal_city,22,stuck_window_max,30,path_length,171.315
Modified,normal_city,23,stuck_window_max,30,path_length,151.076
Modified,normal_city,24,stuck_window_max,30,path_length,153.04
Modified,normal_city,25,stuck_window_max,30,path_length,155.35
Modified,normal_city,26,stuck_window_max,30,path_length,146.316
Modified,normal_city,27,stuck_window_max,30,path_length,162.912
Modified,normal_city,28,stuck_window_max,30,path_length,156.828
Modified,normal_city,29,stuck_window_max,30,path_length,148.722
Modified,blocked_road,0,stuck_window_max,30,path_length,204.323
Modified,blocked_road,1,stuck_window_max,30,path_length,210.526
Modified,blocked_road,2,stuck_window_max,30,path_length,183.573
Modified,blocked_road,3,stuck_window_max,30,path_length,162.228
Modified,blocked_road,4,stuck_window_max,30,path_length,211.582
Modified,blocked_road,5,stuck_window_max,30,path_length,209.29
Modified,blocked_road,6,stuck_window_max,30,path_length,169.574
Modified,blocked_road,7,stuck_window_max,30,path_length,160.752
Modified,blocked_road,8,stuck_window_max,30,path_length,172.23
Modified,blocked_road,9,stuck_window_max,30,path_length,166.693
Modified,blocked_road,10,stuck_window_max,30,path_length,188.185
Modified,blocked_road,11,stuck_window_max,30,path_length,185.832
Modified,blocked_road,12,stuck_window_max,30,path_length,209.508
Modified,blocked_road,13,stuck_window_max,30,path_length,157.824
Modified,blocked_road,14,stuck_window_max,30,path_length,213.442
Modified,blocked_road,15,stuck_window_max,30,path_length,208.801
Modified,blocked_road,16,stuck_window_max,30,path_length,204.899
Modified,blocked_road,17,stuck_window_max,30,path_length,157.145
Modified,blocked_road,18,stuck_window_max,30,path_length,165.043
Modified,blocked_road,19,stuck_window_max,30,path_length,198.783
Modified,blocked_road,20,stuck_window_max,30,path_length,199.712
Modified,blocked_road,21,stuck_window_max,30,path_length,165.136
Modified,blocked_road,22,stuck_window_max,30,path_length,153.581
Modified,blocked_road,23,stuck_window_max,30,path_length,146.766
Modified,blocked_road,24,stuck_window_max,30,path_length,158.0
Modified,blocked_road,25,stuck_window_max,30,path_length,156.388
Modified,blocked_road,26,stuck_window_max,30,path_length,168.225
Modified,blocked_road,27,stuck_window_max,30,path_length,163.08
Modified,blocked_road,28,stuck_window_max,30,path_length,163.782
Modified,blocked_road,29,stuck_window_max,30,path_length,152.785
Modified,dense_city,0,stuck_window_max,30,path_length,168.475
Modified,dense_city,1,stuck_window_max,30,path_length,158.972
Modified,dense_city,2,stuck_window_max,30,path_length,206.999
Modified,dense_city,3,stuck_window_max,30,path_length,162.238
Modified,dense_city,4,stuck_window_max,30,path_length,159.764
Modified,dense_city,5,stuck_window_max,30,path_length,171.628
Modified,dense_city,6,stuck_window_max,30,path_length,179.38
Modified,dense_city,7,stuck_window_max,30,path_length,199.842
Modified,dense_city,8,stuck_window_max,30,path_length,156.145
Modified,dense_city,9,stuck_window_max,30,path_length,
Modified,dense_city,10,stuck_window_max,30,path_length,154.2
Modified,dense_city,11,stuck_window_max,30,path_length,158.873
Modified,dense_city,12,stuck_window_max,30,path_length,192.584
Modified,dense_city,13,stuck_window_max,30,path_length,157.784
Modified,dense_city,14,stuck_window_max,30,path_length,176.809
Modified,dense_city,15,stuck_window_max,30,path_length,256.233
Modified,dense_city,16,stuck_window_max,30,path_length,154.747
Modified,dense_city,17,stuck_window_max,30,path_length,184.606
Modified,dense_city,18,stuck_window_max,30,path_length,164.685
Modified,dense_city,19,stuck_window_max,30,path_length,159.852
Modified,dense_city,20,stuck_window_max,30,path_length,151.249
Modified,dense_city,21,stuck_window_max,30,path_length,155.037
Modified,dense_city,22,stuck_window_max,30,path_length,154.397
Modified,dense_city,23,stuck_window_max,30,path_length,157.416
Modified,dense_city,24,stuck_window_max,30,path_length,149.609
Modified,dense_city,25,stuck_window_max,30,path_length,152.229
Modified,dense_city,26,stuck_window_max,30,path_length,154.37
Modified,dense_city,27,stuck_window_max,30,path_length,152.855
Modified,dense_city,28,stuck_window_max,30,path_length,164.357
Modified,dense_city,29,stuck_window_max,30,path_length,165.057
Modified,normal_city,0,stuck_window_max,12,length_ratio,1.026
Modified,normal_city,1,stuck_window_max,12,length_ratio,1.0685
Modified,normal_city,2,stuck_window_max,12,length_ratio,1.0447
Modified,normal_city,3,stuck_window_max,12,length_ratio,1.1033
Modified,normal_city,4,stuck_window_max,12,length_ratio,1.0924
Modified,normal_city,5,stuck_window_max,12,length_ratio,1.0411
Modified,normal_city,6,stuck_window_max,12,length_ratio,1.0356
Modified,normal_city,7,stuck_window_max,12,length_ratio,1.0491
Modified,normal_city,8,stuck_window_max,12,length_ratio,1.0736
Modified,normal_city,9,stuck_window_max,12,length_ratio,1.044
Modified,normal_city,10,stuck_window_max,12,length_ratio,1.0352
Modified,normal_city,11,stuck_window_max,12,length_ratio,1.0248
Modified,normal_city,12,stuck_window_max,12,length_ratio,1.1311
Modified,normal_city,13,stuck_window_max,12,length_ratio,1.0567
Modified,normal_city,14,stuck_window_max,12,length_ratio,1.0301
Modified,normal_city,15,stuck_window_max,12,length_ratio,1.0488
Modified,normal_city,16,stuck_window_max,12,length_ratio,1.0324
Modified,normal_city,17,stuck_window_max,12,length_ratio,1.0607
Modified,normal_city,18,stuck_window_max,12,length_ratio,1.2513
Modified,normal_city,19,stuck_window_max,12,length_ratio,1.0275
Modified,normal_city,20,stuck_window_max,12,length_ratio,1.0521
Modified,normal_city,21,stuck_window_max,12,length_ratio,1.0454
Modified,normal_city,22,stuck_window_max,12,length_ratio,1.0755
Modified,normal_city,23,stuck_window_max,12,length_ratio,1.0729
Modified,normal_city,24,stuck_window_max,12,length_ratio,1.0638
Modified,normal_city,25,stuck_window_max,12,length_ratio,1.0477
Modified,normal_city,26,stuck_window_max,12,length_ratio,1.0041
Modified,normal_city,27,stuck_window_max,12,length_ratio,1.2692
Modified,normal_city,28,stuck_window_max,12,length_ratio,1.0395
Modified,normal_city,29,stuck_window_max,12,length_ratio,1.0719
Modified,blocked_road,0,stuck_window_max,12,length_ratio,1.4643
Modified,blocked_road,1,stuck_window_max,12,length_ratio,1.4481
Modified,blocked_road,2,stuck_window_max,12,length_ratio,1.2269
Modified,blocked_road,3,stuck_window_max,12,length_ratio,1.076
Modified,blocked_road,4,stuck_window_max,12,length_ratio,1.3941
Modified,blocked_road,5,stuck_window_max,12,length_ratio,1.4353
Modified,blocked_road,6,stuck_window_max,12,length_ratio,1.0874
Modified,blocked_road,7,stuck_window_max,12,length_ratio,1.0312
Modified,blocked_road,8,stuck_window_max,12,length_ratio,1.1558
Modified,blocked_road,9,stuck_window_max,12,length_ratio,1.0798
Modified,blocked_road,10,stuck_window_max,12,length_ratio,1.253
Modified,blocked_road,11,stuck_window_max,12,length_ratio,1.2422
Modified,blocked_road,12,stuck_window_max,12,length_ratio,1.1217
Modified,blocked_road,13,stuck_window_max,12,length_ratio,1.1227
Modified,blocked_road,14,stuck_window_max,12,length_ratio,1.3866
Modified,blocked_road,15,stuck_window_max,12,length_ratio,1.3083
Modified,blocked_road,16,stuck_window_max,12,length_ratio,1.3181
Modified,blocked_road,17,stuck_window_max,12,length_ratio,1.0546
Modified,blocked_road,18,stuck_window_max,12,length_ratio,1.0711
Modified,blocked_road,19,stuck_window_max,12,length_ratio,1.3107
Modified,blocked_road,20,stuck_window_max,12,length_ratio,1.3227
Modified,blocked_road,21,stuck_window_max,12,length_ratio,1.1039
Modified,blocked_road,22,stuck_window_max,12,length_ratio,1.0388
Modified,blocked_road,23,stuck_window_max,12,length_ratio,0.9927
Modified,blocked_road,24,stuck_window_max,12,length_ratio,1.0509
Modified,blocked_road,25,stuck_window_max,12,length_ratio,1.0002
Modified,blocked_road,26,stuck_window_max,12,length_ratio,1.0829
Modified,blocked_road,27,stuck_window_max,12,length_ratio,1.0987
Modified,blocked_road,28,stuck_window_max,12,length_ratio,1.1078
Modified,blocked_road,29,stuck_window_max,12,length_ratio,1.0213
Modified,dense_city,0,stuck_window_max,12,length_ratio,1.1218
Modified,dense_city,1,stuck_window_max,12,length_ratio,1.0585
Modified,dense_city,2,stuck_window_max,12,length_ratio,1.3783
Modified,dense_city,3,stuck_window_max,12,length_ratio,1.0931
Modified,dense_city,4,stuck_window_max,12,length_ratio,1.0638
Modified,dense_city,5,stuck_window_max,12,length_ratio,1.0488
Modified,dense_city,6,stuck_window_max,12,length_ratio,1.1944
Modified,dense_city,7,stuck_window_max,12,length_ratio,1.1751
Modified,dense_city,8,stuck_window_max,12,length_ratio,1.0646
Modified,dense_city,9,stuck_window_max,12,length_ratio,
Modified,dense_city,10,stuck_window_max,12,length_ratio,1.0598
Modified,dense_city,11,stuck_window_max,12,length_ratio,1.0919
Modified,dense_city,12,stuck_window_max,12,length_ratio,1.2948
Modified,dense_city,13,stuck_window_max,12,length_ratio,1.0385
Modified,dense_city,14,stuck_window_max,12,length_ratio,1.2152
Modified,dense_city,15,stuck_window_max,12,length_ratio,1.6038
Modified,dense_city,16,stuck_window_max,12,length_ratio,1.0636
Modified,dense_city,17,stuck_window_max,12,length_ratio,1.2487
Modified,dense_city,18,stuck_window_max,12,length_ratio,1.0966
Modified,dense_city,19,stuck_window_max,12,length_ratio,1.0644
Modified,dense_city,20,stuck_window_max,12,length_ratio,1.0395
Modified,dense_city,21,stuck_window_max,12,length_ratio,1.0528
Modified,dense_city,22,stuck_window_max,12,length_ratio,1.0201
Modified,dense_city,23,stuck_window_max,12,length_ratio,1.0648
Modified,dense_city,24,stuck_window_max,12,length_ratio,1.016
Modified,dense_city,25,stuck_window_max,12,length_ratio,1.0345
Modified,dense_city,26,stuck_window_max,12,length_ratio,1.0279
Modified,dense_city,27,stuck_window_max,12,length_ratio,1.0022
Modified,dense_city,28,stuck_window_max,12,length_ratio,1.0944
Modified,dense_city,29,stuck_window_max,12,length_ratio,1.1209
Modified,normal_city,0,stuck_window_max,20,length_ratio,1.0596
Modified,normal_city,1,stuck_window_max,20,length_ratio,1.1311
Modified,normal_city,2,stuck_window_max,20,length_ratio,1.0884
Modified,normal_city,3,stuck_window_max,20,length_ratio,1.0981
Modified,normal_city,4,stuck_window_max,20,length_ratio,1.1179
Modified,normal_city,5,stuck_window_max,20,length_ratio,1.0768
Modified,normal_city,6,stuck_window_max,20,length_ratio,1.0356
Modified,normal_city,7,stuck_window_max,20,length_ratio,1.0819
Modified,normal_city,8,stuck_window_max,20,length_ratio,1.3591
Modified,normal_city,9,stuck_window_max,20,length_ratio,1.044
Modified,normal_city,10,stuck_window_max,20,length_ratio,1.0621
Modified,normal_city,11,stuck_window_max,20,length_ratio,1.0689
Modified,normal_city,12,stuck_window_max,20,length_ratio,1.1473
Modified,normal_city,13,stuck_window_max,20,length_ratio,1.0814
Modified,normal_city,14,stuck_window_max,20,length_ratio,1.0513
Modified,normal_city,15,stuck_window_max,20,length_ratio,1.0577
Modified,normal_city,16,stuck_window_max,20,length_ratio,1.0438
Modified,normal_city,17,stuck_window_max,20,length_ratio,1.0607
Modified,normal_city,18,stuck_window_max,20,length_ratio,1.0673
Modified,normal_city,19,stuck_window_max,20,length_ratio,1.0751
Modified,normal_city,20,stuck_window_max,20,length_ratio,1.0692
Modified,normal_city,21,stuck_window_max,20,length_ratio,1.0837
Modified,normal_city,22,stuck_window_max,20,length_ratio,1.1305
Modified,normal_city,23,stuck_window_max,20,length_ratio,1.0729
Modified,normal_city,24,stuck_window_max,20,length_ratio,1.0734
Modified,normal_city,25,stuck_window_max,20,length_ratio,1.0897
Modified,normal_city,26,stuck_window_max,20,length_ratio,1.0305
Modified,normal_city,27,stuck_window_max,20,length_ratio,1.1233
Modified,normal_city,28,stuck_window_max,20,length_ratio,1.1137
Modified,normal_city,29,stuck_window_max,20,length_ratio,1.0432
Modified,blocked_road,0,stuck_window_max,20,length_ratio,1.3462
Modified,blocked_road,1,stuck_window_max,20,length_ratio,1.4008
Modified,blocked_road,2,stuck_window_max,20,length_ratio,1.2417
Modified,blocked_road,3,stuck_window_max,20,length_ratio,1.076
Modified,blocked_road,4,stuck_window_max,20,length_ratio,2.0281
Modified,blocked_road,5,stuck_window_max,20,length_ratio,1.4371
Modified,blocked_road,6,stuck_window_max,20,length_ratio,1.1316
Modified,blocked_road,7,stuck_window_max,20,length_ratio,1.0873
Modified,blocked_road,8,stuck_window_max,20,length_ratio,1.1558
Modified,blocked_road,9,stuck_window_max,20,length_ratio,1.1087
Modified,blocked_road,10,stuck_window_max,20,length_ratio,1.253
Modified,blocked_road,11,stuck_window_max,20,length_ratio,1.2422
Modified,blocked_road,12,stuck_window_max,20,length_ratio,1.3855
Modified,blocked_road,13,stuck_window_max,20,length_ratio,1.1321
Modified,blocked_road,14,stuck_window_max,20,length_ratio,1.3201
Modified,blocked_road,15,stuck_window_max,20,length_ratio,1.335
Modified,blocked_road,16,stuck_window_max,20,length_ratio,1.3358
Modified,blocked_road,17,stuck_window_max,20,length_ratio,1.0546
Modified,blocked_road,18,stuck_window_max,20,length_ratio,1.0944
Modified,blocked_road,19,stuck_window_max,20,length_ratio,1.3185
Modified,blocked_road,20,stuck_window_max,20,length_ratio,1.3108
Modified,blocked_road,21,stuck_window_max,20,length_ratio,1.1039
Modified,blocked_road,22,stuck_window_max,20,length_ratio,1.0388
Modified,blocked_road,23,stuck_window_max,20,length_ratio,0.9927
Modified,blocked_road,24,stuck_window_max,20,length_ratio,1.0603
Modified,blocked_road,25,stuck_window_max,20,length_ratio,1.0454
Modified,blocked_road,26,stuck_window_max,20,length_ratio,1.1015
Modified,blocked_road,27,stuck_window_max,20,length_ratio,1.0987
Modified,blocked_road,28,stuck_window_max,20,length_ratio,1.1078
Modified,blocked_road,29,stuck_window_max,20,length_ratio,1.0213
Modified,dense_city,0,stuck_window_max,20,length_ratio,1.1218
Modified,dense_city,1,stuck_window_max,20,length_ratio,1.0585
Modified,dense_city,2,stuck_window_max,20,length_ratio,1.3783
Modified,dense_city,3,stuck_window_max,20,length_ratio,1.0931
Modified,dense_city,4,stuck_window_max,20,length_ratio,1.0638
Modified,dense_city,5,stuck_window_max,20,length_ratio,1.0949
Modified,dense_city,6,stuck_window_max,20,length_ratio,1.1944
Modified,dense_city,7,stuck_window_max,20,length_ratio,1.3057
Modified,dense_city,8,stuck_window_max,20,length_ratio,1.0646
Modified,dense_city,9,stuck_window_max,20,length_ratio,
Modified,dense_city,10,stuck_window_max,20,length_ratio,1.0598
Modified,dense_city,11,stuck_window_max,20,length_ratio,1.0919
Modified,dense_city,12,stuck_window_max,20,length_ratio,1.1184
Modified,dense_city,13,stuck_window_max,20,length_ratio,1.0385
Modified,dense_city,14,stuck_window_max,20,length_ratio,1.2152
Modified,dense_city,15,stuck_window_max,20,length_ratio,1.6545
Modified,dense_city,16,stuck_window_max,20,length_ratio,1.0636
Modified,dense_city,17,stuck_window_max,20,length_ratio,1.2487
Modified,dense_city,18,stuck_window_max,20,length_ratio,1.0966
Modified,dense_city,19,stuck_window_max,20,length_ratio,1.0644
Modified,dense_city,20,stuck_window_max,20,length_ratio,1.0395
Modified,dense_city,21,stuck_window_max,20,length_ratio,1.0528
Modified,dense_city,22,stuck_window_max,20,length_ratio,1.0201
Modified,dense_city,23,stuck_window_max,20,length_ratio,1.0648
Modified,dense_city,24,stuck_window_max,20,length_ratio,1.016
Modified,dense_city,25,stuck_window_max,20,length_ratio,1.0345
Modified,dense_city,26,stuck_window_max,20,length_ratio,1.0279
Modified,dense_city,27,stuck_window_max,20,length_ratio,1.0022
Modified,dense_city,28,stuck_window_max,20,length_ratio,1.0944
Modified,dense_city,29,stuck_window_max,20,length_ratio,1.1209
Modified,normal_city,0,stuck_window_max,30,length_ratio,1.0596
Modified,normal_city,1,stuck_window_max,30,length_ratio,1.1311
Modified,normal_city,2,stuck_window_max,30,length_ratio,1.0884
Modified,normal_city,3,stuck_window_max,30,length_ratio,1.0608
Modified,normal_city,4,stuck_window_max,30,length_ratio,1.1179
Modified,normal_city,5,stuck_window_max,30,length_ratio,1.0768
Modified,normal_city,6,stuck_window_max,30,length_ratio,1.0356
Modified,normal_city,7,stuck_window_max,30,length_ratio,1.0819
Modified,normal_city,8,stuck_window_max,30,length_ratio,1.1061
Modified,normal_city,9,stuck_window_max,30,length_ratio,1.044
Modified,normal_city,10,stuck_window_max,30,length_ratio,1.0621
Modified,normal_city,11,stuck_window_max,30,length_ratio,1.0349
Modified,normal_city,12,stuck_window_max,30,length_ratio,1.1684
Modified,normal_city,13,stuck_window_max,30,length_ratio,1.0814
Modified,normal_city,14,stuck_window_max,30,length_ratio,1.0513
Modified,normal_city,15,stuck_window_max,30,length_ratio,1.0577
Modified,normal_city,16,stuck_window_max,30,length_ratio,1.0438
Modified,normal_city,17,stuck_window_max,30,length_ratio,1.0607
Modified,normal_city,18,stuck_window_max,30,length_ratio,1.0673
Modified,normal_city,19,stuck_window_max,30,length_ratio,1.0628
Modified,normal_city,20,stuck_window_max,30,length_ratio,1.0692
Modified,normal_city,21,stuck_window_max,30,length_ratio,1.0837
Modified,normal_city,22,stuck_window_max,30,length_ratio,1.2016
Modified,normal_city,23,stuck_window_max,30,length_ratio,1.0729
Modified,normal_city,24,stuck_window_max,30,length_ratio,1.0734
Modified,normal_city,25,stuck_window_max,30,length_ratio,1.0897
Modified,normal_city,26,stuck_window_max,30,length_ratio,1.0305
Modified,normal_city,27,stuck_window_max,30,length_ratio,1.138
Modified,normal_city,28,stuck_window_max,30,length_ratio,1.1137
Modified,normal_city,29,stuck_window_max,30,length_ratio,1.0432
Modified,blocked_road,0,stuck_window_max,30,length_ratio,1.3712
Modified,blocked_road,1,stuck_window_max,30,length_ratio,1.424
Modified,blocked_road,2,stuck_window_max,30,length_ratio,1.2417
Modified,blocked_road,3,stuck_window_max,30,length_ratio,1.076
Modified,blocked_road,4,stuck_window_max,30,length_ratio,1.4311
Modified,blocked_road,5,stuck_window_max,30,length_ratio,1.4156
Modified,blocked_road,6,stuck_window_max,30,length_ratio,1.147
Modified,blocked_road,7,stuck_window_max,30,length_ratio,1.0873
Modified,blocked_road,8,stuck_window_max,30,length_ratio,1.1558
Modified,blocked_road,9,stuck_window_max,30,length_ratio,1.1275
Modified,blocked_road,10,stuck_window_max,30,length_ratio,1.253
Modified,blocked_road,11,stuck_window_max,30,length_ratio,1.2422
Modified,blocked_road,12,stuck_window_max,30,length_ratio,1.4115
Modified,blocked_road,13,stuck_window_max,30,length_ratio,1.0675
Modified,blocked_road,14,stuck_window_max,30,length_ratio,1.394
Modified,blocked_road,15,stuck_window_max,30,length_ratio,1.3585
Modified,blocked_road,16,stuck_window_max,30,length_ratio,1.3643
Modified,blocked_road,17,stuck_window_max,30,length_ratio,1.0546
Modified,blocked_road,18,stuck_window_max,30,length_ratio,1.1253
Modified,blocked_road,19,stuck_window_max,30,length_ratio,1.3185
Modified,blocked_road,20,stuck_window_max,30,length_ratio,1.3298
Modified,blocked_road,21,stuck_window_max,30,length_ratio,1.1039
Modified,blocked_road,22,stuck_window_max,30,length_ratio,1.0388
Modified,blocked_road,23,stuck_window_max,30,length_ratio,0.9927
Modified,blocked_road,24,stuck_window_max,30,length_ratio,1.0603
Modified,blocked_road,25,stuck_window_max,30,length_ratio,1.0454
Modified,blocked_road,26,stuck_window_max,30,length_ratio,1.1201
Modified,blocked_road,27,stuck_window_max,30,length_ratio,1.0987
Modified,blocked_road,28,stuck_window_max,30,length_ratio,1.1078
Modified,blocked_road,29,stuck_window_max,30,length_ratio,1.0213
Modified,dense_city,0,stuck_window_max,30,length_ratio,1.1218
Modified,dense_city,1,stuck_window_max,30,length_ratio,1.0585
Modified,dense_city,2,stuck_window_max,30,length_ratio,1.3783
Modified,dense_city,3,stuck_window_max,30,length_ratio,1.0931
Modified,dense_city,4,stuck_window_max,30,length_ratio,1.0638
Modified,dense_city,5,stuck_window_max,30,length_ratio,1.1636
Modified,dense_city,6,stuck_window_max,30,length_ratio,1.1944
Modified,dense_city,7,stuck_window_max,30,length_ratio,1.3218
Modified,dense_city,8,stuck_window_max,30,length_ratio,1.0646
Modified,dense_city,9,stuck_window_max,30,length_ratio,
Modified,dense_city,10,stuck_window_max,30,length_ratio,1.0598
Modified,dense_city,11,stuck_window_max,30,length_ratio,1.0919
Modified,dense_city,12,stuck_window_max,30,length_ratio,1.3236
Modified,dense_city,13,stuck_window_max,30,length_ratio,1.0385
Modified,dense_city,14,stuck_window_max,30,length_ratio,1.2152
Modified,dense_city,15,stuck_window_max,30,length_ratio,1.6545
Modified,dense_city,16,stuck_window_max,30,length_ratio,1.0636
Modified,dense_city,17,stuck_window_max,30,length_ratio,1.2487
Modified,dense_city,18,stuck_window_max,30,length_ratio,1.0966
Modified,dense_city,19,stuck_window_max,30,length_ratio,1.0644
Modified,dense_city,20,stuck_window_max,30,length_ratio,1.0395
Modified,dense_city,21,stuck_window_max,30,length_ratio,1.0528
Modified,dense_city,22,stuck_window_max,30,length_ratio,1.0201
Modified,dense_city,23,stuck_window_max,30,length_ratio,1.0648
Modified,dense_city,24,stuck_window_max,30,length_ratio,1.016
Modified,dense_city,25,stuck_window_max,30,length_ratio,1.0345
Modified,dense_city,26,stuck_window_max,30,length_ratio,1.0279
Modified,dense_city,27,stuck_window_max,30,length_ratio,1.0022
Modified,dense_city,28,stuck_window_max,30,length_ratio,1.0944
Modified,dense_city,29,stuck_window_max,30,length_ratio,1.1209
Modified,normal_city,0,stuck_window_max,12,curvature,0.2714
Modified,normal_city,1,stuck_window_max,12,curvature,0.3094
Modified,normal_city,2,stuck_window_max,12,curvature,0.2227
Modified,normal_city,3,stuck_window_max,12,curvature,0.3093
Modified,normal_city,4,stuck_window_max,12,curvature,0.3178
Modified,normal_city,5,stuck_window_max,12,curvature,0.2778
Modified,normal_city,6,stuck_window_max,12,curvature,0.0769
Modified,normal_city,7,stuck_window_max,12,curvature,0.2907
Modified,normal_city,8,stuck_window_max,12,curvature,0.2881
Modified,normal_city,9,stuck_window_max,12,curvature,0.0801
Modified,normal_city,10,stuck_window_max,12,curvature,0.2427
Modified,normal_city,11,stuck_window_max,12,curvature,0.2029
Modified,normal_city,12,stuck_window_max,12,curvature,0.1494
Modified,normal_city,13,stuck_window_max,12,curvature,0.273
Modified,normal_city,14,stuck_window_max,12,curvature,0.2075
Modified,normal_city,15,stuck_window_max,12,curvature,0.2708
Modified,normal_city,16,stuck_window_max,12,curvature,0.2074
Modified,normal_city,17,stuck_window_max,12,curvature,0.0913
Modified,normal_city,18,stuck_window_max,12,curvature,0.2986
Modified,normal_city,19,stuck_window_max,12,curvature,0.2404
Modified,normal_city,20,stuck_window_max,12,curvature,0.2848
Modified,normal_city,21,stuck_window_max,12,curvature,0.2427
Modified,normal_city,22,stuck_window_max,12,curvature,0.2788
Modified,normal_city,23,stuck_window_max,12,curvature,0.0828
Modified,normal_city,24,stuck_window_max,12,curvature,0.3447
Modified,normal_city,25,stuck_window_max,12,curvature,0.2525
Modified,normal_city,26,stuck_window_max,12,curvature,0.1925
Modified,normal_city,27,stuck_window_max,12,curvature,0.2904
Modified,normal_city,28,stuck_window_max,12,curvature,0.2689
Modified,normal_city,29,stuck_window_max,12,curvature,0.3069
Modified,blocked_road,0,stuck_window_max,12,curvature,0.2236
Modified,blocked_road,1,stuck_window_max,12,curvature,0.0817
Modified,blocked_road,2,stuck_window_max,12,curvature,0.0894
Modified,blocked_road,3,stuck_window_max,12,curvature,0.0939
Modified,blocked_road,4,stuck_window_max,12,curvature,0.1804
Modified,blocked_road,5,stuck_window_max,12,curvature,0.1602
Modified,blocked_road,6,stuck_window_max,12,curvature,0.1308
Modified,blocked_road,7,stuck_window_max,12,curvature,0.1705
Modified,blocked_road,8,stuck_window_max,12,curvature,0.0989
Modified,blocked_road,9,stuck_window_max,12,curvature,0.1214
Modified,blocked_road,10,stuck_window_max,12,curvature,0.0801
Modified,blocked_road,11,stuck_window_max,12,curvature,0.0748
Modified,blocked_road,12,stuck_window_max,12,curvature,0.0939
Modified,blocked_road,13,stuck_window_max,12,curvature,0.106
Modified,blocked_road,14,stuck_window_max,12,curvature,0.1628
Modified,blocked_road,15,stuck_window_max,12,curvature,0.1714
Modified,blocked_road,16,stuck_window_max,12,curvature,0.194
Modified,blocked_road,17,stuck_window_max,12,curvature,0.0774
Modified,blocked_road,18,stuck_window_max,12,curvature,0.3586
Modified,blocked_road,19,stuck_window_max,12,curvature,0.1513
Modified,blocked_road,20,stuck_window_max,12,curvature,0.1959
Modified,blocked_road,21,stuck_window_max,12,curvature,0.0653
Modified,blocked_road,22,stuck_window_max,12,curvature,0.0639
Modified,blocked_road,23,stuck_window_max,12,curvature,0.0763
Modified,blocked_road,24,stuck_window_max,12,curvature,0.0984
Modified,blocked_road,25,stuck_window_max,12,curvature,0.1144
Modified,blocked_road,26,stuck_window_max,12,curvature,0.1424
Modified,blocked_road,27,stuck_window_max,12,curvature,0.1311
Modified,blocked_road,28,stuck_window_max,12,curvature,0.1155
Modified,blocked_road,29,stuck_window_max,12,curvature,0.1156
Modified,dense_city,0,stuck_window_max,12,curvature,0.1198
Modified,dense_city,1,stuck_window_max,12,curvature,0.0443
Modified,dense_city,2,stuck_window_max,12,curvature,0.0794
Modified,dense_city,3,stuck_window_max,12,curvature,0.0908
Modified,dense_city,4,stuck_window_max,12,curvature,0.0533
Modified,dense_city,5,stuck_window_max,12,curvature,0.2239
Modified,dense_city,6,stuck_window_max,12,curvature,0.101
Modified,dense_city,7,stuck_window_max,12,curvature,0.2073
Modified,dense_city,8,stuck_window_max,12,curvature,0.0608
Modified,dense_city,9,stuck_window_max,12,curvature,
Modified,dense_city,10,stuck_window_max,12,curvature,0.0747
Modified,dense_city,11,stuck_window_max,12,curvature,0.0591
Modified,dense_city,12,stuck_window_max,12,curvature,0.1443
Modified,dense_city,13,stuck_window_max,12,curvature,0.0603
Modified,dense_city,14,stuck_window_max,12,curvature,0.1065
Modified,dense_city,15,stuck_window_max,12,curvature,0.1295
Modified,dense_city,16,stuck_window_max,12,curvature,0.0783
Modified,dense_city,17,stuck_window_max,12,curvature,0.0635
Modified,dense_city,18,stuck_window_max,12,curvature,0.1165
Modified,dense_city,19,stuck_window_max,12,curvature,0.0693
Modified,dense_city,20,stuck_window_max,12,curvature,0.1026
Modified,dense_city,21,stuck_window_max,12,curvature,0.0696
Modified,dense_city,22,stuck_window_max,12,curvature,0.0663
Modified,dense_city,23,stuck_window_max,12,curvature,0.0741
Modified,dense_city,24,stuck_window_max,12,curvature,0.0768
Modified,dense_city,25,stuck_window_max,12,curvature,0.0872
Modified,dense_city,26,stuck_window_max,12,curvature,0.0679
Modified,dense_city,27,stuck_window_max,12,curvature,0.0766
Modified,dense_city,28,stuck_window_max,12,curvature,0.0383
Modified,dense_city,29,stuck_window_max,12,curvature,0.0644
Modified,normal_city,0,stuck_window_max,20,curvature,0.3656
Modified,normal_city,1,stuck_window_max,20,curvature,0.6053
Modified,normal_city,2,stuck_window_max,20,curvature,0.4782
Modified,normal_city,3,stuck_window_max,20,curvature,0.4025
Modified,normal_city,4,stuck_window_max,20,curvature,0.6152
Modified,normal_city,5,stuck_window_max,20,curvature,0.4383
Modified,normal_city,6,stuck_window_max,20,curvature,0.0769
Modified,normal_city,7,stuck_window_max,20,curvature,0.4722
Modified,normal_city,8,stuck_window_max,20,curvature,0.323
Modified,normal_city,9,stuck_window_max,20,curvature,0.0801
Modified,normal_city,10,stuck_window_max,20,curvature,0.4629
Modified,normal_city,11,stuck_window_max,20,curvature,0.4538
Modified,normal_city,12,stuck_window_max,20,curvature,0.2408
Modified,normal_city,13,stuck_window_max,20,curvature,0.4357
Modified,normal_city,14,stuck_window_max,20,curvature,0.3549
Modified,normal_city,15,stuck_window_max,20,curvature,0.4144
Modified,normal_city,16,stuck_window_max,20,curvature,0.3561
Modified,normal_city,17,stuck_window_max,20,curvature,0.0913
Modified,normal_city,18,stuck_window_max,20,curvature,0.4196
Modified,normal_city,19,stuck_window_max,20,curvature,0.2918
Modified,normal_city,20,stuck_window_max,20,curvature,0.4781
Modified,normal_city,21,stuck_window_max,20,curvature,0.5
Modified,normal_city,22,stuck_window_max,20,curvature,0.5958
Modified,normal_city,23,stuck_window_max,20,curvature,0.0828
Modified,normal_city,24,stuck_window_max,20,curvature,0.4465
Modified,normal_city,25,stuck_window_max,20,curvature,0.5089
Modified,normal_city,26,stuck_window_max,20,curvature,0.324
Modified,normal_city,27,stuck_window_max,20,curvature,0.6126
Modified,normal_city,28,stuck_window_max,20,curvature,0.5586
Modified,normal_city,29,stuck_window_max,20,curvature,0.3552
Modified,blocked_road,0,stuck_window_max,20,curvature,0.2725
Modified,blocked_road,1,stuck_window_max,20,curvature,0.2277
Modified,blocked_road,2,stuck_window_max,20,curvature,0.1745
Modified,blocked_road,3,stuck_window_max,20,curvature,0.0939
Modified,blocked_road,4,stuck_window_max,20,curvature,0.1549
Modified,blocked_road,5,stuck_window_max,20,curvature,0.2213
Modified,blocked_road,6,stuck_window_max,20,curvature,0.1369
Modified,blocked_road,7,stuck_window_max,20,curvature,0.4942
Modified,blocked_road,8,stuck_window_max,20,curvature,0.0989
Modified,blocked_road,9,stuck_window_max,20,curvature,0.2107
Modified,blocked_road,10,stuck_window_max,20,curvature,0.0801
Modified,blocked_road,11,stuck_window_max,20,curvature,0.0748
Modified,blocked_road,12,stuck_window_max,20,curvature,0.1317
Modified,blocked_road,13,stuck_window_max,20,curvature,0.4438
Modified,blocked_road,14,stuck_window_max,20,curvature,0.2141
Modified,blocked_road,15,stuck_window_max,20,curvature,0.2221
Modified,blocked_road,16,stuck_window_max,20,curvature,0.2502
Modified,blocked_road,17,stuck_window_max,20,curvature,0.0774
Modified,blocked_road,18,stuck_window_max,20,curvature,0.452
Modified,blocked_road,19,stuck_window_max,20,curvature,0.165
Modified,blocked_road,20,stuck_window_max,20,curvature,0.1961
Modified,blocked_road,21,stuck_window_max,20,curvature,0.0653
Modified,blocked_road,22,stuck_window_max,20,curvature,0.0639
Modified,blocked_road,23,stuck_window_max,20,curvature,0.0763
Modified,blocked_road,24,stuck_window_max,20,curvature,0.1098
Modified,blocked_road,25,stuck_window_max,20,curvature,0.3728
Modified,blocked_road,26,stuck_window_max,20,curvature,0.2155
Modified,blocked_road,27,stuck_window_max,20,curvature,0.1311
Modified,blocked_road,28,stuck_window_max,20,curvature,0.1155
Modified,blocked_road,29,stuck_window_max,20,curvature,0.1156
Modified,dense_city,0,stuck_window_max,20,curvature,0.1198
Modified,dense_city,1,stuck_window_max,20,curvature,0.0443
Modified,dense_city,2,stuck_window_max,20,curvature,0.0794
Modified,dense_city,3,stuck_window_max,20,curvature,0.0908
Modified,dense_city,4,stuck_window_max,20,curvature,0.0533
Modified,dense_city,5,stuck_window_max,20,curvature,0.3728
Modified,dense_city,6,stuck_window_max,20,curvature,0.101
Modified,dense_city,7,stuck_window_max,20,curvature,0.4446
Modified,dense_city,8,stuck_window_max,20,curvature,0.0608
Modified,dense_city,9,stuck_window_max,20,curvature,
Modified,dense_city,10,stuck_window_max,20,curvature,0.0747
Modified,dense_city,11,stuck_window_max,20,curvature,0.0591
Modified,dense_city,12,stuck_window_max,20,curvature,0.2177
Modified,dense_city,13,stuck_window_max,20,curvature,0.0603
Modified,dense_city,14,stuck_window_max,20,curvature,0.1065
Modified,dense_city,15,stuck_window_max,20,curvature,0.1686
Modified,dense_city,16,stuck_window_max,20,curvature,0.0783
Modified,dense_city,17,stuck_window_max,20,curvature,0.0635
Modified,dense_city,18,stuck_window_max,20,curvature,0.1165
Modified,dense_city,19,stuck_window_max,20,curvature,0.0693
Modified,dense_city,20,stuck_window_max,20,curvature,0.1026
Modified,dense_city,21,stuck_window_max,20,curvature,0.0696
Modified,dense_city,22,stuck_window_max,20,curvature,0.0663
Modified,dense_city,23,stuck_window_max,20,curvature,0.0741
Modified,dense_city,24,stuck_window_max,20,curvature,0.0768
Modified,dense_city,25,stuck_window_max,20,curvature,0.0872
Modified,dense_city,26,stuck_window_max,20,curvature,0.0679
Modified,dense_city,27,stuck_window_max,20,curvature,0.0766
Modified,dense_city,28,stuck_window_max,20,curvature,0.0383
Modified,dense_city,29,stuck_window_max,20,curvature,0.0644
Modified,normal_city,0,stuck_window_max,30,curvature,0.3656
Modified,normal_city,1,stuck_window_max,30,curvature,0.6053
Modified,normal_city,2,stuck_window_max,30,curvature,0.4782
Modified,normal_city,3,stuck_window_max,30,curvature,0.3942
Modified,normal_city,4,stuck_window_max,30,curvature,0.6152
Modified,normal_city,5,stuck_window_max,30,curvature,0.4383
Modified,normal_city,6,stuck_window_max,30,curvature,0.0769
Modified,normal_city,7,stuck_window_max,30,curvature,0.4722
Modified,normal_city,8,stuck_window_max,30,curvature,0.5408
Modified,normal_city,9,stuck_window_max,30,curvature,0.0801
Modified,normal_city,10,stuck_window_max,30,curvature,0.4629
Modified,normal_city,11,stuck_window_max,30,curvature,0.3154
Modified,normal_city,12,stuck_window_max,30,curvature,0.3122
Modified,normal_city,13,stuck_window_max,30,curvature,0.4357
Modified,normal_city,14,stuck_window_max,30,curvature,0.3549
Modified,normal_city,15,stuck_window_max,30,curvature,0.4144
Modified,normal_city,16,stuck_window_max,30,curvature,0.3561
Modified,normal_city,17,stuck_window_max,30,curvature,0.0913
Modified,normal_city,18,stuck_window_max,30,curvature,0.4196
Modified,normal_city,19,stuck_window_max,30,curvature,0.3584
Modified,normal_city,20,stuck_window_max,30,curvature,0.4781
Modified,normal_city,21,stuck_window_max,30,curvature,0.5
Modified,normal_city,22,stuck_window_max,30,curvature,0.911
Modified,normal_city,23,stuck_window_max,30,curvature,0.0828
Modified,normal_city,24,stuck_window_max,30,curvature,0.4465
Modified,normal_city,25,stuck_window_max,30,curvature,0.5089
Modified,normal_city,26,stuck_window_max,30,curvature,0.324
Modified,normal_city,27,stuck_window_max,30,curvature,0.7343
Modified,normal_city,28,stuck_window_max,30,curvature,0.5586
Modified,normal_city,29,stuck_window_max,30,curvature,0.3552
Modified,blocked_road,0,stuck_window_max,30,curvature,0.3258
Modified,blocked_road,1,stuck_window_max,30,curvature,0.282
Modified,blocked_road,2,stuck_window_max,30,curvature,0.1745
Modified,blocked_road,3,stuck_window_max,30,curvature,0.0939
Modified,blocked_road,4,stuck_window_max,30,curvature,0.2451
Modified,blocked_road,5,stuck_window_max,30,curvature,0.266
Modified,blocked_road,6,stuck_window_max,30,curvature,0.1804
Modified,blocked_road,7,stuck_window_max,30,curvature,0.4942
Modified,blocked_road,8,stuck_window_max,30,curvature,0.0989
Modified,blocked_road,9,stuck_window_max,30,curvature,0.2818
Modified,blocked_road,10,stuck_window_max,30,curvature,0.0801
Modified,blocked_road,11,stuck_window_max,30,curvature,0.0748
Modified,blocked_road,12,stuck_window_max,30,curvature,0.1676
Modified,blocked_road,13,stuck_window_max,30,curvature,0.3124
Modified,blocked_road,14,stuck_window_max,30,curvature,0.2341
Modified,blocked_road,15,stuck_window_max,30,curvature,0.2875
Modified,blocked_road,16,stuck_window_max,30,curvature,0.293
Modified,blocked_road,17,stuck_window_max,30,curvature,0.0774
Modified,blocked_road,18,stuck_window_max,30,curvature,0.5675
Modified,blocked_road,19,stuck_window_max,30,curvature,0.165
Modified,blocked_road,20,stuck_window_max,30,curvature,0.2553
Modified,blocked_road,21,stuck_window_max,30,curvature,0.0653
Modified,blocked_road,22,stuck_window_max,30,curvature,0.0639
Modified,blocked_road,23,stuck_window_max,30,curvature,0.0763
Modified,blocked_road,24,stuck_window_max,30,curvature,0.1098
Modified,blocked_road,25,stuck_window_max,30,curvature,0.3728
Modified,blocked_road,26,stuck_window_max,30,curvature,0.2863
Modified,blocked_road,27,stuck_window_max,30,curvature,0.1311
Modified,blocked_road,28,stuck_window_max,30,curvature,0.1155
Modified,blocked_road,29,stuck_window_max,30,curvature,0.1156
Modified,dense_city,0,stuck_window_max,30,curvature,0.1198
Modified,dense_city,1,stuck_window_max,30,curvature,0.0443
Modified,dense_city,2,stuck_window_max,30,curvature,0.0794
Modified,dense_city,3,stuck_window_max,30,curvature,0.0908
Modified,dense_city,4,stuck_window_max,30,curvature,0.0533
Modified,dense_city,5,stuck_window_max,30,curvature,0.6766
Modified,dense_city,6,stuck_window_max,30,curvature,0.101
Modified,dense_city,7,stuck_window_max,30,curvature,0.4772
Modified,dense_city,8,stuck_window_max,30,curvature,0.0608
Modified,dense_city,9,stuck_window_max,30,curvature,
Modified,dense_city,10,stuck_window_max,30,curvature,0.0747
Modified,dense_city,11,stuck_window_max,30,curvature,0.0591
Modified,dense_city,12,stuck_window_max,30,curvature,0.239
Modified,dense_city,13,stuck_window_max,30,curvature,0.0603
Modified,dense_city,14,stuck_window_max,30,curvature,0.1065
Modified,dense_city,15,stuck_window_max,30,curvature,0.1686
Modified,dense_city,16,stuck_window_max,30,curvature,0.0783
Modified,dense_city,17,stuck_window_max,30,curvature,0.0635
Modified,dense_city,18,stuck_window_max,30,curvature,0.1165
Modified,dense_city,19,stuck_window_max,30,curvature,0.0693
Modified,dense_city,20,stuck_window_max,30,curvature,0.1026
Modified,dense_city,21,stuck_window_max,30,curvature,0.0696
Modified,dense_city,22,stuck_window_max,30,curvature,0.0663
Modified,dense_city,23,stuck_window_max,30,curvature,0.0741
Modified,dense_city,24,stuck_window_max,30,curvature,0.0768
Modified,dense_city,25,stuck_window_max,30,curvature,0.0872
Modified,dense_city,26,stuck_window_max,30,curvature,0.0679
Modified,dense_city,27,stuck_window_max,30,curvature,0.0766
Modified,dense_city,28,stuck_window_max,30,curvature,0.0383
Modified,dense_city,29,stuck_window_max,30,curvature,0.0644
Modified,normal_city,0,stuck_window_max,12,max_curvature,1.084
Modified,normal_city,1,stuck_window_max,12,max_curvature,1.5358
Modified,normal_city,2,stuck_window_max,12,max_curvature,1.0404
Modified,normal_city,3,stuck_window_max,12,max_curvature,1.6733
Modified,normal_city,4,stuck_window_max,12,max_curvature,2.5888
Modified,normal_city,5,stuck_window_max,12,max_curvature,1.4516
Modified,normal_city,6,stuck_window_max,12,max_curvature,1.2789
Modified,normal_city,7,stuck_window_max,12,max_curvature,1.4825
Modified,normal_city,8,stuck_window_max,12,max_curvature,1.8563
Modified,normal_city,9,stuck_window_max,12,max_curvature,1.3016
Modified,normal_city,10,stuck_window_max,12,max_curvature,1.7046
Modified,normal_city,11,stuck_window_max,12,max_curvature,1.0755
Modified,normal_city,12,stuck_window_max,12,max_curvature,5.6934
Modified,normal_city,13,stuck_window_max,12,max_curvature,1.2102
Modified,normal_city,14,stuck_window_max,12,max_curvature,0.8508
Modified,normal_city,15,stuck_window_max,12,max_curvature,1.736
Modified,normal_city,16,stuck_window_max,12,max_curvature,1.4715
Modified,normal_city,17,stuck_window_max,12,max_curvature,2.2736
Modified,normal_city,18,stuck_window_max,12,max_curvature,3.3288
Modified,normal_city,19,stuck_window_max,12,max_curvature,1.2508
Modified,normal_city,20,stuck_window_max,12,max_curvature,1.6233
Modified,normal_city,21,stuck_window_max,12,max_curvature,1.7122
Modified,normal_city,22,stuck_window_max,12,max_curvature,1.7868
Modified,normal_city,23,stuck_window_max,12,max_curvature,0.9687
Modified,normal_city,24,stuck_window_max,12,max_curvature,1.821
Modified,normal_city,25,stuck_window_max,12,max_curvature,1.7539
Modified,normal_city,26,stuck_window_max,12,max_curvature,1.0771
Modified,normal_city,27,stuck_window_max,12,max_curvature,5.4519
Modified,normal_city,28,stuck_window_max,12,max_curvature,1.709
Modified,normal_city,29,stuck_window_max,12,max_curvature,1.6352
Modified,blocked_road,0,stuck_window_max,12,max_curvature,2.3119
Modified,blocked_road,1,stuck_window_max,12,max_curvature,2.8341
Modified,blocked_road,2,stuck_window_max,12,max_curvature,2.7127
Modified,blocked_road,3,stuck_window_max,12,max_curvature,1.3089
Modified,blocked_road,4,stuck_window_max,12,max_curvature,1.1369
Modified,blocked_road,5,stuck_window_max,12,max_curvature,2.6523
Modified,blocked_road,6,stuck_window_max,12,max_curvature,3.4539
Modified,blocked_road,7,stuck_window_max,12,max_curvature,1.2069
Modified,blocked_road,8,stuck_window_max,12,max_curvature,3.263
Modified,blocked_road,9,stuck_window_max,12,max_curvature,4.826
Modified,blocked_road,10,stuck_window_max,12,max_curvature,3.1264
Modified,blocked_road,11,stuck_window_max,12,max_curvature,3.5317
Modified,blocked_road,12,stuck_window_max,12,max_curvature,2.9223
Modified,blocked_road,13,stuck_window_max,12,max_curvature,4.073
Modified,blocked_road,14,stuck_window_max,12,max_curvature,5.7195
Modified,blocked_road,15,stuck_window_max,12,max_curvature,3.8674
Modified,blocked_road,16,stuck_window_max,12,max_curvature,3.8312
Modified,blocked_road,17,stuck_window_max,12,max_curvature,2.0361
Modified,blocked_road,18,stuck_window_max,12,max_curvature,6.6223
Modified,blocked_road,19,stuck_window_max,12,max_curvature,1.3303
Modified,blocked_road,20,stuck_window_max,12,max_curvature,2.3532
Modified,blocked_road,21,stuck_window_max,12,max_curvature,4.6859
Modified,blocked_road,22,stuck_window_max,12,max_curvature,1.4738
Modified,blocked_road,23,stuck_window_max,12,max_curvature,0.8004
Modified,blocked_road,24,stuck_window_max,12,max_curvature,1.9389
Modified,blocked_road,25,stuck_window_max,12,max_curvature,1.1641
Modified,blocked_road,26,stuck_window_max,12,max_curvature,8.7194
Modified,blocked_road,27,stuck_window_max,12,max_curvature,5.6346
Modified,blocked_road,28,stuck_window_max,12,max_curvature,5.1027
Modified,blocked_road,29,stuck_window_max,12,max_curvature,1.3326
Modified,dense_city,0,stuck_window_max,12,max_curvature,2.964
Modified,dense_city,1,stuck_window_max,12,max_curvature,1.284
Modified,dense_city,2,stuck_window_max,12,max_curvature,4.5315
Modified,dense_city,3,stuck_window_max,12,max_curvature,4.6525
Modified,dense_city,4,stuck_window_max,12,max_curvature,1.6778
Modified,dense_city,5,stuck_window_max,12,max_curvature,1.294
Modified,dense_city,6,stuck_window_max,12,max_curvature,1.2
Modified,dense_city,7,stuck_window_max,12,max_curvature,4.5522
Modified,dense_city,8,stuck_window_max,12,max_curvature,1.4281
Modified,dense_city,9,stuck_window_max,12,max_curvature,
Modified,dense_city,10,stuck_window_max,12,max_curvature,1.3357
Modified,dense_city,11,stuck_window_max,12,max_curvature,1.7391
Modified,dense_city,12,stuck_window_max,12,max_curvature,2.2685
Modified,dense_city,13,stuck_window_max,12,max_curvature,1.3643
Modified,dense_city,14,stuck_window_max,12,max_curvature,4.0662
Modified,dense_city,15,stuck_window_max,12,max_curvature,3.0021
Modified,dense_city,16,stuck_window_max,12,max_curvature,2.1306
Modified,dense_city,17,stuck_window_max,12,max_curvature,4.0171
Modified,dense_city,18,stuck_window_max,12,max_curvature,3.9746
Modified,dense_city,19,stuck_window_max,12,max_curvature,2.2591
Modified,dense_city,20,stuck_window_max,12,max_curvature,1.911
Modified,dense_city,21,stuck_window_max,12,max_curvature,1.5462
Modified,dense_city,22,stuck_window_max,12,max_curvature,1.4091
Modified,dense_city,23,stuck_window_max,12,max_curvature,1.5618
Modified,dense_city,24,stuck_window_max,12,max_curvature,1.4492
Modified,dense_city,25,stuck_window_max,12,max_curvature,1.4665
Modified,dense_city,26,stuck_window_max,12,max_curvature,1.5609
Modified,dense_city,27,stuck_window_max,12,max_curvature,1.0189
Modified,dense_city,28,stuck_window_max,12,max_curvature,1.1004
Modified,dense_city,29,stuck_window_max,12,max_curvature,1.3793
Modified,normal_city,0,stuck_window_max,20,max_curvature,2.2033
Modified,normal_city,1,stuck_window_max,20,max_curvature,3.0624
Modified,normal_city,2,stuck_window_max,20,max_curvature,3.3136
Modified,normal_city,3,stuck_window_max,20,max_curvature,2.8915
Modified,normal_city,4,stuck_window_max,20,max_curvature,3.9804
Modified,normal_city,5,stuck_window_max,20,max_curvature,2.8413
Modified,normal_city,6,stuck_window_max,20,max_curvature,1.2789
Modified,normal_city,7,stuck_window_max,20,max_curvature,3.7787
Modified,normal_city,8,stuck_window_max,20,max_curvature,6.0915
Modified,normal_city,9,stuck_window_max,20,max_curvature,1.3016
Modified,normal_city,10,stuck_window_max,20,max_curvature,3.1554
Modified,normal_city,11,stuck_window_max,20,max_curvature,5.7435
Modified,normal_city,12,stuck_window_max,20,max_curvature,10.4322
Modified,normal_city,13,stuck_window_max,20,max_curvature,1.8712
Modified,normal_city,14,stuck_window_max,20,max_curvature,1.6253
Modified,normal_city,15,stuck_window_max,20,max_curvature,1.6217
Modified,normal_city,16,stuck_window_max,20,max_curvature,1.6973
Modified,normal_city,17,stuck_window_max,20,max_curvature,2.2736
Modified,normal_city,18,stuck_window_max,20,max_curvature,1.8452
Modified,normal_city,19,stuck_window_max,20,max_curvature,11.6428
Modified,normal_city,20,stuck_window_max,20,max_curvature,2.4635
Modified,normal_city,21,stuck_window_max,20,max_curvature,3.0115
Modified,normal_city,22,stuck_window_max,20,max_curvature,3.2756
Modified,normal_city,23,stuck_window_max,20,max_curvature,0.9687
Modified,normal_city,24,stuck_window_max,20,max_curvature,2.0847
Modified,normal_city,25,stuck_window_max,20,max_curvature,2.7863
Modified,normal_city,26,stuck_window_max,20,max_curvature,1.5596
Modified,normal_city,27,stuck_window_max,20,max_curvature,4.5341
Modified,normal_city,28,stuck_window_max,20,max_curvature,3.7768
Modified,normal_city,29,stuck_window_max,20,max_curvature,1.8672
Modified,blocked_road,0,stuck_window_max,20,max_curvature,5.7702
Modified,blocked_road,1,stuck_window_max,20,max_curvature,2.8714
Modified,blocked_road,2,stuck_window_max,20,max_curvature,2.805
Modified,blocked_road,3,stuck_window_max,20,max_curvature,1.3089
Modified,blocked_road,4,stuck_window_max,20,max_curvature,4.5255
Modified,blocked_road,5,stuck_window_max,20,max_curvature,5.3251
Modified,blocked_road,6,stuck_window_max,20,max_curvature,3.3082
Modified,blocked_road,7,stuck_window_max,20,max_curvature,3.868
Modified,blocked_road,8,stuck_window_max,20,max_curvature,3.263
Modified,blocked_road,9,stuck_window_max,20,max_curvature,9.723
Modified,blocked_road,10,stuck_window_max,20,max_curvature,3.1264
Modified,blocked_road,11,stuck_window_max,20,max_curvature,3.5317
Modified,blocked_road,12,stuck_window_max,20,max_curvature,4.0447
Modified,blocked_road,13,stuck_window_max,20,max_curvature,3.6979
Modified,blocked_road,14,stuck_window_max,20,max_curvature,7.2946
Modified,blocked_road,15,stuck_window_max,20,max_curvature,6.2131
Modified,blocked_road,16,stuck_window_max,20,max_curvature,5.3348
Modified,blocked_road,17,stuck_window_max,20,max_curvature,2.0361
Modified,blocked_road,18,stuck_window_max,20,max_curvature,7.4232
Modified,blocked_road,19,stuck_window_max,20,max_curvature,2.1394
Modified,blocked_road,20,stuck_window_max,20,max_curvature,2.3816
Modified,blocked_road,21,stuck_window_max,20,max_curvature,4.6859
Modified,blocked_road,22,stuck_window_max,20,max_curvature,1.4738
Modified,blocked_road,23,stuck_window_max,20,max_curvature,0.8004
Modified,blocked_road,24,stuck_window_max,20,max_curvature,4.3535
Modified,blocked_road,25,stuck_window_max,20,max_curvature,2.1538
Modified,blocked_road,26,stuck_window_max,20,max_curvature,11.7337
Modified,blocked_road,27,stuck_window_max,20,max_curvature,5.6346
Modified,blocked_road,28,stuck_window_max,20,max_curvature,5.1027
Modified,blocked_road,29,stuck_window_max,20,max_curvature,1.3326
Modified,dense_city,0,stuck_window_max,20,max_curvature,2.964
Modified,dense_city,1,stuck_window_max,20,max_curvature,1.284
Modified,dense_city,2,stuck_window_max,20,max_curvature,4.5315
Modified,dense_city,3,stuck_window_max,20,max_curvature,4.6525
Modified,dense_city,4,stuck_window_max,20,max_curvature,1.6778
Modified,dense_city,5,stuck_window_max,20,max_curvature,2.3893
Modified,dense_city,6,stuck_window_max,20,max_curvature,1.2
Modified,dense_city,7,stuck_window_max,20,max_curvature,5.529
Modified,dense_city,8,stuck_window_max,20,max_curvature,1.4281
Modified,dense_city,9,stuck_window_max,20,max_curvature,
Modified,dense_city,10,stuck_window_max,20,max_curvature,1.3357
Modified,dense_city,11,stuck_window_max,20,max_curvature,1.7391
Modified,dense_city,12,stuck_window_max,20,max_curvature,4.1934
Modified,dense_city,13,stuck_window_max,20,max_curvature,1.3643
Modified,dense_city,14,stuck_window_max,20,max_curvature,4.0662
Modified,dense_city,15,stuck_window_max,20,max_curvature,6.5942
Modified,dense_city,16,stuck_window_max,20,max_curvature,2.1306
Modified,dense_city,17,stuck_window_max,20,max_curvature,4.0171
Modified,dense_city,18,stuck_window_max,20,max_curvature,3.9746
Modified,dense_city,19,stuck_window_max,20,max_curvature,2.2591
Modified,dense_city,20,stuck_window_max,20,max_curvature,1.911
Modified,dense_city,21,stuck_window_max,20,max_curvature,1.5462
Modified,dense_city,22,stuck_window_max,20,max_curvature,1.4091
Modified,dense_city,23,stuck_window_max,20,max_curvature,1.5618
Modified,dense_city,24,stuck_window_max,20,max_curvature,1.4492
Modified,dense_city,25,stuck_window_max,20,max_curvature,1.4665
Modified,dense_city,26,stuck_window_max,20,max_curvature,1.5609
Modified,dense_city,27,stuck_window_max,20,max_curvature,1.0189
Modified,dense_city,28,stuck_window_max,20,max_curvature,1.1004
Modified,dense_city,29,stuck_window_max,20,max_curvature,1.3793
Modified,normal_city,0,stuck_window_max,30,max_curvature,2.2033
Modified,normal_city,1,stuck_window_max,30,max_curvature,3.0624
Modified,normal_city,2,stuck_window_max,30,max_curvature,3.3136
Modified,normal_city,3,stuck_window_max,30,max_curvature,3.481
Modified,normal_city,4,stuck_window_max,30,max_curvature,3.9804
Modified,normal_city,5,stuck_window_max,30,max_curvature,2.8413
Modified,normal_city,6,stuck_window_max,30,max_curvature,1.2789
Modified,normal_city,7,stuck_window_max,30,max_curvature,3.7787
Modified,normal_city,8,stuck_window_max,30,max_curvature,4.2345
Modified,normal_city,9,stuck_window_max,30,max_curvature,1.3016
Modified,normal_city,10,stuck_window_max,30,max_curvature,3.1554
Modified,normal_city,11,stuck_window_max,30,max_curvature,2.333
Modified,normal_city,12,stuck_window_max,30,max_curvature,10.5329
Modified,normal_city,13,stuck_window_max,30,max_curvature,1.8712
Modified,normal_city,14,stuck_window_max,30,max_curvature,1.6253
Modified,normal_city,15,stuck_window_max,30,max_curvature,1.6217
Modified,normal_city,16,stuck_window_max,30,max_curvature,1.6973
Modified,normal_city,17,stuck_window_max,30,max_curvature,2.2736
Modified,normal_city,18,stuck_window_max,30,max_curvature,1.8452
Modified,normal_city,19,stuck_window_max,30,max_curvature,5.7404
Modified,normal_city,20,stuck_window_max,30,max_curvature,2.4635
Modified,normal_city,21,stuck_window_max,30,max_curvature,3.0115
Modified,normal_city,22,stuck_window_max,30,max_curvature,4.6613
Modified,normal_city,23,stuck_window_max,30,max_curvature,0.9687
Modified,normal_city,24,stuck_window_max,30,max_curvature,2.0847
Modified,normal_city,25,stuck_window_max,30,max_curvature,2.7863
Modified,normal_city,26,stuck_window_max,30,max_curvature,1.5596
Modified,normal_city,27,stuck_window_max,30,max_curvature,4.3123
Modified,normal_city,28,stuck_window_max,30,max_curvature,3.7768
Modified,normal_city,29,stuck_window_max,30,max_curvature,1.8672
Modified,blocked_road,0,stuck_window_max,30,max_curvature,7.1916
Modified,blocked_road,1,stuck_window_max,30,max_curvature,6.7009
Modified,blocked_road,2,stuck_window_max,30,max_curvature,2.805
Modified,blocked_road,3,stuck_window_max,30,max_curvature,1.3089
Modified,blocked_road,4,stuck_window_max,30,max_curvature,6.4294
Modified,blocked_road,5,stuck_window_max,30,max_curvature,6.6979
Modified,blocked_road,6,stuck_window_max,30,max_curvature,6.0579
Modified,blocked_road,7,stuck_window_max,30,max_curvature,3.868
Modified,blocked_road,8,stuck_window_max,30,max_curvature,3.263
Modified,blocked_road,9,stuck_window_max,30,max_curvature,11.3091
Modified,blocked_road,10,stuck_window_max,30,max_curvature,3.1264
Modified,blocked_road,11,stuck_window_max,30,max_curvature,3.5317
Modified,blocked_road,12,stuck_window_max,30,max_curvature,5.6887
Modified,blocked_road,13,stuck_window_max,30,max_curvature,3.7572
Modified,blocked_road,14,stuck_window_max,30,max_curvature,6.9773
Modified,blocked_road,15,stuck_window_max,30,max_curvature,7.8988
Modified,blocked_road,16,stuck_window_max,30,max_curvature,6.2106
Modified,blocked_road,17,stuck_window_max,30,max_curvature,2.0361
Modified,blocked_road,18,stuck_window_max,30,max_curvature,7.0977
Modified,blocked_road,19,stuck_window_max,30,max_curvature,2.1394
Modified,blocked_road,20,stuck_window_max,30,max_curvature,9.8178
Modified,blocked_road,21,stuck_window_max,30,max_curvature,4.6859
Modified,blocked_road,22,stuck_window_max,30,max_curvature,1.4738
Modified,blocked_road,23,stuck_window_max,30,max_curvature,0.8004
Modified,blocked_road,24,stuck_window_max,30,max_curvature,4.3535
Modified,blocked_road,25,stuck_window_max,30,max_curvature,2.1538
Modified,blocked_road,26,stuck_window_max,30,max_curvature,13.1652
Modified,blocked_road,27,stuck_window_max,30,max_curvature,5.6346
Modified,blocked_road,28,stuck_window_max,30,max_curvature,5.1027
Modified,blocked_road,29,stuck_window_max,30,max_curvature,1.3326
Modified,dense_city,0,stuck_window_max,30,max_curvature,2.964
Modified,dense_city,1,stuck_window_max,30,max_curvature,1.284
Modified,dense_city,2,stuck_window_max,30,max_curvature,4.5315
Modified,dense_city,3,stuck_window_max,30,max_curvature,4.6525
Modified,dense_city,4,stuck_window_max,30,max_curvature,1.6778
Modified,dense_city,5,stuck_window_max,30,max_curvature,3.3631
Modified,dense_city,6,stuck_window_max,30,max_curvature,1.2
Modified,dense_city,7,stuck_window_max,30,max_curvature,5.2417
Modified,dense_city,8,stuck_window_max,30,max_curvature,1.4281
Modified,dense_city,9,stuck_window_max,30,max_curvature,
Modified,dense_city,10,stuck_window_max,30,max_curvature,1.3357
Modified,dense_city,11,stuck_window_max,30,max_curvature,1.7391
Modified,dense_city,12,stuck_window_max,30,max_curvature,8.3522
Modified,dense_city,13,stuck_window_max,30,max_curvature,1.3643
Modified,dense_city,14,stuck_window_max,30,max_curvature,4.0662
Modified,dense_city,15,stuck_window_max,30,max_curvature,6.5942
Modified,dense_city,16,stuck_window_max,30,max_curvature,2.1306
Modified,dense_city,17,stuck_window_max,30,max_curvature,4.0171
Modified,dense_city,18,stuck_window_max,30,max_curvature,3.9746
Modified,dense_city,19,stuck_window_max,30,max_curvature,2.2591
Modified,dense_city,20,stuck_window_max,30,max_curvature,1.911
Modified,dense_city,21,stuck_window_max,30,max_curvature,1.5462
Modified,dense_city,22,stuck_window_max,30,max_curvature,1.4091
Modified,dense_city,23,stuck_window_max,30,max_curvature,1.5618
Modified,dense_city,24,stuck_window_max,30,max_curvature,1.4492
Modified,dense_city,25,stuck_window_max,30,max_curvature,1.4665
Modified,dense_city,26,stuck_window_max,30,max_curvature,1.5609
Modified,dense_city,27,stuck_window_max,30,max_curvature,1.0189
Modified,dense_city,28,stuck_window_max,30,max_curvature,1.1004
Modified,dense_city,29,stuck_window_max,30,max_curvature,1.3793
Modified,normal_city,0,stuck_window_max,12,drive_time_curved,39.9825
Modified,normal_city,1,stuck_window_max,12,drive_time_curved,42.5004
Modified,normal_city,2,stuck_window_max,12,drive_time_curved,40.6388
Modified,normal_city,3,stuck_window_max,12,drive_time_curved,44.0628
Modified,normal_city,4,stuck_window_max,12,drive_time_curved,43.8511
Modified,normal_city,5,stuck_window_max,12,drive_time_curved,40.9254
Modified,normal_city,6,stuck_window_max,12,drive_time_curved,31.3788
Modified,normal_city,7,stuck_window_max,12,drive_time_curved,37.8283
Modified,normal_city,8,stuck_window_max,12,drive_time_curved,40.1235
Modified,normal_city,9,stuck_window_max,12,drive_time_curved,30.6104
Modified,normal_city,10,stuck_window_max,12,drive_time_curved,36.9538
Modified,normal_city,11,stuck_window_max,12,drive_time_curved,35.9682
Modified,normal_city,12,stuck_window_max,12,drive_time_curved,36.6152
Modified,normal_city,13,stuck_window_max,12,drive_time_curved,39.4164
Modified,normal_city,14,stuck_window_max,12,drive_time_curved,37.7603
Modified,normal_city,15,stuck_window_max,12,drive_time_curved,39.6531
Modified,normal_city,16,stuck_window_max,12,drive_time_curved,37.6734
Modified,normal_city,17,stuck_window_max,12,drive_time_curved,33.0324
Modified,normal_city,18,stuck_window_max,12,drive_time_curved,45.6574
Modified,normal_city,19,stuck_window_max,12,drive_time_curved,36.8149
Modified,normal_city,20,stuck_window_max,12,drive_time_curved,39.6278
Modified,normal_city,21,stuck_window_max,12,drive_time_curved,38.9776
Modified,normal_city,22,stuck_window_max,12,drive_time_curved,37.9063
Modified,normal_city,23,stuck_window_max,12,drive_time_curved,30.8963
Modified,normal_city,24,stuck_window_max,12,drive_time_curved,41.22
Modified,normal_city,25,stuck_window_max,12,drive_time_curved,39.6212
Modified,normal_city,26,stuck_window_max,12,drive_time_curved,33.1024
Modified,normal_city,27,stuck_window_max,12,drive_time_curved,51.1531
Modified,normal_city,28,stuck_window_max,12,drive_time_curved,38.7775
Modified,normal_city,29,stuck_window_max,12,drive_time_curved,43.6412
Modified,blocked_road,0,stuck_window_max,12,drive_time_curved,54.3
Modified,blocked_road,1,stuck_window_max,12,drive_time_curved,44.4453
Modified,blocked_road,2,stuck_window_max,12,drive_time_curved,37.2413
Modified,blocked_road,3,stuck_window_max,12,drive_time_curved,31.4245
Modified,blocked_road,4,stuck_window_max,12,drive_time_curved,49.13
Modified,blocked_road,5,stuck_window_max,12,drive_time_curved,46.4717
Modified,blocked_road,6,stuck_window_max,12,drive_time_curved,35.5117
Modified,blocked_road,7,stuck_window_max,12,drive_time_curved,34.4655
Modified,blocked_road,8,stuck_window_max,12,drive_time_curved,37.1252
Modified,blocked_road,9,stuck_window_max,12,drive_time_curved,30.2605
Modified,blocked_road,10,stuck_window_max,12,drive_time_curved,32.5763
Modified,blocked_road,11,stuck_window_max,12,drive_time_curved,34.9404
Modified,blocked_road,12,stuck_window_max,12,drive_time_curved,33.5876
Modified,blocked_road,13,stuck_window_max,12,drive_time_curved,36.1397
Modified,blocked_road,14,stuck_window_max,12,drive_time_curved,47.3809
Modified,blocked_road,15,stuck_window_max,12,drive_time_curved,47.37
Modified,blocked_road,16,stuck_window_max,12,drive_time_curved,45.6478
Modified,blocked_road,17,stuck_window_max,12,drive_time_curved,29.4706
Modified,blocked_road,18,stuck_window_max,12,drive_time_curved,43.7747
Modified,blocked_road,19,stuck_window_max,12,drive_time_curved,43.4026
Modified,blocked_road,20,stuck_window_max,12,drive_time_curved,46.7816
Modified,blocked_road,21,stuck_window_max,12,drive_time_curved,30.7265
Modified,blocked_road,22,stuck_window_max,12,drive_time_curved,27.8351
Modified,blocked_road,23,stuck_window_max,12,drive_time_curved,28.102
Modified,blocked_road,24,stuck_window_max,12,drive_time_curved,30.4324
Modified,blocked_road,25,stuck_window_max,12,drive_time_curved,31.5258
Modified,blocked_road,26,stuck_window_max,12,drive_time_curved,32.2373
Modified,blocked_road,27,stuck_window_max,12,drive_time_curved,34.3933
Modified,blocked_road,28,stuck_window_max,12,drive_time_curved,33.4239
Modified,blocked_road,29,stuck_window_max,12,drive_time_curved,32.4348
Modified,dense_city,0,stuck_window_max,12,drive_time_curved,40.0089
Modified,dense_city,1,stuck_window_max,12,drive_time_curved,27.3367
Modified,dense_city,2,stuck_window_max,12,drive_time_curved,42.6402
Modified,dense_city,3,stuck_window_max,12,drive_time_curved,34.6466
Modified,dense_city,4,stuck_window_max,12,drive_time_curved,29.229
Modified,dense_city,5,stuck_window_max,12,drive_time_curved,41.1113
Modified,dense_city,6,stuck_window_max,12,drive_time_curved,41.9649
Modified,dense_city,7,stuck_window_max,12,drive_time_curved,43.159
Modified,dense_city,8,stuck_window_max,12,drive_time_curved,29.8653
Modified,dense_city,9,stuck_window_max,12,drive_time_curved,
Modified,dense_city,10,stuck_window_max,12,drive_time_curved,32.019
Modified,dense_city,11,stuck_window_max,12,drive_time_curved,29.2969
Modified,dense_city,12,stuck_window_max,12,drive_time_curved,44.2358
Modified,dense_city,13,stuck_window_max,12,drive_time_curved,29.3896
Modified,dense_city,14,stuck_window_max,12,drive_time_curved,41.9803
Modified,dense_city,15,stuck_window_max,12,drive_time_curved,55.9773
Modified,dense_city,16,stuck_window_max,12,drive_time_curved,33.5361
Modified,dense_city,17,stuck_window_max,12,drive_time_curved,34.2895
Modified,dense_city,18,stuck_window_max,12,drive_time_curved,37.968
Modified,dense_city,19,stuck_window_max,12,drive_time_curved,30.9656
Modified,dense_city,20,stuck_window_max,12,drive_time_curved,34.8572
Modified,dense_city,21,stuck_window_max,12,drive_time_curved,31.4041
Modified,dense_city,22,stuck_window_max,12,drive_time_curved,29.986
Modified,dense_city,23,stuck_window_max,12,drive_time_curved,32.63
Modified,dense_city,24,stuck_window_max,12,drive_time_curved,31.3096
Modified,dense_city,25,stuck_window_max,12,drive_time_curved,33.966
Modified,dense_city,26,stuck_window_max,12,drive_time_curved,31.4431
Modified,dense_city,27,stuck_window_max,12,drive_time_curved,29.1368
Modified,dense_city,28,stuck_window_max,12,drive_time_curved,27.6003
Modified,dense_city,29,stuck_window_max,12,drive_time_curved,31.8797
Modified,normal_city,0,stuck_window_max,20,drive_time_curved,44.4162
Modified,normal_city,1,stuck_window_max,20,drive_time_curved,48.7576
Modified,normal_city,2,stuck_window_max,20,drive_time_curved,43.8255
Modified,normal_city,3,stuck_window_max,20,drive_time_curved,45.0641
Modified,normal_city,4,stuck_window_max,20,drive_time_curved,46.4283
Modified,normal_city,5,stuck_window_max,20,drive_time_curved,44.8947
Modified,normal_city,6,stuck_window_max,20,drive_time_curved,31.3788
Modified,normal_city,7,stuck_window_max,20,drive_time_curved,45.9952
Modified,normal_city,8,stuck_window_max,20,drive_time_curved,53.8603
Modified,normal_city,9,stuck_window_max,20,drive_time_curved,30.6104
Modified,normal_city,10,stuck_window_max,20,drive_time_curved,40.1171
Modified,normal_city,11,stuck_window_max,20,drive_time_curved,45.4371
Modified,normal_city,12,stuck_window_max,20,drive_time_curved,39.1253
Modified,normal_city,13,stuck_window_max,20,drive_time_curved,46.7936
Modified,normal_city,14,stuck_window_max,20,drive_time_curved,44.362
Modified,normal_city,15,stuck_window_max,20,drive_time_curved,46.4166
Modified,normal_city,16,stuck_window_max,20,drive_time_curved,43.4309
Modified,normal_city,17,stuck_window_max,20,drive_time_curved,33.0324
Modified,normal_city,18,stuck_window_max,20,drive_time_curved,43.6882
Modified,normal_city,19,stuck_window_max,20,drive_time_curved,40.726
Modified,normal_city,20,stuck_window_max,20,drive_time_curved,42.8748
Modified,normal_city,21,stuck_window_max,20,drive_time_curved,42.8849
Modified,normal_city,22,stuck_window_max,20,drive_time_curved,45.187
Modified,normal_city,23,stuck_window_max,20,drive_time_curved,30.8963
Modified,normal_city,24,stuck_window_max,20,drive_time_curved,43.3253
Modified,normal_city,25,stuck_window_max,20,drive_time_curved,46.4241
Modified,normal_city,26,stuck_window_max,20,drive_time_curved,41.3927
Modified,normal_city,27,stuck_window_max,20,drive_time_curved,50.654
Modified,normal_city,28,stuck_window_max,20,drive_time_curved,45.6656
Modified,normal_city,29,stuck_window_max,20,drive_time_curved,46.0635
Modified,blocked_road,0,stuck_window_max,20,drive_time_curved,47.1343
Modified,blocked_road,1,stuck_window_max,20,drive_time_curved,53.5428
Modified,blocked_road,2,stuck_window_max,20,drive_time_curved,40.3069
Modified,blocked_road,3,stuck_window_max,20,drive_time_curved,31.4245
Modified,blocked_road,4,stuck_window_max,20,drive_time_curved,65.4904
Modified,blocked_road,5,stuck_window_max,20,drive_time_curved,49.7792
Modified,blocked_road,6,stuck_window_max,20,drive_time_curved,38.6329
Modified,blocked_road,7,stuck_window_max,20,drive_time_curved,50.5832
Modified,blocked_road,8,stuck_window_max,20,drive_time_curved,37.1252
Modified,blocked_road,9,stuck_window_max,20,drive_time_curved,34.4632
Modified,blocked_road,10,stuck_window_max,20,drive_time_curved,32.5763
Modified,blocked_road,11,stuck_window_max,20,drive_time_curved,34.9404
Modified,blocked_road,12,stuck_window_max,20,drive_time_curved,44.1166
Modified,blocked_road,13,stuck_window_max,20,drive_time_curved,47.0128
Modified,blocked_road,14,stuck_window_max,20,drive_time_curved,48.1855
Modified,blocked_road,15,stuck_window_max,20,drive_time_curved,49.8632
Modified,blocked_road,16,stuck_window_max,20,drive_time_curved,48.8124
Modified,blocked_road,17,stuck_window_max,20,drive_time_curved,29.4706
Modified,blocked_road,18,stuck_window_max,20,drive_time_curved,47.1788
Modified,blocked_road,19,stuck_window_max,20,drive_time_curved,44.5926
Modified,blocked_road,20,stuck_window_max,20,drive_time_curved,47.5821
Modified,blocked_road,21,stuck_window_max,20,drive_time_curved,30.7265
Modified,blocked_road,22,stuck_window_max,20,drive_time_curved,27.8351
Modified,blocked_road,23,stuck_window_max,20,drive_time_curved,28.102
Modified,blocked_road,24,stuck_window_max,20,drive_time_curved,31.1738
Modified,blocked_road,25,stuck_window_max,20,drive_time_curved,46.5026
Modified,blocked_road,26,stuck_window_max,20,drive_time_curved,34.3964
Modified,blocked_road,27,stuck_window_max,20,drive_time_curved,34.3933
Modified,blocked_road,28,stuck_window_max,20,drive_time_curved,33.4239
Modified,blocked_road,29,stuck_window_max,20,drive_time_curved,32.4348
Modified,dense_city,0,stuck_window_max,20,drive_time_curved,40.0089
Modified,dense_city,1,stuck_window_max,20,drive_time_curved,27.3367
Modified,dense_city,2,stuck_window_max,20,drive_time_curved,42.6402
Modified,dense_city,3,stuck_window_max,20,drive_time_curved,34.6466
Modified,dense_city,4,stuck_window_max,20,drive_time_curved,29.229
Modified,dense_city,5,stuck_window_max,20,drive_time_curved,50.3145
Modified,dense_city,6,stuck_window_max,20,drive_time_curved,41.9649
Modified,dense_city,7,stuck_window_max,20,drive_time_curved,62.7054
Modified,dense_city,8,stuck_window_max,20,drive_time_curved,29.8653
Modified,dense_city,9,stuck_window_max,20,drive_time_curved,
Modified,dense_city,10,stuck_window_max,20,drive_time_curved,32.019
Modified,dense_city,11,stuck_window_max,20,drive_time_curved,29.2969
Modified,dense_city,12,stuck_window_max,20,drive_time_curved,42.9375
Modified,dense_city,13,stuck_window_max,20,drive_time_curved,29.3896
Modified,dense_city,14,stuck_window_max,20,drive_time_curved,41.9803
Modified,dense_city,15,stuck_window_max,20,drive_time_curved,58.7782
Modified,dense_city,16,stuck_window_max,20,drive_time_curved,33.5361
Modified,dense_city,17,stuck_window_max,20,drive_time_curved,34.2895
Modified,dense_city,18,stuck_window_max,20,drive_time_curved,37.968
Modified,dense_city,19,stuck_window_max,20,drive_time_curved,30.9656
Modified,dense_city,20,stuck_window_max,20,drive_time_curved,34.8572
Modified,dense_city,21,stuck_window_max,20,drive_time_curved,31.4041
Modified,dense_city,22,stuck_window_max,20,drive_time_curved,29.986
Modified,dense_city,23,stuck_window_max,20,drive_time_curved,32.63
Modified,dense_city,24,stuck_window_max,20,drive_time_curved,31.3096
Modified,dense_city,25,stuck_window_max,20,drive_time_curved,33.966
Modified,dense_city,26,stuck_window_max,20,drive_time_curved,31.4431
Modified,dense_city,27,stuck_window_max,20,drive_time_curved,29.1368
Modified,dense_city,28,stuck_window_max,20,drive_time_curved,27.6003
Modified,dense_city,29,stuck_window_max,20,drive_time_curved,31.8797
Modified,normal_city,0,stuck_window_max,30,drive_time_curved,44.4162
Modified,normal_city,1,stuck_window_max,30,drive_time_curved,48.7576
Modified,normal_city,2,stuck_window_max,30,drive_time_curved,43.8255
Modified,normal_city,3,stuck_window_max,30,drive_time_curved,41.3013
Modified,normal_city,4,stuck_window_max,30,drive_time_curved,46.4283
Modified,normal_city,5,stuck_window_max,30,drive_time_curved,44.8947
Modified,normal_city,6,stuck_window_max,30,drive_time_curved,31.3788
Modified,normal_city,7,stuck_window_max,30,drive_time_curved,45.9952
Modified,normal_city,8,stuck_window_max,30,drive_time_curved,45.7947
Modified,normal_city,9,stuck_window_max,30,drive_time_curved,30.6104
Modified,normal_city,10,stuck_window_max,30,drive_time_curved,40.1171
Modified,normal_city,11,stuck_window_max,30,drive_time_curved,41.7571
Modified,normal_city,12,stuck_window_max,30,drive_time_curved,42.0979
Modified,normal_city,13,stuck_window_max,30,drive_time_curved,46.7936
Modified,normal_city,14,stuck_window_max,30,drive_time_curved,44.362
Modified,normal_city,15,stuck_window_max,30,drive_time_curved,46.4166
Modified,normal_city,16,stuck_window_max,30,drive_time_curved,43.4309
Modified,normal_city,17,stuck_window_max,30,drive_time_curved,33.0324
Modified,normal_city,18,stuck_window_max,30,drive_time_curved,43.6882
Modified,normal_city,19,stuck_window_max,30,drive_time_curved,41.1769
Modified,normal_city,20,stuck_window_max,30,drive_time_curved,42.8748
Modified,normal_city,21,stuck_window_max,30,drive_time_curved,42.8849
Modified,normal_city,22,stuck_window_max,30,drive_time_curved,51.7358
Modified,normal_city,23,stuck_window_max,30,drive_time_curved,30.8963
Modified,normal_city,24,stuck_window_max,30,drive_time_curved,43.3253
Modified,normal_city,25,stuck_window_max,30,drive_time_curved,46.4241
Modified,normal_city,26,stuck_window_max,30,drive_time_curved,41.3927
Modified,normal_city,27,stuck_window_max,30,drive_time_curved,52.9702
Modified,normal_city,28,stuck_window_max,30,drive_time_curved,45.6656
Modified,normal_city,29,stuck_window_max,30,drive_time_curved,46.0635
Modified,blocked_road,0,stuck_window_max,30,drive_time_curved,51.5682
Modified,blocked_road,1,stuck_window_max,30,drive_time_curved,56.4194
Modified,blocked_road,2,stuck_window_max,30,drive_time_curved,40.3069
Modified,blocked_road,3,stuck_window_max,30,drive_time_curved,31.4245
Modified,blocked_road,4,stuck_window_max,30,drive_time_curved,52.6763
Modified,blocked_road,5,stuck_window_max,30,drive_time_curved,52.0284
Modified,blocked_road,6,stuck_window_max,30,drive_time_curved,41.2392
Modified,blocked_road,7,stuck_window_max,30,drive_time_curved,50.5832
Modified,blocked_road,8,stuck_window_max,30,drive_time_curved,37.1252
Modified,blocked_road,9,stuck_window_max,30,drive_time_curved,36.0446
Modified,blocked_road,10,stuck_window_max,30,drive_time_curved,32.5763
Modified,blocked_road,11,stuck_window_max,30,drive_time_curved,34.9404
Modified,blocked_road,12,stuck_window_max,30,drive_time_curved,47.9283
Modified,blocked_road,13,stuck_window_max,30,drive_time_curved,41.4591
Modified,blocked_road,14,stuck_window_max,30,drive_time_curved,48.9084
Modified,blocked_road,15,stuck_window_max,30,drive_time_curved,52.6441
Modified,blocked_road,16,stuck_window_max,30,drive_time_curved,51.6514
Modified,blocked_road,17,stuck_window_max,30,drive_time_curved,29.4706
Modified,blocked_road,18,stuck_window_max,30,drive_time_curved,50.0626
Modified,blocked_road,19,stuck_window_max,30,drive_time_curved,44.5926
Modified,blocked_road,20,stuck_window_max,30,drive_time_curved,49.4107
Modified,blocked_road,21,stuck_window_max,30,drive_time_curved,30.7265
Modified,blocked_road,22,stuck_window_max,30,drive_time_curved,27.8351
Modified,blocked_road,23,stuck_window_max,30,drive_time_curved,28.102
Modified,blocked_road,24,stuck_window_max,30,drive_time_curved,31.1738
Modified,blocked_road,25,stuck_window_max,30,drive_time_curved,46.5026
Modified,blocked_road,26,stuck_window_max,30,drive_time_curved,36.8635
Modified,blocked_road,27,stuck_window_max,30,drive_time_curved,34.3933
Modified,blocked_road,28,stuck_window_max,30,drive_time_curved,33.4239
Modified,blocked_road,29,stuck_window_max,30,drive_time_curved,32.4348
Modified,dense_city,0,stuck_window_max,30,drive_time_curved,40.0089
Modified,dense_city,1,stuck_window_max,30,drive_time_curved,27.3367
Modified,dense_city,2,stuck_window_max,30,drive_time_curved,42.6402
Modified,dense_city,3,stuck_window_max,30,drive_time_curved,34.6466
Modified,dense_city,4,stuck_window_max,30,drive_time_curved,29.229
Modified,dense_city,5,stuck_window_max,30,drive_time_curved,62.5518
Modified,dense_city,6,stuck_window_max,30,drive_time_curved,41.9649
Modified,dense_city,7,stuck_window_max,30,drive_time_curved,62.6004
Modified,dense_city,8,stuck_window_max,30,drive_time_curved,29.8653
Modified,dense_city,9,stuck_window_max,30,drive_time_curved,
Modified,dense_city,10,stuck_window_max,30,drive_time_curved,32.019
Modified,dense_city,11,stuck_window_max,30,drive_time_curved,29.2969
Modified,dense_city,12,stuck_window_max,30,drive_time_curved,46.9047
Modified,dense_city,13,stuck_window_max,30,drive_time_curved,29.3896
Modified,dense_city,14,stuck_window_max,30,drive_time_curved,41.9803
Modified,dense_city,15,stuck_window_max,30,drive_time_curved,58.7782
Modified,dense_city,16,stuck_window_max,30,drive_time_curved,33.5361
Modified,dense_city,17,stuck_window_max,30,drive_time_curved,34.2895
Modified,dense_city,18,stuck_window_max,30,drive_time_curved,37.968
Modified,dense_city,19,stuck_window_max,30,drive_time_curved,30.9656
Modified,dense_city,20,stuck_window_max,30,drive_time_curved,34.8572
Modified,dense_city,21,stuck_window_max,30,drive_time_curved,31.4041
Modified,dense_city,22,stuck_window_max,30,drive_time_curved,29.986
Modified,dense_city,23,stuck_window_max,30,drive_time_curved,32.63
Modified,dense_city,24,stuck_window_max,30,drive_time_curved,31.3096
Modified,dense_city,25,stuck_window_max,30,drive_time_curved,33.966
Modified,dense_city,26,stuck_window_max,30,drive_time_curved,31.4431
Modified,dense_city,27,stuck_window_max,30,drive_time_curved,29.1368
Modified,dense_city,28,stuck_window_max,30,drive_time_curved,27.6003
Modified,dense_city,29,stuck_window_max,30,drive_time_curved,31.8797
Modified,normal_city,0,stuck_window_max,12,comp_time,0.34375
Modified,normal_city,1,stuck_window_max,12,comp_time,0.22168
Modified,normal_city,2,stuck_window_max,12,comp_time,0.28924
Modified,normal_city,3,stuck_window_max,12,comp_time,0.20192
Modified,normal_city,4,stuck_window_max,12,comp_time,0.63892
Modified,normal_city,5,stuck_window_max,12,comp_time,0.39624
Modified,normal_city,6,stuck_window_max,12,comp_time,0.38685
Modified,normal_city,7,stuck_window_max,12,comp_time,0.28548
Modified,normal_city,8,stuck_window_max,12,comp_time,0.43916
Modified,normal_city,9,stuck_window_max,12,comp_time,1.4719
Modified,normal_city,10,stuck_window_max,12,comp_time,0.16619
Modified,normal_city,11,stuck_window_max,12,comp_time,0.31596
Modified,normal_city,12,stuck_window_max,12,comp_time,0.23674
Modified,normal_city,13,stuck_window_max,12,comp_time,0.27128
Modified,normal_city,14,stuck_window_max,12,comp_time,0.23775
Modified,normal_city,15,stuck_window_max,12,comp_time,0.22196
Modified,normal_city,16,stuck_window_max,12,comp_time,0.18934
Modified,normal_city,17,stuck_window_max,12,comp_time,0.25033
Modified,normal_city,18,stuck_window_max,12,comp_time,0.63209
Modified,normal_city,19,stuck_window_max,12,comp_time,0.18233
Modified,normal_city,20,stuck_window_max,12,comp_time,0.16981
Modified,normal_city,21,stuck_window_max,12,comp_time,0.33294
Modified,normal_city,22,stuck_window_max,12,comp_time,0.14554
Modified,normal_city,23,stuck_window_max,12,comp_time,0.24307
Modified,normal_city,24,stuck_window_max,12,comp_time,0.13331
Modified,normal_city,25,stuck_window_max,12,comp_time,0.21955
Modified,normal_city,26,stuck_window_max,12,comp_time,0.24195
Modified,normal_city,27,stuck_window_max,12,comp_time,0.57143
Modified,normal_city,28,stuck_window_max,12,comp_time,0.30176
Modified,normal_city,29,stuck_window_max,12,comp_time,0.43133
Modified,blocked_road,0,stuck_window_max,12,comp_time,1.42846
Modified,blocked_road,1,stuck_window_max,12,comp_time,3.51519
Modified,blocked_road,2,stuck_window_max,12,comp_time,0.89974
Modified,blocked_road,3,stuck_window_max,12,comp_time,0.19737
Modified,blocked_road,4,stuck_window_max,12,comp_time,0.92138
Modified,blocked_road,5,stuck_window_max,12,comp_time,0.67071
Modified,blocked_road,6,stuck_window_max,12,comp_time,0.5539
Modified,blocked_road,7,stuck_window_max,12,comp_time,0.28564
Modified,blocked_road,8,stuck_window_max,12,comp_time,0.27391
Modified,blocked_road,9,stuck_window_max,12,comp_time,2.08913
Modified,blocked_road,10,stuck_window_max,12,comp_time,0.72635
Modified,blocked_road,11,stuck_window_max,12,comp_time,1.64337
Modified,blocked_road,12,stuck_window_max,12,comp_time,0.97444
Modified,blocked_road,13,stuck_window_max,12,comp_time,0.76735
Modified,blocked_road,14,stuck_window_max,12,comp_time,0.40097
Modified,blocked_road,15,stuck_window_max,12,comp_time,0.33673
Modified,blocked_road,16,stuck_window_max,12,comp_time,0.19622
Modified,blocked_road,17,stuck_window_max,12,comp_time,0.24102
Modified,blocked_road,18,stuck_window_max,12,comp_time,0.15771
Modified,blocked_road,19,stuck_window_max,12,comp_time,0.59314
Modified,blocked_road,20,stuck_window_max,12,comp_time,0.71431
Modified,blocked_road,21,stuck_window_max,12,comp_time,0.26723
Modified,blocked_road,22,stuck_window_max,12,comp_time,0.17413
Modified,blocked_road,23,stuck_window_max,12,comp_time,3.52314
Modified,blocked_road,24,stuck_window_max,12,comp_time,0.30323
Modified,blocked_road,25,stuck_window_max,12,comp_time,1.16367
Modified,blocked_road,26,stuck_window_max,12,comp_time,0.32218
Modified,blocked_road,27,stuck_window_max,12,comp_time,2.14004
Modified,blocked_road,28,stuck_window_max,12,comp_time,1.28872
Modified,blocked_road,29,stuck_window_max,12,comp_time,0.45155
Modified,dense_city,0,stuck_window_max,12,comp_time,1.21097
Modified,dense_city,1,stuck_window_max,12,comp_time,0.31162
Modified,dense_city,2,stuck_window_max,12,comp_time,1.0768
Modified,dense_city,3,stuck_window_max,12,comp_time,0.80967
Modified,dense_city,4,stuck_window_max,12,comp_time,0.3805
Modified,dense_city,5,stuck_window_max,12,comp_time,29.96838
Modified,dense_city,6,stuck_window_max,12,comp_time,2.50272
Modified,dense_city,7,stuck_window_max,12,comp_time,18.27325
Modified,dense_city,8,stuck_window_max,12,comp_time,0.25331
Modified,dense_city,9,stuck_window_max,12,comp_time,1.31813
Modified,dense_city,10,stuck_window_max,12,comp_time,1.23891
Modified,dense_city,11,stuck_window_max,12,comp_time,1.45179
Modified,dense_city,12,stuck_window_max,12,comp_time,0.82454
Modified,dense_city,13,stuck_window_max,12,comp_time,0.89865
Modified,dense_city,14,stuck_window_max,12,comp_time,1.78567
Modified,dense_city,15,stuck_window_max,12,comp_time,2.54822
Modified,dense_city,16,stuck_window_max,12,comp_time,2.06356
Modified,dense_city,17,stuck_window_max,12,comp_time,0.53981
Modified,dense_city,18,stuck_window_max,12,comp_time,0.38122
Modified,dense_city,19,stuck_window_max,12,comp_time,1.61587
Modified,dense_city,20,stuck_window_max,12,comp_time,2.02797
Modified,dense_city,21,stuck_window_max,12,comp_time,0.95455
Modified,dense_city,22,stuck_window_max,12,comp_time,7.56825
Modified,dense_city,23,stuck_window_max,12,comp_time,1.61365
Modified,dense_city,24,stuck_window_max,12,comp_time,0.33041
Modified,dense_city,25,stuck_window_max,12,comp_time,1.20776
Modified,dense_city,26,stuck_window_max,12,comp_time,0.35661
Modified,dense_city,27,stuck_window_max,12,comp_time,1.83305
Modified,dense_city,28,stuck_window_max,12,comp_time,0.88615
Modified,dense_city,29,stuck_window_max,12,comp_time,0.95185
Modified,normal_city,0,stuck_window_max,20,comp_time,0.17268
Modified,normal_city,1,stuck_window_max,20,comp_time,0.14295
Modified,normal_city,2,stuck_window_max,20,comp_time,0.16527
Modified,normal_city,3,stuck_window_max,20,comp_time,0.2526
Modified,normal_city,4,stuck_window_max,20,comp_time,0.17206
Modified,normal_city,5,stuck_window_max,20,comp_time,0.18767
Modified,normal_city,6,stuck_window_max,20,comp_time,0.40653
Modified,normal_city,7,stuck_window_max,20,comp_time,0.17291
Modified,normal_city,8,stuck_window_max,20,comp_time,0.34029
Modified,normal_city,9,stuck_window_max,20,comp_time,1.49125
Modified,normal_city,10,stuck_window_max,20,comp_time,0.13563
Modified,normal_city,11,stuck_window_max,20,comp_time,0.36234
Modified,normal_city,12,stuck_window_max,20,comp_time,0.46943
Modified,normal_city,13,stuck_window_max,20,comp_time,0.15176
Modified,normal_city,14,stuck_window_max,20,comp_time,0.15315
Modified,normal_city,15,stuck_window_max,20,comp_time,0.15479
Modified,normal_city,16,stuck_window_max,20,comp_time,0.15357
Modified,normal_city,17,stuck_window_max,20,comp_time,0.26204
Modified,normal_city,18,stuck_window_max,20,comp_time,0.14436
Modified,normal_city,19,stuck_window_max,20,comp_time,0.21669
Modified,normal_city,20,stuck_window_max,20,comp_time,0.13883
Modified,normal_city,21,stuck_window_max,20,comp_time,0.14908
Modified,normal_city,22,stuck_window_max,20,comp_time,0.21625
Modified,normal_city,23,stuck_window_max,20,comp_time,0.25435
Modified,normal_city,24,stuck_window_max,20,comp_time,0.16498
Modified,normal_city,25,stuck_window_max,20,comp_time,0.15163
Modified,normal_city,26,stuck_window_max,20,comp_time,0.16797
Modified,normal_city,27,stuck_window_max,20,comp_time,0.20543
Modified,normal_city,28,stuck_window_max,20,comp_time,0.15379
Modified,normal_city,29,stuck_window_max,20,comp_time,0.16101
Modified,blocked_road,0,stuck_window_max,20,comp_time,0.63466
Modified,blocked_road,1,stuck_window_max,20,comp_time,2.0167
Modified,blocked_road,2,stuck_window_max,20,comp_time,0.36183
Modified,blocked_road,3,stuck_window_max,20,comp_time,0.19496
Modified,blocked_road,4,stuck_window_max,20,comp_time,2.53328
Modified,blocked_road,5,stuck_window_max,20,comp_time,0.64535
Modified,blocked_road,6,stuck_window_max,20,comp_time,5.08429
Modified,blocked_road,7,stuck_window_max,20,comp_time,0.13546
Modified,blocked_road,8,stuck_window_max,20,comp_time,0.27006
Modified,blocked_road,9,stuck_window_max,20,comp_time,0.54752
Modified,blocked_road,10,stuck_window_max,20,comp_time,0.67874
Modified,blocked_road,11,stuck_window_max,20,comp_time,1.65969
Modified,blocked_road,12,stuck_window_max,20,comp_time,0.92103
Modified,blocked_road,13,stuck_window_max,20,comp_time,0.16922
Modified,blocked_road,14,stuck_window_max,20,comp_time,0.27682
Modified,blocked_road,15,stuck_window_max,20,comp_time,0.48151
Modified,blocked_road,16,stuck_window_max,20,comp_time,0.25636
Modified,blocked_road,17,stuck_window_max,20,comp_time,0.2659
Modified,blocked_road,18,stuck_window_max,20,comp_time,0.17118
Modified,blocked_road,19,stuck_window_max,20,comp_time,0.41096
Modified,blocked_road,20,stuck_window_max,20,comp_time,1.09536
Modified,blocked_road,21,stuck_window_max,20,comp_time,0.27371
Modified,blocked_road,22,stuck_window_max,20,comp_time,0.16333
Modified,blocked_road,23,stuck_window_max,20,comp_time,3.45465
Modified,blocked_road,24,stuck_window_max,20,comp_time,0.16597
Modified,blocked_road,25,stuck_window_max,20,comp_time,0.14013
Modified,blocked_road,26,stuck_window_max,20,comp_time,0.33923
Modified,blocked_road,27,stuck_window_max,20,comp_time,2.16291
Modified,blocked_road,28,stuck_window_max,20,comp_time,1.29767
Modified,blocked_road,29,stuck_window_max,20,comp_time,0.46298
Modified,dense_city,0,stuck_window_max,20,comp_time,1.17458
Modified,dense_city,1,stuck_window_max,20,comp_time,0.31368
Modified,dense_city,2,stuck_window_max,20,comp_time,1.07931
Modified,dense_city,3,stuck_window_max,20,comp_time,0.79905
Modified,dense_city,4,stuck_window_max,20,comp_time,0.4011
Modified,dense_city,5,stuck_window_max,20,comp_time,4.48074
Modified,dense_city,6,stuck_window_max,20,comp_time,2.55086
Modified,dense_city,7,stuck_window_max,20,comp_time,17.2277
Modified,dense_city,8,stuck_window_max,20,comp_time,0.25374
Modified,dense_city,9,stuck_window_max,20,comp_time,1.37102
Modified,dense_city,10,stuck_window_max,20,comp_time,1.29044
Modified,dense_city,11,stuck_window_max,20,comp_time,1.45394
Modified,dense_city,12,stuck_window_max,20,comp_time,1.97476
Modified,dense_city,13,stuck_window_max,20,comp_time,0.87944
Modified,dense_city,14,stuck_window_max,20,comp_time,1.76366
Modified,dense_city,15,stuck_window_max,20,comp_time,2.30987
Modified,dense_city,16,stuck_window_max,20,comp_time,2.08687
Modified,dense_city,17,stuck_window_max,20,comp_time,0.5412
Modified,dense_city,18,stuck_window_max,20,comp_time,0.37873
Modified,dense_city,19,stuck_window_max,20,comp_time,1.59588
Modified,dense_city,20,stuck_window_max,20,comp_time,2.01951
Modified,dense_city,21,stuck_window_max,20,comp_time,0.93538
Modified,dense_city,22,stuck_window_max,20,comp_time,6.88752
Modified,dense_city,23,stuck_window_max,20,comp_time,1.61296
Modified,dense_city,24,stuck_window_max,20,comp_time,0.3442
Modified,dense_city,25,stuck_window_max,20,comp_time,1.18287
Modified,dense_city,26,stuck_window_max,20,comp_time,0.37737
Modified,dense_city,27,stuck_window_max,20,comp_time,1.74049
Modified,dense_city,28,stuck_window_max,20,comp_time,0.85355
Modified,dense_city,29,stuck_window_max,20,comp_time,0.89757
Modified,normal_city,0,stuck_window_max,30,comp_time,0.17711
Modified,normal_city,1,stuck_window_max,30,comp_time,0.1491
Modified,normal_city,2,stuck_window_max,30,comp_time,0.1664
Modified,normal_city,3,stuck_window_max,30,comp_time,0.17005
Modified,normal_city,4,stuck_window_max,30,comp_time,0.14333
Modified,normal_city,5,stuck_window_max,30,comp_time,0.16567
Modified,normal_city,6,stuck_window_max,30,comp_time,0.38415
Modified,normal_city,7,stuck_window_max,30,comp_time,0.17314
Modified,normal_city,8,stuck_window_max,30,comp_time,0.15009
Modified,normal_city,9,stuck_window_max,30,comp_time,1.52958
Modified,normal_city,10,stuck_window_max,30,comp_time,0.12155
Modified,normal_city,11,stuck_window_max,30,comp_time,0.37366
Modified,normal_city,12,stuck_window_max,30,comp_time,0.44384
Modified,normal_city,13,stuck_window_max,30,comp_time,0.16402
Modified,normal_city,14,stuck_window_max,30,comp_time,0.15622
Modified,normal_city,15,stuck_window_max,30,comp_time,0.16563
Modified,normal_city,16,stuck_window_max,30,comp_time,0.15103
Modified,normal_city,17,stuck_window_max,30,comp_time,0.25341
Modified,normal_city,18,stuck_window_max,30,comp_time,0.14611
Modified,normal_city,19,stuck_window_max,30,comp_time,0.19886
Modified,normal_city,20,stuck_window_max,30,comp_time,0.16363
Modified,normal_city,21,stuck_window_max,30,comp_time,0.14023
Modified,normal_city,22,stuck_window_max,30,comp_time,0.12347
Modified,normal_city,23,stuck_window_max,30,comp_time,0.24646
Modified,normal_city,24,stuck_window_max,30,comp_time,0.17469
Modified,normal_city,25,stuck_window_max,30,comp_time,0.1458
Modified,normal_city,26,stuck_window_max,30,comp_time,0.16442
Modified,normal_city,27,stuck_window_max,30,comp_time,0.15143
Modified,normal_city,28,stuck_window_max,30,comp_time,0.14569
Modified,normal_city,29,stuck_window_max,30,comp_time,0.1677
Modified,blocked_road,0,stuck_window_max,30,comp_time,0.64494
Modified,blocked_road,1,stuck_window_max,30,comp_time,1.96205
Modified,blocked_road,2,stuck_window_max,30,comp_time,0.36497
Modified,blocked_road,3,stuck_window_max,30,comp_time,0.19635
Modified,blocked_road,4,stuck_window_max,30,comp_time,0.93463
Modified,blocked_road,5,stuck_window_max,30,comp_time,1.54764
Modified,blocked_road,6,stuck_window_max,30,comp_time,0.56632
Modified,blocked_road,7,stuck_window_max,30,comp_time,0.1407
Modified,blocked_road,8,stuck_window_max,30,comp_time,0.26893
Modified,blocked_road,9,stuck_window_max,30,comp_time,0.61755
Modified,blocked_road,10,stuck_window_max,30,comp_time,1.02036
Modified,blocked_road,11,stuck_window_max,30,comp_time,1.83897
Modified,blocked_road,12,stuck_window_max,30,comp_time,0.7402
Modified,blocked_road,13,stuck_window_max,30,comp_time,0.15731
Modified,blocked_road,14,stuck_window_max,30,comp_time,0.32364
Modified,blocked_road,15,stuck_window_max,30,comp_time,0.36643
Modified,blocked_road,16,stuck_window_max,30,comp_time,0.24072
Modified,blocked_road,17,stuck_window_max,30,comp_time,0.24528
Modified,blocked_road,18,stuck_window_max,30,comp_time,0.17999
Modified,blocked_road,19,stuck_window_max,30,comp_time,0.40416
Modified,blocked_road,20,stuck_window_max,30,comp_time,1.15815
Modified,blocked_road,21,stuck_window_max,30,comp_time,0.31868
Modified,blocked_road,22,stuck_window_max,30,comp_time,0.19069
Modified,blocked_road,23,stuck_window_max,30,comp_time,3.46917
Modified,blocked_road,24,stuck_window_max,30,comp_time,0.16758
Modified,blocked_road,25,stuck_window_max,30,comp_time,0.13709
Modified,blocked_road,26,stuck_window_max,30,comp_time,0.34191
Modified,blocked_road,27,stuck_window_max,30,comp_time,2.19939
Modified,blocked_road,28,stuck_window_max,30,comp_time,1.35393
Modified,blocked_road,29,stuck_window_max,30,comp_time,0.47168
Modified,dense_city,0,stuck_window_max,30,comp_time,1.18576
Modified,dense_city,1,stuck_window_max,30,comp_time,0.31953
Modified,dense_city,2,stuck_window_max,30,comp_time,1.09849
Modified,dense_city,3,stuck_window_max,30,comp_time,0.79597
Modified,dense_city,4,stuck_window_max,30,comp_time,0.38399
Modified,dense_city,5,stuck_window_max,30,comp_time,0.19529
Modified,dense_city,6,stuck_window_max,30,comp_time,2.47644
Modified,dense_city,7,stuck_window_max,30,comp_time,18.19617
Modified,dense_city,8,stuck_window_max,30,comp_time,0.2673
Modified,dense_city,9,stuck_window_max,30,comp_time,1.32791
Modified,dense_city,10,stuck_window_max,30,comp_time,1.25962
Modified,dense_city,11,stuck_window_max,30,comp_time,1.49204
Modified,dense_city,12,stuck_window_max,30,comp_time,0.81889
Modified,dense_city,13,stuck_window_max,30,comp_time,0.90663
Modified,dense_city,14,stuck_window_max,30,comp_time,1.74305
Modified,dense_city,15,stuck_window_max,30,comp_time,2.34699
Modified,dense_city,16,stuck_window_max,30,comp_time,2.07565
Modified,dense_city,17,stuck_window_max,30,comp_time,0.53525
Modified,dense_city,18,stuck_window_max,30,comp_time,0.44102
Modified,dense_city,19,stuck_window_max,30,comp_time,1.62376
Modified,dense_city,20,stuck_window_max,30,comp_time,2.09466
Modified,dense_city,21,stuck_window_max,30,comp_time,0.97676
Modified,dense_city,22,stuck_window_max,30,comp_time,6.85022
Modified,dense_city,23,stuck_window_max,30,comp_time,1.67061
Modified,dense_city,24,stuck_window_max,30,comp_time,0.34148
Modified,dense_city,25,stuck_window_max,30,comp_time,1.16455
Modified,dense_city,26,stuck_window_max,30,comp_time,0.36147
Modified,dense_city,27,stuck_window_max,30,comp_time,1.71757
Modified,dense_city,28,stuck_window_max,30,comp_time,0.87284
Modified,dense_city,29,stuck_window_max,30,comp_time,0.92987
