planner,scenario,instance,parameter,value,metric,result
RRT*,normal_city,0,rrt_max_iter,1500,success,1.0
RRT*,normal_city,1,rrt_max_iter,1500,success,1.0
RRT*,normal_city,2,rrt_max_iter,1500,success,1.0
RRT*,normal_city,3,rrt_max_iter,1500,success,1.0
RRT*,normal_city,4,rrt_max_iter,1500,success,1.0
RRT*,normal_city,5,rrt_max_iter,1500,success,1.0
RRT*,normal_city,6,rrt_max_iter,1500,success,1.0
RRT*,normal_city,7,rrt_max_iter,1500,success,1.0
RRT*,normal_city,8,rrt_max_iter,1500,success,1.0
RRT*,normal_city,9,rrt_max_iter,1500,success,1.0
RRT*,normal_city,10,rrt_max_iter,1500,success,1.0
RRT*,normal_city,11,rrt_max_iter,1500,success,1.0
RRT*,normal_city,12,rrt_max_iter,1500,success,1.0
RRT*,normal_city,13,rrt_max_iter,1500,success,1.0
RRT*,normal_city,14,rrt_max_iter,1500,success,1.0
RRT*,normal_city,15,rrt_max_iter,1500,success,1.0
RRT*,normal_city,16,rrt_max_iter,1500,success,1.0
RRT*,normal_city,17,rrt_max_iter,1500,success,1.0
RRT*,normal_city,18,rrt_max_iter,1500,success,1.0
RRT*,normal_city,19,rrt_max_iter,1500,success,1.0
RRT*,normal_city,20,rrt_max_iter,1500,success,1.0
RRT*,normal_city,21,rrt_max_iter,1500,success,1.0
RRT*,normal_city,22,rrt_max_iter,1500,success,1.0
RRT*,normal_city,23,rrt_max_iter,1500,success,0.0
RRT*,normal_city,24,rrt_max_iter,1500,success,1.0
RRT*,normal_city,25,rrt_max_iter,1500,success,1.0
RRT*,normal_city,26,rrt_max_iter,1500,success,1.0
RRT*,normal_city,27,rrt_max_iter,1500,success,1.0
RRT*,normal_city,28,rrt_max_iter,1500,success,1.0
RRT*,normal_city,29,rrt_max_iter,1500,success,1.0
RRT*,blocked_road,0,rrt_max_iter,1500,success,1.0
RRT*,blocked_road,1,rrt_max_iter,1500,success,1.0
RRT*,blocked_road,2,rrt_max_iter,1500,success,1.0
RRT*,blocked_road,3,rrt_max_iter,1500,success,1.0
RRT*,blocked_road,4,rrt_max_iter,1500,success,1.0
RRT*,blocked_road,5,rrt_max_iter,1500,success,1.0
RRT*,blocked_road,6,rrt_max_iter,1500,success,1.0
RRT*,blocked_road,7,rrt_max_iter,1500,success,1.0
RRT*,blocked_road,8,rrt_max_iter,1500,success,1.0
RRT*,blocked_road,9,rrt_max_iter,1500,success,1.0
RRT*,blocked_road,10,rrt_max_iter,1500,success,1.0
RRT*,blocked_road,11,rrt_max_iter,1500,success,1.0
RRT*,blocked_road,12,rrt_max_iter,1500,success,1.0
RRT*,blocked_road,13,rrt_max_iter,1500,success,1.0
RRT*,blocked_road,14,rrt_max_iter,1500,success,1.0
RRT*,blocked_road,15,rrt_max_iter,1500,success,1.0
RRT*,blocked_road,16,rrt_max_iter,1500,success,1.0
RRT*,blocked_road,17,rrt_max_iter,1500,success,1.0
RRT*,blocked_road,18,rrt_max_iter,1500,success,1.0
RRT*,blocked_road,19,rrt_max_iter,1500,success,1.0
RRT*,blocked_road,20,rrt_max_iter,1500,success,1.0
RRT*,blocked_road,21,rrt_max_iter,1500,success,1.0
RRT*,blocked_road,22,rrt_max_iter,1500,success,1.0
RRT*,blocked_road,23,rrt_max_iter,1500,success,1.0
RRT*,blocked_road,24,rrt_max_iter,1500,success,1.0
RRT*,blocked_road,25,rrt_max_iter,1500,success,1.0
RRT*,blocked_road,26,rrt_max_iter,1500,success,1.0
RRT*,blocked_road,27,rrt_max_iter,1500,success,1.0
RRT*,blocked_road,28,rrt_max_iter,1500,success,1.0
RRT*,blocked_road,29,rrt_max_iter,1500,success,1.0
RRT*,dense_city,0,rrt_max_iter,1500,success,1.0
RRT*,dense_city,1,rrt_max_iter,1500,success,0.0
RRT*,dense_city,2,rrt_max_iter,1500,success,1.0
RRT*,dense_city,3,rrt_max_iter,1500,success,1.0
RRT*,dense_city,4,rrt_max_iter,1500,success,1.0
RRT*,dense_city,5,rrt_max_iter,1500,success,0.0
RRT*,dense_city,6,rrt_max_iter,1500,success,0.0
RRT*,dense_city,7,rrt_max_iter,1500,success,0.0
RRT*,dense_city,8,rrt_max_iter,1500,success,1.0
RRT*,dense_city,9,rrt_max_iter,1500,success,0.0
RRT*,dense_city,10,rrt_max_iter,1500,success,1.0
RRT*,dense_city,11,rrt_max_iter,1500,success,1.0
RRT*,dense_city,12,rrt_max_iter,1500,success,0.0
RRT*,dense_city,13,rrt_max_iter,1500,success,1.0
RRT*,dense_city,14,rrt_max_iter,1500,success,1.0
RRT*,dense_city,15,rrt_max_iter,1500,success,1.0
RRT*,dense_city,16,rrt_max_iter,1500,success,0.0
RRT*,dense_city,17,rrt_max_iter,1500,success,1.0
RRT*,dense_city,18,rrt_max_iter,1500,success,1.0
RRT*,dense_city,19,rrt_max_iter,1500,success,0.0
RRT*,dense_city,20,rrt_max_iter,1500,success,1.0
RRT*,dense_city,21,rrt_max_iter,1500,success,1.0
RRT*,dense_city,22,rrt_max_iter,1500,success,1.0
RRT*,dense_city,23,rrt_max_iter,1500,success,1.0
RRT*,dense_city,24,rrt_max_iter,1500,success,1.0
RRT*,dense_city,25,rrt_max_iter,1500,success,1.0
RRT*,dense_city,26,rrt_max_iter,1500,success,1.0
RRT*,dense_city,27,rrt_max_iter,1500,success,1.0
RRT*,dense_city,28,rrt_max_iter,1500,success,1.0
RRT*,dense_city,29,rrt_max_iter,1500,success,1.0
RRT*,normal_city,0,rrt_max_iter,3000,success,1.0
RRT*,normal_city,1,rrt_max_iter,3000,success,1.0
RRT*,normal_city,2,rrt_max_iter,3000,success,1.0
RRT*,normal_city,3,rrt_max_iter,3000,success,1.0
RRT*,normal_city,4,rrt_max_iter,3000,success,1.0
RRT*,normal_city,5,rrt_max_iter,3000,success,1.0
RRT*,normal_city,6,rrt_max_iter,3000,success,1.0
RRT*,normal_city,7,rrt_max_iter,3000,success,1.0
RRT*,normal_city,8,rrt_max_iter,3000,success,1.0
RRT*,normal_city,9,rrt_max_iter,3000,success,1.0
RRT*,normal_city,10,rrt_max_iter,3000,success,1.0
RRT*,normal_city,11,rrt_max_iter,3000,success,1.0
RRT*,normal_city,12,rrt_max_iter,3000,success,1.0
RRT*,normal_city,13,rrt_max_iter,3000,success,1.0
RRT*,normal_city,14,rrt_max_iter,3000,success,1.0
RRT*,normal_city,15,rrt_max_iter,3000,success,1.0
RRT*,normal_city,16,rrt_max_iter,3000,success,1.0
RRT*,normal_city,17,rrt_max_iter,3000,success,1.0
RRT*,normal_city,18,rrt_max_iter,3000,success,1.0
RRT*,normal_city,19,rrt_max_iter,3000,success,1.0
RRT*,normal_city,20,rrt_max_iter,3000,success,1.0
RRT*,normal_city,21,rrt_max_iter,3000,success,1.0
RRT*,normal_city,22,rrt_max_iter,3000,success,1.0
RRT*,normal_city,23,rrt_max_iter,3000,success,1.0
RRT*,normal_city,24,rrt_max_iter,3000,success,1.0
RRT*,normal_city,25,rrt_max_iter,3000,success,1.0
RRT*,normal_city,26,rrt_max_iter,3000,success,1.0
RRT*,normal_city,27,rrt_max_iter,3000,success,1.0
RRT*,normal_city,28,rrt_max_iter,3000,success,1.0
RRT*,normal_city,29,rrt_max_iter,3000,success,1.0
RRT*,blocked_road,0,rrt_max_iter,3000,success,1.0
RRT*,blocked_road,1,rrt_max_iter,3000,success,1.0
RRT*,blocked_road,2,rrt_max_iter,3000,success,1.0
RRT*,blocked_road,3,rrt_max_iter,3000,success,1.0
RRT*,blocked_road,4,rrt_max_iter,3000,success,1.0
RRT*,blocked_road,5,rrt_max_iter,3000,success,1.0
RRT*,blocked_road,6,rrt_max_iter,3000,success,1.0
RRT*,blocked_road,7,rrt_max_iter,3000,success,1.0
RRT*,blocked_road,8,rrt_max_iter,3000,success,1.0
RRT*,blocked_road,9,rrt_max_iter,3000,success,1.0
RRT*,blocked_road,10,rrt_max_iter,3000,success,1.0
RRT*,blocked_road,11,rrt_max_iter,3000,success,1.0
RRT*,blocked_road,12,rrt_max_iter,3000,success,1.0
RRT*,blocked_road,13,rrt_max_iter,3000,success,1.0
RRT*,blocked_road,14,rrt_max_iter,3000,success,1.0
RRT*,blocked_road,15,rrt_max_iter,3000,success,1.0
RRT*,blocked_road,16,rrt_max_iter,3000,success,1.0
RRT*,blocked_road,17,rrt_max_iter,3000,success,1.0
RRT*,blocked_road,18,rrt_max_iter,3000,success,1.0
RRT*,blocked_road,19,rrt_max_iter,3000,success,1.0
RRT*,blocked_road,20,rrt_max_iter,3000,success,1.0
RRT*,blocked_road,21,rrt_max_iter,3000,success,1.0
RRT*,blocked_road,22,rrt_max_iter,3000,success,1.0
RRT*,blocked_road,23,rrt_max_iter,3000,success,1.0
RRT*,blocked_road,24,rrt_max_iter,3000,success,1.0
RRT*,blocked_road,25,rrt_max_iter,3000,success,1.0
RRT*,blocked_road,26,rrt_max_iter,3000,success,1.0
RRT*,blocked_road,27,rrt_max_iter,3000,success,1.0
RRT*,blocked_road,28,rrt_max_iter,3000,success,1.0
RRT*,blocked_road,29,rrt_max_iter,3000,success,1.0
RRT*,dense_city,0,rrt_max_iter,3000,success,1.0
RRT*,dense_city,1,rrt_max_iter,3000,success,0.0
RRT*,dense_city,2,rrt_max_iter,3000,success,1.0
RRT*,dense_city,3,rrt_max_iter,3000,success,1.0
RRT*,dense_city,4,rrt_max_iter,3000,success,1.0
RRT*,dense_city,5,rrt_max_iter,3000,success,0.0
RRT*,dense_city,6,rrt_max_iter,3000,success,1.0
RRT*,dense_city,7,rrt_max_iter,3000,success,0.0
RRT*,dense_city,8,rrt_max_iter,3000,success,1.0
RRT*,dense_city,9,rrt_max_iter,3000,success,0.0
RRT*,dense_city,10,rrt_max_iter,3000,success,1.0
RRT*,dense_city,11,rrt_max_iter,3000,success,1.0
RRT*,dense_city,12,rrt_max_iter,3000,success,1.0
RRT*,dense_city,13,rrt_max_iter,3000,success,1.0
RRT*,dense_city,14,rrt_max_iter,3000,success,1.0
RRT*,dense_city,15,rrt_max_iter,3000,success,1.0
RRT*,dense_city,16,rrt_max_iter,3000,success,1.0
RRT*,dense_city,17,rrt_max_iter,3000,success,1.0
RRT*,dense_city,18,rrt_max_iter,3000,success,1.0
RRT*,dense_city,19,rrt_max_iter,3000,success,0.0
RRT*,dense_city,20,rrt_max_iter,3000,success,1.0
RRT*,dense_city,21,rrt_max_iter,3000,success,1.0
RRT*,dense_city,22,rrt_max_iter,3000,success,1.0
RRT*,dense_city,23,rrt_max_iter,3000,success,1.0
RRT*,dense_city,24,rrt_max_iter,3000,success,1.0
RRT*,dense_city,25,rrt_max_iter,3000,success,1.0
RRT*,dense_city,26,rrt_max_iter,3000,success,1.0
RRT*,dense_city,27,rrt_max_iter,3000,success,1.0
RRT*,dense_city,28,rrt_max_iter,3000,success,1.0
RRT*,dense_city,29,rrt_max_iter,3000,success,1.0
RRT*,normal_city,0,rrt_max_iter,6000,success,1.0
RRT*,normal_city,1,rrt_max_iter,6000,success,1.0
RRT*,normal_city,2,rrt_max_iter,6000,success,1.0
RRT*,normal_city,3,rrt_max_iter,6000,success,1.0
RRT*,normal_city,4,rrt_max_iter,6000,success,1.0
RRT*,normal_city,5,rrt_max_iter,6000,success,1.0
RRT*,normal_city,6,rrt_max_iter,6000,success,1.0
RRT*,normal_city,7,rrt_max_iter,6000,success,1.0
RRT*,normal_city,8,rrt_max_iter,6000,success,1.0
RRT*,normal_city,9,rrt_max_iter,6000,success,1.0
RRT*,normal_city,10,rrt_max_iter,6000,success,1.0
RRT*,normal_city,11,rrt_max_iter,6000,success,1.0
RRT*,normal_city,12,rrt_max_iter,6000,success,1.0
RRT*,normal_city,13,rrt_max_iter,6000,success,1.0
RRT*,normal_city,14,rrt_max_iter,6000,success,1.0
RRT*,normal_city,15,rrt_max_iter,6000,success,1.0
RRT*,normal_city,16,rrt_max_iter,6000,success,1.0
RRT*,normal_city,17,rrt_max_iter,6000,success,1.0
RRT*,normal_city,18,rrt_max_iter,6000,success,1.0
RRT*,normal_city,19,rrt_max_iter,6000,success,1.0
RRT*,normal_city,20,rrt_max_iter,6000,success,1.0
RRT*,normal_city,21,rrt_max_iter,6000,success,1.0
RRT*,normal_city,22,rrt_max_iter,6000,success,1.0
RRT*,normal_city,23,rrt_max_iter,6000,success,1.0
RRT*,normal_city,24,rrt_max_iter,6000,success,1.0
RRT*,normal_city,25,rrt_max_iter,6000,success,1.0
RRT*,normal_city,26,rrt_max_iter,6000,success,1.0
RRT*,normal_city,27,rrt_max_iter,6000,success,1.0
RRT*,normal_city,28,rrt_max_iter,6000,success,1.0
RRT*,normal_city,29,rrt_max_iter,6000,success,1.0
RRT*,blocked_road,0,rrt_max_iter,6000,success,1.0
RRT*,blocked_road,1,rrt_max_iter,6000,success,1.0
RRT*,blocked_road,2,rrt_max_iter,6000,success,1.0
RRT*,blocked_road,3,rrt_max_iter,6000,success,1.0
RRT*,blocked_road,4,rrt_max_iter,6000,success,1.0
RRT*,blocked_road,5,rrt_max_iter,6000,success,1.0
RRT*,blocked_road,6,rrt_max_iter,6000,success,1.0
RRT*,blocked_road,7,rrt_max_iter,6000,success,1.0
RRT*,blocked_road,8,rrt_max_iter,6000,success,1.0
RRT*,blocked_road,9,rrt_max_iter,6000,success,1.0
RRT*,blocked_road,10,rrt_max_iter,6000,success,1.0
RRT*,blocked_road,11,rrt_max_iter,6000,success,1.0
RRT*,blocked_road,12,rrt_max_iter,6000,success,1.0
RRT*,blocked_road,13,rrt_max_iter,6000,success,1.0
RRT*,blocked_road,14,rrt_max_iter,6000,success,1.0
RRT*,blocked_road,15,rrt_max_iter,6000,success,1.0
RRT*,blocked_road,16,rrt_max_iter,6000,success,1.0
RRT*,blocked_road,17,rrt_max_iter,6000,success,1.0
RRT*,blocked_road,18,rrt_max_iter,6000,success,1.0
RRT*,blocked_road,19,rrt_max_iter,6000,success,1.0
RRT*,blocked_road,20,rrt_max_iter,6000,success,1.0
RRT*,blocked_road,21,rrt_max_iter,6000,success,1.0
RRT*,blocked_road,22,rrt_max_iter,6000,success,1.0
RRT*,blocked_road,23,rrt_max_iter,6000,success,1.0
RRT*,blocked_road,24,rrt_max_iter,6000,success,1.0
RRT*,blocked_road,25,rrt_max_iter,6000,success,1.0
RRT*,blocked_road,26,rrt_max_iter,6000,success,1.0
RRT*,blocked_road,27,rrt_max_iter,6000,success,1.0
RRT*,blocked_road,28,rrt_max_iter,6000,success,1.0
RRT*,blocked_road,29,rrt_max_iter,6000,success,1.0
RRT*,dense_city,0,rrt_max_iter,6000,success,1.0
RRT*,dense_city,1,rrt_max_iter,6000,success,1.0
RRT*,dense_city,2,rrt_max_iter,6000,success,1.0
RRT*,dense_city,3,rrt_max_iter,6000,success,1.0
RRT*,dense_city,4,rrt_max_iter,6000,success,1.0
RRT*,dense_city,5,rrt_max_iter,6000,success,1.0
RRT*,dense_city,6,rrt_max_iter,6000,success,1.0
RRT*,dense_city,7,rrt_max_iter,6000,success,1.0
RRT*,dense_city,8,rrt_max_iter,6000,success,1.0
RRT*,dense_city,9,rrt_max_iter,6000,success,0.0
RRT*,dense_city,10,rrt_max_iter,6000,success,1.0
RRT*,dense_city,11,rrt_max_iter,6000,success,1.0
RRT*,dense_city,12,rrt_max_iter,6000,success,1.0
RRT*,dense_city,13,rrt_max_iter,6000,success,1.0
RRT*,dense_city,14,rrt_max_iter,6000,success,1.0
RRT*,dense_city,15,rrt_max_iter,6000,success,1.0
RRT*,dense_city,16,rrt_max_iter,6000,success,1.0
RRT*,dense_city,17,rrt_max_iter,6000,success,1.0
RRT*,dense_city,18,rrt_max_iter,6000,success,1.0
RRT*,dense_city,19,rrt_max_iter,6000,success,1.0
RRT*,dense_city,20,rrt_max_iter,6000,success,1.0
RRT*,dense_city,21,rrt_max_iter,6000,success,1.0
RRT*,dense_city,22,rrt_max_iter,6000,success,1.0
RRT*,dense_city,23,rrt_max_iter,6000,success,1.0
RRT*,dense_city,24,rrt_max_iter,6000,success,1.0
RRT*,dense_city,25,rrt_max_iter,6000,success,1.0
RRT*,dense_city,26,rrt_max_iter,6000,success,1.0
RRT*,dense_city,27,rrt_max_iter,6000,success,1.0
RRT*,dense_city,28,rrt_max_iter,6000,success,1.0
RRT*,dense_city,29,rrt_max_iter,6000,success,1.0
RRT*,normal_city,0,rrt_max_iter,12000,success,1.0
RRT*,normal_city,1,rrt_max_iter,12000,success,1.0
RRT*,normal_city,2,rrt_max_iter,12000,success,1.0
RRT*,normal_city,3,rrt_max_iter,12000,success,1.0
RRT*,normal_city,4,rrt_max_iter,12000,success,1.0
RRT*,normal_city,5,rrt_max_iter,12000,success,1.0
RRT*,normal_city,6,rrt_max_iter,12000,success,1.0
RRT*,normal_city,7,rrt_max_iter,12000,success,1.0
RRT*,normal_city,8,rrt_max_iter,12000,success,1.0
RRT*,normal_city,9,rrt_max_iter,12000,success,1.0
RRT*,normal_city,10,rrt_max_iter,12000,success,1.0
RRT*,normal_city,11,rrt_max_iter,12000,success,1.0
RRT*,normal_city,12,rrt_max_iter,12000,success,1.0
RRT*,normal_city,13,rrt_max_iter,12000,success,1.0
RRT*,normal_city,14,rrt_max_iter,12000,success,1.0
RRT*,normal_city,15,rrt_max_iter,12000,success,1.0
RRT*,normal_city,16,rrt_max_iter,12000,success,1.0
RRT*,normal_city,17,rrt_max_iter,12000,success,1.0
RRT*,normal_city,18,rrt_max_iter,12000,success,1.0
RRT*,normal_city,19,rrt_max_iter,12000,success,1.0
RRT*,normal_city,20,rrt_max_iter,12000,success,1.0
RRT*,normal_city,21,rrt_max_iter,12000,success,1.0
RRT*,normal_city,22,rrt_max_iter,12000,success,1.0
RRT*,normal_city,23,rrt_max_iter,12000,success,1.0
RRT*,normal_city,24,rrt_max_iter,12000,success,1.0
RRT*,normal_city,25,rrt_max_iter,12000,success,1.0
RRT*,normal_city,26,rrt_max_iter,12000,success,1.0
RRT*,normal_city,27,rrt_max_iter,12000,success,1.0
RRT*,normal_city,28,rrt_max_iter,12000,success,1.0
RRT*,normal_city,29,rrt_max_iter,12000,success,1.0
RRT*,blocked_road,0,rrt_max_iter,12000,success,1.0
RRT*,blocked_road,1,rrt_max_iter,12000,success,1.0
RRT*,blocked_road,2,rrt_max_iter,12000,success,1.0
RRT*,blocked_road,3,rrt_max_iter,12000,success,1.0
RRT*,blocked_road,4,rrt_max_iter,12000,success,1.0
RRT*,blocked_road,5,rrt_max_iter,12000,success,1.0
RRT*,blocked_road,6,rrt_max_iter,12000,success,1.0
RRT*,blocked_road,7,rrt_max_iter,12000,success,1.0
RRT*,blocked_road,8,rrt_max_iter,12000,success,1.0
RRT*,blocked_road,9,rrt_max_iter,12000,success,1.0
RRT*,blocked_road,10,rrt_max_iter,12000,success,1.0
RRT*,blocked_road,11,rrt_max_iter,12000,success,1.0
RRT*,blocked_road,12,rrt_max_iter,12000,success,1.0
RRT*,blocked_road,13,rrt_max_iter,12000,success,1.0
RRT*,blocked_road,14,rrt_max_iter,12000,success,1.0
RRT*,blocked_road,15,rrt_max_iter,12000,success,1.0
RRT*,blocked_road,16,rrt_max_iter,12000,success,1.0
RRT*,blocked_road,17,rrt_max_iter,12000,success,1.0
RRT*,blocked_road,18,rrt_max_iter,12000,success,1.0
RRT*,blocked_road,19,rrt_max_iter,12000,success,1.0
RRT*,blocked_road,20,rrt_max_iter,12000,success,1.0
RRT*,blocked_road,21,rrt_max_iter,12000,success,1.0
RRT*,blocked_road,22,rrt_max_iter,12000,success,1.0
RRT*,blocked_road,23,rrt_max_iter,12000,success,1.0
RRT*,blocked_road,24,rrt_max_iter,12000,success,1.0
RRT*,blocked_road,25,rrt_max_iter,12000,success,1.0
RRT*,blocked_road,26,rrt_max_iter,12000,success,1.0
RRT*,blocked_road,27,rrt_max_iter,12000,success,1.0
RRT*,blocked_road,28,rrt_max_iter,12000,success,1.0
RRT*,blocked_road,29,rrt_max_iter,12000,success,1.0
RRT*,dense_city,0,rrt_max_iter,12000,success,1.0
RRT*,dense_city,1,rrt_max_iter,12000,success,1.0
RRT*,dense_city,2,rrt_max_iter,12000,success,1.0
RRT*,dense_city,3,rrt_max_iter,12000,success,1.0
RRT*,dense_city,4,rrt_max_iter,12000,success,1.0
RRT*,dense_city,5,rrt_max_iter,12000,success,1.0
RRT*,dense_city,6,rrt_max_iter,12000,success,1.0
RRT*,dense_city,7,rrt_max_iter,12000,success,1.0
RRT*,dense_city,8,rrt_max_iter,12000,success,1.0
RRT*,dense_city,9,rrt_max_iter,12000,success,0.0
RRT*,dense_city,10,rrt_max_iter,12000,success,1.0
RRT*,dense_city,11,rrt_max_iter,12000,success,1.0
RRT*,dense_city,12,rrt_max_iter,12000,success,1.0
RRT*,dense_city,13,rrt_max_iter,12000,success,1.0
RRT*,dense_city,14,rrt_max_iter,12000,success,1.0
RRT*,dense_city,15,rrt_max_iter,12000,success,1.0
RRT*,dense_city,16,rrt_max_iter,12000,success,1.0
RRT*,dense_city,17,rrt_max_iter,12000,success,1.0
RRT*,dense_city,18,rrt_max_iter,12000,success,1.0
RRT*,dense_city,19,rrt_max_iter,12000,success,1.0
RRT*,dense_city,20,rrt_max_iter,12000,success,1.0
RRT*,dense_city,21,rrt_max_iter,12000,success,1.0
RRT*,dense_city,22,rrt_max_iter,12000,success,1.0
RRT*,dense_city,23,rrt_max_iter,12000,success,1.0
RRT*,dense_city,24,rrt_max_iter,12000,success,1.0
RRT*,dense_city,25,rrt_max_iter,12000,success,1.0
RRT*,dense_city,26,rrt_max_iter,12000,success,1.0
RRT*,dense_city,27,rrt_max_iter,12000,success,1.0
RRT*,dense_city,28,rrt_max_iter,12000,success,1.0
RRT*,dense_city,29,rrt_max_iter,12000,success,1.0
RRT*,normal_city,0,rrt_max_iter,1500,path_length,147.909
RRT*,normal_city,1,rrt_max_iter,1500,path_length,148.241
RRT*,normal_city,2,rrt_max_iter,1500,path_length,144.447
RRT*,normal_city,3,rrt_max_iter,1500,path_length,154.421
RRT*,normal_city,4,rrt_max_iter,1500,path_length,152.805
RRT*,normal_city,5,rrt_max_iter,1500,path_length,147.857
RRT*,normal_city,6,rrt_max_iter,1500,path_length,148.175
RRT*,normal_city,7,rrt_max_iter,1500,path_length,149.094
RRT*,normal_city,8,rrt_max_iter,1500,path_length,142.655
RRT*,normal_city,9,rrt_max_iter,1500,path_length,141.328
RRT*,normal_city,10,rrt_max_iter,1500,path_length,145.69
RRT*,normal_city,11,rrt_max_iter,1500,path_length,149.815
RRT*,normal_city,12,rrt_max_iter,1500,path_length,141.511
RRT*,normal_city,13,rrt_max_iter,1500,path_length,142.244
RRT*,normal_city,14,rrt_max_iter,1500,path_length,148.34
RRT*,normal_city,15,rrt_max_iter,1500,path_length,146.404
RRT*,normal_city,16,rrt_max_iter,1500,path_length,152.981
RRT*,normal_city,17,rrt_max_iter,1500,path_length,151.188
RRT*,normal_city,18,rrt_max_iter,1500,path_length,145.727
RRT*,normal_city,19,rrt_max_iter,1500,path_length,154.461
RRT*,normal_city,20,rrt_max_iter,1500,path_length,140.283
RRT*,normal_city,21,rrt_max_iter,1500,path_length,152.753
RRT*,normal_city,22,rrt_max_iter,1500,path_length,146.314
RRT*,normal_city,23,rrt_max_iter,1500,path_length,
RRT*,normal_city,24,rrt_max_iter,1500,path_length,146.73
RRT*,normal_city,25,rrt_max_iter,1500,path_length,143.495
RRT*,normal_city,26,rrt_max_iter,1500,path_length,154.085
RRT*,normal_city,27,rrt_max_iter,1500,path_length,149.356
RRT*,normal_city,28,rrt_max_iter,1500,path_length,144.747
RRT*,normal_city,29,rrt_max_iter,1500,path_length,147.655
RRT*,blocked_road,0,rrt_max_iter,1500,path_length,151.586
RRT*,blocked_road,1,rrt_max_iter,1500,path_length,155.55
RRT*,blocked_road,2,rrt_max_iter,1500,path_length,152.739
RRT*,blocked_road,3,rrt_max_iter,1500,path_length,157.873
RRT*,blocked_road,4,rrt_max_iter,1500,path_length,146.571
RRT*,blocked_road,5,rrt_max_iter,1500,path_length,155.575
RRT*,blocked_road,6,rrt_max_iter,1500,path_length,150.889
RRT*,blocked_road,7,rrt_max_iter,1500,path_length,155.01
RRT*,blocked_road,8,rrt_max_iter,1500,path_length,148.171
RRT*,blocked_road,9,rrt_max_iter,1500,path_length,150.448
RRT*,blocked_road,10,rrt_max_iter,1500,path_length,150.363
RRT*,blocked_road,11,rrt_max_iter,1500,path_length,154.403
RRT*,blocked_road,12,rrt_max_iter,1500,path_length,147.402
RRT*,blocked_road,13,rrt_max_iter,1500,path_length,148.441
RRT*,blocked_road,14,rrt_max_iter,1500,path_length,152.974
RRT*,blocked_road,15,rrt_max_iter,1500,path_length,155.137
RRT*,blocked_road,16,rrt_max_iter,1500,path_length,152.012
RRT*,blocked_road,17,rrt_max_iter,1500,path_length,153.334
RRT*,blocked_road,18,rrt_max_iter,1500,path_length,148.072
RRT*,blocked_road,19,rrt_max_iter,1500,path_length,152.294
RRT*,blocked_road,20,rrt_max_iter,1500,path_length,152.408
RRT*,blocked_road,21,rrt_max_iter,1500,path_length,150.287
RRT*,blocked_road,22,rrt_max_iter,1500,path_length,157.213
RRT*,blocked_road,23,rrt_max_iter,1500,path_length,149.379
RRT*,blocked_road,24,rrt_max_iter,1500,path_length,152.548
RRT*,blocked_road,25,rrt_max_iter,1500,path_length,151.536
RRT*,blocked_road,26,rrt_max_iter,1500,path_length,154.562
RRT*,blocked_road,27,rrt_max_iter,1500,path_length,152.749
RRT*,blocked_road,28,rrt_max_iter,1500,path_length,147.165
RRT*,blocked_road,29,rrt_max_iter,1500,path_length,148.176
RRT*,dense_city,0,rrt_max_iter,1500,path_length,155.024
RRT*,dense_city,1,rrt_max_iter,1500,path_length,
RRT*,dense_city,2,rrt_max_iter,1500,path_length,159.452
RRT*,dense_city,3,rrt_max_iter,1500,path_length,159.071
RRT*,dense_city,4,rrt_max_iter,1500,path_length,155.196
RRT*,dense_city,5,rrt_max_iter,1500,path_length,
RRT*,dense_city,6,rrt_max_iter,1500,path_length,
RRT*,dense_city,7,rrt_max_iter,1500,path_length,
RRT*,dense_city,8,rrt_max_iter,1500,path_length,153.483
RRT*,dense_city,9,rrt_max_iter,1500,path_length,
RRT*,dense_city,10,rrt_max_iter,1500,path_length,154.978
RRT*,dense_city,11,rrt_max_iter,1500,path_length,157.552
RRT*,dense_city,12,rrt_max_iter,1500,path_length,
RRT*,dense_city,13,rrt_max_iter,1500,path_length,159.934
RRT*,dense_city,14,rrt_max_iter,1500,path_length,148.633
RRT*,dense_city,15,rrt_max_iter,1500,path_length,163.463
RRT*,dense_city,16,rrt_max_iter,1500,path_length,
RRT*,dense_city,17,rrt_max_iter,1500,path_length,162.043
RRT*,dense_city,18,rrt_max_iter,1500,path_length,155.004
RRT*,dense_city,19,rrt_max_iter,1500,path_length,
RRT*,dense_city,20,rrt_max_iter,1500,path_length,146.439
RRT*,dense_city,21,rrt_max_iter,1500,path_length,155.166
RRT*,dense_city,22,rrt_max_iter,1500,path_length,161.974
RRT*,dense_city,23,rrt_max_iter,1500,path_length,159.289
RRT*,dense_city,24,rrt_max_iter,1500,path_length,158.765
RRT*,dense_city,25,rrt_max_iter,1500,path_length,152.453
RRT*,dense_city,26,rrt_max_iter,1500,path_length,154.712
RRT*,dense_city,27,rrt_max_iter,1500,path_length,159.677
RRT*,dense_city,28,rrt_max_iter,1500,path_length,154.189
RRT*,dense_city,29,rrt_max_iter,1500,path_length,155.4
RRT*,normal_city,0,rrt_max_iter,3000,path_length,147.909
RRT*,normal_city,1,rrt_max_iter,3000,path_length,148.241
RRT*,normal_city,2,rrt_max_iter,3000,path_length,144.447
RRT*,normal_city,3,rrt_max_iter,3000,path_length,154.421
RRT*,normal_city,4,rrt_max_iter,3000,path_length,152.805
RRT*,normal_city,5,rrt_max_iter,3000,path_length,147.857
RRT*,normal_city,6,rrt_max_iter,3000,path_length,148.175
RRT*,normal_city,7,rrt_max_iter,3000,path_length,149.094
RRT*,normal_city,8,rrt_max_iter,3000,path_length,142.655
RRT*,normal_city,9,rrt_max_iter,3000,path_length,141.328
RRT*,normal_city,10,rrt_max_iter,3000,path_length,145.69
RRT*,normal_city,11,rrt_max_iter,3000,path_length,149.815
RRT*,normal_city,12,rrt_max_iter,3000,path_length,141.511
RRT*,normal_city,13,rrt_max_iter,3000,path_length,142.244
RRT*,normal_city,14,rrt_max_iter,3000,path_length,148.34
RRT*,normal_city,15,rrt_max_iter,3000,path_length,146.404
RRT*,normal_city,16,rrt_max_iter,3000,path_length,152.981
RRT*,normal_city,17,rrt_max_iter,3000,path_length,151.188
RRT*,normal_city,18,rrt_max_iter,3000,path_length,145.727
RRT*,normal_city,19,rrt_max_iter,3000,path_length,154.461
RRT*,normal_city,20,rrt_max_iter,3000,path_length,140.283
RRT*,normal_city,21,rrt_max_iter,3000,path_length,152.753
RRT*,normal_city,22,rrt_max_iter,3000,path_length,146.314
RRT*,normal_city,23,rrt_max_iter,3000,path_length,141.875
RRT*,normal_city,24,rrt_max_iter,3000,path_length,146.73
RRT*,normal_city,25,rrt_max_iter,3000,path_length,143.495
RRT*,normal_city,26,rrt_max_iter,3000,path_length,154.085
RRT*,normal_city,27,rrt_max_iter,3000,path_length,149.356
RRT*,normal_city,28,rrt_max_iter,3000,path_length,144.747
RRT*,normal_city,29,rrt_max_iter,3000,path_length,147.655
RRT*,blocked_road,0,rrt_max_iter,3000,path_length,151.586
RRT*,blocked_road,1,rrt_max_iter,3000,path_length,155.55
RRT*,blocked_road,2,rrt_max_iter,3000,path_length,152.739
RRT*,blocked_road,3,rrt_max_iter,3000,path_length,157.873
RRT*,blocked_road,4,rrt_max_iter,3000,path_length,146.571
RRT*,blocked_road,5,rrt_max_iter,3000,path_length,155.575
RRT*,blocked_road,6,rrt_max_iter,3000,path_length,150.889
RRT*,blocked_road,7,rrt_max_iter,3000,path_length,155.01
RRT*,blocked_road,8,rrt_max_iter,3000,path_length,148.171
RRT*,blocked_road,9,rrt_max_iter,3000,path_length,150.448
RRT*,blocked_road,10,rrt_max_iter,3000,path_length,150.363
RRT*,blocked_road,11,rrt_max_iter,3000,path_length,154.403
RRT*,blocked_road,12,rrt_max_iter,3000,path_length,147.402
RRT*,blocked_road,13,rrt_max_iter,3000,path_length,148.441
RRT*,blocked_road,14,rrt_max_iter,3000,path_length,152.974
RRT*,blocked_road,15,rrt_max_iter,3000,path_length,155.137
RRT*,blocked_road,16,rrt_max_iter,3000,path_length,152.012
RRT*,blocked_road,17,rrt_max_iter,3000,path_length,153.334
RRT*,blocked_road,18,rrt_max_iter,3000,path_length,148.072
RRT*,blocked_road,19,rrt_max_iter,3000,path_length,152.294
RRT*,blocked_road,20,rrt_max_iter,3000,path_length,152.408
RRT*,blocked_road,21,rrt_max_iter,3000,path_length,150.287
RRT*,blocked_road,22,rrt_max_iter,3000,path_length,157.213
RRT*,blocked_road,23,rrt_max_iter,3000,path_length,149.379
RRT*,blocked_road,24,rrt_max_iter,3000,path_length,152.548
RRT*,blocked_road,25,rrt_max_iter,3000,path_length,151.536
RRT*,blocked_road,26,rrt_max_iter,3000,path_length,154.562
RRT*,blocked_road,27,rrt_max_iter,3000,path_length,152.749
RRT*,blocked_road,28,rrt_max_iter,3000,path_length,147.165
RRT*,blocked_road,29,rrt_max_iter,3000,path_length,148.176
RRT*,dense_city,0,rrt_max_iter,3000,path_length,155.024
RRT*,dense_city,1,rrt_max_iter,3000,path_length,
RRT*,dense_city,2,rrt_max_iter,3000,path_length,159.452
RRT*,dense_city,3,rrt_max_iter,3000,path_length,159.071
RRT*,dense_city,4,rrt_max_iter,3000,path_length,155.196
RRT*,dense_city,5,rrt_max_iter,3000,path_length,
RRT*,dense_city,6,rrt_max_iter,3000,path_length,156.296
RRT*,dense_city,7,rrt_max_iter,3000,path_length,
RRT*,dense_city,8,rrt_max_iter,3000,path_length,153.483
RRT*,dense_city,9,rrt_max_iter,3000,path_length,
RRT*,dense_city,10,rrt_max_iter,3000,path_length,154.978
RRT*,dense_city,11,rrt_max_iter,3000,path_length,157.552
RRT*,dense_city,12,rrt_max_iter,3000,path_length,151.529
RRT*,dense_city,13,rrt_max_iter,3000,path_length,159.934
RRT*,dense_city,14,rrt_max_iter,3000,path_length,148.633
RRT*,dense_city,15,rrt_max_iter,3000,path_length,163.463
RRT*,dense_city,16,rrt_max_iter,3000,path_length,148.105
RRT*,dense_city,17,rrt_max_iter,3000,path_length,162.043
RRT*,dense_city,18,rrt_max_iter,3000,path_length,155.004
RRT*,dense_city,19,rrt_max_iter,3000,path_length,
RRT*,dense_city,20,rrt_max_iter,3000,path_length,146.439
RRT*,dense_city,21,rrt_max_iter,3000,path_length,155.166
RRT*,dense_city,22,rrt_max_iter,3000,path_length,161.974
RRT*,dense_city,23,rrt_max_iter,3000,path_length,159.289
RRT*,dense_city,24,rrt_max_iter,3000,path_length,158.765
RRT*,dense_city,25,rrt_max_iter,3000,path_length,152.453
RRT*,dense_city,26,rrt_max_iter,3000,path_length,154.712
RRT*,dense_city,27,rrt_max_iter,3000,path_length,159.677
RRT*,dense_city,28,rrt_max_iter,3000,path_length,154.189
RRT*,dense_city,29,rrt_max_iter,3000,path_length,155.4
RRT*,normal_city,0,rrt_max_iter,6000,path_length,147.909
RRT*,normal_city,1,rrt_max_iter,6000,path_length,148.241
RRT*,normal_city,2,rrt_max_iter,6000,path_length,144.447
RRT*,normal_city,3,rrt_max_iter,6000,path_length,154.421
RRT*,normal_city,4,rrt_max_iter,6000,path_length,152.805
RRT*,normal_city,5,rrt_max_iter,6000,path_length,147.857
RRT*,normal_city,6,rrt_max_iter,6000,path_length,148.175
RRT*,normal_city,7,rrt_max_iter,6000,path_length,149.094
RRT*,normal_city,8,rrt_max_iter,6000,path_length,142.655
RRT*,normal_city,9,rrt_max_iter,6000,path_length,141.328
RRT*,normal_city,10,rrt_max_iter,6000,path_length,145.69
RRT*,normal_city,11,rrt_max_iter,6000,path_length,149.815
RRT*,normal_city,12,rrt_max_iter,6000,path_length,141.511
RRT*,normal_city,13,rrt_max_iter,6000,path_length,142.244
RRT*,normal_city,14,rrt_max_iter,6000,path_length,148.34
RRT*,normal_city,15,rrt_max_iter,6000,path_length,146.404
RRT*,normal_city,16,rrt_max_iter,6000,path_length,152.981
RRT*,normal_city,17,rrt_max_iter,6000,path_length,151.188
RRT*,normal_city,18,rrt_max_iter,6000,path_length,145.727
RRT*,normal_city,19,rrt_max_iter,6000,path_length,154.461
RRT*,normal_city,20,rrt_max_iter,6000,path_length,140.283
RRT*,normal_city,21,rrt_max_iter,6000,path_length,152.753
RRT*,normal_city,22,rrt_max_iter,6000,path_length,146.314
RRT*,normal_city,23,rrt_max_iter,6000,path_length,141.875
RRT*,normal_city,24,rrt_max_iter,6000,path_length,146.73
RRT*,normal_city,25,rrt_max_iter,6000,path_length,143.495
RRT*,normal_city,26,rrt_max_iter,6000,path_length,154.085
RRT*,normal_city,27,rrt_max_iter,6000,path_length,149.356
RRT*,normal_city,28,rrt_max_iter,6000,path_length,144.747
RRT*,normal_city,29,rrt_max_iter,6000,path_length,147.655
RRT*,blocked_road,0,rrt_max_iter,6000,path_length,151.586
RRT*,blocked_road,1,rrt_max_iter,6000,path_length,155.55
RRT*,blocked_road,2,rrt_max_iter,6000,path_length,152.739
RRT*,blocked_road,3,rrt_max_iter,6000,path_length,157.873
RRT*,blocked_road,4,rrt_max_iter,6000,path_length,146.571
RRT*,blocked_road,5,rrt_max_iter,6000,path_length,155.575
RRT*,blocked_road,6,rrt_max_iter,6000,path_length,150.889
RRT*,blocked_road,7,rrt_max_iter,6000,path_length,155.01
RRT*,blocked_road,8,rrt_max_iter,6000,path_length,148.171
RRT*,blocked_road,9,rrt_max_iter,6000,path_length,150.448
RRT*,blocked_road,10,rrt_max_iter,6000,path_length,150.363
RRT*,blocked_road,11,rrt_max_iter,6000,path_length,154.403
RRT*,blocked_road,12,rrt_max_iter,6000,path_length,147.402
RRT*,blocked_road,13,rrt_max_iter,6000,path_length,148.441
RRT*,blocked_road,14,rrt_max_iter,6000,path_length,152.974
RRT*,blocked_road,15,rrt_max_iter,6000,path_length,155.137
RRT*,blocked_road,16,rrt_max_iter,6000,path_length,152.012
RRT*,blocked_road,17,rrt_max_iter,6000,path_length,153.334
RRT*,blocked_road,18,rrt_max_iter,6000,path_length,148.072
RRT*,blocked_road,19,rrt_max_iter,6000,path_length,152.294
RRT*,blocked_road,20,rrt_max_iter,6000,path_length,152.408
RRT*,blocked_road,21,rrt_max_iter,6000,path_length,150.287
RRT*,blocked_road,22,rrt_max_iter,6000,path_length,157.213
RRT*,blocked_road,23,rrt_max_iter,6000,path_length,149.379
RRT*,blocked_road,24,rrt_max_iter,6000,path_length,152.548
RRT*,blocked_road,25,rrt_max_iter,6000,path_length,151.536
RRT*,blocked_road,26,rrt_max_iter,6000,path_length,154.562
RRT*,blocked_road,27,rrt_max_iter,6000,path_length,152.749
RRT*,blocked_road,28,rrt_max_iter,6000,path_length,147.165
RRT*,blocked_road,29,rrt_max_iter,6000,path_length,148.176
RRT*,dense_city,0,rrt_max_iter,6000,path_length,155.024
RRT*,dense_city,1,rrt_max_iter,6000,path_length,148.791
RRT*,dense_city,2,rrt_max_iter,6000,path_length,159.452
RRT*,dense_city,3,rrt_max_iter,6000,path_length,159.071
RRT*,dense_city,4,rrt_max_iter,6000,path_length,155.196
RRT*,dense_city,5,rrt_max_iter,6000,path_length,143.618
RRT*,dense_city,6,rrt_max_iter,6000,path_length,156.296
RRT*,dense_city,7,rrt_max_iter,6000,path_length,149.164
RRT*,dense_city,8,rrt_max_iter,6000,path_length,153.483
RRT*,dense_city,9,rrt_max_iter,6000,path_length,
RRT*,dense_city,10,rrt_max_iter,6000,path_length,154.978
RRT*,dense_city,11,rrt_max_iter,6000,path_length,157.552
RRT*,dense_city,12,rrt_max_iter,6000,path_length,151.529
RRT*,dense_city,13,rrt_max_iter,6000,path_length,159.934
RRT*,dense_city,14,rrt_max_iter,6000,path_length,148.633
RRT*,dense_city,15,rrt_max_iter,6000,path_length,163.463
RRT*,dense_city,16,rrt_max_iter,6000,path_length,148.105
RRT*,dense_city,17,rrt_max_iter,6000,path_length,162.043
RRT*,dense_city,18,rrt_max_iter,6000,path_length,155.004
RRT*,dense_city,19,rrt_max_iter,6000,path_length,154.753
RRT*,dense_city,20,rrt_max_iter,6000,path_length,146.439
RRT*,dense_city,21,rrt_max_iter,6000,path_length,155.166
RRT*,dense_city,22,rrt_max_iter,6000,path_length,161.974
RRT*,dense_city,23,rrt_max_iter,6000,path_length,159.289
RRT*,dense_city,24,rrt_max_iter,6000,path_length,158.765
RRT*,dense_city,25,rrt_max_iter,6000,path_length,152.453
RRT*,dense_city,26,rrt_max_iter,6000,path_length,154.712
RRT*,dense_city,27,rrt_max_iter,6000,path_length,159.677
RRT*,dense_city,28,rrt_max_iter,6000,path_length,154.189
RRT*,dense_city,29,rrt_max_iter,6000,path_length,155.4
RRT*,normal_city,0,rrt_max_iter,12000,path_length,147.909
RRT*,normal_city,1,rrt_max_iter,12000,path_length,148.241
RRT*,normal_city,2,rrt_max_iter,12000,path_length,144.447
RRT*,normal_city,3,rrt_max_iter,12000,path_length,154.421
RRT*,normal_city,4,rrt_max_iter,12000,path_length,152.805
RRT*,normal_city,5,rrt_max_iter,12000,path_length,147.857
RRT*,normal_city,6,rrt_max_iter,12000,path_length,148.175
RRT*,normal_city,7,rrt_max_iter,12000,path_length,149.094
RRT*,normal_city,8,rrt_max_iter,12000,path_length,142.655
RRT*,normal_city,9,rrt_max_iter,12000,path_length,141.328
RRT*,normal_city,10,rrt_max_iter,12000,path_length,145.69
RRT*,normal_city,11,rrt_max_iter,12000,path_length,149.815
RRT*,normal_city,12,rrt_max_iter,12000,path_length,141.511
RRT*,normal_city,13,rrt_max_iter,12000,path_length,142.244
RRT*,normal_city,14,rrt_max_iter,12000,path_length,148.34
RRT*,normal_city,15,rrt_max_iter,12000,path_length,146.404
RRT*,normal_city,16,rrt_max_iter,12000,path_length,152.981
RRT*,normal_city,17,rrt_max_iter,12000,path_length,151.188
RRT*,normal_city,18,rrt_max_iter,12000,path_length,145.727
RRT*,normal_city,19,rrt_max_iter,12000,path_length,154.461
RRT*,normal_city,20,rrt_max_iter,12000,path_length,140.283
RRT*,normal_city,21,rrt_max_iter,12000,path_length,152.753
RRT*,normal_city,22,rrt_max_iter,12000,path_length,146.314
RRT*,normal_city,23,rrt_max_iter,12000,path_length,141.875
RRT*,normal_city,24,rrt_max_iter,12000,path_length,146.73
RRT*,normal_city,25,rrt_max_iter,12000,path_length,143.495
RRT*,normal_city,26,rrt_max_iter,12000,path_length,154.085
RRT*,normal_city,27,rrt_max_iter,12000,path_length,149.356
RRT*,normal_city,28,rrt_max_iter,12000,path_length,144.747
RRT*,normal_city,29,rrt_max_iter,12000,path_length,147.655
RRT*,blocked_road,0,rrt_max_iter,12000,path_length,151.586
RRT*,blocked_road,1,rrt_max_iter,12000,path_length,155.55
RRT*,blocked_road,2,rrt_max_iter,12000,path_length,152.739
RRT*,blocked_road,3,rrt_max_iter,12000,path_length,157.873
RRT*,blocked_road,4,rrt_max_iter,12000,path_length,146.571
RRT*,blocked_road,5,rrt_max_iter,12000,path_length,155.575
RRT*,blocked_road,6,rrt_max_iter,12000,path_length,150.889
RRT*,blocked_road,7,rrt_max_iter,12000,path_length,155.01
RRT*,blocked_road,8,rrt_max_iter,12000,path_length,148.171
RRT*,blocked_road,9,rrt_max_iter,12000,path_length,150.448
RRT*,blocked_road,10,rrt_max_iter,12000,path_length,150.363
RRT*,blocked_road,11,rrt_max_iter,12000,path_length,154.403
RRT*,blocked_road,12,rrt_max_iter,12000,path_length,147.402
RRT*,blocked_road,13,rrt_max_iter,12000,path_length,148.441
RRT*,blocked_road,14,rrt_max_iter,12000,path_length,152.974
RRT*,blocked_road,15,rrt_max_iter,12000,path_length,155.137
RRT*,blocked_road,16,rrt_max_iter,12000,path_length,152.012
RRT*,blocked_road,17,rrt_max_iter,12000,path_length,153.334
RRT*,blocked_road,18,rrt_max_iter,12000,path_length,148.072
RRT*,blocked_road,19,rrt_max_iter,12000,path_length,152.294
RRT*,blocked_road,20,rrt_max_iter,12000,path_length,152.408
RRT*,blocked_road,21,rrt_max_iter,12000,path_length,150.287
RRT*,blocked_road,22,rrt_max_iter,12000,path_length,157.213
RRT*,blocked_road,23,rrt_max_iter,12000,path_length,149.379
RRT*,blocked_road,24,rrt_max_iter,12000,path_length,152.548
RRT*,blocked_road,25,rrt_max_iter,12000,path_length,151.536
RRT*,blocked_road,26,rrt_max_iter,12000,path_length,154.562
RRT*,blocked_road,27,rrt_max_iter,12000,path_length,152.749
RRT*,blocked_road,28,rrt_max_iter,12000,path_length,147.165
RRT*,blocked_road,29,rrt_max_iter,12000,path_length,148.176
RRT*,dense_city,0,rrt_max_iter,12000,path_length,155.024
RRT*,dense_city,1,rrt_max_iter,12000,path_length,148.791
RRT*,dense_city,2,rrt_max_iter,12000,path_length,159.452
RRT*,dense_city,3,rrt_max_iter,12000,path_length,159.071
RRT*,dense_city,4,rrt_max_iter,12000,path_length,155.196
RRT*,dense_city,5,rrt_max_iter,12000,path_length,143.618
RRT*,dense_city,6,rrt_max_iter,12000,path_length,156.296
RRT*,dense_city,7,rrt_max_iter,12000,path_length,149.164
RRT*,dense_city,8,rrt_max_iter,12000,path_length,153.483
RRT*,dense_city,9,rrt_max_iter,12000,path_length,
RRT*,dense_city,10,rrt_max_iter,12000,path_length,154.978
RRT*,dense_city,11,rrt_max_iter,12000,path_length,157.552
RRT*,dense_city,12,rrt_max_iter,12000,path_length,151.529
RRT*,dense_city,13,rrt_max_iter,12000,path_length,159.934
RRT*,dense_city,14,rrt_max_iter,12000,path_length,148.633
RRT*,dense_city,15,rrt_max_iter,12000,path_length,163.463
RRT*,dense_city,16,rrt_max_iter,12000,path_length,148.105
RRT*,dense_city,17,rrt_max_iter,12000,path_length,162.043
RRT*,dense_city,18,rrt_max_iter,12000,path_length,155.004
RRT*,dense_city,19,rrt_max_iter,12000,path_length,154.753
RRT*,dense_city,20,rrt_max_iter,12000,path_length,146.439
RRT*,dense_city,21,rrt_max_iter,12000,path_length,155.166
RRT*,dense_city,22,rrt_max_iter,12000,path_length,161.974
RRT*,dense_city,23,rrt_max_iter,12000,path_length,159.289
RRT*,dense_city,24,rrt_max_iter,12000,path_length,158.765
RRT*,dense_city,25,rrt_max_iter,12000,path_length,152.453
RRT*,dense_city,26,rrt_max_iter,12000,path_length,154.712
RRT*,dense_city,27,rrt_max_iter,12000,path_length,159.677
RRT*,dense_city,28,rrt_max_iter,12000,path_length,154.189
RRT*,dense_city,29,rrt_max_iter,12000,path_length,155.4
RRT*,normal_city,0,rrt_max_iter,1500,length_ratio,1.0417
RRT*,normal_city,1,rrt_max_iter,1500,length_ratio,1.0528
RRT*,normal_city,2,rrt_max_iter,1500,length_ratio,1.0258
RRT*,normal_city,3,rrt_max_iter,1500,length_ratio,1.0743
RRT*,normal_city,4,rrt_max_iter,1500,length_ratio,1.0718
RRT*,normal_city,5,rrt_max_iter,1500,length_ratio,1.05
RRT*,normal_city,6,rrt_max_iter,1500,length_ratio,1.0523
RRT*,normal_city,7,rrt_max_iter,1500,length_ratio,1.0588
RRT*,normal_city,8,rrt_max_iter,1500,length_ratio,1.0006
RRT*,normal_city,9,rrt_max_iter,1500,length_ratio,0.9954
RRT*,normal_city,10,rrt_max_iter,1500,length_ratio,1.0177
RRT*,normal_city,11,rrt_max_iter,1500,length_ratio,1.0552
RRT*,normal_city,12,rrt_max_iter,1500,length_ratio,1.005
RRT*,normal_city,13,rrt_max_iter,1500,length_ratio,0.9936
RRT*,normal_city,14,rrt_max_iter,1500,length_ratio,1.0448
RRT*,normal_city,15,rrt_max_iter,1500,length_ratio,1.0269
RRT*,normal_city,16,rrt_max_iter,1500,length_ratio,1.0819
RRT*,normal_city,17,rrt_max_iter,1500,length_ratio,1.0648
RRT*,normal_city,18,rrt_max_iter,1500,length_ratio,1.0436
RRT*,normal_city,19,rrt_max_iter,1500,length_ratio,1.0746
RRT*,normal_city,20,rrt_max_iter,1500,length_ratio,0.984
RRT*,normal_city,21,rrt_max_iter,1500,length_ratio,1.0714
RRT*,normal_city,22,rrt_max_iter,1500,length_ratio,1.0263
RRT*,normal_city,23,rrt_max_iter,1500,length_ratio,
RRT*,normal_city,24,rrt_max_iter,1500,length_ratio,1.0292
RRT*,normal_city,25,rrt_max_iter,1500,length_ratio,1.0065
RRT*,normal_city,26,rrt_max_iter,1500,length_ratio,1.0852
RRT*,normal_city,27,rrt_max_iter,1500,length_ratio,1.0433
RRT*,normal_city,28,rrt_max_iter,1500,length_ratio,1.0279
RRT*,normal_city,29,rrt_max_iter,1500,length_ratio,1.0357
RRT*,blocked_road,0,rrt_max_iter,1500,length_ratio,1.0173
RRT*,blocked_road,1,rrt_max_iter,1500,length_ratio,1.0521
RRT*,blocked_road,2,rrt_max_iter,1500,length_ratio,1.0331
RRT*,blocked_road,3,rrt_max_iter,1500,length_ratio,1.0471
RRT*,blocked_road,4,rrt_max_iter,1500,length_ratio,0.9914
RRT*,blocked_road,5,rrt_max_iter,1500,length_ratio,1.0523
RRT*,blocked_road,6,rrt_max_iter,1500,length_ratio,1.0206
RRT*,blocked_road,7,rrt_max_iter,1500,length_ratio,1.0485
RRT*,blocked_road,8,rrt_max_iter,1500,length_ratio,0.9944
RRT*,blocked_road,9,rrt_max_iter,1500,length_ratio,1.0176
RRT*,blocked_road,10,rrt_max_iter,1500,length_ratio,1.0012
RRT*,blocked_road,11,rrt_max_iter,1500,length_ratio,1.0321
RRT*,blocked_road,12,rrt_max_iter,1500,length_ratio,0.9931
RRT*,blocked_road,13,rrt_max_iter,1500,length_ratio,1.0041
RRT*,blocked_road,14,rrt_max_iter,1500,length_ratio,0.9991
RRT*,blocked_road,15,rrt_max_iter,1500,length_ratio,1.0094
RRT*,blocked_road,16,rrt_max_iter,1500,length_ratio,1.0122
RRT*,blocked_road,17,rrt_max_iter,1500,length_ratio,1.029
RRT*,blocked_road,18,rrt_max_iter,1500,length_ratio,1.0096
RRT*,blocked_road,19,rrt_max_iter,1500,length_ratio,1.0101
RRT*,blocked_road,20,rrt_max_iter,1500,length_ratio,1.0148
RRT*,blocked_road,21,rrt_max_iter,1500,length_ratio,1.0046
RRT*,blocked_road,22,rrt_max_iter,1500,length_ratio,1.0634
RRT*,blocked_road,23,rrt_max_iter,1500,length_ratio,1.0104
RRT*,blocked_road,24,rrt_max_iter,1500,length_ratio,1.0237
RRT*,blocked_road,25,rrt_max_iter,1500,length_ratio,1.013
RRT*,blocked_road,26,rrt_max_iter,1500,length_ratio,1.0292
RRT*,blocked_road,27,rrt_max_iter,1500,length_ratio,1.0291
RRT*,blocked_road,28,rrt_max_iter,1500,length_ratio,0.9954
RRT*,blocked_road,29,rrt_max_iter,1500,length_ratio,0.9905
RRT*,dense_city,0,rrt_max_iter,1500,length_ratio,1.0322
RRT*,dense_city,1,rrt_max_iter,1500,length_ratio,
RRT*,dense_city,2,rrt_max_iter,1500,length_ratio,1.0617
RRT*,dense_city,3,rrt_max_iter,1500,length_ratio,1.0717
RRT*,dense_city,4,rrt_max_iter,1500,length_ratio,1.0334
RRT*,dense_city,5,rrt_max_iter,1500,length_ratio,
RRT*,dense_city,6,rrt_max_iter,1500,length_ratio,
RRT*,dense_city,7,rrt_max_iter,1500,length_ratio,
RRT*,dense_city,8,rrt_max_iter,1500,length_ratio,1.0465
RRT*,dense_city,9,rrt_max_iter,1500,length_ratio,
RRT*,dense_city,10,rrt_max_iter,1500,length_ratio,1.0652
RRT*,dense_city,11,rrt_max_iter,1500,length_ratio,1.0829
RRT*,dense_city,12,rrt_max_iter,1500,length_ratio,
RRT*,dense_city,13,rrt_max_iter,1500,length_ratio,1.0526
RRT*,dense_city,14,rrt_max_iter,1500,length_ratio,1.0216
RRT*,dense_city,15,rrt_max_iter,1500,length_ratio,1.0555
RRT*,dense_city,16,rrt_max_iter,1500,length_ratio,
RRT*,dense_city,17,rrt_max_iter,1500,length_ratio,1.0961
RRT*,dense_city,18,rrt_max_iter,1500,length_ratio,1.0321
RRT*,dense_city,19,rrt_max_iter,1500,length_ratio,
RRT*,dense_city,20,rrt_max_iter,1500,length_ratio,1.0065
RRT*,dense_city,21,rrt_max_iter,1500,length_ratio,1.0537
RRT*,dense_city,22,rrt_max_iter,1500,length_ratio,1.0702
RRT*,dense_city,23,rrt_max_iter,1500,length_ratio,1.0774
RRT*,dense_city,24,rrt_max_iter,1500,length_ratio,1.0782
RRT*,dense_city,25,rrt_max_iter,1500,length_ratio,1.036
RRT*,dense_city,26,rrt_max_iter,1500,length_ratio,1.0302
RRT*,dense_city,27,rrt_max_iter,1500,length_ratio,1.0469
RRT*,dense_city,28,rrt_max_iter,1500,length_ratio,1.0267
RRT*,dense_city,29,rrt_max_iter,1500,length_ratio,1.0553
RRT*,normal_city,0,rrt_max_iter,3000,length_ratio,1.0417
RRT*,normal_city,1,rrt_max_iter,3000,length_ratio,1.0528
RRT*,normal_city,2,rrt_max_iter,3000,length_ratio,1.0258
RRT*,normal_city,3,rrt_max_iter,3000,length_ratio,1.0743
RRT*,normal_city,4,rrt_max_iter,3000,length_ratio,1.0718
RRT*,normal_city,5,rrt_max_iter,3000,length_ratio,1.05
RRT*,normal_city,6,rrt_max_iter,3000,length_ratio,1.0523
RRT*,normal_city,7,rrt_max_iter,3000,length_ratio,1.0588
RRT*,normal_city,8,rrt_max_iter,3000,length_ratio,1.0006
RRT*,normal_city,9,rrt_max_iter,3000,length_ratio,0.9954
RRT*,normal_city,10,rrt_max_iter,3000,length_ratio,1.0177
RRT*,normal_city,11,rrt_max_iter,3000,length_ratio,1.0552
RRT*,normal_city,12,rrt_max_iter,3000,length_ratio,1.005
RRT*,normal_city,13,rrt_max_iter,3000,length_ratio,0.9936
RRT*,normal_city,14,rrt_max_iter,3000,length_ratio,1.0448
RRT*,normal_city,15,rrt_max_iter,3000,length_ratio,1.0269
RRT*,normal_city,16,rrt_max_iter,3000,length_ratio,1.0819
RRT*,normal_city,17,rrt_max_iter,3000,length_ratio,1.0648
RRT*,normal_city,18,rrt_max_iter,3000,length_ratio,1.0436
RRT*,normal_city,19,rrt_max_iter,3000,length_ratio,1.0746
RRT*,normal_city,20,rrt_max_iter,3000,length_ratio,0.984
RRT*,normal_city,21,rrt_max_iter,3000,length_ratio,1.0714
RRT*,normal_city,22,rrt_max_iter,3000,length_ratio,1.0263
RRT*,normal_city,23,rrt_max_iter,3000,length_ratio,1.0076
RRT*,normal_city,24,rrt_max_iter,3000,length_ratio,1.0292
RRT*,normal_city,25,rrt_max_iter,3000,length_ratio,1.0065
RRT*,normal_city,26,rrt_max_iter,3000,length_ratio,1.0852
RRT*,normal_city,27,rrt_max_iter,3000,length_ratio,1.0433
RRT*,normal_city,28,rrt_max_iter,3000,length_ratio,1.0279
RRT*,normal_city,29,rrt_max_iter,3000,length_ratio,1.0357
RRT*,blocked_road,0,rrt_max_iter,3000,length_ratio,1.0173
RRT*,blocked_road,1,rrt_max_iter,3000,length_ratio,1.0521
RRT*,blocked_road,2,rrt_max_iter,3000,length_ratio,1.0331
RRT*,blocked_road,3,rrt_max_iter,3000,length_ratio,1.0471
RRT*,blocked_road,4,rrt_max_iter,3000,length_ratio,0.9914
RRT*,blocked_road,5,rrt_max_iter,3000,length_ratio,1.0523
RRT*,blocked_road,6,rrt_max_iter,3000,length_ratio,1.0206
RRT*,blocked_road,7,rrt_max_iter,3000,length_ratio,1.0485
RRT*,blocked_road,8,rrt_max_iter,3000,length_ratio,0.9944
RRT*,blocked_road,9,rrt_max_iter,3000,length_ratio,1.0176
RRT*,blocked_road,10,rrt_max_iter,3000,length_ratio,1.0012
RRT*,blocked_road,11,rrt_max_iter,3000,length_ratio,1.0321
RRT*,blocked_road,12,rrt_max_iter,3000,length_ratio,0.9931
RRT*,blocked_road,13,rrt_max_iter,3000,length_ratio,1.0041
RRT*,blocked_road,14,rrt_max_iter,3000,length_ratio,0.9991
RRT*,blocked_road,15,rrt_max_iter,3000,length_ratio,1.0094
RRT*,blocked_road,16,rrt_max_iter,3000,length_ratio,1.0122
RRT*,blocked_road,17,rrt_max_iter,3000,length_ratio,1.029
RRT*,blocked_road,18,rrt_max_iter,3000,length_ratio,1.0096
RRT*,blocked_road,19,rrt_max_iter,3000,length_ratio,1.0101
RRT*,blocked_road,20,rrt_max_iter,3000,length_ratio,1.0148
RRT*,blocked_road,21,rrt_max_iter,3000,length_ratio,1.0046
RRT*,blocked_road,22,rrt_max_iter,3000,length_ratio,1.0634
RRT*,blocked_road,23,rrt_max_iter,3000,length_ratio,1.0104
RRT*,blocked_road,24,rrt_max_iter,3000,length_ratio,1.0237
RRT*,blocked_road,25,rrt_max_iter,3000,length_ratio,1.013
RRT*,blocked_road,26,rrt_max_iter,3000,length_ratio,1.0292
RRT*,blocked_road,27,rrt_max_iter,3000,length_ratio,1.0291
RRT*,blocked_road,28,rrt_max_iter,3000,length_ratio,0.9954
RRT*,blocked_road,29,rrt_max_iter,3000,length_ratio,0.9905
RRT*,dense_city,0,rrt_max_iter,3000,length_ratio,1.0322
RRT*,dense_city,1,rrt_max_iter,3000,length_ratio,
RRT*,dense_city,2,rrt_max_iter,3000,length_ratio,1.0617
RRT*,dense_city,3,rrt_max_iter,3000,length_ratio,1.0717
RRT*,dense_city,4,rrt_max_iter,3000,length_ratio,1.0334
RRT*,dense_city,5,rrt_max_iter,3000,length_ratio,
RRT*,dense_city,6,rrt_max_iter,3000,length_ratio,1.0407
RRT*,dense_city,7,rrt_max_iter,3000,length_ratio,
RRT*,dense_city,8,rrt_max_iter,3000,length_ratio,1.0465
RRT*,dense_city,9,rrt_max_iter,3000,length_ratio,
RRT*,dense_city,10,rrt_max_iter,3000,length_ratio,1.0652
RRT*,dense_city,11,rrt_max_iter,3000,length_ratio,1.0829
RRT*,dense_city,12,rrt_max_iter,3000,length_ratio,1.0415
RRT*,dense_city,13,rrt_max_iter,3000,length_ratio,1.0526
RRT*,dense_city,14,rrt_max_iter,3000,length_ratio,1.0216
RRT*,dense_city,15,rrt_max_iter,3000,length_ratio,1.0555
RRT*,dense_city,16,rrt_max_iter,3000,length_ratio,1.0179
RRT*,dense_city,17,rrt_max_iter,3000,length_ratio,1.0961
RRT*,dense_city,18,rrt_max_iter,3000,length_ratio,1.0321
RRT*,dense_city,19,rrt_max_iter,3000,length_ratio,
RRT*,dense_city,20,rrt_max_iter,3000,length_ratio,1.0065
RRT*,dense_city,21,rrt_max_iter,3000,length_ratio,1.0537
RRT*,dense_city,22,rrt_max_iter,3000,length_ratio,1.0702
RRT*,dense_city,23,rrt_max_iter,3000,length_ratio,1.0774
RRT*,dense_city,24,rrt_max_iter,3000,length_ratio,1.0782
RRT*,dense_city,25,rrt_max_iter,3000,length_ratio,1.036
RRT*,dense_city,26,rrt_max_iter,3000,length_ratio,1.0302
RRT*,dense_city,27,rrt_max_iter,3000,length_ratio,1.0469
RRT*,dense_city,28,rrt_max_iter,3000,length_ratio,1.0267
RRT*,dense_city,29,rrt_max_iter,3000,length_ratio,1.0553
RRT*,normal_city,0,rrt_max_iter,6000,length_ratio,1.0417
RRT*,normal_city,1,rrt_max_iter,6000,length_ratio,1.0528
RRT*,normal_city,2,rrt_max_iter,6000,length_ratio,1.0258
RRT*,normal_city,3,rrt_max_iter,6000,length_ratio,1.0743
RRT*,normal_city,4,rrt_max_iter,6000,length_ratio,1.0718
RRT*,normal_city,5,rrt_max_iter,6000,length_ratio,1.05
RRT*,normal_city,6,rrt_max_iter,6000,length_ratio,1.0523
RRT*,normal_city,7,rrt_max_iter,6000,length_ratio,1.0588
RRT*,normal_city,8,rrt_max_iter,6000,length_ratio,1.0006
RRT*,normal_city,9,rrt_max_iter,6000,length_ratio,0.9954
RRT*,normal_city,10,rrt_max_iter,6000,length_ratio,1.0177
RRT*,normal_city,11,rrt_max_iter,6000,length_ratio,1.0552
RRT*,normal_city,12,rrt_max_iter,6000,length_ratio,1.005
RRT*,normal_city,13,rrt_max_iter,6000,length_ratio,0.9936
RRT*,normal_city,14,rrt_max_iter,6000,length_ratio,1.0448
RRT*,normal_city,15,rrt_max_iter,6000,length_ratio,1.0269
RRT*,normal_city,16,rrt_max_iter,6000,length_ratio,1.0819
RRT*,normal_city,17,rrt_max_iter,6000,length_ratio,1.0648
RRT*,normal_city,18,rrt_max_iter,6000,length_ratio,1.0436
RRT*,normal_city,19,rrt_max_iter,6000,length_ratio,1.0746
RRT*,normal_city,20,rrt_max_iter,6000,length_ratio,0.984
RRT*,normal_city,21,rrt_max_iter,6000,length_ratio,1.0714
RRT*,normal_city,22,rrt_max_iter,6000,length_ratio,1.0263
RRT*,normal_city,23,rrt_max_iter,6000,length_ratio,1.0076
RRT*,normal_city,24,rrt_max_iter,6000,length_ratio,1.0292
RRT*,normal_city,25,rrt_max_iter,6000,length_ratio,1.0065
RRT*,normal_city,26,rrt_max_iter,6000,length_ratio,1.0852
RRT*,normal_city,27,rrt_max_iter,6000,length_ratio,1.0433
RRT*,normal_city,28,rrt_max_iter,6000,length_ratio,1.0279
RRT*,normal_city,29,rrt_max_iter,6000,length_ratio,1.0357
RRT*,blocked_road,0,rrt_max_iter,6000,length_ratio,1.0173
RRT*,blocked_road,1,rrt_max_iter,6000,length_ratio,1.0521
RRT*,blocked_road,2,rrt_max_iter,6000,length_ratio,1.0331
RRT*,blocked_road,3,rrt_max_iter,6000,length_ratio,1.0471
RRT*,blocked_road,4,rrt_max_iter,6000,length_ratio,0.9914
RRT*,blocked_road,5,rrt_max_iter,6000,length_ratio,1.0523
RRT*,blocked_road,6,rrt_max_iter,6000,length_ratio,1.0206
RRT*,blocked_road,7,rrt_max_iter,6000,length_ratio,1.0485
RRT*,blocked_road,8,rrt_max_iter,6000,length_ratio,0.9944
RRT*,blocked_road,9,rrt_max_iter,6000,length_ratio,1.0176
RRT*,blocked_road,10,rrt_max_iter,6000,length_ratio,1.0012
RRT*,blocked_road,11,rrt_max_iter,6000,length_ratio,1.0321
RRT*,blocked_road,12,rrt_max_iter,6000,length_ratio,0.9931
RRT*,blocked_road,13,rrt_max_iter,6000,length_ratio,1.0041
RRT*,blocked_road,14,rrt_max_iter,6000,length_ratio,0.9991
RRT*,blocked_road,15,rrt_max_iter,6000,length_ratio,1.0094
RRT*,blocked_road,16,rrt_max_iter,6000,length_ratio,1.0122
RRT*,blocked_road,17,rrt_max_iter,6000,length_ratio,1.029
RRT*,blocked_road,18,rrt_max_iter,6000,length_ratio,1.0096
RRT*,blocked_road,19,rrt_max_iter,6000,length_ratio,1.0101
RRT*,blocked_road,20,rrt_max_iter,6000,length_ratio,1.0148
RRT*,blocked_road,21,rrt_max_iter,6000,length_ratio,1.0046
RRT*,blocked_road,22,rrt_max_iter,6000,length_ratio,1.0634
RRT*,blocked_road,23,rrt_max_iter,6000,length_ratio,1.0104
RRT*,blocked_road,24,rrt_max_iter,6000,length_ratio,1.0237
RRT*,blocked_road,25,rrt_max_iter,6000,length_ratio,1.013
RRT*,blocked_road,26,rrt_max_iter,6000,length_ratio,1.0292
RRT*,blocked_road,27,rrt_max_iter,6000,length_ratio,1.0291
RRT*,blocked_road,28,rrt_max_iter,6000,length_ratio,0.9954
RRT*,blocked_road,29,rrt_max_iter,6000,length_ratio,0.9905
RRT*,dense_city,0,rrt_max_iter,6000,length_ratio,1.0322
RRT*,dense_city,1,rrt_max_iter,6000,length_ratio,0.9907
RRT*,dense_city,2,rrt_max_iter,6000,length_ratio,1.0617
RRT*,dense_city,3,rrt_max_iter,6000,length_ratio,1.0717
RRT*,dense_city,4,rrt_max_iter,6000,length_ratio,1.0334
RRT*,dense_city,5,rrt_max_iter,6000,length_ratio,0.9737
RRT*,dense_city,6,rrt_max_iter,6000,length_ratio,1.0407
RRT*,dense_city,7,rrt_max_iter,6000,length_ratio,0.9866
RRT*,dense_city,8,rrt_max_iter,6000,length_ratio,1.0465
RRT*,dense_city,9,rrt_max_iter,6000,length_ratio,
RRT*,dense_city,10,rrt_max_iter,6000,length_ratio,1.0652
RRT*,dense_city,11,rrt_max_iter,6000,length_ratio,1.0829
RRT*,dense_city,12,rrt_max_iter,6000,length_ratio,1.0415
RRT*,dense_city,13,rrt_max_iter,6000,length_ratio,1.0526
RRT*,dense_city,14,rrt_max_iter,6000,length_ratio,1.0216
RRT*,dense_city,15,rrt_max_iter,6000,length_ratio,1.0555
RRT*,dense_city,16,rrt_max_iter,6000,length_ratio,1.0179
RRT*,dense_city,17,rrt_max_iter,6000,length_ratio,1.0961
RRT*,dense_city,18,rrt_max_iter,6000,length_ratio,1.0321
RRT*,dense_city,19,rrt_max_iter,6000,length_ratio,1.0304
RRT*,dense_city,20,rrt_max_iter,6000,length_ratio,1.0065
RRT*,dense_city,21,rrt_max_iter,6000,length_ratio,1.0537
RRT*,dense_city,22,rrt_max_iter,6000,length_ratio,1.0702
RRT*,dense_city,23,rrt_max_iter,6000,length_ratio,1.0774
RRT*,dense_city,24,rrt_max_iter,6000,length_ratio,1.0782
RRT*,dense_city,25,rrt_max_iter,6000,length_ratio,1.036
RRT*,dense_city,26,rrt_max_iter,6000,length_ratio,1.0302
RRT*,dense_city,27,rrt_max_iter,6000,length_ratio,1.0469
RRT*,dense_city,28,rrt_max_iter,6000,length_ratio,1.0267
RRT*,dense_city,29,rrt_max_iter,6000,length_ratio,1.0553
RRT*,normal_city,0,rrt_max_iter,12000,length_ratio,1.0417
RRT*,normal_city,1,rrt_max_iter,12000,length_ratio,1.0528
RRT*,normal_city,2,rrt_max_iter,12000,length_ratio,1.0258
RRT*,normal_city,3,rrt_max_iter,12000,length_ratio,1.0743
RRT*,normal_city,4,rrt_max_iter,12000,length_ratio,1.0718
RRT*,normal_city,5,rrt_max_iter,12000,length_ratio,1.05
RRT*,normal_city,6,rrt_max_iter,12000,length_ratio,1.0523
RRT*,normal_city,7,rrt_max_iter,12000,length_ratio,1.0588
RRT*,normal_city,8,rrt_max_iter,12000,length_ratio,1.0006
RRT*,normal_city,9,rrt_max_iter,12000,length_ratio,0.9954
RRT*,normal_city,10,rrt_max_iter,12000,length_ratio,1.0177
RRT*,normal_city,11,rrt_max_iter,12000,length_ratio,1.0552
RRT*,normal_city,12,rrt_max_iter,12000,length_ratio,1.005
RRT*,normal_city,13,rrt_max_iter,12000,length_ratio,0.9936
RRT*,normal_city,14,rrt_max_iter,12000,length_ratio,1.0448
RRT*,normal_city,15,rrt_max_iter,12000,length_ratio,1.0269
RRT*,normal_city,16,rrt_max_iter,12000,length_ratio,1.0819
RRT*,normal_city,17,rrt_max_iter,12000,length_ratio,1.0648
RRT*,normal_city,18,rrt_max_iter,12000,length_ratio,1.0436
RRT*,normal_city,19,rrt_max_iter,12000,length_ratio,1.0746
RRT*,normal_city,20,rrt_max_iter,12000,length_ratio,0.984
RRT*,normal_city,21,rrt_max_iter,12000,length_ratio,1.0714
RRT*,normal_city,22,rrt_max_iter,12000,length_ratio,1.0263
RRT*,normal_city,23,rrt_max_iter,12000,length_ratio,1.0076
RRT*,normal_city,24,rrt_max_iter,12000,length_ratio,1.0292
RRT*,normal_city,25,rrt_max_iter,12000,length_ratio,1.0065
RRT*,normal_city,26,rrt_max_iter,12000,length_ratio,1.0852
RRT*,normal_city,27,rrt_max_iter,12000,length_ratio,1.0433
RRT*,normal_city,28,rrt_max_iter,12000,length_ratio,1.0279
RRT*,normal_city,29,rrt_max_iter,12000,length_ratio,1.0357
RRT*,blocked_road,0,rrt_max_iter,12000,length_ratio,1.0173
RRT*,blocked_road,1,rrt_max_iter,12000,length_ratio,1.0521
RRT*,blocked_road,2,rrt_max_iter,12000,length_ratio,1.0331
RRT*,blocked_road,3,rrt_max_iter,12000,length_ratio,1.0471
RRT*,blocked_road,4,rrt_max_iter,12000,length_ratio,0.9914
RRT*,blocked_road,5,rrt_max_iter,12000,length_ratio,1.0523
RRT*,blocked_road,6,rrt_max_iter,12000,length_ratio,1.0206
RRT*,blocked_road,7,rrt_max_iter,12000,length_ratio,1.0485
RRT*,blocked_road,8,rrt_max_iter,12000,length_ratio,0.9944
RRT*,blocked_road,9,rrt_max_iter,12000,length_ratio,1.0176
RRT*,blocked_road,10,rrt_max_iter,12000,length_ratio,1.0012
RRT*,blocked_road,11,rrt_max_iter,12000,length_ratio,1.0321
RRT*,blocked_road,12,rrt_max_iter,12000,length_ratio,0.9931
RRT*,blocked_road,13,rrt_max_iter,12000,length_ratio,1.0041
RRT*,blocked_road,14,rrt_max_iter,12000,length_ratio,0.9991
RRT*,blocked_road,15,rrt_max_iter,12000,length_ratio,1.0094
RRT*,blocked_road,16,rrt_max_iter,12000,length_ratio,1.0122
RRT*,blocked_road,17,rrt_max_iter,12000,length_ratio,1.029
RRT*,blocked_road,18,rrt_max_iter,12000,length_ratio,1.0096
RRT*,blocked_road,19,rrt_max_iter,12000,length_ratio,1.0101
RRT*,blocked_road,20,rrt_max_iter,12000,length_ratio,1.0148
RRT*,blocked_road,21,rrt_max_iter,12000,length_ratio,1.0046
RRT*,blocked_road,22,rrt_max_iter,12000,length_ratio,1.0634
RRT*,blocked_road,23,rrt_max_iter,12000,length_ratio,1.0104
RRT*,blocked_road,24,rrt_max_iter,12000,length_ratio,1.0237
RRT*,blocked_road,25,rrt_max_iter,12000,length_ratio,1.013
RRT*,blocked_road,26,rrt_max_iter,12000,length_ratio,1.0292
RRT*,blocked_road,27,rrt_max_iter,12000,length_ratio,1.0291
RRT*,blocked_road,28,rrt_max_iter,12000,length_ratio,0.9954
RRT*,blocked_road,29,rrt_max_iter,12000,length_ratio,0.9905
RRT*,dense_city,0,rrt_max_iter,12000,length_ratio,1.0322
RRT*,dense_city,1,rrt_max_iter,12000,length_ratio,0.9907
RRT*,dense_city,2,rrt_max_iter,12000,length_ratio,1.0617
RRT*,dense_city,3,rrt_max_iter,12000,length_ratio,1.0717
RRT*,dense_city,4,rrt_max_iter,12000,length_ratio,1.0334
RRT*,dense_city,5,rrt_max_iter,12000,length_ratio,0.9737
RRT*,dense_city,6,rrt_max_iter,12000,length_ratio,1.0407
RRT*,dense_city,7,rrt_max_iter,12000,length_ratio,0.9866
RRT*,dense_city,8,rrt_max_iter,12000,length_ratio,1.0465
RRT*,dense_city,9,rrt_max_iter,12000,length_ratio,
RRT*,dense_city,10,rrt_max_iter,12000,length_ratio,1.0652
RRT*,dense_city,11,rrt_max_iter,12000,length_ratio,1.0829
RRT*,dense_city,12,rrt_max_iter,12000,length_ratio,1.0415
RRT*,dense_city,13,rrt_max_iter,12000,length_ratio,1.0526
RRT*,dense_city,14,rrt_max_iter,12000,length_ratio,1.0216
RRT*,dense_city,15,rrt_max_iter,12000,length_ratio,1.0555
RRT*,dense_city,16,rrt_max_iter,12000,length_ratio,1.0179
RRT*,dense_city,17,rrt_max_iter,12000,length_ratio,1.0961
RRT*,dense_city,18,rrt_max_iter,12000,length_ratio,1.0321
RRT*,dense_city,19,rrt_max_iter,12000,length_ratio,1.0304
RRT*,dense_city,20,rrt_max_iter,12000,length_ratio,1.0065
RRT*,dense_city,21,rrt_max_iter,12000,length_ratio,1.0537
RRT*,dense_city,22,rrt_max_iter,12000,length_ratio,1.0702
RRT*,dense_city,23,rrt_max_iter,12000,length_ratio,1.0774
RRT*,dense_city,24,rrt_max_iter,12000,length_ratio,1.0782
RRT*,dense_city,25,rrt_max_iter,12000,length_ratio,1.036
RRT*,dense_city,26,rrt_max_iter,12000,length_ratio,1.0302
RRT*,dense_city,27,rrt_max_iter,12000,length_ratio,1.0469
RRT*,dense_city,28,rrt_max_iter,12000,length_ratio,1.0267
RRT*,dense_city,29,rrt_max_iter,12000,length_ratio,1.0553
RRT*,normal_city,0,rrt_max_iter,1500,curvature,0.046
RRT*,normal_city,1,rrt_max_iter,1500,curvature,0.0537
RRT*,normal_city,2,rrt_max_iter,1500,curvature,0.0626
RRT*,normal_city,3,rrt_max_iter,1500,curvature,0.0428
RRT*,normal_city,4,rrt_max_iter,1500,curvature,0.0451
RRT*,normal_city,5,rrt_max_iter,1500,curvature,0.0415
RRT*,normal_city,6,rrt_max_iter,1500,curvature,0.0477
RRT*,normal_city,7,rrt_max_iter,1500,curvature,0.0436
RRT*,normal_city,8,rrt_max_iter,1500,curvature,0.0538
RRT*,normal_city,9,rrt_max_iter,1500,curvature,0.056
RRT*,normal_city,10,rrt_max_iter,1500,curvature,0.0445
RRT*,normal_city,11,rrt_max_iter,1500,curvature,0.0494
RRT*,normal_city,12,rrt_max_iter,1500,curvature,0.0724
RRT*,normal_city,13,rrt_max_iter,1500,curvature,0.0624
RRT*,normal_city,14,rrt_max_iter,1500,curvature,0.0477
RRT*,normal_city,15,rrt_max_iter,1500,curvature,0.0362
RRT*,normal_city,16,rrt_max_iter,1500,curvature,0.0405
RRT*,normal_city,17,rrt_max_iter,1500,curvature,0.0563
RRT*,normal_city,18,rrt_max_iter,1500,curvature,0.0471
RRT*,normal_city,19,rrt_max_iter,1500,curvature,0.03
RRT*,normal_city,20,rrt_max_iter,1500,curvature,0.0549
RRT*,normal_city,21,rrt_max_iter,1500,curvature,0.0325
RRT*,normal_city,22,rrt_max_iter,1500,curvature,0.0543
RRT*,normal_city,23,rrt_max_iter,1500,curvature,
RRT*,normal_city,24,rrt_max_iter,1500,curvature,0.0429
RRT*,normal_city,25,rrt_max_iter,1500,curvature,0.0573
RRT*,normal_city,26,rrt_max_iter,1500,curvature,0.0309
RRT*,normal_city,27,rrt_max_iter,1500,curvature,0.0631
RRT*,normal_city,28,rrt_max_iter,1500,curvature,0.0602
RRT*,normal_city,29,rrt_max_iter,1500,curvature,0.0618
RRT*,blocked_road,0,rrt_max_iter,1500,curvature,0.0481
RRT*,blocked_road,1,rrt_max_iter,1500,curvature,0.0269
RRT*,blocked_road,2,rrt_max_iter,1500,curvature,0.046
RRT*,blocked_road,3,rrt_max_iter,1500,curvature,0.0206
RRT*,blocked_road,4,rrt_max_iter,1500,curvature,0.0484
RRT*,blocked_road,5,rrt_max_iter,1500,curvature,0.0413
RRT*,blocked_road,6,rrt_max_iter,1500,curvature,0.0378
RRT*,blocked_road,7,rrt_max_iter,1500,curvature,0.0504
RRT*,blocked_road,8,rrt_max_iter,1500,curvature,0.0415
RRT*,blocked_road,9,rrt_max_iter,1500,curvature,0.0453
RRT*,blocked_road,10,rrt_max_iter,1500,curvature,0.0346
RRT*,blocked_road,11,rrt_max_iter,1500,curvature,0.0235
RRT*,blocked_road,12,rrt_max_iter,1500,curvature,0.0438
RRT*,blocked_road,13,rrt_max_iter,1500,curvature,0.0395
RRT*,blocked_road,14,rrt_max_iter,1500,curvature,0.0429
RRT*,blocked_road,15,rrt_max_iter,1500,curvature,0.0323
RRT*,blocked_road,16,rrt_max_iter,1500,curvature,0.0498
RRT*,blocked_road,17,rrt_max_iter,1500,curvature,0.0462
RRT*,blocked_road,18,rrt_max_iter,1500,curvature,0.0346
RRT*,blocked_road,19,rrt_max_iter,1500,curvature,0.0261
RRT*,blocked_road,20,rrt_max_iter,1500,curvature,0.0486
RRT*,blocked_road,21,rrt_max_iter,1500,curvature,0.0431
RRT*,blocked_road,22,rrt_max_iter,1500,curvature,0.0262
RRT*,blocked_road,23,rrt_max_iter,1500,curvature,0.057
RRT*,blocked_road,24,rrt_max_iter,1500,curvature,0.0439
RRT*,blocked_road,25,rrt_max_iter,1500,curvature,0.0319
RRT*,blocked_road,26,rrt_max_iter,1500,curvature,0.0197
RRT*,blocked_road,27,rrt_max_iter,1500,curvature,0.0378
RRT*,blocked_road,28,rrt_max_iter,1500,curvature,0.0503
RRT*,blocked_road,29,rrt_max_iter,1500,curvature,0.039
RRT*,dense_city,0,rrt_max_iter,1500,curvature,0.0506
RRT*,dense_city,1,rrt_max_iter,1500,curvature,
RRT*,dense_city,2,rrt_max_iter,1500,curvature,0.0503
RRT*,dense_city,3,rrt_max_iter,1500,curvature,0.0458
RRT*,dense_city,4,rrt_max_iter,1500,curvature,0.0594
RRT*,dense_city,5,rrt_max_iter,1500,curvature,
RRT*,dense_city,6,rrt_max_iter,1500,curvature,
RRT*,dense_city,7,rrt_max_iter,1500,curvature,
RRT*,dense_city,8,rrt_max_iter,1500,curvature,0.0728
RRT*,dense_city,9,rrt_max_iter,1500,curvature,
RRT*,dense_city,10,rrt_max_iter,1500,curvature,0.0653
RRT*,dense_city,11,rrt_max_iter,1500,curvature,0.097
RRT*,dense_city,12,rrt_max_iter,1500,curvature,
RRT*,dense_city,13,rrt_max_iter,1500,curvature,0.0401
RRT*,dense_city,14,rrt_max_iter,1500,curvature,0.0866
RRT*,dense_city,15,rrt_max_iter,1500,curvature,0.0555
RRT*,dense_city,16,rrt_max_iter,1500,curvature,
RRT*,dense_city,17,rrt_max_iter,1500,curvature,0.0271
RRT*,dense_city,18,rrt_max_iter,1500,curvature,0.0531
RRT*,dense_city,19,rrt_max_iter,1500,curvature,
RRT*,dense_city,20,rrt_max_iter,1500,curvature,0.0783
RRT*,dense_city,21,rrt_max_iter,1500,curvature,0.0442
RRT*,dense_city,22,rrt_max_iter,1500,curvature,0.0353
RRT*,dense_city,23,rrt_max_iter,1500,curvature,0.05
RRT*,dense_city,24,rrt_max_iter,1500,curvature,0.0341
RRT*,dense_city,25,rrt_max_iter,1500,curvature,0.055
RRT*,dense_city,26,rrt_max_iter,1500,curvature,0.0448
RRT*,dense_city,27,rrt_max_iter,1500,curvature,0.0436
RRT*,dense_city,28,rrt_max_iter,1500,curvature,0.065
RRT*,dense_city,29,rrt_max_iter,1500,curvature,0.0681
RRT*,normal_city,0,rrt_max_iter,3000,curvature,0.046
RRT*,normal_city,1,rrt_max_iter,3000,curvature,0.0537
RRT*,normal_city,2,rrt_max_iter,3000,curvature,0.0626
RRT*,normal_city,3,rrt_max_iter,3000,curvature,0.0428
RRT*,normal_city,4,rrt_max_iter,3000,curvature,0.0451
RRT*,normal_city,5,rrt_max_iter,3000,curvature,0.0415
RRT*,normal_city,6,rrt_max_iter,3000,curvature,0.0477
RRT*,normal_city,7,rrt_max_iter,3000,curvature,0.0436
RRT*,normal_city,8,rrt_max_iter,3000,curvature,0.0538
RRT*,normal_city,9,rrt_max_iter,3000,curvature,0.056
RRT*,normal_city,10,rrt_max_iter,3000,curvature,0.0445
RRT*,normal_city,11,rrt_max_iter,3000,curvature,0.0494
RRT*,normal_city,12,rrt_max_iter,3000,curvature,0.0724
RRT*,normal_city,13,rrt_max_iter,3000,curvature,0.0624
RRT*,normal_city,14,rrt_max_iter,3000,curvature,0.0477
RRT*,normal_city,15,rrt_max_iter,3000,curvature,0.0362
RRT*,normal_city,16,rrt_max_iter,3000,curvature,0.0405
RRT*,normal_city,17,rrt_max_iter,3000,curvature,0.0563
RRT*,normal_city,18,rrt_max_iter,3000,curvature,0.0471
RRT*,normal_city,19,rrt_max_iter,3000,curvature,0.03
RRT*,normal_city,20,rrt_max_iter,3000,curvature,0.0549
RRT*,normal_city,21,rrt_max_iter,3000,curvature,0.0325
RRT*,normal_city,22,rrt_max_iter,3000,curvature,0.0543
RRT*,normal_city,23,rrt_max_iter,3000,curvature,0.0714
RRT*,normal_city,24,rrt_max_iter,3000,curvature,0.0429
RRT*,normal_city,25,rrt_max_iter,3000,curvature,0.0573
RRT*,normal_city,26,rrt_max_iter,3000,curvature,0.0309
RRT*,normal_city,27,rrt_max_iter,3000,curvature,0.0631
RRT*,normal_city,28,rrt_max_iter,3000,curvature,0.0602
RRT*,normal_city,29,rrt_max_iter,3000,curvature,0.0618
RRT*,blocked_road,0,rrt_max_iter,3000,curvature,0.0481
RRT*,blocked_road,1,rrt_max_iter,3000,curvature,0.0269
RRT*,blocked_road,2,rrt_max_iter,3000,curvature,0.046
RRT*,blocked_road,3,rrt_max_iter,3000,curvature,0.0206
RRT*,blocked_road,4,rrt_max_iter,3000,curvature,0.0484
RRT*,blocked_road,5,rrt_max_iter,3000,curvature,0.0413
RRT*,blocked_road,6,rrt_max_iter,3000,curvature,0.0378
RRT*,blocked_road,7,rrt_max_iter,3000,curvature,0.0504
RRT*,blocked_road,8,rrt_max_iter,3000,curvature,0.0415
RRT*,blocked_road,9,rrt_max_iter,3000,curvature,0.0453
RRT*,blocked_road,10,rrt_max_iter,3000,curvature,0.0346
RRT*,blocked_road,11,rrt_max_iter,3000,curvature,0.0235
RRT*,blocked_road,12,rrt_max_iter,3000,curvature,0.0438
RRT*,blocked_road,13,rrt_max_iter,3000,curvature,0.0395
RRT*,blocked_road,14,rrt_max_iter,3000,curvature,0.0429
RRT*,blocked_road,15,rrt_max_iter,3000,curvature,0.0323
RRT*,blocked_road,16,rrt_max_iter,3000,curvature,0.0498
RRT*,blocked_road,17,rrt_max_iter,3000,curvature,0.0462
RRT*,blocked_road,18,rrt_max_iter,3000,curvature,0.0346
RRT*,blocked_road,19,rrt_max_iter,3000,curvature,0.0261
RRT*,blocked_road,20,rrt_max_iter,3000,curvature,0.0486
RRT*,blocked_road,21,rrt_max_iter,3000,curvature,0.0431
RRT*,blocked_road,22,rrt_max_iter,3000,curvature,0.0262
RRT*,blocked_road,23,rrt_max_iter,3000,curvature,0.057
RRT*,blocked_road,24,rrt_max_iter,3000,curvature,0.0439
RRT*,blocked_road,25,rrt_max_iter,3000,curvature,0.0319
RRT*,blocked_road,26,rrt_max_iter,3000,curvature,0.0197
RRT*,blocked_road,27,rrt_max_iter,3000,curvature,0.0378
RRT*,blocked_road,28,rrt_max_iter,3000,curvature,0.0503
RRT*,blocked_road,29,rrt_max_iter,3000,curvature,0.039
RRT*,dense_city,0,rrt_max_iter,3000,curvature,0.0506
RRT*,dense_city,1,rrt_max_iter,3000,curvature,
RRT*,dense_city,2,rrt_max_iter,3000,curvature,0.0503
RRT*,dense_city,3,rrt_max_iter,3000,curvature,0.0458
RRT*,dense_city,4,rrt_max_iter,3000,curvature,0.0594
RRT*,dense_city,5,rrt_max_iter,3000,curvature,
RRT*,dense_city,6,rrt_max_iter,3000,curvature,0.0472
RRT*,dense_city,7,rrt_max_iter,3000,curvature,
RRT*,dense_city,8,rrt_max_iter,3000,curvature,0.0728
RRT*,dense_city,9,rrt_max_iter,3000,curvature,
RRT*,dense_city,10,rrt_max_iter,3000,curvature,0.0653
RRT*,dense_city,11,rrt_max_iter,3000,curvature,0.097
RRT*,dense_city,12,rrt_max_iter,3000,curvature,0.0873
RRT*,dense_city,13,rrt_max_iter,3000,curvature,0.0401
RRT*,dense_city,14,rrt_max_iter,3000,curvature,0.0866
RRT*,dense_city,15,rrt_max_iter,3000,curvature,0.0555
RRT*,dense_city,16,rrt_max_iter,3000,curvature,0.0791
RRT*,dense_city,17,rrt_max_iter,3000,curvature,0.0271
RRT*,dense_city,18,rrt_max_iter,3000,curvature,0.0531
RRT*,dense_city,19,rrt_max_iter,3000,curvature,
RRT*,dense_city,20,rrt_max_iter,3000,curvature,0.0783
RRT*,dense_city,21,rrt_max_iter,3000,curvature,0.0442
RRT*,dense_city,22,rrt_max_iter,3000,curvature,0.0353
RRT*,dense_city,23,rrt_max_iter,3000,curvature,0.05
RRT*,dense_city,24,rrt_max_iter,3000,curvature,0.0341
RRT*,dense_city,25,rrt_max_iter,3000,curvature,0.055
RRT*,dense_city,26,rrt_max_iter,3000,curvature,0.0448
RRT*,dense_city,27,rrt_max_iter,3000,curvature,0.0436
RRT*,dense_city,28,rrt_max_iter,3000,curvature,0.065
RRT*,dense_city,29,rrt_max_iter,3000,curvature,0.0681
RRT*,normal_city,0,rrt_max_iter,6000,curvature,0.046
RRT*,normal_city,1,rrt_max_iter,6000,curvature,0.0537
RRT*,normal_city,2,rrt_max_iter,6000,curvature,0.0626
RRT*,normal_city,3,rrt_max_iter,6000,curvature,0.0428
RRT*,normal_city,4,rrt_max_iter,6000,curvature,0.0451
RRT*,normal_city,5,rrt_max_iter,6000,curvature,0.0415
RRT*,normal_city,6,rrt_max_iter,6000,curvature,0.0477
RRT*,normal_city,7,rrt_max_iter,6000,curvature,0.0436
RRT*,normal_city,8,rrt_max_iter,6000,curvature,0.0538
RRT*,normal_city,9,rrt_max_iter,6000,curvature,0.056
RRT*,normal_city,10,rrt_max_iter,6000,curvature,0.0445
RRT*,normal_city,11,rrt_max_iter,6000,curvature,0.0494
RRT*,normal_city,12,rrt_max_iter,6000,curvature,0.0724
RRT*,normal_city,13,rrt_max_iter,6000,curvature,0.0624
RRT*,normal_city,14,rrt_max_iter,6000,curvature,0.0477
RRT*,normal_city,15,rrt_max_iter,6000,curvature,0.0362
RRT*,normal_city,16,rrt_max_iter,6000,curvature,0.0405
RRT*,normal_city,17,rrt_max_iter,6000,curvature,0.0563
RRT*,normal_city,18,rrt_max_iter,6000,curvature,0.0471
RRT*,normal_city,19,rrt_max_iter,6000,curvature,0.03
RRT*,normal_city,20,rrt_max_iter,6000,curvature,0.0549
RRT*,normal_city,21,rrt_max_iter,6000,curvature,0.0325
RRT*,normal_city,22,rrt_max_iter,6000,curvature,0.0543
RRT*,normal_city,23,rrt_max_iter,6000,curvature,0.0714
RRT*,normal_city,24,rrt_max_iter,6000,curvature,0.0429
RRT*,normal_city,25,rrt_max_iter,6000,curvature,0.0573
RRT*,normal_city,26,rrt_max_iter,6000,curvature,0.0309
RRT*,normal_city,27,rrt_max_iter,6000,curvature,0.0631
RRT*,normal_city,28,rrt_max_iter,6000,curvature,0.0602
RRT*,normal_city,29,rrt_max_iter,6000,curvature,0.0618
RRT*,blocked_road,0,rrt_max_iter,6000,curvature,0.0481
RRT*,blocked_road,1,rrt_max_iter,6000,curvature,0.0269
RRT*,blocked_road,2,rrt_max_iter,6000,curvature,0.046
RRT*,blocked_road,3,rrt_max_iter,6000,curvature,0.0206
RRT*,blocked_road,4,rrt_max_iter,6000,curvature,0.0484
RRT*,blocked_road,5,rrt_max_iter,6000,curvature,0.0413
RRT*,blocked_road,6,rrt_max_iter,6000,curvature,0.0378
RRT*,blocked_road,7,rrt_max_iter,6000,curvature,0.0504
RRT*,blocked_road,8,rrt_max_iter,6000,curvature,0.0415
RRT*,blocked_road,9,rrt_max_iter,6000,curvature,0.0453
RRT*,blocked_road,10,rrt_max_iter,6000,curvature,0.0346
RRT*,blocked_road,11,rrt_max_iter,6000,curvature,0.0235
RRT*,blocked_road,12,rrt_max_iter,6000,curvature,0.0438
RRT*,blocked_road,13,rrt_max_iter,6000,curvature,0.0395
RRT*,blocked_road,14,rrt_max_iter,6000,curvature,0.0429
RRT*,blocked_road,15,rrt_max_iter,6000,curvature,0.0323
RRT*,blocked_road,16,rrt_max_iter,6000,curvature,0.0498
RRT*,blocked_road,17,rrt_max_iter,6000,curvature,0.0462
RRT*,blocked_road,18,rrt_max_iter,6000,curvature,0.0346
RRT*,blocked_road,19,rrt_max_iter,6000,curvature,0.0261
RRT*,blocked_road,20,rrt_max_iter,6000,curvature,0.0486
RRT*,blocked_road,21,rrt_max_iter,6000,curvature,0.0431
RRT*,blocked_road,22,rrt_max_iter,6000,curvature,0.0262
RRT*,blocked_road,23,rrt_max_iter,6000,curvature,0.057
RRT*,blocked_road,24,rrt_max_iter,6000,curvature,0.0439
RRT*,blocked_road,25,rrt_max_iter,6000,curvature,0.0319
RRT*,blocked_road,26,rrt_max_iter,6000,curvature,0.0197
RRT*,blocked_road,27,rrt_max_iter,6000,curvature,0.0378
RRT*,blocked_road,28,rrt_max_iter,6000,curvature,0.0503
RRT*,blocked_road,29,rrt_max_iter,6000,curvature,0.039
RRT*,dense_city,0,rrt_max_iter,6000,curvature,0.0506
RRT*,dense_city,1,rrt_max_iter,6000,curvature,0.0635
RRT*,dense_city,2,rrt_max_iter,6000,curvature,0.0503
RRT*,dense_city,3,rrt_max_iter,6000,curvature,0.0458
RRT*,dense_city,4,rrt_max_iter,6000,curvature,0.0594
RRT*,dense_city,5,rrt_max_iter,6000,curvature,0.0839
RRT*,dense_city,6,rrt_max_iter,6000,curvature,0.0472
RRT*,dense_city,7,rrt_max_iter,6000,curvature,0.0622
RRT*,dense_city,8,rrt_max_iter,6000,curvature,0.0728
RRT*,dense_city,9,rrt_max_iter,6000,curvature,
RRT*,dense_city,10,rrt_max_iter,6000,curvature,0.0653
RRT*,dense_city,11,rrt_max_iter,6000,curvature,0.097
RRT*,dense_city,12,rrt_max_iter,6000,curvature,0.0873
RRT*,dense_city,13,rrt_max_iter,6000,curvature,0.0401
RRT*,dense_city,14,rrt_max_iter,6000,curvature,0.0866
RRT*,dense_city,15,rrt_max_iter,6000,curvature,0.0555
RRT*,dense_city,16,rrt_max_iter,6000,curvature,0.0791
RRT*,dense_city,17,rrt_max_iter,6000,curvature,0.0271
RRT*,dense_city,18,rrt_max_iter,6000,curvature,0.0531
RRT*,dense_city,19,rrt_max_iter,6000,curvature,0.0515
RRT*,dense_city,20,rrt_max_iter,6000,curvature,0.0783
RRT*,dense_city,21,rrt_max_iter,6000,curvature,0.0442
RRT*,dense_city,22,rrt_max_iter,6000,curvature,0.0353
RRT*,dense_city,23,rrt_max_iter,6000,curvature,0.05
RRT*,dense_city,24,rrt_max_iter,6000,curvature,0.0341
RRT*,dense_city,25,rrt_max_iter,6000,curvature,0.055
RRT*,dense_city,26,rrt_max_iter,6000,curvature,0.0448
RRT*,dense_city,27,rrt_max_iter,6000,curvature,0.0436
RRT*,dense_city,28,rrt_max_iter,6000,curvature,0.065
RRT*,dense_city,29,rrt_max_iter,6000,curvature,0.0681
RRT*,normal_city,0,rrt_max_iter,12000,curvature,0.046
RRT*,normal_city,1,rrt_max_iter,12000,curvature,0.0537
RRT*,normal_city,2,rrt_max_iter,12000,curvature,0.0626
RRT*,normal_city,3,rrt_max_iter,12000,curvature,0.0428
RRT*,normal_city,4,rrt_max_iter,12000,curvature,0.0451
RRT*,normal_city,5,rrt_max_iter,12000,curvature,0.0415
RRT*,normal_city,6,rrt_max_iter,12000,curvature,0.0477
RRT*,normal_city,7,rrt_max_iter,12000,curvature,0.0436
RRT*,normal_city,8,rrt_max_iter,12000,curvature,0.0538
RRT*,normal_city,9,rrt_max_iter,12000,curvature,0.056
RRT*,normal_city,10,rrt_max_iter,12000,curvature,0.0445
RRT*,normal_city,11,rrt_max_iter,12000,curvature,0.0494
RRT*,normal_city,12,rrt_max_iter,12000,curvature,0.0724
RRT*,normal_city,13,rrt_max_iter,12000,curvature,0.0624
RRT*,normal_city,14,rrt_max_iter,12000,curvature,0.0477
RRT*,normal_city,15,rrt_max_iter,12000,curvature,0.0362
RRT*,normal_city,16,rrt_max_iter,12000,curvature,0.0405
RRT*,normal_city,17,rrt_max_iter,12000,curvature,0.0563
RRT*,normal_city,18,rrt_max_iter,12000,curvature,0.0471
RRT*,normal_city,19,rrt_max_iter,12000,curvature,0.03
RRT*,normal_city,20,rrt_max_iter,12000,curvature,0.0549
RRT*,normal_city,21,rrt_max_iter,12000,curvature,0.0325
RRT*,normal_city,22,rrt_max_iter,12000,curvature,0.0543
RRT*,normal_city,23,rrt_max_iter,12000,curvature,0.0714
RRT*,normal_city,24,rrt_max_iter,12000,curvature,0.0429
RRT*,normal_city,25,rrt_max_iter,12000,curvature,0.0573
RRT*,normal_city,26,rrt_max_iter,12000,curvature,0.0309
RRT*,normal_city,27,rrt_max_iter,12000,curvature,0.0631
RRT*,normal_city,28,rrt_max_iter,12000,curvature,0.0602
RRT*,normal_city,29,rrt_max_iter,12000,curvature,0.0618
RRT*,blocked_road,0,rrt_max_iter,12000,curvature,0.0481
RRT*,blocked_road,1,rrt_max_iter,12000,curvature,0.0269
RRT*,blocked_road,2,rrt_max_iter,12000,curvature,0.046
RRT*,blocked_road,3,rrt_max_iter,12000,curvature,0.0206
RRT*,blocked_road,4,rrt_max_iter,12000,curvature,0.0484
RRT*,blocked_road,5,rrt_max_iter,12000,curvature,0.0413
RRT*,blocked_road,6,rrt_max_iter,12000,curvature,0.0378
RRT*,blocked_road,7,rrt_max_iter,12000,curvature,0.0504
RRT*,blocked_road,8,rrt_max_iter,12000,curvature,0.0415
RRT*,blocked_road,9,rrt_max_iter,12000,curvature,0.0453
RRT*,blocked_road,10,rrt_max_iter,12000,curvature,0.0346
RRT*,blocked_road,11,rrt_max_iter,12000,curvature,0.0235
RRT*,blocked_road,12,rrt_max_iter,12000,curvature,0.0438
RRT*,blocked_road,13,rrt_max_iter,12000,curvature,0.0395
RRT*,blocked_road,14,rrt_max_iter,12000,curvature,0.0429
RRT*,blocked_road,15,rrt_max_iter,12000,curvature,0.0323
RRT*,blocked_road,16,rrt_max_iter,12000,curvature,0.0498
RRT*,blocked_road,17,rrt_max_iter,12000,curvature,0.0462
RRT*,blocked_road,18,rrt_max_iter,12000,curvature,0.0346
RRT*,blocked_road,19,rrt_max_iter,12000,curvature,0.0261
RRT*,blocked_road,20,rrt_max_iter,12000,curvature,0.0486
RRT*,blocked_road,21,rrt_max_iter,12000,curvature,0.0431
RRT*,blocked_road,22,rrt_max_iter,12000,curvature,0.0262
RRT*,blocked_road,23,rrt_max_iter,12000,curvature,0.057
RRT*,blocked_road,24,rrt_max_iter,12000,curvature,0.0439
RRT*,blocked_road,25,rrt_max_iter,12000,curvature,0.0319
RRT*,blocked_road,26,rrt_max_iter,12000,curvature,0.0197
RRT*,blocked_road,27,rrt_max_iter,12000,curvature,0.0378
RRT*,blocked_road,28,rrt_max_iter,12000,curvature,0.0503
RRT*,blocked_road,29,rrt_max_iter,12000,curvature,0.039
RRT*,dense_city,0,rrt_max_iter,12000,curvature,0.0506
RRT*,dense_city,1,rrt_max_iter,12000,curvature,0.0635
RRT*,dense_city,2,rrt_max_iter,12000,curvature,0.0503
RRT*,dense_city,3,rrt_max_iter,12000,curvature,0.0458
RRT*,dense_city,4,rrt_max_iter,12000,curvature,0.0594
RRT*,dense_city,5,rrt_max_iter,12000,curvature,0.0839
RRT*,dense_city,6,rrt_max_iter,12000,curvature,0.0472
RRT*,dense_city,7,rrt_max_iter,12000,curvature,0.0622
RRT*,dense_city,8,rrt_max_iter,12000,curvature,0.0728
RRT*,dense_city,9,rrt_max_iter,12000,curvature,
RRT*,dense_city,10,rrt_max_iter,12000,curvature,0.0653
RRT*,dense_city,11,rrt_max_iter,12000,curvature,0.097
RRT*,dense_city,12,rrt_max_iter,12000,curvature,0.0873
RRT*,dense_city,13,rrt_max_iter,12000,curvature,0.0401
RRT*,dense_city,14,rrt_max_iter,12000,curvature,0.0866
RRT*,dense_city,15,rrt_max_iter,12000,curvature,0.0555
RRT*,dense_city,16,rrt_max_iter,12000,curvature,0.0791
RRT*,dense_city,17,rrt_max_iter,12000,curvature,0.0271
RRT*,dense_city,18,rrt_max_iter,12000,curvature,0.0531
RRT*,dense_city,19,rrt_max_iter,12000,curvature,0.0515
RRT*,dense_city,20,rrt_max_iter,12000,curvature,0.0783
RRT*,dense_city,21,rrt_max_iter,12000,curvature,0.0442
RRT*,dense_city,22,rrt_max_iter,12000,curvature,0.0353
RRT*,dense_city,23,rrt_max_iter,12000,curvature,0.05
RRT*,dense_city,24,rrt_max_iter,12000,curvature,0.0341
RRT*,dense_city,25,rrt_max_iter,12000,curvature,0.055
RRT*,dense_city,26,rrt_max_iter,12000,curvature,0.0448
RRT*,dense_city,27,rrt_max_iter,12000,curvature,0.0436
RRT*,dense_city,28,rrt_max_iter,12000,curvature,0.065
RRT*,dense_city,29,rrt_max_iter,12000,curvature,0.0681
RRT*,normal_city,0,rrt_max_iter,1500,max_curvature,1.5556
RRT*,normal_city,1,rrt_max_iter,1500,max_curvature,1.0368
RRT*,normal_city,2,rrt_max_iter,1500,max_curvature,1.2002
RRT*,normal_city,3,rrt_max_iter,1500,max_curvature,1.3413
RRT*,normal_city,4,rrt_max_iter,1500,max_curvature,1.4386
RRT*,normal_city,5,rrt_max_iter,1500,max_curvature,1.3036
RRT*,normal_city,6,rrt_max_iter,1500,max_curvature,1.2022
RRT*,normal_city,7,rrt_max_iter,1500,max_curvature,1.3449
RRT*,normal_city,8,rrt_max_iter,1500,max_curvature,1.0592
RRT*,normal_city,9,rrt_max_iter,1500,max_curvature,1.225
RRT*,normal_city,10,rrt_max_iter,1500,max_curvature,1.1395
RRT*,normal_city,11,rrt_max_iter,1500,max_curvature,1.0871
RRT*,normal_city,12,rrt_max_iter,1500,max_curvature,1.1701
RRT*,normal_city,13,rrt_max_iter,1500,max_curvature,1.0988
RRT*,normal_city,14,rrt_max_iter,1500,max_curvature,1.1765
RRT*,normal_city,15,rrt_max_iter,1500,max_curvature,0.9736
RRT*,normal_city,16,rrt_max_iter,1500,max_curvature,1.55
RRT*,normal_city,17,rrt_max_iter,1500,max_curvature,1.2499
RRT*,normal_city,18,rrt_max_iter,1500,max_curvature,1.2704
RRT*,normal_city,19,rrt_max_iter,1500,max_curvature,0.7674
RRT*,normal_city,20,rrt_max_iter,1500,max_curvature,1.1361
RRT*,normal_city,21,rrt_max_iter,1500,max_curvature,0.9829
RRT*,normal_city,22,rrt_max_iter,1500,max_curvature,1.1498
RRT*,normal_city,23,rrt_max_iter,1500,max_curvature,
RRT*,normal_city,24,rrt_max_iter,1500,max_curvature,1.3193
RRT*,normal_city,25,rrt_max_iter,1500,max_curvature,1.3907
RRT*,normal_city,26,rrt_max_iter,1500,max_curvature,0.9537
RRT*,normal_city,27,rrt_max_iter,1500,max_curvature,1.3493
RRT*,normal_city,28,rrt_max_iter,1500,max_curvature,1.334
RRT*,normal_city,29,rrt_max_iter,1500,max_curvature,1.3403
RRT*,blocked_road,0,rrt_max_iter,1500,max_curvature,0.9886
RRT*,blocked_road,1,rrt_max_iter,1500,max_curvature,1.24
RRT*,blocked_road,2,rrt_max_iter,1500,max_curvature,1.0655
RRT*,blocked_road,3,rrt_max_iter,1500,max_curvature,1.1135
RRT*,blocked_road,4,rrt_max_iter,1500,max_curvature,1.3246
RRT*,blocked_road,5,rrt_max_iter,1500,max_curvature,1.5193
RRT*,blocked_road,6,rrt_max_iter,1500,max_curvature,1.0972
RRT*,blocked_road,7,rrt_max_iter,1500,max_curvature,1.1505
RRT*,blocked_road,8,rrt_max_iter,1500,max_curvature,0.7466
RRT*,blocked_road,9,rrt_max_iter,1500,max_curvature,0.9788
RRT*,blocked_road,10,rrt_max_iter,1500,max_curvature,1.1502
RRT*,blocked_road,11,rrt_max_iter,1500,max_curvature,0.918
RRT*,blocked_road,12,rrt_max_iter,1500,max_curvature,1.3032
RRT*,blocked_road,13,rrt_max_iter,1500,max_curvature,0.8644
RRT*,blocked_road,14,rrt_max_iter,1500,max_curvature,1.1488
RRT*,blocked_road,15,rrt_max_iter,1500,max_curvature,1.1316
RRT*,blocked_road,16,rrt_max_iter,1500,max_curvature,1.1579
RRT*,blocked_road,17,rrt_max_iter,1500,max_curvature,1.2083
RRT*,blocked_road,18,rrt_max_iter,1500,max_curvature,1.1583
RRT*,blocked_road,19,rrt_max_iter,1500,max_curvature,1.3125
RRT*,blocked_road,20,rrt_max_iter,1500,max_curvature,1.111
RRT*,blocked_road,21,rrt_max_iter,1500,max_curvature,1.0843
RRT*,blocked_road,22,rrt_max_iter,1500,max_curvature,1.1742
RRT*,blocked_road,23,rrt_max_iter,1500,max_curvature,1.548
RRT*,blocked_road,24,rrt_max_iter,1500,max_curvature,0.9365
RRT*,blocked_road,25,rrt_max_iter,1500,max_curvature,0.8765
RRT*,blocked_road,26,rrt_max_iter,1500,max_curvature,0.9789
RRT*,blocked_road,27,rrt_max_iter,1500,max_curvature,1.3844
RRT*,blocked_road,28,rrt_max_iter,1500,max_curvature,1.4274
RRT*,blocked_road,29,rrt_max_iter,1500,max_curvature,1.0875
RRT*,dense_city,0,rrt_max_iter,1500,max_curvature,1.3509
RRT*,dense_city,1,rrt_max_iter,1500,max_curvature,
RRT*,dense_city,2,rrt_max_iter,1500,max_curvature,1.2663
RRT*,dense_city,3,rrt_max_iter,1500,max_curvature,1.1565
RRT*,dense_city,4,rrt_max_iter,1500,max_curvature,1.2661
RRT*,dense_city,5,rrt_max_iter,1500,max_curvature,
RRT*,dense_city,6,rrt_max_iter,1500,max_curvature,
RRT*,dense_city,7,rrt_max_iter,1500,max_curvature,
RRT*,dense_city,8,rrt_max_iter,1500,max_curvature,1.5101
RRT*,dense_city,9,rrt_max_iter,1500,max_curvature,
RRT*,dense_city,10,rrt_max_iter,1500,max_curvature,1.3715
RRT*,dense_city,11,rrt_max_iter,1500,max_curvature,1.4791
RRT*,dense_city,12,rrt_max_iter,1500,max_curvature,
RRT*,dense_city,13,rrt_max_iter,1500,max_curvature,1.2101
RRT*,dense_city,14,rrt_max_iter,1500,max_curvature,1.4535
RRT*,dense_city,15,rrt_max_iter,1500,max_curvature,1.5745
RRT*,dense_city,16,rrt_max_iter,1500,max_curvature,
RRT*,dense_city,17,rrt_max_iter,1500,max_curvature,1.5114
RRT*,dense_city,18,rrt_max_iter,1500,max_curvature,1.0916
RRT*,dense_city,19,rrt_max_iter,1500,max_curvature,
RRT*,dense_city,20,rrt_max_iter,1500,max_curvature,1.134
RRT*,dense_city,21,rrt_max_iter,1500,max_curvature,1.2357
RRT*,dense_city,22,rrt_max_iter,1500,max_curvature,0.944
RRT*,dense_city,23,rrt_max_iter,1500,max_curvature,1.3378
RRT*,dense_city,24,rrt_max_iter,1500,max_curvature,0.6607
RRT*,dense_city,25,rrt_max_iter,1500,max_curvature,1.2405
RRT*,dense_city,26,rrt_max_iter,1500,max_curvature,1.341
RRT*,dense_city,27,rrt_max_iter,1500,max_curvature,1.3099
RRT*,dense_city,28,rrt_max_iter,1500,max_curvature,1.1556
RRT*,dense_city,29,rrt_max_iter,1500,max_curvature,2.0435
RRT*,normal_city,0,rrt_max_iter,3000,max_curvature,1.5556
RRT*,normal_city,1,rrt_max_iter,3000,max_curvature,1.0368
RRT*,normal_city,2,rrt_max_iter,3000,max_curvature,1.2002
RRT*,normal_city,3,rrt_max_iter,3000,max_curvature,1.3413
RRT*,normal_city,4,rrt_max_iter,3000,max_curvature,1.4386
RRT*,normal_city,5,rrt_max_iter,3000,max_curvature,1.3036
RRT*,normal_city,6,rrt_max_iter,3000,max_curvature,1.2022
RRT*,normal_city,7,rrt_max_iter,3000,max_curvature,1.3449
RRT*,normal_city,8,rrt_max_iter,3000,max_curvature,1.0592
RRT*,normal_city,9,rrt_max_iter,3000,max_curvature,1.225
RRT*,normal_city,10,rrt_max_iter,3000,max_curvature,1.1395
RRT*,normal_city,11,rrt_max_iter,3000,max_curvature,1.0871
RRT*,normal_city,12,rrt_max_iter,3000,max_curvature,1.1701
RRT*,normal_city,13,rrt_max_iter,3000,max_curvature,1.0988
RRT*,normal_city,14,rrt_max_iter,3000,max_curvature,1.1765
RRT*,normal_city,15,rrt_max_iter,3000,max_curvature,0.9736
RRT*,normal_city,16,rrt_max_iter,3000,max_curvature,1.55
RRT*,normal_city,17,rrt_max_iter,3000,max_curvature,1.2499
RRT*,normal_city,18,rrt_max_iter,3000,max_curvature,1.2704
RRT*,normal_city,19,rrt_max_iter,3000,max_curvature,0.7674
RRT*,normal_city,20,rrt_max_iter,3000,max_curvature,1.1361
RRT*,normal_city,21,rrt_max_iter,3000,max_curvature,0.9829
RRT*,normal_city,22,rrt_max_iter,3000,max_curvature,1.1498
RRT*,normal_city,23,rrt_max_iter,3000,max_curvature,1.0945
RRT*,normal_city,24,rrt_max_iter,3000,max_curvature,1.3193
RRT*,normal_city,25,rrt_max_iter,3000,max_curvature,1.3907
RRT*,normal_city,26,rrt_max_iter,3000,max_curvature,0.9537
RRT*,normal_city,27,rrt_max_iter,3000,max_curvature,1.3493
RRT*,normal_city,28,rrt_max_iter,3000,max_curvature,1.334
RRT*,normal_city,29,rrt_max_iter,3000,max_curvature,1.3403
RRT*,blocked_road,0,rrt_max_iter,3000,max_curvature,0.9886
RRT*,blocked_road,1,rrt_max_iter,3000,max_curvature,1.24
RRT*,blocked_road,2,rrt_max_iter,3000,max_curvature,1.0655
RRT*,blocked_road,3,rrt_max_iter,3000,max_curvature,1.1135
RRT*,blocked_road,4,rrt_max_iter,3000,max_curvature,1.3246
RRT*,blocked_road,5,rrt_max_iter,3000,max_curvature,1.5193
RRT*,blocked_road,6,rrt_max_iter,3000,max_curvature,1.0972
RRT*,blocked_road,7,rrt_max_iter,3000,max_curvature,1.1505
RRT*,blocked_road,8,rrt_max_iter,3000,max_curvature,0.7466
RRT*,blocked_road,9,rrt_max_iter,3000,max_curvature,0.9788
RRT*,blocked_road,10,rrt_max_iter,3000,max_curvature,1.1502
RRT*,blocked_road,11,rrt_max_iter,3000,max_curvature,0.918
RRT*,blocked_road,12,rrt_max_iter,3000,max_curvature,1.3032
RRT*,blocked_road,13,rrt_max_iter,3000,max_curvature,0.8644
RRT*,blocked_road,14,rrt_max_iter,3000,max_curvature,1.1488
RRT*,blocked_road,15,rrt_max_iter,3000,max_curvature,1.1316
RRT*,blocked_road,16,rrt_max_iter,3000,max_curvature,1.1579
RRT*,blocked_road,17,rrt_max_iter,3000,max_curvature,1.2083
RRT*,blocked_road,18,rrt_max_iter,3000,max_curvature,1.1583
RRT*,blocked_road,19,rrt_max_iter,3000,max_curvature,1.3125
RRT*,blocked_road,20,rrt_max_iter,3000,max_curvature,1.111
RRT*,blocked_road,21,rrt_max_iter,3000,max_curvature,1.0843
RRT*,blocked_road,22,rrt_max_iter,3000,max_curvature,1.1742
RRT*,blocked_road,23,rrt_max_iter,3000,max_curvature,1.548
RRT*,blocked_road,24,rrt_max_iter,3000,max_curvature,0.9365
RRT*,blocked_road,25,rrt_max_iter,3000,max_curvature,0.8765
RRT*,blocked_road,26,rrt_max_iter,3000,max_curvature,0.9789
RRT*,blocked_road,27,rrt_max_iter,3000,max_curvature,1.3844
RRT*,blocked_road,28,rrt_max_iter,3000,max_curvature,1.4274
RRT*,blocked_road,29,rrt_max_iter,3000,max_curvature,1.0875
RRT*,dense_city,0,rrt_max_iter,3000,max_curvature,1.3509
RRT*,dense_city,1,rrt_max_iter,3000,max_curvature,
RRT*,dense_city,2,rrt_max_iter,3000,max_curvature,1.2663
RRT*,dense_city,3,rrt_max_iter,3000,max_curvature,1.1565
RRT*,dense_city,4,rrt_max_iter,3000,max_curvature,1.2661
RRT*,dense_city,5,rrt_max_iter,3000,max_curvature,
RRT*,dense_city,6,rrt_max_iter,3000,max_curvature,1.1544
RRT*,dense_city,7,rrt_max_iter,3000,max_curvature,
RRT*,dense_city,8,rrt_max_iter,3000,max_curvature,1.5101
RRT*,dense_city,9,rrt_max_iter,3000,max_curvature,
RRT*,dense_city,10,rrt_max_iter,3000,max_curvature,1.3715
RRT*,dense_city,11,rrt_max_iter,3000,max_curvature,1.4791
RRT*,dense_city,12,rrt_max_iter,3000,max_curvature,2.3965
RRT*,dense_city,13,rrt_max_iter,3000,max_curvature,1.2101
RRT*,dense_city,14,rrt_max_iter,3000,max_curvature,1.4535
RRT*,dense_city,15,rrt_max_iter,3000,max_curvature,1.5745
RRT*,dense_city,16,rrt_max_iter,3000,max_curvature,1.0028
RRT*,dense_city,17,rrt_max_iter,3000,max_curvature,1.5114
RRT*,dense_city,18,rrt_max_iter,3000,max_curvature,1.0916
RRT*,dense_city,19,rrt_max_iter,3000,max_curvature,
RRT*,dense_city,20,rrt_max_iter,3000,max_curvature,1.134
RRT*,dense_city,21,rrt_max_iter,3000,max_curvature,1.2357
RRT*,dense_city,22,rrt_max_iter,3000,max_curvature,0.944
RRT*,dense_city,23,rrt_max_iter,3000,max_curvature,1.3378
RRT*,dense_city,24,rrt_max_iter,3000,max_curvature,0.6607
RRT*,dense_city,25,rrt_max_iter,3000,max_curvature,1.2405
RRT*,dense_city,26,rrt_max_iter,3000,max_curvature,1.341
RRT*,dense_city,27,rrt_max_iter,3000,max_curvature,1.3099
RRT*,dense_city,28,rrt_max_iter,3000,max_curvature,1.1556
RRT*,dense_city,29,rrt_max_iter,3000,max_curvature,2.0435
RRT*,normal_city,0,rrt_max_iter,6000,max_curvature,1.5556
RRT*,normal_city,1,rrt_max_iter,6000,max_curvature,1.0368
RRT*,normal_city,2,rrt_max_iter,6000,max_curvature,1.2002
RRT*,normal_city,3,rrt_max_iter,6000,max_curvature,1.3413
RRT*,normal_city,4,rrt_max_iter,6000,max_curvature,1.4386
RRT*,normal_city,5,rrt_max_iter,6000,max_curvature,1.3036
RRT*,normal_city,6,rrt_max_iter,6000,max_curvature,1.2022
RRT*,normal_city,7,rrt_max_iter,6000,max_curvature,1.3449
RRT*,normal_city,8,rrt_max_iter,6000,max_curvature,1.0592
RRT*,normal_city,9,rrt_max_iter,6000,max_curvature,1.225
RRT*,normal_city,10,rrt_max_iter,6000,max_curvature,1.1395
RRT*,normal_city,11,rrt_max_iter,6000,max_curvature,1.0871
RRT*,normal_city,12,rrt_max_iter,6000,max_curvature,1.1701
RRT*,normal_city,13,rrt_max_iter,6000,max_curvature,1.0988
RRT*,normal_city,14,rrt_max_iter,6000,max_curvature,1.1765
RRT*,normal_city,15,rrt_max_iter,6000,max_curvature,0.9736
RRT*,normal_city,16,rrt_max_iter,6000,max_curvature,1.55
RRT*,normal_city,17,rrt_max_iter,6000,max_curvature,1.2499
RRT*,normal_city,18,rrt_max_iter,6000,max_curvature,1.2704
RRT*,normal_city,19,rrt_max_iter,6000,max_curvature,0.7674
RRT*,normal_city,20,rrt_max_iter,6000,max_curvature,1.1361
RRT*,normal_city,21,rrt_max_iter,6000,max_curvature,0.9829
RRT*,normal_city,22,rrt_max_iter,6000,max_curvature,1.1498
RRT*,normal_city,23,rrt_max_iter,6000,max_curvature,1.0945
RRT*,normal_city,24,rrt_max_iter,6000,max_curvature,1.3193
RRT*,normal_city,25,rrt_max_iter,6000,max_curvature,1.3907
RRT*,normal_city,26,rrt_max_iter,6000,max_curvature,0.9537
RRT*,normal_city,27,rrt_max_iter,6000,max_curvature,1.3493
RRT*,normal_city,28,rrt_max_iter,6000,max_curvature,1.334
RRT*,normal_city,29,rrt_max_iter,6000,max_curvature,1.3403
RRT*,blocked_road,0,rrt_max_iter,6000,max_curvature,0.9886
RRT*,blocked_road,1,rrt_max_iter,6000,max_curvature,1.24
RRT*,blocked_road,2,rrt_max_iter,6000,max_curvature,1.0655
RRT*,blocked_road,3,rrt_max_iter,6000,max_curvature,1.1135
RRT*,blocked_road,4,rrt_max_iter,6000,max_curvature,1.3246
RRT*,blocked_road,5,rrt_max_iter,6000,max_curvature,1.5193
RRT*,blocked_road,6,rrt_max_iter,6000,max_curvature,1.0972
RRT*,blocked_road,7,rrt_max_iter,6000,max_curvature,1.1505
RRT*,blocked_road,8,rrt_max_iter,6000,max_curvature,0.7466
RRT*,blocked_road,9,rrt_max_iter,6000,max_curvature,0.9788
RRT*,blocked_road,10,rrt_max_iter,6000,max_curvature,1.1502
RRT*,blocked_road,11,rrt_max_iter,6000,max_curvature,0.918
RRT*,blocked_road,12,rrt_max_iter,6000,max_curvature,1.3032
RRT*,blocked_road,13,rrt_max_iter,6000,max_curvature,0.8644
RRT*,blocked_road,14,rrt_max_iter,6000,max_curvature,1.1488
RRT*,blocked_road,15,rrt_max_iter,6000,max_curvature,1.1316
RRT*,blocked_road,16,rrt_max_iter,6000,max_curvature,1.1579
RRT*,blocked_road,17,rrt_max_iter,6000,max_curvature,1.2083
RRT*,blocked_road,18,rrt_max_iter,6000,max_curvature,1.1583
RRT*,blocked_road,19,rrt_max_iter,6000,max_curvature,1.3125
RRT*,blocked_road,20,rrt_max_iter,6000,max_curvature,1.111
RRT*,blocked_road,21,rrt_max_iter,6000,max_curvature,1.0843
RRT*,blocked_road,22,rrt_max_iter,6000,max_curvature,1.1742
RRT*,blocked_road,23,rrt_max_iter,6000,max_curvature,1.548
RRT*,blocked_road,24,rrt_max_iter,6000,max_curvature,0.9365
RRT*,blocked_road,25,rrt_max_iter,6000,max_curvature,0.8765
RRT*,blocked_road,26,rrt_max_iter,6000,max_curvature,0.9789
RRT*,blocked_road,27,rrt_max_iter,6000,max_curvature,1.3844
RRT*,blocked_road,28,rrt_max_iter,6000,max_curvature,1.4274
RRT*,blocked_road,29,rrt_max_iter,6000,max_curvature,1.0875
RRT*,dense_city,0,rrt_max_iter,6000,max_curvature,1.3509
RRT*,dense_city,1,rrt_max_iter,6000,max_curvature,1.287
RRT*,dense_city,2,rrt_max_iter,6000,max_curvature,1.2663
RRT*,dense_city,3,rrt_max_iter,6000,max_curvature,1.1565
RRT*,dense_city,4,rrt_max_iter,6000,max_curvature,1.2661
RRT*,dense_city,5,rrt_max_iter,6000,max_curvature,1.0535
RRT*,dense_city,6,rrt_max_iter,6000,max_curvature,1.1544
RRT*,dense_city,7,rrt_max_iter,6000,max_curvature,1.2396
RRT*,dense_city,8,rrt_max_iter,6000,max_curvature,1.5101
RRT*,dense_city,9,rrt_max_iter,6000,max_curvature,
RRT*,dense_city,10,rrt_max_iter,6000,max_curvature,1.3715
RRT*,dense_city,11,rrt_max_iter,6000,max_curvature,1.4791
RRT*,dense_city,12,rrt_max_iter,6000,max_curvature,2.3965
RRT*,dense_city,13,rrt_max_iter,6000,max_curvature,1.2101
RRT*,dense_city,14,rrt_max_iter,6000,max_curvature,1.4535
RRT*,dense_city,15,rrt_max_iter,6000,max_curvature,1.5745
RRT*,dense_city,16,rrt_max_iter,6000,max_curvature,1.0028
RRT*,dense_city,17,rrt_max_iter,6000,max_curvature,1.5114
RRT*,dense_city,18,rrt_max_iter,6000,max_curvature,1.0916
RRT*,dense_city,19,rrt_max_iter,6000,max_curvature,1.281
RRT*,dense_city,20,rrt_max_iter,6000,max_curvature,1.134
RRT*,dense_city,21,rrt_max_iter,6000,max_curvature,1.2357
RRT*,dense_city,22,rrt_max_iter,6000,max_curvature,0.944
RRT*,dense_city,23,rrt_max_iter,6000,max_curvature,1.3378
RRT*,dense_city,24,rrt_max_iter,6000,max_curvature,0.6607
RRT*,dense_city,25,rrt_max_iter,6000,max_curvature,1.2405
RRT*,dense_city,26,rrt_max_iter,6000,max_curvature,1.341
RRT*,dense_city,27,rrt_max_iter,6000,max_curvature,1.3099
RRT*,dense_city,28,rrt_max_iter,6000,max_curvature,1.1556
RRT*,dense_city,29,rrt_max_iter,6000,max_curvature,2.0435
RRT*,normal_city,0,rrt_max_iter,12000,max_curvature,1.5556
RRT*,normal_city,1,rrt_max_iter,12000,max_curvature,1.0368
RRT*,normal_city,2,rrt_max_iter,12000,max_curvature,1.2002
RRT*,normal_city,3,rrt_max_iter,12000,max_curvature,1.3413
RRT*,normal_city,4,rrt_max_iter,12000,max_curvature,1.4386
RRT*,normal_city,5,rrt_max_iter,12000,max_curvature,1.3036
RRT*,normal_city,6,rrt_max_iter,12000,max_curvature,1.2022
RRT*,normal_city,7,rrt_max_iter,12000,max_curvature,1.3449
RRT*,normal_city,8,rrt_max_iter,12000,max_curvature,1.0592
RRT*,normal_city,9,rrt_max_iter,12000,max_curvature,1.225
RRT*,normal_city,10,rrt_max_iter,12000,max_curvature,1.1395
RRT*,normal_city,11,rrt_max_iter,12000,max_curvature,1.0871
RRT*,normal_city,12,rrt_max_iter,12000,max_curvature,1.1701
RRT*,normal_city,13,rrt_max_iter,12000,max_curvature,1.0988
RRT*,normal_city,14,rrt_max_iter,12000,max_curvature,1.1765
RRT*,normal_city,15,rrt_max_iter,12000,max_curvature,0.9736
RRT*,normal_city,16,rrt_max_iter,12000,max_curvature,1.55
RRT*,normal_city,17,rrt_max_iter,12000,max_curvature,1.2499
RRT*,normal_city,18,rrt_max_iter,12000,max_curvature,1.2704
RRT*,normal_city,19,rrt_max_iter,12000,max_curvature,0.7674
RRT*,normal_city,20,rrt_max_iter,12000,max_curvature,1.1361
RRT*,normal_city,21,rrt_max_iter,12000,max_curvature,0.9829
RRT*,normal_city,22,rrt_max_iter,12000,max_curvature,1.1498
RRT*,normal_city,23,rrt_max_iter,12000,max_curvature,1.0945
RRT*,normal_city,24,rrt_max_iter,12000,max_curvature,1.3193
RRT*,normal_city,25,rrt_max_iter,12000,max_curvature,1.3907
RRT*,normal_city,26,rrt_max_iter,12000,max_curvature,0.9537
RRT*,normal_city,27,rrt_max_iter,12000,max_curvature,1.3493
RRT*,normal_city,28,rrt_max_iter,12000,max_curvature,1.334
RRT*,normal_city,29,rrt_max_iter,12000,max_curvature,1.3403
RRT*,blocked_road,0,rrt_max_iter,12000,max_curvature,0.9886
RRT*,blocked_road,1,rrt_max_iter,12000,max_curvature,1.24
RRT*,blocked_road,2,rrt_max_iter,12000,max_curvature,1.0655
RRT*,blocked_road,3,rrt_max_iter,12000,max_curvature,1.1135
RRT*,blocked_road,4,rrt_max_iter,12000,max_curvature,1.3246
RRT*,blocked_road,5,rrt_max_iter,12000,max_curvature,1.5193
RRT*,blocked_road,6,rrt_max_iter,12000,max_curvature,1.0972
RRT*,blocked_road,7,rrt_max_iter,12000,max_curvature,1.1505
RRT*,blocked_road,8,rrt_max_iter,12000,max_curvature,0.7466
RRT*,blocked_road,9,rrt_max_iter,12000,max_curvature,0.9788
RRT*,blocked_road,10,rrt_max_iter,12000,max_curvature,1.1502
RRT*,blocked_road,11,rrt_max_iter,12000,max_curvature,0.918
RRT*,blocked_road,12,rrt_max_iter,12000,max_curvature,1.3032
RRT*,blocked_road,13,rrt_max_iter,12000,max_curvature,0.8644
RRT*,blocked_road,14,rrt_max_iter,12000,max_curvature,1.1488
RRT*,blocked_road,15,rrt_max_iter,12000,max_curvature,1.1316
RRT*,blocked_road,16,rrt_max_iter,12000,max_curvature,1.1579
RRT*,blocked_road,17,rrt_max_iter,12000,max_curvature,1.2083
RRT*,blocked_road,18,rrt_max_iter,12000,max_curvature,1.1583
RRT*,blocked_road,19,rrt_max_iter,12000,max_curvature,1.3125
RRT*,blocked_road,20,rrt_max_iter,12000,max_curvature,1.111
RRT*,blocked_road,21,rrt_max_iter,12000,max_curvature,1.0843
RRT*,blocked_road,22,rrt_max_iter,12000,max_curvature,1.1742
RRT*,blocked_road,23,rrt_max_iter,12000,max_curvature,1.548
RRT*,blocked_road,24,rrt_max_iter,12000,max_curvature,0.9365
RRT*,blocked_road,25,rrt_max_iter,12000,max_curvature,0.8765
RRT*,blocked_road,26,rrt_max_iter,12000,max_curvature,0.9789
RRT*,blocked_road,27,rrt_max_iter,12000,max_curvature,1.3844
RRT*,blocked_road,28,rrt_max_iter,12000,max_curvature,1.4274
RRT*,blocked_road,29,rrt_max_iter,12000,max_curvature,1.0875
RRT*,dense_city,0,rrt_max_iter,12000,max_curvature,1.3509
RRT*,dense_city,1,rrt_max_iter,12000,max_curvature,1.287
RRT*,dense_city,2,rrt_max_iter,12000,max_curvature,1.2663
RRT*,dense_city,3,rrt_max_iter,12000,max_curvature,1.1565
RRT*,dense_city,4,rrt_max_iter,12000,max_curvature,1.2661
RRT*,dense_city,5,rrt_max_iter,12000,max_curvature,1.0535
RRT*,dense_city,6,rrt_max_iter,12000,max_curvature,1.1544
RRT*,dense_city,7,rrt_max_iter,12000,max_curvature,1.2396
RRT*,dense_city,8,rrt_max_iter,12000,max_curvature,1.5101
RRT*,dense_city,9,rrt_max_iter,12000,max_curvature,
RRT*,dense_city,10,rrt_max_iter,12000,max_curvature,1.3715
RRT*,dense_city,11,rrt_max_iter,12000,max_curvature,1.4791
RRT*,dense_city,12,rrt_max_iter,12000,max_curvature,2.3965
RRT*,dense_city,13,rrt_max_iter,12000,max_curvature,1.2101
RRT*,dense_city,14,rrt_max_iter,12000,max_curvature,1.4535
RRT*,dense_city,15,rrt_max_iter,12000,max_curvature,1.5745
RRT*,dense_city,16,rrt_max_iter,12000,max_curvature,1.0028
RRT*,dense_city,17,rrt_max_iter,12000,max_curvature,1.5114
RRT*,dense_city,18,rrt_max_iter,12000,max_curvature,1.0916
RRT*,dense_city,19,rrt_max_iter,12000,max_curvature,1.281
RRT*,dense_city,20,rrt_max_iter,12000,max_curvature,1.134
RRT*,dense_city,21,rrt_max_iter,12000,max_curvature,1.2357
RRT*,dense_city,22,rrt_max_iter,12000,max_curvature,0.944
RRT*,dense_city,23,rrt_max_iter,12000,max_curvature,1.3378
RRT*,dense_city,24,rrt_max_iter,12000,max_curvature,0.6607
RRT*,dense_city,25,rrt_max_iter,12000,max_curvature,1.2405
RRT*,dense_city,26,rrt_max_iter,12000,max_curvature,1.341
RRT*,dense_city,27,rrt_max_iter,12000,max_curvature,1.3099
RRT*,dense_city,28,rrt_max_iter,12000,max_curvature,1.1556
RRT*,dense_city,29,rrt_max_iter,12000,max_curvature,2.0435
RRT*,normal_city,0,rrt_max_iter,1500,drive_time_curved,26.3754
RRT*,normal_city,1,rrt_max_iter,1500,drive_time_curved,28.2993
RRT*,normal_city,2,rrt_max_iter,1500,drive_time_curved,28.6809
RRT*,normal_city,3,rrt_max_iter,1500,drive_time_curved,26.6886
RRT*,normal_city,4,rrt_max_iter,1500,drive_time_curved,27.0162
RRT*,normal_city,5,rrt_max_iter,1500,drive_time_curved,25.68
RRT*,normal_city,6,rrt_max_iter,1500,drive_time_curved,27.388
RRT*,normal_city,7,rrt_max_iter,1500,drive_time_curved,25.659
RRT*,normal_city,8,rrt_max_iter,1500,drive_time_curved,27.6608
RRT*,normal_city,9,rrt_max_iter,1500,drive_time_curved,26.4254
RRT*,normal_city,10,rrt_max_iter,1500,drive_time_curved,25.3039
RRT*,normal_city,11,rrt_max_iter,1500,drive_time_curved,27.893
RRT*,normal_city,12,rrt_max_iter,1500,drive_time_curved,30.0556
RRT*,normal_city,13,rrt_max_iter,1500,drive_time_curved,28.1387
RRT*,normal_city,14,rrt_max_iter,1500,drive_time_curved,26.6068
RRT*,normal_city,15,rrt_max_iter,1500,drive_time_curved,23.9544
RRT*,normal_city,16,rrt_max_iter,1500,drive_time_curved,26.2365
RRT*,normal_city,17,rrt_max_iter,1500,drive_time_curved,28.6565
RRT*,normal_city,18,rrt_max_iter,1500,drive_time_curved,26.0127
RRT*,normal_city,19,rrt_max_iter,1500,drive_time_curved,24.9149
RRT*,normal_city,20,rrt_max_iter,1500,drive_time_curved,26.5707
RRT*,normal_city,21,rrt_max_iter,1500,drive_time_curved,24.7005
RRT*,normal_city,22,rrt_max_iter,1500,drive_time_curved,27.6761
RRT*,normal_city,23,rrt_max_iter,1500,drive_time_curved,
RRT*,normal_city,24,rrt_max_iter,1500,drive_time_curved,25.6147
RRT*,normal_city,25,rrt_max_iter,1500,drive_time_curved,26.9836
RRT*,normal_city,26,rrt_max_iter,1500,drive_time_curved,25.1901
RRT*,normal_city,27,rrt_max_iter,1500,drive_time_curved,29.8428
RRT*,normal_city,28,rrt_max_iter,1500,drive_time_curved,27.9754
RRT*,normal_city,29,rrt_max_iter,1500,drive_time_curved,28.543
RRT*,blocked_road,0,rrt_max_iter,1500,drive_time_curved,27.8717
RRT*,blocked_road,1,rrt_max_iter,1500,drive_time_curved,24.3781
RRT*,blocked_road,2,rrt_max_iter,1500,drive_time_curved,27.2172
RRT*,blocked_road,3,rrt_max_iter,1500,drive_time_curved,23.4124
RRT*,blocked_road,4,rrt_max_iter,1500,drive_time_curved,26.5476
RRT*,blocked_road,5,rrt_max_iter,1500,drive_time_curved,26.5486
RRT*,blocked_road,6,rrt_max_iter,1500,drive_time_curved,25.6534
RRT*,blocked_road,7,rrt_max_iter,1500,drive_time_curved,28.6577
RRT*,blocked_road,8,rrt_max_iter,1500,drive_time_curved,25.9444
RRT*,blocked_road,9,rrt_max_iter,1500,drive_time_curved,27.1329
RRT*,blocked_road,10,rrt_max_iter,1500,drive_time_curved,24.1639
RRT*,blocked_road,11,rrt_max_iter,1500,drive_time_curved,23.1675
RRT*,blocked_road,12,rrt_max_iter,1500,drive_time_curved,25.5645
RRT*,blocked_road,13,rrt_max_iter,1500,drive_time_curved,25.3783
RRT*,blocked_road,14,rrt_max_iter,1500,drive_time_curved,27.001
RRT*,blocked_road,15,rrt_max_iter,1500,drive_time_curved,24.2351
RRT*,blocked_road,16,rrt_max_iter,1500,drive_time_curved,28.6442
RRT*,blocked_road,17,rrt_max_iter,1500,drive_time_curved,27.267
RRT*,blocked_road,18,rrt_max_iter,1500,drive_time_curved,24.3999
RRT*,blocked_road,19,rrt_max_iter,1500,drive_time_curved,23.5088
RRT*,blocked_road,20,rrt_max_iter,1500,drive_time_curved,28.2643
RRT*,blocked_road,21,rrt_max_iter,1500,drive_time_curved,26.4429
RRT*,blocked_road,22,rrt_max_iter,1500,drive_time_curved,23.9155
RRT*,blocked_road,23,rrt_max_iter,1500,drive_time_curved,27.8729
RRT*,blocked_road,24,rrt_max_iter,1500,drive_time_curved,27.1766
RRT*,blocked_road,25,rrt_max_iter,1500,drive_time_curved,25.1304
RRT*,blocked_road,26,rrt_max_iter,1500,drive_time_curved,22.2755
RRT*,blocked_road,27,rrt_max_iter,1500,drive_time_curved,25.8246
RRT*,blocked_road,28,rrt_max_iter,1500,drive_time_curved,27.0924
RRT*,blocked_road,29,rrt_max_iter,1500,drive_time_curved,25.7938
RRT*,dense_city,0,rrt_max_iter,1500,drive_time_curved,27.9852
RRT*,dense_city,1,rrt_max_iter,1500,drive_time_curved,
RRT*,dense_city,2,rrt_max_iter,1500,drive_time_curved,28.264
RRT*,dense_city,3,rrt_max_iter,1500,drive_time_curved,27.9436
RRT*,dense_city,4,rrt_max_iter,1500,drive_time_curved,29.3205
RRT*,dense_city,5,rrt_max_iter,1500,drive_time_curved,
RRT*,dense_city,6,rrt_max_iter,1500,drive_time_curved,
RRT*,dense_city,7,rrt_max_iter,1500,drive_time_curved,
RRT*,dense_city,8,rrt_max_iter,1500,drive_time_curved,31.6512
RRT*,dense_city,9,rrt_max_iter,1500,drive_time_curved,
RRT*,dense_city,10,rrt_max_iter,1500,drive_time_curved,30.9796
RRT*,dense_city,11,rrt_max_iter,1500,drive_time_curved,35.8148
RRT*,dense_city,12,rrt_max_iter,1500,drive_time_curved,
RRT*,dense_city,13,rrt_max_iter,1500,drive_time_curved,27.4742
RRT*,dense_city,14,rrt_max_iter,1500,drive_time_curved,32.9069
RRT*,dense_city,15,rrt_max_iter,1500,drive_time_curved,30.1354
RRT*,dense_city,16,rrt_max_iter,1500,drive_time_curved,
RRT*,dense_city,17,rrt_max_iter,1500,drive_time_curved,24.6711
RRT*,dense_city,18,rrt_max_iter,1500,drive_time_curved,29.25
RRT*,dense_city,19,rrt_max_iter,1500,drive_time_curved,
RRT*,dense_city,20,rrt_max_iter,1500,drive_time_curved,32.3205
RRT*,dense_city,21,rrt_max_iter,1500,drive_time_curved,26.4545
RRT*,dense_city,22,rrt_max_iter,1500,drive_time_curved,26.3112
RRT*,dense_city,23,rrt_max_iter,1500,drive_time_curved,28.1593
RRT*,dense_city,24,rrt_max_iter,1500,drive_time_curved,26.2531
RRT*,dense_city,25,rrt_max_iter,1500,drive_time_curved,28.2506
RRT*,dense_city,26,rrt_max_iter,1500,drive_time_curved,27.0161
RRT*,dense_city,27,rrt_max_iter,1500,drive_time_curved,27.8113
RRT*,dense_city,28,rrt_max_iter,1500,drive_time_curved,30.2986
RRT*,dense_city,29,rrt_max_iter,1500,drive_time_curved,30.4091
RRT*,normal_city,0,rrt_max_iter,3000,drive_time_curved,26.3754
RRT*,normal_city,1,rrt_max_iter,3000,drive_time_curved,28.2993
RRT*,normal_city,2,rrt_max_iter,3000,drive_time_curved,28.6809
RRT*,normal_city,3,rrt_max_iter,3000,drive_time_curved,26.6886
RRT*,normal_city,4,rrt_max_iter,3000,drive_time_curved,27.0162
RRT*,normal_city,5,rrt_max_iter,3000,drive_time_curved,25.68
RRT*,normal_city,6,rrt_max_iter,3000,drive_time_curved,27.388
RRT*,normal_city,7,rrt_max_iter,3000,drive_time_curved,25.659
RRT*,normal_city,8,rrt_max_iter,3000,drive_time_curved,27.6608
RRT*,normal_city,9,rrt_max_iter,3000,drive_time_curved,26.4254
RRT*,normal_city,10,rrt_max_iter,3000,drive_time_curved,25.3039
RRT*,normal_city,11,rrt_max_iter,3000,drive_time_curved,27.893
RRT*,normal_city,12,rrt_max_iter,3000,drive_time_curved,30.0556
RRT*,normal_city,13,rrt_max_iter,3000,drive_time_curved,28.1387
RRT*,normal_city,14,rrt_max_iter,3000,drive_time_curved,26.6068
RRT*,normal_city,15,rrt_max_iter,3000,drive_time_curved,23.9544
RRT*,normal_city,16,rrt_max_iter,3000,drive_time_curved,26.2365
RRT*,normal_city,17,rrt_max_iter,3000,drive_time_curved,28.6565
RRT*,normal_city,18,rrt_max_iter,3000,drive_time_curved,26.0127
RRT*,normal_city,19,rrt_max_iter,3000,drive_time_curved,24.9149
RRT*,normal_city,20,rrt_max_iter,3000,drive_time_curved,26.5707
RRT*,normal_city,21,rrt_max_iter,3000,drive_time_curved,24.7005
RRT*,normal_city,22,rrt_max_iter,3000,drive_time_curved,27.6761
RRT*,normal_city,23,rrt_max_iter,3000,drive_time_curved,29.647
RRT*,normal_city,24,rrt_max_iter,3000,drive_time_curved,25.6147
RRT*,normal_city,25,rrt_max_iter,3000,drive_time_curved,26.9836
RRT*,normal_city,26,rrt_max_iter,3000,drive_time_curved,25.1901
RRT*,normal_city,27,rrt_max_iter,3000,drive_time_curved,29.8428
RRT*,normal_city,28,rrt_max_iter,3000,drive_time_curved,27.9754
RRT*,normal_city,29,rrt_max_iter,3000,drive_time_curved,28.543
RRT*,blocked_road,0,rrt_max_iter,3000,drive_time_curved,27.8717
RRT*,blocked_road,1,rrt_max_iter,3000,drive_time_curved,24.3781
RRT*,blocked_road,2,rrt_max_iter,3000,drive_time_curved,27.2172
RRT*,blocked_road,3,rrt_max_iter,3000,drive_time_curved,23.4124
RRT*,blocked_road,4,rrt_max_iter,3000,drive_time_curved,26.5476
RRT*,blocked_road,5,rrt_max_iter,3000,drive_time_curved,26.5486
RRT*,blocked_road,6,rrt_max_iter,3000,drive_time_curved,25.6534
RRT*,blocked_road,7,rrt_max_iter,3000,drive_time_curved,28.6577
RRT*,blocked_road,8,rrt_max_iter,3000,drive_time_curved,25.9444
RRT*,blocked_road,9,rrt_max_iter,3000,drive_time_curved,27.1329
RRT*,blocked_road,10,rrt_max_iter,3000,drive_time_curved,24.1639
RRT*,blocked_road,11,rrt_max_iter,3000,drive_time_curved,23.1675
RRT*,blocked_road,12,rrt_max_iter,3000,drive_time_curved,25.5645
RRT*,blocked_road,13,rrt_max_iter,3000,drive_time_curved,25.3783
RRT*,blocked_road,14,rrt_max_iter,3000,drive_time_curved,27.001
RRT*,blocked_road,15,rrt_max_iter,3000,drive_time_curved,24.2351
RRT*,blocked_road,16,rrt_max_iter,3000,drive_time_curved,28.6442
RRT*,blocked_road,17,rrt_max_iter,3000,drive_time_curved,27.267
RRT*,blocked_road,18,rrt_max_iter,3000,drive_time_curved,24.3999
RRT*,blocked_road,19,rrt_max_iter,3000,drive_time_curved,23.5088
RRT*,blocked_road,20,rrt_max_iter,3000,drive_time_curved,28.2643
RRT*,blocked_road,21,rrt_max_iter,3000,drive_time_curved,26.4429
RRT*,blocked_road,22,rrt_max_iter,3000,drive_time_curved,23.9155
RRT*,blocked_road,23,rrt_max_iter,3000,drive_time_curved,27.8729
RRT*,blocked_road,24,rrt_max_iter,3000,drive_time_curved,27.1766
RRT*,blocked_road,25,rrt_max_iter,3000,drive_time_curved,25.1304
RRT*,blocked_road,26,rrt_max_iter,3000,drive_time_curved,22.2755
RRT*,blocked_road,27,rrt_max_iter,3000,drive_time_curved,25.8246
RRT*,blocked_road,28,rrt_max_iter,3000,drive_time_curved,27.0924
RRT*,blocked_road,29,rrt_max_iter,3000,drive_time_curved,25.7938
RRT*,dense_city,0,rrt_max_iter,3000,drive_time_curved,27.9852
RRT*,dense_city,1,rrt_max_iter,3000,drive_time_curved,
RRT*,dense_city,2,rrt_max_iter,3000,drive_time_curved,28.264
RRT*,dense_city,3,rrt_max_iter,3000,drive_time_curved,27.9436
RRT*,dense_city,4,rrt_max_iter,3000,drive_time_curved,29.3205
RRT*,dense_city,5,rrt_max_iter,3000,drive_time_curved,
RRT*,dense_city,6,rrt_max_iter,3000,drive_time_curved,28.1049
RRT*,dense_city,7,rrt_max_iter,3000,drive_time_curved,
RRT*,dense_city,8,rrt_max_iter,3000,drive_time_curved,31.6512
RRT*,dense_city,9,rrt_max_iter,3000,drive_time_curved,
RRT*,dense_city,10,rrt_max_iter,3000,drive_time_curved,30.9796
RRT*,dense_city,11,rrt_max_iter,3000,drive_time_curved,35.8148
RRT*,dense_city,12,rrt_max_iter,3000,drive_time_curved,32.1893
RRT*,dense_city,13,rrt_max_iter,3000,drive_time_curved,27.4742
RRT*,dense_city,14,rrt_max_iter,3000,drive_time_curved,32.9069
RRT*,dense_city,15,rrt_max_iter,3000,drive_time_curved,30.1354
RRT*,dense_city,16,rrt_max_iter,3000,drive_time_curved,31.5702
RRT*,dense_city,17,rrt_max_iter,3000,drive_time_curved,24.6711
RRT*,dense_city,18,rrt_max_iter,3000,drive_time_curved,29.25
RRT*,dense_city,19,rrt_max_iter,3000,drive_time_curved,
RRT*,dense_city,20,rrt_max_iter,3000,drive_time_curved,32.3205
RRT*,dense_city,21,rrt_max_iter,3000,drive_time_curved,26.4545
RRT*,dense_city,22,rrt_max_iter,3000,drive_time_curved,26.3112
RRT*,dense_city,23,rrt_max_iter,3000,drive_time_curved,28.1593
RRT*,dense_city,24,rrt_max_iter,3000,drive_time_curved,26.2531
RRT*,dense_city,25,rrt_max_iter,3000,drive_time_curved,28.2506
RRT*,dense_city,26,rrt_max_iter,3000,drive_time_curved,27.0161
RRT*,dense_city,27,rrt_max_iter,3000,drive_time_curved,27.8113
RRT*,dense_city,28,rrt_max_iter,3000,drive_time_curved,30.2986
RRT*,dense_city,29,rrt_max_iter,3000,drive_time_curved,30.4091
RRT*,normal_city,0,rrt_max_iter,6000,drive_time_curved,26.3754
RRT*,normal_city,1,rrt_max_iter,6000,drive_time_curved,28.2993
RRT*,normal_city,2,rrt_max_iter,6000,drive_time_curved,28.6809
RRT*,normal_city,3,rrt_max_iter,6000,drive_time_curved,26.6886
RRT*,normal_city,4,rrt_max_iter,6000,drive_time_curved,27.0162
RRT*,normal_city,5,rrt_max_iter,6000,drive_time_curved,25.68
RRT*,normal_city,6,rrt_max_iter,6000,drive_time_curved,27.388
RRT*,normal_city,7,rrt_max_iter,6000,drive_time_curved,25.659
RRT*,normal_city,8,rrt_max_iter,6000,drive_time_curved,27.6608
RRT*,normal_city,9,rrt_max_iter,6000,drive_time_curved,26.4254
RRT*,normal_city,10,rrt_max_iter,6000,drive_time_curved,25.3039
RRT*,normal_city,11,rrt_max_iter,6000,drive_time_curved,27.893
RRT*,normal_city,12,rrt_max_iter,6000,drive_time_curved,30.0556
RRT*,normal_city,13,rrt_max_iter,6000,drive_time_curved,28.1387
RRT*,normal_city,14,rrt_max_iter,6000,drive_time_curved,26.6068
RRT*,normal_city,15,rrt_max_iter,6000,drive_time_curved,23.9544
RRT*,normal_city,16,rrt_max_iter,6000,drive_time_curved,26.2365
RRT*,normal_city,17,rrt_max_iter,6000,drive_time_curved,28.6565
RRT*,normal_city,18,rrt_max_iter,6000,drive_time_curved,26.0127
RRT*,normal_city,19,rrt_max_iter,6000,drive_time_curved,24.9149
RRT*,normal_city,20,rrt_max_iter,6000,drive_time_curved,26.5707
RRT*,normal_city,21,rrt_max_iter,6000,drive_time_curved,24.7005
RRT*,normal_city,22,rrt_max_iter,6000,drive_time_curved,27.6761
RRT*,normal_city,23,rrt_max_iter,6000,drive_time_curved,29.647
RRT*,normal_city,24,rrt_max_iter,6000,drive_time_curved,25.6147
RRT*,normal_city,25,rrt_max_iter,6000,drive_time_curved,26.9836
RRT*,normal_city,26,rrt_max_iter,6000,drive_time_curved,25.1901
RRT*,normal_city,27,rrt_max_iter,6000,drive_time_curved,29.8428
RRT*,normal_city,28,rrt_max_iter,6000,drive_time_curved,27.9754
RRT*,normal_city,29,rrt_max_iter,6000,drive_time_curved,28.543
RRT*,blocked_road,0,rrt_max_iter,6000,drive_time_curved,27.8717
RRT*,blocked_road,1,rrt_max_iter,6000,drive_time_curved,24.3781
RRT*,blocked_road,2,rrt_max_iter,6000,drive_time_curved,27.2172
RRT*,blocked_road,3,rrt_max_iter,6000,drive_time_curved,23.4124
RRT*,blocked_road,4,rrt_max_iter,6000,drive_time_curved,26.5476
RRT*,blocked_road,5,rrt_max_iter,6000,drive_time_curved,26.5486
RRT*,blocked_road,6,rrt_max_iter,6000,drive_time_curved,25.6534
RRT*,blocked_road,7,rrt_max_iter,6000,drive_time_curved,28.6577
RRT*,blocked_road,8,rrt_max_iter,6000,drive_time_curved,25.9444
RRT*,blocked_road,9,rrt_max_iter,6000,drive_time_curved,27.1329
RRT*,blocked_road,10,rrt_max_iter,6000,drive_time_curved,24.1639
RRT*,blocked_road,11,rrt_max_iter,6000,drive_time_curved,23.1675
RRT*,blocked_road,12,rrt_max_iter,6000,drive_time_curved,25.5645
RRT*,blocked_road,13,rrt_max_iter,6000,drive_time_curved,25.3783
RRT*,blocked_road,14,rrt_max_iter,6000,drive_time_curved,27.001
RRT*,blocked_road,15,rrt_max_iter,6000,drive_time_curved,24.2351
RRT*,blocked_road,16,rrt_max_iter,6000,drive_time_curved,28.6442
RRT*,blocked_road,17,rrt_max_iter,6000,drive_time_curved,27.267
RRT*,blocked_road,18,rrt_max_iter,6000,drive_time_curved,24.3999
RRT*,blocked_road,19,rrt_max_iter,6000,drive_time_curved,23.5088
RRT*,blocked_road,20,rrt_max_iter,6000,drive_time_curved,28.2643
RRT*,blocked_road,21,rrt_max_iter,6000,drive_time_curved,26.4429
RRT*,blocked_road,22,rrt_max_iter,6000,drive_time_curved,23.9155
RRT*,blocked_road,23,rrt_max_iter,6000,drive_time_curved,27.8729
RRT*,blocked_road,24,rrt_max_iter,6000,drive_time_curved,27.1766
RRT*,blocked_road,25,rrt_max_iter,6000,drive_time_curved,25.1304
RRT*,blocked_road,26,rrt_max_iter,6000,drive_time_curved,22.2755
RRT*,blocked_road,27,rrt_max_iter,6000,drive_time_curved,25.8246
RRT*,blocked_road,28,rrt_max_iter,6000,drive_time_curved,27.0924
RRT*,blocked_road,29,rrt_max_iter,6000,drive_time_curved,25.7938
RRT*,dense_city,0,rrt_max_iter,6000,drive_time_curved,27.9852
RRT*,dense_city,1,rrt_max_iter,6000,drive_time_curved,29.5443
RRT*,dense_city,2,rrt_max_iter,6000,drive_time_curved,28.264
RRT*,dense_city,3,rrt_max_iter,6000,drive_time_curved,27.9436
RRT*,dense_city,4,rrt_max_iter,6000,drive_time_curved,29.3205
RRT*,dense_city,5,rrt_max_iter,6000,drive_time_curved,31.8653
RRT*,dense_city,6,rrt_max_iter,6000,drive_time_curved,28.1049
RRT*,dense_city,7,rrt_max_iter,6000,drive_time_curved,29.4924
RRT*,dense_city,8,rrt_max_iter,6000,drive_time_curved,31.6512
RRT*,dense_city,9,rrt_max_iter,6000,drive_time_curved,
RRT*,dense_city,10,rrt_max_iter,6000,drive_time_curved,30.9796
RRT*,dense_city,11,rrt_max_iter,6000,drive_time_curved,35.8148
RRT*,dense_city,12,rrt_max_iter,6000,drive_time_curved,32.1893
RRT*,dense_city,13,rrt_max_iter,6000,drive_time_curved,27.4742
RRT*,dense_city,14,rrt_max_iter,6000,drive_time_curved,32.9069
RRT*,dense_city,15,rrt_max_iter,6000,drive_time_curved,30.1354
RRT*,dense_city,16,rrt_max_iter,6000,drive_time_curved,31.5702
RRT*,dense_city,17,rrt_max_iter,6000,drive_time_curved,24.6711
RRT*,dense_city,18,rrt_max_iter,6000,drive_time_curved,29.25
RRT*,dense_city,19,rrt_max_iter,6000,drive_time_curved,27.9261
RRT*,dense_city,20,rrt_max_iter,6000,drive_time_curved,32.3205
RRT*,dense_city,21,rrt_max_iter,6000,drive_time_curved,26.4545
RRT*,dense_city,22,rrt_max_iter,6000,drive_time_curved,26.3112
RRT*,dense_city,23,rrt_max_iter,6000,drive_time_curved,28.1593
RRT*,dense_city,24,rrt_max_iter,6000,drive_time_curved,26.2531
RRT*,dense_city,25,rrt_max_iter,6000,drive_time_curved,28.2506
RRT*,dense_city,26,rrt_max_iter,6000,drive_time_curved,27.0161
RRT*,dense_city,27,rrt_max_iter,6000,drive_time_curved,27.8113
RRT*,dense_city,28,rrt_max_iter,6000,drive_time_curved,30.2986
RRT*,dense_city,29,rrt_max_iter,6000,drive_time_curved,30.4091
RRT*,normal_city,0,rrt_max_iter,12000,drive_time_curved,26.3754
RRT*,normal_city,1,rrt_max_iter,12000,drive_time_curved,28.2993
RRT*,normal_city,2,rrt_max_iter,12000,drive_time_curved,28.6809
RRT*,normal_city,3,rrt_max_iter,12000,drive_time_curved,26.6886
RRT*,normal_city,4,rrt_max_iter,12000,drive_time_curved,27.0162
RRT*,normal_city,5,rrt_max_iter,12000,drive_time_curved,25.68
RRT*,normal_city,6,rrt_max_iter,12000,drive_time_curved,27.388
RRT*,normal_city,7,rrt_max_iter,12000,drive_time_curved,25.659
RRT*,normal_city,8,rrt_max_iter,12000,drive_time_curved,27.6608
RRT*,normal_city,9,rrt_max_iter,12000,drive_time_curved,26.4254
RRT*,normal_city,10,rrt_max_iter,12000,drive_time_curved,25.3039
RRT*,normal_city,11,rrt_max_iter,12000,drive_time_curved,27.893
RRT*,normal_city,12,rrt_max_iter,12000,drive_time_curved,30.0556
RRT*,normal_city,13,rrt_max_iter,12000,drive_time_curved,28.1387
RRT*,normal_city,14,rrt_max_iter,12000,drive_time_curved,26.6068
RRT*,normal_city,15,rrt_max_iter,12000,drive_time_curved,23.9544
RRT*,normal_city,16,rrt_max_iter,12000,drive_time_curved,26.2365
RRT*,normal_city,17,rrt_max_iter,12000,drive_time_curved,28.6565
RRT*,normal_city,18,rrt_max_iter,12000,drive_time_curved,26.0127
RRT*,normal_city,19,rrt_max_iter,12000,drive_time_curved,24.9149
RRT*,normal_city,20,rrt_max_iter,12000,drive_time_curved,26.5707
RRT*,normal_city,21,rrt_max_iter,12000,drive_time_curved,24.7005
RRT*,normal_city,22,rrt_max_iter,12000,drive_time_curved,27.6761
RRT*,normal_city,23,rrt_max_iter,12000,drive_time_curved,29.647
RRT*,normal_city,24,rrt_max_iter,12000,drive_time_curved,25.6147
RRT*,normal_city,25,rrt_max_iter,12000,drive_time_curved,26.9836
RRT*,normal_city,26,rrt_max_iter,12000,drive_time_curved,25.1901
RRT*,normal_city,27,rrt_max_iter,12000,drive_time_curved,29.8428
RRT*,normal_city,28,rrt_max_iter,12000,drive_time_curved,27.9754
RRT*,normal_city,29,rrt_max_iter,12000,drive_time_curved,28.543
RRT*,blocked_road,0,rrt_max_iter,12000,drive_time_curved,27.8717
RRT*,blocked_road,1,rrt_max_iter,12000,drive_time_curved,24.3781
RRT*,blocked_road,2,rrt_max_iter,12000,drive_time_curved,27.2172
RRT*,blocked_road,3,rrt_max_iter,12000,drive_time_curved,23.4124
RRT*,blocked_road,4,rrt_max_iter,12000,drive_time_curved,26.5476
RRT*,blocked_road,5,rrt_max_iter,12000,drive_time_curved,26.5486
RRT*,blocked_road,6,rrt_max_iter,12000,drive_time_curved,25.6534
RRT*,blocked_road,7,rrt_max_iter,12000,drive_time_curved,28.6577
RRT*,blocked_road,8,rrt_max_iter,12000,drive_time_curved,25.9444
RRT*,blocked_road,9,rrt_max_iter,12000,drive_time_curved,27.1329
RRT*,blocked_road,10,rrt_max_iter,12000,drive_time_curved,24.1639
RRT*,blocked_road,11,rrt_max_iter,12000,drive_time_curved,23.1675
RRT*,blocked_road,12,rrt_max_iter,12000,drive_time_curved,25.5645
RRT*,blocked_road,13,rrt_max_iter,12000,drive_time_curved,25.3783
RRT*,blocked_road,14,rrt_max_iter,12000,drive_time_curved,27.001
RRT*,blocked_road,15,rrt_max_iter,12000,drive_time_curved,24.2351
RRT*,blocked_road,16,rrt_max_iter,12000,drive_time_curved,28.6442
RRT*,blocked_road,17,rrt_max_iter,12000,drive_time_curved,27.267
RRT*,blocked_road,18,rrt_max_iter,12000,drive_time_curved,24.3999
RRT*,blocked_road,19,rrt_max_iter,12000,drive_time_curved,23.5088
RRT*,blocked_road,20,rrt_max_iter,12000,drive_time_curved,28.2643
RRT*,blocked_road,21,rrt_max_iter,12000,drive_time_curved,26.4429
RRT*,blocked_road,22,rrt_max_iter,12000,drive_time_curved,23.9155
RRT*,blocked_road,23,rrt_max_iter,12000,drive_time_curved,27.8729
RRT*,blocked_road,24,rrt_max_iter,12000,drive_time_curved,27.1766
RRT*,blocked_road,25,rrt_max_iter,12000,drive_time_curved,25.1304
RRT*,blocked_road,26,rrt_max_iter,12000,drive_time_curved,22.2755
RRT*,blocked_road,27,rrt_max_iter,12000,drive_time_curved,25.8246
RRT*,blocked_road,28,rrt_max_iter,12000,drive_time_curved,27.0924
RRT*,blocked_road,29,rrt_max_iter,12000,drive_time_curved,25.7938
RRT*,dense_city,0,rrt_max_iter,12000,drive_time_curved,27.9852
RRT*,dense_city,1,rrt_max_iter,12000,drive_time_curved,29.5443
RRT*,dense_city,2,rrt_max_iter,12000,drive_time_curved,28.264
RRT*,dense_city,3,rrt_max_iter,12000,drive_time_curved,27.9436
RRT*,dense_city,4,rrt_max_iter,12000,drive_time_curved,29.3205
RRT*,dense_city,5,rrt_max_iter,12000,drive_time_curved,31.8653
RRT*,dense_city,6,rrt_max_iter,12000,drive_time_curved,28.1049
RRT*,dense_city,7,rrt_max_iter,12000,drive_time_curved,29.4924
RRT*,dense_city,8,rrt_max_iter,12000,drive_time_curved,31.6512
RRT*,dense_city,9,rrt_max_iter,12000,drive_time_curved,
RRT*,dense_city,10,rrt_max_iter,12000,drive_time_curved,30.9796
RRT*,dense_city,11,rrt_max_iter,12000,drive_time_curved,35.8148
RRT*,dense_city,12,rrt_max_iter,12000,drive_time_curved,32.1893
RRT*,dense_city,13,rrt_max_iter,12000,drive_time_curved,27.4742
RRT*,dense_city,14,rrt_max_iter,12000,drive_time_curved,32.9069
RRT*,dense_city,15,rrt_max_iter,12000,drive_time_curved,30.1354
RRT*,dense_city,16,rrt_max_iter,12000,drive_time_curved,31.5702
RRT*,dense_city,17,rrt_max_iter,12000,drive_time_curved,24.6711
RRT*,dense_city,18,rrt_max_iter,12000,drive_time_curved,29.25
RRT*,dense_city,19,rrt_max_iter,12000,drive_time_curved,27.9261
RRT*,dense_city,20,rrt_max_iter,12000,drive_time_curved,32.3205
RRT*,dense_city,21,rrt_max_iter,12000,drive_time_curved,26.4545
RRT*,dense_city,22,rrt_max_iter,12000,drive_time_curved,26.3112
RRT*,dense_city,23,rrt_max_iter,12000,drive_time_curved,28.1593
RRT*,dense_city,24,rrt_max_iter,12000,drive_time_curved,26.2531
RRT*,dense_city,25,rrt_max_iter,12000,drive_time_curved,28.2506
RRT*,dense_city,26,rrt_max_iter,12000,drive_time_curved,27.0161
RRT*,dense_city,27,rrt_max_iter,12000,drive_time_curved,27.8113
RRT*,dense_city,28,rrt_max_iter,12000,drive_time_curved,30.2986
RRT*,dense_city,29,rrt_max_iter,12000,drive_time_curved,30.4091
RRT*,normal_city,0,rrt_max_iter,1500,comp_time,0.28331
RRT*,normal_city,1,rrt_max_iter,1500,comp_time,0.49215
RRT*,normal_city,2,rrt_max_iter,1500,comp_time,0.94054
RRT*,normal_city,3,rrt_max_iter,1500,comp_time,0.23468
RRT*,normal_city,4,rrt_max_iter,1500,comp_time,0.18032
RRT*,normal_city,5,rrt_max_iter,1500,comp_time,0.37602
RRT*,normal_city,6,rrt_max_iter,1500,comp_time,0.39534
RRT*,normal_city,7,rrt_max_iter,1500,comp_time,0.37607
RRT*,normal_city,8,rrt_max_iter,1500,comp_time,0.69744
RRT*,normal_city,9,rrt_max_iter,1500,comp_time,0.13473
RRT*,normal_city,10,rrt_max_iter,1500,comp_time,0.63967
RRT*,normal_city,11,rrt_max_iter,1500,comp_time,0.98478
RRT*,normal_city,12,rrt_max_iter,1500,comp_time,0.90363
RRT*,normal_city,13,rrt_max_iter,1500,comp_time,0.22916
RRT*,normal_city,14,rrt_max_iter,1500,comp_time,0.36631
RRT*,normal_city,15,rrt_max_iter,1500,comp_time,0.38308
RRT*,normal_city,16,rrt_max_iter,1500,comp_time,0.27699
RRT*,normal_city,17,rrt_max_iter,1500,comp_time,0.60399
RRT*,normal_city,18,rrt_max_iter,1500,comp_time,0.43254
RRT*,normal_city,19,rrt_max_iter,1500,comp_time,0.17645
RRT*,normal_city,20,rrt_max_iter,1500,comp_time,0.16086
RRT*,normal_city,21,rrt_max_iter,1500,comp_time,0.25711
RRT*,normal_city,22,rrt_max_iter,1500,comp_time,0.52327
RRT*,normal_city,23,rrt_max_iter,1500,comp_time,4.09884
RRT*,normal_city,24,rrt_max_iter,1500,comp_time,0.33013
RRT*,normal_city,25,rrt_max_iter,1500,comp_time,1.49833
RRT*,normal_city,26,rrt_max_iter,1500,comp_time,0.44482
RRT*,normal_city,27,rrt_max_iter,1500,comp_time,0.44481
RRT*,normal_city,28,rrt_max_iter,1500,comp_time,1.52268
RRT*,normal_city,29,rrt_max_iter,1500,comp_time,0.43366
RRT*,blocked_road,0,rrt_max_iter,1500,comp_time,0.88554
RRT*,blocked_road,1,rrt_max_iter,1500,comp_time,1.27305
RRT*,blocked_road,2,rrt_max_iter,1500,comp_time,0.652
RRT*,blocked_road,3,rrt_max_iter,1500,comp_time,1.83179
RRT*,blocked_road,4,rrt_max_iter,1500,comp_time,1.70802
RRT*,blocked_road,5,rrt_max_iter,1500,comp_time,0.82572
RRT*,blocked_road,6,rrt_max_iter,1500,comp_time,0.66557
RRT*,blocked_road,7,rrt_max_iter,1500,comp_time,0.8066
RRT*,blocked_road,8,rrt_max_iter,1500,comp_time,0.27724
RRT*,blocked_road,9,rrt_max_iter,1500,comp_time,1.8806
RRT*,blocked_road,10,rrt_max_iter,1500,comp_time,0.27101
RRT*,blocked_road,11,rrt_max_iter,1500,comp_time,1.26319
RRT*,blocked_road,12,rrt_max_iter,1500,comp_time,0.92136
RRT*,blocked_road,13,rrt_max_iter,1500,comp_time,1.1808
RRT*,blocked_road,14,rrt_max_iter,1500,comp_time,0.55649
RRT*,blocked_road,15,rrt_max_iter,1500,comp_time,0.95241
RRT*,blocked_road,16,rrt_max_iter,1500,comp_time,0.88242
RRT*,blocked_road,17,rrt_max_iter,1500,comp_time,0.3745
RRT*,blocked_road,18,rrt_max_iter,1500,comp_time,0.28035
RRT*,blocked_road,19,rrt_max_iter,1500,comp_time,0.16052
RRT*,blocked_road,20,rrt_max_iter,1500,comp_time,1.7852
RRT*,blocked_road,21,rrt_max_iter,1500,comp_time,0.31573
RRT*,blocked_road,22,rrt_max_iter,1500,comp_time,0.60336
RRT*,blocked_road,23,rrt_max_iter,1500,comp_time,1.52125
RRT*,blocked_road,24,rrt_max_iter,1500,comp_time,1.28969
RRT*,blocked_road,25,rrt_max_iter,1500,comp_time,0.58205
RRT*,blocked_road,26,rrt_max_iter,1500,comp_time,0.24802
RRT*,blocked_road,27,rrt_max_iter,1500,comp_time,0.53481
RRT*,blocked_road,28,rrt_max_iter,1500,comp_time,1.08392
RRT*,blocked_road,29,rrt_max_iter,1500,comp_time,0.21231
RRT*,dense_city,0,rrt_max_iter,1500,comp_time,0.63978
RRT*,dense_city,1,rrt_max_iter,1500,comp_time,2.10604
RRT*,dense_city,2,rrt_max_iter,1500,comp_time,0.33136
RRT*,dense_city,3,rrt_max_iter,1500,comp_time,0.20989
RRT*,dense_city,4,rrt_max_iter,1500,comp_time,1.07895
RRT*,dense_city,5,rrt_max_iter,1500,comp_time,2.75511
RRT*,dense_city,6,rrt_max_iter,1500,comp_time,1.89065
RRT*,dense_city,7,rrt_max_iter,1500,comp_time,2.20408
RRT*,dense_city,8,rrt_max_iter,1500,comp_time,0.31195
RRT*,dense_city,9,rrt_max_iter,1500,comp_time,0.13324
RRT*,dense_city,10,rrt_max_iter,1500,comp_time,0.20949
RRT*,dense_city,11,rrt_max_iter,1500,comp_time,0.58688
RRT*,dense_city,12,rrt_max_iter,1500,comp_time,2.87654
RRT*,dense_city,13,rrt_max_iter,1500,comp_time,0.72784
RRT*,dense_city,14,rrt_max_iter,1500,comp_time,1.79379
RRT*,dense_city,15,rrt_max_iter,1500,comp_time,1.47405
RRT*,dense_city,16,rrt_max_iter,1500,comp_time,2.725
RRT*,dense_city,17,rrt_max_iter,1500,comp_time,0.54594
RRT*,dense_city,18,rrt_max_iter,1500,comp_time,1.29467
RRT*,dense_city,19,rrt_max_iter,1500,comp_time,1.25274
RRT*,dense_city,20,rrt_max_iter,1500,comp_time,1.44485
RRT*,dense_city,21,rrt_max_iter,1500,comp_time,0.33279
RRT*,dense_city,22,rrt_max_iter,1500,comp_time,0.83876
RRT*,dense_city,23,rrt_max_iter,1500,comp_time,1.01371
RRT*,dense_city,24,rrt_max_iter,1500,comp_time,0.81758
RRT*,dense_city,25,rrt_max_iter,1500,comp_time,1.9664
RRT*,dense_city,26,rrt_max_iter,1500,comp_time,1.3601
RRT*,dense_city,27,rrt_max_iter,1500,comp_time,1.13368
RRT*,dense_city,28,rrt_max_iter,1500,comp_time,1.13737
RRT*,dense_city,29,rrt_max_iter,1500,comp_time,1.05846
RRT*,normal_city,0,rrt_max_iter,3000,comp_time,0.26894
RRT*,normal_city,1,rrt_max_iter,3000,comp_time,0.4844
RRT*,normal_city,2,rrt_max_iter,3000,comp_time,0.90492
RRT*,normal_city,3,rrt_max_iter,3000,comp_time,0.22221
RRT*,normal_city,4,rrt_max_iter,3000,comp_time,0.18703
RRT*,normal_city,5,rrt_max_iter,3000,comp_time,0.35965
RRT*,normal_city,6,rrt_max_iter,3000,comp_time,0.39412
RRT*,normal_city,7,rrt_max_iter,3000,comp_time,0.37507
RRT*,normal_city,8,rrt_max_iter,3000,comp_time,0.64974
RRT*,normal_city,9,rrt_max_iter,3000,comp_time,0.13625
RRT*,normal_city,10,rrt_max_iter,3000,comp_time,0.64328
RRT*,normal_city,11,rrt_max_iter,3000,comp_time,1.02076
RRT*,normal_city,12,rrt_max_iter,3000,comp_time,1.01826
RRT*,normal_city,13,rrt_max_iter,3000,comp_time,0.22511
RRT*,normal_city,14,rrt_max_iter,3000,comp_time,0.39845
RRT*,normal_city,15,rrt_max_iter,3000,comp_time,0.38906
RRT*,normal_city,16,rrt_max_iter,3000,comp_time,0.27995
RRT*,normal_city,17,rrt_max_iter,3000,comp_time,0.6154
RRT*,normal_city,18,rrt_max_iter,3000,comp_time,0.42011
RRT*,normal_city,19,rrt_max_iter,3000,comp_time,0.17918
RRT*,normal_city,20,rrt_max_iter,3000,comp_time,0.15722
RRT*,normal_city,21,rrt_max_iter,3000,comp_time,0.24879
RRT*,normal_city,22,rrt_max_iter,3000,comp_time,0.54386
RRT*,normal_city,23,rrt_max_iter,3000,comp_time,4.9409
RRT*,normal_city,24,rrt_max_iter,3000,comp_time,0.34219
RRT*,normal_city,25,rrt_max_iter,3000,comp_time,1.35802
RRT*,normal_city,26,rrt_max_iter,3000,comp_time,0.39395
RRT*,normal_city,27,rrt_max_iter,3000,comp_time,0.40494
RRT*,normal_city,28,rrt_max_iter,3000,comp_time,1.51132
RRT*,normal_city,29,rrt_max_iter,3000,comp_time,0.39831
RRT*,blocked_road,0,rrt_max_iter,3000,comp_time,0.87825
RRT*,blocked_road,1,rrt_max_iter,3000,comp_time,1.28107
RRT*,blocked_road,2,rrt_max_iter,3000,comp_time,0.64927
RRT*,blocked_road,3,rrt_max_iter,3000,comp_time,1.84787
RRT*,blocked_road,4,rrt_max_iter,3000,comp_time,1.67879
RRT*,blocked_road,5,rrt_max_iter,3000,comp_time,0.81923
RRT*,blocked_road,6,rrt_max_iter,3000,comp_time,0.6703
RRT*,blocked_road,7,rrt_max_iter,3000,comp_time,0.7877
RRT*,blocked_road,8,rrt_max_iter,3000,comp_time,0.28718
RRT*,blocked_road,9,rrt_max_iter,3000,comp_time,1.94139
RRT*,blocked_road,10,rrt_max_iter,3000,comp_time,0.26681
RRT*,blocked_road,11,rrt_max_iter,3000,comp_time,1.3231
RRT*,blocked_road,12,rrt_max_iter,3000,comp_time,0.93616
RRT*,blocked_road,13,rrt_max_iter,3000,comp_time,1.21502
RRT*,blocked_road,14,rrt_max_iter,3000,comp_time,0.50336
RRT*,blocked_road,15,rrt_max_iter,3000,comp_time,0.8635
RRT*,blocked_road,16,rrt_max_iter,3000,comp_time,0.83737
RRT*,blocked_road,17,rrt_max_iter,3000,comp_time,0.37123
RRT*,blocked_road,18,rrt_max_iter,3000,comp_time,0.27729
RRT*,blocked_road,19,rrt_max_iter,3000,comp_time,0.12983
RRT*,blocked_road,20,rrt_max_iter,3000,comp_time,1.3351
RRT*,blocked_road,21,rrt_max_iter,3000,comp_time,0.29664
RRT*,blocked_road,22,rrt_max_iter,3000,comp_time,0.534
RRT*,blocked_road,23,rrt_max_iter,3000,comp_time,1.34761
RRT*,blocked_road,24,rrt_max_iter,3000,comp_time,1.12394
RRT*,blocked_road,25,rrt_max_iter,3000,comp_time,0.56204
RRT*,blocked_road,26,rrt_max_iter,3000,comp_time,0.25849
RRT*,blocked_road,27,rrt_max_iter,3000,comp_time,0.52189
RRT*,blocked_road,28,rrt_max_iter,3000,comp_time,1.11502
RRT*,blocked_road,29,rrt_max_iter,3000,comp_time,0.21715
RRT*,dense_city,0,rrt_max_iter,3000,comp_time,0.62031
RRT*,dense_city,1,rrt_max_iter,3000,comp_time,10.42287
RRT*,dense_city,2,rrt_max_iter,3000,comp_time,0.31912
RRT*,dense_city,3,rrt_max_iter,3000,comp_time,0.21272
RRT*,dense_city,4,rrt_max_iter,3000,comp_time,1.06695
RRT*,dense_city,5,rrt_max_iter,3000,comp_time,12.30197
RRT*,dense_city,6,rrt_max_iter,3000,comp_time,6.05894
RRT*,dense_city,7,rrt_max_iter,3000,comp_time,10.36607
RRT*,dense_city,8,rrt_max_iter,3000,comp_time,0.30993
RRT*,dense_city,9,rrt_max_iter,3000,comp_time,0.28043
RRT*,dense_city,10,rrt_max_iter,3000,comp_time,0.21183
RRT*,dense_city,11,rrt_max_iter,3000,comp_time,0.58224
RRT*,dense_city,12,rrt_max_iter,3000,comp_time,4.23359
RRT*,dense_city,13,rrt_max_iter,3000,comp_time,0.74235
RRT*,dense_city,14,rrt_max_iter,3000,comp_time,1.88786
RRT*,dense_city,15,rrt_max_iter,3000,comp_time,1.51537
RRT*,dense_city,16,rrt_max_iter,3000,comp_time,2.87532
RRT*,dense_city,17,rrt_max_iter,3000,comp_time,0.55466
RRT*,dense_city,18,rrt_max_iter,3000,comp_time,1.26245
RRT*,dense_city,19,rrt_max_iter,3000,comp_time,6.1948
RRT*,dense_city,20,rrt_max_iter,3000,comp_time,1.40413
RRT*,dense_city,21,rrt_max_iter,3000,comp_time,0.32854
RRT*,dense_city,22,rrt_max_iter,3000,comp_time,0.8082
RRT*,dense_city,23,rrt_max_iter,3000,comp_time,1.00898
RRT*,dense_city,24,rrt_max_iter,3000,comp_time,0.84172
RRT*,dense_city,25,rrt_max_iter,3000,comp_time,1.92206
RRT*,dense_city,26,rrt_max_iter,3000,comp_time,1.33433
RRT*,dense_city,27,rrt_max_iter,3000,comp_time,1.12691
RRT*,dense_city,28,rrt_max_iter,3000,comp_time,1.03862
RRT*,dense_city,29,rrt_max_iter,3000,comp_time,1.27607
RRT*,normal_city,0,rrt_max_iter,6000,comp_time,0.27543
RRT*,normal_city,1,rrt_max_iter,6000,comp_time,0.48669
RRT*,normal_city,2,rrt_max_iter,6000,comp_time,0.93556
RRT*,normal_city,3,rrt_max_iter,6000,comp_time,0.25995
RRT*,normal_city,4,rrt_max_iter,6000,comp_time,0.18762
RRT*,normal_city,5,rrt_max_iter,6000,comp_time,0.39828
RRT*,normal_city,6,rrt_max_iter,6000,comp_time,0.39803
RRT*,normal_city,7,rrt_max_iter,6000,comp_time,0.37529
RRT*,normal_city,8,rrt_max_iter,6000,comp_time,0.68663
RRT*,normal_city,9,rrt_max_iter,6000,comp_time,0.13994
RRT*,normal_city,10,rrt_max_iter,6000,comp_time,0.64529
RRT*,normal_city,11,rrt_max_iter,6000,comp_time,0.9545
RRT*,normal_city,12,rrt_max_iter,6000,comp_time,0.94214
RRT*,normal_city,13,rrt_max_iter,6000,comp_time,0.21994
RRT*,normal_city,14,rrt_max_iter,6000,comp_time,0.36101
RRT*,normal_city,15,rrt_max_iter,6000,comp_time,0.38069
RRT*,normal_city,16,rrt_max_iter,6000,comp_time,0.27773
RRT*,normal_city,17,rrt_max_iter,6000,comp_time,0.60794
RRT*,normal_city,18,rrt_max_iter,6000,comp_time,0.42817
RRT*,normal_city,19,rrt_max_iter,6000,comp_time,0.17069
RRT*,normal_city,20,rrt_max_iter,6000,comp_time,0.1564
RRT*,normal_city,21,rrt_max_iter,6000,comp_time,0.25137
RRT*,normal_city,22,rrt_max_iter,6000,comp_time,0.53091
RRT*,normal_city,23,rrt_max_iter,6000,comp_time,4.9425
RRT*,normal_city,24,rrt_max_iter,6000,comp_time,0.34074
RRT*,normal_city,25,rrt_max_iter,6000,comp_time,1.37932
RRT*,normal_city,26,rrt_max_iter,6000,comp_time,0.40727
RRT*,normal_city,27,rrt_max_iter,6000,comp_time,0.40802
RRT*,normal_city,28,rrt_max_iter,6000,comp_time,1.44138
RRT*,normal_city,29,rrt_max_iter,6000,comp_time,0.40434
RRT*,blocked_road,0,rrt_max_iter,6000,comp_time,0.87463
RRT*,blocked_road,1,rrt_max_iter,6000,comp_time,1.28326
RRT*,blocked_road,2,rrt_max_iter,6000,comp_time,0.64289
RRT*,blocked_road,3,rrt_max_iter,6000,comp_time,1.82517
RRT*,blocked_road,4,rrt_max_iter,6000,comp_time,1.70084
RRT*,blocked_road,5,rrt_max_iter,6000,comp_time,0.8175
RRT*,blocked_road,6,rrt_max_iter,6000,comp_time,0.70906
RRT*,blocked_road,7,rrt_max_iter,6000,comp_time,0.77839
RRT*,blocked_road,8,rrt_max_iter,6000,comp_time,0.28128
RRT*,blocked_road,9,rrt_max_iter,6000,comp_time,1.90683
RRT*,blocked_road,10,rrt_max_iter,6000,comp_time,0.27196
RRT*,blocked_road,11,rrt_max_iter,6000,comp_time,1.25031
RRT*,blocked_road,12,rrt_max_iter,6000,comp_time,0.92991
RRT*,blocked_road,13,rrt_max_iter,6000,comp_time,1.14934
RRT*,blocked_road,14,rrt_max_iter,6000,comp_time,0.48362
RRT*,blocked_road,15,rrt_max_iter,6000,comp_time,0.89327
RRT*,blocked_road,16,rrt_max_iter,6000,comp_time,0.82826
RRT*,blocked_road,17,rrt_max_iter,6000,comp_time,0.36645
RRT*,blocked_road,18,rrt_max_iter,6000,comp_time,0.27799
RRT*,blocked_road,19,rrt_max_iter,6000,comp_time,0.13655
RRT*,blocked_road,20,rrt_max_iter,6000,comp_time,1.32481
RRT*,blocked_road,21,rrt_max_iter,6000,comp_time,0.29365
RRT*,blocked_road,22,rrt_max_iter,6000,comp_time,0.52415
RRT*,blocked_road,23,rrt_max_iter,6000,comp_time,1.37809
RRT*,blocked_road,24,rrt_max_iter,6000,comp_time,1.15011
RRT*,blocked_road,25,rrt_max_iter,6000,comp_time,0.56261
RRT*,blocked_road,26,rrt_max_iter,6000,comp_time,0.24614
RRT*,blocked_road,27,rrt_max_iter,6000,comp_time,0.51423
RRT*,blocked_road,28,rrt_max_iter,6000,comp_time,1.09641
RRT*,blocked_road,29,rrt_max_iter,6000,comp_time,0.21357
RRT*,dense_city,0,rrt_max_iter,6000,comp_time,0.6466
RRT*,dense_city,1,rrt_max_iter,6000,comp_time,16.49146
RRT*,dense_city,2,rrt_max_iter,6000,comp_time,0.33198
RRT*,dense_city,3,rrt_max_iter,6000,comp_time,0.20996
RRT*,dense_city,4,rrt_max_iter,6000,comp_time,1.12882
RRT*,dense_city,5,rrt_max_iter,6000,comp_time,33.88792
RRT*,dense_city,6,rrt_max_iter,6000,comp_time,6.14255
RRT*,dense_city,7,rrt_max_iter,6000,comp_time,37.57469
RRT*,dense_city,8,rrt_max_iter,6000,comp_time,0.33019
RRT*,dense_city,9,rrt_max_iter,6000,comp_time,0.74356
RRT*,dense_city,10,rrt_max_iter,6000,comp_time,0.20297
RRT*,dense_city,11,rrt_max_iter,6000,comp_time,0.57957
RRT*,dense_city,12,rrt_max_iter,6000,comp_time,4.22371
RRT*,dense_city,13,rrt_max_iter,6000,comp_time,0.71993
RRT*,dense_city,14,rrt_max_iter,6000,comp_time,1.77557
RRT*,dense_city,15,rrt_max_iter,6000,comp_time,1.45082
RRT*,dense_city,16,rrt_max_iter,6000,comp_time,2.89751
RRT*,dense_city,17,rrt_max_iter,6000,comp_time,0.54367
RRT*,dense_city,18,rrt_max_iter,6000,comp_time,1.3242
RRT*,dense_city,19,rrt_max_iter,6000,comp_time,8.21417
RRT*,dense_city,20,rrt_max_iter,6000,comp_time,1.44362
RRT*,dense_city,21,rrt_max_iter,6000,comp_time,0.32818
RRT*,dense_city,22,rrt_max_iter,6000,comp_time,0.8147
RRT*,dense_city,23,rrt_max_iter,6000,comp_time,1.02757
RRT*,dense_city,24,rrt_max_iter,6000,comp_time,0.85218
RRT*,dense_city,25,rrt_max_iter,6000,comp_time,1.98774
RRT*,dense_city,26,rrt_max_iter,6000,comp_time,1.41459
RRT*,dense_city,27,rrt_max_iter,6000,comp_time,1.12075
RRT*,dense_city,28,rrt_max_iter,6000,comp_time,1.19829
RRT*,dense_city,29,rrt_max_iter,6000,comp_time,1.3998
RRT*,normal_city,0,rrt_max_iter,12000,comp_time,0.27387
RRT*,normal_city,1,rrt_max_iter,12000,comp_time,0.49386
RRT*,normal_city,2,rrt_max_iter,12000,comp_time,0.89995
RRT*,normal_city,3,rrt_max_iter,12000,comp_time,0.22377
RRT*,normal_city,4,rrt_max_iter,12000,comp_time,0.19501
RRT*,normal_city,5,rrt_max_iter,12000,comp_time,0.42066
RRT*,normal_city,6,rrt_max_iter,12000,comp_time,0.43203
RRT*,normal_city,7,rrt_max_iter,12000,comp_time,0.36842
RRT*,normal_city,8,rrt_max_iter,12000,comp_time,0.67689
RRT*,normal_city,9,rrt_max_iter,12000,comp_time,0.13951
RRT*,normal_city,10,rrt_max_iter,12000,comp_time,0.6359
RRT*,normal_city,11,rrt_max_iter,12000,comp_time,0.96028
RRT*,normal_city,12,rrt_max_iter,12000,comp_time,0.91149
RRT*,normal_city,13,rrt_max_iter,12000,comp_time,0.2416
RRT*,normal_city,14,rrt_max_iter,12000,comp_time,0.3441
RRT*,normal_city,15,rrt_max_iter,12000,comp_time,0.38864
RRT*,normal_city,16,rrt_max_iter,12000,comp_time,0.27876
RRT*,normal_city,17,rrt_max_iter,12000,comp_time,0.58204
RRT*,normal_city,18,rrt_max_iter,12000,comp_time,0.43582
RRT*,normal_city,19,rrt_max_iter,12000,comp_time,0.18496
RRT*,normal_city,20,rrt_max_iter,12000,comp_time,0.16063
RRT*,normal_city,21,rrt_max_iter,12000,comp_time,0.24887
RRT*,normal_city,22,rrt_max_iter,12000,comp_time,0.50397
RRT*,normal_city,23,rrt_max_iter,12000,comp_time,4.96288
RRT*,normal_city,24,rrt_max_iter,12000,comp_time,0.34404
RRT*,normal_city,25,rrt_max_iter,12000,comp_time,1.35819
RRT*,normal_city,26,rrt_max_iter,12000,comp_time,0.40609
RRT*,normal_city,27,rrt_max_iter,12000,comp_time,0.38884
RRT*,normal_city,28,rrt_max_iter,12000,comp_time,1.46632
RRT*,normal_city,29,rrt_max_iter,12000,comp_time,0.38792
RRT*,blocked_road,0,rrt_max_iter,12000,comp_time,0.86883
RRT*,blocked_road,1,rrt_max_iter,12000,comp_time,1.25848
RRT*,blocked_road,2,rrt_max_iter,12000,comp_time,0.6337
RRT*,blocked_road,3,rrt_max_iter,12000,comp_time,1.85845
RRT*,blocked_road,4,rrt_max_iter,12000,comp_time,1.69656
RRT*,blocked_road,5,rrt_max_iter,12000,comp_time,0.81382
RRT*,blocked_road,6,rrt_max_iter,12000,comp_time,0.69888
RRT*,blocked_road,7,rrt_max_iter,12000,comp_time,0.80201
RRT*,blocked_road,8,rrt_max_iter,12000,comp_time,0.30447
RRT*,blocked_road,9,rrt_max_iter,12000,comp_time,1.84132
RRT*,blocked_road,10,rrt_max_iter,12000,comp_time,0.27048
RRT*,blocked_road,11,rrt_max_iter,12000,comp_time,1.24233
RRT*,blocked_road,12,rrt_max_iter,12000,comp_time,0.88103
RRT*,blocked_road,13,rrt_max_iter,12000,comp_time,1.16127
RRT*,blocked_road,14,rrt_max_iter,12000,comp_time,0.48916
RRT*,blocked_road,15,rrt_max_iter,12000,comp_time,0.84347
RRT*,blocked_road,16,rrt_max_iter,12000,comp_time,0.83203
RRT*,blocked_road,17,rrt_max_iter,12000,comp_time,0.38278
RRT*,blocked_road,18,rrt_max_iter,12000,comp_time,0.27525
RRT*,blocked_road,19,rrt_max_iter,12000,comp_time,0.13298
RRT*,blocked_road,20,rrt_max_iter,12000,comp_time,1.31237
RRT*,blocked_road,21,rrt_max_iter,12000,comp_time,0.30576
RRT*,blocked_road,22,rrt_max_iter,12000,comp_time,0.53434
RRT*,blocked_road,23,rrt_max_iter,12000,comp_time,1.37947
RRT*,blocked_road,24,rrt_max_iter,12000,comp_time,1.11517
RRT*,blocked_road,25,rrt_max_iter,12000,comp_time,0.56448
RRT*,blocked_road,26,rrt_max_iter,12000,comp_time,0.24523
RRT*,blocked_road,27,rrt_max_iter,12000,comp_time,0.51522
RRT*,blocked_road,28,rrt_max_iter,12000,comp_time,1.10568
RRT*,blocked_road,29,rrt_max_iter,12000,comp_time,0.21562
RRT*,dense_city,0,rrt_max_iter,12000,comp_time,0.62786
RRT*,dense_city,1,rrt_max_iter,12000,comp_time,16.5018
RRT*,dense_city,2,rrt_max_iter,12000,comp_time,0.3441
RRT*,dense_city,3,rrt_max_iter,12000,comp_time,0.23393
RRT*,dense_city,4,rrt_max_iter,12000,comp_time,1.07686
RRT*,dense_city,5,rrt_max_iter,12000,comp_time,34.14267
RRT*,dense_city,6,rrt_max_iter,12000,comp_time,6.043
RRT*,dense_city,7,rrt_max_iter,12000,comp_time,37.56652
RRT*,dense_city,8,rrt_max_iter,12000,comp_time,0.30181
RRT*,dense_city,9,rrt_max_iter,12000,comp_time,1.994
RRT*,dense_city,10,rrt_max_iter,12000,comp_time,0.20934
RRT*,dense_city,11,rrt_max_iter,12000,comp_time,0.58981
RRT*,dense_city,12,rrt_max_iter,12000,comp_time,4.09884
RRT*,dense_city,13,rrt_max_iter,12000,comp_time,0.75339
RRT*,dense_city,14,rrt_max_iter,12000,comp_time,1.75907
RRT*,dense_city,15,rrt_max_iter,12000,comp_time,1.43726
RRT*,dense_city,16,rrt_max_iter,12000,comp_time,2.91092
RRT*,dense_city,17,rrt_max_iter,12000,comp_time,0.55954
RRT*,dense_city,18,rrt_max_iter,12000,comp_time,1.30073
RRT*,dense_city,19,rrt_max_iter,12000,comp_time,8.2052
RRT*,dense_city,20,rrt_max_iter,12000,comp_time,1.56409
RRT*,dense_city,21,rrt_max_iter,12000,comp_time,0.31749
RRT*,dense_city,22,rrt_max_iter,12000,comp_time,0.80207
RRT*,dense_city,23,rrt_max_iter,12000,comp_time,0.99556
RRT*,dense_city,24,rrt_max_iter,12000,comp_time,0.81795
RRT*,dense_city,25,rrt_max_iter,12000,comp_time,1.99855
RRT*,dense_city,26,rrt_max_iter,12000,comp_time,1.32223
RRT*,dense_city,27,rrt_max_iter,12000,comp_time,1.10445
RRT*,dense_city,28,rrt_max_iter,12000,comp_time,1.28399
RRT*,dense_city,29,rrt_max_iter,12000,comp_time,1.40401
