planner,scenario,instance,parameter,value,metric,result
Modified,normal_city,0,density_radius,3,success,1.0
Modified,normal_city,1,density_radius,3,success,1.0
Modified,normal_city,2,density_radius,3,success,1.0
Modified,normal_city,3,density_radius,3,success,1.0
Modified,normal_city,4,density_radius,3,success,1.0
Modified,normal_city,5,density_radius,3,success,1.0
Modified,normal_city,6,density_radius,3,success,1.0
Modified,normal_city,7,density_radius,3,success,1.0
Modified,normal_city,8,density_radius,3,success,1.0
Modified,normal_city,9,density_radius,3,success,1.0
Modified,normal_city,10,density_radius,3,success,1.0
Modified,normal_city,11,density_radius,3,success,1.0
Modified,normal_city,12,density_radius,3,success,1.0
Modified,normal_city,13,density_radius,3,success,1.0
Modified,normal_city,14,density_radius,3,success,1.0
Modified,normal_city,15,density_radius,3,success,1.0
Modified,normal_city,16,density_radius,3,success,1.0
Modified,normal_city,17,density_radius,3,success,1.0
Modified,normal_city,18,density_radius,3,success,1.0
Modified,normal_city,19,density_radius,3,success,1.0
Modified,normal_city,20,density_radius,3,success,1.0
Modified,normal_city,21,density_radius,3,success,1.0
Modified,normal_city,22,density_radius,3,success,1.0
Modified,normal_city,23,density_radius,3,success,1.0
Modified,normal_city,24,density_radius,3,success,1.0
Modified,normal_city,25,density_radius,3,success,1.0
Modified,normal_city,26,density_radius,3,success,1.0
Modified,normal_city,27,density_radius,3,success,1.0
Modified,normal_city,28,density_radius,3,success,1.0
Modified,normal_city,29,density_radius,3,success,1.0
Modified,blocked_road,0,density_radius,3,success,1.0
Modified,blocked_road,1,density_radius,3,success,1.0
Modified,blocked_road,2,density_radius,3,success,1.0
Modified,blocked_road,3,density_radius,3,success,1.0
Modified,blocked_road,4,density_radius,3,success,1.0
Modified,blocked_road,5,density_radius,3,success,1.0
Modified,blocked_road,6,density_radius,3,success,1.0
Modified,blocked_road,7,density_radius,3,success,1.0
Modified,blocked_road,8,density_radius,3,success,1.0
Modified,blocked_road,9,density_radius,3,success,1.0
Modified,blocked_road,10,density_radius,3,success,1.0
Modified,blocked_road,11,density_radius,3,success,1.0
Modified,blocked_road,12,density_radius,3,success,1.0
Modified,blocked_road,13,density_radius,3,success,1.0
Modified,blocked_road,14,density_radius,3,success,1.0
Modified,blocked_road,15,density_radius,3,success,1.0
Modified,blocked_road,16,density_radius,3,success,1.0
Modified,blocked_road,17,density_radius,3,success,1.0
Modified,blocked_road,18,density_radius,3,success,1.0
Modified,blocked_road,19,density_radius,3,success,1.0
Modified,blocked_road,20,density_radius,3,success,1.0
Modified,blocked_road,21,density_radius,3,success,1.0
Modified,blocked_road,22,density_radius,3,success,1.0
Modified,blocked_road,23,density_radius,3,success,1.0
Modified,blocked_road,24,density_radius,3,success,1.0
Modified,blocked_road,25,density_radius,3,success,1.0
Modified,blocked_road,26,density_radius,3,success,1.0
Modified,blocked_road,27,density_radius,3,success,1.0
Modified,blocked_road,28,density_radius,3,success,1.0
Modified,blocked_road,29,density_radius,3,success,1.0
Modified,dense_city,0,density_radius,3,success,1.0
Modified,dense_city,1,density_radius,3,success,1.0
Modified,dense_city,2,density_radius,3,success,1.0
Modified,dense_city,3,density_radius,3,success,1.0
Modified,dense_city,4,density_radius,3,success,1.0
Modified,dense_city,5,density_radius,3,success,1.0
Modified,dense_city,6,density_radius,3,success,1.0
Modified,dense_city,7,density_radius,3,success,1.0
Modified,dense_city,8,density_radius,3,success,1.0
Modified,dense_city,9,density_radius,3,success,0.0
Modified,dense_city,10,density_radius,3,success,1.0
Modified,dense_city,11,density_radius,3,success,1.0
Modified,dense_city,12,density_radius,3,success,1.0
Modified,dense_city,13,density_radius,3,success,1.0
Modified,dense_city,14,density_radius,3,success,1.0
Modified,dense_city,15,density_radius,3,success,1.0
Modified,dense_city,16,density_radius,3,success,1.0
Modified,dense_city,17,density_radius,3,success,1.0
Modified,dense_city,18,density_radius,3,success,1.0
Modified,dense_city,19,density_radius,3,success,1.0
Modified,dense_city,20,density_radius,3,success,1.0
Modified,dense_city,21,density_radius,3,success,1.0
Modified,dense_city,22,density_radius,3,success,1.0
Modified,dense_city,23,density_radius,3,success,1.0
Modified,dense_city,24,density_radius,3,success,1.0
Modified,dense_city,25,density_radius,3,success,1.0
Modified,dense_city,26,density_radius,3,success,1.0
Modified,dense_city,27,density_radius,3,success,1.0
Modified,dense_city,28,density_radius,3,success,1.0
Modified,dense_city,29,density_radius,3,success,1.0
Modified,normal_city,0,density_radius,6,success,1.0
Modified,normal_city,1,density_radius,6,success,1.0
Modified,normal_city,2,density_radius,6,success,1.0
Modified,normal_city,3,density_radius,6,success,1.0
Modified,normal_city,4,density_radius,6,success,1.0
Modified,normal_city,5,density_radius,6,success,1.0
Modified,normal_city,6,density_radius,6,success,1.0
Modified,normal_city,7,density_radius,6,success,1.0
Modified,normal_city,8,density_radius,6,success,1.0
Modified,normal_city,9,density_radius,6,success,1.0
Modified,normal_city,10,density_radius,6,success,1.0
Modified,normal_city,11,density_radius,6,success,1.0
Modified,normal_city,12,density_radius,6,success,1.0
Modified,normal_city,13,density_radius,6,success,1.0
Modified,normal_city,14,density_radius,6,success,1.0
Modified,normal_city,15,density_radius,6,success,1.0
Modified,normal_city,16,density_radius,6,success,1.0
Modified,normal_city,17,density_radius,6,success,1.0
Modified,normal_city,18,density_radius,6,success,1.0
Modified,normal_city,19,density_radius,6,success,1.0
Modified,normal_city,20,density_radius,6,success,1.0
Modified,normal_city,21,density_radius,6,success,1.0
Modified,normal_city,22,density_radius,6,success,1.0
Modified,normal_city,23,density_radius,6,success,1.0
Modified,normal_city,24,density_radius,6,success,1.0
Modified,normal_city,25,density_radius,6,success,1.0
Modified,normal_city,26,density_radius,6,success,1.0
Modified,normal_city,27,density_radius,6,success,1.0
Modified,normal_city,28,density_radius,6,success,1.0
Modified,normal_city,29,density_radius,6,success,1.0
Modified,blocked_road,0,density_radius,6,success,1.0
Modified,blocked_road,1,density_radius,6,success,1.0
Modified,blocked_road,2,density_radius,6,success,1.0
Modified,blocked_road,3,density_radius,6,success,1.0
Modified,blocked_road,4,density_radius,6,success,1.0
Modified,blocked_road,5,density_radius,6,success,1.0
Modified,blocked_road,6,density_radius,6,success,1.0
Modified,blocked_road,7,density_radius,6,success,1.0
Modified,blocked_road,8,density_radius,6,success,1.0
Modified,blocked_road,9,density_radius,6,success,1.0
Modified,blocked_road,10,density_radius,6,success,1.0
Modified,blocked_road,11,density_radius,6,success,1.0
Modified,blocked_road,12,density_radius,6,success,1.0
Modified,blocked_road,13,density_radius,6,success,1.0
Modified,blocked_road,14,density_radius,6,success,1.0
Modified,blocked_road,15,density_radius,6,success,1.0
Modified,blocked_road,16,density_radius,6,success,1.0
Modified,blocked_road,17,density_radius,6,success,1.0
Modified,blocked_road,18,density_radius,6,success,1.0
Modified,blocked_road,19,density_radius,6,success,1.0
Modified,blocked_road,20,density_radius,6,success,1.0
Modified,blocked_road,21,density_radius,6,success,1.0
Modified,blocked_road,22,density_radius,6,success,1.0
Modified,blocked_road,23,density_radius,6,success,1.0
Modified,blocked_road,24,density_radius,6,success,1.0
Modified,blocked_road,25,density_radius,6,success,1.0
Modified,blocked_road,26,density_radius,6,success,1.0
Modified,blocked_road,27,density_radius,6,success,1.0
Modified,blocked_road,28,density_radius,6,success,1.0
Modified,blocked_road,29,density_radius,6,success,1.0
Modified,dense_city,0,density_radius,6,success,1.0
Modified,dense_city,1,density_radius,6,success,1.0
Modified,dense_city,2,density_radius,6,success,1.0
Modified,dense_city,3,density_radius,6,success,1.0
Modified,dense_city,4,density_radius,6,success,1.0
Modified,dense_city,5,density_radius,6,success,1.0
Modified,dense_city,6,density_radius,6,success,1.0
Modified,dense_city,7,density_radius,6,success,1.0
Modified,dense_city,8,density_radius,6,success,1.0
Modified,dense_city,9,density_radius,6,success,0.0
Modified,dense_city,10,density_radius,6,success,1.0
Modified,dense_city,11,density_radius,6,success,1.0
Modified,dense_city,12,density_radius,6,success,1.0
Modified,dense_city,13,density_radius,6,success,1.0
Modified,dense_city,14,density_radius,6,success,1.0
Modified,dense_city,15,density_radius,6,success,1.0
Modified,dense_city,16,density_radius,6,success,1.0
Modified,dense_city,17,density_radius,6,success,1.0
Modified,dense_city,18,density_radius,6,success,1.0
Modified,dense_city,19,density_radius,6,success,1.0
Modified,dense_city,20,density_radius,6,success,1.0
Modified,dense_city,21,density_radius,6,success,1.0
Modified,dense_city,22,density_radius,6,success,1.0
Modified,dense_city,23,density_radius,6,success,1.0
Modified,dense_city,24,density_radius,6,success,1.0
Modified,dense_city,25,density_radius,6,success,1.0
Modified,dense_city,26,density_radius,6,success,1.0
Modified,dense_city,27,density_radius,6,success,1.0
Modified,dense_city,28,density_radius,6,success,1.0
Modified,dense_city,29,density_radius,6,success,1.0
Modified,normal_city,0,density_radius,9,success,1.0
Modified,normal_city,1,density_radius,9,success,1.0
Modified,normal_city,2,density_radius,9,success,1.0
Modified,normal_city,3,density_radius,9,success,1.0
Modified,normal_city,4,density_radius,9,success,1.0
Modified,normal_city,5,density_radius,9,success,1.0
Modified,normal_city,6,density_radius,9,success,1.0
Modified,normal_city,7,density_radius,9,success,1.0
Modified,normal_city,8,density_radius,9,success,1.0
Modified,normal_city,9,density_radius,9,success,1.0
Modified,normal_city,10,density_radius,9,success,1.0
Modified,normal_city,11,density_radius,9,success,1.0
Modified,normal_city,12,density_radius,9,success,1.0
Modified,normal_city,13,density_radius,9,success,1.0
Modified,normal_city,14,density_radius,9,success,1.0
Modified,normal_city,15,density_radius,9,success,1.0
Modified,normal_city,16,density_radius,9,success,1.0
Modified,normal_city,17,density_radius,9,success,1.0
Modified,normal_city,18,density_radius,9,success,1.0
Modified,normal_city,19,density_radius,9,success,1.0
Modified,normal_city,20,density_radius,9,success,1.0
Modified,normal_city,21,density_radius,9,success,1.0
Modified,normal_city,22,density_radius,9,success,1.0
Modified,normal_city,23,density_radius,9,success,1.0
Modified,normal_city,24,density_radius,9,success,1.0
Modified,normal_city,25,density_radius,9,success,1.0
Modified,normal_city,26,density_radius,9,success,1.0
Modified,normal_city,27,density_radius,9,success,1.0
Modified,normal_city,28,density_radius,9,success,1.0
Modified,normal_city,29,density_radius,9,success,1.0
Modified,blocked_road,0,density_radius,9,success,1.0
Modified,blocked_road,1,density_radius,9,success,1.0
Modified,blocked_road,2,density_radius,9,success,1.0
Modified,blocked_road,3,density_radius,9,success,1.0
Modified,blocked_road,4,density_radius,9,success,1.0
Modified,blocked_road,5,density_radius,9,success,1.0
Modified,blocked_road,6,density_radius,9,success,1.0
Modified,blocked_road,7,density_radius,9,success,1.0
Modified,blocked_road,8,density_radius,9,success,1.0
Modified,blocked_road,9,density_radius,9,success,1.0
Modified,blocked_road,10,density_radius,9,success,1.0
Modified,blocked_road,11,density_radius,9,success,1.0
Modified,blocked_road,12,density_radius,9,success,1.0
Modified,blocked_road,13,density_radius,9,success,1.0
Modified,blocked_road,14,density_radius,9,success,1.0
Modified,blocked_road,15,density_radius,9,success,1.0
Modified,blocked_road,16,density_radius,9,success,1.0
Modified,blocked_road,17,density_radius,9,success,1.0
Modified,blocked_road,18,density_radius,9,success,1.0
Modified,blocked_road,19,density_radius,9,success,1.0
Modified,blocked_road,20,density_radius,9,success,1.0
Modified,blocked_road,21,density_radius,9,success,1.0
Modified,blocked_road,22,density_radius,9,success,1.0
Modified,blocked_road,23,density_radius,9,success,1.0
Modified,blocked_road,24,density_radius,9,success,1.0
Modified,blocked_road,25,density_radius,9,success,1.0
Modified,blocked_road,26,density_radius,9,success,1.0
Modified,blocked_road,27,density_radius,9,success,1.0
Modified,blocked_road,28,density_radius,9,success,1.0
Modified,blocked_road,29,density_radius,9,success,1.0
Modified,dense_city,0,density_radius,9,success,1.0
Modified,dense_city,1,density_radius,9,success,1.0
Modified,dense_city,2,density_radius,9,success,1.0
Modified,dense_city,3,density_radius,9,success,1.0
Modified,dense_city,4,density_radius,9,success,1.0
Modified,dense_city,5,density_radius,9,success,1.0
Modified,dense_city,6,density_radius,9,success,1.0
Modified,dense_city,7,density_radius,9,success,1.0
Modified,dense_city,8,density_radius,9,success,1.0
Modified,dense_city,9,density_radius,9,success,0.0
Modified,dense_city,10,density_radius,9,success,1.0
Modified,dense_city,11,density_radius,9,success,1.0
Modified,dense_city,12,density_radius,9,success,1.0
Modified,dense_city,13,density_radius,9,success,1.0
Modified,dense_city,14,density_radius,9,success,1.0
Modified,dense_city,15,density_radius,9,success,1.0
Modified,dense_city,16,density_radius,9,success,1.0
Modified,dense_city,17,density_radius,9,success,1.0
Modified,dense_city,18,density_radius,9,success,1.0
Modified,dense_city,19,density_radius,9,success,1.0
Modified,dense_city,20,density_radius,9,success,1.0
Modified,dense_city,21,density_radius,9,success,1.0
Modified,dense_city,22,density_radius,9,success,1.0
Modified,dense_city,23,density_radius,9,success,1.0
Modified,dense_city,24,density_radius,9,success,1.0
Modified,dense_city,25,density_radius,9,success,1.0
Modified,dense_city,26,density_radius,9,success,1.0
Modified,dense_city,27,density_radius,9,success,1.0
Modified,dense_city,28,density_radius,9,success,1.0
Modified,dense_city,29,density_radius,9,success,1.0
Modified,normal_city,0,density_radius,12,success,1.0
Modified,normal_city,1,density_radius,12,success,1.0
Modified,normal_city,2,density_radius,12,success,1.0
Modified,normal_city,3,density_radius,12,success,1.0
Modified,normal_city,4,density_radius,12,success,1.0
Modified,normal_city,5,density_radius,12,success,1.0
Modified,normal_city,6,density_radius,12,success,1.0
Modified,normal_city,7,density_radius,12,success,1.0
Modified,normal_city,8,density_radius,12,success,1.0
Modified,normal_city,9,density_radius,12,success,1.0
Modified,normal_city,10,density_radius,12,success,1.0
Modified,normal_city,11,density_radius,12,success,1.0
Modified,normal_city,12,density_radius,12,success,1.0
Modified,normal_city,13,density_radius,12,success,1.0
Modified,normal_city,14,density_radius,12,success,1.0
Modified,normal_city,15,density_radius,12,success,1.0
Modified,normal_city,16,density_radius,12,success,1.0
Modified,normal_city,17,density_radius,12,success,1.0
Modified,normal_city,18,density_radius,12,success,1.0
Modified,normal_city,19,density_radius,12,success,1.0
Modified,normal_city,20,density_radius,12,success,1.0
Modified,normal_city,21,density_radius,12,success,1.0
Modified,normal_city,22,density_radius,12,success,1.0
Modified,normal_city,23,density_radius,12,success,1.0
Modified,normal_city,24,density_radius,12,success,1.0
Modified,normal_city,25,density_radius,12,success,1.0
Modified,normal_city,26,density_radius,12,success,1.0
Modified,normal_city,27,density_radius,12,success,1.0
Modified,normal_city,28,density_radius,12,success,1.0
Modified,normal_city,29,density_radius,12,success,1.0
Modified,blocked_road,0,density_radius,12,success,1.0
Modified,blocked_road,1,density_radius,12,success,1.0
Modified,blocked_road,2,density_radius,12,success,1.0
Modified,blocked_road,3,density_radius,12,success,1.0
Modified,blocked_road,4,density_radius,12,success,1.0
Modified,blocked_road,5,density_radius,12,success,1.0
Modified,blocked_road,6,density_radius,12,success,1.0
Modified,blocked_road,7,density_radius,12,success,1.0
Modified,blocked_road,8,density_radius,12,success,1.0
Modified,blocked_road,9,density_radius,12,success,1.0
Modified,blocked_road,10,density_radius,12,success,1.0
Modified,blocked_road,11,density_radius,12,success,1.0
Modified,blocked_road,12,density_radius,12,success,1.0
Modified,blocked_road,13,density_radius,12,success,1.0
Modified,blocked_road,14,density_radius,12,success,1.0
Modified,blocked_road,15,density_radius,12,success,1.0
Modified,blocked_road,16,density_radius,12,success,1.0
Modified,blocked_road,17,density_radius,12,success,1.0
Modified,blocked_road,18,density_radius,12,success,1.0
Modified,blocked_road,19,density_radius,12,success,1.0
Modified,blocked_road,20,density_radius,12,success,1.0
Modified,blocked_road,21,density_radius,12,success,1.0
Modified,blocked_road,22,density_radius,12,success,1.0
Modified,blocked_road,23,density_radius,12,success,1.0
Modified,blocked_road,24,density_radius,12,success,1.0
Modified,blocked_road,25,density_radius,12,success,1.0
Modified,blocked_road,26,density_radius,12,success,1.0
Modified,blocked_road,27,density_radius,12,success,1.0
Modified,blocked_road,28,density_radius,12,success,1.0
Modified,blocked_road,29,density_radius,12,success,1.0
Modified,dense_city,0,density_radius,12,success,1.0
Modified,dense_city,1,density_radius,12,success,1.0
Modified,dense_city,2,density_radius,12,success,1.0
Modified,dense_city,3,density_radius,12,success,1.0
Modified,dense_city,4,density_radius,12,success,1.0
Modified,dense_city,5,density_radius,12,success,1.0
Modified,dense_city,6,density_radius,12,success,1.0
Modified,dense_city,7,density_radius,12,success,1.0
Modified,dense_city,8,density_radius,12,success,1.0
Modified,dense_city,9,density_radius,12,success,0.0
Modified,dense_city,10,density_radius,12,success,1.0
Modified,dense_city,11,density_radius,12,success,1.0
Modified,dense_city,12,density_radius,12,success,1.0
Modified,dense_city,13,density_radius,12,success,1.0
Modified,dense_city,14,density_radius,12,success,1.0
Modified,dense_city,15,density_radius,12,success,1.0
Modified,dense_city,16,density_radius,12,success,1.0
Modified,dense_city,17,density_radius,12,success,1.0
Modified,dense_city,18,density_radius,12,success,1.0
Modified,dense_city,19,density_radius,12,success,1.0
Modified,dense_city,20,density_radius,12,success,1.0
Modified,dense_city,21,density_radius,12,success,1.0
Modified,dense_city,22,density_radius,12,success,1.0
Modified,dense_city,23,density_radius,12,success,1.0
Modified,dense_city,24,density_radius,12,success,1.0
Modified,dense_city,25,density_radius,12,success,1.0
Modified,dense_city,26,density_radius,12,success,1.0
Modified,dense_city,27,density_radius,12,success,1.0
Modified,dense_city,28,density_radius,12,success,1.0
Modified,dense_city,29,density_radius,12,success,1.0
Modified,normal_city,0,density_radius,3,path_length,150.442
Modified,normal_city,1,density_radius,3,path_length,159.276
Modified,normal_city,2,density_radius,3,path_length,153.253
Modified,normal_city,3,density_radius,3,path_length,161.153
Modified,normal_city,4,density_radius,3,path_length,159.383
Modified,normal_city,5,density_radius,3,path_length,151.623
Modified,normal_city,6,density_radius,3,path_length,145.826
Modified,normal_city,7,density_radius,3,path_length,152.348
Modified,normal_city,8,density_radius,3,path_length,193.765
Modified,normal_city,9,density_radius,3,path_length,148.228
Modified,normal_city,10,density_radius,3,path_length,152.05
Modified,normal_city,11,density_radius,3,path_length,151.762
Modified,normal_city,12,density_radius,3,path_length,160.127
Modified,normal_city,13,density_radius,3,path_length,154.808
Modified,normal_city,14,density_radius,3,path_length,149.26
Modified,normal_city,15,density_radius,3,path_length,150.79
Modified,normal_city,16,density_radius,3,path_length,147.59
Modified,normal_city,17,density_radius,3,path_length,150.6
Modified,normal_city,18,density_radius,3,path_length,149.044
Modified,normal_city,19,density_radius,3,path_length,154.539
Modified,normal_city,20,density_radius,3,path_length,152.431
Modified,normal_city,21,density_radius,3,path_length,154.495
Modified,normal_city,22,density_radius,3,path_length,166.026
Modified,normal_city,23,density_radius,3,path_length,151.076
Modified,normal_city,24,density_radius,3,path_length,153.04
Modified,normal_city,25,density_radius,3,path_length,155.35
Modified,normal_city,26,density_radius,3,path_length,146.316
Modified,normal_city,27,density_radius,3,path_length,159.774
Modified,normal_city,28,density_radius,3,path_length,156.828
Modified,normal_city,29,density_radius,3,path_length,148.722
Modified,blocked_road,0,density_radius,3,path_length,201.862
Modified,blocked_road,1,density_radius,3,path_length,209.082
Modified,blocked_road,2,density_radius,3,path_length,183.573
Modified,blocked_road,3,density_radius,3,path_length,162.228
Modified,blocked_road,4,density_radius,3,path_length,254.048
Modified,blocked_road,5,density_radius,3,path_length,212.464
Modified,blocked_road,6,density_radius,3,path_length,167.294
Modified,blocked_road,7,density_radius,3,path_length,160.752
Modified,blocked_road,8,density_radius,3,path_length,172.23
Modified,blocked_road,9,density_radius,3,path_length,162.52
Modified,blocked_road,10,density_radius,3,path_length,188.185
Modified,blocked_road,11,density_radius,3,path_length,185.832
Modified,blocked_road,12,density_radius,3,path_length,205.42
Modified,blocked_road,13,density_radius,3,path_length,167.364
Modified,blocked_road,14,density_radius,3,path_length,203.815
Modified,blocked_road,15,density_radius,3,path_length,210.676
Modified,blocked_road,16,density_radius,3,path_length,203.129
Modified,blocked_road,17,density_radius,3,path_length,157.145
Modified,blocked_road,18,density_radius,3,path_length,160.505
Modified,blocked_road,19,density_radius,3,path_length,198.783
Modified,blocked_road,20,density_radius,3,path_length,202.529
Modified,blocked_road,21,density_radius,3,path_length,165.136
Modified,blocked_road,22,density_radius,3,path_length,153.581
Modified,blocked_road,23,density_radius,3,path_length,146.766
Modified,blocked_road,24,density_radius,3,path_length,158.0
Modified,blocked_road,25,density_radius,3,path_length,156.388
Modified,blocked_road,26,density_radius,3,path_length,163.641
Modified,blocked_road,27,density_radius,3,path_length,163.08
Modified,blocked_road,28,density_radius,3,path_length,163.782
Modified,blocked_road,29,density_radius,3,path_length,152.785
Modified,dense_city,0,density_radius,3,path_length,168.475
Modified,dense_city,1,density_radius,3,path_length,158.972
Modified,dense_city,2,density_radius,3,path_length,206.999
Modified,dense_city,3,density_radius,3,path_length,162.238
Modified,dense_city,4,density_radius,3,path_length,159.764
Modified,dense_city,5,density_radius,3,path_length,171.628
Modified,dense_city,6,density_radius,3,path_length,179.38
Modified,dense_city,7,density_radius,3,path_length,199.842
Modified,dense_city,8,density_radius,3,path_length,156.145
Modified,dense_city,9,density_radius,3,path_length,
Modified,dense_city,10,density_radius,3,path_length,154.2
Modified,dense_city,11,density_radius,3,path_length,158.873
Modified,dense_city,12,density_radius,3,path_length,159.959
Modified,dense_city,13,density_radius,3,path_length,157.784
Modified,dense_city,14,density_radius,3,path_length,176.809
Modified,dense_city,15,density_radius,3,path_length,256.233
Modified,dense_city,16,density_radius,3,path_length,154.747
Modified,dense_city,17,density_radius,3,path_length,184.606
Modified,dense_city,18,density_radius,3,path_length,164.685
Modified,dense_city,19,density_radius,3,path_length,159.852
Modified,dense_city,20,density_radius,3,path_length,151.249
Modified,dense_city,21,density_radius,3,path_length,155.037
Modified,dense_city,22,density_radius,3,path_length,154.397
Modified,dense_city,23,density_radius,3,path_length,157.416
Modified,dense_city,24,density_radius,3,path_length,149.609
Modified,dense_city,25,density_radius,3,path_length,152.229
Modified,dense_city,26,density_radius,3,path_length,154.37
Modified,dense_city,27,density_radius,3,path_length,152.855
Modified,dense_city,28,density_radius,3,path_length,164.357
Modified,dense_city,29,density_radius,3,path_length,165.057
Modified,normal_city,0,density_radius,6,path_length,150.442
Modified,normal_city,1,density_radius,6,path_length,159.276
Modified,normal_city,2,density_radius,6,path_length,153.253
Modified,normal_city,3,density_radius,6,path_length,157.838
Modified,normal_city,4,density_radius,6,path_length,159.383
Modified,normal_city,5,density_radius,6,path_length,151.623
Modified,normal_city,6,density_radius,6,path_length,145.826
Modified,normal_city,7,density_radius,6,path_length,152.348
Modified,normal_city,8,density_radius,6,path_length,193.765
Modified,normal_city,9,density_radius,6,path_length,148.228
Modified,normal_city,10,density_radius,6,path_length,152.05
Modified,normal_city,11,density_radius,6,path_length,151.762
Modified,normal_city,12,density_radius,6,path_length,161.553
Modified,normal_city,13,density_radius,6,path_length,154.808
Modified,normal_city,14,density_radius,6,path_length,149.26
Modified,normal_city,15,density_radius,6,path_length,150.79
Modified,normal_city,16,density_radius,6,path_length,147.59
Modified,normal_city,17,density_radius,6,path_length,150.6
Modified,normal_city,18,density_radius,6,path_length,149.044
Modified,normal_city,19,density_radius,6,path_length,154.539
Modified,normal_city,20,density_radius,6,path_length,152.431
Modified,normal_city,21,density_radius,6,path_length,154.495
Modified,normal_city,22,density_radius,6,path_length,161.174
Modified,normal_city,23,density_radius,6,path_length,151.076
Modified,normal_city,24,density_radius,6,path_length,153.04
Modified,normal_city,25,density_radius,6,path_length,155.35
Modified,normal_city,26,density_radius,6,path_length,146.316
Modified,normal_city,27,density_radius,6,path_length,160.81
Modified,normal_city,28,density_radius,6,path_length,156.828
Modified,normal_city,29,density_radius,6,path_length,148.722
Modified,blocked_road,0,density_radius,6,path_length,200.596
Modified,blocked_road,1,density_radius,6,path_length,207.092
Modified,blocked_road,2,density_radius,6,path_length,183.573
Modified,blocked_road,3,density_radius,6,path_length,162.228
Modified,blocked_road,4,density_radius,6,path_length,299.831
Modified,blocked_road,5,density_radius,6,path_length,212.464
Modified,blocked_road,6,density_radius,6,path_length,167.294
Modified,blocked_road,7,density_radius,6,path_length,160.752
Modified,blocked_road,8,density_radius,6,path_length,172.23
Modified,blocked_road,9,density_radius,6,path_length,163.909
Modified,blocked_road,10,density_radius,6,path_length,188.185
Modified,blocked_road,11,density_radius,6,path_length,185.832
Modified,blocked_road,12,density_radius,6,path_length,205.64
Modified,blocked_road,13,density_radius,6,path_length,167.364
Modified,blocked_road,14,density_radius,6,path_length,202.123
Modified,blocked_road,15,density_radius,6,path_length,205.189
Modified,blocked_road,16,density_radius,6,path_length,200.612
Modified,blocked_road,17,density_radius,6,path_length,157.145
Modified,blocked_road,18,density_radius,6,path_length,160.517
Modified,blocked_road,19,density_radius,6,path_length,198.783
Modified,blocked_road,20,density_radius,6,path_length,196.862
Modified,blocked_road,21,density_radius,6,path_length,165.136
Modified,blocked_road,22,density_radius,6,path_length,153.581
Modified,blocked_road,23,density_radius,6,path_length,146.766
Modified,blocked_road,24,density_radius,6,path_length,158.0
Modified,blocked_road,25,density_radius,6,path_length,156.388
Modified,blocked_road,26,density_radius,6,path_length,165.429
Modified,blocked_road,27,density_radius,6,path_length,163.08
Modified,blocked_road,28,density_radius,6,path_length,163.782
Modified,blocked_road,29,density_radius,6,path_length,152.785
Modified,dense_city,0,density_radius,6,path_length,168.475
Modified,dense_city,1,density_radius,6,path_length,158.972
Modified,dense_city,2,density_radius,6,path_length,206.999
Modified,dense_city,3,density_radius,6,path_length,162.238
Modified,dense_city,4,density_radius,6,path_length,159.764
Modified,dense_city,5,density_radius,6,path_length,161.497
Modified,dense_city,6,density_radius,6,path_length,179.38
Modified,dense_city,7,density_radius,6,path_length,197.399
Modified,dense_city,8,density_radius,6,path_length,156.145
Modified,dense_city,9,density_radius,6,path_length,
Modified,dense_city,10,density_radius,6,path_length,154.2
Modified,dense_city,11,density_radius,6,path_length,158.873
Modified,dense_city,12,density_radius,6,path_length,162.728
Modified,dense_city,13,density_radius,6,path_length,157.784
Modified,dense_city,14,density_radius,6,path_length,176.809
Modified,dense_city,15,density_radius,6,path_length,256.233
Modified,dense_city,16,density_radius,6,path_length,154.747
Modified,dense_city,17,density_radius,6,path_length,184.606
Modified,dense_city,18,density_radius,6,path_length,164.685
Modified,dense_city,19,density_radius,6,path_length,159.852
Modified,dense_city,20,density_radius,6,path_length,151.249
Modified,dense_city,21,density_radius,6,path_length,155.037
Modified,dense_city,22,density_radius,6,path_length,154.397
Modified,dense_city,23,density_radius,6,path_length,157.416
Modified,dense_city,24,density_radius,6,path_length,149.609
Modified,dense_city,25,density_radius,6,path_length,152.229
Modified,dense_city,26,density_radius,6,path_length,154.37
Modified,dense_city,27,density_radius,6,path_length,152.855
Modified,dense_city,28,density_radius,6,path_length,164.357
Modified,dense_city,29,density_radius,6,path_length,165.057
Modified,normal_city,0,density_radius,9,path_length,150.442
Modified,normal_city,1,density_radius,9,path_length,159.276
Modified,normal_city,2,density_radius,9,path_length,153.253
Modified,normal_city,3,density_radius,9,path_length,159.69
Modified,normal_city,4,density_radius,9,path_length,159.383
Modified,normal_city,5,density_radius,9,path_length,151.623
Modified,normal_city,6,density_radius,9,path_length,145.826
Modified,normal_city,7,density_radius,9,path_length,152.348
Modified,normal_city,8,density_radius,9,path_length,149.681
Modified,normal_city,9,density_radius,9,path_length,148.228
Modified,normal_city,10,density_radius,9,path_length,152.05
Modified,normal_city,11,density_radius,9,path_length,152.598
Modified,normal_city,12,density_radius,9,path_length,161.553
Modified,normal_city,13,density_radius,9,path_length,154.808
Modified,normal_city,14,density_radius,9,path_length,149.26
Modified,normal_city,15,density_radius,9,path_length,150.79
Modified,normal_city,16,density_radius,9,path_length,147.59
Modified,normal_city,17,density_radius,9,path_length,150.6
Modified,normal_city,18,density_radius,9,path_length,149.044
Modified,normal_city,19,density_radius,9,path_length,154.539
Modified,normal_city,20,density_radius,9,path_length,152.431
Modified,normal_city,21,density_radius,9,path_length,154.495
Modified,normal_city,22,density_radius,9,path_length,160.423
Modified,normal_city,23,density_radius,9,path_length,151.076
Modified,normal_city,24,density_radius,9,path_length,152.694
Modified,normal_city,25,density_radius,9,path_length,155.35
Modified,normal_city,26,density_radius,9,path_length,146.316
Modified,normal_city,27,density_radius,9,path_length,161.916
Modified,normal_city,28,density_radius,9,path_length,156.828
Modified,normal_city,29,density_radius,9,path_length,148.722
Modified,blocked_road,0,density_radius,9,path_length,200.596
Modified,blocked_road,1,density_radius,9,path_length,207.092
Modified,blocked_road,2,density_radius,9,path_length,183.573
Modified,blocked_road,3,density_radius,9,path_length,162.228
Modified,blocked_road,4,density_radius,9,path_length,219.892
Modified,blocked_road,5,density_radius,9,path_length,212.464
Modified,blocked_road,6,density_radius,9,path_length,169.919
Modified,blocked_road,7,density_radius,9,path_length,160.752
Modified,blocked_road,8,density_radius,9,path_length,172.23
Modified,blocked_road,9,density_radius,9,path_length,162.52
Modified,blocked_road,10,density_radius,9,path_length,188.185
Modified,blocked_road,11,density_radius,9,path_length,185.832
Modified,blocked_road,12,density_radius,9,path_length,174.793
Modified,blocked_road,13,density_radius,9,path_length,157.309
Modified,blocked_road,14,density_radius,9,path_length,210.84
Modified,blocked_road,15,density_radius,9,path_length,205.189
Modified,blocked_road,16,density_radius,9,path_length,200.091
Modified,blocked_road,17,density_radius,9,path_length,157.145
Modified,blocked_road,18,density_radius,9,path_length,159.49
Modified,blocked_road,19,density_radius,9,path_length,198.783
Modified,blocked_road,20,density_radius,9,path_length,196.862
Modified,blocked_road,21,density_radius,9,path_length,165.136
Modified,blocked_road,22,density_radius,9,path_length,153.581
Modified,blocked_road,23,density_radius,9,path_length,146.766
Modified,blocked_road,24,density_radius,9,path_length,158.0
Modified,blocked_road,25,density_radius,9,path_length,177.126
Modified,blocked_road,26,density_radius,9,path_length,164.622
Modified,blocked_road,27,density_radius,9,path_length,163.08
Modified,blocked_road,28,density_radius,9,path_length,163.782
Modified,blocked_road,29,density_radius,9,path_length,152.785
Modified,dense_city,0,density_radius,9,path_length,168.475
Modified,dense_city,1,density_radius,9,path_length,158.972
Modified,dense_city,2,density_radius,9,path_length,206.999
Modified,dense_city,3,density_radius,9,path_length,162.238
Modified,dense_city,4,density_radius,9,path_length,159.764
Modified,dense_city,5,density_radius,9,path_length,173.54
Modified,dense_city,6,density_radius,9,path_length,179.38
Modified,dense_city,7,density_radius,9,path_length,187.952
Modified,dense_city,8,density_radius,9,path_length,156.145
Modified,dense_city,9,density_radius,9,path_length,
Modified,dense_city,10,density_radius,9,path_length,154.2
Modified,dense_city,11,density_radius,9,path_length,158.873
Modified,dense_city,12,density_radius,9,path_length,162.728
Modified,dense_city,13,density_radius,9,path_length,157.784
Modified,dense_city,14,density_radius,9,path_length,176.809
Modified,dense_city,15,density_radius,9,path_length,256.233
Modified,dense_city,16,density_radius,9,path_length,154.747
Modified,dense_city,17,density_radius,9,path_length,184.606
Modified,dense_city,18,density_radius,9,path_length,164.685
Modified,dense_city,19,density_radius,9,path_length,159.852
Modified,dense_city,20,density_radius,9,path_length,151.249
Modified,dense_city,21,density_radius,9,path_length,155.037
Modified,dense_city,22,density_radius,9,path_length,154.397
Modified,dense_city,23,density_radius,9,path_length,157.416
Modified,dense_city,24,density_radius,9,path_length,149.609
Modified,dense_city,25,density_radius,9,path_length,152.229
Modified,dense_city,26,density_radius,9,path_length,154.37
Modified,dense_city,27,density_radius,9,path_length,152.855
Modified,dense_city,28,density_radius,9,path_length,164.357
Modified,dense_city,29,density_radius,9,path_length,165.057
Modified,normal_city,0,density_radius,12,path_length,150.442
Modified,normal_city,1,density_radius,12,path_length,159.276
Modified,normal_city,2,density_radius,12,path_length,153.253
Modified,normal_city,3,density_radius,12,path_length,158.144
Modified,normal_city,4,density_radius,12,path_length,159.383
Modified,normal_city,5,density_radius,12,path_length,151.623
Modified,normal_city,6,density_radius,12,path_length,145.826
Modified,normal_city,7,density_radius,12,path_length,152.348
Modified,normal_city,8,density_radius,12,path_length,150.318
Modified,normal_city,9,density_radius,12,path_length,148.228
Modified,normal_city,10,density_radius,12,path_length,152.05
Modified,normal_city,11,density_radius,12,path_length,152.598
Modified,normal_city,12,density_radius,12,path_length,152.582
Modified,normal_city,13,density_radius,12,path_length,154.808
Modified,normal_city,14,density_radius,12,path_length,149.26
Modified,normal_city,15,density_radius,12,path_length,150.79
Modified,normal_city,16,density_radius,12,path_length,147.59
Modified,normal_city,17,density_radius,12,path_length,150.6
Modified,normal_city,18,density_radius,12,path_length,149.044
Modified,normal_city,19,density_radius,12,path_length,154.539
Modified,normal_city,20,density_radius,12,path_length,152.431
Modified,normal_city,21,density_radius,12,path_length,148.477
Modified,normal_city,22,density_radius,12,path_length,151.461
Modified,normal_city,23,density_radius,12,path_length,151.076
Modified,normal_city,24,density_radius,12,path_length,149.195
Modified,normal_city,25,density_radius,12,path_length,155.35
Modified,normal_city,26,density_radius,12,path_length,146.316
Modified,normal_city,27,density_radius,12,path_length,161.916
Modified,normal_city,28,density_radius,12,path_length,156.828
Modified,normal_city,29,density_radius,12,path_length,148.722
Modified,blocked_road,0,density_radius,12,path_length,200.596
Modified,blocked_road,1,density_radius,12,path_length,207.092
Modified,blocked_road,2,density_radius,12,path_length,183.573
Modified,blocked_road,3,density_radius,12,path_length,162.228
Modified,blocked_road,4,density_radius,12,path_length,219.892
Modified,blocked_road,5,density_radius,12,path_length,212.464
Modified,blocked_road,6,density_radius,12,path_length,169.919
Modified,blocked_road,7,density_radius,12,path_length,160.752
Modified,blocked_road,8,density_radius,12,path_length,172.23
Modified,blocked_road,9,density_radius,12,path_length,162.52
Modified,blocked_road,10,density_radius,12,path_length,188.185
Modified,blocked_road,11,density_radius,12,path_length,185.832
Modified,blocked_road,12,density_radius,12,path_length,205.64
Modified,blocked_road,13,density_radius,12,path_length,155.952
Modified,blocked_road,14,density_radius,12,path_length,210.84
Modified,blocked_road,15,density_radius,12,path_length,205.189
Modified,blocked_road,16,density_radius,12,path_length,200.122
Modified,blocked_road,17,density_radius,12,path_length,157.145
Modified,blocked_road,18,density_radius,12,path_length,159.49
Modified,blocked_road,19,density_radius,12,path_length,198.783
Modified,blocked_road,20,density_radius,12,path_length,196.862
Modified,blocked_road,21,density_radius,12,path_length,165.136
Modified,blocked_road,22,density_radius,12,path_length,153.581
Modified,blocked_road,23,density_radius,12,path_length,146.766
Modified,blocked_road,24,density_radius,12,path_length,158.0
Modified,blocked_road,25,density_radius,12,path_length,156.388
Modified,blocked_road,26,density_radius,12,path_length,163.641
Modified,blocked_road,27,density_radius,12,path_length,163.08
Modified,blocked_road,28,density_radius,12,path_length,163.782
Modified,blocked_road,29,density_radius,12,path_length,152.785
Modified,dense_city,0,density_radius,12,path_length,168.475
Modified,dense_city,1,density_radius,12,path_length,158.972
Modified,dense_city,2,density_radius,12,path_length,206.999
Modified,dense_city,3,density_radius,12,path_length,162.238
Modified,dense_city,4,density_radius,12,path_length,159.764
Modified,dense_city,5,density_radius,12,path_length,158.693
Modified,dense_city,6,density_radius,12,path_length,179.38
Modified,dense_city,7,density_radius,12,path_length,188.995
Modified,dense_city,8,density_radius,12,path_length,156.145
Modified,dense_city,9,density_radius,12,path_length,
Modified,dense_city,10,density_radius,12,path_length,154.2
Modified,dense_city,11,density_radius,12,path_length,158.873
Modified,dense_city,12,density_radius,12,path_length,162.728
Modified,dense_city,13,density_radius,12,path_length,157.784
Modified,dense_city,14,density_radius,12,path_length,176.809
Modified,dense_city,15,density_radius,12,path_length,256.233
Modified,dense_city,16,density_radius,12,path_length,154.747
Modified,dense_city,17,density_radius,12,path_length,184.606
Modified,dense_city,18,density_radius,12,path_length,164.685
Modified,dense_city,19,density_radius,12,path_length,159.852
Modified,dense_city,20,density_radius,12,path_length,151.249
Modified,dense_city,21,density_radius,12,path_length,155.037
Modified,dense_city,22,density_radius,12,path_length,154.397
Modified,dense_city,23,density_radius,12,path_length,157.416
Modified,dense_city,24,density_radius,12,path_length,149.609
Modified,dense_city,25,density_radius,12,path_length,152.229
Modified,dense_city,26,density_radius,12,path_length,154.37
Modified,dense_city,27,density_radius,12,path_length,152.855
Modified,dense_city,28,density_radius,12,path_length,164.357
Modified,dense_city,29,density_radius,12,path_length,165.057
Modified,normal_city,0,density_radius,3,length_ratio,1.0596
Modified,normal_city,1,density_radius,3,length_ratio,1.1311
Modified,normal_city,2,density_radius,3,length_ratio,1.0884
Modified,normal_city,3,density_radius,3,length_ratio,1.1211
Modified,normal_city,4,density_radius,3,length_ratio,1.1179
Modified,normal_city,5,density_radius,3,length_ratio,1.0768
Modified,normal_city,6,density_radius,3,length_ratio,1.0356
Modified,normal_city,7,density_radius,3,length_ratio,1.0819
Modified,normal_city,8,density_radius,3,length_ratio,1.3591
Modified,normal_city,9,density_radius,3,length_ratio,1.044
Modified,normal_city,10,density_radius,3,length_ratio,1.0621
Modified,normal_city,11,density_radius,3,length_ratio,1.0689
Modified,normal_city,12,density_radius,3,length_ratio,1.1372
Modified,normal_city,13,density_radius,3,length_ratio,1.0814
Modified,normal_city,14,density_radius,3,length_ratio,1.0513
Modified,normal_city,15,density_radius,3,length_ratio,1.0577
Modified,normal_city,16,density_radius,3,length_ratio,1.0438
Modified,normal_city,17,density_radius,3,length_ratio,1.0607
Modified,normal_city,18,density_radius,3,length_ratio,1.0673
Modified,normal_city,19,density_radius,3,length_ratio,1.0751
Modified,normal_city,20,density_radius,3,length_ratio,1.0692
Modified,normal_city,21,density_radius,3,length_ratio,1.0837
Modified,normal_city,22,density_radius,3,length_ratio,1.1645
Modified,normal_city,23,density_radius,3,length_ratio,1.0729
Modified,normal_city,24,density_radius,3,length_ratio,1.0734
Modified,normal_city,25,density_radius,3,length_ratio,1.0897
Modified,normal_city,26,density_radius,3,length_ratio,1.0305
Modified,normal_city,27,density_radius,3,length_ratio,1.1161
Modified,normal_city,28,density_radius,3,length_ratio,1.1137
Modified,normal_city,29,density_radius,3,length_ratio,1.0432
Modified,blocked_road,0,density_radius,3,length_ratio,1.3547
Modified,blocked_road,1,density_radius,3,length_ratio,1.4142
Modified,blocked_road,2,density_radius,3,length_ratio,1.2417
Modified,blocked_road,3,density_radius,3,length_ratio,1.076
Modified,blocked_road,4,density_radius,3,length_ratio,1.7184
Modified,blocked_road,5,density_radius,3,length_ratio,1.4371
Modified,blocked_road,6,density_radius,3,length_ratio,1.1316
Modified,blocked_road,7,density_radius,3,length_ratio,1.0873
Modified,blocked_road,8,density_radius,3,length_ratio,1.1558
Modified,blocked_road,9,density_radius,3,length_ratio,1.0993
Modified,blocked_road,10,density_radius,3,length_ratio,1.253
Modified,blocked_road,11,density_radius,3,length_ratio,1.2422
Modified,blocked_road,12,density_radius,3,length_ratio,1.384
Modified,blocked_road,13,density_radius,3,length_ratio,1.1321
Modified,blocked_road,14,density_radius,3,length_ratio,1.3311
Modified,blocked_road,15,density_radius,3,length_ratio,1.3707
Modified,blocked_road,16,density_radius,3,length_ratio,1.3525
Modified,blocked_road,17,density_radius,3,length_ratio,1.0546
Modified,blocked_road,18,density_radius,3,length_ratio,1.0943
Modified,blocked_road,19,density_radius,3,length_ratio,1.3185
Modified,blocked_road,20,density_radius,3,length_ratio,1.3485
Modified,blocked_road,21,density_radius,3,length_ratio,1.1039
Modified,blocked_road,22,density_radius,3,length_ratio,1.0388
Modified,blocked_road,23,density_radius,3,length_ratio,0.9927
Modified,blocked_road,24,density_radius,3,length_ratio,1.0603
Modified,blocked_road,25,density_radius,3,length_ratio,1.0454
Modified,blocked_road,26,density_radius,3,length_ratio,1.0896
Modified,blocked_road,27,density_radius,3,length_ratio,1.0987
Modified,blocked_road,28,density_radius,3,length_ratio,1.1078
Modified,blocked_road,29,density_radius,3,length_ratio,1.0213
Modified,dense_city,0,density_radius,3,length_ratio,1.1218
Modified,dense_city,1,density_radius,3,length_ratio,1.0585
Modified,dense_city,2,density_radius,3,length_ratio,1.3783
Modified,dense_city,3,density_radius,3,length_ratio,1.0931
Modified,dense_city,4,density_radius,3,length_ratio,1.0638
Modified,dense_city,5,density_radius,3,length_ratio,1.1636
Modified,dense_city,6,density_radius,3,length_ratio,1.1944
Modified,dense_city,7,density_radius,3,length_ratio,1.3218
Modified,dense_city,8,density_radius,3,length_ratio,1.0646
Modified,dense_city,9,density_radius,3,length_ratio,
Modified,dense_city,10,density_radius,3,length_ratio,1.0598
Modified,dense_city,11,density_radius,3,length_ratio,1.0919
Modified,dense_city,12,density_radius,3,length_ratio,1.0994
Modified,dense_city,13,density_radius,3,length_ratio,1.0385
Modified,dense_city,14,density_radius,3,length_ratio,1.2152
Modified,dense_city,15,density_radius,3,length_ratio,1.6545
Modified,dense_city,16,density_radius,3,length_ratio,1.0636
Modified,dense_city,17,density_radius,3,length_ratio,1.2487
Modified,dense_city,18,density_radius,3,length_ratio,1.0966
Modified,dense_city,19,density_radius,3,length_ratio,1.0644
Modified,dense_city,20,density_radius,3,length_ratio,1.0395
Modified,dense_city,21,density_radius,3,length_ratio,1.0528
Modified,dense_city,22,density_radius,3,length_ratio,1.0201
Modified,dense_city,23,density_radius,3,length_ratio,1.0648
Modified,dense_city,24,density_radius,3,length_ratio,1.016
Modified,dense_city,25,density_radius,3,length_ratio,1.0345
Modified,dense_city,26,density_radius,3,length_ratio,1.0279
Modified,dense_city,27,density_radius,3,length_ratio,1.0022
Modified,dense_city,28,density_radius,3,length_ratio,1.0944
Modified,dense_city,29,density_radius,3,length_ratio,1.1209
Modified,normal_city,0,density_radius,6,length_ratio,1.0596
Modified,normal_city,1,density_radius,6,length_ratio,1.1311
Modified,normal_city,2,density_radius,6,length_ratio,1.0884
Modified,normal_city,3,density_radius,6,length_ratio,1.0981
Modified,normal_city,4,density_radius,6,length_ratio,1.1179
Modified,normal_city,5,density_radius,6,length_ratio,1.0768
Modified,normal_city,6,density_radius,6,length_ratio,1.0356
Modified,normal_city,7,density_radius,6,length_ratio,1.0819
Modified,normal_city,8,density_radius,6,length_ratio,1.3591
Modified,normal_city,9,density_radius,6,length_ratio,1.044
Modified,normal_city,10,density_radius,6,length_ratio,1.0621
Modified,normal_city,11,density_radius,6,length_ratio,1.0689
Modified,normal_city,12,density_radius,6,length_ratio,1.1473
Modified,normal_city,13,density_radius,6,length_ratio,1.0814
Modified,normal_city,14,density_radius,6,length_ratio,1.0513
Modified,normal_city,15,density_radius,6,length_ratio,1.0577
Modified,normal_city,16,density_radius,6,length_ratio,1.0438
Modified,normal_city,17,density_radius,6,length_ratio,1.0607
Modified,normal_city,18,density_radius,6,length_ratio,1.0673
Modified,normal_city,19,density_radius,6,length_ratio,1.0751
Modified,normal_city,20,density_radius,6,length_ratio,1.0692
Modified,normal_city,21,density_radius,6,length_ratio,1.0837
Modified,normal_city,22,density_radius,6,length_ratio,1.1305
Modified,normal_city,23,density_radius,6,length_ratio,1.0729
Modified,normal_city,24,density_radius,6,length_ratio,1.0734
Modified,normal_city,25,density_radius,6,length_ratio,1.0897
Modified,normal_city,26,density_radius,6,length_ratio,1.0305
Modified,normal_city,27,density_radius,6,length_ratio,1.1233
Modified,normal_city,28,density_radius,6,length_ratio,1.1137
Modified,normal_city,29,density_radius,6,length_ratio,1.0432
Modified,blocked_road,0,density_radius,6,length_ratio,1.3462
Modified,blocked_road,1,density_radius,6,length_ratio,1.4008
Modified,blocked_road,2,density_radius,6,length_ratio,1.2417
Modified,blocked_road,3,density_radius,6,length_ratio,1.076
Modified,blocked_road,4,density_radius,6,length_ratio,2.0281
Modified,blocked_road,5,density_radius,6,length_ratio,1.4371
Modified,blocked_road,6,density_radius,6,length_ratio,1.1316
Modified,blocked_road,7,density_radius,6,length_ratio,1.0873
Modified,blocked_road,8,density_radius,6,length_ratio,1.1558
Modified,blocked_road,9,density_radius,6,length_ratio,1.1087
Modified,blocked_road,10,density_radius,6,length_ratio,1.253
Modified,blocked_road,11,density_radius,6,length_ratio,1.2422
Modified,blocked_road,12,density_radius,6,length_ratio,1.3855
Modified,blocked_road,13,density_radius,6,length_ratio,1.1321
Modified,blocked_road,14,density_radius,6,length_ratio,1.3201
Modified,blocked_road,15,density_radius,6,length_ratio,1.335
Modified,blocked_road,16,density_radius,6,length_ratio,1.3358
Modified,blocked_road,17,density_radius,6,length_ratio,1.0546
Modified,blocked_road,18,density_radius,6,length_ratio,1.0944
Modified,blocked_road,19,density_radius,6,length_ratio,1.3185
Modified,blocked_road,20,density_radius,6,length_ratio,1.3108
Modified,blocked_road,21,density_radius,6,length_ratio,1.1039
Modified,blocked_road,22,density_radius,6,length_ratio,1.0388
Modified,blocked_road,23,density_radius,6,length_ratio,0.9927
Modified,blocked_road,24,density_radius,6,length_ratio,1.0603
Modified,blocked_road,25,density_radius,6,length_ratio,1.0454
Modified,blocked_road,26,density_radius,6,length_ratio,1.1015
Modified,blocked_road,27,density_radius,6,length_ratio,1.0987
Modified,blocked_road,28,density_radius,6,length_ratio,1.1078
Modified,blocked_road,29,density_radius,6,length_ratio,1.0213
Modified,dense_city,0,density_radius,6,length_ratio,1.1218
Modified,dense_city,1,density_radius,6,length_ratio,1.0585
Modified,dense_city,2,density_radius,6,length_ratio,1.3783
Modified,dense_city,3,density_radius,6,length_ratio,1.0931
Modified,dense_city,4,density_radius,6,length_ratio,1.0638
Modified,dense_city,5,density_radius,6,length_ratio,1.0949
Modified,dense_city,6,density_radius,6,length_ratio,1.1944
Modified,dense_city,7,density_radius,6,length_ratio,1.3057
Modified,dense_city,8,density_radius,6,length_ratio,1.0646
Modified,dense_city,9,density_radius,6,length_ratio,
Modified,dense_city,10,density_radius,6,length_ratio,1.0598
Modified,dense_city,11,density_radius,6,length_ratio,1.0919
Modified,dense_city,12,density_radius,6,length_ratio,1.1184
Modified,dense_city,13,density_radius,6,length_ratio,1.0385
Modified,dense_city,14,density_radius,6,length_ratio,1.2152
Modified,dense_city,15,density_radius,6,length_ratio,1.6545
Modified,dense_city,16,density_radius,6,length_ratio,1.0636
Modified,dense_city,17,density_radius,6,length_ratio,1.2487
Modified,dense_city,18,density_radius,6,length_ratio,1.0966
Modified,dense_city,19,density_radius,6,length_ratio,1.0644
Modified,dense_city,20,density_radius,6,length_ratio,1.0395
Modified,dense_city,21,density_radius,6,length_ratio,1.0528
Modified,dense_city,22,density_radius,6,length_ratio,1.0201
Modified,dense_city,23,density_radius,6,length_ratio,1.0648
Modified,dense_city,24,density_radius,6,length_ratio,1.016
Modified,dense_city,25,density_radius,6,length_ratio,1.0345
Modified,dense_city,26,density_radius,6,length_ratio,1.0279
Modified,dense_city,27,density_radius,6,length_ratio,1.0022
Modified,dense_city,28,density_radius,6,length_ratio,1.0944
Modified,dense_city,29,density_radius,6,length_ratio,1.1209
Modified,normal_city,0,density_radius,9,length_ratio,1.0596
Modified,normal_city,1,density_radius,9,length_ratio,1.1311
Modified,normal_city,2,density_radius,9,length_ratio,1.0884
Modified,normal_city,3,density_radius,9,length_ratio,1.111
Modified,normal_city,4,density_radius,9,length_ratio,1.1179
Modified,normal_city,5,density_radius,9,length_ratio,1.0768
Modified,normal_city,6,density_radius,9,length_ratio,1.0356
Modified,normal_city,7,density_radius,9,length_ratio,1.0819
Modified,normal_city,8,density_radius,9,length_ratio,1.0499
Modified,normal_city,9,density_radius,9,length_ratio,1.044
Modified,normal_city,10,density_radius,9,length_ratio,1.0621
Modified,normal_city,11,density_radius,9,length_ratio,1.0748
Modified,normal_city,12,density_radius,9,length_ratio,1.1473
Modified,normal_city,13,density_radius,9,length_ratio,1.0814
Modified,normal_city,14,density_radius,9,length_ratio,1.0513
Modified,normal_city,15,density_radius,9,length_ratio,1.0577
Modified,normal_city,16,density_radius,9,length_ratio,1.0438
Modified,normal_city,17,density_radius,9,length_ratio,1.0607
Modified,normal_city,18,density_radius,9,length_ratio,1.0673
Modified,normal_city,19,density_radius,9,length_ratio,1.0751
Modified,normal_city,20,density_radius,9,length_ratio,1.0692
Modified,normal_city,21,density_radius,9,length_ratio,1.0837
Modified,normal_city,22,density_radius,9,length_ratio,1.1252
Modified,normal_city,23,density_radius,9,length_ratio,1.0729
Modified,normal_city,24,density_radius,9,length_ratio,1.071
Modified,normal_city,25,density_radius,9,length_ratio,1.0897
Modified,normal_city,26,density_radius,9,length_ratio,1.0305
Modified,normal_city,27,density_radius,9,length_ratio,1.1311
Modified,normal_city,28,density_radius,9,length_ratio,1.1137
Modified,normal_city,29,density_radius,9,length_ratio,1.0432
Modified,blocked_road,0,density_radius,9,length_ratio,1.3462
Modified,blocked_road,1,density_radius,9,length_ratio,1.4008
Modified,blocked_road,2,density_radius,9,length_ratio,1.2417
Modified,blocked_road,3,density_radius,9,length_ratio,1.076
Modified,blocked_road,4,density_radius,9,length_ratio,1.4874
Modified,blocked_road,5,density_radius,9,length_ratio,1.4371
Modified,blocked_road,6,density_radius,9,length_ratio,1.1493
Modified,blocked_road,7,density_radius,9,length_ratio,1.0873
Modified,blocked_road,8,density_radius,9,length_ratio,1.1558
Modified,blocked_road,9,density_radius,9,length_ratio,1.0993
Modified,blocked_road,10,density_radius,9,length_ratio,1.253
Modified,blocked_road,11,density_radius,9,length_ratio,1.2422
Modified,blocked_road,12,density_radius,9,length_ratio,1.1776
Modified,blocked_road,13,density_radius,9,length_ratio,1.064
Modified,blocked_road,14,density_radius,9,length_ratio,1.377
Modified,blocked_road,15,density_radius,9,length_ratio,1.335
Modified,blocked_road,16,density_radius,9,length_ratio,1.3323
Modified,blocked_road,17,density_radius,9,length_ratio,1.0546
Modified,blocked_road,18,density_radius,9,length_ratio,1.0874
Modified,blocked_road,19,density_radius,9,length_ratio,1.3185
Modified,blocked_road,20,density_radius,9,length_ratio,1.3108
Modified,blocked_road,21,density_radius,9,length_ratio,1.1039
Modified,blocked_road,22,density_radius,9,length_ratio,1.0388
Modified,blocked_road,23,density_radius,9,length_ratio,0.9927
Modified,blocked_road,24,density_radius,9,length_ratio,1.0603
Modified,blocked_road,25,density_radius,9,length_ratio,1.184
Modified,blocked_road,26,density_radius,9,length_ratio,1.0961
Modified,blocked_road,27,density_radius,9,length_ratio,1.0987
Modified,blocked_road,28,density_radius,9,length_ratio,1.1078
Modified,blocked_road,29,density_radius,9,length_ratio,1.0213
Modified,dense_city,0,density_radius,9,length_ratio,1.1218
Modified,dense_city,1,density_radius,9,length_ratio,1.0585
Modified,dense_city,2,density_radius,9,length_ratio,1.3783
Modified,dense_city,3,density_radius,9,length_ratio,1.0931
Modified,dense_city,4,density_radius,9,length_ratio,1.0638
Modified,dense_city,5,density_radius,9,length_ratio,1.1766
Modified,dense_city,6,density_radius,9,length_ratio,1.1944
Modified,dense_city,7,density_radius,9,length_ratio,1.2432
Modified,dense_city,8,density_radius,9,length_ratio,1.0646
Modified,dense_city,9,density_radius,9,length_ratio,
Modified,dense_city,10,density_radius,9,length_ratio,1.0598
Modified,dense_city,11,density_radius,9,length_ratio,1.0919
Modified,dense_city,12,density_radius,9,length_ratio,1.1184
Modified,dense_city,13,density_radius,9,length_ratio,1.0385
Modified,dense_city,14,density_radius,9,length_ratio,1.2152
Modified,dense_city,15,density_radius,9,length_ratio,1.6545
Modified,dense_city,16,density_radius,9,length_ratio,1.0636
Modified,dense_city,17,density_radius,9,length_ratio,1.2487
Modified,dense_city,18,density_radius,9,length_ratio,1.0966
Modified,dense_city,19,density_radius,9,length_ratio,1.0644
Modified,dense_city,20,density_radius,9,length_ratio,1.0395
Modified,dense_city,21,density_radius,9,length_ratio,1.0528
Modified,dense_city,22,density_radius,9,length_ratio,1.0201
Modified,dense_city,23,density_radius,9,length_ratio,1.0648
Modified,dense_city,24,density_radius,9,length_ratio,1.016
Modified,dense_city,25,density_radius,9,length_ratio,1.0345
Modified,dense_city,26,density_radius,9,length_ratio,1.0279
Modified,dense_city,27,density_radius,9,length_ratio,1.0022
Modified,dense_city,28,density_radius,9,length_ratio,1.0944
Modified,dense_city,29,density_radius,9,length_ratio,1.1209
Modified,normal_city,0,density_radius,12,length_ratio,1.0596
Modified,normal_city,1,density_radius,12,length_ratio,1.1311
Modified,normal_city,2,density_radius,12,length_ratio,1.0884
Modified,normal_city,3,density_radius,12,length_ratio,1.1002
Modified,normal_city,4,density_radius,12,length_ratio,1.1179
Modified,normal_city,5,density_radius,12,length_ratio,1.0768
Modified,normal_city,6,density_radius,12,length_ratio,1.0356
Modified,normal_city,7,density_radius,12,length_ratio,1.0819
Modified,normal_city,8,density_radius,12,length_ratio,1.0544
Modified,normal_city,9,density_radius,12,length_ratio,1.044
Modified,normal_city,10,density_radius,12,length_ratio,1.0621
Modified,normal_city,11,density_radius,12,length_ratio,1.0748
Modified,normal_city,12,density_radius,12,length_ratio,1.0836
Modified,normal_city,13,density_radius,12,length_ratio,1.0814
Modified,normal_city,14,density_radius,12,length_ratio,1.0513
Modified,normal_city,15,density_radius,12,length_ratio,1.0577
Modified,normal_city,16,density_radius,12,length_ratio,1.0438
Modified,normal_city,17,density_radius,12,length_ratio,1.0607
Modified,normal_city,18,density_radius,12,length_ratio,1.0673
Modified,normal_city,19,density_radius,12,length_ratio,1.0751
Modified,normal_city,20,density_radius,12,length_ratio,1.0692
Modified,normal_city,21,density_radius,12,length_ratio,1.0414
Modified,normal_city,22,density_radius,12,length_ratio,1.0624
Modified,normal_city,23,density_radius,12,length_ratio,1.0729
Modified,normal_city,24,density_radius,12,length_ratio,1.0465
Modified,normal_city,25,density_radius,12,length_ratio,1.0897
Modified,normal_city,26,density_radius,12,length_ratio,1.0305
Modified,normal_city,27,density_radius,12,length_ratio,1.1311
Modified,normal_city,28,density_radius,12,length_ratio,1.1137
Modified,normal_city,29,density_radius,12,length_ratio,1.0432
Modified,blocked_road,0,density_radius,12,length_ratio,1.3462
Modified,blocked_road,1,density_radius,12,length_ratio,1.4008
Modified,blocked_road,2,density_radius,12,length_ratio,1.2417
Modified,blocked_road,3,density_radius,12,length_ratio,1.076
Modified,blocked_road,4,density_radius,12,length_ratio,1.4874
Modified,blocked_road,5,density_radius,12,length_ratio,1.4371
Modified,blocked_road,6,density_radius,12,length_ratio,1.1493
Modified,blocked_road,7,density_radius,12,length_ratio,1.0873
Modified,blocked_road,8,density_radius,12,length_ratio,1.1558
Modified,blocked_road,9,density_radius,12,length_ratio,1.0993
Modified,blocked_road,10,density_radius,12,length_ratio,1.253
Modified,blocked_road,11,density_radius,12,length_ratio,1.2422
Modified,blocked_road,12,density_radius,12,length_ratio,1.3855
Modified,blocked_road,13,density_radius,12,length_ratio,1.0549
Modified,blocked_road,14,density_radius,12,length_ratio,1.377
Modified,blocked_road,15,density_radius,12,length_ratio,1.335
Modified,blocked_road,16,density_radius,12,length_ratio,1.3325
Modified,blocked_road,17,density_radius,12,length_ratio,1.0546
Modified,blocked_road,18,density_radius,12,length_ratio,1.0874
Modified,blocked_road,19,density_radius,12,length_ratio,1.3185
Modified,blocked_road,20,density_radius,12,length_ratio,1.3108
Modified,blocked_road,21,density_radius,12,length_ratio,1.1039
Modified,blocked_road,22,density_radius,12,length_ratio,1.0388
Modified,blocked_road,23,density_radius,12,length_ratio,0.9927
Modified,blocked_road,24,density_radius,12,length_ratio,1.0603
Modified,blocked_road,25,density_radius,12,length_ratio,1.0454
Modified,blocked_road,26,density_radius,12,length_ratio,1.0896
Modified,blocked_road,27,density_radius,12,length_ratio,1.0987
Modified,blocked_road,28,density_radius,12,length_ratio,1.1078
Modified,blocked_road,29,density_radius,12,length_ratio,1.0213
Modified,dense_city,0,density_radius,12,length_ratio,1.1218
Modified,dense_city,1,density_radius,12,length_ratio,1.0585
Modified,dense_city,2,density_radius,12,length_ratio,1.3783
Modified,dense_city,3,density_radius,12,length_ratio,1.0931
Modified,dense_city,4,density_radius,12,length_ratio,1.0638
Modified,dense_city,5,density_radius,12,length_ratio,1.0759
Modified,dense_city,6,density_radius,12,length_ratio,1.1944
Modified,dense_city,7,density_radius,12,length_ratio,1.2501
Modified,dense_city,8,density_radius,12,length_ratio,1.0646
Modified,dense_city,9,density_radius,12,length_ratio,
Modified,dense_city,10,density_radius,12,length_ratio,1.0598
Modified,dense_city,11,density_radius,12,length_ratio,1.0919
Modified,dense_city,12,density_radius,12,length_ratio,1.1184
Modified,dense_city,13,density_radius,12,length_ratio,1.0385
Modified,dense_city,14,density_radius,12,length_ratio,1.2152
Modified,dense_city,15,density_radius,12,length_ratio,1.6545
Modified,dense_city,16,density_radius,12,length_ratio,1.0636
Modified,dense_city,17,density_radius,12,length_ratio,1.2487
Modified,dense_city,18,density_radius,12,length_ratio,1.0966
Modified,dense_city,19,density_radius,12,length_ratio,1.0644
Modified,dense_city,20,density_radius,12,length_ratio,1.0395
Modified,dense_city,21,density_radius,12,length_ratio,1.0528
Modified,dense_city,22,density_radius,12,length_ratio,1.0201
Modified,dense_city,23,density_radius,12,length_ratio,1.0648
Modified,dense_city,24,density_radius,12,length_ratio,1.016
Modified,dense_city,25,density_radius,12,length_ratio,1.0345
Modified,dense_city,26,density_radius,12,length_ratio,1.0279
Modified,dense_city,27,density_radius,12,length_ratio,1.0022
Modified,dense_city,28,density_radius,12,length_ratio,1.0944
Modified,dense_city,29,density_radius,12,length_ratio,1.1209
Modified,normal_city,0,density_radius,3,curvature,0.3656
Modified,normal_city,1,density_radius,3,curvature,0.6053
Modified,normal_city,2,density_radius,3,curvature,0.4782
Modified,normal_city,3,density_radius,3,curvature,0.5781
Modified,normal_city,4,density_radius,3,curvature,0.6152
Modified,normal_city,5,density_radius,3,curvature,0.4383
Modified,normal_city,6,density_radius,3,curvature,0.0769
Modified,normal_city,7,density_radius,3,curvature,0.4722
Modified,normal_city,8,density_radius,3,curvature,0.323
Modified,normal_city,9,density_radius,3,curvature,0.0801
Modified,normal_city,10,density_radius,3,curvature,0.4629
Modified,normal_city,11,density_radius,3,curvature,0.4538
Modified,normal_city,12,density_radius,3,curvature,0.2047
Modified,normal_city,13,density_radius,3,curvature,0.4357
Modified,normal_city,14,density_radius,3,curvature,0.3549
Modified,normal_city,15,density_radius,3,curvature,0.4144
Modified,normal_city,16,density_radius,3,curvature,0.3561
Modified,normal_city,17,density_radius,3,curvature,0.0913
Modified,normal_city,18,density_radius,3,curvature,0.4196
Modified,normal_city,19,density_radius,3,curvature,0.2918
Modified,normal_city,20,density_radius,3,curvature,0.4781
Modified,normal_city,21,density_radius,3,curvature,0.5
Modified,normal_city,22,density_radius,3,curvature,0.7129
Modified,normal_city,23,density_radius,3,curvature,0.0828
Modified,normal_city,24,density_radius,3,curvature,0.4465
Modified,normal_city,25,density_radius,3,curvature,0.5089
Modified,normal_city,26,density_radius,3,curvature,0.324
Modified,normal_city,27,density_radius,3,curvature,0.6012
Modified,normal_city,28,density_radius,3,curvature,0.5586
Modified,normal_city,29,density_radius,3,curvature,0.3552
Modified,blocked_road,0,density_radius,3,curvature,0.2809
Modified,blocked_road,1,density_radius,3,curvature,0.2553
Modified,blocked_road,2,density_radius,3,curvature,0.1745
Modified,blocked_road,3,density_radius,3,curvature,0.0939
Modified,blocked_road,4,density_radius,3,curvature,0.2068
Modified,blocked_road,5,density_radius,3,curvature,0.2213
Modified,blocked_road,6,density_radius,3,curvature,0.1369
Modified,blocked_road,7,density_radius,3,curvature,0.4942
Modified,blocked_road,8,density_radius,3,curvature,0.0989
Modified,blocked_road,9,density_radius,3,curvature,0.1744
Modified,blocked_road,10,density_radius,3,curvature,0.0801
Modified,blocked_road,11,density_radius,3,curvature,0.0748
Modified,blocked_road,12,density_radius,3,curvature,0.1358
Modified,blocked_road,13,density_radius,3,curvature,0.4438
Modified,blocked_road,14,density_radius,3,curvature,0.246
Modified,blocked_road,15,density_radius,3,curvature,0.2622
Modified,blocked_road,16,density_radius,3,curvature,0.257
Modified,blocked_road,17,density_radius,3,curvature,0.0774
Modified,blocked_road,18,density_radius,3,curvature,0.4666
Modified,blocked_road,19,density_radius,3,curvature,0.165
Modified,blocked_road,20,density_radius,3,curvature,0.2081
Modified,blocked_road,21,density_radius,3,curvature,0.0653
Modified,blocked_road,22,density_radius,3,curvature,0.0639
Modified,blocked_road,23,density_radius,3,curvature,0.0763
Modified,blocked_road,24,density_radius,3,curvature,0.1098
Modified,blocked_road,25,density_radius,3,curvature,0.3728
Modified,blocked_road,26,density_radius,3,curvature,0.1793
Modified,blocked_road,27,density_radius,3,curvature,0.1311
Modified,blocked_road,28,density_radius,3,curvature,0.1155
Modified,blocked_road,29,density_radius,3,curvature,0.1156
Modified,dense_city,0,density_radius,3,curvature,0.1198
Modified,dense_city,1,density_radius,3,curvature,0.0443
Modified,dense_city,2,density_radius,3,curvature,0.0794
Modified,dense_city,3,density_radius,3,curvature,0.0908
Modified,dense_city,4,density_radius,3,curvature,0.0533
Modified,dense_city,5,density_radius,3,curvature,0.6766
Modified,dense_city,6,density_radius,3,curvature,0.101
Modified,dense_city,7,density_radius,3,curvature,0.4772
Modified,dense_city,8,density_radius,3,curvature,0.0608
Modified,dense_city,9,density_radius,3,curvature,
Modified,dense_city,10,density_radius,3,curvature,0.0747
Modified,dense_city,11,density_radius,3,curvature,0.0591
Modified,dense_city,12,density_radius,3,curvature,0.2765
Modified,dense_city,13,density_radius,3,curvature,0.0603
Modified,dense_city,14,density_radius,3,curvature,0.1065
Modified,dense_city,15,density_radius,3,curvature,0.1686
Modified,dense_city,16,density_radius,3,curvature,0.0783
Modified,dense_city,17,density_radius,3,curvature,0.0635
Modified,dense_city,18,density_radius,3,curvature,0.1165
Modified,dense_city,19,density_radius,3,curvature,0.0693
Modified,dense_city,20,density_radius,3,curvature,0.1026
Modified,dense_city,21,density_radius,3,curvature,0.0696
Modified,dense_city,22,density_radius,3,curvature,0.0663
Modified,dense_city,23,density_radius,3,curvature,0.0741
Modified,dense_city,24,density_radius,3,curvature,0.0768
Modified,dense_city,25,density_radius,3,curvature,0.0872
Modified,dense_city,26,density_radius,3,curvature,0.0679
Modified,dense_city,27,density_radius,3,curvature,0.0766
Modified,dense_city,28,density_radius,3,curvature,0.0383
Modified,dense_city,29,density_radius,3,curvature,0.0644
Modified,normal_city,0,density_radius,6,curvature,0.3656
Modified,normal_city,1,density_radius,6,curvature,0.6053
Modified,normal_city,2,density_radius,6,curvature,0.4782
Modified,normal_city,3,density_radius,6,curvature,0.4025
Modified,normal_city,4,density_radius,6,curvature,0.6152
Modified,normal_city,5,density_radius,6,curvature,0.4383
Modified,normal_city,6,density_radius,6,curvature,0.0769
Modified,normal_city,7,density_radius,6,curvature,0.4722
Modified,normal_city,8,density_radius,6,curvature,0.323
Modified,normal_city,9,density_radius,6,curvature,0.0801
Modified,normal_city,10,density_radius,6,curvature,0.4629
Modified,normal_city,11,density_radius,6,curvature,0.4538
Modified,normal_city,12,density_radius,6,curvature,0.2408
Modified,normal_city,13,density_radius,6,curvature,0.4357
Modified,normal_city,14,density_radius,6,curvature,0.3549
Modified,normal_city,15,density_radius,6,curvature,0.4144
Modified,normal_city,16,density_radius,6,curvature,0.3561
Modified,normal_city,17,density_radius,6,curvature,0.0913
Modified,normal_city,18,density_radius,6,curvature,0.4196
Modified,normal_city,19,density_radius,6,curvature,0.2918
Modified,normal_city,20,density_radius,6,curvature,0.4781
Modified,normal_city,21,density_radius,6,curvature,0.5
Modified,normal_city,22,density_radius,6,curvature,0.5958
Modified,normal_city,23,density_radius,6,curvature,0.0828
Modified,normal_city,24,density_radius,6,curvature,0.4465
Modified,normal_city,25,density_radius,6,curvature,0.5089
Modified,normal_city,26,density_radius,6,curvature,0.324
Modified,normal_city,27,density_radius,6,curvature,0.6126
Modified,normal_city,28,density_radius,6,curvature,0.5586
Modified,normal_city,29,density_radius,6,curvature,0.3552
Modified,blocked_road,0,density_radius,6,curvature,0.2725
Modified,blocked_road,1,density_radius,6,curvature,0.2277
Modified,blocked_road,2,density_radius,6,curvature,0.1745
Modified,blocked_road,3,density_radius,6,curvature,0.0939
Modified,blocked_road,4,density_radius,6,curvature,0.1549
Modified,blocked_road,5,density_radius,6,curvature,0.2213
Modified,blocked_road,6,density_radius,6,curvature,0.1369
Modified,blocked_road,7,density_radius,6,curvature,0.4942
Modified,blocked_road,8,density_radius,6,curvature,0.0989
Modified,blocked_road,9,density_radius,6,curvature,0.2107
Modified,blocked_road,10,density_radius,6,curvature,0.0801
Modified,blocked_road,11,density_radius,6,curvature,0.0748
Modified,blocked_road,12,density_radius,6,curvature,0.1317
Modified,blocked_road,13,density_radius,6,curvature,0.4438
Modified,blocked_road,14,density_radius,6,curvature,0.2141
Modified,blocked_road,15,density_radius,6,curvature,0.2221
Modified,blocked_road,16,density_radius,6,curvature,0.2502
Modified,blocked_road,17,density_radius,6,curvature,0.0774
Modified,blocked_road,18,density_radius,6,curvature,0.452
Modified,blocked_road,19,density_radius,6,curvature,0.165
Modified,blocked_road,20,density_radius,6,curvature,0.1961
Modified,blocked_road,21,density_radius,6,curvature,0.0653
Modified,blocked_road,22,density_radius,6,curvature,0.0639
Modified,blocked_road,23,density_radius,6,curvature,0.0763
Modified,blocked_road,24,density_radius,6,curvature,0.1098
Modified,blocked_road,25,density_radius,6,curvature,0.3728
Modified,blocked_road,26,density_radius,6,curvature,0.2155
Modified,blocked_road,27,density_radius,6,curvature,0.1311
Modified,blocked_road,28,density_radius,6,curvature,0.1155
Modified,blocked_road,29,density_radius,6,curvature,0.1156
Modified,dense_city,0,density_radius,6,curvature,0.1198
Modified,dense_city,1,density_radius,6,curvature,0.0443
Modified,dense_city,2,density_radius,6,curvature,0.0794
Modified,dense_city,3,density_radius,6,curvature,0.0908
Modified,dense_city,4,density_radius,6,curvature,0.0533
Modified,dense_city,5,density_radius,6,curvature,0.3728
Modified,dense_city,6,density_radius,6,curvature,0.101
Modified,dense_city,7,density_radius,6,curvature,0.4446
Modified,dense_city,8,density_radius,6,curvature,0.0608
Modified,dense_city,9,density_radius,6,curvature,
Modified,dense_city,10,density_radius,6,curvature,0.0747
Modified,dense_city,11,density_radius,6,curvature,0.0591
Modified,dense_city,12,density_radius,6,curvature,0.2177
Modified,dense_city,13,density_radius,6,curvature,0.0603
Modified,dense_city,14,density_radius,6,curvature,0.1065
Modified,dense_city,15,density_radius,6,curvature,0.1686
Modified,dense_city,16,density_radius,6,curvature,0.0783
Modified,dense_city,17,density_radius,6,curvature,0.0635
Modified,dense_city,18,density_radius,6,curvature,0.1165
Modified,dense_city,19,density_radius,6,curvature,0.0693
Modified,dense_city,20,density_radius,6,curvature,0.1026
Modified,dense_city,21,density_radius,6,curvature,0.0696
Modified,dense_city,22,density_radius,6,curvature,0.0663
Modified,dense_city,23,density_radius,6,curvature,0.0741
Modified,dense_city,24,density_radius,6,curvature,0.0768
Modified,dense_city,25,density_radius,6,curvature,0.0872
Modified,dense_city,26,density_radius,6,curvature,0.0679
Modified,dense_city,27,density_radius,6,curvature,0.0766
Modified,dense_city,28,density_radius,6,curvature,0.0383
Modified,dense_city,29,density_radius,6,curvature,0.0644
Modified,normal_city,0,density_radius,9,curvature,0.3656
Modified,normal_city,1,density_radius,9,curvature,0.6053
Modified,normal_city,2,density_radius,9,curvature,0.4782
Modified,normal_city,3,density_radius,9,curvature,0.3728
Modified,normal_city,4,density_radius,9,curvature,0.6152
Modified,normal_city,5,density_radius,9,curvature,0.4383
Modified,normal_city,6,density_radius,9,curvature,0.0769
Modified,normal_city,7,density_radius,9,curvature,0.4722
Modified,normal_city,8,density_radius,9,curvature,0.2662
Modified,normal_city,9,density_radius,9,curvature,0.0801
Modified,normal_city,10,density_radius,9,curvature,0.4629
Modified,normal_city,11,density_radius,9,curvature,0.4732
Modified,normal_city,12,density_radius,9,curvature,0.2408
Modified,normal_city,13,density_radius,9,curvature,0.4357
Modified,normal_city,14,density_radius,9,curvature,0.3549
Modified,normal_city,15,density_radius,9,curvature,0.4144
Modified,normal_city,16,density_radius,9,curvature,0.3561
Modified,normal_city,17,density_radius,9,curvature,0.0913
Modified,normal_city,18,density_radius,9,curvature,0.4196
Modified,normal_city,19,density_radius,9,curvature,0.2918
Modified,normal_city,20,density_radius,9,curvature,0.4781
Modified,normal_city,21,density_radius,9,curvature,0.5
Modified,normal_city,22,density_radius,9,curvature,0.347
Modified,normal_city,23,density_radius,9,curvature,0.0828
Modified,normal_city,24,density_radius,9,curvature,0.4117
Modified,normal_city,25,density_radius,9,curvature,0.5089
Modified,normal_city,26,density_radius,9,curvature,0.324
Modified,normal_city,27,density_radius,9,curvature,0.6396
Modified,normal_city,28,density_radius,9,curvature,0.5586
Modified,normal_city,29,density_radius,9,curvature,0.3552
Modified,blocked_road,0,density_radius,9,curvature,0.2725
Modified,blocked_road,1,density_radius,9,curvature,0.2277
Modified,blocked_road,2,density_radius,9,curvature,0.1745
Modified,blocked_road,3,density_radius,9,curvature,0.0939
Modified,blocked_road,4,density_radius,9,curvature,0.2087
Modified,blocked_road,5,density_radius,9,curvature,0.2213
Modified,blocked_road,6,density_radius,9,curvature,0.1483
Modified,blocked_road,7,density_radius,9,curvature,0.4942
Modified,blocked_road,8,density_radius,9,curvature,0.0989
Modified,blocked_road,9,density_radius,9,curvature,0.1744
Modified,blocked_road,10,density_radius,9,curvature,0.0801
Modified,blocked_road,11,density_radius,9,curvature,0.0748
Modified,blocked_road,12,density_radius,9,curvature,0.1138
Modified,blocked_road,13,density_radius,9,curvature,0.2312
Modified,blocked_road,14,density_radius,9,curvature,0.181
Modified,blocked_road,15,density_radius,9,curvature,0.2221
Modified,blocked_road,16,density_radius,9,curvature,0.2299
Modified,blocked_road,17,density_radius,9,curvature,0.0774
Modified,blocked_road,18,density_radius,9,curvature,0.4225
Modified,blocked_road,19,density_radius,9,curvature,0.165
Modified,blocked_road,20,density_radius,9,curvature,0.1961
Modified,blocked_road,21,density_radius,9,curvature,0.0653
Modified,blocked_road,22,density_radius,9,curvature,0.0639
Modified,blocked_road,23,density_radius,9,curvature,0.0763
Modified,blocked_road,24,density_radius,9,curvature,0.1098
Modified,blocked_road,25,density_radius,9,curvature,0.0952
Modified,blocked_road,26,density_radius,9,curvature,0.1849
Modified,blocked_road,27,density_radius,9,curvature,0.1311
Modified,blocked_road,28,density_radius,9,curvature,0.1155
Modified,blocked_road,29,density_radius,9,curvature,0.1156
Modified,dense_city,0,density_radius,9,curvature,0.1198
Modified,dense_city,1,density_radius,9,curvature,0.0443
Modified,dense_city,2,density_radius,9,curvature,0.0794
Modified,dense_city,3,density_radius,9,curvature,0.0908
Modified,dense_city,4,density_radius,9,curvature,0.0533
Modified,dense_city,5,density_radius,9,curvature,0.4817
Modified,dense_city,6,density_radius,9,curvature,0.101
Modified,dense_city,7,density_radius,9,curvature,0.3444
Modified,dense_city,8,density_radius,9,curvature,0.0608
Modified,dense_city,9,density_radius,9,curvature,
Modified,dense_city,10,density_radius,9,curvature,0.0747
Modified,dense_city,11,density_radius,9,curvature,0.0591
Modified,dense_city,12,density_radius,9,curvature,0.2177
Modified,dense_city,13,density_radius,9,curvature,0.0603
Modified,dense_city,14,density_radius,9,curvature,0.1065
Modified,dense_city,15,density_radius,9,curvature,0.1686
Modified,dense_city,16,density_radius,9,curvature,0.0783
Modified,dense_city,17,density_radius,9,curvature,0.0635
Modified,dense_city,18,density_radius,9,curvature,0.1165
Modified,dense_city,19,density_radius,9,curvature,0.0693
Modified,dense_city,20,density_radius,9,curvature,0.1026
Modified,dense_city,21,density_radius,9,curvature,0.0696
Modified,dense_city,22,density_radius,9,curvature,0.0663
Modified,dense_city,23,density_radius,9,curvature,0.0741
Modified,dense_city,24,density_radius,9,curvature,0.0768
Modified,dense_city,25,density_radius,9,curvature,0.0872
Modified,dense_city,26,density_radius,9,curvature,0.0679
Modified,dense_city,27,density_radius,9,curvature,0.0766
Modified,dense_city,28,density_radius,9,curvature,0.0383
Modified,dense_city,29,density_radius,9,curvature,0.0644
Modified,normal_city,0,density_radius,12,curvature,0.3656
Modified,normal_city,1,density_radius,12,curvature,0.6053
Modified,normal_city,2,density_radius,12,curvature,0.4782
Modified,normal_city,3,density_radius,12,curvature,0.3083
Modified,normal_city,4,density_radius,12,curvature,0.6152
Modified,normal_city,5,density_radius,12,curvature,0.4383
Modified,normal_city,6,density_radius,12,curvature,0.0769
Modified,normal_city,7,density_radius,12,curvature,0.4722
Modified,normal_city,8,density_radius,12,curvature,0.2567
Modified,normal_city,9,density_radius,12,curvature,0.0801
Modified,normal_city,10,density_radius,12,curvature,0.4629
Modified,normal_city,11,density_radius,12,curvature,0.4732
Modified,normal_city,12,density_radius,12,curvature,0.2043
Modified,normal_city,13,density_radius,12,curvature,0.4357
Modified,normal_city,14,density_radius,12,curvature,0.3549
Modified,normal_city,15,density_radius,12,curvature,0.4144
Modified,normal_city,16,density_radius,12,curvature,0.3561
Modified,normal_city,17,density_radius,12,curvature,0.0913
Modified,normal_city,18,density_radius,12,curvature,0.4196
Modified,normal_city,19,density_radius,12,curvature,0.2918
Modified,normal_city,20,density_radius,12,curvature,0.4781
Modified,normal_city,21,density_radius,12,curvature,0.2047
Modified,normal_city,22,density_radius,12,curvature,0.2595
Modified,normal_city,23,density_radius,12,curvature,0.0828
Modified,normal_city,24,density_radius,12,curvature,0.2255
Modified,normal_city,25,density_radius,12,curvature,0.5089
Modified,normal_city,26,density_radius,12,curvature,0.324
Modified,normal_city,27,density_radius,12,curvature,0.6396
Modified,normal_city,28,density_radius,12,curvature,0.5586
Modified,normal_city,29,density_radius,12,curvature,0.3552
Modified,blocked_road,0,density_radius,12,curvature,0.2725
Modified,blocked_road,1,density_radius,12,curvature,0.2277
Modified,blocked_road,2,density_radius,12,curvature,0.1745
Modified,blocked_road,3,density_radius,12,curvature,0.0939
Modified,blocked_road,4,density_radius,12,curvature,0.2087
Modified,blocked_road,5,density_radius,12,curvature,0.2213
Modified,blocked_road,6,density_radius,12,curvature,0.1483
Modified,blocked_road,7,density_radius,12,curvature,0.4942
Modified,blocked_road,8,density_radius,12,curvature,0.0989
Modified,blocked_road,9,density_radius,12,curvature,0.1744
Modified,blocked_road,10,density_radius,12,curvature,0.0801
Modified,blocked_road,11,density_radius,12,curvature,0.0748
Modified,blocked_road,12,density_radius,12,curvature,0.1317
Modified,blocked_road,13,density_radius,12,curvature,0.2098
Modified,blocked_road,14,density_radius,12,curvature,0.181
Modified,blocked_road,15,density_radius,12,curvature,0.2221
Modified,blocked_road,16,density_radius,12,curvature,0.2235
Modified,blocked_road,17,density_radius,12,curvature,0.0774
Modified,blocked_road,18,density_radius,12,curvature,0.4225
Modified,blocked_road,19,density_radius,12,curvature,0.165
Modified,blocked_road,20,density_radius,12,curvature,0.1961
Modified,blocked_road,21,density_radius,12,curvature,0.0653
Modified,blocked_road,22,density_radius,12,curvature,0.0639
Modified,blocked_road,23,density_radius,12,curvature,0.0763
Modified,blocked_road,24,density_radius,12,curvature,0.1098
Modified,blocked_road,25,density_radius,12,curvature,0.3728
Modified,blocked_road,26,density_radius,12,curvature,0.1793
Modified,blocked_road,27,density_radius,12,curvature,0.1311
Modified,blocked_road,28,density_radius,12,curvature,0.1155
Modified,blocked_road,29,density_radius,12,curvature,0.1156
Modified,dense_city,0,density_radius,12,curvature,0.1198
Modified,dense_city,1,density_radius,12,curvature,0.0443
Modified,dense_city,2,density_radius,12,curvature,0.0794
Modified,dense_city,3,density_radius,12,curvature,0.0908
Modified,dense_city,4,density_radius,12,curvature,0.0533
Modified,dense_city,5,density_radius,12,curvature,0.285
Modified,dense_city,6,density_radius,12,curvature,0.101
Modified,dense_city,7,density_radius,12,curvature,0.3444
Modified,dense_city,8,density_radius,12,curvature,0.0608
Modified,dense_city,9,density_radius,12,curvature,
Modified,dense_city,10,density_radius,12,curvature,0.0747
Modified,dense_city,11,density_radius,12,curvature,0.0591
Modified,dense_city,12,density_radius,12,curvature,0.2177
Modified,dense_city,13,density_radius,12,curvature,0.0603
Modified,dense_city,14,density_radius,12,curvature,0.1065
Modified,dense_city,15,density_radius,12,curvature,0.1686
Modified,dense_city,16,density_radius,12,curvature,0.0783
Modified,dense_city,17,density_radius,12,curvature,0.0635
Modified,dense_city,18,density_radius,12,curvature,0.1165
Modified,dense_city,19,density_radius,12,curvature,0.0693
Modified,dense_city,20,density_radius,12,curvature,0.1026
Modified,dense_city,21,density_radius,12,curvature,0.0696
Modified,dense_city,22,density_radius,12,curvature,0.0663
Modified,dense_city,23,density_radius,12,curvature,0.0741
Modified,dense_city,24,density_radius,12,curvature,0.0768
Modified,dense_city,25,density_radius,12,curvature,0.0872
Modified,dense_city,26,density_radius,12,curvature,0.0679
Modified,dense_city,27,density_radius,12,curvature,0.0766
Modified,dense_city,28,density_radius,12,curvature,0.0383
Modified,dense_city,29,density_radius,12,curvature,0.0644
Modified,normal_city,0,density_radius,3,max_curvature,2.2033
Modified,normal_city,1,density_radius,3,max_curvature,3.0624
Modified,normal_city,2,density_radius,3,max_curvature,3.3136
Modified,normal_city,3,density_radius,3,max_curvature,3.8678
Modified,normal_city,4,density_radius,3,max_curvature,3.9804
Modified,normal_city,5,density_radius,3,max_curvature,2.8413
Modified,normal_city,6,density_radius,3,max_curvature,1.2789
Modified,normal_city,7,density_radius,3,max_curvature,3.7787
Modified,normal_city,8,density_radius,3,max_curvature,6.0915
Modified,normal_city,9,density_radius,3,max_curvature,1.3016
Modified,normal_city,10,density_radius,3,max_curvature,3.1554
Modified,normal_city,11,density_radius,3,max_curvature,5.7435
Modified,normal_city,12,density_radius,3,max_curvature,8.2568
Modified,normal_city,13,density_radius,3,max_curvature,1.8712
Modified,normal_city,14,density_radius,3,max_curvature,1.6253
Modified,normal_city,15,density_radius,3,max_curvature,1.6217
Modified,normal_city,16,density_radius,3,max_curvature,1.6973
Modified,normal_city,17,density_radius,3,max_curvature,2.2736
Modified,normal_city,18,density_radius,3,max_curvature,1.8452
Modified,normal_city,19,density_radius,3,max_curvature,11.6428
Modified,normal_city,20,density_radius,3,max_curvature,2.4635
Modified,normal_city,21,density_radius,3,max_curvature,3.0115
Modified,normal_city,22,density_radius,3,max_curvature,3.722
Modified,normal_city,23,density_radius,3,max_curvature,0.9687
Modified,normal_city,24,density_radius,3,max_curvature,2.0847
Modified,normal_city,25,density_radius,3,max_curvature,2.7863
Modified,normal_city,26,density_radius,3,max_curvature,1.5596
Modified,normal_city,27,density_radius,3,max_curvature,4.4637
Modified,normal_city,28,density_radius,3,max_curvature,3.7768
Modified,normal_city,29,density_radius,3,max_curvature,1.8672
Modified,blocked_road,0,density_radius,3,max_curvature,6.1625
Modified,blocked_road,1,density_radius,3,max_curvature,6.9998
Modified,blocked_road,2,density_radius,3,max_curvature,2.805
Modified,blocked_road,3,density_radius,3,max_curvature,1.3089
Modified,blocked_road,4,density_radius,3,max_curvature,5.4337
Modified,blocked_road,5,density_radius,3,max_curvature,5.3251
Modified,blocked_road,6,density_radius,3,max_curvature,3.3082
Modified,blocked_road,7,density_radius,3,max_curvature,3.868
Modified,blocked_road,8,density_radius,3,max_curvature,3.263
Modified,blocked_road,9,density_radius,3,max_curvature,10.8622
Modified,blocked_road,10,density_radius,3,max_curvature,3.1264
Modified,blocked_road,11,density_radius,3,max_curvature,3.5317
Modified,blocked_road,12,density_radius,3,max_curvature,3.4818
Modified,blocked_road,13,density_radius,3,max_curvature,3.6979
Modified,blocked_road,14,density_radius,3,max_curvature,6.6181
Modified,blocked_road,15,density_radius,3,max_curvature,6.8847
Modified,blocked_road,16,density_radius,3,max_curvature,7.0114
Modified,blocked_road,17,density_radius,3,max_curvature,2.0361
Modified,blocked_road,18,density_radius,3,max_curvature,7.4752
Modified,blocked_road,19,density_radius,3,max_curvature,2.1394
Modified,blocked_road,20,density_radius,3,max_curvature,7.7282
Modified,blocked_road,21,density_radius,3,max_curvature,4.6859
Modified,blocked_road,22,density_radius,3,max_curvature,1.4738
Modified,blocked_road,23,density_radius,3,max_curvature,0.8004
Modified,blocked_road,24,density_radius,3,max_curvature,4.3535
Modified,blocked_road,25,density_radius,3,max_curvature,2.1538
Modified,blocked_road,26,density_radius,3,max_curvature,12.2745
Modified,blocked_road,27,density_radius,3,max_curvature,5.6346
Modified,blocked_road,28,density_radius,3,max_curvature,5.1027
Modified,blocked_road,29,density_radius,3,max_curvature,1.3326
Modified,dense_city,0,density_radius,3,max_curvature,2.964
Modified,dense_city,1,density_radius,3,max_curvature,1.284
Modified,dense_city,2,density_radius,3,max_curvature,4.5315
Modified,dense_city,3,density_radius,3,max_curvature,4.6525
Modified,dense_city,4,density_radius,3,max_curvature,1.6778
Modified,dense_city,5,density_radius,3,max_curvature,3.3631
Modified,dense_city,6,density_radius,3,max_curvature,1.2
Modified,dense_city,7,density_radius,3,max_curvature,5.2417
Modified,dense_city,8,density_radius,3,max_curvature,1.4281
Modified,dense_city,9,density_radius,3,max_curvature,
Modified,dense_city,10,density_radius,3,max_curvature,1.3357
Modified,dense_city,11,density_radius,3,max_curvature,1.7391
Modified,dense_city,12,density_radius,3,max_curvature,15.0486
Modified,dense_city,13,density_radius,3,max_curvature,1.3643
Modified,dense_city,14,density_radius,3,max_curvature,4.0662
Modified,dense_city,15,density_radius,3,max_curvature,6.5942
Modified,dense_city,16,density_radius,3,max_curvature,2.1306
Modified,dense_city,17,density_radius,3,max_curvature,4.0171
Modified,dense_city,18,density_radius,3,max_curvature,3.9746
Modified,dense_city,19,density_radius,3,max_curvature,2.2591
Modified,dense_city,20,density_radius,3,max_curvature,1.911
Modified,dense_city,21,density_radius,3,max_curvature,1.5462
Modified,dense_city,22,density_radius,3,max_curvature,1.4091
Modified,dense_city,23,density_radius,3,max_curvature,1.5618
Modified,dense_city,24,density_radius,3,max_curvature,1.4492
Modified,dense_city,25,density_radius,3,max_curvature,1.4665
Modified,dense_city,26,density_radius,3,max_curvature,1.5609
Modified,dense_city,27,density_radius,3,max_curvature,1.0189
Modified,dense_city,28,density_radius,3,max_curvature,1.1004
Modified,dense_city,29,density_radius,3,max_curvature,1.3793
Modified,normal_city,0,density_radius,6,max_curvature,2.2033
Modified,normal_city,1,density_radius,6,max_curvature,3.0624
Modified,normal_city,2,density_radius,6,max_curvature,3.3136
Modified,normal_city,3,density_radius,6,max_curvature,2.8915
Modified,normal_city,4,density_radius,6,max_curvature,3.9804
Modified,normal_city,5,density_radius,6,max_curvature,2.8413
Modified,normal_city,6,density_radius,6,max_curvature,1.2789
Modified,normal_city,7,density_radius,6,max_curvature,3.7787
Modified,normal_city,8,density_radius,6,max_curvature,6.0915
Modified,normal_city,9,density_radius,6,max_curvature,1.3016
Modified,normal_city,10,density_radius,6,max_curvature,3.1554
Modified,normal_city,11,density_radius,6,max_curvature,5.7435
Modified,normal_city,12,density_radius,6,max_curvature,10.4322
Modified,normal_city,13,density_radius,6,max_curvature,1.8712
Modified,normal_city,14,density_radius,6,max_curvature,1.6253
Modified,normal_city,15,density_radius,6,max_curvature,1.6217
Modified,normal_city,16,density_radius,6,max_curvature,1.6973
Modified,normal_city,17,density_radius,6,max_curvature,2.2736
Modified,normal_city,18,density_radius,6,max_curvature,1.8452
Modified,normal_city,19,density_radius,6,max_curvature,11.6428
Modified,normal_city,20,density_radius,6,max_curvature,2.4635
Modified,normal_city,21,density_radius,6,max_curvature,3.0115
Modified,normal_city,22,density_radius,6,max_curvature,3.2756
Modified,normal_city,23,density_radius,6,max_curvature,0.9687
Modified,normal_city,24,density_radius,6,max_curvature,2.0847
Modified,normal_city,25,density_radius,6,max_curvature,2.7863
Modified,normal_city,26,density_radius,6,max_curvature,1.5596
Modified,normal_city,27,density_radius,6,max_curvature,4.5341
Modified,normal_city,28,density_radius,6,max_curvature,3.7768
Modified,normal_city,29,density_radius,6,max_curvature,1.8672
Modified,blocked_road,0,density_radius,6,max_curvature,5.7702
Modified,blocked_road,1,density_radius,6,max_curvature,2.8714
Modified,blocked_road,2,density_radius,6,max_curvature,2.805
Modified,blocked_road,3,density_radius,6,max_curvature,1.3089
Modified,blocked_road,4,density_radius,6,max_curvature,4.5255
Modified,blocked_road,5,density_radius,6,max_curvature,5.3251
Modified,blocked_road,6,density_radius,6,max_curvature,3.3082
Modified,blocked_road,7,density_radius,6,max_curvature,3.868
Modified,blocked_road,8,density_radius,6,max_curvature,3.263
Modified,blocked_road,9,density_radius,6,max_curvature,9.723
Modified,blocked_road,10,density_radius,6,max_curvature,3.1264
Modified,blocked_road,11,density_radius,6,max_curvature,3.5317
Modified,blocked_road,12,density_radius,6,max_curvature,4.0447
Modified,blocked_road,13,density_radius,6,max_curvature,3.6979
Modified,blocked_road,14,density_radius,6,max_curvature,7.2946
Modified,blocked_road,15,density_radius,6,max_curvature,6.2131
Modified,blocked_road,16,density_radius,6,max_curvature,5.3348
Modified,blocked_road,17,density_radius,6,max_curvature,2.0361
Modified,blocked_road,18,density_radius,6,max_curvature,7.4232
Modified,blocked_road,19,density_radius,6,max_curvature,2.1394
Modified,blocked_road,20,density_radius,6,max_curvature,2.3816
Modified,blocked_road,21,density_radius,6,max_curvature,4.6859
Modified,blocked_road,22,density_radius,6,max_curvature,1.4738
Modified,blocked_road,23,density_radius,6,max_curvature,0.8004
Modified,blocked_road,24,density_radius,6,max_curvature,4.3535
Modified,blocked_road,25,density_radius,6,max_curvature,2.1538
Modified,blocked_road,26,density_radius,6,max_curvature,11.7337
Modified,blocked_road,27,density_radius,6,max_curvature,5.6346
Modified,blocked_road,28,density_radius,6,max_curvature,5.1027
Modified,blocked_road,29,density_radius,6,max_curvature,1.3326
Modified,dense_city,0,density_radius,6,max_curvature,2.964
Modified,dense_city,1,density_radius,6,max_curvature,1.284
Modified,dense_city,2,density_radius,6,max_curvature,4.5315
Modified,dense_city,3,density_radius,6,max_curvature,4.6525
Modified,dense_city,4,density_radius,6,max_curvature,1.6778
Modified,dense_city,5,density_radius,6,max_curvature,2.3893
Modified,dense_city,6,density_radius,6,max_curvature,1.2
Modified,dense_city,7,density_radius,6,max_curvature,5.529
Modified,dense_city,8,density_radius,6,max_curvature,1.4281
Modified,dense_city,9,density_radius,6,max_curvature,
Modified,dense_city,10,density_radius,6,max_curvature,1.3357
Modified,dense_city,11,density_radius,6,max_curvature,1.7391
Modified,dense_city,12,density_radius,6,max_curvature,4.1934
Modified,dense_city,13,density_radius,6,max_curvature,1.3643
Modified,dense_city,14,density_radius,6,max_curvature,4.0662
Modified,dense_city,15,density_radius,6,max_curvature,6.5942
Modified,dense_city,16,density_radius,6,max_curvature,2.1306
Modified,dense_city,17,density_radius,6,max_curvature,4.0171
Modified,dense_city,18,density_radius,6,max_curvature,3.9746
Modified,dense_city,19,density_radius,6,max_curvature,2.2591
Modified,dense_city,20,density_radius,6,max_curvature,1.911
Modified,dense_city,21,density_radius,6,max_curvature,1.5462
Modified,dense_city,22,density_radius,6,max_curvature,1.4091
Modified,dense_city,23,density_radius,6,max_curvature,1.5618
Modified,dense_city,24,density_radius,6,max_curvature,1.4492
Modified,dense_city,25,density_radius,6,max_curvature,1.4665
Modified,dense_city,26,density_radius,6,max_curvature,1.5609
Modified,dense_city,27,density_radius,6,max_curvature,1.0189
Modified,dense_city,28,density_radius,6,max_curvature,1.1004
Modified,dense_city,29,density_radius,6,max_curvature,1.3793
Modified,normal_city,0,density_radius,9,max_curvature,2.2033
Modified,normal_city,1,density_radius,9,max_curvature,3.0624
Modified,normal_city,2,density_radius,9,max_curvature,3.3136
Modified,normal_city,3,density_radius,9,max_curvature,2.2665
Modified,normal_city,4,density_radius,9,max_curvature,3.9804
Modified,normal_city,5,density_radius,9,max_curvature,2.8413
Modified,normal_city,6,density_radius,9,max_curvature,1.2789
Modified,normal_city,7,density_radius,9,max_curvature,3.7787
Modified,normal_city,8,density_radius,9,max_curvature,1.1768
Modified,normal_city,9,density_radius,9,max_curvature,1.3016
Modified,normal_city,10,density_radius,9,max_curvature,3.1554
Modified,normal_city,11,density_radius,9,max_curvature,5.6864
Modified,normal_city,12,density_radius,9,max_curvature,10.4322
Modified,normal_city,13,density_radius,9,max_curvature,1.8712
Modified,normal_city,14,density_radius,9,max_curvature,1.6253
Modified,normal_city,15,density_radius,9,max_curvature,1.6217
Modified,normal_city,16,density_radius,9,max_curvature,1.6973
Modified,normal_city,17,density_radius,9,max_curvature,2.2736
Modified,normal_city,18,density_radius,9,max_curvature,1.8452
Modified,normal_city,19,density_radius,9,max_curvature,11.6428
Modified,normal_city,20,density_radius,9,max_curvature,2.4635
Modified,normal_city,21,density_radius,9,max_curvature,3.0115
Modified,normal_city,22,density_radius,9,max_curvature,2.3799
Modified,normal_city,23,density_radius,9,max_curvature,0.9687
Modified,normal_city,24,density_radius,9,max_curvature,3.2097
Modified,normal_city,25,density_radius,9,max_curvature,2.7863
Modified,normal_city,26,density_radius,9,max_curvature,1.5596
Modified,normal_city,27,density_radius,9,max_curvature,4.2917
Modified,normal_city,28,density_radius,9,max_curvature,3.7768
Modified,normal_city,29,density_radius,9,max_curvature,1.8672
Modified,blocked_road,0,density_radius,9,max_curvature,5.7702
Modified,blocked_road,1,density_radius,9,max_curvature,2.8714
Modified,blocked_road,2,density_radius,9,max_curvature,2.805
Modified,blocked_road,3,density_radius,9,max_curvature,1.3089
Modified,blocked_road,4,density_radius,9,max_curvature,5.0141
Modified,blocked_road,5,density_radius,9,max_curvature,5.3251
Modified,blocked_road,6,density_radius,9,max_curvature,2.9018
Modified,blocked_road,7,density_radius,9,max_curvature,3.868
Modified,blocked_road,8,density_radius,9,max_curvature,3.263
Modified,blocked_road,9,density_radius,9,max_curvature,10.8622
Modified,blocked_road,10,density_radius,9,max_curvature,3.1264
Modified,blocked_road,11,density_radius,9,max_curvature,3.5317
Modified,blocked_road,12,density_radius,9,max_curvature,3.1167
Modified,blocked_road,13,density_radius,9,max_curvature,1.4008
Modified,blocked_road,14,density_radius,9,max_curvature,5.036
Modified,blocked_road,15,density_radius,9,max_curvature,6.2131
Modified,blocked_road,16,density_radius,9,max_curvature,4.5799
Modified,blocked_road,17,density_radius,9,max_curvature,2.0361
Modified,blocked_road,18,density_radius,9,max_curvature,7.3267
Modified,blocked_road,19,density_radius,9,max_curvature,2.1394
Modified,blocked_road,20,density_radius,9,max_curvature,2.3816
Modified,blocked_road,21,density_radius,9,max_curvature,4.6859
Modified,blocked_road,22,density_radius,9,max_curvature,1.4738
Modified,blocked_road,23,density_radius,9,max_curvature,0.8004
Modified,blocked_road,24,density_radius,9,max_curvature,4.3535
Modified,blocked_road,25,density_radius,9,max_curvature,3.4096
Modified,blocked_road,26,density_radius,9,max_curvature,12.2792
Modified,blocked_road,27,density_radius,9,max_curvature,5.6346
Modified,blocked_road,28,density_radius,9,max_curvature,5.1027
Modified,blocked_road,29,density_radius,9,max_curvature,1.3326
Modified,dense_city,0,density_radius,9,max_curvature,2.964
Modified,dense_city,1,density_radius,9,max_curvature,1.284
Modified,dense_city,2,density_radius,9,max_curvature,4.5315
Modified,dense_city,3,density_radius,9,max_curvature,4.6525
Modified,dense_city,4,density_radius,9,max_curvature,1.6778
Modified,dense_city,5,density_radius,9,max_curvature,8.2944
Modified,dense_city,6,density_radius,9,max_curvature,1.2
Modified,dense_city,7,density_radius,9,max_curvature,1.7069
Modified,dense_city,8,density_radius,9,max_curvature,1.4281
Modified,dense_city,9,density_radius,9,max_curvature,
Modified,dense_city,10,density_radius,9,max_curvature,1.3357
Modified,dense_city,11,density_radius,9,max_curvature,1.7391
Modified,dense_city,12,density_radius,9,max_curvature,4.1934
Modified,dense_city,13,density_radius,9,max_curvature,1.3643
Modified,dense_city,14,density_radius,9,max_curvature,4.0662
Modified,dense_city,15,density_radius,9,max_curvature,6.5942
Modified,dense_city,16,density_radius,9,max_curvature,2.1306
Modified,dense_city,17,density_radius,9,max_curvature,4.0171
Modified,dense_city,18,density_radius,9,max_curvature,3.9746
Modified,dense_city,19,density_radius,9,max_curvature,2.2591
Modified,dense_city,20,density_radius,9,max_curvature,1.911
Modified,dense_city,21,density_radius,9,max_curvature,1.5462
Modified,dense_city,22,density_radius,9,max_curvature,1.4091
Modified,dense_city,23,density_radius,9,max_curvature,1.5618
Modified,dense_city,24,density_radius,9,max_curvature,1.4492
Modified,dense_city,25,density_radius,9,max_curvature,1.4665
Modified,dense_city,26,density_radius,9,max_curvature,1.5609
Modified,dense_city,27,density_radius,9,max_curvature,1.0189
Modified,dense_city,28,density_radius,9,max_curvature,1.1004
Modified,dense_city,29,density_radius,9,max_curvature,1.3793
Modified,normal_city,0,density_radius,12,max_curvature,2.2033
Modified,normal_city,1,density_radius,12,max_curvature,3.0624
Modified,normal_city,2,density_radius,12,max_curvature,3.3136
Modified,normal_city,3,density_radius,12,max_curvature,2.1443
Modified,normal_city,4,density_radius,12,max_curvature,3.9804
Modified,normal_city,5,density_radius,12,max_curvature,2.8413
Modified,normal_city,6,density_radius,12,max_curvature,1.2789
Modified,normal_city,7,density_radius,12,max_curvature,3.7787
Modified,normal_city,8,density_radius,12,max_curvature,1.7008
Modified,normal_city,9,density_radius,12,max_curvature,1.3016
Modified,normal_city,10,density_radius,12,max_curvature,3.1554
Modified,normal_city,11,density_radius,12,max_curvature,5.6864
Modified,normal_city,12,density_radius,12,max_curvature,8.8356
Modified,normal_city,13,density_radius,12,max_curvature,1.8712
Modified,normal_city,14,density_radius,12,max_curvature,1.6253
Modified,normal_city,15,density_radius,12,max_curvature,1.6217
Modified,normal_city,16,density_radius,12,max_curvature,1.6973
Modified,normal_city,17,density_radius,12,max_curvature,2.2736
Modified,normal_city,18,density_radius,12,max_curvature,1.8452
Modified,normal_city,19,density_radius,12,max_curvature,11.6428
Modified,normal_city,20,density_radius,12,max_curvature,2.4635
Modified,normal_city,21,density_radius,12,max_curvature,1.3321
Modified,normal_city,22,density_radius,12,max_curvature,2.0971
Modified,normal_city,23,density_radius,12,max_curvature,0.9687
Modified,normal_city,24,density_radius,12,max_curvature,1.3008
Modified,normal_city,25,density_radius,12,max_curvature,2.7863
Modified,normal_city,26,density_radius,12,max_curvature,1.5596
Modified,normal_city,27,density_radius,12,max_curvature,4.2917
Modified,normal_city,28,density_radius,12,max_curvature,3.7768
Modified,normal_city,29,density_radius,12,max_curvature,1.8672
Modified,blocked_road,0,density_radius,12,max_curvature,5.7702
Modified,blocked_road,1,density_radius,12,max_curvature,2.8714
Modified,blocked_road,2,density_radius,12,max_curvature,2.805
Modified,blocked_road,3,density_radius,12,max_curvature,1.3089
Modified,blocked_road,4,density_radius,12,max_curvature,5.0141
Modified,blocked_road,5,density_radius,12,max_curvature,5.3251
Modified,blocked_road,6,density_radius,12,max_curvature,2.9018
Modified,blocked_road,7,density_radius,12,max_curvature,3.868
Modified,blocked_road,8,density_radius,12,max_curvature,3.263
Modified,blocked_road,9,density_radius,12,max_curvature,10.8622
Modified,blocked_road,10,density_radius,12,max_curvature,3.1264
Modified,blocked_road,11,density_radius,12,max_curvature,3.5317
Modified,blocked_road,12,density_radius,12,max_curvature,4.0447
Modified,blocked_road,13,density_radius,12,max_curvature,2.307
Modified,blocked_road,14,density_radius,12,max_curvature,5.036
Modified,blocked_road,15,density_radius,12,max_curvature,6.2131
Modified,blocked_road,16,density_radius,12,max_curvature,4.617
Modified,blocked_road,17,density_radius,12,max_curvature,2.0361
Modified,blocked_road,18,density_radius,12,max_curvature,7.3267
Modified,blocked_road,19,density_radius,12,max_curvature,2.1394
Modified,blocked_road,20,density_radius,12,max_curvature,2.3816
Modified,blocked_road,21,density_radius,12,max_curvature,4.6859
Modified,blocked_road,22,density_radius,12,max_curvature,1.4738
Modified,blocked_road,23,density_radius,12,max_curvature,0.8004
Modified,blocked_road,24,density_radius,12,max_curvature,4.3535
Modified,blocked_road,25,density_radius,12,max_curvature,2.1538
Modified,blocked_road,26,density_radius,12,max_curvature,12.2745
Modified,blocked_road,27,density_radius,12,max_curvature,5.6346
Modified,blocked_road,28,density_radius,12,max_curvature,5.1027
Modified,blocked_road,29,density_radius,12,max_curvature,1.3326
Modified,dense_city,0,density_radius,12,max_curvature,2.964
Modified,dense_city,1,density_radius,12,max_curvature,1.284
Modified,dense_city,2,density_radius,12,max_curvature,4.5315
Modified,dense_city,3,density_radius,12,max_curvature,4.6525
Modified,dense_city,4,density_radius,12,max_curvature,1.6778
Modified,dense_city,5,density_radius,12,max_curvature,1.5212
Modified,dense_city,6,density_radius,12,max_curvature,1.2
Modified,dense_city,7,density_radius,12,max_curvature,2.0339
Modified,dense_city,8,density_radius,12,max_curvature,1.4281
Modified,dense_city,9,density_radius,12,max_curvature,
Modified,dense_city,10,density_radius,12,max_curvature,1.3357
Modified,dense_city,11,density_radius,12,max_curvature,1.7391
Modified,dense_city,12,density_radius,12,max_curvature,4.1934
Modified,dense_city,13,density_radius,12,max_curvature,1.3643
Modified,dense_city,14,density_radius,12,max_curvature,4.0662
Modified,dense_city,15,density_radius,12,max_curvature,6.5942
Modified,dense_city,16,density_radius,12,max_curvature,2.1306
Modified,dense_city,17,density_radius,12,max_curvature,4.0171
Modified,dense_city,18,density_radius,12,max_curvature,3.9746
Modified,dense_city,19,density_radius,12,max_curvature,2.2591
Modified,dense_city,20,density_radius,12,max_curvature,1.911
Modified,dense_city,21,density_radius,12,max_curvature,1.5462
Modified,dense_city,22,density_radius,12,max_curvature,1.4091
Modified,dense_city,23,density_radius,12,max_curvature,1.5618
Modified,dense_city,24,density_radius,12,max_curvature,1.4492
Modified,dense_city,25,density_radius,12,max_curvature,1.4665
Modified,dense_city,26,density_radius,12,max_curvature,1.5609
Modified,dense_city,27,density_radius,12,max_curvature,1.0189
Modified,dense_city,28,density_radius,12,max_curvature,1.1004
Modified,dense_city,29,density_radius,12,max_curvature,1.3793
Modified,normal_city,0,density_radius,3,drive_time_curved,44.4162
Modified,normal_city,1,density_radius,3,drive_time_curved,48.7576
Modified,normal_city,2,density_radius,3,drive_time_curved,43.8255
Modified,normal_city,3,density_radius,3,drive_time_curved,47.5928
Modified,normal_city,4,density_radius,3,drive_time_curved,46.4283
Modified,normal_city,5,density_radius,3,drive_time_curved,44.8947
Modified,normal_city,6,density_radius,3,drive_time_curved,31.3788
Modified,normal_city,7,density_radius,3,drive_time_curved,45.9952
Modified,normal_city,8,density_radius,3,drive_time_curved,53.8603
Modified,normal_city,9,density_radius,3,drive_time_curved,30.6104
Modified,normal_city,10,density_radius,3,drive_time_curved,40.1171
Modified,normal_city,11,density_radius,3,drive_time_curved,45.4371
Modified,normal_city,12,density_radius,3,drive_time_curved,39.9791
Modified,normal_city,13,density_radius,3,drive_time_curved,46.7936
Modified,normal_city,14,density_radius,3,drive_time_curved,44.362
Modified,normal_city,15,density_radius,3,drive_time_curved,46.4166
Modified,normal_city,16,density_radius,3,drive_time_curved,43.4309
Modified,normal_city,17,density_radius,3,drive_time_curved,33.0324
Modified,normal_city,18,density_radius,3,drive_time_curved,43.6882
Modified,normal_city,19,density_radius,3,drive_time_curved,40.726
Modified,normal_city,20,density_radius,3,drive_time_curved,42.8748
Modified,normal_city,21,density_radius,3,drive_time_curved,42.8849
Modified,normal_city,22,density_radius,3,drive_time_curved,49.0138
Modified,normal_city,23,density_radius,3,drive_time_curved,30.8963
Modified,normal_city,24,density_radius,3,drive_time_curved,43.3253
Modified,normal_city,25,density_radius,3,drive_time_curved,46.4241
Modified,normal_city,26,density_radius,3,drive_time_curved,41.3927
Modified,normal_city,27,density_radius,3,drive_time_curved,50.3726
Modified,normal_city,28,density_radius,3,drive_time_curved,45.6656
Modified,normal_city,29,density_radius,3,drive_time_curved,46.0635
Modified,blocked_road,0,density_radius,3,drive_time_curved,49.1439
Modified,blocked_road,1,density_radius,3,drive_time_curved,56.227
Modified,blocked_road,2,density_radius,3,drive_time_curved,40.3069
Modified,blocked_road,3,density_radius,3,drive_time_curved,31.4245
Modified,blocked_road,4,density_radius,3,drive_time_curved,59.4461
Modified,blocked_road,5,density_radius,3,drive_time_curved,49.7792
Modified,blocked_road,6,density_radius,3,drive_time_curved,38.6329
Modified,blocked_road,7,density_radius,3,drive_time_curved,50.5832
Modified,blocked_road,8,density_radius,3,drive_time_curved,37.1252
Modified,blocked_road,9,density_radius,3,drive_time_curved,33.4225
Modified,blocked_road,10,density_radius,3,drive_time_curved,32.5763
Modified,blocked_road,11,density_radius,3,drive_time_curved,34.9404
Modified,blocked_road,12,density_radius,3,drive_time_curved,44.5846
Modified,blocked_road,13,density_radius,3,drive_time_curved,47.0128
Modified,blocked_road,14,density_radius,3,drive_time_curved,49.9639
Modified,blocked_road,15,density_radius,3,drive_time_curved,53.4218
Modified,blocked_road,16,density_radius,3,drive_time_curved,49.4746
Modified,blocked_road,17,density_radius,3,drive_time_curved,29.4706
Modified,blocked_road,18,density_radius,3,drive_time_curved,47.6619
Modified,blocked_road,19,density_radius,3,drive_time_curved,44.5926
Modified,blocked_road,20,density_radius,3,drive_time_curved,49.0871
Modified,blocked_road,21,density_radius,3,drive_time_curved,30.7265
Modified,blocked_road,22,density_radius,3,drive_time_curved,27.8351
Modified,blocked_road,23,density_radius,3,drive_time_curved,28.102
Modified,blocked_road,24,density_radius,3,drive_time_curved,31.1738
Modified,blocked_road,25,density_radius,3,drive_time_curved,46.5026
Modified,blocked_road,26,density_radius,3,drive_time_curved,33.9903
Modified,blocked_road,27,density_radius,3,drive_time_curved,34.3933
Modified,blocked_road,28,density_radius,3,drive_time_curved,33.4239
Modified,blocked_road,29,density_radius,3,drive_time_curved,32.4348
Modified,dense_city,0,density_radius,3,drive_time_curved,40.0089
Modified,dense_city,1,density_radius,3,drive_time_curved,27.3367
Modified,dense_city,2,density_radius,3,drive_time_curved,42.6402
Modified,dense_city,3,density_radius,3,drive_time_curved,34.6466
Modified,dense_city,4,density_radius,3,drive_time_curved,29.229
Modified,dense_city,5,density_radius,3,drive_time_curved,62.5518
Modified,dense_city,6,density_radius,3,drive_time_curved,41.9649
Modified,dense_city,7,density_radius,3,drive_time_curved,62.6004
Modified,dense_city,8,density_radius,3,drive_time_curved,29.8653
Modified,dense_city,9,density_radius,3,drive_time_curved,
Modified,dense_city,10,density_radius,3,drive_time_curved,32.019
Modified,dense_city,11,density_radius,3,drive_time_curved,29.2969
Modified,dense_city,12,density_radius,3,drive_time_curved,43.0765
Modified,dense_city,13,density_radius,3,drive_time_curved,29.3896
Modified,dense_city,14,density_radius,3,drive_time_curved,41.9803
Modified,dense_city,15,density_radius,3,drive_time_curved,58.7782
Modified,dense_city,16,density_radius,3,drive_time_curved,33.5361
Modified,dense_city,17,density_radius,3,drive_time_curved,34.2895
Modified,dense_city,18,density_radius,3,drive_time_curved,37.968
Modified,dense_city,19,density_radius,3,drive_time_curved,30.9656
Modified,dense_city,20,density_radius,3,drive_time_curved,34.8572
Modified,dense_city,21,density_radius,3,drive_time_curved,31.4041
Modified,dense_city,22,density_radius,3,drive_time_curved,29.986
Modified,dense_city,23,density_radius,3,drive_time_curved,32.63
Modified,dense_city,24,density_radius,3,drive_time_curved,31.3096
Modified,dense_city,25,density_radius,3,drive_time_curved,33.966
Modified,dense_city,26,density_radius,3,drive_time_curved,31.4431
Modified,dense_city,27,density_radius,3,drive_time_curved,29.1368
Modified,dense_city,28,density_radius,3,drive_time_curved,27.6003
Modified,dense_city,29,density_radius,3,drive_time_curved,31.8797
Modified,normal_city,0,density_radius,6,drive_time_curved,44.4162
Modified,normal_city,1,density_radius,6,drive_time_curved,48.7576
Modified,normal_city,2,density_radius,6,drive_time_curved,43.8255
Modified,normal_city,3,density_radius,6,drive_time_curved,45.0641
Modified,normal_city,4,density_radius,6,drive_time_curved,46.4283
Modified,normal_city,5,density_radius,6,drive_time_curved,44.8947
Modified,normal_city,6,density_radius,6,drive_time_curved,31.3788
Modified,normal_city,7,density_radius,6,drive_time_curved,45.9952
Modified,normal_city,8,density_radius,6,drive_time_curved,53.8603
Modified,normal_city,9,density_radius,6,drive_time_curved,30.6104
Modified,normal_city,10,density_radius,6,drive_time_curved,40.1171
Modified,normal_city,11,density_radius,6,drive_time_curved,45.4371
Modified,normal_city,12,density_radius,6,drive_time_curved,39.1253
Modified,normal_city,13,density_radius,6,drive_time_curved,46.7936
Modified,normal_city,14,density_radius,6,drive_time_curved,44.362
Modified,normal_city,15,density_radius,6,drive_time_curved,46.4166
Modified,normal_city,16,density_radius,6,drive_time_curved,43.4309
Modified,normal_city,17,density_radius,6,drive_time_curved,33.0324
Modified,normal_city,18,density_radius,6,drive_time_curved,43.6882
Modified,normal_city,19,density_radius,6,drive_time_curved,40.726
Modified,normal_city,20,density_radius,6,drive_time_curved,42.8748
Modified,normal_city,21,density_radius,6,drive_time_curved,42.8849
Modified,normal_city,22,density_radius,6,drive_time_curved,45.187
Modified,normal_city,23,density_radius,6,drive_time_curved,30.8963
Modified,normal_city,24,density_radius,6,drive_time_curved,43.3253
Modified,normal_city,25,density_radius,6,drive_time_curved,46.4241
Modified,normal_city,26,density_radius,6,drive_time_curved,41.3927
Modified,normal_city,27,density_radius,6,drive_time_curved,50.654
Modified,normal_city,28,density_radius,6,drive_time_curved,45.6656
Modified,normal_city,29,density_radius,6,drive_time_curved,46.0635
Modified,blocked_road,0,density_radius,6,drive_time_curved,47.1343
Modified,blocked_road,1,density_radius,6,drive_time_curved,53.5428
Modified,blocked_road,2,density_radius,6,drive_time_curved,40.3069
Modified,blocked_road,3,density_radius,6,drive_time_curved,31.4245
Modified,blocked_road,4,density_radius,6,drive_time_curved,65.4904
Modified,blocked_road,5,density_radius,6,drive_time_curved,49.7792
Modified,blocked_road,6,density_radius,6,drive_time_curved,38.6329
Modified,blocked_road,7,density_radius,6,drive_time_curved,50.5832
Modified,blocked_road,8,density_radius,6,drive_time_curved,37.1252
Modified,blocked_road,9,density_radius,6,drive_time_curved,34.4632
Modified,blocked_road,10,density_radius,6,drive_time_curved,32.5763
Modified,blocked_road,11,density_radius,6,drive_time_curved,34.9404
Modified,blocked_road,12,density_radius,6,drive_time_curved,44.1166
Modified,blocked_road,13,density_radius,6,drive_time_curved,47.0128
Modified,blocked_road,14,density_radius,6,drive_time_curved,48.1855
Modified,blocked_road,15,density_radius,6,drive_time_curved,49.8632
Modified,blocked_road,16,density_radius,6,drive_time_curved,48.8124
Modified,blocked_road,17,density_radius,6,drive_time_curved,29.4706
Modified,blocked_road,18,density_radius,6,drive_time_curved,47.1788
Modified,blocked_road,19,density_radius,6,drive_time_curved,44.5926
Modified,blocked_road,20,density_radius,6,drive_time_curved,47.5821
Modified,blocked_road,21,density_radius,6,drive_time_curved,30.7265
Modified,blocked_road,22,density_radius,6,drive_time_curved,27.8351
Modified,blocked_road,23,density_radius,6,drive_time_curved,28.102
Modified,blocked_road,24,density_radius,6,drive_time_curved,31.1738
Modified,blocked_road,25,density_radius,6,drive_time_curved,46.5026
Modified,blocked_road,26,density_radius,6,drive_time_curved,34.3964
Modified,blocked_road,27,density_radius,6,drive_time_curved,34.3933
Modified,blocked_road,28,density_radius,6,drive_time_curved,33.4239
Modified,blocked_road,29,density_radius,6,drive_time_curved,32.4348
Modified,dense_city,0,density_radius,6,drive_time_curved,40.0089
Modified,dense_city,1,density_radius,6,drive_time_curved,27.3367
Modified,dense_city,2,density_radius,6,drive_time_curved,42.6402
Modified,dense_city,3,density_radius,6,drive_time_curved,34.6466
Modified,dense_city,4,density_radius,6,drive_time_curved,29.229
Modified,dense_city,5,density_radius,6,drive_time_curved,50.3145
Modified,dense_city,6,density_radius,6,drive_time_curved,41.9649
Modified,dense_city,7,density_radius,6,drive_time_curved,62.7054
Modified,dense_city,8,density_radius,6,drive_time_curved,29.8653
Modified,dense_city,9,density_radius,6,drive_time_curved,
Modified,dense_city,10,density_radius,6,drive_time_curved,32.019
Modified,dense_city,11,density_radius,6,drive_time_curved,29.2969
Modified,dense_city,12,density_radius,6,drive_time_curved,42.9375
Modified,dense_city,13,density_radius,6,drive_time_curved,29.3896
Modified,dense_city,14,density_radius,6,drive_time_curved,41.9803
Modified,dense_city,15,density_radius,6,drive_time_curved,58.7782
Modified,dense_city,16,density_radius,6,drive_time_curved,33.5361
Modified,dense_city,17,density_radius,6,drive_time_curved,34.2895
Modified,dense_city,18,density_radius,6,drive_time_curved,37.968
Modified,dense_city,19,density_radius,6,drive_time_curved,30.9656
Modified,dense_city,20,density_radius,6,drive_time_curved,34.8572
Modified,dense_city,21,density_radius,6,drive_time_curved,31.4041
Modified,dense_city,22,density_radius,6,drive_time_curved,29.986
Modified,dense_city,23,density_radius,6,drive_time_curved,32.63
Modified,dense_city,24,density_radius,6,drive_time_curved,31.3096
Modified,dense_city,25,density_radius,6,drive_time_curved,33.966
Modified,dense_city,26,density_radius,6,drive_time_curved,31.4431
Modified,dense_city,27,density_radius,6,drive_time_curved,29.1368
Modified,dense_city,28,density_radius,6,drive_time_curved,27.6003
Modified,dense_city,29,density_radius,6,drive_time_curved,31.8797
Modified,normal_city,0,density_radius,9,drive_time_curved,44.4162
Modified,normal_city,1,density_radius,9,drive_time_curved,48.7576
Modified,normal_city,2,density_radius,9,drive_time_curved,43.8255
Modified,normal_city,3,density_radius,9,drive_time_curved,45.2433
Modified,normal_city,4,density_radius,9,drive_time_curved,46.4283
Modified,normal_city,5,density_radius,9,drive_time_curved,44.8947
Modified,normal_city,6,density_radius,9,drive_time_curved,31.3788
Modified,normal_city,7,density_radius,9,drive_time_curved,45.9952
Modified,normal_city,8,density_radius,9,drive_time_curved,40.2208
Modified,normal_city,9,density_radius,9,drive_time_curved,30.6104
Modified,normal_city,10,density_radius,9,drive_time_curved,40.1171
Modified,normal_city,11,density_radius,9,drive_time_curved,47.6599
Modified,normal_city,12,density_radius,9,drive_time_curved,39.1253
Modified,normal_city,13,density_radius,9,drive_time_curved,46.7936
Modified,normal_city,14,density_radius,9,drive_time_curved,44.362
Modified,normal_city,15,density_radius,9,drive_time_curved,46.4166
Modified,normal_city,16,density_radius,9,drive_time_curved,43.4309
Modified,normal_city,17,density_radius,9,drive_time_curved,33.0324
Modified,normal_city,18,density_radius,9,drive_time_curved,43.6882
Modified,normal_city,19,density_radius,9,drive_time_curved,40.726
Modified,normal_city,20,density_radius,9,drive_time_curved,42.8748
Modified,normal_city,21,density_radius,9,drive_time_curved,42.8849
Modified,normal_city,22,density_radius,9,drive_time_curved,44.6618
Modified,normal_city,23,density_radius,9,drive_time_curved,30.8963
Modified,normal_city,24,density_radius,9,drive_time_curved,43.2576
Modified,normal_city,25,density_radius,9,drive_time_curved,46.4241
Modified,normal_city,26,density_radius,9,drive_time_curved,41.3927
Modified,normal_city,27,density_radius,9,drive_time_curved,52.1739
Modified,normal_city,28,density_radius,9,drive_time_curved,45.6656
Modified,normal_city,29,density_radius,9,drive_time_curved,46.0635
Modified,blocked_road,0,density_radius,9,drive_time_curved,47.1343
Modified,blocked_road,1,density_radius,9,drive_time_curved,53.5428
Modified,blocked_road,2,density_radius,9,drive_time_curved,40.3069
Modified,blocked_road,3,density_radius,9,drive_time_curved,31.4245
Modified,blocked_road,4,density_radius,9,drive_time_curved,52.2195
Modified,blocked_road,5,density_radius,9,drive_time_curved,49.7792
Modified,blocked_road,6,density_radius,9,drive_time_curved,42.055
Modified,blocked_road,7,density_radius,9,drive_time_curved,50.5832
Modified,blocked_road,8,density_radius,9,drive_time_curved,37.1252
Modified,blocked_road,9,density_radius,9,drive_time_curved,33.4225
Modified,blocked_road,10,density_radius,9,drive_time_curved,32.5763
Modified,blocked_road,11,density_radius,9,drive_time_curved,34.9404
Modified,blocked_road,12,density_radius,9,drive_time_curved,39.4022
Modified,blocked_road,13,density_radius,9,drive_time_curved,39.6994
Modified,blocked_road,14,density_radius,9,drive_time_curved,47.8229
Modified,blocked_road,15,density_radius,9,drive_time_curved,49.8632
Modified,blocked_road,16,density_radius,9,drive_time_curved,47.7099
Modified,blocked_road,17,density_radius,9,drive_time_curved,29.4706
Modified,blocked_road,18,density_radius,9,drive_time_curved,42.2878
Modified,blocked_road,19,density_radius,9,drive_time_curved,44.5926
Modified,blocked_road,20,density_radius,9,drive_time_curved,47.5821
Modified,blocked_road,21,density_radius,9,drive_time_curved,30.7265
Modified,blocked_road,22,density_radius,9,drive_time_curved,27.8351
Modified,blocked_road,23,density_radius,9,drive_time_curved,28.102
Modified,blocked_road,24,density_radius,9,drive_time_curved,31.1738
Modified,blocked_road,25,density_radius,9,drive_time_curved,36.8261
Modified,blocked_road,26,density_radius,9,drive_time_curved,35.0216
Modified,blocked_road,27,density_radius,9,drive_time_curved,34.3933
Modified,blocked_road,28,density_radius,9,drive_time_curved,33.4239
Modified,blocked_road,29,density_radius,9,drive_time_curved,32.4348
Modified,dense_city,0,density_radius,9,drive_time_curved,40.0089
Modified,dense_city,1,density_radius,9,drive_time_curved,27.3367
Modified,dense_city,2,density_radius,9,drive_time_curved,42.6402
Modified,dense_city,3,density_radius,9,drive_time_curved,34.6466
Modified,dense_city,4,density_radius,9,drive_time_curved,29.229
Modified,dense_city,5,density_radius,9,drive_time_curved,55.246
Modified,dense_city,6,density_radius,9,drive_time_curved,41.9649
Modified,dense_city,7,density_radius,9,drive_time_curved,55.3363
Modified,dense_city,8,density_radius,9,drive_time_curved,29.8653
Modified,dense_city,9,density_radius,9,drive_time_curved,
Modified,dense_city,10,density_radius,9,drive_time_curved,32.019
Modified,dense_city,11,density_radius,9,drive_time_curved,29.2969
Modified,dense_city,12,density_radius,9,drive_time_curved,42.9375
Modified,dense_city,13,density_radius,9,drive_time_curved,29.3896
Modified,dense_city,14,density_radius,9,drive_time_curved,41.9803
Modified,dense_city,15,density_radius,9,drive_time_curved,58.7782
Modified,dense_city,16,density_radius,9,drive_time_curved,33.5361
Modified,dense_city,17,density_radius,9,drive_time_curved,34.2895
Modified,dense_city,18,density_radius,9,drive_time_curved,37.968
Modified,dense_city,19,density_radius,9,drive_time_curved,30.9656
Modified,dense_city,20,density_radius,9,drive_time_curved,34.8572
Modified,dense_city,21,density_radius,9,drive_time_curved,31.4041
Modified,dense_city,22,density_radius,9,drive_time_curved,29.986
Modified,dense_city,23,density_radius,9,drive_time_curved,32.63
Modified,dense_city,24,density_radius,9,drive_time_curved,31.3096
Modified,dense_city,25,density_radius,9,drive_time_curved,33.966
Modified,dense_city,26,density_radius,9,drive_time_curved,31.4431
Modified,dense_city,27,density_radius,9,drive_time_curved,29.1368
Modified,dense_city,28,density_radius,9,drive_time_curved,27.6003
Modified,dense_city,29,density_radius,9,drive_time_curved,31.8797
Modified,normal_city,0,density_radius,12,drive_time_curved,44.4162
Modified,normal_city,1,density_radius,12,drive_time_curved,48.7576
Modified,normal_city,2,density_radius,12,drive_time_curved,43.8255
Modified,normal_city,3,density_radius,12,drive_time_curved,42.1531
Modified,normal_city,4,density_radius,12,drive_time_curved,46.4283
Modified,normal_city,5,density_radius,12,drive_time_curved,44.8947
Modified,normal_city,6,density_radius,12,drive_time_curved,31.3788
Modified,normal_city,7,density_radius,12,drive_time_curved,45.9952
Modified,normal_city,8,density_radius,12,drive_time_curved,39.8637
Modified,normal_city,9,density_radius,12,drive_time_curved,30.6104
Modified,normal_city,10,density_radius,12,drive_time_curved,40.1171
Modified,normal_city,11,density_radius,12,drive_time_curved,47.6599
Modified,normal_city,12,density_radius,12,drive_time_curved,37.4935
Modified,normal_city,13,density_radius,12,drive_time_curved,46.7936
Modified,normal_city,14,density_radius,12,drive_time_curved,44.362
Modified,normal_city,15,density_radius,12,drive_time_curved,46.4166
Modified,normal_city,16,density_radius,12,drive_time_curved,43.4309
Modified,normal_city,17,density_radius,12,drive_time_curved,33.0324
Modified,normal_city,18,density_radius,12,drive_time_curved,43.6882
Modified,normal_city,19,density_radius,12,drive_time_curved,40.726
Modified,normal_city,20,density_radius,12,drive_time_curved,42.8748
Modified,normal_city,21,density_radius,12,drive_time_curved,36.9837
Modified,normal_city,22,density_radius,12,drive_time_curved,37.5785
Modified,normal_city,23,density_radius,12,drive_time_curved,30.8963
Modified,normal_city,24,density_radius,12,drive_time_curved,38.3598
Modified,normal_city,25,density_radius,12,drive_time_curved,46.4241
Modified,normal_city,26,density_radius,12,drive_time_curved,41.3927
Modified,normal_city,27,density_radius,12,drive_time_curved,52.1739
Modified,normal_city,28,density_radius,12,drive_time_curved,45.6656
Modified,normal_city,29,density_radius,12,drive_time_curved,46.0635
Modified,blocked_road,0,density_radius,12,drive_time_curved,47.1343
Modified,blocked_road,1,density_radius,12,drive_time_curved,53.5428
Modified,blocked_road,2,density_radius,12,drive_time_curved,40.3069
Modified,blocked_road,3,density_radius,12,drive_time_curved,31.4245
Modified,blocked_road,4,density_radius,12,drive_time_curved,52.2195
Modified,blocked_road,5,density_radius,12,drive_time_curved,49.7792
Modified,blocked_road,6,density_radius,12,drive_time_curved,42.055
Modified,blocked_road,7,density_radius,12,drive_time_curved,50.5832
Modified,blocked_road,8,density_radius,12,drive_time_curved,37.1252
Modified,blocked_road,9,density_radius,12,drive_time_curved,33.4225
Modified,blocked_road,10,density_radius,12,drive_time_curved,32.5763
Modified,blocked_road,11,density_radius,12,drive_time_curved,34.9404
Modified,blocked_road,12,density_radius,12,drive_time_curved,44.1166
Modified,blocked_road,13,density_radius,12,drive_time_curved,37.7034
Modified,blocked_road,14,density_radius,12,drive_time_curved,47.8229
Modified,blocked_road,15,density_radius,12,drive_time_curved,49.8632
Modified,blocked_road,16,density_radius,12,drive_time_curved,47.653
Modified,blocked_road,17,density_radius,12,drive_time_curved,29.4706
Modified,blocked_road,18,density_radius,12,drive_time_curved,42.2878
Modified,blocked_road,19,density_radius,12,drive_time_curved,44.5926
Modified,blocked_road,20,density_radius,12,drive_time_curved,47.5821
Modified,blocked_road,21,density_radius,12,drive_time_curved,30.7265
Modified,blocked_road,22,density_radius,12,drive_time_curved,27.8351
Modified,blocked_road,23,density_radius,12,drive_time_curved,28.102
Modified,blocked_road,24,density_radius,12,drive_time_curved,31.1738
Modified,blocked_road,25,density_radius,12,drive_time_curved,46.5026
Modified,blocked_road,26,density_radius,12,drive_time_curved,33.9903
Modified,blocked_road,27,density_radius,12,drive_time_curved,34.3933
Modified,blocked_road,28,density_radius,12,drive_time_curved,33.4239
Modified,blocked_road,29,density_radius,12,drive_time_curved,32.4348
Modified,dense_city,0,density_radius,12,drive_time_curved,40.0089
Modified,dense_city,1,density_radius,12,drive_time_curved,27.3367
Modified,dense_city,2,density_radius,12,drive_time_curved,42.6402
Modified,dense_city,3,density_radius,12,drive_time_curved,34.6466
Modified,dense_city,4,density_radius,12,drive_time_curved,29.229
Modified,dense_city,5,density_radius,12,drive_time_curved,48.5613
Modified,dense_city,6,density_radius,12,drive_time_curved,41.9649
Modified,dense_city,7,density_radius,12,drive_time_curved,56.5146
Modified,dense_city,8,density_radius,12,drive_time_curved,29.8653
Modified,dense_city,9,density_radius,12,drive_time_curved,
Modified,dense_city,10,density_radius,12,drive_time_curved,32.019
Modified,dense_city,11,density_radius,12,drive_time_curved,29.2969
Modified,dense_city,12,density_radius,12,drive_time_curved,42.9375
Modified,dense_city,13,density_radius,12,drive_time_curved,29.3896
Modified,dense_city,14,density_radius,12,drive_time_curved,41.9803
Modified,dense_city,15,density_radius,12,drive_time_curved,58.7782
Modified,dense_city,16,density_radius,12,drive_time_curved,33.5361
Modified,dense_city,17,density_radius,12,drive_time_curved,34.2895
Modified,dense_city,18,density_radius,12,drive_time_curved,37.968
Modified,dense_city,19,density_radius,12,drive_time_curved,30.9656
Modified,dense_city,20,density_radius,12,drive_time_curved,34.8572
Modified,dense_city,21,density_radius,12,drive_time_curved,31.4041
Modified,dense_city,22,density_radius,12,drive_time_curved,29.986
Modified,dense_city,23,density_radius,12,drive_time_curved,32.63
Modified,dense_city,24,density_radius,12,drive_time_curved,31.3096
Modified,dense_city,25,density_radius,12,drive_time_curved,33.966
Modified,dense_city,26,density_radius,12,drive_time_curved,31.4431
Modified,dense_city,27,density_radius,12,drive_time_curved,29.1368
Modified,dense_city,28,density_radius,12,drive_time_curved,27.6003
Modified,dense_city,29,density_radius,12,drive_time_curved,31.8797
Modified,normal_city,0,density_radius,3,comp_time,0.16511
Modified,normal_city,1,density_radius,3,comp_time,0.14165
Modified,normal_city,2,density_radius,3,comp_time,0.14742
Modified,normal_city,3,density_radius,3,comp_time,0.19526
Modified,normal_city,4,density_radius,3,comp_time,0.13428
Modified,normal_city,5,density_radius,3,comp_time,0.14288
Modified,normal_city,6,density_radius,3,comp_time,0.40089
Modified,normal_city,7,density_radius,3,comp_time,0.16327
Modified,normal_city,8,density_radius,3,comp_time,0.33298
Modified,normal_city,9,density_radius,3,comp_time,1.48687
Modified,normal_city,10,density_radius,3,comp_time,0.1181
Modified,normal_city,11,density_radius,3,comp_time,0.34509
Modified,normal_city,12,density_radius,3,comp_time,0.44917
Modified,normal_city,13,density_radius,3,comp_time,0.14601
Modified,normal_city,14,density_radius,3,comp_time,0.14533
Modified,normal_city,15,density_radius,3,comp_time,0.14767
Modified,normal_city,16,density_radius,3,comp_time,0.16522
Modified,normal_city,17,density_radius,3,comp_time,0.26902
Modified,normal_city,18,density_radius,3,comp_time,0.16305
Modified,normal_city,19,density_radius,3,comp_time,0.21844
Modified,normal_city,20,density_radius,3,comp_time,0.1364
Modified,normal_city,21,density_radius,3,comp_time,0.14948
Modified,normal_city,22,density_radius,3,comp_time,0.32235
Modified,normal_city,23,density_radius,3,comp_time,0.26501
Modified,normal_city,24,density_radius,3,comp_time,0.15954
Modified,normal_city,25,density_radius,3,comp_time,0.13977
Modified,normal_city,26,density_radius,3,comp_time,0.15655
Modified,normal_city,27,density_radius,3,comp_time,0.33286
Modified,normal_city,28,density_radius,3,comp_time,0.14382
Modified,normal_city,29,density_radius,3,comp_time,0.14926
Modified,blocked_road,0,density_radius,3,comp_time,0.61647
Modified,blocked_road,1,density_radius,3,comp_time,2.06048
Modified,blocked_road,2,density_radius,3,comp_time,0.37226
Modified,blocked_road,3,density_radius,3,comp_time,0.20368
Modified,blocked_road,4,density_radius,3,comp_time,1.97777
Modified,blocked_road,5,density_radius,3,comp_time,0.64282
Modified,blocked_road,6,density_radius,3,comp_time,5.02735
Modified,blocked_road,7,density_radius,3,comp_time,0.13801
Modified,blocked_road,8,density_radius,3,comp_time,0.26387
Modified,blocked_road,9,density_radius,3,comp_time,0.56216
Modified,blocked_road,10,density_radius,3,comp_time,0.67281
Modified,blocked_road,11,density_radius,3,comp_time,1.64919
Modified,blocked_road,12,density_radius,3,comp_time,0.90846
Modified,blocked_road,13,density_radius,3,comp_time,0.15987
Modified,blocked_road,14,density_radius,3,comp_time,0.26399
Modified,blocked_road,15,density_radius,3,comp_time,0.47566
Modified,blocked_road,16,density_radius,3,comp_time,0.18216
Modified,blocked_road,17,density_radius,3,comp_time,0.2255
Modified,blocked_road,18,density_radius,3,comp_time,0.15371
Modified,blocked_road,19,density_radius,3,comp_time,0.3867
Modified,blocked_road,20,density_radius,3,comp_time,0.70986
Modified,blocked_road,21,density_radius,3,comp_time,0.28045
Modified,blocked_road,22,density_radius,3,comp_time,0.16031
Modified,blocked_road,23,density_radius,3,comp_time,3.49053
Modified,blocked_road,24,density_radius,3,comp_time,0.1666
Modified,blocked_road,25,density_radius,3,comp_time,0.13125
Modified,blocked_road,26,density_radius,3,comp_time,0.33639
Modified,blocked_road,27,density_radius,3,comp_time,2.16988
Modified,blocked_road,28,density_radius,3,comp_time,1.27748
Modified,blocked_road,29,density_radius,3,comp_time,0.46185
Modified,dense_city,0,density_radius,3,comp_time,1.32176
Modified,dense_city,1,density_radius,3,comp_time,0.31108
Modified,dense_city,2,density_radius,3,comp_time,1.07643
Modified,dense_city,3,density_radius,3,comp_time,0.80455
Modified,dense_city,4,density_radius,3,comp_time,0.38695
Modified,dense_city,5,density_radius,3,comp_time,0.18772
Modified,dense_city,6,density_radius,3,comp_time,2.59072
Modified,dense_city,7,density_radius,3,comp_time,18.26099
Modified,dense_city,8,density_radius,3,comp_time,0.25905
Modified,dense_city,9,density_radius,3,comp_time,1.3869
Modified,dense_city,10,density_radius,3,comp_time,1.31673
Modified,dense_city,11,density_radius,3,comp_time,1.45403
Modified,dense_city,12,density_radius,3,comp_time,0.89132
Modified,dense_city,13,density_radius,3,comp_time,0.87851
Modified,dense_city,14,density_radius,3,comp_time,1.75264
Modified,dense_city,15,density_radius,3,comp_time,2.37126
Modified,dense_city,16,density_radius,3,comp_time,2.02676
Modified,dense_city,17,density_radius,3,comp_time,0.53596
Modified,dense_city,18,density_radius,3,comp_time,0.3763
Modified,dense_city,19,density_radius,3,comp_time,1.6016
Modified,dense_city,20,density_radius,3,comp_time,2.04435
Modified,dense_city,21,density_radius,3,comp_time,0.94625
Modified,dense_city,22,density_radius,3,comp_time,6.96362
Modified,dense_city,23,density_radius,3,comp_time,1.62288
Modified,dense_city,24,density_radius,3,comp_time,0.34821
Modified,dense_city,25,density_radius,3,comp_time,1.20109
Modified,dense_city,26,density_radius,3,comp_time,0.36349
Modified,dense_city,27,density_radius,3,comp_time,1.73876
Modified,dense_city,28,density_radius,3,comp_time,0.85665
Modified,dense_city,29,density_radius,3,comp_time,0.93943
Modified,normal_city,0,density_radius,6,comp_time,0.16669
Modified,normal_city,1,density_radius,6,comp_time,0.14339
Modified,normal_city,2,density_radius,6,comp_time,0.15495
Modified,normal_city,3,density_radius,6,comp_time,0.25107
Modified,normal_city,4,density_radius,6,comp_time,0.14284
Modified,normal_city,5,density_radius,6,comp_time,0.15407
Modified,normal_city,6,density_radius,6,comp_time,0.38421
Modified,normal_city,7,density_radius,6,comp_time,0.18071
Modified,normal_city,8,density_radius,6,comp_time,0.34941
Modified,normal_city,9,density_radius,6,comp_time,1.52387
Modified,normal_city,10,density_radius,6,comp_time,0.12815
Modified,normal_city,11,density_radius,6,comp_time,0.34411
Modified,normal_city,12,density_radius,6,comp_time,0.44452
Modified,normal_city,13,density_radius,6,comp_time,0.15302
Modified,normal_city,14,density_radius,6,comp_time,0.15797
Modified,normal_city,15,density_radius,6,comp_time,0.15561
Modified,normal_city,16,density_radius,6,comp_time,0.15012
Modified,normal_city,17,density_radius,6,comp_time,0.25276
Modified,normal_city,18,density_radius,6,comp_time,0.14317
Modified,normal_city,19,density_radius,6,comp_time,0.21319
Modified,normal_city,20,density_radius,6,comp_time,0.13572
Modified,normal_city,21,density_radius,6,comp_time,0.1406
Modified,normal_city,22,density_radius,6,comp_time,0.20558
Modified,normal_city,23,density_radius,6,comp_time,0.24661
Modified,normal_city,24,density_radius,6,comp_time,0.18392
Modified,normal_city,25,density_radius,6,comp_time,0.15204
Modified,normal_city,26,density_radius,6,comp_time,0.16887
Modified,normal_city,27,density_radius,6,comp_time,0.19999
Modified,normal_city,28,density_radius,6,comp_time,0.15218
Modified,normal_city,29,density_radius,6,comp_time,0.15537
Modified,blocked_road,0,density_radius,6,comp_time,0.63035
Modified,blocked_road,1,density_radius,6,comp_time,1.98372
Modified,blocked_road,2,density_radius,6,comp_time,0.36334
Modified,blocked_road,3,density_radius,6,comp_time,0.20358
Modified,blocked_road,4,density_radius,6,comp_time,2.51088
Modified,blocked_road,5,density_radius,6,comp_time,0.68005
Modified,blocked_road,6,density_radius,6,comp_time,5.04354
Modified,blocked_road,7,density_radius,6,comp_time,0.13585
Modified,blocked_road,8,density_radius,6,comp_time,0.27915
Modified,blocked_road,9,density_radius,6,comp_time,0.61219
Modified,blocked_road,10,density_radius,6,comp_time,0.69291
Modified,blocked_road,11,density_radius,6,comp_time,1.65369
Modified,blocked_road,12,density_radius,6,comp_time,0.9589
Modified,blocked_road,13,density_radius,6,comp_time,0.17209
Modified,blocked_road,14,density_radius,6,comp_time,0.26015
Modified,blocked_road,15,density_radius,6,comp_time,0.47856
Modified,blocked_road,16,density_radius,6,comp_time,0.24168
Modified,blocked_road,17,density_radius,6,comp_time,0.23601
Modified,blocked_road,18,density_radius,6,comp_time,0.17208
Modified,blocked_road,19,density_radius,6,comp_time,0.39668
Modified,blocked_road,20,density_radius,6,comp_time,1.09105
Modified,blocked_road,21,density_radius,6,comp_time,0.26921
Modified,blocked_road,22,density_radius,6,comp_time,0.16396
Modified,blocked_road,23,density_radius,6,comp_time,3.43521
Modified,blocked_road,24,density_radius,6,comp_time,0.18509
Modified,blocked_road,25,density_radius,6,comp_time,0.14019
Modified,blocked_road,26,density_radius,6,comp_time,0.33312
Modified,blocked_road,27,density_radius,6,comp_time,2.14672
Modified,blocked_road,28,density_radius,6,comp_time,1.27758
Modified,blocked_road,29,density_radius,6,comp_time,0.46458
Modified,dense_city,0,density_radius,6,comp_time,1.18237
Modified,dense_city,1,density_radius,6,comp_time,0.32472
Modified,dense_city,2,density_radius,6,comp_time,1.06731
Modified,dense_city,3,density_radius,6,comp_time,0.80869
Modified,dense_city,4,density_radius,6,comp_time,0.39129
Modified,dense_city,5,density_radius,6,comp_time,4.4697
Modified,dense_city,6,density_radius,6,comp_time,2.53442
Modified,dense_city,7,density_radius,6,comp_time,17.01533
Modified,dense_city,8,density_radius,6,comp_time,0.26655
Modified,dense_city,9,density_radius,6,comp_time,1.34195
Modified,dense_city,10,density_radius,6,comp_time,1.2522
Modified,dense_city,11,density_radius,6,comp_time,1.45768
Modified,dense_city,12,density_radius,6,comp_time,1.91247
Modified,dense_city,13,density_radius,6,comp_time,0.90563
Modified,dense_city,14,density_radius,6,comp_time,1.76037
Modified,dense_city,15,density_radius,6,comp_time,2.42831
Modified,dense_city,16,density_radius,6,comp_time,2.08436
Modified,dense_city,17,density_radius,6,comp_time,0.55232
Modified,dense_city,18,density_radius,6,comp_time,0.38358
Modified,dense_city,19,density_radius,6,comp_time,1.58707
Modified,dense_city,20,density_radius,6,comp_time,2.03275
Modified,dense_city,21,density_radius,6,comp_time,0.98376
Modified,dense_city,22,density_radius,6,comp_time,6.86688
Modified,dense_city,23,density_radius,6,comp_time,1.63997
Modified,dense_city,24,density_radius,6,comp_time,0.33629
Modified,dense_city,25,density_radius,6,comp_time,1.17763
Modified,dense_city,26,density_radius,6,comp_time,0.3452
Modified,dense_city,27,density_radius,6,comp_time,1.72881
Modified,dense_city,28,density_radius,6,comp_time,0.8368
Modified,dense_city,29,density_radius,6,comp_time,0.89102
Modified,normal_city,0,density_radius,9,comp_time,0.18282
Modified,normal_city,1,density_radius,9,comp_time,0.16303
Modified,normal_city,2,density_radius,9,comp_time,0.17021
Modified,normal_city,3,density_radius,9,comp_time,0.28176
Modified,normal_city,4,density_radius,9,comp_time,0.15905
Modified,normal_city,5,density_radius,9,comp_time,0.17792
Modified,normal_city,6,density_radius,9,comp_time,0.37776
Modified,normal_city,7,density_radius,9,comp_time,0.18625
Modified,normal_city,8,density_radius,9,comp_time,0.42531
Modified,normal_city,9,density_radius,9,comp_time,1.55375
Modified,normal_city,10,density_radius,9,comp_time,0.16895
Modified,normal_city,11,density_radius,9,comp_time,0.41192
Modified,normal_city,12,density_radius,9,comp_time,0.44632
Modified,normal_city,13,density_radius,9,comp_time,0.17038
Modified,normal_city,14,density_radius,9,comp_time,0.16774
Modified,normal_city,15,density_radius,9,comp_time,0.20853
Modified,normal_city,16,density_radius,9,comp_time,0.17524
Modified,normal_city,17,density_radius,9,comp_time,0.25779
Modified,normal_city,18,density_radius,9,comp_time,0.15982
Modified,normal_city,19,density_radius,9,comp_time,0.22481
Modified,normal_city,20,density_radius,9,comp_time,0.15147
Modified,normal_city,21,density_radius,9,comp_time,0.15163
Modified,normal_city,22,density_radius,9,comp_time,0.93397
Modified,normal_city,23,density_radius,9,comp_time,0.25493
Modified,normal_city,24,density_radius,9,comp_time,0.18631
Modified,normal_city,25,density_radius,9,comp_time,0.16193
Modified,normal_city,26,density_radius,9,comp_time,0.17982
Modified,normal_city,27,density_radius,9,comp_time,0.21847
Modified,normal_city,28,density_radius,9,comp_time,0.16529
Modified,normal_city,29,density_radius,9,comp_time,0.17718
Modified,blocked_road,0,density_radius,9,comp_time,0.6287
Modified,blocked_road,1,density_radius,9,comp_time,2.02975
Modified,blocked_road,2,density_radius,9,comp_time,0.35808
Modified,blocked_road,3,density_radius,9,comp_time,0.21945
Modified,blocked_road,4,density_radius,9,comp_time,1.11219
Modified,blocked_road,5,density_radius,9,comp_time,0.65704
Modified,blocked_road,6,density_radius,9,comp_time,0.58308
Modified,blocked_road,7,density_radius,9,comp_time,0.15423
Modified,blocked_road,8,density_radius,9,comp_time,0.27523
Modified,blocked_road,9,density_radius,9,comp_time,0.56283
Modified,blocked_road,10,density_radius,9,comp_time,0.67442
Modified,blocked_road,11,density_radius,9,comp_time,1.6244
Modified,blocked_road,12,density_radius,9,comp_time,0.59499
Modified,blocked_road,13,density_radius,9,comp_time,0.2387
Modified,blocked_road,14,density_radius,9,comp_time,0.31087
Modified,blocked_road,15,density_radius,9,comp_time,0.50435
Modified,blocked_road,16,density_radius,9,comp_time,0.20324
Modified,blocked_road,17,density_radius,9,comp_time,0.23967
Modified,blocked_road,18,density_radius,9,comp_time,0.17192
Modified,blocked_road,19,density_radius,9,comp_time,0.39905
Modified,blocked_road,20,density_radius,9,comp_time,1.15321
Modified,blocked_road,21,density_radius,9,comp_time,0.29348
Modified,blocked_road,22,density_radius,9,comp_time,0.19706
Modified,blocked_road,23,density_radius,9,comp_time,3.6273
Modified,blocked_road,24,density_radius,9,comp_time,0.17707
Modified,blocked_road,25,density_radius,9,comp_time,0.86061
Modified,blocked_road,26,density_radius,9,comp_time,0.23673
Modified,blocked_road,27,density_radius,9,comp_time,2.80134
Modified,blocked_road,28,density_radius,9,comp_time,1.79124
Modified,blocked_road,29,density_radius,9,comp_time,0.51181
Modified,dense_city,0,density_radius,9,comp_time,1.2068
Modified,dense_city,1,density_radius,9,comp_time,0.32459
Modified,dense_city,2,density_radius,9,comp_time,1.14607
Modified,dense_city,3,density_radius,9,comp_time,0.90917
Modified,dense_city,4,density_radius,9,comp_time,0.45464
Modified,dense_city,5,density_radius,9,comp_time,4.87659
Modified,dense_city,6,density_radius,9,comp_time,2.58211
Modified,dense_city,7,density_radius,9,comp_time,17.39395
Modified,dense_city,8,density_radius,9,comp_time,0.26075
Modified,dense_city,9,density_radius,9,comp_time,1.35578
Modified,dense_city,10,density_radius,9,comp_time,1.2339
Modified,dense_city,11,density_radius,9,comp_time,1.54822
Modified,dense_city,12,density_radius,9,comp_time,1.97417
Modified,dense_city,13,density_radius,9,comp_time,0.88712
Modified,dense_city,14,density_radius,9,comp_time,1.80428
Modified,dense_city,15,density_radius,9,comp_time,2.36617
Modified,dense_city,16,density_radius,9,comp_time,2.04633
Modified,dense_city,17,density_radius,9,comp_time,0.558
Modified,dense_city,18,density_radius,9,comp_time,0.40541
Modified,dense_city,19,density_radius,9,comp_time,1.57638
Modified,dense_city,20,density_radius,9,comp_time,2.09002
Modified,dense_city,21,density_radius,9,comp_time,0.9647
Modified,dense_city,22,density_radius,9,comp_time,6.97821
Modified,dense_city,23,density_radius,9,comp_time,1.60192
Modified,dense_city,24,density_radius,9,comp_time,0.34461
Modified,dense_city,25,density_radius,9,comp_time,1.19249
Modified,dense_city,26,density_radius,9,comp_time,0.35023
Modified,dense_city,27,density_radius,9,comp_time,1.8094
Modified,dense_city,28,density_radius,9,comp_time,0.9231
Modified,dense_city,29,density_radius,9,comp_time,0.90765
Modified,normal_city,0,density_radius,12,comp_time,0.20809
Modified,normal_city,1,density_radius,12,comp_time,0.19089
Modified,normal_city,2,density_radius,12,comp_time,0.19538
Modified,normal_city,3,density_radius,12,comp_time,0.33957
Modified,normal_city,4,density_radius,12,comp_time,0.18262
Modified,normal_city,5,density_radius,12,comp_time,0.2033
Modified,normal_city,6,density_radius,12,comp_time,0.39232
Modified,normal_city,7,density_radius,12,comp_time,0.20824
Modified,normal_city,8,density_radius,12,comp_time,0.31007
Modified,normal_city,9,density_radius,12,comp_time,1.51811
Modified,normal_city,10,density_radius,12,comp_time,0.16223
Modified,normal_city,11,density_radius,12,comp_time,0.39003
Modified,normal_city,12,density_radius,12,comp_time,0.38985
Modified,normal_city,13,density_radius,12,comp_time,0.18723
Modified,normal_city,14,density_radius,12,comp_time,0.18558
Modified,normal_city,15,density_radius,12,comp_time,0.19244
Modified,normal_city,16,density_radius,12,comp_time,0.21448
Modified,normal_city,17,density_radius,12,comp_time,0.25963
Modified,normal_city,18,density_radius,12,comp_time,0.18212
Modified,normal_city,19,density_radius,12,comp_time,0.24056
Modified,normal_city,20,density_radius,12,comp_time,0.17671
Modified,normal_city,21,density_radius,12,comp_time,0.50129
Modified,normal_city,22,density_radius,12,comp_time,0.18414
Modified,normal_city,23,density_radius,12,comp_time,0.24942
Modified,normal_city,24,density_radius,12,comp_time,0.18502
Modified,normal_city,25,density_radius,12,comp_time,0.18517
Modified,normal_city,26,density_radius,12,comp_time,0.23403
Modified,normal_city,27,density_radius,12,comp_time,0.25391
Modified,normal_city,28,density_radius,12,comp_time,0.19217
Modified,normal_city,29,density_radius,12,comp_time,0.19771
Modified,blocked_road,0,density_radius,12,comp_time,0.66418
Modified,blocked_road,1,density_radius,12,comp_time,2.07872
Modified,blocked_road,2,density_radius,12,comp_time,0.38001
Modified,blocked_road,3,density_radius,12,comp_time,0.23439
Modified,blocked_road,4,density_radius,12,comp_time,1.15887
Modified,blocked_road,5,density_radius,12,comp_time,0.67365
Modified,blocked_road,6,density_radius,12,comp_time,0.59803
Modified,blocked_road,7,density_radius,12,comp_time,0.17358
Modified,blocked_road,8,density_radius,12,comp_time,0.26639
Modified,blocked_road,9,density_radius,12,comp_time,0.58759
Modified,blocked_road,10,density_radius,12,comp_time,0.68848
Modified,blocked_road,11,density_radius,12,comp_time,1.68538
Modified,blocked_road,12,density_radius,12,comp_time,0.94298
Modified,blocked_road,13,density_radius,12,comp_time,0.22934
Modified,blocked_road,14,density_radius,12,comp_time,0.33726
Modified,blocked_road,15,density_radius,12,comp_time,0.54053
Modified,blocked_road,16,density_radius,12,comp_time,0.24399
Modified,blocked_road,17,density_radius,12,comp_time,0.27925
Modified,blocked_road,18,density_radius,12,comp_time,0.20201
Modified,blocked_road,19,density_radius,12,comp_time,0.40943
Modified,blocked_road,20,density_radius,12,comp_time,1.1411
Modified,blocked_road,21,density_radius,12,comp_time,0.2742
Modified,blocked_road,22,density_radius,12,comp_time,0.17744
Modified,blocked_road,23,density_radius,12,comp_time,3.57765
Modified,blocked_road,24,density_radius,12,comp_time,0.18222
Modified,blocked_road,25,density_radius,12,comp_time,0.18157
Modified,blocked_road,26,density_radius,12,comp_time,0.343
Modified,blocked_road,27,density_radius,12,comp_time,2.20235
Modified,blocked_road,28,density_radius,12,comp_time,1.30617
Modified,blocked_road,29,density_radius,12,comp_time,0.47008
Modified,dense_city,0,density_radius,12,comp_time,1.22487
Modified,dense_city,1,density_radius,12,comp_time,0.35188
Modified,dense_city,2,density_radius,12,comp_time,1.09172
Modified,dense_city,3,density_radius,12,comp_time,0.84778
Modified,dense_city,4,density_radius,12,comp_time,0.40826
Modified,dense_city,5,density_radius,12,comp_time,4.48208
Modified,dense_city,6,density_radius,12,comp_time,2.48511
Modified,dense_city,7,density_radius,12,comp_time,18.76482
Modified,dense_city,8,density_radius,12,comp_time,0.26766
Modified,dense_city,9,density_radius,12,comp_time,1.32191
Modified,dense_city,10,density_radius,12,comp_time,1.23969
Modified,dense_city,11,density_radius,12,comp_time,1.46442
Modified,dense_city,12,density_radius,12,comp_time,1.94709
Modified,dense_city,13,density_radius,12,comp_time,0.88232
Modified,dense_city,14,density_radius,12,comp_time,1.80229
Modified,dense_city,15,density_radius,12,comp_time,2.36784
Modified,dense_city,16,density_radius,12,comp_time,2.1261
Modified,dense_city,17,density_radius,12,comp_time,0.55884
Modified,dense_city,18,density_radius,12,comp_time,0.45893
Modified,dense_city,19,density_radius,12,comp_time,1.61812
Modified,dense_city,20,density_radius,12,comp_time,2.0305
Modified,dense_city,21,density_radius,12,comp_time,0.95025
Modified,dense_city,22,density_radius,12,comp_time,6.91808
Modified,dense_city,23,density_radius,12,comp_time,1.61949
Modified,dense_city,24,density_radius,12,comp_time,0.34093
Modified,dense_city,25,density_radius,12,comp_time,1.18165
Modified,dense_city,26,density_radius,12,comp_time,0.35769
Modified,dense_city,27,density_radius,12,comp_time,1.74416
Modified,dense_city,28,density_radius,12,comp_time,0.85459
Modified,dense_city,29,density_radius,12,comp_time,0.92913
