planner,scenario,instance,parameter,value,metric,result
Modified,normal_city,0,stuck_delta,1.0,success,1.0
Modified,normal_city,1,stuck_delta,1.0,success,1.0
Modified,normal_city,2,stuck_delta,1.0,success,1.0
Modified,normal_city,3,stuck_delta,1.0,success,1.0
Modified,normal_city,4,stuck_delta,1.0,success,1.0
Modified,normal_city,5,stuck_delta,1.0,success,1.0
Modified,normal_city,6,stuck_delta,1.0,success,1.0
Modified,normal_city,7,stuck_delta,1.0,success,1.0
Modified,normal_city,8,stuck_delta,1.0,success,1.0
Modified,normal_city,9,stuck_delta,1.0,success,1.0
Modified,normal_city,10,stuck_delta,1.0,success,1.0
Modified,normal_city,11,stuck_delta,1.0,success,1.0
Modified,normal_city,12,stuck_delta,1.0,success,1.0
Modified,normal_city,13,stuck_delta,1.0,success,1.0
Modified,normal_city,14,stuck_delta,1.0,success,1.0
Modified,normal_city,15,stuck_delta,1.0,success,1.0
Modified,normal_city,16,stuck_delta,1.0,success,1.0
Modified,normal_city,17,stuck_delta,1.0,success,1.0
Modified,normal_city,18,stuck_delta,1.0,success,1.0
Modified,normal_city,19,stuck_delta,1.0,success,1.0
Modified,normal_city,20,stuck_delta,1.0,success,1.0
Modified,normal_city,21,stuck_delta,1.0,success,1.0
Modified,normal_city,22,stuck_delta,1.0,success,1.0
Modified,normal_city,23,stuck_delta,1.0,success,1.0
Modified,normal_city,24,stuck_delta,1.0,success,1.0
Modified,normal_city,25,stuck_delta,1.0,success,1.0
Modified,normal_city,26,stuck_delta,1.0,success,1.0
Modified,normal_city,27,stuck_delta,1.0,success,1.0
Modified,normal_city,28,stuck_delta,1.0,success,1.0
Modified,normal_city,29,stuck_delta,1.0,success,1.0
Modified,blocked_road,0,stuck_delta,1.0,success,1.0
Modified,blocked_road,1,stuck_delta,1.0,success,1.0
Modified,blocked_road,2,stuck_delta,1.0,success,1.0
Modified,blocked_road,3,stuck_delta,1.0,success,1.0
Modified,blocked_road,4,stuck_delta,1.0,success,1.0
Modified,blocked_road,5,stuck_delta,1.0,success,1.0
Modified,blocked_road,6,stuck_delta,1.0,success,1.0
Modified,blocked_road,7,stuck_delta,1.0,success,1.0
Modified,blocked_road,8,stuck_delta,1.0,success,1.0
Modified,blocked_road,9,stuck_delta,1.0,success,1.0
Modified,blocked_road,10,stuck_delta,1.0,success,1.0
Modified,blocked_road,11,stuck_delta,1.0,success,1.0
Modified,blocked_road,12,stuck_delta,1.0,success,1.0
Modified,blocked_road,13,stuck_delta,1.0,success,1.0
Modified,blocked_road,14,stuck_delta,1.0,success,1.0
Modified,blocked_road,15,stuck_delta,1.0,success,1.0
Modified,blocked_road,16,stuck_delta,1.0,success,1.0
Modified,blocked_road,17,stuck_delta,1.0,success,1.0
Modified,blocked_road,18,stuck_delta,1.0,success,1.0
Modified,blocked_road,19,stuck_delta,1.0,success,1.0
Modified,blocked_road,20,stuck_delta,1.0,success,1.0
Modified,blocked_road,21,stuck_delta,1.0,success,1.0
Modified,blocked_road,22,stuck_delta,1.0,success,1.0
Modified,blocked_road,23,stuck_delta,1.0,success,1.0
Modified,blocked_road,24,stuck_delta,1.0,success,1.0
Modified,blocked_road,25,stuck_delta,1.0,success,1.0
Modified,blocked_road,26,stuck_delta,1.0,success,1.0
Modified,blocked_road,27,stuck_delta,1.0,success,1.0
Modified,blocked_road,28,stuck_delta,1.0,success,1.0
Modified,blocked_road,29,stuck_delta,1.0,success,1.0
Modified,dense_city,0,stuck_delta,1.0,success,1.0
Modified,dense_city,1,stuck_delta,1.0,success,1.0
Modified,dense_city,2,stuck_delta,1.0,success,1.0
Modified,dense_city,3,stuck_delta,1.0,success,1.0
Modified,dense_city,4,stuck_delta,1.0,success,1.0
Modified,dense_city,5,stuck_delta,1.0,success,1.0
Modified,dense_city,6,stuck_delta,1.0,success,1.0
Modified,dense_city,7,stuck_delta,1.0,success,1.0
Modified,dense_city,8,stuck_delta,1.0,success,1.0
Modified,dense_city,9,stuck_delta,1.0,success,0.0
Modified,dense_city,10,stuck_delta,1.0,success,1.0
Modified,dense_city,11,stuck_delta,1.0,success,1.0
Modified,dense_city,12,stuck_delta,1.0,success,1.0
Modified,dense_city,13,stuck_delta,1.0,success,1.0
Modified,dense_city,14,stuck_delta,1.0,success,1.0
Modified,dense_city,15,stuck_delta,1.0,success,1.0
Modified,dense_city,16,stuck_delta,1.0,success,1.0
Modified,dense_city,17,stuck_delta,1.0,success,1.0
Modified,dense_city,18,stuck_delta,1.0,success,1.0
Modified,dense_city,19,stuck_delta,1.0,success,1.0
Modified,dense_city,20,stuck_delta,1.0,success,1.0
Modified,dense_city,21,stuck_delta,1.0,success,1.0
Modified,dense_city,22,stuck_delta,1.0,success,1.0
Modified,dense_city,23,stuck_delta,1.0,success,1.0
Modified,dense_city,24,stuck_delta,1.0,success,1.0
Modified,dense_city,25,stuck_delta,1.0,success,1.0
Modified,dense_city,26,stuck_delta,1.0,success,1.0
Modified,dense_city,27,stuck_delta,1.0,success,1.0
Modified,dense_city,28,stuck_delta,1.0,success,1.0
Modified,dense_city,29,stuck_delta,1.0,success,1.0
Modified,normal_city,0,stuck_delta,2.0,success,1.0
Modified,normal_city,1,stuck_delta,2.0,success,1.0
Modified,normal_city,2,stuck_delta,2.0,success,1.0
Modified,normal_city,3,stuck_delta,2.0,success,1.0
Modified,normal_city,4,stuck_delta,2.0,success,1.0
Modified,normal_city,5,stuck_delta,2.0,success,1.0
Modified,normal_city,6,stuck_delta,2.0,success,1.0
Modified,normal_city,7,stuck_delta,2.0,success,1.0
Modified,normal_city,8,stuck_delta,2.0,success,1.0
Modified,normal_city,9,stuck_delta,2.0,success,1.0
Modified,normal_city,10,stuck_delta,2.0,success,1.0
Modified,normal_city,11,stuck_delta,2.0,success,1.0
Modified,normal_city,12,stuck_delta,2.0,success,1.0
Modified,normal_city,13,stuck_delta,2.0,success,1.0
Modified,normal_city,14,stuck_delta,2.0,success,1.0
Modified,normal_city,15,stuck_delta,2.0,success,1.0
Modified,normal_city,16,stuck_delta,2.0,success,1.0
Modified,normal_city,17,stuck_delta,2.0,success,1.0
Modified,normal_city,18,stuck_delta,2.0,success,1.0
Modified,normal_city,19,stuck_delta,2.0,success,1.0
Modified,normal_city,20,stuck_delta,2.0,success,1.0
Modified,normal_city,21,stuck_delta,2.0,success,1.0
Modified,normal_city,22,stuck_delta,2.0,success,1.0
Modified,normal_city,23,stuck_delta,2.0,success,1.0
Modified,normal_city,24,stuck_delta,2.0,success,1.0
Modified,normal_city,25,stuck_delta,2.0,success,1.0
Modified,normal_city,26,stuck_delta,2.0,success,1.0
Modified,normal_city,27,stuck_delta,2.0,success,1.0
Modified,normal_city,28,stuck_delta,2.0,success,1.0
Modified,normal_city,29,stuck_delta,2.0,success,1.0
Modified,blocked_road,0,stuck_delta,2.0,success,1.0
Modified,blocked_road,1,stuck_delta,2.0,success,1.0
Modified,blocked_road,2,stuck_delta,2.0,success,1.0
Modified,blocked_road,3,stuck_delta,2.0,success,1.0
Modified,blocked_road,4,stuck_delta,2.0,success,1.0
Modified,blocked_road,5,stuck_delta,2.0,success,1.0
Modified,blocked_road,6,stuck_delta,2.0,success,1.0
Modified,blocked_road,7,stuck_delta,2.0,success,1.0
Modified,blocked_road,8,stuck_delta,2.0,success,1.0
Modified,blocked_road,9,stuck_delta,2.0,success,1.0
Modified,blocked_road,10,stuck_delta,2.0,success,1.0
Modified,blocked_road,11,stuck_delta,2.0,success,1.0
Modified,blocked_road,12,stuck_delta,2.0,success,1.0
Modified,blocked_road,13,stuck_delta,2.0,success,1.0
Modified,blocked_road,14,stuck_delta,2.0,success,1.0
Modified,blocked_road,15,stuck_delta,2.0,success,1.0
Modified,blocked_road,16,stuck_delta,2.0,success,1.0
Modified,blocked_road,17,stuck_delta,2.0,success,1.0
Modified,blocked_road,18,stuck_delta,2.0,success,1.0
Modified,blocked_road,19,stuck_delta,2.0,success,1.0
Modified,blocked_road,20,stuck_delta,2.0,success,1.0
Modified,blocked_road,21,stuck_delta,2.0,success,1.0
Modified,blocked_road,22,stuck_delta,2.0,success,1.0
Modified,blocked_road,23,stuck_delta,2.0,success,1.0
Modified,blocked_road,24,stuck_delta,2.0,success,1.0
Modified,blocked_road,25,stuck_delta,2.0,success,1.0
Modified,blocked_road,26,stuck_delta,2.0,success,1.0
Modified,blocked_road,27,stuck_delta,2.0,success,1.0
Modified,blocked_road,28,stuck_delta,2.0,success,1.0
Modified,blocked_road,29,stuck_delta,2.0,success,1.0
Modified,dense_city,0,stuck_delta,2.0,success,1.0
Modified,dense_city,1,stuck_delta,2.0,success,1.0
Modified,dense_city,2,stuck_delta,2.0,success,1.0
Modified,dense_city,3,stuck_delta,2.0,success,1.0
Modified,dense_city,4,stuck_delta,2.0,success,1.0
Modified,dense_city,5,stuck_delta,2.0,success,1.0
Modified,dense_city,6,stuck_delta,2.0,success,1.0
Modified,dense_city,7,stuck_delta,2.0,success,1.0
Modified,dense_city,8,stuck_delta,2.0,success,1.0
Modified,dense_city,9,stuck_delta,2.0,success,0.0
Modified,dense_city,10,stuck_delta,2.0,success,1.0
Modified,dense_city,11,stuck_delta,2.0,success,1.0
Modified,dense_city,12,stuck_delta,2.0,success,1.0
Modified,dense_city,13,stuck_delta,2.0,success,1.0
Modified,dense_city,14,stuck_delta,2.0,success,1.0
Modified,dense_city,15,stuck_delta,2.0,success,1.0
Modified,dense_city,16,stuck_delta,2.0,success,1.0
Modified,dense_city,17,stuck_delta,2.0,success,1.0
Modified,dense_city,18,stuck_delta,2.0,success,1.0
Modified,dense_city,19,stuck_delta,2.0,success,1.0
Modified,dense_city,20,stuck_delta,2.0,success,1.0
Modified,dense_city,21,stuck_delta,2.0,success,1.0
Modified,dense_city,22,stuck_delta,2.0,success,1.0
Modified,dense_city,23,stuck_delta,2.0,success,1.0
Modified,dense_city,24,stuck_delta,2.0,success,1.0
Modified,dense_city,25,stuck_delta,2.0,success,1.0
Modified,dense_city,26,stuck_delta,2.0,success,1.0
Modified,dense_city,27,stuck_delta,2.0,success,1.0
Modified,dense_city,28,stuck_delta,2.0,success,1.0
Modified,dense_city,29,stuck_delta,2.0,success,1.0
Modified,normal_city,0,stuck_delta,3.0,success,1.0
Modified,normal_city,1,stuck_delta,3.0,success,1.0
Modified,normal_city,2,stuck_delta,3.0,success,1.0
Modified,normal_city,3,stuck_delta,3.0,success,1.0
Modified,normal_city,4,stuck_delta,3.0,success,1.0
Modified,normal_city,5,stuck_delta,3.0,success,1.0
Modified,normal_city,6,stuck_delta,3.0,success,1.0
Modified,normal_city,7,stuck_delta,3.0,success,1.0
Modified,normal_city,8,stuck_delta,3.0,success,1.0
Modified,normal_city,9,stuck_delta,3.0,success,1.0
Modified,normal_city,10,stuck_delta,3.0,success,1.0
Modified,normal_city,11,stuck_delta,3.0,success,1.0
Modified,normal_city,12,stuck_delta,3.0,success,1.0
Modified,normal_city,13,stuck_delta,3.0,success,1.0
Modified,normal_city,14,stuck_delta,3.0,success,1.0
Modified,normal_city,15,stuck_delta,3.0,success,1.0
Modified,normal_city,16,stuck_delta,3.0,success,1.0
Modified,normal_city,17,stuck_delta,3.0,success,1.0
Modified,normal_city,18,stuck_delta,3.0,success,1.0
Modified,normal_city,19,stuck_delta,3.0,success,1.0
Modified,normal_city,20,stuck_delta,3.0,success,1.0
Modified,normal_city,21,stuck_delta,3.0,success,1.0
Modified,normal_city,22,stuck_delta,3.0,success,1.0
Modified,normal_city,23,stuck_delta,3.0,success,1.0
Modified,normal_city,24,stuck_delta,3.0,success,1.0
Modified,normal_city,25,stuck_delta,3.0,success,1.0
Modified,normal_city,26,stuck_delta,3.0,success,1.0
Modified,normal_city,27,stuck_delta,3.0,success,1.0
Modified,normal_city,28,stuck_delta,3.0,success,1.0
Modified,normal_city,29,stuck_delta,3.0,success,1.0
Modified,blocked_road,0,stuck_delta,3.0,success,1.0
Modified,blocked_road,1,stuck_delta,3.0,success,1.0
Modified,blocked_road,2,stuck_delta,3.0,success,1.0
Modified,blocked_road,3,stuck_delta,3.0,success,1.0
Modified,blocked_road,4,stuck_delta,3.0,success,1.0
Modified,blocked_road,5,stuck_delta,3.0,success,1.0
Modified,blocked_road,6,stuck_delta,3.0,success,1.0
Modified,blocked_road,7,stuck_delta,3.0,success,1.0
Modified,blocked_road,8,stuck_delta,3.0,success,1.0
Modified,blocked_road,9,stuck_delta,3.0,success,1.0
Modified,blocked_road,10,stuck_delta,3.0,success,1.0
Modified,blocked_road,11,stuck_delta,3.0,success,1.0
Modified,blocked_road,12,stuck_delta,3.0,success,1.0
Modified,blocked_road,13,stuck_delta,3.0,success,1.0
Modified,blocked_road,14,stuck_delta,3.0,success,1.0
Modified,blocked_road,15,stuck_delta,3.0,success,1.0
Modified,blocked_road,16,stuck_delta,3.0,success,1.0
Modified,blocked_road,17,stuck_delta,3.0,success,1.0
Modified,blocked_road,18,stuck_delta,3.0,success,1.0
Modified,blocked_road,19,stuck_delta,3.0,success,1.0
Modified,blocked_road,20,stuck_delta,3.0,success,1.0
Modified,blocked_road,21,stuck_delta,3.0,success,1.0
Modified,blocked_road,22,stuck_delta,3.0,success,1.0
Modified,blocked_road,23,stuck_delta,3.0,success,1.0
Modified,blocked_road,24,stuck_delta,3.0,success,1.0
Modified,blocked_road,25,stuck_delta,3.0,success,1.0
Modified,blocked_road,26,stuck_delta,3.0,success,1.0
Modified,blocked_road,27,stuck_delta,3.0,success,1.0
Modified,blocked_road,28,stuck_delta,3.0,success,1.0
Modified,blocked_road,29,stuck_delta,3.0,success,1.0
Modified,dense_city,0,stuck_delta,3.0,success,1.0
Modified,dense_city,1,stuck_delta,3.0,success,1.0
Modified,dense_city,2,stuck_delta,3.0,success,1.0
Modified,dense_city,3,stuck_delta,3.0,success,1.0
Modified,dense_city,4,stuck_delta,3.0,success,1.0
Modified,dense_city,5,stuck_delta,3.0,success,1.0
Modified,dense_city,6,stuck_delta,3.0,success,1.0
Modified,dense_city,7,stuck_delta,3.0,success,1.0
Modified,dense_city,8,stuck_delta,3.0,success,1.0
Modified,dense_city,9,stuck_delta,3.0,success,0.0
Modified,dense_city,10,stuck_delta,3.0,success,1.0
Modified,dense_city,11,stuck_delta,3.0,success,1.0
Modified,dense_city,12,stuck_delta,3.0,success,1.0
Modified,dense_city,13,stuck_delta,3.0,success,1.0
Modified,dense_city,14,stuck_delta,3.0,success,1.0
Modified,dense_city,15,stuck_delta,3.0,success,1.0
Modified,dense_city,16,stuck_delta,3.0,success,1.0
Modified,dense_city,17,stuck_delta,3.0,success,1.0
Modified,dense_city,18,stuck_delta,3.0,success,1.0
Modified,dense_city,19,stuck_delta,3.0,success,1.0
Modified,dense_city,20,stuck_delta,3.0,success,1.0
Modified,dense_city,21,stuck_delta,3.0,success,1.0
Modified,dense_city,22,stuck_delta,3.0,success,1.0
Modified,dense_city,23,stuck_delta,3.0,success,1.0
Modified,dense_city,24,stuck_delta,3.0,success,1.0
Modified,dense_city,25,stuck_delta,3.0,success,1.0
Modified,dense_city,26,stuck_delta,3.0,success,1.0
Modified,dense_city,27,stuck_delta,3.0,success,1.0
Modified,dense_city,28,stuck_delta,3.0,success,1.0
Modified,dense_city,29,stuck_delta,3.0,success,1.0
Modified,normal_city,0,stuck_delta,4.5,success,1.0
Modified,normal_city,1,stuck_delta,4.5,success,1.0
Modified,normal_city,2,stuck_delta,4.5,success,1.0
Modified,normal_city,3,stuck_delta,4.5,success,1.0
Modified,normal_city,4,stuck_delta,4.5,success,1.0
Modified,normal_city,5,stuck_delta,4.5,success,1.0
Modified,normal_city,6,stuck_delta,4.5,success,1.0
Modified,normal_city,7,stuck_delta,4.5,success,1.0
Modified,normal_city,8,stuck_delta,4.5,success,1.0
Modified,normal_city,9,stuck_delta,4.5,success,1.0
Modified,normal_city,10,stuck_delta,4.5,success,1.0
Modified,normal_city,11,stuck_delta,4.5,success,1.0
Modified,normal_city,12,stuck_delta,4.5,success,1.0
Modified,normal_city,13,stuck_delta,4.5,success,1.0
Modified,normal_city,14,stuck_delta,4.5,success,1.0
Modified,normal_city,15,stuck_delta,4.5,success,1.0
Modified,normal_city,16,stuck_delta,4.5,success,1.0
Modified,normal_city,17,stuck_delta,4.5,success,1.0
Modified,normal_city,18,stuck_delta,4.5,success,1.0
Modified,normal_city,19,stuck_delta,4.5,success,1.0
Modified,normal_city,20,stuck_delta,4.5,success,1.0
Modified,normal_city,21,stuck_delta,4.5,success,1.0
Modified,normal_city,22,stuck_delta,4.5,success,1.0
Modified,normal_city,23,stuck_delta,4.5,success,1.0
Modified,normal_city,24,stuck_delta,4.5,success,1.0
Modified,normal_city,25,stuck_delta,4.5,success,1.0
Modified,normal_city,26,stuck_delta,4.5,success,1.0
Modified,normal_city,27,stuck_delta,4.5,success,1.0
Modified,normal_city,28,stuck_delta,4.5,success,1.0
Modified,normal_city,29,stuck_delta,4.5,success,1.0
Modified,blocked_road,0,stuck_delta,4.5,success,1.0
Modified,blocked_road,1,stuck_delta,4.5,success,1.0
Modified,blocked_road,2,stuck_delta,4.5,success,1.0
Modified,blocked_road,3,stuck_delta,4.5,success,1.0
Modified,blocked_road,4,stuck_delta,4.5,success,1.0
Modified,blocked_road,5,stuck_delta,4.5,success,1.0
Modified,blocked_road,6,stuck_delta,4.5,success,1.0
Modified,blocked_road,7,stuck_delta,4.5,success,1.0
Modified,blocked_road,8,stuck_delta,4.5,success,1.0
Modified,blocked_road,9,stuck_delta,4.5,success,1.0
Modified,blocked_road,10,stuck_delta,4.5,success,1.0
Modified,blocked_road,11,stuck_delta,4.5,success,1.0
Modified,blocked_road,12,stuck_delta,4.5,success,1.0
Modified,blocked_road,13,stuck_delta,4.5,success,1.0
Modified,blocked_road,14,stuck_delta,4.5,success,1.0
Modified,blocked_road,15,stuck_delta,4.5,success,1.0
Modified,blocked_road,16,stuck_delta,4.5,success,1.0
Modified,blocked_road,17,stuck_delta,4.5,success,1.0
Modified,blocked_road,18,stuck_delta,4.5,success,1.0
Modified,blocked_road,19,stuck_delta,4.5,success,1.0
Modified,blocked_road,20,stuck_delta,4.5,success,1.0
Modified,blocked_road,21,stuck_delta,4.5,success,1.0
Modified,blocked_road,22,stuck_delta,4.5,success,1.0
Modified,blocked_road,23,stuck_delta,4.5,success,1.0
Modified,blocked_road,24,stuck_delta,4.5,success,1.0
Modified,blocked_road,25,stuck_delta,4.5,success,1.0
Modified,blocked_road,26,stuck_delta,4.5,success,1.0
Modified,blocked_road,27,stuck_delta,4.5,success,1.0
Modified,blocked_road,28,stuck_delta,4.5,success,1.0
Modified,blocked_road,29,stuck_delta,4.5,success,1.0
Modified,dense_city,0,stuck_delta,4.5,success,1.0
Modified,dense_city,1,stuck_delta,4.5,success,1.0
Modified,dense_city,2,stuck_delta,4.5,success,1.0
Modified,dense_city,3,stuck_delta,4.5,success,1.0
Modified,dense_city,4,stuck_delta,4.5,success,1.0
Modified,dense_city,5,stuck_delta,4.5,success,1.0
Modified,dense_city,6,stuck_delta,4.5,success,1.0
Modified,dense_city,7,stuck_delta,4.5,success,1.0
Modified,dense_city,8,stuck_delta,4.5,success,1.0
Modified,dense_city,9,stuck_delta,4.5,success,0.0
Modified,dense_city,10,stuck_delta,4.5,success,1.0
Modified,dense_city,11,stuck_delta,4.5,success,1.0
Modified,dense_city,12,stuck_delta,4.5,success,1.0
Modified,dense_city,13,stuck_delta,4.5,success,1.0
Modified,dense_city,14,stuck_delta,4.5,success,1.0
Modified,dense_city,15,stuck_delta,4.5,success,1.0
Modified,dense_city,16,stuck_delta,4.5,success,1.0
Modified,dense_city,17,stuck_delta,4.5,success,1.0
Modified,dense_city,18,stuck_delta,4.5,success,1.0
Modified,dense_city,19,stuck_delta,4.5,success,1.0
Modified,dense_city,20,stuck_delta,4.5,success,1.0
Modified,dense_city,21,stuck_delta,4.5,success,1.0
Modified,dense_city,22,stuck_delta,4.5,success,1.0
Modified,dense_city,23,stuck_delta,4.5,success,1.0
Modified,dense_city,24,stuck_delta,4.5,success,1.0
Modified,dense_city,25,stuck_delta,4.5,success,1.0
Modified,dense_city,26,stuck_delta,4.5,success,1.0
Modified,dense_city,27,stuck_delta,4.5,success,1.0
Modified,dense_city,28,stuck_delta,4.5,success,1.0
Modified,dense_city,29,stuck_delta,4.5,success,1.0
Modified,normal_city,0,stuck_delta,1.0,path_length,150.442
Modified,normal_city,1,stuck_delta,1.0,path_length,159.276
Modified,normal_city,2,stuck_delta,1.0,path_length,153.253
Modified,normal_city,3,stuck_delta,1.0,path_length,152.476
Modified,normal_city,4,stuck_delta,1.0,path_length,159.383
Modified,normal_city,5,stuck_delta,1.0,path_length,151.623
Modified,normal_city,6,stuck_delta,1.0,path_length,145.826
Modified,normal_city,7,stuck_delta,1.0,path_length,152.348
Modified,normal_city,8,stuck_delta,1.0,path_length,157.699
Modified,normal_city,9,stuck_delta,1.0,path_length,148.228
Modified,normal_city,10,stuck_delta,1.0,path_length,152.05
Modified,normal_city,11,stuck_delta,1.0,path_length,152.719
Modified,normal_city,12,stuck_delta,1.0,path_length,163.115
Modified,normal_city,13,stuck_delta,1.0,path_length,154.808
Modified,normal_city,14,stuck_delta,1.0,path_length,149.26
Modified,normal_city,15,stuck_delta,1.0,path_length,150.79
Modified,normal_city,16,stuck_delta,1.0,path_length,147.59
Modified,normal_city,17,stuck_delta,1.0,path_length,150.6
Modified,normal_city,18,stuck_delta,1.0,path_length,149.044
Modified,normal_city,19,stuck_delta,1.0,path_length,152.112
Modified,normal_city,20,stuck_delta,1.0,path_length,152.431
Modified,normal_city,21,stuck_delta,1.0,path_length,154.495
Modified,normal_city,22,stuck_delta,1.0,path_length,171.315
Modified,normal_city,23,stuck_delta,1.0,path_length,151.076
Modified,normal_city,24,stuck_delta,1.0,path_length,153.04
Modified,normal_city,25,stuck_delta,1.0,path_length,155.35
Modified,normal_city,26,stuck_delta,1.0,path_length,146.316
Modified,normal_city,27,stuck_delta,1.0,path_length,162.912
Modified,normal_city,28,stuck_delta,1.0,path_length,156.828
Modified,normal_city,29,stuck_delta,1.0,path_length,148.722
Modified,blocked_road,0,stuck_delta,1.0,path_length,204.323
Modified,blocked_road,1,stuck_delta,1.0,path_length,210.485
Modified,blocked_road,2,stuck_delta,1.0,path_length,183.573
Modified,blocked_road,3,stuck_delta,1.0,path_length,162.228
Modified,blocked_road,4,stuck_delta,1.0,path_length,211.582
Modified,blocked_road,5,stuck_delta,1.0,path_length,217.137
Modified,blocked_road,6,stuck_delta,1.0,path_length,169.574
Modified,blocked_road,7,stuck_delta,1.0,path_length,160.752
Modified,blocked_road,8,stuck_delta,1.0,path_length,172.23
Modified,blocked_road,9,stuck_delta,1.0,path_length,165.3
Modified,blocked_road,10,stuck_delta,1.0,path_length,188.185
Modified,blocked_road,11,stuck_delta,1.0,path_length,185.832
Modified,blocked_road,12,stuck_delta,1.0,path_length,202.901
Modified,blocked_road,13,stuck_delta,1.0,path_length,157.824
Modified,blocked_road,14,stuck_delta,1.0,path_length,213.442
Modified,blocked_road,15,stuck_delta,1.0,path_length,208.801
Modified,blocked_road,16,stuck_delta,1.0,path_length,204.149
Modified,blocked_road,17,stuck_delta,1.0,path_length,157.145
Modified,blocked_road,18,stuck_delta,1.0,path_length,161.425
Modified,blocked_road,19,stuck_delta,1.0,path_length,198.783
Modified,blocked_road,20,stuck_delta,1.0,path_length,199.712
Modified,blocked_road,21,stuck_delta,1.0,path_length,165.136
Modified,blocked_road,22,stuck_delta,1.0,path_length,153.581
Modified,blocked_road,23,stuck_delta,1.0,path_length,146.766
Modified,blocked_road,24,stuck_delta,1.0,path_length,158.0
Modified,blocked_road,25,stuck_delta,1.0,path_length,156.388
Modified,blocked_road,26,stuck_delta,1.0,path_length,166.827
Modified,blocked_road,27,stuck_delta,1.0,path_length,163.08
Modified,blocked_road,28,stuck_delta,1.0,path_length,163.782
Modified,blocked_road,29,stuck_delta,1.0,path_length,152.785
Modified,dense_city,0,stuck_delta,1.0,path_length,168.475
Modified,dense_city,1,stuck_delta,1.0,path_length,158.972
Modified,dense_city,2,stuck_delta,1.0,path_length,206.999
Modified,dense_city,3,stuck_delta,1.0,path_length,162.238
Modified,dense_city,4,stuck_delta,1.0,path_length,159.764
Modified,dense_city,5,stuck_delta,1.0,path_length,171.628
Modified,dense_city,6,stuck_delta,1.0,path_length,179.38
Modified,dense_city,7,stuck_delta,1.0,path_length,200.07
Modified,dense_city,8,stuck_delta,1.0,path_length,156.145
Modified,dense_city,9,stuck_delta,1.0,path_length,
Modified,dense_city,10,stuck_delta,1.0,path_length,154.2
Modified,dense_city,11,stuck_delta,1.0,path_length,158.873
Modified,dense_city,12,stuck_delta,1.0,path_length,192.584
Modified,dense_city,13,stuck_delta,1.0,path_length,157.784
Modified,dense_city,14,stuck_delta,1.0,path_length,176.809
Modified,dense_city,15,stuck_delta,1.0,path_length,256.233
Modified,dense_city,16,stuck_delta,1.0,path_length,154.747
Modified,dense_city,17,stuck_delta,1.0,path_length,184.606
Modified,dense_city,18,stuck_delta,1.0,path_length,164.685
Modified,dense_city,19,stuck_delta,1.0,path_length,159.852
Modified,dense_city,20,stuck_delta,1.0,path_length,151.249
Modified,dense_city,21,stuck_delta,1.0,path_length,155.037
Modified,dense_city,22,stuck_delta,1.0,path_length,154.397
Modified,dense_city,23,stuck_delta,1.0,path_length,157.416
Modified,dense_city,24,stuck_delta,1.0,path_length,149.609
Modified,dense_city,25,stuck_delta,1.0,path_length,152.229
Modified,dense_city,26,stuck_delta,1.0,path_length,154.37
Modified,dense_city,27,stuck_delta,1.0,path_length,152.855
Modified,dense_city,28,stuck_delta,1.0,path_length,164.357
Modified,dense_city,29,stuck_delta,1.0,path_length,165.057
Modified,normal_city,0,stuck_delta,2.0,path_length,150.442
Modified,normal_city,1,stuck_delta,2.0,path_length,159.276
Modified,normal_city,2,stuck_delta,2.0,path_length,153.253
Modified,normal_city,3,stuck_delta,2.0,path_length,152.476
Modified,normal_city,4,stuck_delta,2.0,path_length,159.383
Modified,normal_city,5,stuck_delta,2.0,path_length,151.623
Modified,normal_city,6,stuck_delta,2.0,path_length,145.826
Modified,normal_city,7,stuck_delta,2.0,path_length,152.348
Modified,normal_city,8,stuck_delta,2.0,path_length,157.699
Modified,normal_city,9,stuck_delta,2.0,path_length,148.228
Modified,normal_city,10,stuck_delta,2.0,path_length,152.05
Modified,normal_city,11,stuck_delta,2.0,path_length,153.153
Modified,normal_city,12,stuck_delta,2.0,path_length,161.553
Modified,normal_city,13,stuck_delta,2.0,path_length,154.808
Modified,normal_city,14,stuck_delta,2.0,path_length,149.26
Modified,normal_city,15,stuck_delta,2.0,path_length,150.79
Modified,normal_city,16,stuck_delta,2.0,path_length,147.59
Modified,normal_city,17,stuck_delta,2.0,path_length,150.6
Modified,normal_city,18,stuck_delta,2.0,path_length,149.044
Modified,normal_city,19,stuck_delta,2.0,path_length,152.198
Modified,normal_city,20,stuck_delta,2.0,path_length,152.431
Modified,normal_city,21,stuck_delta,2.0,path_length,154.495
Modified,normal_city,22,stuck_delta,2.0,path_length,171.315
Modified,normal_city,23,stuck_delta,2.0,path_length,151.076
Modified,normal_city,24,stuck_delta,2.0,path_length,153.04
Modified,normal_city,25,stuck_delta,2.0,path_length,155.35
Modified,normal_city,26,stuck_delta,2.0,path_length,146.316
Modified,normal_city,27,stuck_delta,2.0,path_length,162.912
Modified,normal_city,28,stuck_delta,2.0,path_length,156.828
Modified,normal_city,29,stuck_delta,2.0,path_length,148.722
Modified,blocked_road,0,stuck_delta,2.0,path_length,203.089
Modified,blocked_road,1,stuck_delta,2.0,path_length,209.058
Modified,blocked_road,2,stuck_delta,2.0,path_length,183.573
Modified,blocked_road,3,stuck_delta,2.0,path_length,162.228
Modified,blocked_road,4,stuck_delta,2.0,path_length,219.892
Modified,blocked_road,5,stuck_delta,2.0,path_length,212.858
Modified,blocked_road,6,stuck_delta,2.0,path_length,170.166
Modified,blocked_road,7,stuck_delta,2.0,path_length,160.752
Modified,blocked_road,8,stuck_delta,2.0,path_length,172.23
Modified,blocked_road,9,stuck_delta,2.0,path_length,165.3
Modified,blocked_road,10,stuck_delta,2.0,path_length,188.185
Modified,blocked_road,11,stuck_delta,2.0,path_length,185.832
Modified,blocked_road,12,stuck_delta,2.0,path_length,205.42
Modified,blocked_road,13,stuck_delta,2.0,path_length,157.824
Modified,blocked_road,14,stuck_delta,2.0,path_length,203.815
Modified,blocked_road,15,stuck_delta,2.0,path_length,210.676
Modified,blocked_road,16,stuck_delta,2.0,path_length,203.129
Modified,blocked_road,17,stuck_delta,2.0,path_length,157.145
Modified,blocked_road,18,stuck_delta,2.0,path_length,161.557
Modified,blocked_road,19,stuck_delta,2.0,path_length,198.783
Modified,blocked_road,20,stuck_delta,2.0,path_length,198.287
Modified,blocked_road,21,stuck_delta,2.0,path_length,165.136
Modified,blocked_road,22,stuck_delta,2.0,path_length,153.581
Modified,blocked_road,23,stuck_delta,2.0,path_length,146.766
Modified,blocked_road,24,stuck_delta,2.0,path_length,158.0
Modified,blocked_road,25,stuck_delta,2.0,path_length,156.388
Modified,blocked_road,26,stuck_delta,2.0,path_length,166.827
Modified,blocked_road,27,stuck_delta,2.0,path_length,163.08
Modified,blocked_road,28,stuck_delta,2.0,path_length,163.782
Modified,blocked_road,29,stuck_delta,2.0,path_length,152.785
Modified,dense_city,0,stuck_delta,2.0,path_length,168.475
Modified,dense_city,1,stuck_delta,2.0,path_length,158.972
Modified,dense_city,2,stuck_delta,2.0,path_length,206.999
Modified,dense_city,3,stuck_delta,2.0,path_length,162.238
Modified,dense_city,4,stuck_delta,2.0,path_length,159.764
Modified,dense_city,5,stuck_delta,2.0,path_length,171.628
Modified,dense_city,6,stuck_delta,2.0,path_length,179.38
Modified,dense_city,7,stuck_delta,2.0,path_length,197.399
Modified,dense_city,8,stuck_delta,2.0,path_length,156.145
Modified,dense_city,9,stuck_delta,2.0,path_length,
Modified,dense_city,10,stuck_delta,2.0,path_length,154.2
Modified,dense_city,11,stuck_delta,2.0,path_length,158.873
Modified,dense_city,12,stuck_delta,2.0,path_length,191.184
Modified,dense_city,13,stuck_delta,2.0,path_length,157.784
Modified,dense_city,14,stuck_delta,2.0,path_length,176.809
Modified,dense_city,15,stuck_delta,2.0,path_length,256.233
Modified,dense_city,16,stuck_delta,2.0,path_length,154.747
Modified,dense_city,17,stuck_delta,2.0,path_length,184.606
Modified,dense_city,18,stuck_delta,2.0,path_length,164.685
Modified,dense_city,19,stuck_delta,2.0,path_length,159.852
Modified,dense_city,20,stuck_delta,2.0,path_length,151.249
Modified,dense_city,21,stuck_delta,2.0,path_length,155.037
Modified,dense_city,22,stuck_delta,2.0,path_length,154.397
Modified,dense_city,23,stuck_delta,2.0,path_length,157.416
Modified,dense_city,24,stuck_delta,2.0,path_length,149.609
Modified,dense_city,25,stuck_delta,2.0,path_length,152.229
Modified,dense_city,26,stuck_delta,2.0,path_length,154.37
Modified,dense_city,27,stuck_delta,2.0,path_length,152.855
Modified,dense_city,28,stuck_delta,2.0,path_length,164.357
Modified,dense_city,29,stuck_delta,2.0,path_length,165.057
Modified,normal_city,0,stuck_delta,3.0,path_length,150.442
Modified,normal_city,1,stuck_delta,3.0,path_length,159.276
Modified,normal_city,2,stuck_delta,3.0,path_length,153.253
Modified,normal_city,3,stuck_delta,3.0,path_length,157.838
Modified,normal_city,4,stuck_delta,3.0,path_length,159.383
Modified,normal_city,5,stuck_delta,3.0,path_length,151.623
Modified,normal_city,6,stuck_delta,3.0,path_length,145.826
Modified,normal_city,7,stuck_delta,3.0,path_length,152.348
Modified,normal_city,8,stuck_delta,3.0,path_length,193.765
Modified,normal_city,9,stuck_delta,3.0,path_length,148.228
Modified,normal_city,10,stuck_delta,3.0,path_length,152.05
Modified,normal_city,11,stuck_delta,3.0,path_length,151.762
Modified,normal_city,12,stuck_delta,3.0,path_length,161.553
Modified,normal_city,13,stuck_delta,3.0,path_length,154.808
Modified,normal_city,14,stuck_delta,3.0,path_length,149.26
Modified,normal_city,15,stuck_delta,3.0,path_length,150.79
Modified,normal_city,16,stuck_delta,3.0,path_length,147.59
Modified,normal_city,17,stuck_delta,3.0,path_length,150.6
Modified,normal_city,18,stuck_delta,3.0,path_length,149.044
Modified,normal_city,19,stuck_delta,3.0,path_length,154.539
Modified,normal_city,20,stuck_delta,3.0,path_length,152.431
Modified,normal_city,21,stuck_delta,3.0,path_length,154.495
Modified,normal_city,22,stuck_delta,3.0,path_length,161.174
Modified,normal_city,23,stuck_delta,3.0,path_length,151.076
Modified,normal_city,24,stuck_delta,3.0,path_length,153.04
Modified,normal_city,25,stuck_delta,3.0,path_length,155.35
Modified,normal_city,26,stuck_delta,3.0,path_length,146.316
Modified,normal_city,27,stuck_delta,3.0,path_length,160.81
Modified,normal_city,28,stuck_delta,3.0,path_length,156.828
Modified,normal_city,29,stuck_delta,3.0,path_length,148.722
Modified,blocked_road,0,stuck_delta,3.0,path_length,200.596
Modified,blocked_road,1,stuck_delta,3.0,path_length,207.092
Modified,blocked_road,2,stuck_delta,3.0,path_length,183.573
Modified,blocked_road,3,stuck_delta,3.0,path_length,162.228
Modified,blocked_road,4,stuck_delta,3.0,path_length,299.831
Modified,blocked_road,5,stuck_delta,3.0,path_length,212.464
Modified,blocked_road,6,stuck_delta,3.0,path_length,167.294
Modified,blocked_road,7,stuck_delta,3.0,path_length,160.752
Modified,blocked_road,8,stuck_delta,3.0,path_length,172.23
Modified,blocked_road,9,stuck_delta,3.0,path_length,163.909
Modified,blocked_road,10,stuck_delta,3.0,path_length,188.185
Modified,blocked_road,11,stuck_delta,3.0,path_length,185.832
Modified,blocked_road,12,stuck_delta,3.0,path_length,205.64
Modified,blocked_road,13,stuck_delta,3.0,path_length,167.364
Modified,blocked_road,14,stuck_delta,3.0,path_length,202.123
Modified,blocked_road,15,stuck_delta,3.0,path_length,205.189
Modified,blocked_road,16,stuck_delta,3.0,path_length,200.612
Modified,blocked_road,17,stuck_delta,3.0,path_length,157.145
Modified,blocked_road,18,stuck_delta,3.0,path_length,160.517
Modified,blocked_road,19,stuck_delta,3.0,path_length,198.783
Modified,blocked_road,20,stuck_delta,3.0,path_length,196.862
Modified,blocked_road,21,stuck_delta,3.0,path_length,165.136
Modified,blocked_road,22,stuck_delta,3.0,path_length,153.581
Modified,blocked_road,23,stuck_delta,3.0,path_length,146.766
Modified,blocked_road,24,stuck_delta,3.0,path_length,158.0
Modified,blocked_road,25,stuck_delta,3.0,path_length,156.388
Modified,blocked_road,26,stuck_delta,3.0,path_length,165.429
Modified,blocked_road,27,stuck_delta,3.0,path_length,163.08
Modified,blocked_road,28,stuck_delta,3.0,path_length,163.782
Modified,blocked_road,29,stuck_delta,3.0,path_length,152.785
Modified,dense_city,0,stuck_delta,3.0,path_length,168.475
Modified,dense_city,1,stuck_delta,3.0,path_length,158.972
Modified,dense_city,2,stuck_delta,3.0,path_length,206.999
Modified,dense_city,3,stuck_delta,3.0,path_length,162.238
Modified,dense_city,4,stuck_delta,3.0,path_length,159.764
Modified,dense_city,5,stuck_delta,3.0,path_length,161.497
Modified,dense_city,6,stuck_delta,3.0,path_length,179.38
Modified,dense_city,7,stuck_delta,3.0,path_length,197.399
Modified,dense_city,8,stuck_delta,3.0,path_length,156.145
Modified,dense_city,9,stuck_delta,3.0,path_length,
Modified,dense_city,10,stuck_delta,3.0,path_length,154.2
Modified,dense_city,11,stuck_delta,3.0,path_length,158.873
Modified,dense_city,12,stuck_delta,3.0,path_length,162.728
Modified,dense_city,13,stuck_delta,3.0,path_length,157.784
Modified,dense_city,14,stuck_delta,3.0,path_length,176.809
Modified,dense_city,15,stuck_delta,3.0,path_length,256.233
Modified,dense_city,16,stuck_delta,3.0,path_length,154.747
Modified,dense_city,17,stuck_delta,3.0,path_length,184.606
Modified,dense_city,18,stuck_delta,3.0,path_length,164.685
Modified,dense_city,19,stuck_delta,3.0,path_length,159.852
Modified,dense_city,20,stuck_delta,3.0,path_length,151.249
Modified,dense_city,21,stuck_delta,3.0,path_length,155.037
Modified,dense_city,22,stuck_delta,3.0,path_length,154.397
Modified,dense_city,23,stuck_delta,3.0,path_length,157.416
Modified,dense_city,24,stuck_delta,3.0,path_length,149.609
Modified,dense_city,25,stuck_delta,3.0,path_length,152.229
Modified,dense_city,26,stuck_delta,3.0,path_length,154.37
Modified,dense_city,27,stuck_delta,3.0,path_length,152.855
Modified,dense_city,28,stuck_delta,3.0,path_length,164.357
Modified,dense_city,29,stuck_delta,3.0,path_length,165.057
Modified,normal_city,0,stuck_delta,4.5,path_length,149.721
Modified,normal_city,1,stuck_delta,4.5,path_length,153.629
Modified,normal_city,2,stuck_delta,4.5,path_length,151.577
Modified,normal_city,3,stuck_delta,4.5,path_length,156.661
Modified,normal_city,4,stuck_delta,4.5,path_length,152.565
Modified,normal_city,5,stuck_delta,4.5,path_length,146.234
Modified,normal_city,6,stuck_delta,4.5,path_length,145.826
Modified,normal_city,7,stuck_delta,4.5,path_length,148.127
Modified,normal_city,8,stuck_delta,4.5,path_length,187.201
Modified,normal_city,9,stuck_delta,4.5,path_length,148.228
Modified,normal_city,10,stuck_delta,4.5,path_length,150.862
Modified,normal_city,11,stuck_delta,4.5,path_length,148.778
Modified,normal_city,12,stuck_delta,4.5,path_length,159.273
Modified,normal_city,13,stuck_delta,4.5,path_length,154.808
Modified,normal_city,14,stuck_delta,4.5,path_length,148.132
Modified,normal_city,15,stuck_delta,4.5,path_length,152.641
Modified,normal_city,16,stuck_delta,4.5,path_length,149.047
Modified,normal_city,17,stuck_delta,4.5,path_length,150.6
Modified,normal_city,18,stuck_delta,4.5,path_length,149.044
Modified,normal_city,19,stuck_delta,4.5,path_length,147.688
Modified,normal_city,20,stuck_delta,4.5,path_length,145.822
Modified,normal_city,21,stuck_delta,4.5,path_length,154.895
Modified,normal_city,22,stuck_delta,4.5,path_length,149.614
Modified,normal_city,23,stuck_delta,4.5,path_length,151.076
Modified,normal_city,24,stuck_delta,4.5,path_length,153.418
Modified,normal_city,25,stuck_delta,4.5,path_length,151.538
Modified,normal_city,26,stuck_delta,4.5,path_length,146.656
Modified,normal_city,27,stuck_delta,4.5,path_length,153.463
Modified,normal_city,28,stuck_delta,4.5,path_length,149.521
Modified,normal_city,29,stuck_delta,4.5,path_length,148.276
Modified,blocked_road,0,stuck_delta,4.5,path_length,218.204
Modified,blocked_road,1,stuck_delta,4.5,path_length,218.57
Modified,blocked_road,2,stuck_delta,4.5,path_length,183.573
Modified,blocked_road,3,stuck_delta,4.5,path_length,162.228
Modified,blocked_road,4,stuck_delta,4.5,path_length,294.266
Modified,blocked_road,5,stuck_delta,4.5,path_length,210.462
Modified,blocked_road,6,stuck_delta,4.5,path_length,159.887
Modified,blocked_road,7,stuck_delta,4.5,path_length,155.28
Modified,blocked_road,8,stuck_delta,4.5,path_length,172.23
Modified,blocked_road,9,stuck_delta,4.5,path_length,162.52
Modified,blocked_road,10,stuck_delta,4.5,path_length,188.185
Modified,blocked_road,11,stuck_delta,4.5,path_length,185.832
Modified,blocked_road,12,stuck_delta,4.5,path_length,166.783
Modified,blocked_road,13,stuck_delta,4.5,path_length,153.198
Modified,blocked_road,14,stuck_delta,4.5,path_length,212.313
Modified,blocked_road,15,stuck_delta,4.5,path_length,203.741
Modified,blocked_road,16,stuck_delta,4.5,path_length,200.122
Modified,blocked_road,17,stuck_delta,4.5,path_length,157.145
Modified,blocked_road,18,stuck_delta,4.5,path_length,158.462
Modified,blocked_road,19,stuck_delta,4.5,path_length,198.536
Modified,blocked_road,20,stuck_delta,4.5,path_length,199.724
Modified,blocked_road,21,stuck_delta,4.5,path_length,165.136
Modified,blocked_road,22,stuck_delta,4.5,path_length,153.581
Modified,blocked_road,23,stuck_delta,4.5,path_length,146.766
Modified,blocked_road,24,stuck_delta,4.5,path_length,158.0
Modified,blocked_road,25,stuck_delta,4.5,path_length,154.623
Modified,blocked_road,26,stuck_delta,4.5,path_length,163.641
Modified,blocked_road,27,stuck_delta,4.5,path_length,163.08
Modified,blocked_road,28,stuck_delta,4.5,path_length,163.782
Modified,blocked_road,29,stuck_delta,4.5,path_length,152.785
Modified,dense_city,0,stuck_delta,4.5,path_length,168.475
Modified,dense_city,1,stuck_delta,4.5,path_length,158.972
Modified,dense_city,2,stuck_delta,4.5,path_length,206.999
Modified,dense_city,3,stuck_delta,4.5,path_length,162.238
Modified,dense_city,4,stuck_delta,4.5,path_length,159.764
Modified,dense_city,5,stuck_delta,4.5,path_length,173.154
Modified,dense_city,6,stuck_delta,4.5,path_length,179.38
Modified,dense_city,7,stuck_delta,4.5,path_length,187.963
Modified,dense_city,8,stuck_delta,4.5,path_length,156.145
Modified,dense_city,9,stuck_delta,4.5,path_length,
Modified,dense_city,10,stuck_delta,4.5,path_length,154.2
Modified,dense_city,11,stuck_delta,4.5,path_length,158.873
Modified,dense_city,12,stuck_delta,4.5,path_length,188.384
Modified,dense_city,13,stuck_delta,4.5,path_length,157.784
Modified,dense_city,14,stuck_delta,4.5,path_length,176.809
Modified,dense_city,15,stuck_delta,4.5,path_length,221.457
Modified,dense_city,16,stuck_delta,4.5,path_length,154.747
Modified,dense_city,17,stuck_delta,4.5,path_length,184.606
Modified,dense_city,18,stuck_delta,4.5,path_length,164.685
Modified,dense_city,19,stuck_delta,4.5,path_length,159.852
Modified,dense_city,20,stuck_delta,4.5,path_length,151.249
Modified,dense_city,21,stuck_delta,4.5,path_length,155.037
Modified,dense_city,22,stuck_delta,4.5,path_length,154.397
Modified,dense_city,23,stuck_delta,4.5,path_length,157.416
Modified,dense_city,24,stuck_delta,4.5,path_length,149.609
Modified,dense_city,25,stuck_delta,4.5,path_length,152.229
Modified,dense_city,26,stuck_delta,4.5,path_length,154.37
Modified,dense_city,27,stuck_delta,4.5,path_length,152.855
Modified,dense_city,28,stuck_delta,4.5,path_length,164.357
Modified,dense_city,29,stuck_delta,4.5,path_length,165.057
Modified,normal_city,0,stuck_delta,1.0,length_ratio,1.0596
Modified,normal_city,1,stuck_delta,1.0,length_ratio,1.1311
Modified,normal_city,2,stuck_delta,1.0,length_ratio,1.0884
Modified,normal_city,3,stuck_delta,1.0,length_ratio,1.0608
Modified,normal_city,4,stuck_delta,1.0,length_ratio,1.1179
Modified,normal_city,5,stuck_delta,1.0,length_ratio,1.0768
Modified,normal_city,6,stuck_delta,1.0,length_ratio,1.0356
Modified,normal_city,7,stuck_delta,1.0,length_ratio,1.0819
Modified,normal_city,8,stuck_delta,1.0,length_ratio,1.1061
Modified,normal_city,9,stuck_delta,1.0,length_ratio,1.044
Modified,normal_city,10,stuck_delta,1.0,length_ratio,1.0621
Modified,normal_city,11,stuck_delta,1.0,length_ratio,1.0756
Modified,normal_city,12,stuck_delta,1.0,length_ratio,1.1584
Modified,normal_city,13,stuck_delta,1.0,length_ratio,1.0814
Modified,normal_city,14,stuck_delta,1.0,length_ratio,1.0513
Modified,normal_city,15,stuck_delta,1.0,length_ratio,1.0577
Modified,normal_city,16,stuck_delta,1.0,length_ratio,1.0438
Modified,normal_city,17,stuck_delta,1.0,length_ratio,1.0607
Modified,normal_city,18,stuck_delta,1.0,length_ratio,1.0673
Modified,normal_city,19,stuck_delta,1.0,length_ratio,1.0582
Modified,normal_city,20,stuck_delta,1.0,length_ratio,1.0692
Modified,normal_city,21,stuck_delta,1.0,length_ratio,1.0837
Modified,normal_city,22,stuck_delta,1.0,length_ratio,1.2016
Modified,normal_city,23,stuck_delta,1.0,length_ratio,1.0729
Modified,normal_city,24,stuck_delta,1.0,length_ratio,1.0734
Modified,normal_city,25,stuck_delta,1.0,length_ratio,1.0897
Modified,normal_city,26,stuck_delta,1.0,length_ratio,1.0305
Modified,normal_city,27,stuck_delta,1.0,length_ratio,1.138
Modified,normal_city,28,stuck_delta,1.0,length_ratio,1.1137
Modified,normal_city,29,stuck_delta,1.0,length_ratio,1.0432
Modified,blocked_road,0,stuck_delta,1.0,length_ratio,1.3712
Modified,blocked_road,1,stuck_delta,1.0,length_ratio,1.4237
Modified,blocked_road,2,stuck_delta,1.0,length_ratio,1.2417
Modified,blocked_road,3,stuck_delta,1.0,length_ratio,1.076
Modified,blocked_road,4,stuck_delta,1.0,length_ratio,1.4311
Modified,blocked_road,5,stuck_delta,1.0,length_ratio,1.4687
Modified,blocked_road,6,stuck_delta,1.0,length_ratio,1.147
Modified,blocked_road,7,stuck_delta,1.0,length_ratio,1.0873
Modified,blocked_road,8,stuck_delta,1.0,length_ratio,1.1558
Modified,blocked_road,9,stuck_delta,1.0,length_ratio,1.1181
Modified,blocked_road,10,stuck_delta,1.0,length_ratio,1.253
Modified,blocked_road,11,stuck_delta,1.0,length_ratio,1.2422
Modified,blocked_road,12,stuck_delta,1.0,length_ratio,1.367
Modified,blocked_road,13,stuck_delta,1.0,length_ratio,1.0675
Modified,blocked_road,14,stuck_delta,1.0,length_ratio,1.394
Modified,blocked_road,15,stuck_delta,1.0,length_ratio,1.3585
Modified,blocked_road,16,stuck_delta,1.0,length_ratio,1.3593
Modified,blocked_road,17,stuck_delta,1.0,length_ratio,1.0546
Modified,blocked_road,18,stuck_delta,1.0,length_ratio,1.1006
Modified,blocked_road,19,stuck_delta,1.0,length_ratio,1.3185
Modified,blocked_road,20,stuck_delta,1.0,length_ratio,1.3298
Modified,blocked_road,21,stuck_delta,1.0,length_ratio,1.1039
Modified,blocked_road,22,stuck_delta,1.0,length_ratio,1.0388
Modified,blocked_road,23,stuck_delta,1.0,length_ratio,0.9927
Modified,blocked_road,24,stuck_delta,1.0,length_ratio,1.0603
Modified,blocked_road,25,stuck_delta,1.0,length_ratio,1.0454
Modified,blocked_road,26,stuck_delta,1.0,length_ratio,1.1108
Modified,blocked_road,27,stuck_delta,1.0,length_ratio,1.0987
Modified,blocked_road,28,stuck_delta,1.0,length_ratio,1.1078
Modified,blocked_road,29,stuck_delta,1.0,length_ratio,1.0213
Modified,dense_city,0,stuck_delta,1.0,length_ratio,1.1218
Modified,dense_city,1,stuck_delta,1.0,length_ratio,1.0585
Modified,dense_city,2,stuck_delta,1.0,length_ratio,1.3783
Modified,dense_city,3,stuck_delta,1.0,length_ratio,1.0931
Modified,dense_city,4,stuck_delta,1.0,length_ratio,1.0638
Modified,dense_city,5,stuck_delta,1.0,length_ratio,1.1636
Modified,dense_city,6,stuck_delta,1.0,length_ratio,1.1944
Modified,dense_city,7,stuck_delta,1.0,length_ratio,1.3234
Modified,dense_city,8,stuck_delta,1.0,length_ratio,1.0646
Modified,dense_city,9,stuck_delta,1.0,length_ratio,
Modified,dense_city,10,stuck_delta,1.0,length_ratio,1.0598
Modified,dense_city,11,stuck_delta,1.0,length_ratio,1.0919
Modified,dense_city,12,stuck_delta,1.0,length_ratio,1.3236
Modified,dense_city,13,stuck_delta,1.0,length_ratio,1.0385
Modified,dense_city,14,stuck_delta,1.0,length_ratio,1.2152
Modified,dense_city,15,stuck_delta,1.0,length_ratio,1.6545
Modified,dense_city,16,stuck_delta,1.0,length_ratio,1.0636
Modified,dense_city,17,stuck_delta,1.0,length_ratio,1.2487
Modified,dense_city,18,stuck_delta,1.0,length_ratio,1.0966
Modified,dense_city,19,stuck_delta,1.0,length_ratio,1.0644
Modified,dense_city,20,stuck_delta,1.0,length_ratio,1.0395
Modified,dense_city,21,stuck_delta,1.0,length_ratio,1.0528
Modified,dense_city,22,stuck_delta,1.0,length_ratio,1.0201
Modified,dense_city,23,stuck_delta,1.0,length_ratio,1.0648
Modified,dense_city,24,stuck_delta,1.0,length_ratio,1.016
Modified,dense_city,25,stuck_delta,1.0,length_ratio,1.0345
Modified,dense_city,26,stuck_delta,1.0,length_ratio,1.0279
Modified,dense_city,27,stuck_delta,1.0,length_ratio,1.0022
Modified,dense_city,28,stuck_delta,1.0,length_ratio,1.0944
Modified,dense_city,29,stuck_delta,1.0,length_ratio,1.1209
Modified,normal_city,0,stuck_delta,2.0,length_ratio,1.0596
Modified,normal_city,1,stuck_delta,2.0,length_ratio,1.1311
Modified,normal_city,2,stuck_delta,2.0,length_ratio,1.0884
Modified,normal_city,3,stuck_delta,2.0,length_ratio,1.0608
Modified,normal_city,4,stuck_delta,2.0,length_ratio,1.1179
Modified,normal_city,5,stuck_delta,2.0,length_ratio,1.0768
Modified,normal_city,6,stuck_delta,2.0,length_ratio,1.0356
Modified,normal_city,7,stuck_delta,2.0,length_ratio,1.0819
Modified,normal_city,8,stuck_delta,2.0,length_ratio,1.1061
Modified,normal_city,9,stuck_delta,2.0,length_ratio,1.044
Modified,normal_city,10,stuck_delta,2.0,length_ratio,1.0621
Modified,normal_city,11,stuck_delta,2.0,length_ratio,1.0787
Modified,normal_city,12,stuck_delta,2.0,length_ratio,1.1473
Modified,normal_city,13,stuck_delta,2.0,length_ratio,1.0814
Modified,normal_city,14,stuck_delta,2.0,length_ratio,1.0513
Modified,normal_city,15,stuck_delta,2.0,length_ratio,1.0577
Modified,normal_city,16,stuck_delta,2.0,length_ratio,1.0438
Modified,normal_city,17,stuck_delta,2.0,length_ratio,1.0607
Modified,normal_city,18,stuck_delta,2.0,length_ratio,1.0673
Modified,normal_city,19,stuck_delta,2.0,length_ratio,1.0588
Modified,normal_city,20,stuck_delta,2.0,length_ratio,1.0692
Modified,normal_city,21,stuck_delta,2.0,length_ratio,1.0837
Modified,normal_city,22,stuck_delta,2.0,length_ratio,1.2016
Modified,normal_city,23,stuck_delta,2.0,length_ratio,1.0729
Modified,normal_city,24,stuck_delta,2.0,length_ratio,1.0734
Modified,normal_city,25,stuck_delta,2.0,length_ratio,1.0897
Modified,normal_city,26,stuck_delta,2.0,length_ratio,1.0305
Modified,normal_city,27,stuck_delta,2.0,length_ratio,1.138
Modified,normal_city,28,stuck_delta,2.0,length_ratio,1.1137
Modified,normal_city,29,stuck_delta,2.0,length_ratio,1.0432
Modified,blocked_road,0,stuck_delta,2.0,length_ratio,1.3629
Modified,blocked_road,1,stuck_delta,2.0,length_ratio,1.4141
Modified,blocked_road,2,stuck_delta,2.0,length_ratio,1.2417
Modified,blocked_road,3,stuck_delta,2.0,length_ratio,1.076
Modified,blocked_road,4,stuck_delta,2.0,length_ratio,1.4874
Modified,blocked_road,5,stuck_delta,2.0,length_ratio,1.4398
Modified,blocked_road,6,stuck_delta,2.0,length_ratio,1.151
Modified,blocked_road,7,stuck_delta,2.0,length_ratio,1.0873
Modified,blocked_road,8,stuck_delta,2.0,length_ratio,1.1558
Modified,blocked_road,9,stuck_delta,2.0,length_ratio,1.1181
Modified,blocked_road,10,stuck_delta,2.0,length_ratio,1.253
Modified,blocked_road,11,stuck_delta,2.0,length_ratio,1.2422
Modified,blocked_road,12,stuck_delta,2.0,length_ratio,1.384
Modified,blocked_road,13,stuck_delta,2.0,length_ratio,1.0675
Modified,blocked_road,14,stuck_delta,2.0,length_ratio,1.3311
Modified,blocked_road,15,stuck_delta,2.0,length_ratio,1.3707
Modified,blocked_road,16,stuck_delta,2.0,length_ratio,1.3525
Modified,blocked_road,17,stuck_delta,2.0,length_ratio,1.0546
Modified,blocked_road,18,stuck_delta,2.0,length_ratio,1.1015
Modified,blocked_road,19,stuck_delta,2.0,length_ratio,1.3185
Modified,blocked_road,20,stuck_delta,2.0,length_ratio,1.3203
Modified,blocked_road,21,stuck_delta,2.0,length_ratio,1.1039
Modified,blocked_road,22,stuck_delta,2.0,length_ratio,1.0388
Modified,blocked_road,23,stuck_delta,2.0,length_ratio,0.9927
Modified,blocked_road,24,stuck_delta,2.0,length_ratio,1.0603
Modified,blocked_road,25,stuck_delta,2.0,length_ratio,1.0454
Modified,blocked_road,26,stuck_delta,2.0,length_ratio,1.1108
Modified,blocked_road,27,stuck_delta,2.0,length_ratio,1.0987
Modified,blocked_road,28,stuck_delta,2.0,length_ratio,1.1078
Modified,blocked_road,29,stuck_delta,2.0,length_ratio,1.0213
Modified,dense_city,0,stuck_delta,2.0,length_ratio,1.1218
Modified,dense_city,1,stuck_delta,2.0,length_ratio,1.0585
Modified,dense_city,2,stuck_delta,2.0,length_ratio,1.3783
Modified,dense_city,3,stuck_delta,2.0,length_ratio,1.0931
Modified,dense_city,4,stuck_delta,2.0,length_ratio,1.0638
Modified,dense_city,5,stuck_delta,2.0,length_ratio,1.1636
Modified,dense_city,6,stuck_delta,2.0,length_ratio,1.1944
Modified,dense_city,7,stuck_delta,2.0,length_ratio,1.3057
Modified,dense_city,8,stuck_delta,2.0,length_ratio,1.0646
Modified,dense_city,9,stuck_delta,2.0,length_ratio,
Modified,dense_city,10,stuck_delta,2.0,length_ratio,1.0598
Modified,dense_city,11,stuck_delta,2.0,length_ratio,1.0919
Modified,dense_city,12,stuck_delta,2.0,length_ratio,1.314
Modified,dense_city,13,stuck_delta,2.0,length_ratio,1.0385
Modified,dense_city,14,stuck_delta,2.0,length_ratio,1.2152
Modified,dense_city,15,stuck_delta,2.0,length_ratio,1.6545
Modified,dense_city,16,stuck_delta,2.0,length_ratio,1.0636
Modified,dense_city,17,stuck_delta,2.0,length_ratio,1.2487
Modified,dense_city,18,stuck_delta,2.0,length_ratio,1.0966
Modified,dense_city,19,stuck_delta,2.0,length_ratio,1.0644
Modified,dense_city,20,stuck_delta,2.0,length_ratio,1.0395
Modified,dense_city,21,stuck_delta,2.0,length_ratio,1.0528
Modified,dense_city,22,stuck_delta,2.0,length_ratio,1.0201
Modified,dense_city,23,stuck_delta,2.0,length_ratio,1.0648
Modified,dense_city,24,stuck_delta,2.0,length_ratio,1.016
Modified,dense_city,25,stuck_delta,2.0,length_ratio,1.0345
Modified,dense_city,26,stuck_delta,2.0,length_ratio,1.0279
Modified,dense_city,27,stuck_delta,2.0,length_ratio,1.0022
Modified,dense_city,28,stuck_delta,2.0,length_ratio,1.0944
Modified,dense_city,29,stuck_delta,2.0,length_ratio,1.1209
Modified,normal_city,0,stuck_delta,3.0,length_ratio,1.0596
Modified,normal_city,1,stuck_delta,3.0,length_ratio,1.1311
Modified,normal_city,2,stuck_delta,3.0,length_ratio,1.0884
Modified,normal_city,3,stuck_delta,3.0,length_ratio,1.0981
Modified,normal_city,4,stuck_delta,3.0,length_ratio,1.1179
Modified,normal_city,5,stuck_delta,3.0,length_ratio,1.0768
Modified,normal_city,6,stuck_delta,3.0,length_ratio,1.0356
Modified,normal_city,7,stuck_delta,3.0,length_ratio,1.0819
Modified,normal_city,8,stuck_delta,3.0,length_ratio,1.3591
Modified,normal_city,9,stuck_delta,3.0,length_ratio,1.044
Modified,normal_city,10,stuck_delta,3.0,length_ratio,1.0621
Modified,normal_city,11,stuck_delta,3.0,length_ratio,1.0689
Modified,normal_city,12,stuck_delta,3.0,length_ratio,1.1473
Modified,normal_city,13,stuck_delta,3.0,length_ratio,1.0814
Modified,normal_city,14,stuck_delta,3.0,length_ratio,1.0513
Modified,normal_city,15,stuck_delta,3.0,length_ratio,1.0577
Modified,normal_city,16,stuck_delta,3.0,length_ratio,1.0438
Modified,normal_city,17,stuck_delta,3.0,length_ratio,1.0607
Modified,normal_city,18,stuck_delta,3.0,length_ratio,1.0673
Modified,normal_city,19,stuck_delta,3.0,length_ratio,1.0751
Modified,normal_city,20,stuck_delta,3.0,length_ratio,1.0692
Modified,normal_city,21,stuck_delta,3.0,length_ratio,1.0837
Modified,normal_city,22,stuck_delta,3.0,length_ratio,1.1305
Modified,normal_city,23,stuck_delta,3.0,length_ratio,1.0729
Modified,normal_city,24,stuck_delta,3.0,length_ratio,1.0734
Modified,normal_city,25,stuck_delta,3.0,length_ratio,1.0897
Modified,normal_city,26,stuck_delta,3.0,length_ratio,1.0305
Modified,normal_city,27,stuck_delta,3.0,length_ratio,1.1233
Modified,normal_city,28,stuck_delta,3.0,length_ratio,1.1137
Modified,normal_city,29,stuck_delta,3.0,length_ratio,1.0432
Modified,blocked_road,0,stuck_delta,3.0,length_ratio,1.3462
Modified,blocked_road,1,stuck_delta,3.0,length_ratio,1.4008
Modified,blocked_road,2,stuck_delta,3.0,length_ratio,1.2417
Modified,blocked_road,3,stuck_delta,3.0,length_ratio,1.076
Modified,blocked_road,4,stuck_delta,3.0,length_ratio,2.0281
Modified,blocked_road,5,stuck_delta,3.0,length_ratio,1.4371
Modified,blocked_road,6,stuck_delta,3.0,length_ratio,1.1316
Modified,blocked_road,7,stuck_delta,3.0,length_ratio,1.0873
Modified,blocked_road,8,stuck_delta,3.0,length_ratio,1.1558
Modified,blocked_road,9,stuck_delta,3.0,length_ratio,1.1087
Modified,blocked_road,10,stuck_delta,3.0,length_ratio,1.253
Modified,blocked_road,11,stuck_delta,3.0,length_ratio,1.2422
Modified,blocked_road,12,stuck_delta,3.0,length_ratio,1.3855
Modified,blocked_road,13,stuck_delta,3.0,length_ratio,1.1321
Modified,blocked_road,14,stuck_delta,3.0,length_ratio,1.3201
Modified,blocked_road,15,stuck_delta,3.0,length_ratio,1.335
Modified,blocked_road,16,stuck_delta,3.0,length_ratio,1.3358
Modified,blocked_road,17,stuck_delta,3.0,length_ratio,1.0546
Modified,blocked_road,18,stuck_delta,3.0,length_ratio,1.0944
Modified,blocked_road,19,stuck_delta,3.0,length_ratio,1.3185
Modified,blocked_road,20,stuck_delta,3.0,length_ratio,1.3108
Modified,blocked_road,21,stuck_delta,3.0,length_ratio,1.1039
Modified,blocked_road,22,stuck_delta,3.0,length_ratio,1.0388
Modified,blocked_road,23,stuck_delta,3.0,length_ratio,0.9927
Modified,blocked_road,24,stuck_delta,3.0,length_ratio,1.0603
Modified,blocked_road,25,stuck_delta,3.0,length_ratio,1.0454
Modified,blocked_road,26,stuck_delta,3.0,length_ratio,1.1015
Modified,blocked_road,27,stuck_delta,3.0,length_ratio,1.0987
Modified,blocked_road,28,stuck_delta,3.0,length_ratio,1.1078
Modified,blocked_road,29,stuck_delta,3.0,length_ratio,1.0213
Modified,dense_city,0,stuck_delta,3.0,length_ratio,1.1218
Modified,dense_city,1,stuck_delta,3.0,length_ratio,1.0585
Modified,dense_city,2,stuck_delta,3.0,length_ratio,1.3783
Modified,dense_city,3,stuck_delta,3.0,length_ratio,1.0931
Modified,dense_city,4,stuck_delta,3.0,length_ratio,1.0638
Modified,dense_city,5,stuck_delta,3.0,length_ratio,1.0949
Modified,dense_city,6,stuck_delta,3.0,length_ratio,1.1944
Modified,dense_city,7,stuck_delta,3.0,length_ratio,1.3057
Modified,dense_city,8,stuck_delta,3.0,length_ratio,1.0646
Modified,dense_city,9,stuck_delta,3.0,length_ratio,
Modified,dense_city,10,stuck_delta,3.0,length_ratio,1.0598
Modified,dense_city,11,stuck_delta,3.0,length_ratio,1.0919
Modified,dense_city,12,stuck_delta,3.0,length_ratio,1.1184
Modified,dense_city,13,stuck_delta,3.0,length_ratio,1.0385
Modified,dense_city,14,stuck_delta,3.0,length_ratio,1.2152
Modified,dense_city,15,stuck_delta,3.0,length_ratio,1.6545
Modified,dense_city,16,stuck_delta,3.0,length_ratio,1.0636
Modified,dense_city,17,stuck_delta,3.0,length_ratio,1.2487
Modified,dense_city,18,stuck_delta,3.0,length_ratio,1.0966
Modified,dense_city,19,stuck_delta,3.0,length_ratio,1.0644
Modified,dense_city,20,stuck_delta,3.0,length_ratio,1.0395
Modified,dense_city,21,stuck_delta,3.0,length_ratio,1.0528
Modified,dense_city,22,stuck_delta,3.0,length_ratio,1.0201
Modified,dense_city,23,stuck_delta,3.0,length_ratio,1.0648
Modified,dense_city,24,stuck_delta,3.0,length_ratio,1.016
Modified,dense_city,25,stuck_delta,3.0,length_ratio,1.0345
Modified,dense_city,26,stuck_delta,3.0,length_ratio,1.0279
Modified,dense_city,27,stuck_delta,3.0,length_ratio,1.0022
Modified,dense_city,28,stuck_delta,3.0,length_ratio,1.0944
Modified,dense_city,29,stuck_delta,3.0,length_ratio,1.1209
Modified,normal_city,0,stuck_delta,4.5,length_ratio,1.0545
Modified,normal_city,1,stuck_delta,4.5,length_ratio,1.091
Modified,normal_city,2,stuck_delta,4.5,length_ratio,1.0765
Modified,normal_city,3,stuck_delta,4.5,length_ratio,1.0899
Modified,normal_city,4,stuck_delta,4.5,length_ratio,1.0701
Modified,normal_city,5,stuck_delta,4.5,length_ratio,1.0385
Modified,normal_city,6,stuck_delta,4.5,length_ratio,1.0356
Modified,normal_city,7,stuck_delta,4.5,length_ratio,1.052
Modified,normal_city,8,stuck_delta,4.5,length_ratio,1.3131
Modified,normal_city,9,stuck_delta,4.5,length_ratio,1.044
Modified,normal_city,10,stuck_delta,4.5,length_ratio,1.0538
Modified,normal_city,11,stuck_delta,4.5,length_ratio,1.0479
Modified,normal_city,12,stuck_delta,4.5,length_ratio,1.1311
Modified,normal_city,13,stuck_delta,4.5,length_ratio,1.0814
Modified,normal_city,14,stuck_delta,4.5,length_ratio,1.0433
Modified,normal_city,15,stuck_delta,4.5,length_ratio,1.0706
Modified,normal_city,16,stuck_delta,4.5,length_ratio,1.0541
Modified,normal_city,17,stuck_delta,4.5,length_ratio,1.0607
Modified,normal_city,18,stuck_delta,4.5,length_ratio,1.0673
Modified,normal_city,19,stuck_delta,4.5,length_ratio,1.0275
Modified,normal_city,20,stuck_delta,4.5,length_ratio,1.0228
Modified,normal_city,21,stuck_delta,4.5,length_ratio,1.0865
Modified,normal_city,22,stuck_delta,4.5,length_ratio,1.0494
Modified,normal_city,23,stuck_delta,4.5,length_ratio,1.0729
Modified,normal_city,24,stuck_delta,4.5,length_ratio,1.0761
Modified,normal_city,25,stuck_delta,4.5,length_ratio,1.0629
Modified,normal_city,26,stuck_delta,4.5,length_ratio,1.0329
Modified,normal_city,27,stuck_delta,4.5,length_ratio,1.072
Modified,normal_city,28,stuck_delta,4.5,length_ratio,1.0619
Modified,normal_city,29,stuck_delta,4.5,length_ratio,1.04
Modified,blocked_road,0,stuck_delta,4.5,length_ratio,1.4643
Modified,blocked_road,1,stuck_delta,4.5,length_ratio,1.4784
Modified,blocked_road,2,stuck_delta,4.5,length_ratio,1.2417
Modified,blocked_road,3,stuck_delta,4.5,length_ratio,1.076
Modified,blocked_road,4,stuck_delta,4.5,length_ratio,1.9904
Modified,blocked_road,5,stuck_delta,4.5,length_ratio,1.4236
Modified,blocked_road,6,stuck_delta,4.5,length_ratio,1.0815
Modified,blocked_road,7,stuck_delta,4.5,length_ratio,1.0503
Modified,blocked_road,8,stuck_delta,4.5,length_ratio,1.1558
Modified,blocked_road,9,stuck_delta,4.5,length_ratio,1.0993
Modified,blocked_road,10,stuck_delta,4.5,length_ratio,1.253
Modified,blocked_road,11,stuck_delta,4.5,length_ratio,1.2422
Modified,blocked_road,12,stuck_delta,4.5,length_ratio,1.1237
Modified,blocked_road,13,stuck_delta,4.5,length_ratio,1.0362
Modified,blocked_road,14,stuck_delta,4.5,length_ratio,1.3866
Modified,blocked_road,15,stuck_delta,4.5,length_ratio,1.3256
Modified,blocked_road,16,stuck_delta,4.5,length_ratio,1.3325
Modified,blocked_road,17,stuck_delta,4.5,length_ratio,1.0546
Modified,blocked_road,18,stuck_delta,4.5,length_ratio,1.0804
Modified,blocked_road,19,stuck_delta,4.5,length_ratio,1.3168
Modified,blocked_road,20,stuck_delta,4.5,length_ratio,1.3299
Modified,blocked_road,21,stuck_delta,4.5,length_ratio,1.1039
Modified,blocked_road,22,stuck_delta,4.5,length_ratio,1.0388
Modified,blocked_road,23,stuck_delta,4.5,length_ratio,0.9927
Modified,blocked_road,24,stuck_delta,4.5,length_ratio,1.0603
Modified,blocked_road,25,stuck_delta,4.5,length_ratio,1.0336
Modified,blocked_road,26,stuck_delta,4.5,length_ratio,1.0896
Modified,blocked_road,27,stuck_delta,4.5,length_ratio,1.0987
Modified,blocked_road,28,stuck_delta,4.5,length_ratio,1.1078
Modified,blocked_road,29,stuck_delta,4.5,length_ratio,1.0213
Modified,dense_city,0,stuck_delta,4.5,length_ratio,1.1218
Modified,dense_city,1,stuck_delta,4.5,length_ratio,1.0585
Modified,dense_city,2,stuck_delta,4.5,length_ratio,1.3783
Modified,dense_city,3,stuck_delta,4.5,length_ratio,1.0931
Modified,dense_city,4,stuck_delta,4.5,length_ratio,1.0638
Modified,dense_city,5,stuck_delta,4.5,length_ratio,1.1739
Modified,dense_city,6,stuck_delta,4.5,length_ratio,1.1944
Modified,dense_city,7,stuck_delta,4.5,length_ratio,1.2433
Modified,dense_city,8,stuck_delta,4.5,length_ratio,1.0646
Modified,dense_city,9,stuck_delta,4.5,length_ratio,
Modified,dense_city,10,stuck_delta,4.5,length_ratio,1.0598
Modified,dense_city,11,stuck_delta,4.5,length_ratio,1.0919
Modified,dense_city,12,stuck_delta,4.5,length_ratio,1.2948
Modified,dense_city,13,stuck_delta,4.5,length_ratio,1.0385
Modified,dense_city,14,stuck_delta,4.5,length_ratio,1.2152
Modified,dense_city,15,stuck_delta,4.5,length_ratio,1.43
Modified,dense_city,16,stuck_delta,4.5,length_ratio,1.0636
Modified,dense_city,17,stuck_delta,4.5,length_ratio,1.2487
Modified,dense_city,18,stuck_delta,4.5,length_ratio,1.0966
Modified,dense_city,19,stuck_delta,4.5,length_ratio,1.0644
Modified,dense_city,20,stuck_delta,4.5,length_ratio,1.0395
Modified,dense_city,21,stuck_delta,4.5,length_ratio,1.0528
Modified,dense_city,22,stuck_delta,4.5,length_ratio,1.0201
Modified,dense_city,23,stuck_delta,4.5,length_ratio,1.0648
Modified,dense_city,24,stuck_delta,4.5,length_ratio,1.016
Modified,dense_city,25,stuck_delta,4.5,length_ratio,1.0345
Modified,dense_city,26,stuck_delta,4.5,length_ratio,1.0279
Modified,dense_city,27,stuck_delta,4.5,length_ratio,1.0022
Modified,dense_city,28,stuck_delta,4.5,length_ratio,1.0944
Modified,dense_city,29,stuck_delta,4.5,length_ratio,1.1209
Modified,normal_city,0,stuck_delta,1.0,curvature,0.3656
Modified,normal_city,1,stuck_delta,1.0,curvature,0.6053
Modified,normal_city,2,stuck_delta,1.0,curvature,0.4782
Modified,normal_city,3,stuck_delta,1.0,curvature,0.3942
Modified,normal_city,4,stuck_delta,1.0,curvature,0.6152
Modified,normal_city,5,stuck_delta,1.0,curvature,0.4383
Modified,normal_city,6,stuck_delta,1.0,curvature,0.0769
Modified,normal_city,7,stuck_delta,1.0,curvature,0.4722
Modified,normal_city,8,stuck_delta,1.0,curvature,0.5408
Modified,normal_city,9,stuck_delta,1.0,curvature,0.0801
Modified,normal_city,10,stuck_delta,1.0,curvature,0.4629
Modified,normal_city,11,stuck_delta,1.0,curvature,0.4344
Modified,normal_city,12,stuck_delta,1.0,curvature,0.2766
Modified,normal_city,13,stuck_delta,1.0,curvature,0.4357
Modified,normal_city,14,stuck_delta,1.0,curvature,0.3549
Modified,normal_city,15,stuck_delta,1.0,curvature,0.4144
Modified,normal_city,16,stuck_delta,1.0,curvature,0.3561
Modified,normal_city,17,stuck_delta,1.0,curvature,0.0913
Modified,normal_city,18,stuck_delta,1.0,curvature,0.4196
Modified,normal_city,19,stuck_delta,1.0,curvature,0.3453
Modified,normal_city,20,stuck_delta,1.0,curvature,0.4781
Modified,normal_city,21,stuck_delta,1.0,curvature,0.5
Modified,normal_city,22,stuck_delta,1.0,curvature,0.911
Modified,normal_city,23,stuck_delta,1.0,curvature,0.0828
Modified,normal_city,24,stuck_delta,1.0,curvature,0.4465
Modified,normal_city,25,stuck_delta,1.0,curvature,0.5089
Modified,normal_city,26,stuck_delta,1.0,curvature,0.324
Modified,normal_city,27,stuck_delta,1.0,curvature,0.7343
Modified,normal_city,28,stuck_delta,1.0,curvature,0.5586
Modified,normal_city,29,stuck_delta,1.0,curvature,0.3552
Modified,blocked_road,0,stuck_delta,1.0,curvature,0.3258
Modified,blocked_road,1,stuck_delta,1.0,curvature,0.2868
Modified,blocked_road,2,stuck_delta,1.0,curvature,0.1745
Modified,blocked_road,3,stuck_delta,1.0,curvature,0.0939
Modified,blocked_road,4,stuck_delta,1.0,curvature,0.2451
Modified,blocked_road,5,stuck_delta,1.0,curvature,0.2384
Modified,blocked_road,6,stuck_delta,1.0,curvature,0.1804
Modified,blocked_road,7,stuck_delta,1.0,curvature,0.4942
Modified,blocked_road,8,stuck_delta,1.0,curvature,0.0989
Modified,blocked_road,9,stuck_delta,1.0,curvature,0.2465
Modified,blocked_road,10,stuck_delta,1.0,curvature,0.0801
Modified,blocked_road,11,stuck_delta,1.0,curvature,0.0748
Modified,blocked_road,12,stuck_delta,1.0,curvature,0.1694
Modified,blocked_road,13,stuck_delta,1.0,curvature,0.3124
Modified,blocked_road,14,stuck_delta,1.0,curvature,0.2341
Modified,blocked_road,15,stuck_delta,1.0,curvature,0.2875
Modified,blocked_road,16,stuck_delta,1.0,curvature,0.2866
Modified,blocked_road,17,stuck_delta,1.0,curvature,0.0774
Modified,blocked_road,18,stuck_delta,1.0,curvature,0.4746
Modified,blocked_road,19,stuck_delta,1.0,curvature,0.165
Modified,blocked_road,20,stuck_delta,1.0,curvature,0.2553
Modified,blocked_road,21,stuck_delta,1.0,curvature,0.0653
Modified,blocked_road,22,stuck_delta,1.0,curvature,0.0639
Modified,blocked_road,23,stuck_delta,1.0,curvature,0.0763
Modified,blocked_road,24,stuck_delta,1.0,curvature,0.1098
Modified,blocked_road,25,stuck_delta,1.0,curvature,0.3728
Modified,blocked_road,26,stuck_delta,1.0,curvature,0.2512
Modified,blocked_road,27,stuck_delta,1.0,curvature,0.1311
Modified,blocked_road,28,stuck_delta,1.0,curvature,0.1155
Modified,blocked_road,29,stuck_delta,1.0,curvature,0.1156
Modified,dense_city,0,stuck_delta,1.0,curvature,0.1198
Modified,dense_city,1,stuck_delta,1.0,curvature,0.0443
Modified,dense_city,2,stuck_delta,1.0,curvature,0.0794
Modified,dense_city,3,stuck_delta,1.0,curvature,0.0908
Modified,dense_city,4,stuck_delta,1.0,curvature,0.0533
Modified,dense_city,5,stuck_delta,1.0,curvature,0.6766
Modified,dense_city,6,stuck_delta,1.0,curvature,0.101
Modified,dense_city,7,stuck_delta,1.0,curvature,0.4834
Modified,dense_city,8,stuck_delta,1.0,curvature,0.0608
Modified,dense_city,9,stuck_delta,1.0,curvature,
Modified,dense_city,10,stuck_delta,1.0,curvature,0.0747
Modified,dense_city,11,stuck_delta,1.0,curvature,0.0591
Modified,dense_city,12,stuck_delta,1.0,curvature,0.239
Modified,dense_city,13,stuck_delta,1.0,curvature,0.0603
Modified,dense_city,14,stuck_delta,1.0,curvature,0.1065
Modified,dense_city,15,stuck_delta,1.0,curvature,0.1686
Modified,dense_city,16,stuck_delta,1.0,curvature,0.0783
Modified,dense_city,17,stuck_delta,1.0,curvature,0.0635
Modified,dense_city,18,stuck_delta,1.0,curvature,0.1165
Modified,dense_city,19,stuck_delta,1.0,curvature,0.0693
Modified,dense_city,20,stuck_delta,1.0,curvature,0.1026
Modified,dense_city,21,stuck_delta,1.0,curvature,0.0696
Modified,dense_city,22,stuck_delta,1.0,curvature,0.0663
Modified,dense_city,23,stuck_delta,1.0,curvature,0.0741
Modified,dense_city,24,stuck_delta,1.0,curvature,0.0768
Modified,dense_city,25,stuck_delta,1.0,curvature,0.0872
Modified,dense_city,26,stuck_delta,1.0,curvature,0.0679
Modified,dense_city,27,stuck_delta,1.0,curvature,0.0766
Modified,dense_city,28,stuck_delta,1.0,curvature,0.0383
Modified,dense_city,29,stuck_delta,1.0,curvature,0.0644
Modified,normal_city,0,stuck_delta,2.0,curvature,0.3656
Modified,normal_city,1,stuck_delta,2.0,curvature,0.6053
Modified,normal_city,2,stuck_delta,2.0,curvature,0.4782
Modified,normal_city,3,stuck_delta,2.0,curvature,0.3942
Modified,normal_city,4,stuck_delta,2.0,curvature,0.6152
Modified,normal_city,5,stuck_delta,2.0,curvature,0.4383
Modified,normal_city,6,stuck_delta,2.0,curvature,0.0769
Modified,normal_city,7,stuck_delta,2.0,curvature,0.4722
Modified,normal_city,8,stuck_delta,2.0,curvature,0.5408
Modified,normal_city,9,stuck_delta,2.0,curvature,0.0801
Modified,normal_city,10,stuck_delta,2.0,curvature,0.4629
Modified,normal_city,11,stuck_delta,2.0,curvature,0.4894
Modified,normal_city,12,stuck_delta,2.0,curvature,0.2408
Modified,normal_city,13,stuck_delta,2.0,curvature,0.4357
Modified,normal_city,14,stuck_delta,2.0,curvature,0.3549
Modified,normal_city,15,stuck_delta,2.0,curvature,0.4144
Modified,normal_city,16,stuck_delta,2.0,curvature,0.3561
Modified,normal_city,17,stuck_delta,2.0,curvature,0.0913
Modified,normal_city,18,stuck_delta,2.0,curvature,0.4196
Modified,normal_city,19,stuck_delta,2.0,curvature,0.3279
Modified,normal_city,20,stuck_delta,2.0,curvature,0.4781
Modified,normal_city,21,stuck_delta,2.0,curvature,0.5
Modified,normal_city,22,stuck_delta,2.0,curvature,0.911
Modified,normal_city,23,stuck_delta,2.0,curvature,0.0828
Modified,normal_city,24,stuck_delta,2.0,curvature,0.4465
Modified,normal_city,25,stuck_delta,2.0,curvature,0.5089
Modified,normal_city,26,stuck_delta,2.0,curvature,0.324
Modified,normal_city,27,stuck_delta,2.0,curvature,0.7343
Modified,normal_city,28,stuck_delta,2.0,curvature,0.5586
Modified,normal_city,29,stuck_delta,2.0,curvature,0.3552
Modified,blocked_road,0,stuck_delta,2.0,curvature,0.3
Modified,blocked_road,1,stuck_delta,2.0,curvature,0.2602
Modified,blocked_road,2,stuck_delta,2.0,curvature,0.1745
Modified,blocked_road,3,stuck_delta,2.0,curvature,0.0939
Modified,blocked_road,4,stuck_delta,2.0,curvature,0.2087
Modified,blocked_road,5,stuck_delta,2.0,curvature,0.2267
Modified,blocked_road,6,stuck_delta,2.0,curvature,0.1605
Modified,blocked_road,7,stuck_delta,2.0,curvature,0.4942
Modified,blocked_road,8,stuck_delta,2.0,curvature,0.0989
Modified,blocked_road,9,stuck_delta,2.0,curvature,0.2465
Modified,blocked_road,10,stuck_delta,2.0,curvature,0.0801
Modified,blocked_road,11,stuck_delta,2.0,curvature,0.0748
Modified,blocked_road,12,stuck_delta,2.0,curvature,0.1358
Modified,blocked_road,13,stuck_delta,2.0,curvature,0.3124
Modified,blocked_road,14,stuck_delta,2.0,curvature,0.246
Modified,blocked_road,15,stuck_delta,2.0,curvature,0.2622
Modified,blocked_road,16,stuck_delta,2.0,curvature,0.257
Modified,blocked_road,17,stuck_delta,2.0,curvature,0.0774
Modified,blocked_road,18,stuck_delta,2.0,curvature,0.4813
Modified,blocked_road,19,stuck_delta,2.0,curvature,0.165
Modified,blocked_road,20,stuck_delta,2.0,curvature,0.2259
Modified,blocked_road,21,stuck_delta,2.0,curvature,0.0653
Modified,blocked_road,22,stuck_delta,2.0,curvature,0.0639
Modified,blocked_road,23,stuck_delta,2.0,curvature,0.0763
Modified,blocked_road,24,stuck_delta,2.0,curvature,0.1098
Modified,blocked_road,25,stuck_delta,2.0,curvature,0.3728
Modified,blocked_road,26,stuck_delta,2.0,curvature,0.2512
Modified,blocked_road,27,stuck_delta,2.0,curvature,0.1311
Modified,blocked_road,28,stuck_delta,2.0,curvature,0.1155
Modified,blocked_road,29,stuck_delta,2.0,curvature,0.1156
Modified,dense_city,0,stuck_delta,2.0,curvature,0.1198
Modified,dense_city,1,stuck_delta,2.0,curvature,0.0443
Modified,dense_city,2,stuck_delta,2.0,curvature,0.0794
Modified,dense_city,3,stuck_delta,2.0,curvature,0.0908
Modified,dense_city,4,stuck_delta,2.0,curvature,0.0533
Modified,dense_city,5,stuck_delta,2.0,curvature,0.6766
Modified,dense_city,6,stuck_delta,2.0,curvature,0.101
Modified,dense_city,7,stuck_delta,2.0,curvature,0.4446
Modified,dense_city,8,stuck_delta,2.0,curvature,0.0608
Modified,dense_city,9,stuck_delta,2.0,curvature,
Modified,dense_city,10,stuck_delta,2.0,curvature,0.0747
Modified,dense_city,11,stuck_delta,2.0,curvature,0.0591
Modified,dense_city,12,stuck_delta,2.0,curvature,0.2079
Modified,dense_city,13,stuck_delta,2.0,curvature,0.0603
Modified,dense_city,14,stuck_delta,2.0,curvature,0.1065
Modified,dense_city,15,stuck_delta,2.0,curvature,0.1686
Modified,dense_city,16,stuck_delta,2.0,curvature,0.0783
Modified,dense_city,17,stuck_delta,2.0,curvature,0.0635
Modified,dense_city,18,stuck_delta,2.0,curvature,0.1165
Modified,dense_city,19,stuck_delta,2.0,curvature,0.0693
Modified,dense_city,20,stuck_delta,2.0,curvature,0.1026
Modified,dense_city,21,stuck_delta,2.0,curvature,0.0696
Modified,dense_city,22,stuck_delta,2.0,curvature,0.0663
Modified,dense_city,23,stuck_delta,2.0,curvature,0.0741
Modified,dense_city,24,stuck_delta,2.0,curvature,0.0768
Modified,dense_city,25,stuck_delta,2.0,curvature,0.0872
Modified,dense_city,26,stuck_delta,2.0,curvature,0.0679
Modified,dense_city,27,stuck_delta,2.0,curvature,0.0766
Modified,dense_city,28,stuck_delta,2.0,curvature,0.0383
Modified,dense_city,29,stuck_delta,2.0,curvature,0.0644
Modified,normal_city,0,stuck_delta,3.0,curvature,0.3656
Modified,normal_city,1,stuck_delta,3.0,curvature,0.6053
Modified,normal_city,2,stuck_delta,3.0,curvature,0.4782
Modified,normal_city,3,stuck_delta,3.0,curvature,0.4025
Modified,normal_city,4,stuck_delta,3.0,curvature,0.6152
Modified,normal_city,5,stuck_delta,3.0,curvature,0.4383
Modified,normal_city,6,stuck_delta,3.0,curvature,0.0769
Modified,normal_city,7,stuck_delta,3.0,curvature,0.4722
Modified,normal_city,8,stuck_delta,3.0,curvature,0.323
Modified,normal_city,9,stuck_delta,3.0,curvature,0.0801
Modified,normal_city,10,stuck_delta,3.0,curvature,0.4629
Modified,normal_city,11,stuck_delta,3.0,curvature,0.4538
Modified,normal_city,12,stuck_delta,3.0,curvature,0.2408
Modified,normal_city,13,stuck_delta,3.0,curvature,0.4357
Modified,normal_city,14,stuck_delta,3.0,curvature,0.3549
Modified,normal_city,15,stuck_delta,3.0,curvature,0.4144
Modified,normal_city,16,stuck_delta,3.0,curvature,0.3561
Modified,normal_city,17,stuck_delta,3.0,curvature,0.0913
Modified,normal_city,18,stuck_delta,3.0,curvature,0.4196
Modified,normal_city,19,stuck_delta,3.0,curvature,0.2918
Modified,normal_city,20,stuck_delta,3.0,curvature,0.4781
Modified,normal_city,21,stuck_delta,3.0,curvature,0.5
Modified,normal_city,22,stuck_delta,3.0,curvature,0.5958
Modified,normal_city,23,stuck_delta,3.0,curvature,0.0828
Modified,normal_city,24,stuck_delta,3.0,curvature,0.4465
Modified,normal_city,25,stuck_delta,3.0,curvature,0.5089
Modified,normal_city,26,stuck_delta,3.0,curvature,0.324
Modified,normal_city,27,stuck_delta,3.0,curvature,0.6126
Modified,normal_city,28,stuck_delta,3.0,curvature,0.5586
Modified,normal_city,29,stuck_delta,3.0,curvature,0.3552
Modified,blocked_road,0,stuck_delta,3.0,curvature,0.2725
Modified,blocked_road,1,stuck_delta,3.0,curvature,0.2277
Modified,blocked_road,2,stuck_delta,3.0,curvature,0.1745
Modified,blocked_road,3,stuck_delta,3.0,curvature,0.0939
Modified,blocked_road,4,stuck_delta,3.0,curvature,0.1549
Modified,blocked_road,5,stuck_delta,3.0,curvature,0.2213
Modified,blocked_road,6,stuck_delta,3.0,curvature,0.1369
Modified,blocked_road,7,stuck_delta,3.0,curvature,0.4942
Modified,blocked_road,8,stuck_delta,3.0,curvature,0.0989
Modified,blocked_road,9,stuck_delta,3.0,curvature,0.2107
Modified,blocked_road,10,stuck_delta,3.0,curvature,0.0801
Modified,blocked_road,11,stuck_delta,3.0,curvature,0.0748
Modified,blocked_road,12,stuck_delta,3.0,curvature,0.1317
Modified,blocked_road,13,stuck_delta,3.0,curvature,0.4438
Modified,blocked_road,14,stuck_delta,3.0,curvature,0.2141
Modified,blocked_road,15,stuck_delta,3.0,curvature,0.2221
Modified,blocked_road,16,stuck_delta,3.0,curvature,0.2502
Modified,blocked_road,17,stuck_delta,3.0,curvature,0.0774
Modified,blocked_road,18,stuck_delta,3.0,curvature,0.452
Modified,blocked_road,19,stuck_delta,3.0,curvature,0.165
Modified,blocked_road,20,stuck_delta,3.0,curvature,0.1961
Modified,blocked_road,21,stuck_delta,3.0,curvature,0.0653
Modified,blocked_road,22,stuck_delta,3.0,curvature,0.0639
Modified,blocked_road,23,stuck_delta,3.0,curvature,0.0763
Modified,blocked_road,24,stuck_delta,3.0,curvature,0.1098
Modified,blocked_road,25,stuck_delta,3.0,curvature,0.3728
Modified,blocked_road,26,stuck_delta,3.0,curvature,0.2155
Modified,blocked_road,27,stuck_delta,3.0,curvature,0.1311
Modified,blocked_road,28,stuck_delta,3.0,curvature,0.1155
Modified,blocked_road,29,stuck_delta,3.0,curvature,0.1156
Modified,dense_city,0,stuck_delta,3.0,curvature,0.1198
Modified,dense_city,1,stuck_delta,3.0,curvature,0.0443
Modified,dense_city,2,stuck_delta,3.0,curvature,0.0794
Modified,dense_city,3,stuck_delta,3.0,curvature,0.0908
Modified,dense_city,4,stuck_delta,3.0,curvature,0.0533
Modified,dense_city,5,stuck_delta,3.0,curvature,0.3728
Modified,dense_city,6,stuck_delta,3.0,curvature,0.101
Modified,dense_city,7,stuck_delta,3.0,curvature,0.4446
Modified,dense_city,8,stuck_delta,3.0,curvature,0.0608
Modified,dense_city,9,stuck_delta,3.0,curvature,
Modified,dense_city,10,stuck_delta,3.0,curvature,0.0747
Modified,dense_city,11,stuck_delta,3.0,curvature,0.0591
Modified,dense_city,12,stuck_delta,3.0,curvature,0.2177
Modified,dense_city,13,stuck_delta,3.0,curvature,0.0603
Modified,dense_city,14,stuck_delta,3.0,curvature,0.1065
Modified,dense_city,15,stuck_delta,3.0,curvature,0.1686
Modified,dense_city,16,stuck_delta,3.0,curvature,0.0783
Modified,dense_city,17,stuck_delta,3.0,curvature,0.0635
Modified,dense_city,18,stuck_delta,3.0,curvature,0.1165
Modified,dense_city,19,stuck_delta,3.0,curvature,0.0693
Modified,dense_city,20,stuck_delta,3.0,curvature,0.1026
Modified,dense_city,21,stuck_delta,3.0,curvature,0.0696
Modified,dense_city,22,stuck_delta,3.0,curvature,0.0663
Modified,dense_city,23,stuck_delta,3.0,curvature,0.0741
Modified,dense_city,24,stuck_delta,3.0,curvature,0.0768
Modified,dense_city,25,stuck_delta,3.0,curvature,0.0872
Modified,dense_city,26,stuck_delta,3.0,curvature,0.0679
Modified,dense_city,27,stuck_delta,3.0,curvature,0.0766
Modified,dense_city,28,stuck_delta,3.0,curvature,0.0383
Modified,dense_city,29,stuck_delta,3.0,curvature,0.0644
Modified,normal_city,0,stuck_delta,4.5,curvature,0.2856
Modified,normal_city,1,stuck_delta,4.5,curvature,0.1859
Modified,normal_city,2,stuck_delta,4.5,curvature,0.2696
Modified,normal_city,3,stuck_delta,4.5,curvature,0.2576
Modified,normal_city,4,stuck_delta,4.5,curvature,0.3812
Modified,normal_city,5,stuck_delta,4.5,curvature,0.27
Modified,normal_city,6,stuck_delta,4.5,curvature,0.0769
Modified,normal_city,7,stuck_delta,4.5,curvature,0.243
Modified,normal_city,8,stuck_delta,4.5,curvature,0.2723
Modified,normal_city,9,stuck_delta,4.5,curvature,0.0801
Modified,normal_city,10,stuck_delta,4.5,curvature,0.3077
Modified,normal_city,11,stuck_delta,4.5,curvature,0.2316
Modified,normal_city,12,stuck_delta,4.5,curvature,0.1494
Modified,normal_city,13,stuck_delta,4.5,curvature,0.4357
Modified,normal_city,14,stuck_delta,4.5,curvature,0.2915
Modified,normal_city,15,stuck_delta,4.5,curvature,0.3564
Modified,normal_city,16,stuck_delta,4.5,curvature,0.3134
Modified,normal_city,17,stuck_delta,4.5,curvature,0.0913
Modified,normal_city,18,stuck_delta,4.5,curvature,0.4196
Modified,normal_city,19,stuck_delta,4.5,curvature,0.2404
Modified,normal_city,20,stuck_delta,4.5,curvature,0.2527
Modified,normal_city,21,stuck_delta,4.5,curvature,0.2376
Modified,normal_city,22,stuck_delta,4.5,curvature,0.1786
Modified,normal_city,23,stuck_delta,4.5,curvature,0.0828
Modified,normal_city,24,stuck_delta,4.5,curvature,0.3691
Modified,normal_city,25,stuck_delta,4.5,curvature,0.3046
Modified,normal_city,26,stuck_delta,4.5,curvature,0.3174
Modified,normal_city,27,stuck_delta,4.5,curvature,0.3599
Modified,normal_city,28,stuck_delta,4.5,curvature,0.3465
Modified,normal_city,29,stuck_delta,4.5,curvature,0.2664
Modified,blocked_road,0,stuck_delta,4.5,curvature,0.2236
Modified,blocked_road,1,stuck_delta,4.5,curvature,0.0848
Modified,blocked_road,2,stuck_delta,4.5,curvature,0.1745
Modified,blocked_road,3,stuck_delta,4.5,curvature,0.0939
Modified,blocked_road,4,stuck_delta,4.5,curvature,0.1342
Modified,blocked_road,5,stuck_delta,4.5,curvature,0.189
Modified,blocked_road,6,stuck_delta,4.5,curvature,0.1329
Modified,blocked_road,7,stuck_delta,4.5,curvature,0.351
Modified,blocked_road,8,stuck_delta,4.5,curvature,0.0989
Modified,blocked_road,9,stuck_delta,4.5,curvature,0.1744
Modified,blocked_road,10,stuck_delta,4.5,curvature,0.0801
Modified,blocked_road,11,stuck_delta,4.5,curvature,0.0748
Modified,blocked_road,12,stuck_delta,4.5,curvature,0.0967
Modified,blocked_road,13,stuck_delta,4.5,curvature,0.0623
Modified,blocked_road,14,stuck_delta,4.5,curvature,0.1628
Modified,blocked_road,15,stuck_delta,4.5,curvature,0.1942
Modified,blocked_road,16,stuck_delta,4.5,curvature,0.2235
Modified,blocked_road,17,stuck_delta,4.5,curvature,0.0774
Modified,blocked_road,18,stuck_delta,4.5,curvature,0.4074
Modified,blocked_road,19,stuck_delta,4.5,curvature,0.1613
Modified,blocked_road,20,stuck_delta,4.5,curvature,0.1767
Modified,blocked_road,21,stuck_delta,4.5,curvature,0.0653
Modified,blocked_road,22,stuck_delta,4.5,curvature,0.0639
Modified,blocked_road,23,stuck_delta,4.5,curvature,0.0763
Modified,blocked_road,24,stuck_delta,4.5,curvature,0.1098
Modified,blocked_road,25,stuck_delta,4.5,curvature,0.064
Modified,blocked_road,26,stuck_delta,4.5,curvature,0.1793
Modified,blocked_road,27,stuck_delta,4.5,curvature,0.1311
Modified,blocked_road,28,stuck_delta,4.5,curvature,0.1155
Modified,blocked_road,29,stuck_delta,4.5,curvature,0.1156
Modified,dense_city,0,stuck_delta,4.5,curvature,0.1198
Modified,dense_city,1,stuck_delta,4.5,curvature,0.0443
Modified,dense_city,2,stuck_delta,4.5,curvature,0.0794
Modified,dense_city,3,stuck_delta,4.5,curvature,0.0908
Modified,dense_city,4,stuck_delta,4.5,curvature,0.0533
Modified,dense_city,5,stuck_delta,4.5,curvature,0.3513
Modified,dense_city,6,stuck_delta,4.5,curvature,0.101
Modified,dense_city,7,stuck_delta,4.5,curvature,0.3167
Modified,dense_city,8,stuck_delta,4.5,curvature,0.0608
Modified,dense_city,9,stuck_delta,4.5,curvature,
Modified,dense_city,10,stuck_delta,4.5,curvature,0.0747
Modified,dense_city,11,stuck_delta,4.5,curvature,0.0591
Modified,dense_city,12,stuck_delta,4.5,curvature,0.1443
Modified,dense_city,13,stuck_delta,4.5,curvature,0.0603
Modified,dense_city,14,stuck_delta,4.5,curvature,0.1065
Modified,dense_city,15,stuck_delta,4.5,curvature,0.156
Modified,dense_city,16,stuck_delta,4.5,curvature,0.0783
Modified,dense_city,17,stuck_delta,4.5,curvature,0.0635
Modified,dense_city,18,stuck_delta,4.5,curvature,0.1165
Modified,dense_city,19,stuck_delta,4.5,curvature,0.0693
Modified,dense_city,20,stuck_delta,4.5,curvature,0.1026
Modified,dense_city,21,stuck_delta,4.5,curvature,0.0696
Modified,dense_city,22,stuck_delta,4.5,curvature,0.0663
Modified,dense_city,23,stuck_delta,4.5,curvature,0.0741
Modified,dense_city,24,stuck_delta,4.5,curvature,0.0768
Modified,dense_city,25,stuck_delta,4.5,curvature,0.0872
Modified,dense_city,26,stuck_delta,4.5,curvature,0.0679
Modified,dense_city,27,stuck_delta,4.5,curvature,0.0766
Modified,dense_city,28,stuck_delta,4.5,curvature,0.0383
Modified,dense_city,29,stuck_delta,4.5,curvature,0.0644
Modified,normal_city,0,stuck_delta,1.0,max_curvature,2.2033
Modified,normal_city,1,stuck_delta,1.0,max_curvature,3.0624
Modified,normal_city,2,stuck_delta,1.0,max_curvature,3.3136
Modified,normal_city,3,stuck_delta,1.0,max_curvature,3.481
Modified,normal_city,4,stuck_delta,1.0,max_curvature,3.9804
Modified,normal_city,5,stuck_delta,1.0,max_curvature,2.8413
Modified,normal_city,6,stuck_delta,1.0,max_curvature,1.2789
Modified,normal_city,7,stuck_delta,1.0,max_curvature,3.7787
Modified,normal_city,8,stuck_delta,1.0,max_curvature,4.2345
Modified,normal_city,9,stuck_delta,1.0,max_curvature,1.3016
Modified,normal_city,10,stuck_delta,1.0,max_curvature,3.1554
Modified,normal_city,11,stuck_delta,1.0,max_curvature,2.792
Modified,normal_city,12,stuck_delta,1.0,max_curvature,8.4779
Modified,normal_city,13,stuck_delta,1.0,max_curvature,1.8712
Modified,normal_city,14,stuck_delta,1.0,max_curvature,1.6253
Modified,normal_city,15,stuck_delta,1.0,max_curvature,1.6217
Modified,normal_city,16,stuck_delta,1.0,max_curvature,1.6973
Modified,normal_city,17,stuck_delta,1.0,max_curvature,2.2736
Modified,normal_city,18,stuck_delta,1.0,max_curvature,1.8452
Modified,normal_city,19,stuck_delta,1.0,max_curvature,5.6633
Modified,normal_city,20,stuck_delta,1.0,max_curvature,2.4635
Modified,normal_city,21,stuck_delta,1.0,max_curvature,3.0115
Modified,normal_city,22,stuck_delta,1.0,max_curvature,4.6613
Modified,normal_city,23,stuck_delta,1.0,max_curvature,0.9687
Modified,normal_city,24,stuck_delta,1.0,max_curvature,2.0847
Modified,normal_city,25,stuck_delta,1.0,max_curvature,2.7863
Modified,normal_city,26,stuck_delta,1.0,max_curvature,1.5596
Modified,normal_city,27,stuck_delta,1.0,max_curvature,4.3123
Modified,normal_city,28,stuck_delta,1.0,max_curvature,3.7768
Modified,normal_city,29,stuck_delta,1.0,max_curvature,1.8672
Modified,blocked_road,0,stuck_delta,1.0,max_curvature,7.1916
Modified,blocked_road,1,stuck_delta,1.0,max_curvature,5.7803
Modified,blocked_road,2,stuck_delta,1.0,max_curvature,2.805
Modified,blocked_road,3,stuck_delta,1.0,max_curvature,1.3089
Modified,blocked_road,4,stuck_delta,1.0,max_curvature,6.4294
Modified,blocked_road,5,stuck_delta,1.0,max_curvature,6.9804
Modified,blocked_road,6,stuck_delta,1.0,max_curvature,6.0579
Modified,blocked_road,7,stuck_delta,1.0,max_curvature,3.868
Modified,blocked_road,8,stuck_delta,1.0,max_curvature,3.263
Modified,blocked_road,9,stuck_delta,1.0,max_curvature,10.2606
Modified,blocked_road,10,stuck_delta,1.0,max_curvature,3.1264
Modified,blocked_road,11,stuck_delta,1.0,max_curvature,3.5317
Modified,blocked_road,12,stuck_delta,1.0,max_curvature,5.1402
Modified,blocked_road,13,stuck_delta,1.0,max_curvature,3.7572
Modified,blocked_road,14,stuck_delta,1.0,max_curvature,6.9773
Modified,blocked_road,15,stuck_delta,1.0,max_curvature,7.8988
Modified,blocked_road,16,stuck_delta,1.0,max_curvature,6.6511
Modified,blocked_road,17,stuck_delta,1.0,max_curvature,2.0361
Modified,blocked_road,18,stuck_delta,1.0,max_curvature,7.501
Modified,blocked_road,19,stuck_delta,1.0,max_curvature,2.1394
Modified,blocked_road,20,stuck_delta,1.0,max_curvature,9.8178
Modified,blocked_road,21,stuck_delta,1.0,max_curvature,4.6859
Modified,blocked_road,22,stuck_delta,1.0,max_curvature,1.4738
Modified,blocked_road,23,stuck_delta,1.0,max_curvature,0.8004
Modified,blocked_road,24,stuck_delta,1.0,max_curvature,4.3535
Modified,blocked_road,25,stuck_delta,1.0,max_curvature,2.1538
Modified,blocked_road,26,stuck_delta,1.0,max_curvature,11.8347
Modified,blocked_road,27,stuck_delta,1.0,max_curvature,5.6346
Modified,blocked_road,28,stuck_delta,1.0,max_curvature,5.1027
Modified,blocked_road,29,stuck_delta,1.0,max_curvature,1.3326
Modified,dense_city,0,stuck_delta,1.0,max_curvature,2.964
Modified,dense_city,1,stuck_delta,1.0,max_curvature,1.284
Modified,dense_city,2,stuck_delta,1.0,max_curvature,4.5315
Modified,dense_city,3,stuck_delta,1.0,max_curvature,4.6525
Modified,dense_city,4,stuck_delta,1.0,max_curvature,1.6778
Modified,dense_city,5,stuck_delta,1.0,max_curvature,3.3631
Modified,dense_city,6,stuck_delta,1.0,max_curvature,1.2
Modified,dense_city,7,stuck_delta,1.0,max_curvature,7.5594
Modified,dense_city,8,stuck_delta,1.0,max_curvature,1.4281
Modified,dense_city,9,stuck_delta,1.0,max_curvature,
Modified,dense_city,10,stuck_delta,1.0,max_curvature,1.3357
Modified,dense_city,11,stuck_delta,1.0,max_curvature,1.7391
Modified,dense_city,12,stuck_delta,1.0,max_curvature,8.3522
Modified,dense_city,13,stuck_delta,1.0,max_curvature,1.3643
Modified,dense_city,14,stuck_delta,1.0,max_curvature,4.0662
Modified,dense_city,15,stuck_delta,1.0,max_curvature,6.5942
Modified,dense_city,16,stuck_delta,1.0,max_curvature,2.1306
Modified,dense_city,17,stuck_delta,1.0,max_curvature,4.0171
Modified,dense_city,18,stuck_delta,1.0,max_curvature,3.9746
Modified,dense_city,19,stuck_delta,1.0,max_curvature,2.2591
Modified,dense_city,20,stuck_delta,1.0,max_curvature,1.911
Modified,dense_city,21,stuck_delta,1.0,max_curvature,1.5462
Modified,dense_city,22,stuck_delta,1.0,max_curvature,1.4091
Modified,dense_city,23,stuck_delta,1.0,max_curvature,1.5618
Modified,dense_city,24,stuck_delta,1.0,max_curvature,1.4492
Modified,dense_city,25,stuck_delta,1.0,max_curvature,1.4665
Modified,dense_city,26,stuck_delta,1.0,max_curvature,1.5609
Modified,dense_city,27,stuck_delta,1.0,max_curvature,1.0189
Modified,dense_city,28,stuck_delta,1.0,max_curvature,1.1004
Modified,dense_city,29,stuck_delta,1.0,max_curvature,1.3793
Modified,normal_city,0,stuck_delta,2.0,max_curvature,2.2033
Modified,normal_city,1,stuck_delta,2.0,max_curvature,3.0624
Modified,normal_city,2,stuck_delta,2.0,max_curvature,3.3136
Modified,normal_city,3,stuck_delta,2.0,max_curvature,3.481
Modified,normal_city,4,stuck_delta,2.0,max_curvature,3.9804
Modified,normal_city,5,stuck_delta,2.0,max_curvature,2.8413
Modified,normal_city,6,stuck_delta,2.0,max_curvature,1.2789
Modified,normal_city,7,stuck_delta,2.0,max_curvature,3.7787
Modified,normal_city,8,stuck_delta,2.0,max_curvature,4.2345
Modified,normal_city,9,stuck_delta,2.0,max_curvature,1.3016
Modified,normal_city,10,stuck_delta,2.0,max_curvature,3.1554
Modified,normal_city,11,stuck_delta,2.0,max_curvature,6.084
Modified,normal_city,12,stuck_delta,2.0,max_curvature,10.4322
Modified,normal_city,13,stuck_delta,2.0,max_curvature,1.8712
Modified,normal_city,14,stuck_delta,2.0,max_curvature,1.6253
Modified,normal_city,15,stuck_delta,2.0,max_curvature,1.6217
Modified,normal_city,16,stuck_delta,2.0,max_curvature,1.6973
Modified,normal_city,17,stuck_delta,2.0,max_curvature,2.2736
Modified,normal_city,18,stuck_delta,2.0,max_curvature,1.8452
Modified,normal_city,19,stuck_delta,2.0,max_curvature,4.22
Modified,normal_city,20,stuck_delta,2.0,max_curvature,2.4635
Modified,normal_city,21,stuck_delta,2.0,max_curvature,3.0115
Modified,normal_city,22,stuck_delta,2.0,max_curvature,4.6613
Modified,normal_city,23,stuck_delta,2.0,max_curvature,0.9687
Modified,normal_city,24,stuck_delta,2.0,max_curvature,2.0847
Modified,normal_city,25,stuck_delta,2.0,max_curvature,2.7863
Modified,normal_city,26,stuck_delta,2.0,max_curvature,1.5596
Modified,normal_city,27,stuck_delta,2.0,max_curvature,4.3123
Modified,normal_city,28,stuck_delta,2.0,max_curvature,3.7768
Modified,normal_city,29,stuck_delta,2.0,max_curvature,1.8672
Modified,blocked_road,0,stuck_delta,2.0,max_curvature,6.733
Modified,blocked_road,1,stuck_delta,2.0,max_curvature,6.7151
Modified,blocked_road,2,stuck_delta,2.0,max_curvature,2.805
Modified,blocked_road,3,stuck_delta,2.0,max_curvature,1.3089
Modified,blocked_road,4,stuck_delta,2.0,max_curvature,5.0141
Modified,blocked_road,5,stuck_delta,2.0,max_curvature,7.0206
Modified,blocked_road,6,stuck_delta,2.0,max_curvature,3.3045
Modified,blocked_road,7,stuck_delta,2.0,max_curvature,3.868
Modified,blocked_road,8,stuck_delta,2.0,max_curvature,3.263
Modified,blocked_road,9,stuck_delta,2.0,max_curvature,10.2606
Modified,blocked_road,10,stuck_delta,2.0,max_curvature,3.1264
Modified,blocked_road,11,stuck_delta,2.0,max_curvature,3.5317
Modified,blocked_road,12,stuck_delta,2.0,max_curvature,3.4818
Modified,blocked_road,13,stuck_delta,2.0,max_curvature,3.7572
Modified,blocked_road,14,stuck_delta,2.0,max_curvature,6.6181
Modified,blocked_road,15,stuck_delta,2.0,max_curvature,6.8847
Modified,blocked_road,16,stuck_delta,2.0,max_curvature,7.0114
Modified,blocked_road,17,stuck_delta,2.0,max_curvature,2.0361
Modified,blocked_road,18,stuck_delta,2.0,max_curvature,7.3658
Modified,blocked_road,19,stuck_delta,2.0,max_curvature,2.1394
Modified,blocked_road,20,stuck_delta,2.0,max_curvature,8.5208
Modified,blocked_road,21,stuck_delta,2.0,max_curvature,4.6859
Modified,blocked_road,22,stuck_delta,2.0,max_curvature,1.4738
Modified,blocked_road,23,stuck_delta,2.0,max_curvature,0.8004
Modified,blocked_road,24,stuck_delta,2.0,max_curvature,4.3535
Modified,blocked_road,25,stuck_delta,2.0,max_curvature,2.1538
Modified,blocked_road,26,stuck_delta,2.0,max_curvature,11.8347
Modified,blocked_road,27,stuck_delta,2.0,max_curvature,5.6346
Modified,blocked_road,28,stuck_delta,2.0,max_curvature,5.1027
Modified,blocked_road,29,stuck_delta,2.0,max_curvature,1.3326
Modified,dense_city,0,stuck_delta,2.0,max_curvature,2.964
Modified,dense_city,1,stuck_delta,2.0,max_curvature,1.284
Modified,dense_city,2,stuck_delta,2.0,max_curvature,4.5315
Modified,dense_city,3,stuck_delta,2.0,max_curvature,4.6525
Modified,dense_city,4,stuck_delta,2.0,max_curvature,1.6778
Modified,dense_city,5,stuck_delta,2.0,max_curvature,3.3631
Modified,dense_city,6,stuck_delta,2.0,max_curvature,1.2
Modified,dense_city,7,stuck_delta,2.0,max_curvature,5.529
Modified,dense_city,8,stuck_delta,2.0,max_curvature,1.4281
Modified,dense_city,9,stuck_delta,2.0,max_curvature,
Modified,dense_city,10,stuck_delta,2.0,max_curvature,1.3357
Modified,dense_city,11,stuck_delta,2.0,max_curvature,1.7391
Modified,dense_city,12,stuck_delta,2.0,max_curvature,14.649
Modified,dense_city,13,stuck_delta,2.0,max_curvature,1.3643
Modified,dense_city,14,stuck_delta,2.0,max_curvature,4.0662
Modified,dense_city,15,stuck_delta,2.0,max_curvature,6.5942
Modified,dense_city,16,stuck_delta,2.0,max_curvature,2.1306
Modified,dense_city,17,stuck_delta,2.0,max_curvature,4.0171
Modified,dense_city,18,stuck_delta,2.0,max_curvature,3.9746
Modified,dense_city,19,stuck_delta,2.0,max_curvature,2.2591
Modified,dense_city,20,stuck_delta,2.0,max_curvature,1.911
Modified,dense_city,21,stuck_delta,2.0,max_curvature,1.5462
Modified,dense_city,22,stuck_delta,2.0,max_curvature,1.4091
Modified,dense_city,23,stuck_delta,2.0,max_curvature,1.5618
Modified,dense_city,24,stuck_delta,2.0,max_curvature,1.4492
Modified,dense_city,25,stuck_delta,2.0,max_curvature,1.4665
Modified,dense_city,26,stuck_delta,2.0,max_curvature,1.5609
Modified,dense_city,27,stuck_delta,2.0,max_curvature,1.0189
Modified,dense_city,28,stuck_delta,2.0,max_curvature,1.1004
Modified,dense_city,29,stuck_delta,2.0,max_curvature,1.3793
Modified,normal_city,0,stuck_delta,3.0,max_curvature,2.2033
Modified,normal_city,1,stuck_delta,3.0,max_curvature,3.0624
Modified,normal_city,2,stuck_delta,3.0,max_curvature,3.3136
Modified,normal_city,3,stuck_delta,3.0,max_curvature,2.8915
Modified,normal_city,4,stuck_delta,3.0,max_curvature,3.9804
Modified,normal_city,5,stuck_delta,3.0,max_curvature,2.8413
Modified,normal_city,6,stuck_delta,3.0,max_curvature,1.2789
Modified,normal_city,7,stuck_delta,3.0,max_curvature,3.7787
Modified,normal_city,8,stuck_delta,3.0,max_curvature,6.0915
Modified,normal_city,9,stuck_delta,3.0,max_curvature,1.3016
Modified,normal_city,10,stuck_delta,3.0,max_curvature,3.1554
Modified,normal_city,11,stuck_delta,3.0,max_curvature,5.7435
Modified,normal_city,12,stuck_delta,3.0,max_curvature,10.4322
Modified,normal_city,13,stuck_delta,3.0,max_curvature,1.8712
Modified,normal_city,14,stuck_delta,3.0,max_curvature,1.6253
Modified,normal_city,15,stuck_delta,3.0,max_curvature,1.6217
Modified,normal_city,16,stuck_delta,3.0,max_curvature,1.6973
Modified,normal_city,17,stuck_delta,3.0,max_curvature,2.2736
Modified,normal_city,18,stuck_delta,3.0,max_curvature,1.8452
Modified,normal_city,19,stuck_delta,3.0,max_curvature,11.6428
Modified,normal_city,20,stuck_delta,3.0,max_curvature,2.4635
Modified,normal_city,21,stuck_delta,3.0,max_curvature,3.0115
Modified,normal_city,22,stuck_delta,3.0,max_curvature,3.2756
Modified,normal_city,23,stuck_delta,3.0,max_curvature,0.9687
Modified,normal_city,24,stuck_delta,3.0,max_curvature,2.0847
Modified,normal_city,25,stuck_delta,3.0,max_curvature,2.7863
Modified,normal_city,26,stuck_delta,3.0,max_curvature,1.5596
Modified,normal_city,27,stuck_delta,3.0,max_curvature,4.5341
Modified,normal_city,28,stuck_delta,3.0,max_curvature,3.7768
Modified,normal_city,29,stuck_delta,3.0,max_curvature,1.8672
Modified,blocked_road,0,stuck_delta,3.0,max_curvature,5.7702
Modified,blocked_road,1,stuck_delta,3.0,max_curvature,2.8714
Modified,blocked_road,2,stuck_delta,3.0,max_curvature,2.805
Modified,blocked_road,3,stuck_delta,3.0,max_curvature,1.3089
Modified,blocked_road,4,stuck_delta,3.0,max_curvature,4.5255
Modified,blocked_road,5,stuck_delta,3.0,max_curvature,5.3251
Modified,blocked_road,6,stuck_delta,3.0,max_curvature,3.3082
Modified,blocked_road,7,stuck_delta,3.0,max_curvature,3.868
Modified,blocked_road,8,stuck_delta,3.0,max_curvature,3.263
Modified,blocked_road,9,stuck_delta,3.0,max_curvature,9.723
Modified,blocked_road,10,stuck_delta,3.0,max_curvature,3.1264
Modified,blocked_road,11,stuck_delta,3.0,max_curvature,3.5317
Modified,blocked_road,12,stuck_delta,3.0,max_curvature,4.0447
Modified,blocked_road,13,stuck_delta,3.0,max_curvature,3.6979
Modified,blocked_road,14,stuck_delta,3.0,max_curvature,7.2946
Modified,blocked_road,15,stuck_delta,3.0,max_curvature,6.2131
Modified,blocked_road,16,stuck_delta,3.0,max_curvature,5.3348
Modified,blocked_road,17,stuck_delta,3.0,max_curvature,2.0361
Modified,blocked_road,18,stuck_delta,3.0,max_curvature,7.4232
Modified,blocked_road,19,stuck_delta,3.0,max_curvature,2.1394
Modified,blocked_road,20,stuck_delta,3.0,max_curvature,2.3816
Modified,blocked_road,21,stuck_delta,3.0,max_curvature,4.6859
Modified,blocked_road,22,stuck_delta,3.0,max_curvature,1.4738
Modified,blocked_road,23,stuck_delta,3.0,max_curvature,0.8004
Modified,blocked_road,24,stuck_delta,3.0,max_curvature,4.3535
Modified,blocked_road,25,stuck_delta,3.0,max_curvature,2.1538
Modified,blocked_road,26,stuck_delta,3.0,max_curvature,11.7337
Modified,blocked_road,27,stuck_delta,3.0,max_curvature,5.6346
Modified,blocked_road,28,stuck_delta,3.0,max_curvature,5.1027
Modified,blocked_road,29,stuck_delta,3.0,max_curvature,1.3326
Modified,dense_city,0,stuck_delta,3.0,max_curvature,2.964
Modified,dense_city,1,stuck_delta,3.0,max_curvature,1.284
Modified,dense_city,2,stuck_delta,3.0,max_curvature,4.5315
Modified,dense_city,3,stuck_delta,3.0,max_curvature,4.6525
Modified,dense_city,4,stuck_delta,3.0,max_curvature,1.6778
Modified,dense_city,5,stuck_delta,3.0,max_curvature,2.3893
Modified,dense_city,6,stuck_delta,3.0,max_curvature,1.2
Modified,dense_city,7,stuck_delta,3.0,max_curvature,5.529
Modified,dense_city,8,stuck_delta,3.0,max_curvature,1.4281
Modified,dense_city,9,stuck_delta,3.0,max_curvature,
Modified,dense_city,10,stuck_delta,3.0,max_curvature,1.3357
Modified,dense_city,11,stuck_delta,3.0,max_curvature,1.7391
Modified,dense_city,12,stuck_delta,3.0,max_curvature,4.1934
Modified,dense_city,13,stuck_delta,3.0,max_curvature,1.3643
Modified,dense_city,14,stuck_delta,3.0,max_curvature,4.0662
Modified,dense_city,15,stuck_delta,3.0,max_curvature,6.5942
Modified,dense_city,16,stuck_delta,3.0,max_curvature,2.1306
Modified,dense_city,17,stuck_delta,3.0,max_curvature,4.0171
Modified,dense_city,18,stuck_delta,3.0,max_curvature,3.9746
Modified,dense_city,19,stuck_delta,3.0,max_curvature,2.2591
Modified,dense_city,20,stuck_delta,3.0,max_curvature,1.911
Modified,dense_city,21,stuck_delta,3.0,max_curvature,1.5462
Modified,dense_city,22,stuck_delta,3.0,max_curvature,1.4091
Modified,dense_city,23,stuck_delta,3.0,max_curvature,1.5618
Modified,dense_city,24,stuck_delta,3.0,max_curvature,1.4492
Modified,dense_city,25,stuck_delta,3.0,max_curvature,1.4665
Modified,dense_city,26,stuck_delta,3.0,max_curvature,1.5609
Modified,dense_city,27,stuck_delta,3.0,max_curvature,1.0189
Modified,dense_city,28,stuck_delta,3.0,max_curvature,1.1004
Modified,dense_city,29,stuck_delta,3.0,max_curvature,1.3793
Modified,normal_city,0,stuck_delta,4.5,max_curvature,1.7531
Modified,normal_city,1,stuck_delta,4.5,max_curvature,1.3634
Modified,normal_city,2,stuck_delta,4.5,max_curvature,1.5745
Modified,normal_city,3,stuck_delta,4.5,max_curvature,2.3353
Modified,normal_city,4,stuck_delta,4.5,max_curvature,1.7703
Modified,normal_city,5,stuck_delta,4.5,max_curvature,1.7434
Modified,normal_city,6,stuck_delta,4.5,max_curvature,1.2789
Modified,normal_city,7,stuck_delta,4.5,max_curvature,1.8703
Modified,normal_city,8,stuck_delta,4.5,max_curvature,4.3682
Modified,normal_city,9,stuck_delta,4.5,max_curvature,1.3016
Modified,normal_city,10,stuck_delta,4.5,max_curvature,1.6421
Modified,normal_city,11,stuck_delta,4.5,max_curvature,1.8021
Modified,normal_city,12,stuck_delta,4.5,max_curvature,5.6934
Modified,normal_city,13,stuck_delta,4.5,max_curvature,1.8712
Modified,normal_city,14,stuck_delta,4.5,max_curvature,1.6597
Modified,normal_city,15,stuck_delta,4.5,max_curvature,1.5009
Modified,normal_city,16,stuck_delta,4.5,max_curvature,1.7186
Modified,normal_city,17,stuck_delta,4.5,max_curvature,2.2736
Modified,normal_city,18,stuck_delta,4.5,max_curvature,1.8452
Modified,normal_city,19,stuck_delta,4.5,max_curvature,1.2508
Modified,normal_city,20,stuck_delta,4.5,max_curvature,1.6086
Modified,normal_city,21,stuck_delta,4.5,max_curvature,3.0003
Modified,normal_city,22,stuck_delta,4.5,max_curvature,0.8481
Modified,normal_city,23,stuck_delta,4.5,max_curvature,0.9687
Modified,normal_city,24,stuck_delta,4.5,max_curvature,1.9847
Modified,normal_city,25,stuck_delta,4.5,max_curvature,1.7511
Modified,normal_city,26,stuck_delta,4.5,max_curvature,1.7096
Modified,normal_city,27,stuck_delta,4.5,max_curvature,1.5732
Modified,normal_city,28,stuck_delta,4.5,max_curvature,1.7097
Modified,normal_city,29,stuck_delta,4.5,max_curvature,0.9098
Modified,blocked_road,0,stuck_delta,4.5,max_curvature,2.3119
Modified,blocked_road,1,stuck_delta,4.5,max_curvature,4.1297
Modified,blocked_road,2,stuck_delta,4.5,max_curvature,2.805
Modified,blocked_road,3,stuck_delta,4.5,max_curvature,1.3089
Modified,blocked_road,4,stuck_delta,4.5,max_curvature,2.8394
Modified,blocked_road,5,stuck_delta,4.5,max_curvature,3.8348
Modified,blocked_road,6,stuck_delta,4.5,max_curvature,4.487
Modified,blocked_road,7,stuck_delta,4.5,max_curvature,1.9415
Modified,blocked_road,8,stuck_delta,4.5,max_curvature,3.263
Modified,blocked_road,9,stuck_delta,4.5,max_curvature,10.8622
Modified,blocked_road,10,stuck_delta,4.5,max_curvature,3.1264
Modified,blocked_road,11,stuck_delta,4.5,max_curvature,3.5317
Modified,blocked_road,12,stuck_delta,4.5,max_curvature,2.934
Modified,blocked_road,13,stuck_delta,4.5,max_curvature,0.946
Modified,blocked_road,14,stuck_delta,4.5,max_curvature,5.7195
Modified,blocked_road,15,stuck_delta,4.5,max_curvature,3.9437
Modified,blocked_road,16,stuck_delta,4.5,max_curvature,4.617
Modified,blocked_road,17,stuck_delta,4.5,max_curvature,2.0361
Modified,blocked_road,18,stuck_delta,4.5,max_curvature,7.5645
Modified,blocked_road,19,stuck_delta,4.5,max_curvature,1.7081
Modified,blocked_road,20,stuck_delta,4.5,max_curvature,1.797
Modified,blocked_road,21,stuck_delta,4.5,max_curvature,4.6859
Modified,blocked_road,22,stuck_delta,4.5,max_curvature,1.4738
Modified,blocked_road,23,stuck_delta,4.5,max_curvature,0.8004
Modified,blocked_road,24,stuck_delta,4.5,max_curvature,4.3535
Modified,blocked_road,25,stuck_delta,4.5,max_curvature,1.189
Modified,blocked_road,26,stuck_delta,4.5,max_curvature,12.2745
Modified,blocked_road,27,stuck_delta,4.5,max_curvature,5.6346
Modified,blocked_road,28,stuck_delta,4.5,max_curvature,5.1027
Modified,blocked_road,29,stuck_delta,4.5,max_curvature,1.3326
Modified,dense_city,0,stuck_delta,4.5,max_curvature,2.964
Modified,dense_city,1,stuck_delta,4.5,max_curvature,1.284
Modified,dense_city,2,stuck_delta,4.5,max_curvature,4.5315
Modified,dense_city,3,stuck_delta,4.5,max_curvature,4.6525
Modified,dense_city,4,stuck_delta,4.5,max_curvature,1.6778
Modified,dense_city,5,stuck_delta,4.5,max_curvature,3.8843
Modified,dense_city,6,stuck_delta,4.5,max_curvature,1.2
Modified,dense_city,7,stuck_delta,4.5,max_curvature,1.7082
Modified,dense_city,8,stuck_delta,4.5,max_curvature,1.4281
Modified,dense_city,9,stuck_delta,4.5,max_curvature,
Modified,dense_city,10,stuck_delta,4.5,max_curvature,1.3357
Modified,dense_city,11,stuck_delta,4.5,max_curvature,1.7391
Modified,dense_city,12,stuck_delta,4.5,max_curvature,2.2685
Modified,dense_city,13,stuck_delta,4.5,max_curvature,1.3643
Modified,dense_city,14,stuck_delta,4.5,max_curvature,4.0662
Modified,dense_city,15,stuck_delta,4.5,max_curvature,3.068
Modified,dense_city,16,stuck_delta,4.5,max_curvature,2.1306
Modified,dense_city,17,stuck_delta,4.5,max_curvature,4.0171
Modified,dense_city,18,stuck_delta,4.5,max_curvature,3.9746
Modified,dense_city,19,stuck_delta,4.5,max_curvature,2.2591
Modified,dense_city,20,stuck_delta,4.5,max_curvature,1.911
Modified,dense_city,21,stuck_delta,4.5,max_curvature,1.5462
Modified,dense_city,22,stuck_delta,4.5,max_curvature,1.4091
Modified,dense_city,23,stuck_delta,4.5,max_curvature,1.5618
Modified,dense_city,24,stuck_delta,4.5,max_curvature,1.4492
Modified,dense_city,25,stuck_delta,4.5,max_curvature,1.4665
Modified,dense_city,26,stuck_delta,4.5,max_curvature,1.5609
Modified,dense_city,27,stuck_delta,4.5,max_curvature,1.0189
Modified,dense_city,28,stuck_delta,4.5,max_curvature,1.1004
Modified,dense_city,29,stuck_delta,4.5,max_curvature,1.3793
Modified,normal_city,0,stuck_delta,1.0,drive_time_curved,44.4162
Modified,normal_city,1,stuck_delta,1.0,drive_time_curved,48.7576
Modified,normal_city,2,stuck_delta,1.0,drive_time_curved,43.8255
Modified,normal_city,3,stuck_delta,1.0,drive_time_curved,41.3013
Modified,normal_city,4,stuck_delta,1.0,drive_time_curved,46.4283
Modified,normal_city,5,stuck_delta,1.0,drive_time_curved,44.8947
Modified,normal_city,6,stuck_delta,1.0,drive_time_curved,31.3788
Modified,normal_city,7,stuck_delta,1.0,drive_time_curved,45.9952
Modified,normal_city,8,stuck_delta,1.0,drive_time_curved,45.7947
Modified,normal_city,9,stuck_delta,1.0,drive_time_curved,30.6104
Modified,normal_city,10,stuck_delta,1.0,drive_time_curved,40.1171
Modified,normal_city,11,stuck_delta,1.0,drive_time_curved,49.0492
Modified,normal_city,12,stuck_delta,1.0,drive_time_curved,40.0671
Modified,normal_city,13,stuck_delta,1.0,drive_time_curved,46.7936
Modified,normal_city,14,stuck_delta,1.0,drive_time_curved,44.362
Modified,normal_city,15,stuck_delta,1.0,drive_time_curved,46.4166
Modified,normal_city,16,stuck_delta,1.0,drive_time_curved,43.4309
Modified,normal_city,17,stuck_delta,1.0,drive_time_curved,33.0324
Modified,normal_city,18,stuck_delta,1.0,drive_time_curved,43.6882
Modified,normal_city,19,stuck_delta,1.0,drive_time_curved,40.7916
Modified,normal_city,20,stuck_delta,1.0,drive_time_curved,42.8748
Modified,normal_city,21,stuck_delta,1.0,drive_time_curved,42.8849
Modified,normal_city,22,stuck_delta,1.0,drive_time_curved,51.7358
Modified,normal_city,23,stuck_delta,1.0,drive_time_curved,30.8963
Modified,normal_city,24,stuck_delta,1.0,drive_time_curved,43.3253
Modified,normal_city,25,stuck_delta,1.0,drive_time_curved,46.4241
Modified,normal_city,26,stuck_delta,1.0,drive_time_curved,41.3927
Modified,normal_city,27,stuck_delta,1.0,drive_time_curved,52.9702
Modified,normal_city,28,stuck_delta,1.0,drive_time_curved,45.6656
Modified,normal_city,29,stuck_delta,1.0,drive_time_curved,46.0635
Modified,blocked_road,0,stuck_delta,1.0,drive_time_curved,51.5682
Modified,blocked_road,1,stuck_delta,1.0,drive_time_curved,55.9686
Modified,blocked_road,2,stuck_delta,1.0,drive_time_curved,40.3069
Modified,blocked_road,3,stuck_delta,1.0,drive_time_curved,31.4245
Modified,blocked_road,4,stuck_delta,1.0,drive_time_curved,52.6763
Modified,blocked_road,5,stuck_delta,1.0,drive_time_curved,49.2537
Modified,blocked_road,6,stuck_delta,1.0,drive_time_curved,41.2392
Modified,blocked_road,7,stuck_delta,1.0,drive_time_curved,50.5832
Modified,blocked_road,8,stuck_delta,1.0,drive_time_curved,37.1252
Modified,blocked_road,9,stuck_delta,1.0,drive_time_curved,34.7772
Modified,blocked_road,10,stuck_delta,1.0,drive_time_curved,32.5763
Modified,blocked_road,11,stuck_delta,1.0,drive_time_curved,34.9404
Modified,blocked_road,12,stuck_delta,1.0,drive_time_curved,45.8037
Modified,blocked_road,13,stuck_delta,1.0,drive_time_curved,41.4591
Modified,blocked_road,14,stuck_delta,1.0,drive_time_curved,48.9084
Modified,blocked_road,15,stuck_delta,1.0,drive_time_curved,52.6441
Modified,blocked_road,16,stuck_delta,1.0,drive_time_curved,51.2799
Modified,blocked_road,17,stuck_delta,1.0,drive_time_curved,29.4706
Modified,blocked_road,18,stuck_delta,1.0,drive_time_curved,42.9278
Modified,blocked_road,19,stuck_delta,1.0,drive_time_curved,44.5926
Modified,blocked_road,20,stuck_delta,1.0,drive_time_curved,49.4107
Modified,blocked_road,21,stuck_delta,1.0,drive_time_curved,30.7265
Modified,blocked_road,22,stuck_delta,1.0,drive_time_curved,27.8351
Modified,blocked_road,23,stuck_delta,1.0,drive_time_curved,28.102
Modified,blocked_road,24,stuck_delta,1.0,drive_time_curved,31.1738
Modified,blocked_road,25,stuck_delta,1.0,drive_time_curved,46.5026
Modified,blocked_road,26,stuck_delta,1.0,drive_time_curved,35.6731
Modified,blocked_road,27,stuck_delta,1.0,drive_time_curved,34.3933
Modified,blocked_road,28,stuck_delta,1.0,drive_time_curved,33.4239
Modified,blocked_road,29,stuck_delta,1.0,drive_time_curved,32.4348
Modified,dense_city,0,stuck_delta,1.0,drive_time_curved,40.0089
Modified,dense_city,1,stuck_delta,1.0,drive_time_curved,27.3367
Modified,dense_city,2,stuck_delta,1.0,drive_time_curved,42.6402
Modified,dense_city,3,stuck_delta,1.0,drive_time_curved,34.6466
Modified,dense_city,4,stuck_delta,1.0,drive_time_curved,29.229
Modified,dense_city,5,stuck_delta,1.0,drive_time_curved,62.5518
Modified,dense_city,6,stuck_delta,1.0,drive_time_curved,41.9649
Modified,dense_city,7,stuck_delta,1.0,drive_time_curved,65.3578
Modified,dense_city,8,stuck_delta,1.0,drive_time_curved,29.8653
Modified,dense_city,9,stuck_delta,1.0,drive_time_curved,
Modified,dense_city,10,stuck_delta,1.0,drive_time_curved,32.019
Modified,dense_city,11,stuck_delta,1.0,drive_time_curved,29.2969
Modified,dense_city,12,stuck_delta,1.0,drive_time_curved,46.9047
Modified,dense_city,13,stuck_delta,1.0,drive_time_curved,29.3896
Modified,dense_city,14,stuck_delta,1.0,drive_time_curved,41.9803
Modified,dense_city,15,stuck_delta,1.0,drive_time_curved,58.7782
Modified,dense_city,16,stuck_delta,1.0,drive_time_curved,33.5361
Modified,dense_city,17,stuck_delta,1.0,drive_time_curved,34.2895
Modified,dense_city,18,stuck_delta,1.0,drive_time_curved,37.968
Modified,dense_city,19,stuck_delta,1.0,drive_time_curved,30.9656
Modified,dense_city,20,stuck_delta,1.0,drive_time_curved,34.8572
Modified,dense_city,21,stuck_delta,1.0,drive_time_curved,31.4041
Modified,dense_city,22,stuck_delta,1.0,drive_time_curved,29.986
Modified,dense_city,23,stuck_delta,1.0,drive_time_curved,32.63
Modified,dense_city,24,stuck_delta,1.0,drive_time_curved,31.3096
Modified,dense_city,25,stuck_delta,1.0,drive_time_curved,33.966
Modified,dense_city,26,stuck_delta,1.0,drive_time_curved,31.4431
Modified,dense_city,27,stuck_delta,1.0,drive_time_curved,29.1368
Modified,dense_city,28,stuck_delta,1.0,drive_time_curved,27.6003
Modified,dense_city,29,stuck_delta,1.0,drive_time_curved,31.8797
Modified,normal_city,0,stuck_delta,2.0,drive_time_curved,44.4162
Modified,normal_city,1,stuck_delta,2.0,drive_time_curved,48.7576
Modified,normal_city,2,stuck_delta,2.0,drive_time_curved,43.8255
Modified,normal_city,3,stuck_delta,2.0,drive_time_curved,41.3013
Modified,normal_city,4,stuck_delta,2.0,drive_time_curved,46.4283
Modified,normal_city,5,stuck_delta,2.0,drive_time_curved,44.8947
Modified,normal_city,6,stuck_delta,2.0,drive_time_curved,31.3788
Modified,normal_city,7,stuck_delta,2.0,drive_time_curved,45.9952
Modified,normal_city,8,stuck_delta,2.0,drive_time_curved,45.7947
Modified,normal_city,9,stuck_delta,2.0,drive_time_curved,30.6104
Modified,normal_city,10,stuck_delta,2.0,drive_time_curved,40.1171
Modified,normal_city,11,stuck_delta,2.0,drive_time_curved,45.9919
Modified,normal_city,12,stuck_delta,2.0,drive_time_curved,39.1253
Modified,normal_city,13,stuck_delta,2.0,drive_time_curved,46.7936
Modified,normal_city,14,stuck_delta,2.0,drive_time_curved,44.362
Modified,normal_city,15,stuck_delta,2.0,drive_time_curved,46.4166
Modified,normal_city,16,stuck_delta,2.0,drive_time_curved,43.4309
Modified,normal_city,17,stuck_delta,2.0,drive_time_curved,33.0324
Modified,normal_city,18,stuck_delta,2.0,drive_time_curved,43.6882
Modified,normal_city,19,stuck_delta,2.0,drive_time_curved,41.1236
Modified,normal_city,20,stuck_delta,2.0,drive_time_curved,42.8748
Modified,normal_city,21,stuck_delta,2.0,drive_time_curved,42.8849
Modified,normal_city,22,stuck_delta,2.0,drive_time_curved,51.7358
Modified,normal_city,23,stuck_delta,2.0,drive_time_curved,30.8963
Modified,normal_city,24,stuck_delta,2.0,drive_time_curved,43.3253
Modified,normal_city,25,stuck_delta,2.0,drive_time_curved,46.4241
Modified,normal_city,26,stuck_delta,2.0,drive_time_curved,41.3927
Modified,normal_city,27,stuck_delta,2.0,drive_time_curved,52.9702
Modified,normal_city,28,stuck_delta,2.0,drive_time_curved,45.6656
Modified,normal_city,29,stuck_delta,2.0,drive_time_curved,46.0635
Modified,blocked_road,0,stuck_delta,2.0,drive_time_curved,49.6986
Modified,blocked_road,1,stuck_delta,2.0,drive_time_curved,56.3452
Modified,blocked_road,2,stuck_delta,2.0,drive_time_curved,40.3069
Modified,blocked_road,3,stuck_delta,2.0,drive_time_curved,31.4245
Modified,blocked_road,4,stuck_delta,2.0,drive_time_curved,52.2195
Modified,blocked_road,5,stuck_delta,2.0,drive_time_curved,50.4872
Modified,blocked_road,6,stuck_delta,2.0,drive_time_curved,42.4336
Modified,blocked_road,7,stuck_delta,2.0,drive_time_curved,50.5832
Modified,blocked_road,8,stuck_delta,2.0,drive_time_curved,37.1252
Modified,blocked_road,9,stuck_delta,2.0,drive_time_curved,34.7772
Modified,blocked_road,10,stuck_delta,2.0,drive_time_curved,32.5763
Modified,blocked_road,11,stuck_delta,2.0,drive_time_curved,34.9404
Modified,blocked_road,12,stuck_delta,2.0,drive_time_curved,44.5846
Modified,blocked_road,13,stuck_delta,2.0,drive_time_curved,41.4591
Modified,blocked_road,14,stuck_delta,2.0,drive_time_curved,49.9639
Modified,blocked_road,15,stuck_delta,2.0,drive_time_curved,53.4218
Modified,blocked_road,16,stuck_delta,2.0,drive_time_curved,49.4746
Modified,blocked_road,17,stuck_delta,2.0,drive_time_curved,29.4706
Modified,blocked_road,18,stuck_delta,2.0,drive_time_curved,48.5622
Modified,blocked_road,19,stuck_delta,2.0,drive_time_curved,44.5926
Modified,blocked_road,20,stuck_delta,2.0,drive_time_curved,49.9009
Modified,blocked_road,21,stuck_delta,2.0,drive_time_curved,30.7265
Modified,blocked_road,22,stuck_delta,2.0,drive_time_curved,27.8351
Modified,blocked_road,23,stuck_delta,2.0,drive_time_curved,28.102
Modified,blocked_road,24,stuck_delta,2.0,drive_time_curved,31.1738
Modified,blocked_road,25,stuck_delta,2.0,drive_time_curved,46.5026
Modified,blocked_road,26,stuck_delta,2.0,drive_time_curved,35.6731
Modified,blocked_road,27,stuck_delta,2.0,drive_time_curved,34.3933
Modified,blocked_road,28,stuck_delta,2.0,drive_time_curved,33.4239
Modified,blocked_road,29,stuck_delta,2.0,drive_time_curved,32.4348
Modified,dense_city,0,stuck_delta,2.0,drive_time_curved,40.0089
Modified,dense_city,1,stuck_delta,2.0,drive_time_curved,27.3367
Modified,dense_city,2,stuck_delta,2.0,drive_time_curved,42.6402
Modified,dense_city,3,stuck_delta,2.0,drive_time_curved,34.6466
Modified,dense_city,4,stuck_delta,2.0,drive_time_curved,29.229
Modified,dense_city,5,stuck_delta,2.0,drive_time_curved,62.5518
Modified,dense_city,6,stuck_delta,2.0,drive_time_curved,41.9649
Modified,dense_city,7,stuck_delta,2.0,drive_time_curved,62.7054
Modified,dense_city,8,stuck_delta,2.0,drive_time_curved,29.8653
Modified,dense_city,9,stuck_delta,2.0,drive_time_curved,
Modified,dense_city,10,stuck_delta,2.0,drive_time_curved,32.019
Modified,dense_city,11,stuck_delta,2.0,drive_time_curved,29.2969
Modified,dense_city,12,stuck_delta,2.0,drive_time_curved,46.4784
Modified,dense_city,13,stuck_delta,2.0,drive_time_curved,29.3896
Modified,dense_city,14,stuck_delta,2.0,drive_time_curved,41.9803
Modified,dense_city,15,stuck_delta,2.0,drive_time_curved,58.7782
Modified,dense_city,16,stuck_delta,2.0,drive_time_curved,33.5361
Modified,dense_city,17,stuck_delta,2.0,drive_time_curved,34.2895
Modified,dense_city,18,stuck_delta,2.0,drive_time_curved,37.968
Modified,dense_city,19,stuck_delta,2.0,drive_time_curved,30.9656
Modified,dense_city,20,stuck_delta,2.0,drive_time_curved,34.8572
Modified,dense_city,21,stuck_delta,2.0,drive_time_curved,31.4041
Modified,dense_city,22,stuck_delta,2.0,drive_time_curved,29.986
Modified,dense_city,23,stuck_delta,2.0,drive_time_curved,32.63
Modified,dense_city,24,stuck_delta,2.0,drive_time_curved,31.3096
Modified,dense_city,25,stuck_delta,2.0,drive_time_curved,33.966
Modified,dense_city,26,stuck_delta,2.0,drive_time_curved,31.4431
Modified,dense_city,27,stuck_delta,2.0,drive_time_curved,29.1368
Modified,dense_city,28,stuck_delta,2.0,drive_time_curved,27.6003
Modified,dense_city,29,stuck_delta,2.0,drive_time_curved,31.8797
Modified,normal_city,0,stuck_delta,3.0,drive_time_curved,44.4162
Modified,normal_city,1,stuck_delta,3.0,drive_time_curved,48.7576
Modified,normal_city,2,stuck_delta,3.0,drive_time_curved,43.8255
Modified,normal_city,3,stuck_delta,3.0,drive_time_curved,45.0641
Modified,normal_city,4,stuck_delta,3.0,drive_time_curved,46.4283
Modified,normal_city,5,stuck_delta,3.0,drive_time_curved,44.8947
Modified,normal_city,6,stuck_delta,3.0,drive_time_curved,31.3788
Modified,normal_city,7,stuck_delta,3.0,drive_time_curved,45.9952
Modified,normal_city,8,stuck_delta,3.0,drive_time_curved,53.8603
Modified,normal_city,9,stuck_delta,3.0,drive_time_curved,30.6104
Modified,normal_city,10,stuck_delta,3.0,drive_time_curved,40.1171
Modified,normal_city,11,stuck_delta,3.0,drive_time_curved,45.4371
Modified,normal_city,12,stuck_delta,3.0,drive_time_curved,39.1253
Modified,normal_city,13,stuck_delta,3.0,drive_time_curved,46.7936
Modified,normal_city,14,stuck_delta,3.0,drive_time_curved,44.362
Modified,normal_city,15,stuck_delta,3.0,drive_time_curved,46.4166
Modified,normal_city,16,stuck_delta,3.0,drive_time_curved,43.4309
Modified,normal_city,17,stuck_delta,3.0,drive_time_curved,33.0324
Modified,normal_city,18,stuck_delta,3.0,drive_time_curved,43.6882
Modified,normal_city,19,stuck_delta,3.0,drive_time_curved,40.726
Modified,normal_city,20,stuck_delta,3.0,drive_time_curved,42.8748
Modified,normal_city,21,stuck_delta,3.0,drive_time_curved,42.8849
Modified,normal_city,22,stuck_delta,3.0,drive_time_curved,45.187
Modified,normal_city,23,stuck_delta,3.0,drive_time_curved,30.8963
Modified,normal_city,24,stuck_delta,3.0,drive_time_curved,43.3253
Modified,normal_city,25,stuck_delta,3.0,drive_time_curved,46.4241
Modified,normal_city,26,stuck_delta,3.0,drive_time_curved,41.3927
Modified,normal_city,27,stuck_delta,3.0,drive_time_curved,50.654
Modified,normal_city,28,stuck_delta,3.0,drive_time_curved,45.6656
Modified,normal_city,29,stuck_delta,3.0,drive_time_curved,46.0635
Modified,blocked_road,0,stuck_delta,3.0,drive_time_curved,47.1343
Modified,blocked_road,1,stuck_delta,3.0,drive_time_curved,53.5428
Modified,blocked_road,2,stuck_delta,3.0,drive_time_curved,40.3069
Modified,blocked_road,3,stuck_delta,3.0,drive_time_curved,31.4245
Modified,blocked_road,4,stuck_delta,3.0,drive_time_curved,65.4904
Modified,blocked_road,5,stuck_delta,3.0,drive_time_curved,49.7792
Modified,blocked_road,6,stuck_delta,3.0,drive_time_curved,38.6329
Modified,blocked_road,7,stuck_delta,3.0,drive_time_curved,50.5832
Modified,blocked_road,8,stuck_delta,3.0,drive_time_curved,37.1252
Modified,blocked_road,9,stuck_delta,3.0,drive_time_curved,34.4632
Modified,blocked_road,10,stuck_delta,3.0,drive_time_curved,32.5763
Modified,blocked_road,11,stuck_delta,3.0,drive_time_curved,34.9404
Modified,blocked_road,12,stuck_delta,3.0,drive_time_curved,44.1166
Modified,blocked_road,13,stuck_delta,3.0,drive_time_curved,47.0128
Modified,blocked_road,14,stuck_delta,3.0,drive_time_curved,48.1855
Modified,blocked_road,15,stuck_delta,3.0,drive_time_curved,49.8632
Modified,blocked_road,16,stuck_delta,3.0,drive_time_curved,48.8124
Modified,blocked_road,17,stuck_delta,3.0,drive_time_curved,29.4706
Modified,blocked_road,18,stuck_delta,3.0,drive_time_curved,47.1788
Modified,blocked_road,19,stuck_delta,3.0,drive_time_curved,44.5926
Modified,blocked_road,20,stuck_delta,3.0,drive_time_curved,47.5821
Modified,blocked_road,21,stuck_delta,3.0,drive_time_curved,30.7265
Modified,blocked_road,22,stuck_delta,3.0,drive_time_curved,27.8351
Modified,blocked_road,23,stuck_delta,3.0,drive_time_curved,28.102
Modified,blocked_road,24,stuck_delta,3.0,drive_time_curved,31.1738
Modified,blocked_road,25,stuck_delta,3.0,drive_time_curved,46.5026
Modified,blocked_road,26,stuck_delta,3.0,drive_time_curved,34.3964
Modified,blocked_road,27,stuck_delta,3.0,drive_time_curved,34.3933
Modified,blocked_road,28,stuck_delta,3.0,drive_time_curved,33.4239
Modified,blocked_road,29,stuck_delta,3.0,drive_time_curved,32.4348
Modified,dense_city,0,stuck_delta,3.0,drive_time_curved,40.0089
Modified,dense_city,1,stuck_delta,3.0,drive_time_curved,27.3367
Modified,dense_city,2,stuck_delta,3.0,drive_time_curved,42.6402
Modified,dense_city,3,stuck_delta,3.0,drive_time_curved,34.6466
Modified,dense_city,4,stuck_delta,3.0,drive_time_curved,29.229
Modified,dense_city,5,stuck_delta,3.0,drive_time_curved,50.3145
Modified,dense_city,6,stuck_delta,3.0,drive_time_curved,41.9649
Modified,dense_city,7,stuck_delta,3.0,drive_time_curved,62.7054
Modified,dense_city,8,stuck_delta,3.0,drive_time_curved,29.8653
Modified,dense_city,9,stuck_delta,3.0,drive_time_curved,
Modified,dense_city,10,stuck_delta,3.0,drive_time_curved,32.019
Modified,dense_city,11,stuck_delta,3.0,drive_time_curved,29.2969
Modified,dense_city,12,stuck_delta,3.0,drive_time_curved,42.9375
Modified,dense_city,13,stuck_delta,3.0,drive_time_curved,29.3896
Modified,dense_city,14,stuck_delta,3.0,drive_time_curved,41.9803
Modified,dense_city,15,stuck_delta,3.0,drive_time_curved,58.7782
Modified,dense_city,16,stuck_delta,3.0,drive_time_curved,33.5361
Modified,dense_city,17,stuck_delta,3.0,drive_time_curved,34.2895
Modified,dense_city,18,stuck_delta,3.0,drive_time_curved,37.968
Modified,dense_city,19,stuck_delta,3.0,drive_time_curved,30.9656
Modified,dense_city,20,stuck_delta,3.0,drive_time_curved,34.8572
Modified,dense_city,21,stuck_delta,3.0,drive_time_curved,31.4041
Modified,dense_city,22,stuck_delta,3.0,drive_time_curved,29.986
Modified,dense_city,23,stuck_delta,3.0,drive_time_curved,32.63
Modified,dense_city,24,stuck_delta,3.0,drive_time_curved,31.3096
Modified,dense_city,25,stuck_delta,3.0,drive_time_curved,33.966
Modified,dense_city,26,stuck_delta,3.0,drive_time_curved,31.4431
Modified,dense_city,27,stuck_delta,3.0,drive_time_curved,29.1368
Modified,dense_city,28,stuck_delta,3.0,drive_time_curved,27.6003
Modified,dense_city,29,stuck_delta,3.0,drive_time_curved,31.8797
Modified,normal_city,0,stuck_delta,4.5,drive_time_curved,40.4348
Modified,normal_city,1,stuck_delta,4.5,drive_time_curved,40.0411
Modified,normal_city,2,stuck_delta,4.5,drive_time_curved,39.6734
Modified,normal_city,3,stuck_delta,4.5,drive_time_curved,42.6706
Modified,normal_city,4,stuck_delta,4.5,drive_time_curved,42.704
Modified,normal_city,5,stuck_delta,4.5,drive_time_curved,40.0819
Modified,normal_city,6,stuck_delta,4.5,drive_time_curved,31.3788
Modified,normal_city,7,stuck_delta,4.5,drive_time_curved,41.5288
Modified,normal_city,8,stuck_delta,4.5,drive_time_curved,50.0563
Modified,normal_city,9,stuck_delta,4.5,drive_time_curved,30.6104
Modified,normal_city,10,stuck_delta,4.5,drive_time_curved,40.4257
Modified,normal_city,11,stuck_delta,4.5,drive_time_curved,41.0882
Modified,normal_city,12,stuck_delta,4.5,drive_time_curved,36.6152
Modified,normal_city,13,stuck_delta,4.5,drive_time_curved,46.7936
Modified,normal_city,14,stuck_delta,4.5,drive_time_curved,42.5307
Modified,normal_city,15,stuck_delta,4.5,drive_time_curved,43.7987
Modified,normal_city,16,stuck_delta,4.5,drive_time_curved,39.2542
Modified,normal_city,17,stuck_delta,4.5,drive_time_curved,33.0324
Modified,normal_city,18,stuck_delta,4.5,drive_time_curved,43.6882
Modified,normal_city,19,stuck_delta,4.5,drive_time_curved,36.8149
Modified,normal_city,20,stuck_delta,4.5,drive_time_curved,38.1088
Modified,normal_city,21,stuck_delta,4.5,drive_time_curved,42.7993
Modified,normal_city,22,stuck_delta,4.5,drive_time_curved,36.3527
Modified,normal_city,23,stuck_delta,4.5,drive_time_curved,30.8963
Modified,normal_city,24,stuck_delta,4.5,drive_time_curved,42.5822
Modified,normal_city,25,stuck_delta,4.5,drive_time_curved,41.5445
Modified,normal_city,26,stuck_delta,4.5,drive_time_curved,38.3701
Modified,normal_city,27,stuck_delta,4.5,drive_time_curved,42.7921
Modified,normal_city,28,stuck_delta,4.5,drive_time_curved,42.0244
Modified,normal_city,29,stuck_delta,4.5,drive_time_curved,41.5321
Modified,blocked_road,0,stuck_delta,4.5,drive_time_curved,54.3
Modified,blocked_road,1,stuck_delta,4.5,drive_time_curved,43.6315
Modified,blocked_road,2,stuck_delta,4.5,drive_time_curved,40.3069
Modified,blocked_road,3,stuck_delta,4.5,drive_time_curved,31.4245
Modified,blocked_road,4,stuck_delta,4.5,drive_time_curved,61.4424
Modified,blocked_road,5,stuck_delta,4.5,drive_time_curved,49.0706
Modified,blocked_road,6,stuck_delta,4.5,drive_time_curved,37.179
Modified,blocked_road,7,stuck_delta,4.5,drive_time_curved,45.0166
Modified,blocked_road,8,stuck_delta,4.5,drive_time_curved,37.1252
Modified,blocked_road,9,stuck_delta,4.5,drive_time_curved,33.4225
Modified,blocked_road,10,stuck_delta,4.5,drive_time_curved,32.5763
Modified,blocked_road,11,stuck_delta,4.5,drive_time_curved,34.9404
Modified,blocked_road,12,stuck_delta,4.5,drive_time_curved,33.9514
Modified,blocked_road,13,stuck_delta,4.5,drive_time_curved,27.2663
Modified,blocked_road,14,stuck_delta,4.5,drive_time_curved,47.3809
Modified,blocked_road,15,stuck_delta,4.5,drive_time_curved,49.1646
Modified,blocked_road,16,stuck_delta,4.5,drive_time_curved,47.653
Modified,blocked_road,17,stuck_delta,4.5,drive_time_curved,29.4706
Modified,blocked_road,18,stuck_delta,4.5,drive_time_curved,41.8968
Modified,blocked_road,19,stuck_delta,4.5,drive_time_curved,44.3185
Modified,blocked_road,20,stuck_delta,4.5,drive_time_curved,48.4085
Modified,blocked_road,21,stuck_delta,4.5,drive_time_curved,30.7265
Modified,blocked_road,22,stuck_delta,4.5,drive_time_curved,27.8351
Modified,blocked_road,23,stuck_delta,4.5,drive_time_curved,28.102
Modified,blocked_road,24,stuck_delta,4.5,drive_time_curved,31.1738
Modified,blocked_road,25,stuck_delta,4.5,drive_time_curved,27.0222
Modified,blocked_road,26,stuck_delta,4.5,drive_time_curved,33.9903
Modified,blocked_road,27,stuck_delta,4.5,drive_time_curved,34.3933
Modified,blocked_road,28,stuck_delta,4.5,drive_time_curved,33.4239
Modified,blocked_road,29,stuck_delta,4.5,drive_time_curved,32.4348
Modified,dense_city,0,stuck_delta,4.5,drive_time_curved,40.0089
Modified,dense_city,1,stuck_delta,4.5,drive_time_curved,27.3367
Modified,dense_city,2,stuck_delta,4.5,drive_time_curved,42.6402
Modified,dense_city,3,stuck_delta,4.5,drive_time_curved,34.6466
Modified,dense_city,4,stuck_delta,4.5,drive_time_curved,29.229
Modified,dense_city,5,stuck_delta,4.5,drive_time_curved,53.9298
Modified,dense_city,6,stuck_delta,4.5,drive_time_curved,41.9649
Modified,dense_city,7,stuck_delta,4.5,drive_time_curved,52.8687
Modified,dense_city,8,stuck_delta,4.5,drive_time_curved,29.8653
Modified,dense_city,9,stuck_delta,4.5,drive_time_curved,
Modified,dense_city,10,stuck_delta,4.5,drive_time_curved,32.019
Modified,dense_city,11,stuck_delta,4.5,drive_time_curved,29.2969
Modified,dense_city,12,stuck_delta,4.5,drive_time_curved,44.2358
Modified,dense_city,13,stuck_delta,4.5,drive_time_curved,29.3896
Modified,dense_city,14,stuck_delta,4.5,drive_time_curved,41.9803
Modified,dense_city,15,stuck_delta,4.5,drive_time_curved,53.231
Modified,dense_city,16,stuck_delta,4.5,drive_time_curved,33.5361
Modified,dense_city,17,stuck_delta,4.5,drive_time_curved,34.2895
Modified,dense_city,18,stuck_delta,4.5,drive_time_curved,37.968
Modified,dense_city,19,stuck_delta,4.5,drive_time_curved,30.9656
Modified,dense_city,20,stuck_delta,4.5,drive_time_curved,34.8572
Modified,dense_city,21,stuck_delta,4.5,drive_time_curved,31.4041
Modified,dense_city,22,stuck_delta,4.5,drive_time_curved,29.986
Modified,dense_city,23,stuck_delta,4.5,drive_time_curved,32.63
Modified,dense_city,24,stuck_delta,4.5,drive_time_curved,31.3096
Modified,dense_city,25,stuck_delta,4.5,drive_time_curved,33.966
Modified,dense_city,26,stuck_delta,4.5,drive_time_curved,31.4431
Modified,dense_city,27,stuck_delta,4.5,drive_time_curved,29.1368
Modified,dense_city,28,stuck_delta,4.5,drive_time_curved,27.6003
Modified,dense_city,29,stuck_delta,4.5,drive_time_curved,31.8797
Modified,normal_city,0,stuck_delta,1.0,comp_time,0.33572
Modified,normal_city,1,stuck_delta,1.0,comp_time,0.2243
Modified,normal_city,2,stuck_delta,1.0,comp_time,0.2052
Modified,normal_city,3,stuck_delta,1.0,comp_time,0.21863
Modified,normal_city,4,stuck_delta,1.0,comp_time,0.21088
Modified,normal_city,5,stuck_delta,1.0,comp_time,0.19959
Modified,normal_city,6,stuck_delta,1.0,comp_time,0.52922
Modified,normal_city,7,stuck_delta,1.0,comp_time,0.23096
Modified,normal_city,8,stuck_delta,1.0,comp_time,0.21896
Modified,normal_city,9,stuck_delta,1.0,comp_time,2.00159
Modified,normal_city,10,stuck_delta,1.0,comp_time,0.16737
Modified,normal_city,11,stuck_delta,1.0,comp_time,0.23122
Modified,normal_city,12,stuck_delta,1.0,comp_time,0.57694
Modified,normal_city,13,stuck_delta,1.0,comp_time,0.21025
Modified,normal_city,14,stuck_delta,1.0,comp_time,0.20556
Modified,normal_city,15,stuck_delta,1.0,comp_time,0.2107
Modified,normal_city,16,stuck_delta,1.0,comp_time,0.20914
Modified,normal_city,17,stuck_delta,1.0,comp_time,0.34171
Modified,normal_city,18,stuck_delta,1.0,comp_time,0.18843
Modified,normal_city,19,stuck_delta,1.0,comp_time,0.25553
Modified,normal_city,20,stuck_delta,1.0,comp_time,0.17778
Modified,normal_city,21,stuck_delta,1.0,comp_time,0.17764
Modified,normal_city,22,stuck_delta,1.0,comp_time,0.15975
Modified,normal_city,23,stuck_delta,1.0,comp_time,0.30298
Modified,normal_city,24,stuck_delta,1.0,comp_time,0.20099
Modified,normal_city,25,stuck_delta,1.0,comp_time,0.20695
Modified,normal_city,26,stuck_delta,1.0,comp_time,0.23558
Modified,normal_city,27,stuck_delta,1.0,comp_time,0.22124
Modified,normal_city,28,stuck_delta,1.0,comp_time,0.20252
Modified,normal_city,29,stuck_delta,1.0,comp_time,0.19707
Modified,blocked_road,0,stuck_delta,1.0,comp_time,0.86971
Modified,blocked_road,1,stuck_delta,1.0,comp_time,2.78109
Modified,blocked_road,2,stuck_delta,1.0,comp_time,0.4955
Modified,blocked_road,3,stuck_delta,1.0,comp_time,0.26428
Modified,blocked_road,4,stuck_delta,1.0,comp_time,1.2469
Modified,blocked_road,5,stuck_delta,1.0,comp_time,0.87565
Modified,blocked_road,6,stuck_delta,1.0,comp_time,0.81268
Modified,blocked_road,7,stuck_delta,1.0,comp_time,0.17683
Modified,blocked_road,8,stuck_delta,1.0,comp_time,0.36747
Modified,blocked_road,9,stuck_delta,1.0,comp_time,0.6913
Modified,blocked_road,10,stuck_delta,1.0,comp_time,0.93348
Modified,blocked_road,11,stuck_delta,1.0,comp_time,2.05489
Modified,blocked_road,12,stuck_delta,1.0,comp_time,1.27297
Modified,blocked_road,13,stuck_delta,1.0,comp_time,0.19115
Modified,blocked_road,14,stuck_delta,1.0,comp_time,0.38632
Modified,blocked_road,15,stuck_delta,1.0,comp_time,0.49057
Modified,blocked_road,16,stuck_delta,1.0,comp_time,0.31629
Modified,blocked_road,17,stuck_delta,1.0,comp_time,0.31896
Modified,blocked_road,18,stuck_delta,1.0,comp_time,0.3329
Modified,blocked_road,19,stuck_delta,1.0,comp_time,0.55141
Modified,blocked_road,20,stuck_delta,1.0,comp_time,1.52098
Modified,blocked_road,21,stuck_delta,1.0,comp_time,0.35718
Modified,blocked_road,22,stuck_delta,1.0,comp_time,0.2228
Modified,blocked_road,23,stuck_delta,1.0,comp_time,4.88301
Modified,blocked_road,24,stuck_delta,1.0,comp_time,0.24954
Modified,blocked_road,25,stuck_delta,1.0,comp_time,0.18926
Modified,blocked_road,26,stuck_delta,1.0,comp_time,0.51009
Modified,blocked_road,27,stuck_delta,1.0,comp_time,3.22768
Modified,blocked_road,28,stuck_delta,1.0,comp_time,1.88873
Modified,blocked_road,29,stuck_delta,1.0,comp_time,0.70107
Modified,dense_city,0,stuck_delta,1.0,comp_time,1.63585
Modified,dense_city,1,stuck_delta,1.0,comp_time,0.45074
Modified,dense_city,2,stuck_delta,1.0,comp_time,1.59792
Modified,dense_city,3,stuck_delta,1.0,comp_time,1.20862
Modified,dense_city,4,stuck_delta,1.0,comp_time,0.52054
Modified,dense_city,5,stuck_delta,1.0,comp_time,0.32547
Modified,dense_city,6,stuck_delta,1.0,comp_time,3.26378
Modified,dense_city,7,stuck_delta,1.0,comp_time,23.85632
Modified,dense_city,8,stuck_delta,1.0,comp_time,0.33129
Modified,dense_city,9,stuck_delta,1.0,comp_time,1.79428
Modified,dense_city,10,stuck_delta,1.0,comp_time,1.69507
Modified,dense_city,11,stuck_delta,1.0,comp_time,1.96892
Modified,dense_city,12,stuck_delta,1.0,comp_time,1.13821
Modified,dense_city,13,stuck_delta,1.0,comp_time,1.15667
Modified,dense_city,14,stuck_delta,1.0,comp_time,2.56464
Modified,dense_city,15,stuck_delta,1.0,comp_time,3.07299
Modified,dense_city,16,stuck_delta,1.0,comp_time,2.77105
Modified,dense_city,17,stuck_delta,1.0,comp_time,0.75568
Modified,dense_city,18,stuck_delta,1.0,comp_time,0.5102
Modified,dense_city,19,stuck_delta,1.0,comp_time,2.10393
Modified,dense_city,20,stuck_delta,1.0,comp_time,2.93571
Modified,dense_city,21,stuck_delta,1.0,comp_time,1.27446
Modified,dense_city,22,stuck_delta,1.0,comp_time,9.43026
Modified,dense_city,23,stuck_delta,1.0,comp_time,2.13148
Modified,dense_city,24,stuck_delta,1.0,comp_time,0.51231
Modified,dense_city,25,stuck_delta,1.0,comp_time,1.71232
Modified,dense_city,26,stuck_delta,1.0,comp_time,0.53724
Modified,dense_city,27,stuck_delta,1.0,comp_time,2.37642
Modified,dense_city,28,stuck_delta,1.0,comp_time,1.22939
Modified,dense_city,29,stuck_delta,1.0,comp_time,1.16037
Modified,normal_city,0,stuck_delta,2.0,comp_time,0.22424
Modified,normal_city,1,stuck_delta,2.0,comp_time,0.19135
Modified,normal_city,2,stuck_delta,2.0,comp_time,0.19714
Modified,normal_city,3,stuck_delta,2.0,comp_time,0.21914
Modified,normal_city,4,stuck_delta,2.0,comp_time,0.19313
Modified,normal_city,5,stuck_delta,2.0,comp_time,0.21652
Modified,normal_city,6,stuck_delta,2.0,comp_time,0.47995
Modified,normal_city,7,stuck_delta,2.0,comp_time,0.27125
Modified,normal_city,8,stuck_delta,2.0,comp_time,0.19548
Modified,normal_city,9,stuck_delta,2.0,comp_time,2.57993
Modified,normal_city,10,stuck_delta,2.0,comp_time,0.2775
Modified,normal_city,11,stuck_delta,2.0,comp_time,0.49799
Modified,normal_city,12,stuck_delta,2.0,comp_time,0.62266
Modified,normal_city,13,stuck_delta,2.0,comp_time,0.18348
Modified,normal_city,14,stuck_delta,2.0,comp_time,0.1937
Modified,normal_city,15,stuck_delta,2.0,comp_time,0.22668
Modified,normal_city,16,stuck_delta,2.0,comp_time,0.1832
Modified,normal_city,17,stuck_delta,2.0,comp_time,0.34733
Modified,normal_city,18,stuck_delta,2.0,comp_time,0.17816
Modified,normal_city,19,stuck_delta,2.0,comp_time,0.33547
Modified,normal_city,20,stuck_delta,2.0,comp_time,0.17867
Modified,normal_city,21,stuck_delta,2.0,comp_time,0.17293
Modified,normal_city,22,stuck_delta,2.0,comp_time,0.26639
Modified,normal_city,23,stuck_delta,2.0,comp_time,0.29879
Modified,normal_city,24,stuck_delta,2.0,comp_time,0.20707
Modified,normal_city,25,stuck_delta,2.0,comp_time,0.24136
Modified,normal_city,26,stuck_delta,2.0,comp_time,0.21593
Modified,normal_city,27,stuck_delta,2.0,comp_time,0.21677
Modified,normal_city,28,stuck_delta,2.0,comp_time,0.19206
Modified,normal_city,29,stuck_delta,2.0,comp_time,0.2048
Modified,blocked_road,0,stuck_delta,2.0,comp_time,0.80698
Modified,blocked_road,1,stuck_delta,2.0,comp_time,2.54969
Modified,blocked_road,2,stuck_delta,2.0,comp_time,0.48063
Modified,blocked_road,3,stuck_delta,2.0,comp_time,0.24951
Modified,blocked_road,4,stuck_delta,2.0,comp_time,1.52736
Modified,blocked_road,5,stuck_delta,2.0,comp_time,0.92976
Modified,blocked_road,6,stuck_delta,2.0,comp_time,0.82003
Modified,blocked_road,7,stuck_delta,2.0,comp_time,0.1844
Modified,blocked_road,8,stuck_delta,2.0,comp_time,0.34085
Modified,blocked_road,9,stuck_delta,2.0,comp_time,0.72531
Modified,blocked_road,10,stuck_delta,2.0,comp_time,0.91577
Modified,blocked_road,11,stuck_delta,2.0,comp_time,2.10867
Modified,blocked_road,12,stuck_delta,2.0,comp_time,1.30423
Modified,blocked_road,13,stuck_delta,2.0,comp_time,0.17788
Modified,blocked_road,14,stuck_delta,2.0,comp_time,0.3577
Modified,blocked_road,15,stuck_delta,2.0,comp_time,0.68954
Modified,blocked_road,16,stuck_delta,2.0,comp_time,0.27677
Modified,blocked_road,17,stuck_delta,2.0,comp_time,0.38293
Modified,blocked_road,18,stuck_delta,2.0,comp_time,0.18919
Modified,blocked_road,19,stuck_delta,2.0,comp_time,0.93258
Modified,blocked_road,20,stuck_delta,2.0,comp_time,2.01134
Modified,blocked_road,21,stuck_delta,2.0,comp_time,0.36745
Modified,blocked_road,22,stuck_delta,2.0,comp_time,0.2304
Modified,blocked_road,23,stuck_delta,2.0,comp_time,4.69137
Modified,blocked_road,24,stuck_delta,2.0,comp_time,0.23214
Modified,blocked_road,25,stuck_delta,2.0,comp_time,0.17822
Modified,blocked_road,26,stuck_delta,2.0,comp_time,0.51481
Modified,blocked_road,27,stuck_delta,2.0,comp_time,2.87943
Modified,blocked_road,28,stuck_delta,2.0,comp_time,1.72983
Modified,blocked_road,29,stuck_delta,2.0,comp_time,0.65993
Modified,dense_city,0,stuck_delta,2.0,comp_time,1.69655
Modified,dense_city,1,stuck_delta,2.0,comp_time,0.39967
Modified,dense_city,2,stuck_delta,2.0,comp_time,1.36072
Modified,dense_city,3,stuck_delta,2.0,comp_time,1.27169
Modified,dense_city,4,stuck_delta,2.0,comp_time,0.48378
Modified,dense_city,5,stuck_delta,2.0,comp_time,0.26647
Modified,dense_city,6,stuck_delta,2.0,comp_time,3.19122
Modified,dense_city,7,stuck_delta,2.0,comp_time,23.07028
Modified,dense_city,8,stuck_delta,2.0,comp_time,0.35769
Modified,dense_city,9,stuck_delta,2.0,comp_time,2.04129
Modified,dense_city,10,stuck_delta,2.0,comp_time,1.74416
Modified,dense_city,11,stuck_delta,2.0,comp_time,2.23854
Modified,dense_city,12,stuck_delta,2.0,comp_time,1.05264
Modified,dense_city,13,stuck_delta,2.0,comp_time,1.18287
Modified,dense_city,14,stuck_delta,2.0,comp_time,2.31572
Modified,dense_city,15,stuck_delta,2.0,comp_time,3.27563
Modified,dense_city,16,stuck_delta,2.0,comp_time,3.22543
Modified,dense_city,17,stuck_delta,2.0,comp_time,0.72143
Modified,dense_city,18,stuck_delta,2.0,comp_time,0.52624
Modified,dense_city,19,stuck_delta,2.0,comp_time,2.48968
Modified,dense_city,20,stuck_delta,2.0,comp_time,2.99152
Modified,dense_city,21,stuck_delta,2.0,comp_time,1.35528
Modified,dense_city,22,stuck_delta,2.0,comp_time,9.78852
Modified,dense_city,23,stuck_delta,2.0,comp_time,2.35303
Modified,dense_city,24,stuck_delta,2.0,comp_time,0.52278
Modified,dense_city,25,stuck_delta,2.0,comp_time,1.63423
Modified,dense_city,26,stuck_delta,2.0,comp_time,0.50227
Modified,dense_city,27,stuck_delta,2.0,comp_time,2.52739
Modified,dense_city,28,stuck_delta,2.0,comp_time,1.46404
Modified,dense_city,29,stuck_delta,2.0,comp_time,1.38062
Modified,normal_city,0,stuck_delta,3.0,comp_time,0.19826
Modified,normal_city,1,stuck_delta,3.0,comp_time,0.31821
Modified,normal_city,2,stuck_delta,3.0,comp_time,0.17572
Modified,normal_city,3,stuck_delta,3.0,comp_time,0.27994
Modified,normal_city,4,stuck_delta,3.0,comp_time,0.16997
Modified,normal_city,5,stuck_delta,3.0,comp_time,0.18644
Modified,normal_city,6,stuck_delta,3.0,comp_time,0.44747
Modified,normal_city,7,stuck_delta,3.0,comp_time,0.19021
Modified,normal_city,8,stuck_delta,3.0,comp_time,0.72521
Modified,normal_city,9,stuck_delta,3.0,comp_time,1.88093
Modified,normal_city,10,stuck_delta,3.0,comp_time,0.15759
Modified,normal_city,11,stuck_delta,3.0,comp_time,0.4649
Modified,normal_city,12,stuck_delta,3.0,comp_time,0.61118
Modified,normal_city,13,stuck_delta,3.0,comp_time,0.20355
Modified,normal_city,14,stuck_delta,3.0,comp_time,0.19522
Modified,normal_city,15,stuck_delta,3.0,comp_time,0.19152
Modified,normal_city,16,stuck_delta,3.0,comp_time,0.33385
Modified,normal_city,17,stuck_delta,3.0,comp_time,0.31325
Modified,normal_city,18,stuck_delta,3.0,comp_time,0.30754
Modified,normal_city,19,stuck_delta,3.0,comp_time,0.26826
Modified,normal_city,20,stuck_delta,3.0,comp_time,0.15464
Modified,normal_city,21,stuck_delta,3.0,comp_time,0.18418
Modified,normal_city,22,stuck_delta,3.0,comp_time,0.25551
Modified,normal_city,23,stuck_delta,3.0,comp_time,0.37747
Modified,normal_city,24,stuck_delta,3.0,comp_time,0.23408
Modified,normal_city,25,stuck_delta,3.0,comp_time,0.1966
Modified,normal_city,26,stuck_delta,3.0,comp_time,0.20312
Modified,normal_city,27,stuck_delta,3.0,comp_time,0.24797
Modified,normal_city,28,stuck_delta,3.0,comp_time,0.24827
Modified,normal_city,29,stuck_delta,3.0,comp_time,0.21818
Modified,blocked_road,0,stuck_delta,3.0,comp_time,0.76678
Modified,blocked_road,1,stuck_delta,3.0,comp_time,2.84744
Modified,blocked_road,2,stuck_delta,3.0,comp_time,0.46919
Modified,blocked_road,3,stuck_delta,3.0,comp_time,0.25906
Modified,blocked_road,4,stuck_delta,3.0,comp_time,3.32313
Modified,blocked_road,5,stuck_delta,3.0,comp_time,1.02033
Modified,blocked_road,6,stuck_delta,3.0,comp_time,7.36081
Modified,blocked_road,7,stuck_delta,3.0,comp_time,0.16029
Modified,blocked_road,8,stuck_delta,3.0,comp_time,0.29276
Modified,blocked_road,9,stuck_delta,3.0,comp_time,0.7065
Modified,blocked_road,10,stuck_delta,3.0,comp_time,1.48083
Modified,blocked_road,11,stuck_delta,3.0,comp_time,2.05292
Modified,blocked_road,12,stuck_delta,3.0,comp_time,1.16745
Modified,blocked_road,13,stuck_delta,3.0,comp_time,0.27588
Modified,blocked_road,14,stuck_delta,3.0,comp_time,0.45573
Modified,blocked_road,15,stuck_delta,3.0,comp_time,0.51695
Modified,blocked_road,16,stuck_delta,3.0,comp_time,0.2773
Modified,blocked_road,17,stuck_delta,3.0,comp_time,0.26006
Modified,blocked_road,18,stuck_delta,3.0,comp_time,0.18753
Modified,blocked_road,19,stuck_delta,3.0,comp_time,0.42233
Modified,blocked_road,20,stuck_delta,3.0,comp_time,1.21802
Modified,blocked_road,21,stuck_delta,3.0,comp_time,0.28784
Modified,blocked_road,22,stuck_delta,3.0,comp_time,0.17679
Modified,blocked_road,23,stuck_delta,3.0,comp_time,3.87603
Modified,blocked_road,24,stuck_delta,3.0,comp_time,0.18133
Modified,blocked_road,25,stuck_delta,3.0,comp_time,0.15769
Modified,blocked_road,26,stuck_delta,3.0,comp_time,0.35637
Modified,blocked_road,27,stuck_delta,3.0,comp_time,2.36411
Modified,blocked_road,28,stuck_delta,3.0,comp_time,1.42754
Modified,blocked_road,29,stuck_delta,3.0,comp_time,0.50331
Modified,dense_city,0,stuck_delta,3.0,comp_time,1.29195
Modified,dense_city,1,stuck_delta,3.0,comp_time,0.3471
Modified,dense_city,2,stuck_delta,3.0,comp_time,1.22176
Modified,dense_city,3,stuck_delta,3.0,comp_time,0.94975
Modified,dense_city,4,stuck_delta,3.0,comp_time,0.43855
Modified,dense_city,5,stuck_delta,3.0,comp_time,4.7188
Modified,dense_city,6,stuck_delta,3.0,comp_time,2.72478
Modified,dense_city,7,stuck_delta,3.0,comp_time,18.80436
Modified,dense_city,8,stuck_delta,3.0,comp_time,0.2816
Modified,dense_city,9,stuck_delta,3.0,comp_time,1.45866
Modified,dense_city,10,stuck_delta,3.0,comp_time,1.39147
Modified,dense_city,11,stuck_delta,3.0,comp_time,1.60397
Modified,dense_city,12,stuck_delta,3.0,comp_time,2.18375
Modified,dense_city,13,stuck_delta,3.0,comp_time,0.98161
Modified,dense_city,14,stuck_delta,3.0,comp_time,1.95771
Modified,dense_city,15,stuck_delta,3.0,comp_time,2.49913
Modified,dense_city,16,stuck_delta,3.0,comp_time,2.3403
Modified,dense_city,17,stuck_delta,3.0,comp_time,0.60005
Modified,dense_city,18,stuck_delta,3.0,comp_time,0.42696
Modified,dense_city,19,stuck_delta,3.0,comp_time,1.77165
Modified,dense_city,20,stuck_delta,3.0,comp_time,2.24247
Modified,dense_city,21,stuck_delta,3.0,comp_time,1.09395
Modified,dense_city,22,stuck_delta,3.0,comp_time,7.57818
Modified,dense_city,23,stuck_delta,3.0,comp_time,1.83004
Modified,dense_city,24,stuck_delta,3.0,comp_time,0.37294
Modified,dense_city,25,stuck_delta,3.0,comp_time,1.29304
Modified,dense_city,26,stuck_delta,3.0,comp_time,0.40789
Modified,dense_city,27,stuck_delta,3.0,comp_time,1.93187
Modified,dense_city,28,stuck_delta,3.0,comp_time,0.93795
Modified,dense_city,29,stuck_delta,3.0,comp_time,1.05892
Modified,normal_city,0,stuck_delta,4.5,comp_time,0.46206
Modified,normal_city,1,stuck_delta,4.5,comp_time,0.54938
Modified,normal_city,2,stuck_delta,4.5,comp_time,0.57853
Modified,normal_city,3,stuck_delta,4.5,comp_time,0.30324
Modified,normal_city,4,stuck_delta,4.5,comp_time,0.36749
Modified,normal_city,5,stuck_delta,4.5,comp_time,0.48471
Modified,normal_city,6,stuck_delta,4.5,comp_time,0.41794
Modified,normal_city,7,stuck_delta,4.5,comp_time,1.05368
Modified,normal_city,8,stuck_delta,4.5,comp_time,0.47658
Modified,normal_city,9,stuck_delta,4.5,comp_time,1.64113
Modified,normal_city,10,stuck_delta,4.5,comp_time,0.18438
Modified,normal_city,11,stuck_delta,4.5,comp_time,0.45447
Modified,normal_city,12,stuck_delta,4.5,comp_time,0.25233
Modified,normal_city,13,stuck_delta,4.5,comp_time,0.16794
Modified,normal_city,14,stuck_delta,4.5,comp_time,0.23777
Modified,normal_city,15,stuck_delta,4.5,comp_time,0.41194
Modified,normal_city,16,stuck_delta,4.5,comp_time,0.24732
Modified,normal_city,17,stuck_delta,4.5,comp_time,0.24155
Modified,normal_city,18,stuck_delta,4.5,comp_time,0.15041
Modified,normal_city,19,stuck_delta,4.5,comp_time,0.185
Modified,normal_city,20,stuck_delta,4.5,comp_time,0.15875
Modified,normal_city,21,stuck_delta,4.5,comp_time,0.5073
Modified,normal_city,22,stuck_delta,4.5,comp_time,0.13738
Modified,normal_city,23,stuck_delta,4.5,comp_time,0.25554
Modified,normal_city,24,stuck_delta,4.5,comp_time,0.13312
Modified,normal_city,25,stuck_delta,4.5,comp_time,0.23543
Modified,normal_city,26,stuck_delta,4.5,comp_time,0.23728
Modified,normal_city,27,stuck_delta,4.5,comp_time,0.34765
Modified,normal_city,28,stuck_delta,4.5,comp_time,0.4194
Modified,normal_city,29,stuck_delta,4.5,comp_time,0.20557
Modified,blocked_road,0,stuck_delta,4.5,comp_time,1.39041
Modified,blocked_road,1,stuck_delta,4.5,comp_time,3.4214
Modified,blocked_road,2,stuck_delta,4.5,comp_time,0.37032
Modified,blocked_road,3,stuck_delta,4.5,comp_time,0.19631
Modified,blocked_road,4,stuck_delta,4.5,comp_time,1.81507
Modified,blocked_road,5,stuck_delta,4.5,comp_time,0.70215
Modified,blocked_road,6,stuck_delta,4.5,comp_time,0.3969
Modified,blocked_road,7,stuck_delta,4.5,comp_time,0.2015
Modified,blocked_road,8,stuck_delta,4.5,comp_time,0.26344
Modified,blocked_road,9,stuck_delta,4.5,comp_time,0.54977
Modified,blocked_road,10,stuck_delta,4.5,comp_time,0.67984
Modified,blocked_road,11,stuck_delta,4.5,comp_time,1.62516
Modified,blocked_road,12,stuck_delta,4.5,comp_time,0.65298
Modified,blocked_road,13,stuck_delta,4.5,comp_time,0.74274
Modified,blocked_road,14,stuck_delta,4.5,comp_time,0.40434
Modified,blocked_road,15,stuck_delta,4.5,comp_time,0.46206
Modified,blocked_road,16,stuck_delta,4.5,comp_time,0.18878
Modified,blocked_road,17,stuck_delta,4.5,comp_time,0.23999
Modified,blocked_road,18,stuck_delta,4.5,comp_time,0.15666
Modified,blocked_road,19,stuck_delta,4.5,comp_time,0.60998
Modified,blocked_road,20,stuck_delta,4.5,comp_time,6.34772
Modified,blocked_road,21,stuck_delta,4.5,comp_time,0.26701
Modified,blocked_road,22,stuck_delta,4.5,comp_time,0.17735
Modified,blocked_road,23,stuck_delta,4.5,comp_time,3.48631
Modified,blocked_road,24,stuck_delta,4.5,comp_time,0.16684
Modified,blocked_road,25,stuck_delta,4.5,comp_time,0.9398
Modified,blocked_road,26,stuck_delta,4.5,comp_time,0.33217
Modified,blocked_road,27,stuck_delta,4.5,comp_time,2.11621
Modified,blocked_road,28,stuck_delta,4.5,comp_time,1.29147
Modified,blocked_road,29,stuck_delta,4.5,comp_time,0.46909
Modified,dense_city,0,stuck_delta,4.5,comp_time,1.22716
Modified,dense_city,1,stuck_delta,4.5,comp_time,0.30476
Modified,dense_city,2,stuck_delta,4.5,comp_time,1.09088
Modified,dense_city,3,stuck_delta,4.5,comp_time,0.78601
Modified,dense_city,4,stuck_delta,4.5,comp_time,0.37849
Modified,dense_city,5,stuck_delta,4.5,comp_time,8.48857
Modified,dense_city,6,stuck_delta,4.5,comp_time,2.47151
Modified,dense_city,7,stuck_delta,4.5,comp_time,19.51662
Modified,dense_city,8,stuck_delta,4.5,comp_time,0.2602
Modified,dense_city,9,stuck_delta,4.5,comp_time,1.32146
Modified,dense_city,10,stuck_delta,4.5,comp_time,1.23979
Modified,dense_city,11,stuck_delta,4.5,comp_time,1.46146
Modified,dense_city,12,stuck_delta,4.5,comp_time,0.85941
Modified,dense_city,13,stuck_delta,4.5,comp_time,0.981
Modified,dense_city,14,stuck_delta,4.5,comp_time,1.8625
Modified,dense_city,15,stuck_delta,4.5,comp_time,5.65391
Modified,dense_city,16,stuck_delta,4.5,comp_time,2.13525
Modified,dense_city,17,stuck_delta,4.5,comp_time,0.5718
Modified,dense_city,18,stuck_delta,4.5,comp_time,0.38538
Modified,dense_city,19,stuck_delta,4.5,comp_time,1.56483
Modified,dense_city,20,stuck_delta,4.5,comp_time,2.00862
Modified,dense_city,21,stuck_delta,4.5,comp_time,0.97418
Modified,dense_city,22,stuck_delta,4.5,comp_time,7.06681
Modified,dense_city,23,stuck_delta,4.5,comp_time,1.62493
Modified,dense_city,24,stuck_delta,4.5,comp_time,0.33825
Modified,dense_city,25,stuck_delta,4.5,comp_time,1.18362
Modified,dense_city,26,stuck_delta,4.5,comp_time,0.3473
Modified,dense_city,27,stuck_delta,4.5,comp_time,1.73179
Modified,dense_city,28,stuck_delta,4.5,comp_time,0.85391
Modified,dense_city,29,stuck_delta,4.5,comp_time,0.86921
