planner,scenario,instance,parameter,value,metric,result
Modified,normal_city,0,turn_threshold,0.2,success,1.0
Modified,normal_city,1,turn_threshold,0.2,success,1.0
Modified,normal_city,2,turn_threshold,0.2,success,1.0
Modified,normal_city,3,turn_threshold,0.2,success,1.0
Modified,normal_city,4,turn_threshold,0.2,success,1.0
Modified,normal_city,5,turn_threshold,0.2,success,1.0
Modified,normal_city,6,turn_threshold,0.2,success,1.0
Modified,normal_city,7,turn_threshold,0.2,success,1.0
Modified,normal_city,8,turn_threshold,0.2,success,1.0
Modified,normal_city,9,turn_threshold,0.2,success,1.0
Modified,normal_city,10,turn_threshold,0.2,success,1.0
Modified,normal_city,11,turn_threshold,0.2,success,1.0
Modified,normal_city,12,turn_threshold,0.2,success,1.0
Modified,normal_city,13,turn_threshold,0.2,success,1.0
Modified,normal_city,14,turn_threshold,0.2,success,1.0
Modified,normal_city,15,turn_threshold,0.2,success,1.0
Modified,normal_city,16,turn_threshold,0.2,success,1.0
Modified,normal_city,17,turn_threshold,0.2,success,1.0
Modified,normal_city,18,turn_threshold,0.2,success,1.0
Modified,normal_city,19,turn_threshold,0.2,success,1.0
Modified,normal_city,20,turn_threshold,0.2,success,1.0
Modified,normal_city,21,turn_threshold,0.2,success,1.0
Modified,normal_city,22,turn_threshold,0.2,success,1.0
Modified,normal_city,23,turn_threshold,0.2,success,1.0
Modified,normal_city,24,turn_threshold,0.2,success,1.0
Modified,normal_city,25,turn_threshold,0.2,success,1.0
Modified,normal_city,26,turn_threshold,0.2,success,1.0
Modified,normal_city,27,turn_threshold,0.2,success,1.0
Modified,normal_city,28,turn_threshold,0.2,success,1.0
Modified,normal_city,29,turn_threshold,0.2,success,1.0
Modified,blocked_road,0,turn_threshold,0.2,success,1.0
Modified,blocked_road,1,turn_threshold,0.2,success,1.0
Modified,blocked_road,2,turn_threshold,0.2,success,1.0
Modified,blocked_road,3,turn_threshold,0.2,success,1.0
Modified,blocked_road,4,turn_threshold,0.2,success,1.0
Modified,blocked_road,5,turn_threshold,0.2,success,1.0
Modified,blocked_road,6,turn_threshold,0.2,success,1.0
Modified,blocked_road,7,turn_threshold,0.2,success,1.0
Modified,blocked_road,8,turn_threshold,0.2,success,1.0
Modified,blocked_road,9,turn_threshold,0.2,success,1.0
Modified,blocked_road,10,turn_threshold,0.2,success,1.0
Modified,blocked_road,11,turn_threshold,0.2,success,1.0
Modified,blocked_road,12,turn_threshold,0.2,success,1.0
Modified,blocked_road,13,turn_threshold,0.2,success,1.0
Modified,blocked_road,14,turn_threshold,0.2,success,1.0
Modified,blocked_road,15,turn_threshold,0.2,success,1.0
Modified,blocked_road,16,turn_threshold,0.2,success,1.0
Modified,blocked_road,17,turn_threshold,0.2,success,1.0
Modified,blocked_road,18,turn_threshold,0.2,success,1.0
Modified,blocked_road,19,turn_threshold,0.2,success,1.0
Modified,blocked_road,20,turn_threshold,0.2,success,1.0
Modified,blocked_road,21,turn_threshold,0.2,success,1.0
Modified,blocked_road,22,turn_threshold,0.2,success,1.0
Modified,blocked_road,23,turn_threshold,0.2,success,1.0
Modified,blocked_road,24,turn_threshold,0.2,success,1.0
Modified,blocked_road,25,turn_threshold,0.2,success,1.0
Modified,blocked_road,26,turn_threshold,0.2,success,1.0
Modified,blocked_road,27,turn_threshold,0.2,success,1.0
Modified,blocked_road,28,turn_threshold,0.2,success,1.0
Modified,blocked_road,29,turn_threshold,0.2,success,1.0
Modified,dense_city,0,turn_threshold,0.2,success,1.0
Modified,dense_city,1,turn_threshold,0.2,success,1.0
Modified,dense_city,2,turn_threshold,0.2,success,1.0
Modified,dense_city,3,turn_threshold,0.2,success,1.0
Modified,dense_city,4,turn_threshold,0.2,success,1.0
Modified,dense_city,5,turn_threshold,0.2,success,1.0
Modified,dense_city,6,turn_threshold,0.2,success,1.0
Modified,dense_city,7,turn_threshold,0.2,success,1.0
Modified,dense_city,8,turn_threshold,0.2,success,1.0
Modified,dense_city,9,turn_threshold,0.2,success,0.0
Modified,dense_city,10,turn_threshold,0.2,success,1.0
Modified,dense_city,11,turn_threshold,0.2,success,1.0
Modified,dense_city,12,turn_threshold,0.2,success,1.0
Modified,dense_city,13,turn_threshold,0.2,success,1.0
Modified,dense_city,14,turn_threshold,0.2,success,1.0
Modified,dense_city,15,turn_threshold,0.2,success,1.0
Modified,dense_city,16,turn_threshold,0.2,success,1.0
Modified,dense_city,17,turn_threshold,0.2,success,1.0
Modified,dense_city,18,turn_threshold,0.2,success,1.0
Modified,dense_city,19,turn_threshold,0.2,success,1.0
Modified,dense_city,20,turn_threshold,0.2,success,1.0
Modified,dense_city,21,turn_threshold,0.2,success,1.0
Modified,dense_city,22,turn_threshold,0.2,success,1.0
Modified,dense_city,23,turn_threshold,0.2,success,1.0
Modified,dense_city,24,turn_threshold,0.2,success,1.0
Modified,dense_city,25,turn_threshold,0.2,success,1.0
Modified,dense_city,26,turn_threshold,0.2,success,1.0
Modified,dense_city,27,turn_threshold,0.2,success,1.0
Modified,dense_city,28,turn_threshold,0.2,success,1.0
Modified,dense_city,29,turn_threshold,0.2,success,1.0
Modified,normal_city,0,turn_threshold,0.35,success,1.0
Modified,normal_city,1,turn_threshold,0.35,success,1.0
Modified,normal_city,2,turn_threshold,0.35,success,1.0
Modified,normal_city,3,turn_threshold,0.35,success,1.0
Modified,normal_city,4,turn_threshold,0.35,success,1.0
Modified,normal_city,5,turn_threshold,0.35,success,1.0
Modified,normal_city,6,turn_threshold,0.35,success,1.0
Modified,normal_city,7,turn_threshold,0.35,success,1.0
Modified,normal_city,8,turn_threshold,0.35,success,1.0
Modified,normal_city,9,turn_threshold,0.35,success,1.0
Modified,normal_city,10,turn_threshold,0.35,success,1.0
Modified,normal_city,11,turn_threshold,0.35,success,1.0
Modified,normal_city,12,turn_threshold,0.35,success,1.0
Modified,normal_city,13,turn_threshold,0.35,success,1.0
Modified,normal_city,14,turn_threshold,0.35,success,1.0
Modified,normal_city,15,turn_threshold,0.35,success,1.0
Modified,normal_city,16,turn_threshold,0.35,success,1.0
Modified,normal_city,17,turn_threshold,0.35,success,1.0
Modified,normal_city,18,turn_threshold,0.35,success,1.0
Modified,normal_city,19,turn_threshold,0.35,success,1.0
Modified,normal_city,20,turn_threshold,0.35,success,1.0
Modified,normal_city,21,turn_threshold,0.35,success,1.0
Modified,normal_city,22,turn_threshold,0.35,success,1.0
Modified,normal_city,23,turn_threshold,0.35,success,1.0
Modified,normal_city,24,turn_threshold,0.35,success,1.0
Modified,normal_city,25,turn_threshold,0.35,success,1.0
Modified,normal_city,26,turn_threshold,0.35,success,1.0
Modified,normal_city,27,turn_threshold,0.35,success,1.0
Modified,normal_city,28,turn_threshold,0.35,success,1.0
Modified,normal_city,29,turn_threshold,0.35,success,1.0
Modified,blocked_road,0,turn_threshold,0.35,success,1.0
Modified,blocked_road,1,turn_threshold,0.35,success,1.0
Modified,blocked_road,2,turn_threshold,0.35,success,1.0
Modified,blocked_road,3,turn_threshold,0.35,success,1.0
Modified,blocked_road,4,turn_threshold,0.35,success,1.0
Modified,blocked_road,5,turn_threshold,0.35,success,1.0
Modified,blocked_road,6,turn_threshold,0.35,success,1.0
Modified,blocked_road,7,turn_threshold,0.35,success,1.0
Modified,blocked_road,8,turn_threshold,0.35,success,1.0
Modified,blocked_road,9,turn_threshold,0.35,success,1.0
Modified,blocked_road,10,turn_threshold,0.35,success,1.0
Modified,blocked_road,11,turn_threshold,0.35,success,1.0
Modified,blocked_road,12,turn_threshold,0.35,success,1.0
Modified,blocked_road,13,turn_threshold,0.35,success,1.0
Modified,blocked_road,14,turn_threshold,0.35,success,1.0
Modified,blocked_road,15,turn_threshold,0.35,success,1.0
Modified,blocked_road,16,turn_threshold,0.35,success,1.0
Modified,blocked_road,17,turn_threshold,0.35,success,1.0
Modified,blocked_road,18,turn_threshold,0.35,success,1.0
Modified,blocked_road,19,turn_threshold,0.35,success,1.0
Modified,blocked_road,20,turn_threshold,0.35,success,1.0
Modified,blocked_road,21,turn_threshold,0.35,success,1.0
Modified,blocked_road,22,turn_threshold,0.35,success,1.0
Modified,blocked_road,23,turn_threshold,0.35,success,1.0
Modified,blocked_road,24,turn_threshold,0.35,success,1.0
Modified,blocked_road,25,turn_threshold,0.35,success,1.0
Modified,blocked_road,26,turn_threshold,0.35,success,1.0
Modified,blocked_road,27,turn_threshold,0.35,success,1.0
Modified,blocked_road,28,turn_threshold,0.35,success,1.0
Modified,blocked_road,29,turn_threshold,0.35,success,1.0
Modified,dense_city,0,turn_threshold,0.35,success,1.0
Modified,dense_city,1,turn_threshold,0.35,success,1.0
Modified,dense_city,2,turn_threshold,0.35,success,1.0
Modified,dense_city,3,turn_threshold,0.35,success,1.0
Modified,dense_city,4,turn_threshold,0.35,success,1.0
Modified,dense_city,5,turn_threshold,0.35,success,1.0
Modified,dense_city,6,turn_threshold,0.35,success,1.0
Modified,dense_city,7,turn_threshold,0.35,success,1.0
Modified,dense_city,8,turn_threshold,0.35,success,1.0
Modified,dense_city,9,turn_threshold,0.35,success,0.0
Modified,dense_city,10,turn_threshold,0.35,success,1.0
Modified,dense_city,11,turn_threshold,0.35,success,1.0
Modified,dense_city,12,turn_threshold,0.35,success,1.0
Modified,dense_city,13,turn_threshold,0.35,success,1.0
Modified,dense_city,14,turn_threshold,0.35,success,1.0
Modified,dense_city,15,turn_threshold,0.35,success,1.0
Modified,dense_city,16,turn_threshold,0.35,success,1.0
Modified,dense_city,17,turn_threshold,0.35,success,1.0
Modified,dense_city,18,turn_threshold,0.35,success,1.0
Modified,dense_city,19,turn_threshold,0.35,success,1.0
Modified,dense_city,20,turn_threshold,0.35,success,1.0
Modified,dense_city,21,turn_threshold,0.35,success,1.0
Modified,dense_city,22,turn_threshold,0.35,success,1.0
Modified,dense_city,23,turn_threshold,0.35,success,1.0
Modified,dense_city,24,turn_threshold,0.35,success,1.0
Modified,dense_city,25,turn_threshold,0.35,success,1.0
Modified,dense_city,26,turn_threshold,0.35,success,1.0
Modified,dense_city,27,turn_threshold,0.35,success,1.0
Modified,dense_city,28,turn_threshold,0.35,success,1.0
Modified,dense_city,29,turn_threshold,0.35,success,1.0
Modified,normal_city,0,turn_threshold,0.5,success,1.0
Modified,normal_city,1,turn_threshold,0.5,success,1.0
Modified,normal_city,2,turn_threshold,0.5,success,1.0
Modified,normal_city,3,turn_threshold,0.5,success,1.0
Modified,normal_city,4,turn_threshold,0.5,success,1.0
Modified,normal_city,5,turn_threshold,0.5,success,1.0
Modified,normal_city,6,turn_threshold,0.5,success,1.0
Modified,normal_city,7,turn_threshold,0.5,success,1.0
Modified,normal_city,8,turn_threshold,0.5,success,1.0
Modified,normal_city,9,turn_threshold,0.5,success,1.0
Modified,normal_city,10,turn_threshold,0.5,success,1.0
Modified,normal_city,11,turn_threshold,0.5,success,1.0
Modified,normal_city,12,turn_threshold,0.5,success,1.0
Modified,normal_city,13,turn_threshold,0.5,success,1.0
Modified,normal_city,14,turn_threshold,0.5,success,1.0
Modified,normal_city,15,turn_threshold,0.5,success,1.0
Modified,normal_city,16,turn_threshold,0.5,success,1.0
Modified,normal_city,17,turn_threshold,0.5,success,1.0
Modified,normal_city,18,turn_threshold,0.5,success,1.0
Modified,normal_city,19,turn_threshold,0.5,success,1.0
Modified,normal_city,20,turn_threshold,0.5,success,1.0
Modified,normal_city,21,turn_threshold,0.5,success,1.0
Modified,normal_city,22,turn_threshold,0.5,success,1.0
Modified,normal_city,23,turn_threshold,0.5,success,1.0
Modified,normal_city,24,turn_threshold,0.5,success,1.0
Modified,normal_city,25,turn_threshold,0.5,success,1.0
Modified,normal_city,26,turn_threshold,0.5,success,1.0
Modified,normal_city,27,turn_threshold,0.5,success,1.0
Modified,normal_city,28,turn_threshold,0.5,success,1.0
Modified,normal_city,29,turn_threshold,0.5,success,1.0
Modified,blocked_road,0,turn_threshold,0.5,success,1.0
Modified,blocked_road,1,turn_threshold,0.5,success,1.0
Modified,blocked_road,2,turn_threshold,0.5,success,1.0
Modified,blocked_road,3,turn_threshold,0.5,success,1.0
Modified,blocked_road,4,turn_threshold,0.5,success,1.0
Modified,blocked_road,5,turn_threshold,0.5,success,1.0
Modified,blocked_road,6,turn_threshold,0.5,success,1.0
Modified,blocked_road,7,turn_threshold,0.5,success,1.0
Modified,blocked_road,8,turn_threshold,0.5,success,1.0
Modified,blocked_road,9,turn_threshold,0.5,success,1.0
Modified,blocked_road,10,turn_threshold,0.5,success,1.0
Modified,blocked_road,11,turn_threshold,0.5,success,1.0
Modified,blocked_road,12,turn_threshold,0.5,success,1.0
Modified,blocked_road,13,turn_threshold,0.5,success,1.0
Modified,blocked_road,14,turn_threshold,0.5,success,1.0
Modified,blocked_road,15,turn_threshold,0.5,success,1.0
Modified,blocked_road,16,turn_threshold,0.5,success,1.0
Modified,blocked_road,17,turn_threshold,0.5,success,1.0
Modified,blocked_road,18,turn_threshold,0.5,success,1.0
Modified,blocked_road,19,turn_threshold,0.5,success,1.0
Modified,blocked_road,20,turn_threshold,0.5,success,1.0
Modified,blocked_road,21,turn_threshold,0.5,success,1.0
Modified,blocked_road,22,turn_threshold,0.5,success,1.0
Modified,blocked_road,23,turn_threshold,0.5,success,1.0
Modified,blocked_road,24,turn_threshold,0.5,success,1.0
Modified,blocked_road,25,turn_threshold,0.5,success,1.0
Modified,blocked_road,26,turn_threshold,0.5,success,1.0
Modified,blocked_road,27,turn_threshold,0.5,success,1.0
Modified,blocked_road,28,turn_threshold,0.5,success,1.0
Modified,blocked_road,29,turn_threshold,0.5,success,1.0
Modified,dense_city,0,turn_threshold,0.5,success,1.0
Modified,dense_city,1,turn_threshold,0.5,success,1.0
Modified,dense_city,2,turn_threshold,0.5,success,1.0
Modified,dense_city,3,turn_threshold,0.5,success,1.0
Modified,dense_city,4,turn_threshold,0.5,success,1.0
Modified,dense_city,5,turn_threshold,0.5,success,1.0
Modified,dense_city,6,turn_threshold,0.5,success,1.0
Modified,dense_city,7,turn_threshold,0.5,success,1.0
Modified,dense_city,8,turn_threshold,0.5,success,1.0
Modified,dense_city,9,turn_threshold,0.5,success,0.0
Modified,dense_city,10,turn_threshold,0.5,success,1.0
Modified,dense_city,11,turn_threshold,0.5,success,1.0
Modified,dense_city,12,turn_threshold,0.5,success,1.0
Modified,dense_city,13,turn_threshold,0.5,success,1.0
Modified,dense_city,14,turn_threshold,0.5,success,1.0
Modified,dense_city,15,turn_threshold,0.5,success,1.0
Modified,dense_city,16,turn_threshold,0.5,success,1.0
Modified,dense_city,17,turn_threshold,0.5,success,1.0
Modified,dense_city,18,turn_threshold,0.5,success,1.0
Modified,dense_city,19,turn_threshold,0.5,success,1.0
Modified,dense_city,20,turn_threshold,0.5,success,1.0
Modified,dense_city,21,turn_threshold,0.5,success,1.0
Modified,dense_city,22,turn_threshold,0.5,success,1.0
Modified,dense_city,23,turn_threshold,0.5,success,1.0
Modified,dense_city,24,turn_threshold,0.5,success,1.0
Modified,dense_city,25,turn_threshold,0.5,success,1.0
Modified,dense_city,26,turn_threshold,0.5,success,1.0
Modified,dense_city,27,turn_threshold,0.5,success,1.0
Modified,dense_city,28,turn_threshold,0.5,success,1.0
Modified,dense_city,29,turn_threshold,0.5,success,1.0
Modified,normal_city,0,turn_threshold,0.8,success,1.0
Modified,normal_city,1,turn_threshold,0.8,success,1.0
Modified,normal_city,2,turn_threshold,0.8,success,1.0
Modified,normal_city,3,turn_threshold,0.8,success,1.0
Modified,normal_city,4,turn_threshold,0.8,success,1.0
Modified,normal_city,5,turn_threshold,0.8,success,1.0
Modified,normal_city,6,turn_threshold,0.8,success,1.0
Modified,normal_city,7,turn_threshold,0.8,success,1.0
Modified,normal_city,8,turn_threshold,0.8,success,1.0
Modified,normal_city,9,turn_threshold,0.8,success,1.0
Modified,normal_city,10,turn_threshold,0.8,success,1.0
Modified,normal_city,11,turn_threshold,0.8,success,1.0
Modified,normal_city,12,turn_threshold,0.8,success,1.0
Modified,normal_city,13,turn_threshold,0.8,success,1.0
Modified,normal_city,14,turn_threshold,0.8,success,1.0
Modified,normal_city,15,turn_threshold,0.8,success,1.0
Modified,normal_city,16,turn_threshold,0.8,success,1.0
Modified,normal_city,17,turn_threshold,0.8,success,1.0
Modified,normal_city,18,turn_threshold,0.8,success,1.0
Modified,normal_city,19,turn_threshold,0.8,success,1.0
Modified,normal_city,20,turn_threshold,0.8,success,1.0
Modified,normal_city,21,turn_threshold,0.8,success,1.0
Modified,normal_city,22,turn_threshold,0.8,success,1.0
Modified,normal_city,23,turn_threshold,0.8,success,1.0
Modified,normal_city,24,turn_threshold,0.8,success,1.0
Modified,normal_city,25,turn_threshold,0.8,success,1.0
Modified,normal_city,26,turn_threshold,0.8,success,1.0
Modified,normal_city,27,turn_threshold,0.8,success,1.0
Modified,normal_city,28,turn_threshold,0.8,success,1.0
Modified,normal_city,29,turn_threshold,0.8,success,1.0
Modified,blocked_road,0,turn_threshold,0.8,success,1.0
Modified,blocked_road,1,turn_threshold,0.8,success,1.0
Modified,blocked_road,2,turn_threshold,0.8,success,1.0
Modified,blocked_road,3,turn_threshold,0.8,success,1.0
Modified,blocked_road,4,turn_threshold,0.8,success,1.0
Modified,blocked_road,5,turn_threshold,0.8,success,1.0
Modified,blocked_road,6,turn_threshold,0.8,success,1.0
Modified,blocked_road,7,turn_threshold,0.8,success,1.0
Modified,blocked_road,8,turn_threshold,0.8,success,1.0
Modified,blocked_road,9,turn_threshold,0.8,success,1.0
Modified,blocked_road,10,turn_threshold,0.8,success,1.0
Modified,blocked_road,11,turn_threshold,0.8,success,1.0
Modified,blocked_road,12,turn_threshold,0.8,success,1.0
Modified,blocked_road,13,turn_threshold,0.8,success,1.0
Modified,blocked_road,14,turn_threshold,0.8,success,1.0
Modified,blocked_road,15,turn_threshold,0.8,success,1.0
Modified,blocked_road,16,turn_threshold,0.8,success,1.0
Modified,blocked_road,17,turn_threshold,0.8,success,1.0
Modified,blocked_road,18,turn_threshold,0.8,success,1.0
Modified,blocked_road,19,turn_threshold,0.8,success,1.0
Modified,blocked_road,20,turn_threshold,0.8,success,1.0
Modified,blocked_road,21,turn_threshold,0.8,success,1.0
Modified,blocked_road,22,turn_threshold,0.8,success,1.0
Modified,blocked_road,23,turn_threshold,0.8,success,1.0
Modified,blocked_road,24,turn_threshold,0.8,success,1.0
Modified,blocked_road,25,turn_threshold,0.8,success,1.0
Modified,blocked_road,26,turn_threshold,0.8,success,1.0
Modified,blocked_road,27,turn_threshold,0.8,success,1.0
Modified,blocked_road,28,turn_threshold,0.8,success,1.0
Modified,blocked_road,29,turn_threshold,0.8,success,1.0
Modified,dense_city,0,turn_threshold,0.8,success,1.0
Modified,dense_city,1,turn_threshold,0.8,success,1.0
Modified,dense_city,2,turn_threshold,0.8,success,1.0
Modified,dense_city,3,turn_threshold,0.8,success,1.0
Modified,dense_city,4,turn_threshold,0.8,success,1.0
Modified,dense_city,5,turn_threshold,0.8,success,1.0
Modified,dense_city,6,turn_threshold,0.8,success,1.0
Modified,dense_city,7,turn_threshold,0.8,success,1.0
Modified,dense_city,8,turn_threshold,0.8,success,1.0
Modified,dense_city,9,turn_threshold,0.8,success,0.0
Modified,dense_city,10,turn_threshold,0.8,success,1.0
Modified,dense_city,11,turn_threshold,0.8,success,1.0
Modified,dense_city,12,turn_threshold,0.8,success,1.0
Modified,dense_city,13,turn_threshold,0.8,success,1.0
Modified,dense_city,14,turn_threshold,0.8,success,1.0
Modified,dense_city,15,turn_threshold,0.8,success,1.0
Modified,dense_city,16,turn_threshold,0.8,success,1.0
Modified,dense_city,17,turn_threshold,0.8,success,1.0
Modified,dense_city,18,turn_threshold,0.8,success,1.0
Modified,dense_city,19,turn_threshold,0.8,success,1.0
Modified,dense_city,20,turn_threshold,0.8,success,1.0
Modified,dense_city,21,turn_threshold,0.8,success,1.0
Modified,dense_city,22,turn_threshold,0.8,success,1.0
Modified,dense_city,23,turn_threshold,0.8,success,1.0
Modified,dense_city,24,turn_threshold,0.8,success,1.0
Modified,dense_city,25,turn_threshold,0.8,success,1.0
Modified,dense_city,26,turn_threshold,0.8,success,1.0
Modified,dense_city,27,turn_threshold,0.8,success,1.0
Modified,dense_city,28,turn_threshold,0.8,success,1.0
Modified,dense_city,29,turn_threshold,0.8,success,1.0
Modified,normal_city,0,turn_threshold,0.2,path_length,148.725
Modified,normal_city,1,turn_threshold,0.2,path_length,160.412
Modified,normal_city,2,turn_threshold,0.2,path_length,153.466
Modified,normal_city,3,turn_threshold,0.2,path_length,154.591
Modified,normal_city,4,turn_threshold,0.2,path_length,159.591
Modified,normal_city,5,turn_threshold,0.2,path_length,151.598
Modified,normal_city,6,turn_threshold,0.2,path_length,145.803
Modified,normal_city,7,turn_threshold,0.2,path_length,153.168
Modified,normal_city,8,turn_threshold,0.2,path_length,193.16
Modified,normal_city,9,turn_threshold,0.2,path_length,148.41
Modified,normal_city,10,turn_threshold,0.2,path_length,152.018
Modified,normal_city,11,turn_threshold,0.2,path_length,151.926
Modified,normal_city,12,turn_threshold,0.2,path_length,161.529
Modified,normal_city,13,turn_threshold,0.2,path_length,155.313
Modified,normal_city,14,turn_threshold,0.2,path_length,149.865
Modified,normal_city,15,turn_threshold,0.2,path_length,153.069
Modified,normal_city,16,turn_threshold,0.2,path_length,147.59
Modified,normal_city,17,turn_threshold,0.2,path_length,150.6
Modified,normal_city,18,turn_threshold,0.2,path_length,149.044
Modified,normal_city,19,turn_threshold,0.2,path_length,154.737
Modified,normal_city,20,turn_threshold,0.2,path_length,154.138
Modified,normal_city,21,turn_threshold,0.2,path_length,154.802
Modified,normal_city,22,turn_threshold,0.2,path_length,161.233
Modified,normal_city,23,turn_threshold,0.2,path_length,151.076
Modified,normal_city,24,turn_threshold,0.2,path_length,152.443
Modified,normal_city,25,turn_threshold,0.2,path_length,155.268
Modified,normal_city,26,turn_threshold,0.2,path_length,146.602
Modified,normal_city,27,turn_threshold,0.2,path_length,161.191
Modified,normal_city,28,turn_threshold,0.2,path_length,156.497
Modified,normal_city,29,turn_threshold,0.2,path_length,147.951
Modified,blocked_road,0,turn_threshold,0.2,path_length,200.487
Modified,blocked_road,1,turn_threshold,0.2,path_length,206.799
Modified,blocked_road,2,turn_threshold,0.2,path_length,183.559
Modified,blocked_road,3,turn_threshold,0.2,path_length,162.422
Modified,blocked_road,4,turn_threshold,0.2,path_length,299.18
Modified,blocked_road,5,turn_threshold,0.2,path_length,212.628
Modified,blocked_road,6,turn_threshold,0.2,path_length,167.245
Modified,blocked_road,7,turn_threshold,0.2,path_length,156.867
Modified,blocked_road,8,turn_threshold,0.2,path_length,172.405
Modified,blocked_road,9,turn_threshold,0.2,path_length,164.082
Modified,blocked_road,10,turn_threshold,0.2,path_length,188.366
Modified,blocked_road,11,turn_threshold,0.2,path_length,185.953
Modified,blocked_road,12,turn_threshold,0.2,path_length,205.616
Modified,blocked_road,13,turn_threshold,0.2,path_length,167.558
Modified,blocked_road,14,turn_threshold,0.2,path_length,201.798
Modified,blocked_road,15,turn_threshold,0.2,path_length,204.445
Modified,blocked_road,16,turn_threshold,0.2,path_length,200.499
Modified,blocked_road,17,turn_threshold,0.2,path_length,157.378
Modified,blocked_road,18,turn_threshold,0.2,path_length,159.009
Modified,blocked_road,19,turn_threshold,0.2,path_length,198.913
Modified,blocked_road,20,turn_threshold,0.2,path_length,197.08
Modified,blocked_road,21,turn_threshold,0.2,path_length,165.136
Modified,blocked_road,22,turn_threshold,0.2,path_length,153.567
Modified,blocked_road,23,turn_threshold,0.2,path_length,146.766
Modified,blocked_road,24,turn_threshold,0.2,path_length,158.0
Modified,blocked_road,25,turn_threshold,0.2,path_length,156.556
Modified,blocked_road,26,turn_threshold,0.2,path_length,165.68
Modified,blocked_road,27,turn_threshold,0.2,path_length,163.039
Modified,blocked_road,28,turn_threshold,0.2,path_length,163.757
Modified,blocked_road,29,turn_threshold,0.2,path_length,152.979
Modified,dense_city,0,turn_threshold,0.2,path_length,168.475
Modified,dense_city,1,turn_threshold,0.2,path_length,158.972
Modified,dense_city,2,turn_threshold,0.2,path_length,206.999
Modified,dense_city,3,turn_threshold,0.2,path_length,162.238
Modified,dense_city,4,turn_threshold,0.2,path_length,159.764
Modified,dense_city,5,turn_threshold,0.2,path_length,163.202
Modified,dense_city,6,turn_threshold,0.2,path_length,179.38
Modified,dense_city,7,turn_threshold,0.2,path_length,197.399
Modified,dense_city,8,turn_threshold,0.2,path_length,156.145
Modified,dense_city,9,turn_threshold,0.2,path_length,
Modified,dense_city,10,turn_threshold,0.2,path_length,154.2
Modified,dense_city,11,turn_threshold,0.2,path_length,158.873
Modified,dense_city,12,turn_threshold,0.2,path_length,162.453
Modified,dense_city,13,turn_threshold,0.2,path_length,157.784
Modified,dense_city,14,turn_threshold,0.2,path_length,176.809
Modified,dense_city,15,turn_threshold,0.2,path_length,256.233
Modified,dense_city,16,turn_threshold,0.2,path_length,154.747
Modified,dense_city,17,turn_threshold,0.2,path_length,184.606
Modified,dense_city,18,turn_threshold,0.2,path_length,164.685
Modified,dense_city,19,turn_threshold,0.2,path_length,159.852
Modified,dense_city,20,turn_threshold,0.2,path_length,151.249
Modified,dense_city,21,turn_threshold,0.2,path_length,155.037
Modified,dense_city,22,turn_threshold,0.2,path_length,154.397
Modified,dense_city,23,turn_threshold,0.2,path_length,157.416
Modified,dense_city,24,turn_threshold,0.2,path_length,149.609
Modified,dense_city,25,turn_threshold,0.2,path_length,152.229
Modified,dense_city,26,turn_threshold,0.2,path_length,154.37
Modified,dense_city,27,turn_threshold,0.2,path_length,152.855
Modified,dense_city,28,turn_threshold,0.2,path_length,164.357
Modified,dense_city,29,turn_threshold,0.2,path_length,165.057
Modified,normal_city,0,turn_threshold,0.35,path_length,150.442
Modified,normal_city,1,turn_threshold,0.35,path_length,159.276
Modified,normal_city,2,turn_threshold,0.35,path_length,153.253
Modified,normal_city,3,turn_threshold,0.35,path_length,157.838
Modified,normal_city,4,turn_threshold,0.35,path_length,159.383
Modified,normal_city,5,turn_threshold,0.35,path_length,151.623
Modified,normal_city,6,turn_threshold,0.35,path_length,145.826
Modified,normal_city,7,turn_threshold,0.35,path_length,152.348
Modified,normal_city,8,turn_threshold,0.35,path_length,193.765
Modified,normal_city,9,turn_threshold,0.35,path_length,148.228
Modified,normal_city,10,turn_threshold,0.35,path_length,152.05
Modified,normal_city,11,turn_threshold,0.35,path_length,151.762
Modified,normal_city,12,turn_threshold,0.35,path_length,161.553
Modified,normal_city,13,turn_threshold,0.35,path_length,154.808
Modified,normal_city,14,turn_threshold,0.35,path_length,149.26
Modified,normal_city,15,turn_threshold,0.35,path_length,150.79
Modified,normal_city,16,turn_threshold,0.35,path_length,147.59
Modified,normal_city,17,turn_threshold,0.35,path_length,150.6
Modified,normal_city,18,turn_threshold,0.35,path_length,149.044
Modified,normal_city,19,turn_threshold,0.35,path_length,154.539
Modified,normal_city,20,turn_threshold,0.35,path_length,152.431
Modified,normal_city,21,turn_threshold,0.35,path_length,154.495
Modified,normal_city,22,turn_threshold,0.35,path_length,161.174
Modified,normal_city,23,turn_threshold,0.35,path_length,151.076
Modified,normal_city,24,turn_threshold,0.35,path_length,153.04
Modified,normal_city,25,turn_threshold,0.35,path_length,155.35
Modified,normal_city,26,turn_threshold,0.35,path_length,146.316
Modified,normal_city,27,turn_threshold,0.35,path_length,160.81
Modified,normal_city,28,turn_threshold,0.35,path_length,156.828
Modified,normal_city,29,turn_threshold,0.35,path_length,148.722
Modified,blocked_road,0,turn_threshold,0.35,path_length,200.596
Modified,blocked_road,1,turn_threshold,0.35,path_length,207.092
Modified,blocked_road,2,turn_threshold,0.35,path_length,183.573
Modified,blocked_road,3,turn_threshold,0.35,path_length,162.228
Modified,blocked_road,4,turn_threshold,0.35,path_length,299.831
Modified,blocked_road,5,turn_threshold,0.35,path_length,212.464
Modified,blocked_road,6,turn_threshold,0.35,path_length,167.294
Modified,blocked_road,7,turn_threshold,0.35,path_length,160.752
Modified,blocked_road,8,turn_threshold,0.35,path_length,172.23
Modified,blocked_road,9,turn_threshold,0.35,path_length,163.909
Modified,blocked_road,10,turn_threshold,0.35,path_length,188.185
Modified,blocked_road,11,turn_threshold,0.35,path_length,185.832
Modified,blocked_road,12,turn_threshold,0.35,path_length,205.64
Modified,blocked_road,13,turn_threshold,0.35,path_length,167.364
Modified,blocked_road,14,turn_threshold,0.35,path_length,202.123
Modified,blocked_road,15,turn_threshold,0.35,path_length,205.189
Modified,blocked_road,16,turn_threshold,0.35,path_length,200.612
Modified,blocked_road,17,turn_threshold,0.35,path_length,157.145
Modified,blocked_road,18,turn_threshold,0.35,path_length,160.517
Modified,blocked_road,19,turn_threshold,0.35,path_length,198.783
Modified,blocked_road,20,turn_threshold,0.35,path_length,196.862
Modified,blocked_road,21,turn_threshold,0.35,path_length,165.136
Modified,blocked_road,22,turn_threshold,0.35,path_length,153.581
Modified,blocked_road,23,turn_threshold,0.35,path_length,146.766
Modified,blocked_road,24,turn_threshold,0.35,path_length,158.0
Modified,blocked_road,25,turn_threshold,0.35,path_length,156.388
Modified,blocked_road,26,turn_threshold,0.35,path_length,165.429
Modified,blocked_road,27,turn_threshold,0.35,path_length,163.08
Modified,blocked_road,28,turn_threshold,0.35,path_length,163.782
Modified,blocked_road,29,turn_threshold,0.35,path_length,152.785
Modified,dense_city,0,turn_threshold,0.35,path_length,168.475
Modified,dense_city,1,turn_threshold,0.35,path_length,158.972
Modified,dense_city,2,turn_threshold,0.35,path_length,206.999
Modified,dense_city,3,turn_threshold,0.35,path_length,162.238
Modified,dense_city,4,turn_threshold,0.35,path_length,159.764
Modified,dense_city,5,turn_threshold,0.35,path_length,161.497
Modified,dense_city,6,turn_threshold,0.35,path_length,179.38
Modified,dense_city,7,turn_threshold,0.35,path_length,197.399
Modified,dense_city,8,turn_threshold,0.35,path_length,156.145
Modified,dense_city,9,turn_threshold,0.35,path_length,
Modified,dense_city,10,turn_threshold,0.35,path_length,154.2
Modified,dense_city,11,turn_threshold,0.35,path_length,158.873
Modified,dense_city,12,turn_threshold,0.35,path_length,162.728
Modified,dense_city,13,turn_threshold,0.35,path_length,157.784
Modified,dense_city,14,turn_threshold,0.35,path_length,176.809
Modified,dense_city,15,turn_threshold,0.35,path_length,256.233
Modified,dense_city,16,turn_threshold,0.35,path_length,154.747
Modified,dense_city,17,turn_threshold,0.35,path_length,184.606
Modified,dense_city,18,turn_threshold,0.35,path_length,164.685
Modified,dense_city,19,turn_threshold,0.35,path_length,159.852
Modified,dense_city,20,turn_threshold,0.35,path_length,151.249
Modified,dense_city,21,turn_threshold,0.35,path_length,155.037
Modified,dense_city,22,turn_threshold,0.35,path_length,154.397
Modified,dense_city,23,turn_threshold,0.35,path_length,157.416
Modified,dense_city,24,turn_threshold,0.35,path_length,149.609
Modified,dense_city,25,turn_threshold,0.35,path_length,152.229
Modified,dense_city,26,turn_threshold,0.35,path_length,154.37
Modified,dense_city,27,turn_threshold,0.35,path_length,152.855
Modified,dense_city,28,turn_threshold,0.35,path_length,164.357
Modified,dense_city,29,turn_threshold,0.35,path_length,165.057
Modified,normal_city,0,turn_threshold,0.5,path_length,150.471
Modified,normal_city,1,turn_threshold,0.5,path_length,159.276
Modified,normal_city,2,turn_threshold,0.5,path_length,149.226
Modified,normal_city,3,turn_threshold,0.5,path_length,157.838
Modified,normal_city,4,turn_threshold,0.5,path_length,159.383
Modified,normal_city,5,turn_threshold,0.5,path_length,148.979
Modified,normal_city,6,turn_threshold,0.5,path_length,145.823
Modified,normal_city,7,turn_threshold,0.5,path_length,152.348
Modified,normal_city,8,turn_threshold,0.5,path_length,193.953
Modified,normal_city,9,turn_threshold,0.5,path_length,148.228
Modified,normal_city,10,turn_threshold,0.5,path_length,152.05
Modified,normal_city,11,turn_threshold,0.5,path_length,151.95
Modified,normal_city,12,turn_threshold,0.5,path_length,161.55
Modified,normal_city,13,turn_threshold,0.5,path_length,154.804
Modified,normal_city,14,turn_threshold,0.5,path_length,149.714
Modified,normal_city,15,turn_threshold,0.5,path_length,149.037
Modified,normal_city,16,turn_threshold,0.5,path_length,147.069
Modified,normal_city,17,turn_threshold,0.5,path_length,150.6
Modified,normal_city,18,turn_threshold,0.5,path_length,149.067
Modified,normal_city,19,turn_threshold,0.5,path_length,154.093
Modified,normal_city,20,turn_threshold,0.5,path_length,152.431
Modified,normal_city,21,turn_threshold,0.5,path_length,154.495
Modified,normal_city,22,turn_threshold,0.5,path_length,161.174
Modified,normal_city,23,turn_threshold,0.5,path_length,151.076
Modified,normal_city,24,turn_threshold,0.5,path_length,153.354
Modified,normal_city,25,turn_threshold,0.5,path_length,154.99
Modified,normal_city,26,turn_threshold,0.5,path_length,146.316
Modified,normal_city,27,turn_threshold,0.5,path_length,159.626
Modified,normal_city,28,turn_threshold,0.5,path_length,155.97
Modified,normal_city,29,turn_threshold,0.5,path_length,148.82
Modified,blocked_road,0,turn_threshold,0.5,path_length,200.781
Modified,blocked_road,1,turn_threshold,0.5,path_length,207.092
Modified,blocked_road,2,turn_threshold,0.5,path_length,180.85
Modified,blocked_road,3,turn_threshold,0.5,path_length,159.205
Modified,blocked_road,4,turn_threshold,0.5,path_length,299.831
Modified,blocked_road,5,turn_threshold,0.5,path_length,212.478
Modified,blocked_road,6,turn_threshold,0.5,path_length,167.294
Modified,blocked_road,7,turn_threshold,0.5,path_length,160.752
Modified,blocked_road,8,turn_threshold,0.5,path_length,172.418
Modified,blocked_road,9,turn_threshold,0.5,path_length,163.909
Modified,blocked_road,10,turn_threshold,0.5,path_length,188.182
Modified,blocked_road,11,turn_threshold,0.5,path_length,186.02
Modified,blocked_road,12,turn_threshold,0.5,path_length,205.637
Modified,blocked_road,13,turn_threshold,0.5,path_length,167.36
Modified,blocked_road,14,turn_threshold,0.5,path_length,202.572
Modified,blocked_road,15,turn_threshold,0.5,path_length,205.186
Modified,blocked_road,16,turn_threshold,0.5,path_length,200.976
Modified,blocked_road,17,turn_threshold,0.5,path_length,157.376
Modified,blocked_road,18,turn_threshold,0.5,path_length,160.517
Modified,blocked_road,19,turn_threshold,0.5,path_length,198.783
Modified,blocked_road,20,turn_threshold,0.5,path_length,196.862
Modified,blocked_road,21,turn_threshold,0.5,path_length,165.136
Modified,blocked_road,22,turn_threshold,0.5,path_length,154.087
Modified,blocked_road,23,turn_threshold,0.5,path_length,146.766
Modified,blocked_road,24,turn_threshold,0.5,path_length,158.0
Modified,blocked_road,25,turn_threshold,0.5,path_length,155.746
Modified,blocked_road,26,turn_threshold,0.5,path_length,165.429
Modified,blocked_road,27,turn_threshold,0.5,path_length,163.077
Modified,blocked_road,28,turn_threshold,0.5,path_length,163.779
Modified,blocked_road,29,turn_threshold,0.5,path_length,152.782
Modified,dense_city,0,turn_threshold,0.5,path_length,168.475
Modified,dense_city,1,turn_threshold,0.5,path_length,158.972
Modified,dense_city,2,turn_threshold,0.5,path_length,206.999
Modified,dense_city,3,turn_threshold,0.5,path_length,162.238
Modified,dense_city,4,turn_threshold,0.5,path_length,159.764
Modified,dense_city,5,turn_threshold,0.5,path_length,161.497
Modified,dense_city,6,turn_threshold,0.5,path_length,179.38
Modified,dense_city,7,turn_threshold,0.5,path_length,195.861
Modified,dense_city,8,turn_threshold,0.5,path_length,156.145
Modified,dense_city,9,turn_threshold,0.5,path_length,
Modified,dense_city,10,turn_threshold,0.5,path_length,154.2
Modified,dense_city,11,turn_threshold,0.5,path_length,158.873
Modified,dense_city,12,turn_threshold,0.5,path_length,162.728
Modified,dense_city,13,turn_threshold,0.5,path_length,157.784
Modified,dense_city,14,turn_threshold,0.5,path_length,176.809
Modified,dense_city,15,turn_threshold,0.5,path_length,256.233
Modified,dense_city,16,turn_threshold,0.5,path_length,154.747
Modified,dense_city,17,turn_threshold,0.5,path_length,184.606
Modified,dense_city,18,turn_threshold,0.5,path_length,164.685
Modified,dense_city,19,turn_threshold,0.5,path_length,159.852
Modified,dense_city,20,turn_threshold,0.5,path_length,151.249
Modified,dense_city,21,turn_threshold,0.5,path_length,155.037
Modified,dense_city,22,turn_threshold,0.5,path_length,154.397
Modified,dense_city,23,turn_threshold,0.5,path_length,157.416
Modified,dense_city,24,turn_threshold,0.5,path_length,149.609
Modified,dense_city,25,turn_threshold,0.5,path_length,152.229
Modified,dense_city,26,turn_threshold,0.5,path_length,154.37
Modified,dense_city,27,turn_threshold,0.5,path_length,152.855
Modified,dense_city,28,turn_threshold,0.5,path_length,164.357
Modified,dense_city,29,turn_threshold,0.5,path_length,165.057
Modified,normal_city,0,turn_threshold,0.8,path_length,148.569
Modified,normal_city,1,turn_threshold,0.8,path_length,158.37
Modified,normal_city,2,turn_threshold,0.8,path_length,149.657
Modified,normal_city,3,turn_threshold,0.8,path_length,158.031
Modified,normal_city,4,turn_threshold,0.8,path_length,155.875
Modified,normal_city,5,turn_threshold,0.8,path_length,149.216
Modified,normal_city,6,turn_threshold,0.8,path_length,146.191
Modified,normal_city,7,turn_threshold,0.8,path_length,152.602
Modified,normal_city,8,turn_threshold,0.8,path_length,194.147
Modified,normal_city,9,turn_threshold,0.8,path_length,148.604
Modified,normal_city,10,turn_threshold,0.8,path_length,147.334
Modified,normal_city,11,turn_threshold,0.8,path_length,151.924
Modified,normal_city,12,turn_threshold,0.8,path_length,161.925
Modified,normal_city,13,turn_threshold,0.8,path_length,155.233
Modified,normal_city,14,turn_threshold,0.8,path_length,150.139
Modified,normal_city,15,turn_threshold,0.8,path_length,149.485
Modified,normal_city,16,turn_threshold,0.8,path_length,148.191
Modified,normal_city,17,turn_threshold,0.8,path_length,150.6
Modified,normal_city,18,turn_threshold,0.8,path_length,147.488
Modified,normal_city,19,turn_threshold,0.8,path_length,154.468
Modified,normal_city,20,turn_threshold,0.8,path_length,146.959
Modified,normal_city,21,turn_threshold,0.8,path_length,154.938
Modified,normal_city,22,turn_threshold,0.8,path_length,161.575
Modified,normal_city,23,turn_threshold,0.8,path_length,151.467
Modified,normal_city,24,turn_threshold,0.8,path_length,153.802
Modified,normal_city,25,turn_threshold,0.8,path_length,149.16
Modified,normal_city,26,turn_threshold,0.8,path_length,146.815
Modified,normal_city,27,turn_threshold,0.8,path_length,157.001
Modified,normal_city,28,turn_threshold,0.8,path_length,156.401
Modified,normal_city,29,turn_threshold,0.8,path_length,149.316
Modified,blocked_road,0,turn_threshold,0.8,path_length,201.15
Modified,blocked_road,1,turn_threshold,0.8,path_length,208.935
Modified,blocked_road,2,turn_threshold,0.8,path_length,181.044
Modified,blocked_road,3,turn_threshold,0.8,path_length,162.616
Modified,blocked_road,4,turn_threshold,0.8,path_length,300.232
Modified,blocked_road,5,turn_threshold,0.8,path_length,212.672
Modified,blocked_road,6,turn_threshold,0.8,path_length,167.488
Modified,blocked_road,7,turn_threshold,0.8,path_length,158.968
Modified,blocked_road,8,turn_threshold,0.8,path_length,172.611
Modified,blocked_road,9,turn_threshold,0.8,path_length,164.428
Modified,blocked_road,10,turn_threshold,0.8,path_length,188.573
Modified,blocked_road,11,turn_threshold,0.8,path_length,186.213
Modified,blocked_road,12,turn_threshold,0.8,path_length,206.012
Modified,blocked_road,13,turn_threshold,0.8,path_length,167.751
Modified,blocked_road,14,turn_threshold,0.8,path_length,202.948
Modified,blocked_road,15,turn_threshold,0.8,path_length,203.334
Modified,blocked_road,16,turn_threshold,0.8,path_length,201.665
Modified,blocked_road,17,turn_threshold,0.8,path_length,157.57
Modified,blocked_road,18,turn_threshold,0.8,path_length,160.841
Modified,blocked_road,19,turn_threshold,0.8,path_length,199.675
Modified,blocked_road,20,turn_threshold,0.8,path_length,197.262
Modified,blocked_road,21,turn_threshold,0.8,path_length,165.913
Modified,blocked_road,22,turn_threshold,0.8,path_length,153.824
Modified,blocked_road,23,turn_threshold,0.8,path_length,147.157
Modified,blocked_road,24,turn_threshold,0.8,path_length,158.193
Modified,blocked_road,25,turn_threshold,0.8,path_length,156.283
Modified,blocked_road,26,turn_threshold,0.8,path_length,166.385
Modified,blocked_road,27,turn_threshold,0.8,path_length,163.87
Modified,blocked_road,28,turn_threshold,0.8,path_length,164.161
Modified,blocked_road,29,turn_threshold,0.8,path_length,153.173
Modified,dense_city,0,turn_threshold,0.8,path_length,168.632
Modified,dense_city,1,turn_threshold,0.8,path_length,159.129
Modified,dense_city,2,turn_threshold,0.8,path_length,207.156
Modified,dense_city,3,turn_threshold,0.8,path_length,162.37
Modified,dense_city,4,turn_threshold,0.8,path_length,159.922
Modified,dense_city,5,turn_threshold,0.8,path_length,161.655
Modified,dense_city,6,turn_threshold,0.8,path_length,179.538
Modified,dense_city,7,turn_threshold,0.8,path_length,198.051
Modified,dense_city,8,turn_threshold,0.8,path_length,156.302
Modified,dense_city,9,turn_threshold,0.8,path_length,
Modified,dense_city,10,turn_threshold,0.8,path_length,154.358
Modified,dense_city,11,turn_threshold,0.8,path_length,159.03
Modified,dense_city,12,turn_threshold,0.8,path_length,162.886
Modified,dense_city,13,turn_threshold,0.8,path_length,157.784
Modified,dense_city,14,turn_threshold,0.8,path_length,176.966
Modified,dense_city,15,turn_threshold,0.8,path_length,256.391
Modified,dense_city,16,turn_threshold,0.8,path_length,154.905
Modified,dense_city,17,turn_threshold,0.8,path_length,184.763
Modified,dense_city,18,turn_threshold,0.8,path_length,164.843
Modified,dense_city,19,turn_threshold,0.8,path_length,160.01
Modified,dense_city,20,turn_threshold,0.8,path_length,151.406
Modified,dense_city,21,turn_threshold,0.8,path_length,155.194
Modified,dense_city,22,turn_threshold,0.8,path_length,154.554
Modified,dense_city,23,turn_threshold,0.8,path_length,157.416
Modified,dense_city,24,turn_threshold,0.8,path_length,149.767
Modified,dense_city,25,turn_threshold,0.8,path_length,152.386
Modified,dense_city,26,turn_threshold,0.8,path_length,154.528
Modified,dense_city,27,turn_threshold,0.8,path_length,153.013
Modified,dense_city,28,turn_threshold,0.8,path_length,164.515
Modified,dense_city,29,turn_threshold,0.8,path_length,165.215
Modified,normal_city,0,turn_threshold,0.2,length_ratio,1.0475
Modified,normal_city,1,turn_threshold,0.2,length_ratio,1.1392
Modified,normal_city,2,turn_threshold,0.2,length_ratio,1.0899
Modified,normal_city,3,turn_threshold,0.2,length_ratio,1.0755
Modified,normal_city,4,turn_threshold,0.2,length_ratio,1.1194
Modified,normal_city,5,turn_threshold,0.2,length_ratio,1.0766
Modified,normal_city,6,turn_threshold,0.2,length_ratio,1.0355
Modified,normal_city,7,turn_threshold,0.2,length_ratio,1.0878
Modified,normal_city,8,turn_threshold,0.2,length_ratio,1.3549
Modified,normal_city,9,turn_threshold,0.2,length_ratio,1.0453
Modified,normal_city,10,turn_threshold,0.2,length_ratio,1.0619
Modified,normal_city,11,turn_threshold,0.2,length_ratio,1.07
Modified,normal_city,12,turn_threshold,0.2,length_ratio,1.1471
Modified,normal_city,13,turn_threshold,0.2,length_ratio,1.0849
Modified,normal_city,14,turn_threshold,0.2,length_ratio,1.0555
Modified,normal_city,15,turn_threshold,0.2,length_ratio,1.0737
Modified,normal_city,16,turn_threshold,0.2,length_ratio,1.0438
Modified,normal_city,17,turn_threshold,0.2,length_ratio,1.0607
Modified,normal_city,18,turn_threshold,0.2,length_ratio,1.0673
Modified,normal_city,19,turn_threshold,0.2,length_ratio,1.0765
Modified,normal_city,20,turn_threshold,0.2,length_ratio,1.0811
Modified,normal_city,21,turn_threshold,0.2,length_ratio,1.0858
Modified,normal_city,22,turn_threshold,0.2,length_ratio,1.1309
Modified,normal_city,23,turn_threshold,0.2,length_ratio,1.0729
Modified,normal_city,24,turn_threshold,0.2,length_ratio,1.0693
Modified,normal_city,25,turn_threshold,0.2,length_ratio,1.0891
Modified,normal_city,26,turn_threshold,0.2,length_ratio,1.0325
Modified,normal_city,27,turn_threshold,0.2,length_ratio,1.126
Modified,normal_city,28,turn_threshold,0.2,length_ratio,1.1114
Modified,normal_city,29,turn_threshold,0.2,length_ratio,1.0378
Modified,blocked_road,0,turn_threshold,0.2,length_ratio,1.3454
Modified,blocked_road,1,turn_threshold,0.2,length_ratio,1.3988
Modified,blocked_road,2,turn_threshold,0.2,length_ratio,1.2416
Modified,blocked_road,3,turn_threshold,0.2,length_ratio,1.0773
Modified,blocked_road,4,turn_threshold,0.2,length_ratio,2.0237
Modified,blocked_road,5,turn_threshold,0.2,length_ratio,1.4382
Modified,blocked_road,6,turn_threshold,0.2,length_ratio,1.1312
Modified,blocked_road,7,turn_threshold,0.2,length_ratio,1.0611
Modified,blocked_road,8,turn_threshold,0.2,length_ratio,1.157
Modified,blocked_road,9,turn_threshold,0.2,length_ratio,1.1099
Modified,blocked_road,10,turn_threshold,0.2,length_ratio,1.2542
Modified,blocked_road,11,turn_threshold,0.2,length_ratio,1.243
Modified,blocked_road,12,turn_threshold,0.2,length_ratio,1.3853
Modified,blocked_road,13,turn_threshold,0.2,length_ratio,1.1334
Modified,blocked_road,14,turn_threshold,0.2,length_ratio,1.318
Modified,blocked_road,15,turn_threshold,0.2,length_ratio,1.3302
Modified,blocked_road,16,turn_threshold,0.2,length_ratio,1.335
Modified,blocked_road,17,turn_threshold,0.2,length_ratio,1.0561
Modified,blocked_road,18,turn_threshold,0.2,length_ratio,1.0841
Modified,blocked_road,19,turn_threshold,0.2,length_ratio,1.3193
Modified,blocked_road,20,turn_threshold,0.2,length_ratio,1.3123
Modified,blocked_road,21,turn_threshold,0.2,length_ratio,1.1039
Modified,blocked_road,22,turn_threshold,0.2,length_ratio,1.0387
Modified,blocked_road,23,turn_threshold,0.2,length_ratio,0.9927
Modified,blocked_road,24,turn_threshold,0.2,length_ratio,1.0603
Modified,blocked_road,25,turn_threshold,0.2,length_ratio,1.0465
Modified,blocked_road,26,turn_threshold,0.2,length_ratio,1.1032
Modified,blocked_road,27,turn_threshold,0.2,length_ratio,1.0984
Modified,blocked_road,28,turn_threshold,0.2,length_ratio,1.1077
Modified,blocked_road,29,turn_threshold,0.2,length_ratio,1.0226
Modified,dense_city,0,turn_threshold,0.2,length_ratio,1.1218
Modified,dense_city,1,turn_threshold,0.2,length_ratio,1.0585
Modified,dense_city,2,turn_threshold,0.2,length_ratio,1.3783
Modified,dense_city,3,turn_threshold,0.2,length_ratio,1.0931
Modified,dense_city,4,turn_threshold,0.2,length_ratio,1.0638
Modified,dense_city,5,turn_threshold,0.2,length_ratio,1.1065
Modified,dense_city,6,turn_threshold,0.2,length_ratio,1.1944
Modified,dense_city,7,turn_threshold,0.2,length_ratio,1.3057
Modified,dense_city,8,turn_threshold,0.2,length_ratio,1.0646
Modified,dense_city,9,turn_threshold,0.2,length_ratio,
Modified,dense_city,10,turn_threshold,0.2,length_ratio,1.0598
Modified,dense_city,11,turn_threshold,0.2,length_ratio,1.0919
Modified,dense_city,12,turn_threshold,0.2,length_ratio,1.1165
Modified,dense_city,13,turn_threshold,0.2,length_ratio,1.0385
Modified,dense_city,14,turn_threshold,0.2,length_ratio,1.2152
Modified,dense_city,15,turn_threshold,0.2,length_ratio,1.6545
Modified,dense_city,16,turn_threshold,0.2,length_ratio,1.0636
Modified,dense_city,17,turn_threshold,0.2,length_ratio,1.2487
Modified,dense_city,18,turn_threshold,0.2,length_ratio,1.0966
Modified,dense_city,19,turn_threshold,0.2,length_ratio,1.0644
Modified,dense_city,20,turn_threshold,0.2,length_ratio,1.0395
Modified,dense_city,21,turn_threshold,0.2,length_ratio,1.0528
Modified,dense_city,22,turn_threshold,0.2,length_ratio,1.0201
Modified,dense_city,23,turn_threshold,0.2,length_ratio,1.0648
Modified,dense_city,24,turn_threshold,0.2,length_ratio,1.016
Modified,dense_city,25,turn_threshold,0.2,length_ratio,1.0345
Modified,dense_city,26,turn_threshold,0.2,length_ratio,1.0279
Modified,dense_city,27,turn_threshold,0.2,length_ratio,1.0022
Modified,dense_city,28,turn_threshold,0.2,length_ratio,1.0944
Modified,dense_city,29,turn_threshold,0.2,length_ratio,1.1209
Modified,normal_city,0,turn_threshold,0.35,length_ratio,1.0596
Modified,normal_city,1,turn_threshold,0.35,length_ratio,1.1311
Modified,normal_city,2,turn_threshold,0.35,length_ratio,1.0884
Modified,normal_city,3,turn_threshold,0.35,length_ratio,1.0981
Modified,normal_city,4,turn_threshold,0.35,length_ratio,1.1179
Modified,normal_city,5,turn_threshold,0.35,length_ratio,1.0768
Modified,normal_city,6,turn_threshold,0.35,length_ratio,1.0356
Modified,normal_city,7,turn_threshold,0.35,length_ratio,1.0819
Modified,normal_city,8,turn_threshold,0.35,length_ratio,1.3591
Modified,normal_city,9,turn_threshold,0.35,length_ratio,1.044
Modified,normal_city,10,turn_threshold,0.35,length_ratio,1.0621
Modified,normal_city,11,turn_threshold,0.35,length_ratio,1.0689
Modified,normal_city,12,turn_threshold,0.35,length_ratio,1.1473
Modified,normal_city,13,turn_threshold,0.35,length_ratio,1.0814
Modified,normal_city,14,turn_threshold,0.35,length_ratio,1.0513
Modified,normal_city,15,turn_threshold,0.35,length_ratio,1.0577
Modified,normal_city,16,turn_threshold,0.35,length_ratio,1.0438
Modified,normal_city,17,turn_threshold,0.35,length_ratio,1.0607
Modified,normal_city,18,turn_threshold,0.35,length_ratio,1.0673
Modified,normal_city,19,turn_threshold,0.35,length_ratio,1.0751
Modified,normal_city,20,turn_threshold,0.35,length_ratio,1.0692
Modified,normal_city,21,turn_threshold,0.35,length_ratio,1.0837
Modified,normal_city,22,turn_threshold,0.35,length_ratio,1.1305
Modified,normal_city,23,turn_threshold,0.35,length_ratio,1.0729
Modified,normal_city,24,turn_threshold,0.35,length_ratio,1.0734
Modified,normal_city,25,turn_threshold,0.35,length_ratio,1.0897
Modified,normal_city,26,turn_threshold,0.35,length_ratio,1.0305
Modified,normal_city,27,turn_threshold,0.35,length_ratio,1.1233
Modified,normal_city,28,turn_threshold,0.35,length_ratio,1.1137
Modified,normal_city,29,turn_threshold,0.35,length_ratio,1.0432
Modified,blocked_road,0,turn_threshold,0.35,length_ratio,1.3462
Modified,blocked_road,1,turn_threshold,0.35,length_ratio,1.4008
Modified,blocked_road,2,turn_threshold,0.35,length_ratio,1.2417
Modified,blocked_road,3,turn_threshold,0.35,length_ratio,1.076
Modified,blocked_road,4,turn_threshold,0.35,length_ratio,2.0281
Modified,blocked_road,5,turn_threshold,0.35,length_ratio,1.4371
Modified,blocked_road,6,turn_threshold,0.35,length_ratio,1.1316
Modified,blocked_road,7,turn_threshold,0.35,length_ratio,1.0873
Modified,blocked_road,8,turn_threshold,0.35,length_ratio,1.1558
Modified,blocked_road,9,turn_threshold,0.35,length_ratio,1.1087
Modified,blocked_road,10,turn_threshold,0.35,length_ratio,1.253
Modified,blocked_road,11,turn_threshold,0.35,length_ratio,1.2422
Modified,blocked_road,12,turn_threshold,0.35,length_ratio,1.3855
Modified,blocked_road,13,turn_threshold,0.35,length_ratio,1.1321
Modified,blocked_road,14,turn_threshold,0.35,length_ratio,1.3201
Modified,blocked_road,15,turn_threshold,0.35,length_ratio,1.335
Modified,blocked_road,16,turn_threshold,0.35,length_ratio,1.3358
Modified,blocked_road,17,turn_threshold,0.35,length_ratio,1.0546
Modified,blocked_road,18,turn_threshold,0.35,length_ratio,1.0944
Modified,blocked_road,19,turn_threshold,0.35,length_ratio,1.3185
Modified,blocked_road,20,turn_threshold,0.35,length_ratio,1.3108
Modified,blocked_road,21,turn_threshold,0.35,length_ratio,1.1039
Modified,blocked_road,22,turn_threshold,0.35,length_ratio,1.0388
Modified,blocked_road,23,turn_threshold,0.35,length_ratio,0.9927
Modified,blocked_road,24,turn_threshold,0.35,length_ratio,1.0603
Modified,blocked_road,25,turn_threshold,0.35,length_ratio,1.0454
Modified,blocked_road,26,turn_threshold,0.35,length_ratio,1.1015
Modified,blocked_road,27,turn_threshold,0.35,length_ratio,1.0987
Modified,blocked_road,28,turn_threshold,0.35,length_ratio,1.1078
Modified,blocked_road,29,turn_threshold,0.35,length_ratio,1.0213
Modified,dense_city,0,turn_threshold,0.35,length_ratio,1.1218
Modified,dense_city,1,turn_threshold,0.35,length_ratio,1.0585
Modified,dense_city,2,turn_threshold,0.35,length_ratio,1.3783
Modified,dense_city,3,turn_threshold,0.35,length_ratio,1.0931
Modified,dense_city,4,turn_threshold,0.35,length_ratio,1.0638
Modified,dense_city,5,turn_threshold,0.35,length_ratio,1.0949
Modified,dense_city,6,turn_threshold,0.35,length_ratio,1.1944
Modified,dense_city,7,turn_threshold,0.35,length_ratio,1.3057
Modified,dense_city,8,turn_threshold,0.35,length_ratio,1.0646
Modified,dense_city,9,turn_threshold,0.35,length_ratio,
Modified,dense_city,10,turn_threshold,0.35,length_ratio,1.0598
Modified,dense_city,11,turn_threshold,0.35,length_ratio,1.0919
Modified,dense_city,12,turn_threshold,0.35,length_ratio,1.1184
Modified,dense_city,13,turn_threshold,0.35,length_ratio,1.0385
Modified,dense_city,14,turn_threshold,0.35,length_ratio,1.2152
Modified,dense_city,15,turn_threshold,0.35,length_ratio,1.6545
Modified,dense_city,16,turn_threshold,0.35,length_ratio,1.0636
Modified,dense_city,17,turn_threshold,0.35,length_ratio,1.2487
Modified,dense_city,18,turn_threshold,0.35,length_ratio,1.0966
Modified,dense_city,19,turn_threshold,0.35,length_ratio,1.0644
Modified,dense_city,20,turn_threshold,0.35,length_ratio,1.0395
Modified,dense_city,21,turn_threshold,0.35,length_ratio,1.0528
Modified,dense_city,22,turn_threshold,0.35,length_ratio,1.0201
Modified,dense_city,23,turn_threshold,0.35,length_ratio,1.0648
Modified,dense_city,24,turn_threshold,0.35,length_ratio,1.016
Modified,dense_city,25,turn_threshold,0.35,length_ratio,1.0345
Modified,dense_city,26,turn_threshold,0.35,length_ratio,1.0279
Modified,dense_city,27,turn_threshold,0.35,length_ratio,1.0022
Modified,dense_city,28,turn_threshold,0.35,length_ratio,1.0944
Modified,dense_city,29,turn_threshold,0.35,length_ratio,1.1209
Modified,normal_city,0,turn_threshold,0.5,length_ratio,1.0598
Modified,normal_city,1,turn_threshold,0.5,length_ratio,1.1311
Modified,normal_city,2,turn_threshold,0.5,length_ratio,1.0598
Modified,normal_city,3,turn_threshold,0.5,length_ratio,1.0981
Modified,normal_city,4,turn_threshold,0.5,length_ratio,1.1179
Modified,normal_city,5,turn_threshold,0.5,length_ratio,1.058
Modified,normal_city,6,turn_threshold,0.5,length_ratio,1.0356
Modified,normal_city,7,turn_threshold,0.5,length_ratio,1.0819
Modified,normal_city,8,turn_threshold,0.5,length_ratio,1.3604
Modified,normal_city,9,turn_threshold,0.5,length_ratio,1.044
Modified,normal_city,10,turn_threshold,0.5,length_ratio,1.0621
Modified,normal_city,11,turn_threshold,0.5,length_ratio,1.0702
Modified,normal_city,12,turn_threshold,0.5,length_ratio,1.1473
Modified,normal_city,13,turn_threshold,0.5,length_ratio,1.0814
Modified,normal_city,14,turn_threshold,0.5,length_ratio,1.0545
Modified,normal_city,15,turn_threshold,0.5,length_ratio,1.0454
Modified,normal_city,16,turn_threshold,0.5,length_ratio,1.0401
Modified,normal_city,17,turn_threshold,0.5,length_ratio,1.0607
Modified,normal_city,18,turn_threshold,0.5,length_ratio,1.0675
Modified,normal_city,19,turn_threshold,0.5,length_ratio,1.072
Modified,normal_city,20,turn_threshold,0.5,length_ratio,1.0692
Modified,normal_city,21,turn_threshold,0.5,length_ratio,1.0837
Modified,normal_city,22,turn_threshold,0.5,length_ratio,1.1305
Modified,normal_city,23,turn_threshold,0.5,length_ratio,1.0729
Modified,normal_city,24,turn_threshold,0.5,length_ratio,1.0757
Modified,normal_city,25,turn_threshold,0.5,length_ratio,1.0871
Modified,normal_city,26,turn_threshold,0.5,length_ratio,1.0305
Modified,normal_city,27,turn_threshold,0.5,length_ratio,1.1151
Modified,normal_city,28,turn_threshold,0.5,length_ratio,1.1077
Modified,normal_city,29,turn_threshold,0.5,length_ratio,1.0438
Modified,blocked_road,0,turn_threshold,0.5,length_ratio,1.3474
Modified,blocked_road,1,turn_threshold,0.5,length_ratio,1.4008
Modified,blocked_road,2,turn_threshold,0.5,length_ratio,1.2233
Modified,blocked_road,3,turn_threshold,0.5,length_ratio,1.0559
Modified,blocked_road,4,turn_threshold,0.5,length_ratio,2.0281
Modified,blocked_road,5,turn_threshold,0.5,length_ratio,1.4372
Modified,blocked_road,6,turn_threshold,0.5,length_ratio,1.1316
Modified,blocked_road,7,turn_threshold,0.5,length_ratio,1.0873
Modified,blocked_road,8,turn_threshold,0.5,length_ratio,1.1571
Modified,blocked_road,9,turn_threshold,0.5,length_ratio,1.1087
Modified,blocked_road,10,turn_threshold,0.5,length_ratio,1.253
Modified,blocked_road,11,turn_threshold,0.5,length_ratio,1.2435
Modified,blocked_road,12,turn_threshold,0.5,length_ratio,1.3854
Modified,blocked_road,13,turn_threshold,0.5,length_ratio,1.132
Modified,blocked_road,14,turn_threshold,0.5,length_ratio,1.323
Modified,blocked_road,15,turn_threshold,0.5,length_ratio,1.335
Modified,blocked_road,16,turn_threshold,0.5,length_ratio,1.3382
Modified,blocked_road,17,turn_threshold,0.5,length_ratio,1.0561
Modified,blocked_road,18,turn_threshold,0.5,length_ratio,1.0944
Modified,blocked_road,19,turn_threshold,0.5,length_ratio,1.3185
Modified,blocked_road,20,turn_threshold,0.5,length_ratio,1.3108
Modified,blocked_road,21,turn_threshold,0.5,length_ratio,1.1039
Modified,blocked_road,22,turn_threshold,0.5,length_ratio,1.0422
Modified,blocked_road,23,turn_threshold,0.5,length_ratio,0.9927
Modified,blocked_road,24,turn_threshold,0.5,length_ratio,1.0603
Modified,blocked_road,25,turn_threshold,0.5,length_ratio,1.0411
Modified,blocked_road,26,turn_threshold,0.5,length_ratio,1.1015
Modified,blocked_road,27,turn_threshold,0.5,length_ratio,1.0987
Modified,blocked_road,28,turn_threshold,0.5,length_ratio,1.1078
Modified,blocked_road,29,turn_threshold,0.5,length_ratio,1.0213
Modified,dense_city,0,turn_threshold,0.5,length_ratio,1.1218
Modified,dense_city,1,turn_threshold,0.5,length_ratio,1.0585
Modified,dense_city,2,turn_threshold,0.5,length_ratio,1.3783
Modified,dense_city,3,turn_threshold,0.5,length_ratio,1.0931
Modified,dense_city,4,turn_threshold,0.5,length_ratio,1.0638
Modified,dense_city,5,turn_threshold,0.5,length_ratio,1.0949
Modified,dense_city,6,turn_threshold,0.5,length_ratio,1.1944
Modified,dense_city,7,turn_threshold,0.5,length_ratio,1.2955
Modified,dense_city,8,turn_threshold,0.5,length_ratio,1.0646
Modified,dense_city,9,turn_threshold,0.5,length_ratio,
Modified,dense_city,10,turn_threshold,0.5,length_ratio,1.0598
Modified,dense_city,11,turn_threshold,0.5,length_ratio,1.0919
Modified,dense_city,12,turn_threshold,0.5,length_ratio,1.1184
Modified,dense_city,13,turn_threshold,0.5,length_ratio,1.0385
Modified,dense_city,14,turn_threshold,0.5,length_ratio,1.2152
Modified,dense_city,15,turn_threshold,0.5,length_ratio,1.6545
Modified,dense_city,16,turn_threshold,0.5,length_ratio,1.0636
Modified,dense_city,17,turn_threshold,0.5,length_ratio,1.2487
Modified,dense_city,18,turn_threshold,0.5,length_ratio,1.0966
Modified,dense_city,19,turn_threshold,0.5,length_ratio,1.0644
Modified,dense_city,20,turn_threshold,0.5,length_ratio,1.0395
Modified,dense_city,21,turn_threshold,0.5,length_ratio,1.0528
Modified,dense_city,22,turn_threshold,0.5,length_ratio,1.0201
Modified,dense_city,23,turn_threshold,0.5,length_ratio,1.0648
Modified,dense_city,24,turn_threshold,0.5,length_ratio,1.016
Modified,dense_city,25,turn_threshold,0.5,length_ratio,1.0345
Modified,dense_city,26,turn_threshold,0.5,length_ratio,1.0279
Modified,dense_city,27,turn_threshold,0.5,length_ratio,1.0022
Modified,dense_city,28,turn_threshold,0.5,length_ratio,1.0944
Modified,dense_city,29,turn_threshold,0.5,length_ratio,1.1209
Modified,normal_city,0,turn_threshold,0.8,length_ratio,1.0464
Modified,normal_city,1,turn_threshold,0.8,length_ratio,1.1247
Modified,normal_city,2,turn_threshold,0.8,length_ratio,1.0628
Modified,normal_city,3,turn_threshold,0.8,length_ratio,1.0994
Modified,normal_city,4,turn_threshold,0.8,length_ratio,1.0933
Modified,normal_city,5,turn_threshold,0.8,length_ratio,1.0597
Modified,normal_city,6,turn_threshold,0.8,length_ratio,1.0382
Modified,normal_city,7,turn_threshold,0.8,length_ratio,1.0837
Modified,normal_city,8,turn_threshold,0.8,length_ratio,1.3618
Modified,normal_city,9,turn_threshold,0.8,length_ratio,1.0466
Modified,normal_city,10,turn_threshold,0.8,length_ratio,1.0292
Modified,normal_city,11,turn_threshold,0.8,length_ratio,1.07
Modified,normal_city,12,turn_threshold,0.8,length_ratio,1.1499
Modified,normal_city,13,turn_threshold,0.8,length_ratio,1.0844
Modified,normal_city,14,turn_threshold,0.8,length_ratio,1.0574
Modified,normal_city,15,turn_threshold,0.8,length_ratio,1.0485
Modified,normal_city,16,turn_threshold,0.8,length_ratio,1.0481
Modified,normal_city,17,turn_threshold,0.8,length_ratio,1.0607
Modified,normal_city,18,turn_threshold,0.8,length_ratio,1.0562
Modified,normal_city,19,turn_threshold,0.8,length_ratio,1.0746
Modified,normal_city,20,turn_threshold,0.8,length_ratio,1.0308
Modified,normal_city,21,turn_threshold,0.8,length_ratio,1.0868
Modified,normal_city,22,turn_threshold,0.8,length_ratio,1.1333
Modified,normal_city,23,turn_threshold,0.8,length_ratio,1.0757
Modified,normal_city,24,turn_threshold,0.8,length_ratio,1.0788
Modified,normal_city,25,turn_threshold,0.8,length_ratio,1.0462
Modified,normal_city,26,turn_threshold,0.8,length_ratio,1.034
Modified,normal_city,27,turn_threshold,0.8,length_ratio,1.0967
Modified,normal_city,28,turn_threshold,0.8,length_ratio,1.1107
Modified,normal_city,29,turn_threshold,0.8,length_ratio,1.0473
Modified,blocked_road,0,turn_threshold,0.8,length_ratio,1.3499
Modified,blocked_road,1,turn_threshold,0.8,length_ratio,1.4132
Modified,blocked_road,2,turn_threshold,0.8,length_ratio,1.2246
Modified,blocked_road,3,turn_threshold,0.8,length_ratio,1.0786
Modified,blocked_road,4,turn_threshold,0.8,length_ratio,2.0308
Modified,blocked_road,5,turn_threshold,0.8,length_ratio,1.4385
Modified,blocked_road,6,turn_threshold,0.8,length_ratio,1.1329
Modified,blocked_road,7,turn_threshold,0.8,length_ratio,1.0753
Modified,blocked_road,8,turn_threshold,0.8,length_ratio,1.1584
Modified,blocked_road,9,turn_threshold,0.8,length_ratio,1.1122
Modified,blocked_road,10,turn_threshold,0.8,length_ratio,1.2556
Modified,blocked_road,11,turn_threshold,0.8,length_ratio,1.2448
Modified,blocked_road,12,turn_threshold,0.8,length_ratio,1.388
Modified,blocked_road,13,turn_threshold,0.8,length_ratio,1.1347
Modified,blocked_road,14,turn_threshold,0.8,length_ratio,1.3255
Modified,blocked_road,15,turn_threshold,0.8,length_ratio,1.3229
Modified,blocked_road,16,turn_threshold,0.8,length_ratio,1.3428
Modified,blocked_road,17,turn_threshold,0.8,length_ratio,1.0574
Modified,blocked_road,18,turn_threshold,0.8,length_ratio,1.0966
Modified,blocked_road,19,turn_threshold,0.8,length_ratio,1.3244
Modified,blocked_road,20,turn_threshold,0.8,length_ratio,1.3135
Modified,blocked_road,21,turn_threshold,0.8,length_ratio,1.1091
Modified,blocked_road,22,turn_threshold,0.8,length_ratio,1.0405
Modified,blocked_road,23,turn_threshold,0.8,length_ratio,0.9954
Modified,blocked_road,24,turn_threshold,0.8,length_ratio,1.0616
Modified,blocked_road,25,turn_threshold,0.8,length_ratio,1.0447
Modified,blocked_road,26,turn_threshold,0.8,length_ratio,1.1079
Modified,blocked_road,27,turn_threshold,0.8,length_ratio,1.1041
Modified,blocked_road,28,turn_threshold,0.8,length_ratio,1.1104
Modified,blocked_road,29,turn_threshold,0.8,length_ratio,1.0239
Modified,dense_city,0,turn_threshold,0.8,length_ratio,1.1228
Modified,dense_city,1,turn_threshold,0.8,length_ratio,1.0596
Modified,dense_city,2,turn_threshold,0.8,length_ratio,1.3794
Modified,dense_city,3,turn_threshold,0.8,length_ratio,1.0939
Modified,dense_city,4,turn_threshold,0.8,length_ratio,1.0648
Modified,dense_city,5,turn_threshold,0.8,length_ratio,1.096
Modified,dense_city,6,turn_threshold,0.8,length_ratio,1.1955
Modified,dense_city,7,turn_threshold,0.8,length_ratio,1.31
Modified,dense_city,8,turn_threshold,0.8,length_ratio,1.0657
Modified,dense_city,9,turn_threshold,0.8,length_ratio,
Modified,dense_city,10,turn_threshold,0.8,length_ratio,1.0609
Modified,dense_city,11,turn_threshold,0.8,length_ratio,1.093
Modified,dense_city,12,turn_threshold,0.8,length_ratio,1.1195
Modified,dense_city,13,turn_threshold,0.8,length_ratio,1.0385
Modified,dense_city,14,turn_threshold,0.8,length_ratio,1.2163
Modified,dense_city,15,turn_threshold,0.8,length_ratio,1.6555
Modified,dense_city,16,turn_threshold,0.8,length_ratio,1.0647
Modified,dense_city,17,turn_threshold,0.8,length_ratio,1.2497
Modified,dense_city,18,turn_threshold,0.8,length_ratio,1.0976
Modified,dense_city,19,turn_threshold,0.8,length_ratio,1.0654
Modified,dense_city,20,turn_threshold,0.8,length_ratio,1.0406
Modified,dense_city,21,turn_threshold,0.8,length_ratio,1.0539
Modified,dense_city,22,turn_threshold,0.8,length_ratio,1.0211
Modified,dense_city,23,turn_threshold,0.8,length_ratio,1.0648
Modified,dense_city,24,turn_threshold,0.8,length_ratio,1.0171
Modified,dense_city,25,turn_threshold,0.8,length_ratio,1.0356
Modified,dense_city,26,turn_threshold,0.8,length_ratio,1.0289
Modified,dense_city,27,turn_threshold,0.8,length_ratio,1.0032
Modified,dense_city,28,turn_threshold,0.8,length_ratio,1.0954
Modified,dense_city,29,turn_threshold,0.8,length_ratio,1.122
Modified,normal_city,0,turn_threshold,0.2,curvature,0.3194
Modified,normal_city,1,turn_threshold,0.2,curvature,0.6413
Modified,normal_city,2,turn_threshold,0.2,curvature,0.4896
Modified,normal_city,3,turn_threshold,0.2,curvature,0.4099
Modified,normal_city,4,turn_threshold,0.2,curvature,0.6197
Modified,normal_city,5,turn_threshold,0.2,curvature,0.4381
Modified,normal_city,6,turn_threshold,0.2,curvature,0.0769
Modified,normal_city,7,turn_threshold,0.2,curvature,0.4996
Modified,normal_city,8,turn_threshold,0.2,curvature,0.3057
Modified,normal_city,9,turn_threshold,0.2,curvature,0.0835
Modified,normal_city,10,turn_threshold,0.2,curvature,0.4681
Modified,normal_city,11,turn_threshold,0.2,curvature,0.4568
Modified,normal_city,12,turn_threshold,0.2,curvature,0.2409
Modified,normal_city,13,turn_threshold,0.2,curvature,0.4512
Modified,normal_city,14,turn_threshold,0.2,curvature,0.3905
Modified,normal_city,15,turn_threshold,0.2,curvature,0.476
Modified,normal_city,16,turn_threshold,0.2,curvature,0.3561
Modified,normal_city,17,turn_threshold,0.2,curvature,0.0913
Modified,normal_city,18,turn_threshold,0.2,curvature,0.4196
Modified,normal_city,19,turn_threshold,0.2,curvature,0.2969
Modified,normal_city,20,turn_threshold,0.2,curvature,0.5237
Modified,normal_city,21,turn_threshold,0.2,curvature,0.5093
Modified,normal_city,22,turn_threshold,0.2,curvature,0.5943
Modified,normal_city,23,turn_threshold,0.2,curvature,0.0828
Modified,normal_city,24,turn_threshold,0.2,curvature,0.4228
Modified,normal_city,25,turn_threshold,0.2,curvature,0.5151
Modified,normal_city,26,turn_threshold,0.2,curvature,0.3225
Modified,normal_city,27,turn_threshold,0.2,curvature,0.6299
Modified,normal_city,28,turn_threshold,0.2,curvature,0.5431
Modified,normal_city,29,turn_threshold,0.2,curvature,0.309
Modified,blocked_road,0,turn_threshold,0.2,curvature,0.2683
Modified,blocked_road,1,turn_threshold,0.2,curvature,0.2089
Modified,blocked_road,2,turn_threshold,0.2,curvature,0.1745
Modified,blocked_road,3,turn_threshold,0.2,curvature,0.0972
Modified,blocked_road,4,turn_threshold,0.2,curvature,0.1423
Modified,blocked_road,5,turn_threshold,0.2,curvature,0.2193
Modified,blocked_road,6,turn_threshold,0.2,curvature,0.1359
Modified,blocked_road,7,turn_threshold,0.2,curvature,0.4072
Modified,blocked_road,8,turn_threshold,0.2,curvature,0.1019
Modified,blocked_road,9,turn_threshold,0.2,curvature,0.2136
Modified,blocked_road,10,turn_threshold,0.2,curvature,0.0828
Modified,blocked_road,11,turn_threshold,0.2,curvature,0.0763
Modified,blocked_road,12,turn_threshold,0.2,curvature,0.1318
Modified,blocked_road,13,turn_threshold,0.2,curvature,0.4466
Modified,blocked_road,14,turn_threshold,0.2,curvature,0.234
Modified,blocked_road,15,turn_threshold,0.2,curvature,0.2128
Modified,blocked_road,16,turn_threshold,0.2,curvature,0.2417
Modified,blocked_road,17,turn_threshold,0.2,curvature,0.0811
Modified,blocked_road,18,turn_threshold,0.2,curvature,0.4144
Modified,blocked_road,19,turn_threshold,0.2,curvature,0.1646
Modified,blocked_road,20,turn_threshold,0.2,curvature,0.2053
Modified,blocked_road,21,turn_threshold,0.2,curvature,0.0653
Modified,blocked_road,22,turn_threshold,0.2,curvature,0.0637
Modified,blocked_road,23,turn_threshold,0.2,curvature,0.0763
Modified,blocked_road,24,turn_threshold,0.2,curvature,0.1098
Modified,blocked_road,25,turn_threshold,0.2,curvature,0.3757
Modified,blocked_road,26,turn_threshold,0.2,curvature,0.2264
Modified,blocked_road,27,turn_threshold,0.2,curvature,0.1308
Modified,blocked_road,28,turn_threshold,0.2,curvature,0.1156
Modified,blocked_road,29,turn_threshold,0.2,curvature,0.1191
Modified,dense_city,0,turn_threshold,0.2,curvature,0.1198
Modified,dense_city,1,turn_threshold,0.2,curvature,0.0443
Modified,dense_city,2,turn_threshold,0.2,curvature,0.0794
Modified,dense_city,3,turn_threshold,0.2,curvature,0.0908
Modified,dense_city,4,turn_threshold,0.2,curvature,0.0533
Modified,dense_city,5,turn_threshold,0.2,curvature,0.446
Modified,dense_city,6,turn_threshold,0.2,curvature,0.101
Modified,dense_city,7,turn_threshold,0.2,curvature,0.4446
Modified,dense_city,8,turn_threshold,0.2,curvature,0.0608
Modified,dense_city,9,turn_threshold,0.2,curvature,
Modified,dense_city,10,turn_threshold,0.2,curvature,0.0747
Modified,dense_city,11,turn_threshold,0.2,curvature,0.0591
Modified,dense_city,12,turn_threshold,0.2,curvature,0.2175
Modified,dense_city,13,turn_threshold,0.2,curvature,0.0603
Modified,dense_city,14,turn_threshold,0.2,curvature,0.1065
Modified,dense_city,15,turn_threshold,0.2,curvature,0.1686
Modified,dense_city,16,turn_threshold,0.2,curvature,0.0783
Modified,dense_city,17,turn_threshold,0.2,curvature,0.0635
Modified,dense_city,18,turn_threshold,0.2,curvature,0.1165
Modified,dense_city,19,turn_threshold,0.2,curvature,0.0693
Modified,dense_city,20,turn_threshold,0.2,curvature,0.1026
Modified,dense_city,21,turn_threshold,0.2,curvature,0.0696
Modified,dense_city,22,turn_threshold,0.2,curvature,0.0663
Modified,dense_city,23,turn_threshold,0.2,curvature,0.0741
Modified,dense_city,24,turn_threshold,0.2,curvature,0.0768
Modified,dense_city,25,turn_threshold,0.2,curvature,0.0872
Modified,dense_city,26,turn_threshold,0.2,curvature,0.0679
Modified,dense_city,27,turn_threshold,0.2,curvature,0.0766
Modified,dense_city,28,turn_threshold,0.2,curvature,0.0383
Modified,dense_city,29,turn_threshold,0.2,curvature,0.0644
Modified,normal_city,0,turn_threshold,0.35,curvature,0.3656
Modified,normal_city,1,turn_threshold,0.35,curvature,0.6053
Modified,normal_city,2,turn_threshold,0.35,curvature,0.4782
Modified,normal_city,3,turn_threshold,0.35,curvature,0.4025
Modified,normal_city,4,turn_threshold,0.35,curvature,0.6152
Modified,normal_city,5,turn_threshold,0.35,curvature,0.4383
Modified,normal_city,6,turn_threshold,0.35,curvature,0.0769
Modified,normal_city,7,turn_threshold,0.35,curvature,0.4722
Modified,normal_city,8,turn_threshold,0.35,curvature,0.323
Modified,normal_city,9,turn_threshold,0.35,curvature,0.0801
Modified,normal_city,10,turn_threshold,0.35,curvature,0.4629
Modified,normal_city,11,turn_threshold,0.35,curvature,0.4538
Modified,normal_city,12,turn_threshold,0.35,curvature,0.2408
Modified,normal_city,13,turn_threshold,0.35,curvature,0.4357
Modified,normal_city,14,turn_threshold,0.35,curvature,0.3549
Modified,normal_city,15,turn_threshold,0.35,curvature,0.4144
Modified,normal_city,16,turn_threshold,0.35,curvature,0.3561
Modified,normal_city,17,turn_threshold,0.35,curvature,0.0913
Modified,normal_city,18,turn_threshold,0.35,curvature,0.4196
Modified,normal_city,19,turn_threshold,0.35,curvature,0.2918
Modified,normal_city,20,turn_threshold,0.35,curvature,0.4781
Modified,normal_city,21,turn_threshold,0.35,curvature,0.5
Modified,normal_city,22,turn_threshold,0.35,curvature,0.5958
Modified,normal_city,23,turn_threshold,0.35,curvature,0.0828
Modified,normal_city,24,turn_threshold,0.35,curvature,0.4465
Modified,normal_city,25,turn_threshold,0.35,curvature,0.5089
Modified,normal_city,26,turn_threshold,0.35,curvature,0.324
Modified,normal_city,27,turn_threshold,0.35,curvature,0.6126
Modified,normal_city,28,turn_threshold,0.35,curvature,0.5586
Modified,normal_city,29,turn_threshold,0.35,curvature,0.3552
Modified,blocked_road,0,turn_threshold,0.35,curvature,0.2725
Modified,blocked_road,1,turn_threshold,0.35,curvature,0.2277
Modified,blocked_road,2,turn_threshold,0.35,curvature,0.1745
Modified,blocked_road,3,turn_threshold,0.35,curvature,0.0939
Modified,blocked_road,4,turn_threshold,0.35,curvature,0.1549
Modified,blocked_road,5,turn_threshold,0.35,curvature,0.2213
Modified,blocked_road,6,turn_threshold,0.35,curvature,0.1369
Modified,blocked_road,7,turn_threshold,0.35,curvature,0.4942
Modified,blocked_road,8,turn_threshold,0.35,curvature,0.0989
Modified,blocked_road,9,turn_threshold,0.35,curvature,0.2107
Modified,blocked_road,10,turn_threshold,0.35,curvature,0.0801
Modified,blocked_road,11,turn_threshold,0.35,curvature,0.0748
Modified,blocked_road,12,turn_threshold,0.35,curvature,0.1317
Modified,blocked_road,13,turn_threshold,0.35,curvature,0.4438
Modified,blocked_road,14,turn_threshold,0.35,curvature,0.2141
Modified,blocked_road,15,turn_threshold,0.35,curvature,0.2221
Modified,blocked_road,16,turn_threshold,0.35,curvature,0.2502
Modified,blocked_road,17,turn_threshold,0.35,curvature,0.0774
Modified,blocked_road,18,turn_threshold,0.35,curvature,0.452
Modified,blocked_road,19,turn_threshold,0.35,curvature,0.165
Modified,blocked_road,20,turn_threshold,0.35,curvature,0.1961
Modified,blocked_road,21,turn_threshold,0.35,curvature,0.0653
Modified,blocked_road,22,turn_threshold,0.35,curvature,0.0639
Modified,blocked_road,23,turn_threshold,0.35,curvature,0.0763
Modified,blocked_road,24,turn_threshold,0.35,curvature,0.1098
Modified,blocked_road,25,turn_threshold,0.35,curvature,0.3728
Modified,blocked_road,26,turn_threshold,0.35,curvature,0.2155
Modified,blocked_road,27,turn_threshold,0.35,curvature,0.1311
Modified,blocked_road,28,turn_threshold,0.35,curvature,0.1155
Modified,blocked_road,29,turn_threshold,0.35,curvature,0.1156
Modified,dense_city,0,turn_threshold,0.35,curvature,0.1198
Modified,dense_city,1,turn_threshold,0.35,curvature,0.0443
Modified,dense_city,2,turn_threshold,0.35,curvature,0.0794
Modified,dense_city,3,turn_threshold,0.35,curvature,0.0908
Modified,dense_city,4,turn_threshold,0.35,curvature,0.0533
Modified,dense_city,5,turn_threshold,0.35,curvature,0.3728
Modified,dense_city,6,turn_threshold,0.35,curvature,0.101
Modified,dense_city,7,turn_threshold,0.35,curvature,0.4446
Modified,dense_city,8,turn_threshold,0.35,curvature,0.0608
Modified,dense_city,9,turn_threshold,0.35,curvature,
Modified,dense_city,10,turn_threshold,0.35,curvature,0.0747
Modified,dense_city,11,turn_threshold,0.35,curvature,0.0591
Modified,dense_city,12,turn_threshold,0.35,curvature,0.2177
Modified,dense_city,13,turn_threshold,0.35,curvature,0.0603
Modified,dense_city,14,turn_threshold,0.35,curvature,0.1065
Modified,dense_city,15,turn_threshold,0.35,curvature,0.1686
Modified,dense_city,16,turn_threshold,0.35,curvature,0.0783
Modified,dense_city,17,turn_threshold,0.35,curvature,0.0635
Modified,dense_city,18,turn_threshold,0.35,curvature,0.1165
Modified,dense_city,19,turn_threshold,0.35,curvature,0.0693
Modified,dense_city,20,turn_threshold,0.35,curvature,0.1026
Modified,dense_city,21,turn_threshold,0.35,curvature,0.0696
Modified,dense_city,22,turn_threshold,0.35,curvature,0.0663
Modified,dense_city,23,turn_threshold,0.35,curvature,0.0741
Modified,dense_city,24,turn_threshold,0.35,curvature,0.0768
Modified,dense_city,25,turn_threshold,0.35,curvature,0.0872
Modified,dense_city,26,turn_threshold,0.35,curvature,0.0679
Modified,dense_city,27,turn_threshold,0.35,curvature,0.0766
Modified,dense_city,28,turn_threshold,0.35,curvature,0.0383
Modified,dense_city,29,turn_threshold,0.35,curvature,0.0644
Modified,normal_city,0,turn_threshold,0.5,curvature,0.3661
Modified,normal_city,1,turn_threshold,0.5,curvature,0.6053
Modified,normal_city,2,turn_threshold,0.5,curvature,0.3728
Modified,normal_city,3,turn_threshold,0.5,curvature,0.4025
Modified,normal_city,4,turn_threshold,0.5,curvature,0.6152
Modified,normal_city,5,turn_threshold,0.5,curvature,0.3532
Modified,normal_city,6,turn_threshold,0.5,curvature,0.0769
Modified,normal_city,7,turn_threshold,0.5,curvature,0.4722
Modified,normal_city,8,turn_threshold,0.5,curvature,0.3255
Modified,normal_city,9,turn_threshold,0.5,curvature,0.0801
Modified,normal_city,10,turn_threshold,0.5,curvature,0.4629
Modified,normal_city,11,turn_threshold,0.5,curvature,0.4569
Modified,normal_city,12,turn_threshold,0.5,curvature,0.2409
Modified,normal_city,13,turn_threshold,0.5,curvature,0.4357
Modified,normal_city,14,turn_threshold,0.5,curvature,0.3748
Modified,normal_city,15,turn_threshold,0.5,curvature,0.3376
Modified,normal_city,16,turn_threshold,0.5,curvature,0.34
Modified,normal_city,17,turn_threshold,0.5,curvature,0.0913
Modified,normal_city,18,turn_threshold,0.5,curvature,0.4202
Modified,normal_city,19,turn_threshold,0.5,curvature,0.2726
Modified,normal_city,20,turn_threshold,0.5,curvature,0.4781
Modified,normal_city,21,turn_threshold,0.5,curvature,0.5
Modified,normal_city,22,turn_threshold,0.5,curvature,0.5958
Modified,normal_city,23,turn_threshold,0.5,curvature,0.0828
Modified,normal_city,24,turn_threshold,0.5,curvature,0.449
Modified,normal_city,25,turn_threshold,0.5,curvature,0.4988
Modified,normal_city,26,turn_threshold,0.5,curvature,0.324
Modified,normal_city,27,turn_threshold,0.5,curvature,0.5631
Modified,normal_city,28,turn_threshold,0.5,curvature,0.5316
Modified,normal_city,29,turn_threshold,0.5,curvature,0.364
Modified,blocked_road,0,turn_threshold,0.5,curvature,0.277
Modified,blocked_road,1,turn_threshold,0.5,curvature,0.2277
Modified,blocked_road,2,turn_threshold,0.5,curvature,0.0984
Modified,blocked_road,3,turn_threshold,0.5,curvature,0.0924
Modified,blocked_road,4,turn_threshold,0.5,curvature,0.1549
Modified,blocked_road,5,turn_threshold,0.5,curvature,0.2226
Modified,blocked_road,6,turn_threshold,0.5,curvature,0.1369
Modified,blocked_road,7,turn_threshold,0.5,curvature,0.4942
Modified,blocked_road,8,turn_threshold,0.5,curvature,0.102
Modified,blocked_road,9,turn_threshold,0.5,curvature,0.2107
Modified,blocked_road,10,turn_threshold,0.5,curvature,0.0801
Modified,blocked_road,11,turn_threshold,0.5,curvature,0.0777
Modified,blocked_road,12,turn_threshold,0.5,curvature,0.1317
Modified,blocked_road,13,turn_threshold,0.5,curvature,0.4438
Modified,blocked_road,14,turn_threshold,0.5,curvature,0.2168
Modified,blocked_road,15,turn_threshold,0.5,curvature,0.2221
Modified,blocked_road,16,turn_threshold,0.5,curvature,0.2469
Modified,blocked_road,17,turn_threshold,0.5,curvature,0.0811
Modified,blocked_road,18,turn_threshold,0.5,curvature,0.452
Modified,blocked_road,19,turn_threshold,0.5,curvature,0.165
Modified,blocked_road,20,turn_threshold,0.5,curvature,0.1961
Modified,blocked_road,21,turn_threshold,0.5,curvature,0.0653
Modified,blocked_road,22,turn_threshold,0.5,curvature,0.0652
Modified,blocked_road,23,turn_threshold,0.5,curvature,0.0763
Modified,blocked_road,24,turn_threshold,0.5,curvature,0.1098
Modified,blocked_road,25,turn_threshold,0.5,curvature,0.3518
Modified,blocked_road,26,turn_threshold,0.5,curvature,0.2155
Modified,blocked_road,27,turn_threshold,0.5,curvature,0.1311
Modified,blocked_road,28,turn_threshold,0.5,curvature,0.1155
Modified,blocked_road,29,turn_threshold,0.5,curvature,0.1156
Modified,dense_city,0,turn_threshold,0.5,curvature,0.1198
Modified,dense_city,1,turn_threshold,0.5,curvature,0.0443
Modified,dense_city,2,turn_threshold,0.5,curvature,0.0794
Modified,dense_city,3,turn_threshold,0.5,curvature,0.0908
Modified,dense_city,4,turn_threshold,0.5,curvature,0.0533
Modified,dense_city,5,turn_threshold,0.5,curvature,0.3728
Modified,dense_city,6,turn_threshold,0.5,curvature,0.101
Modified,dense_city,7,turn_threshold,0.5,curvature,0.4292
Modified,dense_city,8,turn_threshold,0.5,curvature,0.0608
Modified,dense_city,9,turn_threshold,0.5,curvature,
Modified,dense_city,10,turn_threshold,0.5,curvature,0.0747
Modified,dense_city,11,turn_threshold,0.5,curvature,0.0591
Modified,dense_city,12,turn_threshold,0.5,curvature,0.2177
Modified,dense_city,13,turn_threshold,0.5,curvature,0.0603
Modified,dense_city,14,turn_threshold,0.5,curvature,0.1065
Modified,dense_city,15,turn_threshold,0.5,curvature,0.1686
Modified,dense_city,16,turn_threshold,0.5,curvature,0.0783
Modified,dense_city,17,turn_threshold,0.5,curvature,0.0635
Modified,dense_city,18,turn_threshold,0.5,curvature,0.1165
Modified,dense_city,19,turn_threshold,0.5,curvature,0.0693
Modified,dense_city,20,turn_threshold,0.5,curvature,0.1026
Modified,dense_city,21,turn_threshold,0.5,curvature,0.0696
Modified,dense_city,22,turn_threshold,0.5,curvature,0.0663
Modified,dense_city,23,turn_threshold,0.5,curvature,0.0741
Modified,dense_city,24,turn_threshold,0.5,curvature,0.0768
Modified,dense_city,25,turn_threshold,0.5,curvature,0.0872
Modified,dense_city,26,turn_threshold,0.5,curvature,0.0679
Modified,dense_city,27,turn_threshold,0.5,curvature,0.0766
Modified,dense_city,28,turn_threshold,0.5,curvature,0.0383
Modified,dense_city,29,turn_threshold,0.5,curvature,0.0644
Modified,normal_city,0,turn_threshold,0.8,curvature,0.3002
Modified,normal_city,1,turn_threshold,0.8,curvature,0.565
Modified,normal_city,2,turn_threshold,0.8,curvature,0.3761
Modified,normal_city,3,turn_threshold,0.8,curvature,0.4022
Modified,normal_city,4,turn_threshold,0.8,curvature,0.4921
Modified,normal_city,5,turn_threshold,0.8,curvature,0.3534
Modified,normal_city,6,turn_threshold,0.8,curvature,0.0803
Modified,normal_city,7,turn_threshold,0.8,curvature,0.4723
Modified,normal_city,8,turn_threshold,0.8,curvature,0.3253
Modified,normal_city,9,turn_threshold,0.8,curvature,0.0836
Modified,normal_city,10,turn_threshold,0.8,curvature,0.3069
Modified,normal_city,11,turn_threshold,0.8,curvature,0.445
Modified,normal_city,12,turn_threshold,0.8,curvature,0.2437
Modified,normal_city,13,turn_threshold,0.8,curvature,0.4393
Modified,normal_city,14,turn_threshold,0.8,curvature,0.3778
Modified,normal_city,15,turn_threshold,0.8,curvature,0.342
Modified,normal_city,16,turn_threshold,0.8,curvature,0.3604
Modified,normal_city,17,turn_threshold,0.8,curvature,0.0913
Modified,normal_city,18,turn_threshold,0.8,curvature,0.3578
Modified,normal_city,19,turn_threshold,0.8,curvature,0.2755
Modified,normal_city,20,turn_threshold,0.8,curvature,0.2773
Modified,normal_city,21,turn_threshold,0.8,curvature,0.4999
Modified,normal_city,22,turn_threshold,0.8,curvature,0.5945
Modified,normal_city,23,turn_threshold,0.8,curvature,0.0827
Modified,normal_city,24,turn_threshold,0.8,curvature,0.4519
Modified,normal_city,25,turn_threshold,0.8,curvature,0.3006
Modified,normal_city,26,turn_threshold,0.8,curvature,0.3258
Modified,normal_city,27,turn_threshold,0.8,curvature,0.5035
Modified,normal_city,28,turn_threshold,0.8,curvature,0.5341
Modified,normal_city,29,turn_threshold,0.8,curvature,0.3659
Modified,blocked_road,0,turn_threshold,0.8,curvature,0.2791
Modified,blocked_road,1,turn_threshold,0.8,curvature,0.2369
Modified,blocked_road,2,turn_threshold,0.8,curvature,0.0985
Modified,blocked_road,3,turn_threshold,0.8,curvature,0.0973
Modified,blocked_road,4,turn_threshold,0.8,curvature,0.1547
Modified,blocked_road,5,turn_threshold,0.8,curvature,0.2225
Modified,blocked_road,6,turn_threshold,0.8,curvature,0.1369
Modified,blocked_road,7,turn_threshold,0.8,curvature,0.443
Modified,blocked_road,8,turn_threshold,0.8,curvature,0.102
Modified,blocked_road,9,turn_threshold,0.8,curvature,0.2198
Modified,blocked_road,10,turn_threshold,0.8,curvature,0.083
Modified,blocked_road,11,turn_threshold,0.8,curvature,0.0777
Modified,blocked_road,12,turn_threshold,0.8,curvature,0.1342
Modified,blocked_road,13,turn_threshold,0.8,curvature,0.4462
Modified,blocked_road,14,turn_threshold,0.8,curvature,0.2191
Modified,blocked_road,15,turn_threshold,0.8,curvature,0.1984
Modified,blocked_road,16,turn_threshold,0.8,curvature,0.2565
Modified,blocked_road,17,turn_threshold,0.8,curvature,0.0811
Modified,blocked_road,18,turn_threshold,0.8,curvature,0.4516
Modified,blocked_road,19,turn_threshold,0.8,curvature,0.1675
Modified,blocked_road,20,turn_threshold,0.8,curvature,0.1959
Modified,blocked_road,21,turn_threshold,0.8,curvature,0.0686
Modified,blocked_road,22,turn_threshold,0.8,curvature,0.0608
Modified,blocked_road,23,turn_threshold,0.8,curvature,0.0763
Modified,blocked_road,24,turn_threshold,0.8,curvature,0.1098
Modified,blocked_road,25,turn_threshold,0.8,curvature,0.3443
Modified,blocked_road,26,turn_threshold,0.8,curvature,0.2153
Modified,blocked_road,27,turn_threshold,0.8,curvature,0.1354
Modified,blocked_road,28,turn_threshold,0.8,curvature,0.1187
Modified,blocked_road,29,turn_threshold,0.8,curvature,0.1191
Modified,dense_city,0,turn_threshold,0.8,curvature,0.1197
Modified,dense_city,1,turn_threshold,0.8,curvature,0.0443
Modified,dense_city,2,turn_threshold,0.8,curvature,0.0794
Modified,dense_city,3,turn_threshold,0.8,curvature,0.0928
Modified,dense_city,4,turn_threshold,0.8,curvature,0.0533
Modified,dense_city,5,turn_threshold,0.8,curvature,0.3724
Modified,dense_city,6,turn_threshold,0.8,curvature,0.1009
Modified,dense_city,7,turn_threshold,0.8,curvature,0.4727
Modified,dense_city,8,turn_threshold,0.8,curvature,0.0607
Modified,dense_city,9,turn_threshold,0.8,curvature,
Modified,dense_city,10,turn_threshold,0.8,curvature,0.0746
Modified,dense_city,11,turn_threshold,0.8,curvature,0.0591
Modified,dense_city,12,turn_threshold,0.8,curvature,0.2175
Modified,dense_city,13,turn_threshold,0.8,curvature,0.0603
Modified,dense_city,14,turn_threshold,0.8,curvature,0.1064
Modified,dense_city,15,turn_threshold,0.8,curvature,0.1685
Modified,dense_city,16,turn_threshold,0.8,curvature,0.0783
Modified,dense_city,17,turn_threshold,0.8,curvature,0.0635
Modified,dense_city,18,turn_threshold,0.8,curvature,0.1164
Modified,dense_city,19,turn_threshold,0.8,curvature,0.0693
Modified,dense_city,20,turn_threshold,0.8,curvature,0.1025
Modified,dense_city,21,turn_threshold,0.8,curvature,0.0696
Modified,dense_city,22,turn_threshold,0.8,curvature,0.0662
Modified,dense_city,23,turn_threshold,0.8,curvature,0.0741
Modified,dense_city,24,turn_threshold,0.8,curvature,0.0768
Modified,dense_city,25,turn_threshold,0.8,curvature,0.0871
Modified,dense_city,26,turn_threshold,0.8,curvature,0.0679
Modified,dense_city,27,turn_threshold,0.8,curvature,0.0765
Modified,dense_city,28,turn_threshold,0.8,curvature,0.0382
Modified,dense_city,29,turn_threshold,0.8,curvature,0.0643
Modified,normal_city,0,turn_threshold,0.2,max_curvature,1.5476
Modified,normal_city,1,turn_threshold,0.2,max_curvature,3.4785
Modified,normal_city,2,turn_threshold,0.2,max_curvature,3.2827
Modified,normal_city,3,turn_threshold,0.2,max_curvature,3.1592
Modified,normal_city,4,turn_threshold,0.2,max_curvature,3.9583
Modified,normal_city,5,turn_threshold,0.2,max_curvature,2.8563
Modified,normal_city,6,turn_threshold,0.2,max_curvature,1.2883
Modified,normal_city,7,turn_threshold,0.2,max_curvature,3.634
Modified,normal_city,8,turn_threshold,0.2,max_curvature,5.5409
Modified,normal_city,9,turn_threshold,0.2,max_curvature,1.3116
Modified,normal_city,10,turn_threshold,0.2,max_curvature,3.1798
Modified,normal_city,11,turn_threshold,0.2,max_curvature,5.7478
Modified,normal_city,12,turn_threshold,0.2,max_curvature,9.3101
Modified,normal_city,13,turn_threshold,0.2,max_curvature,1.3223
Modified,normal_city,14,turn_threshold,0.2,max_curvature,1.7663
Modified,normal_city,15,turn_threshold,0.2,max_curvature,1.8029
Modified,normal_city,16,turn_threshold,0.2,max_curvature,1.6973
Modified,normal_city,17,turn_threshold,0.2,max_curvature,2.2736
Modified,normal_city,18,turn_threshold,0.2,max_curvature,1.8452
Modified,normal_city,19,turn_threshold,0.2,max_curvature,18.4314
Modified,normal_city,20,turn_threshold,0.2,max_curvature,2.6849
Modified,normal_city,21,turn_threshold,0.2,max_curvature,3.3109
Modified,normal_city,22,turn_threshold,0.2,max_curvature,3.288
Modified,normal_city,23,turn_threshold,0.2,max_curvature,0.9687
Modified,normal_city,24,turn_threshold,0.2,max_curvature,1.8801
Modified,normal_city,25,turn_threshold,0.2,max_curvature,2.8636
Modified,normal_city,26,turn_threshold,0.2,max_curvature,1.8267
Modified,normal_city,27,turn_threshold,0.2,max_curvature,4.5335
Modified,normal_city,28,turn_threshold,0.2,max_curvature,3.8706
Modified,normal_city,29,turn_threshold,0.2,max_curvature,2.0224
Modified,blocked_road,0,turn_threshold,0.2,max_curvature,4.1824
Modified,blocked_road,1,turn_threshold,0.2,max_curvature,2.6726
Modified,blocked_road,2,turn_threshold,0.2,max_curvature,2.7745
Modified,blocked_road,3,turn_threshold,0.2,max_curvature,1.361
Modified,blocked_road,4,turn_threshold,0.2,max_curvature,5.3713
Modified,blocked_road,5,turn_threshold,0.2,max_curvature,5.6166
Modified,blocked_road,6,turn_threshold,0.2,max_curvature,3.3885
Modified,blocked_road,7,turn_threshold,0.2,max_curvature,2.0058
Modified,blocked_road,8,turn_threshold,0.2,max_curvature,3.5337
Modified,blocked_road,9,turn_threshold,0.2,max_curvature,10.5858
Modified,blocked_road,10,turn_threshold,0.2,max_curvature,3.6267
Modified,blocked_road,11,turn_threshold,0.2,max_curvature,3.8963
Modified,blocked_road,12,turn_threshold,0.2,max_curvature,3.9772
Modified,blocked_road,13,turn_threshold,0.2,max_curvature,3.5319
Modified,blocked_road,14,turn_threshold,0.2,max_curvature,5.8103
Modified,blocked_road,15,turn_threshold,0.2,max_curvature,4.7079
Modified,blocked_road,16,turn_threshold,0.2,max_curvature,5.4941
Modified,blocked_road,17,turn_threshold,0.2,max_curvature,2.1052
Modified,blocked_road,18,turn_threshold,0.2,max_curvature,7.5105
Modified,blocked_road,19,turn_threshold,0.2,max_curvature,2.1578
Modified,blocked_road,20,turn_threshold,0.2,max_curvature,2.5774
Modified,blocked_road,21,turn_threshold,0.2,max_curvature,4.6859
Modified,blocked_road,22,turn_threshold,0.2,max_curvature,1.4754
Modified,blocked_road,23,turn_threshold,0.2,max_curvature,0.8004
Modified,blocked_road,24,turn_threshold,0.2,max_curvature,4.3535
Modified,blocked_road,25,turn_threshold,0.2,max_curvature,2.1756
Modified,blocked_road,26,turn_threshold,0.2,max_curvature,9.9236
Modified,blocked_road,27,turn_threshold,0.2,max_curvature,5.596
Modified,blocked_road,28,turn_threshold,0.2,max_curvature,5.1118
Modified,blocked_road,29,turn_threshold,0.2,max_curvature,1.2922
Modified,dense_city,0,turn_threshold,0.2,max_curvature,2.964
Modified,dense_city,1,turn_threshold,0.2,max_curvature,1.284
Modified,dense_city,2,turn_threshold,0.2,max_curvature,4.5315
Modified,dense_city,3,turn_threshold,0.2,max_curvature,4.6525
Modified,dense_city,4,turn_threshold,0.2,max_curvature,1.6778
Modified,dense_city,5,turn_threshold,0.2,max_curvature,2.144
Modified,dense_city,6,turn_threshold,0.2,max_curvature,1.2
Modified,dense_city,7,turn_threshold,0.2,max_curvature,5.529
Modified,dense_city,8,turn_threshold,0.2,max_curvature,1.4281
Modified,dense_city,9,turn_threshold,0.2,max_curvature,
Modified,dense_city,10,turn_threshold,0.2,max_curvature,1.3357
Modified,dense_city,11,turn_threshold,0.2,max_curvature,1.7391
Modified,dense_city,12,turn_threshold,0.2,max_curvature,4.9184
Modified,dense_city,13,turn_threshold,0.2,max_curvature,1.3643
Modified,dense_city,14,turn_threshold,0.2,max_curvature,4.0662
Modified,dense_city,15,turn_threshold,0.2,max_curvature,6.5942
Modified,dense_city,16,turn_threshold,0.2,max_curvature,2.1306
Modified,dense_city,17,turn_threshold,0.2,max_curvature,4.0171
Modified,dense_city,18,turn_threshold,0.2,max_curvature,3.9746
Modified,dense_city,19,turn_threshold,0.2,max_curvature,2.2591
Modified,dense_city,20,turn_threshold,0.2,max_curvature,1.911
Modified,dense_city,21,turn_threshold,0.2,max_curvature,1.5462
Modified,dense_city,22,turn_threshold,0.2,max_curvature,1.4091
Modified,dense_city,23,turn_threshold,0.2,max_curvature,1.5618
Modified,dense_city,24,turn_threshold,0.2,max_curvature,1.4492
Modified,dense_city,25,turn_threshold,0.2,max_curvature,1.4665
Modified,dense_city,26,turn_threshold,0.2,max_curvature,1.5609
Modified,dense_city,27,turn_threshold,0.2,max_curvature,1.0189
Modified,dense_city,28,turn_threshold,0.2,max_curvature,1.1004
Modified,dense_city,29,turn_threshold,0.2,max_curvature,1.3793
Modified,normal_city,0,turn_threshold,0.35,max_curvature,2.2033
Modified,normal_city,1,turn_threshold,0.35,max_curvature,3.0624
Modified,normal_city,2,turn_threshold,0.35,max_curvature,3.3136
Modified,normal_city,3,turn_threshold,0.35,max_curvature,2.8915
Modified,normal_city,4,turn_threshold,0.35,max_curvature,3.9804
Modified,normal_city,5,turn_threshold,0.35,max_curvature,2.8413
Modified,normal_city,6,turn_threshold,0.35,max_curvature,1.2789
Modified,normal_city,7,turn_threshold,0.35,max_curvature,3.7787
Modified,normal_city,8,turn_threshold,0.35,max_curvature,6.0915
Modified,normal_city,9,turn_threshold,0.35,max_curvature,1.3016
Modified,normal_city,10,turn_threshold,0.35,max_curvature,3.1554
Modified,normal_city,11,turn_threshold,0.35,max_curvature,5.7435
Modified,normal_city,12,turn_threshold,0.35,max_curvature,10.4322
Modified,normal_city,13,turn_threshold,0.35,max_curvature,1.8712
Modified,normal_city,14,turn_threshold,0.35,max_curvature,1.6253
Modified,normal_city,15,turn_threshold,0.35,max_curvature,1.6217
Modified,normal_city,16,turn_threshold,0.35,max_curvature,1.6973
Modified,normal_city,17,turn_threshold,0.35,max_curvature,2.2736
Modified,normal_city,18,turn_threshold,0.35,max_curvature,1.8452
Modified,normal_city,19,turn_threshold,0.35,max_curvature,11.6428
Modified,normal_city,20,turn_threshold,0.35,max_curvature,2.4635
Modified,normal_city,21,turn_threshold,0.35,max_curvature,3.0115
Modified,normal_city,22,turn_threshold,0.35,max_curvature,3.2756
Modified,normal_city,23,turn_threshold,0.35,max_curvature,0.9687
Modified,normal_city,24,turn_threshold,0.35,max_curvature,2.0847
Modified,normal_city,25,turn_threshold,0.35,max_curvature,2.7863
Modified,normal_city,26,turn_threshold,0.35,max_curvature,1.5596
Modified,normal_city,27,turn_threshold,0.35,max_curvature,4.5341
Modified,normal_city,28,turn_threshold,0.35,max_curvature,3.7768
Modified,normal_city,29,turn_threshold,0.35,max_curvature,1.8672
Modified,blocked_road,0,turn_threshold,0.35,max_curvature,5.7702
Modified,blocked_road,1,turn_threshold,0.35,max_curvature,2.8714
Modified,blocked_road,2,turn_threshold,0.35,max_curvature,2.805
Modified,blocked_road,3,turn_threshold,0.35,max_curvature,1.3089
Modified,blocked_road,4,turn_threshold,0.35,max_curvature,4.5255
Modified,blocked_road,5,turn_threshold,0.35,max_curvature,5.3251
Modified,blocked_road,6,turn_threshold,0.35,max_curvature,3.3082
Modified,blocked_road,7,turn_threshold,0.35,max_curvature,3.868
Modified,blocked_road,8,turn_threshold,0.35,max_curvature,3.263
Modified,blocked_road,9,turn_threshold,0.35,max_curvature,9.723
Modified,blocked_road,10,turn_threshold,0.35,max_curvature,3.1264
Modified,blocked_road,11,turn_threshold,0.35,max_curvature,3.5317
Modified,blocked_road,12,turn_threshold,0.35,max_curvature,4.0447
Modified,blocked_road,13,turn_threshold,0.35,max_curvature,3.6979
Modified,blocked_road,14,turn_threshold,0.35,max_curvature,7.2946
Modified,blocked_road,15,turn_threshold,0.35,max_curvature,6.2131
Modified,blocked_road,16,turn_threshold,0.35,max_curvature,5.3348
Modified,blocked_road,17,turn_threshold,0.35,max_curvature,2.0361
Modified,blocked_road,18,turn_threshold,0.35,max_curvature,7.4232
Modified,blocked_road,19,turn_threshold,0.35,max_curvature,2.1394
Modified,blocked_road,20,turn_threshold,0.35,max_curvature,2.3816
Modified,blocked_road,21,turn_threshold,0.35,max_curvature,4.6859
Modified,blocked_road,22,turn_threshold,0.35,max_curvature,1.4738
Modified,blocked_road,23,turn_threshold,0.35,max_curvature,0.8004
Modified,blocked_road,24,turn_threshold,0.35,max_curvature,4.3535
Modified,blocked_road,25,turn_threshold,0.35,max_curvature,2.1538
Modified,blocked_road,26,turn_threshold,0.35,max_curvature,11.7337
Modified,blocked_road,27,turn_threshold,0.35,max_curvature,5.6346
Modified,blocked_road,28,turn_threshold,0.35,max_curvature,5.1027
Modified,blocked_road,29,turn_threshold,0.35,max_curvature,1.3326
Modified,dense_city,0,turn_threshold,0.35,max_curvature,2.964
Modified,dense_city,1,turn_threshold,0.35,max_curvature,1.284
Modified,dense_city,2,turn_threshold,0.35,max_curvature,4.5315
Modified,dense_city,3,turn_threshold,0.35,max_curvature,4.6525
Modified,dense_city,4,turn_threshold,0.35,max_curvature,1.6778
Modified,dense_city,5,turn_threshold,0.35,max_curvature,2.3893
Modified,dense_city,6,turn_threshold,0.35,max_curvature,1.2
Modified,dense_city,7,turn_threshold,0.35,max_curvature,5.529
Modified,dense_city,8,turn_threshold,0.35,max_curvature,1.4281
Modified,dense_city,9,turn_threshold,0.35,max_curvature,
Modified,dense_city,10,turn_threshold,0.35,max_curvature,1.3357
Modified,dense_city,11,turn_threshold,0.35,max_curvature,1.7391
Modified,dense_city,12,turn_threshold,0.35,max_curvature,4.1934
Modified,dense_city,13,turn_threshold,0.35,max_curvature,1.3643
Modified,dense_city,14,turn_threshold,0.35,max_curvature,4.0662
Modified,dense_city,15,turn_threshold,0.35,max_curvature,6.5942
Modified,dense_city,16,turn_threshold,0.35,max_curvature,2.1306
Modified,dense_city,17,turn_threshold,0.35,max_curvature,4.0171
Modified,dense_city,18,turn_threshold,0.35,max_curvature,3.9746
Modified,dense_city,19,turn_threshold,0.35,max_curvature,2.2591
Modified,dense_city,20,turn_threshold,0.35,max_curvature,1.911
Modified,dense_city,21,turn_threshold,0.35,max_curvature,1.5462
Modified,dense_city,22,turn_threshold,0.35,max_curvature,1.4091
Modified,dense_city,23,turn_threshold,0.35,max_curvature,1.5618
Modified,dense_city,24,turn_threshold,0.35,max_curvature,1.4492
Modified,dense_city,25,turn_threshold,0.35,max_curvature,1.4665
Modified,dense_city,26,turn_threshold,0.35,max_curvature,1.5609
Modified,dense_city,27,turn_threshold,0.35,max_curvature,1.0189
Modified,dense_city,28,turn_threshold,0.35,max_curvature,1.1004
Modified,dense_city,29,turn_threshold,0.35,max_curvature,1.3793
Modified,normal_city,0,turn_threshold,0.5,max_curvature,2.1942
Modified,normal_city,1,turn_threshold,0.5,max_curvature,3.0624
Modified,normal_city,2,turn_threshold,0.5,max_curvature,2.3524
Modified,normal_city,3,turn_threshold,0.5,max_curvature,2.8915
Modified,normal_city,4,turn_threshold,0.5,max_curvature,3.9804
Modified,normal_city,5,turn_threshold,0.5,max_curvature,2.0962
Modified,normal_city,6,turn_threshold,0.5,max_curvature,1.2802
Modified,normal_city,7,turn_threshold,0.5,max_curvature,3.7787
Modified,normal_city,8,turn_threshold,0.5,max_curvature,5.8725
Modified,normal_city,9,turn_threshold,0.5,max_curvature,1.3016
Modified,normal_city,10,turn_threshold,0.5,max_curvature,3.1554
Modified,normal_city,11,turn_threshold,0.5,max_curvature,5.7946
Modified,normal_city,12,turn_threshold,0.5,max_curvature,10.3683
Modified,normal_city,13,turn_threshold,0.5,max_curvature,1.8699
Modified,normal_city,14,turn_threshold,0.5,max_curvature,1.7269
Modified,normal_city,15,turn_threshold,0.5,max_curvature,1.5221
Modified,normal_city,16,turn_threshold,0.5,max_curvature,1.7719
Modified,normal_city,17,turn_threshold,0.5,max_curvature,2.2736
Modified,normal_city,18,turn_threshold,0.5,max_curvature,1.863
Modified,normal_city,19,turn_threshold,0.5,max_curvature,8.1915
Modified,normal_city,20,turn_threshold,0.5,max_curvature,2.4635
Modified,normal_city,21,turn_threshold,0.5,max_curvature,3.0115
Modified,normal_city,22,turn_threshold,0.5,max_curvature,3.2756
Modified,normal_city,23,turn_threshold,0.5,max_curvature,0.9687
Modified,normal_city,24,turn_threshold,0.5,max_curvature,1.9401
Modified,normal_city,25,turn_threshold,0.5,max_curvature,2.6175
Modified,normal_city,26,turn_threshold,0.5,max_curvature,1.5596
Modified,normal_city,27,turn_threshold,0.5,max_curvature,4.5375
Modified,normal_city,28,turn_threshold,0.5,max_curvature,3.6274
Modified,normal_city,29,turn_threshold,0.5,max_curvature,2.134
Modified,blocked_road,0,turn_threshold,0.5,max_curvature,6.0686
Modified,blocked_road,1,turn_threshold,0.5,max_curvature,2.8714
Modified,blocked_road,2,turn_threshold,0.5,max_curvature,3.3883
Modified,blocked_road,3,turn_threshold,0.5,max_curvature,1.3027
Modified,blocked_road,4,turn_threshold,0.5,max_curvature,4.5255
Modified,blocked_road,5,turn_threshold,0.5,max_curvature,5.4035
Modified,blocked_road,6,turn_threshold,0.5,max_curvature,3.3082
Modified,blocked_road,7,turn_threshold,0.5,max_curvature,3.868
Modified,blocked_road,8,turn_threshold,0.5,max_curvature,3.5238
Modified,blocked_road,9,turn_threshold,0.5,max_curvature,9.723
Modified,blocked_road,10,turn_threshold,0.5,max_curvature,3.1184
Modified,blocked_road,11,turn_threshold,0.5,max_curvature,3.892
Modified,blocked_road,12,turn_threshold,0.5,max_curvature,4.0355
Modified,blocked_road,13,turn_threshold,0.5,max_curvature,3.6944
Modified,blocked_road,14,turn_threshold,0.5,max_curvature,7.5635
Modified,blocked_road,15,turn_threshold,0.5,max_curvature,6.1888
Modified,blocked_road,16,turn_threshold,0.5,max_curvature,5.8678
Modified,blocked_road,17,turn_threshold,0.5,max_curvature,2.1054
Modified,blocked_road,18,turn_threshold,0.5,max_curvature,7.4232
Modified,blocked_road,19,turn_threshold,0.5,max_curvature,2.1394
Modified,blocked_road,20,turn_threshold,0.5,max_curvature,2.3816
Modified,blocked_road,21,turn_threshold,0.5,max_curvature,4.6859
Modified,blocked_road,22,turn_threshold,0.5,max_curvature,1.4202
Modified,blocked_road,23,turn_threshold,0.5,max_curvature,0.8004
Modified,blocked_road,24,turn_threshold,0.5,max_curvature,4.3535
Modified,blocked_road,25,turn_threshold,0.5,max_curvature,1.507
Modified,blocked_road,26,turn_threshold,0.5,max_curvature,11.7337
Modified,blocked_road,27,turn_threshold,0.5,max_curvature,5.6257
Modified,blocked_road,28,turn_threshold,0.5,max_curvature,5.1052
Modified,blocked_road,29,turn_threshold,0.5,max_curvature,1.3316
Modified,dense_city,0,turn_threshold,0.5,max_curvature,2.964
Modified,dense_city,1,turn_threshold,0.5,max_curvature,1.284
Modified,dense_city,2,turn_threshold,0.5,max_curvature,4.5315
Modified,dense_city,3,turn_threshold,0.5,max_curvature,4.6525
Modified,dense_city,4,turn_threshold,0.5,max_curvature,1.6778
Modified,dense_city,5,turn_threshold,0.5,max_curvature,2.3893
Modified,dense_city,6,turn_threshold,0.5,max_curvature,1.2
Modified,dense_city,7,turn_threshold,0.5,max_curvature,2.9313
Modified,dense_city,8,turn_threshold,0.5,max_curvature,1.4281
Modified,dense_city,9,turn_threshold,0.5,max_curvature,
Modified,dense_city,10,turn_threshold,0.5,max_curvature,1.3357
Modified,dense_city,11,turn_threshold,0.5,max_curvature,1.7391
Modified,dense_city,12,turn_threshold,0.5,max_curvature,4.1934
Modified,dense_city,13,turn_threshold,0.5,max_curvature,1.3643
Modified,dense_city,14,turn_threshold,0.5,max_curvature,4.0662
Modified,dense_city,15,turn_threshold,0.5,max_curvature,6.5942
Modified,dense_city,16,turn_threshold,0.5,max_curvature,2.1306
Modified,dense_city,17,turn_threshold,0.5,max_curvature,4.0171
Modified,dense_city,18,turn_threshold,0.5,max_curvature,3.9746
Modified,dense_city,19,turn_threshold,0.5,max_curvature,2.2591
Modified,dense_city,20,turn_threshold,0.5,max_curvature,1.911
Modified,dense_city,21,turn_threshold,0.5,max_curvature,1.5462
Modified,dense_city,22,turn_threshold,0.5,max_curvature,1.4091
Modified,dense_city,23,turn_threshold,0.5,max_curvature,1.5618
Modified,dense_city,24,turn_threshold,0.5,max_curvature,1.4492
Modified,dense_city,25,turn_threshold,0.5,max_curvature,1.4665
Modified,dense_city,26,turn_threshold,0.5,max_curvature,1.5609
Modified,dense_city,27,turn_threshold,0.5,max_curvature,1.0189
Modified,dense_city,28,turn_threshold,0.5,max_curvature,1.1004
Modified,dense_city,29,turn_threshold,0.5,max_curvature,1.3793
Modified,normal_city,0,turn_threshold,0.8,max_curvature,1.7523
Modified,normal_city,1,turn_threshold,0.8,max_curvature,3.0627
Modified,normal_city,2,turn_threshold,0.8,max_curvature,2.2319
Modified,normal_city,3,turn_threshold,0.8,max_curvature,2.7205
Modified,normal_city,4,turn_threshold,0.8,max_curvature,4.0019
Modified,normal_city,5,turn_threshold,0.8,max_curvature,2.0143
Modified,normal_city,6,turn_threshold,0.8,max_curvature,1.0204
Modified,normal_city,7,turn_threshold,0.8,max_curvature,3.3453
Modified,normal_city,8,turn_threshold,0.8,max_curvature,5.56
Modified,normal_city,9,turn_threshold,0.8,max_curvature,1.6353
Modified,normal_city,10,turn_threshold,0.8,max_curvature,1.8867
Modified,normal_city,11,turn_threshold,0.8,max_curvature,5.7417
Modified,normal_city,12,turn_threshold,0.8,max_curvature,8.5732
Modified,normal_city,13,turn_threshold,0.8,max_curvature,1.8769
Modified,normal_city,14,turn_threshold,0.8,max_curvature,1.519
Modified,normal_city,15,turn_threshold,0.8,max_curvature,1.277
Modified,normal_city,16,turn_threshold,0.8,max_curvature,1.7598
Modified,normal_city,17,turn_threshold,0.8,max_curvature,2.2736
Modified,normal_city,18,turn_threshold,0.8,max_curvature,1.2874
Modified,normal_city,19,turn_threshold,0.8,max_curvature,4.8401
Modified,normal_city,20,turn_threshold,0.8,max_curvature,1.6168
Modified,normal_city,21,turn_threshold,0.8,max_curvature,3.2961
Modified,normal_city,22,turn_threshold,0.8,max_curvature,3.0893
Modified,normal_city,23,turn_threshold,0.8,max_curvature,1.2777
Modified,normal_city,24,turn_threshold,0.8,max_curvature,2.0363
Modified,normal_city,25,turn_threshold,0.8,max_curvature,1.5576
Modified,normal_city,26,turn_threshold,0.8,max_curvature,1.3991
Modified,normal_city,27,turn_threshold,0.8,max_curvature,4.4589
Modified,normal_city,28,turn_threshold,0.8,max_curvature,3.3625
Modified,normal_city,29,turn_threshold,0.8,max_curvature,1.8847
Modified,blocked_road,0,turn_threshold,0.8,max_curvature,4.3929
Modified,blocked_road,1,turn_threshold,0.8,max_curvature,3.7795
Modified,blocked_road,2,turn_threshold,0.8,max_curvature,3.3039
Modified,blocked_road,3,turn_threshold,0.8,max_curvature,1.8334
Modified,blocked_road,4,turn_threshold,0.8,max_curvature,5.9988
Modified,blocked_road,5,turn_threshold,0.8,max_curvature,5.5803
Modified,blocked_road,6,turn_threshold,0.8,max_curvature,3.1407
Modified,blocked_road,7,turn_threshold,0.8,max_curvature,3.9285
Modified,blocked_road,8,turn_threshold,0.8,max_curvature,4.999
Modified,blocked_road,9,turn_threshold,0.8,max_curvature,8.9434
Modified,blocked_road,10,turn_threshold,0.8,max_curvature,4.1851
Modified,blocked_road,11,turn_threshold,0.8,max_curvature,2.7008
Modified,blocked_road,12,turn_threshold,0.8,max_curvature,3.8651
Modified,blocked_road,13,turn_threshold,0.8,max_curvature,3.6742
Modified,blocked_road,14,turn_threshold,0.8,max_curvature,6.2798
Modified,blocked_road,15,turn_threshold,0.8,max_curvature,5.4144
Modified,blocked_road,16,turn_threshold,0.8,max_curvature,5.493
Modified,blocked_road,17,turn_threshold,0.8,max_curvature,1.7235
Modified,blocked_road,18,turn_threshold,0.8,max_curvature,6.9984
Modified,blocked_road,19,turn_threshold,0.8,max_curvature,2.2261
Modified,blocked_road,20,turn_threshold,0.8,max_curvature,2.5665
Modified,blocked_road,21,turn_threshold,0.8,max_curvature,3.7257
Modified,blocked_road,22,turn_threshold,0.8,max_curvature,1.1761
Modified,blocked_road,23,turn_threshold,0.8,max_curvature,0.824
Modified,blocked_road,24,turn_threshold,0.8,max_curvature,4.4586
Modified,blocked_road,25,turn_threshold,0.8,max_curvature,1.9876
Modified,blocked_road,26,turn_threshold,0.8,max_curvature,9.3156
Modified,blocked_road,27,turn_threshold,0.8,max_curvature,3.3821
Modified,blocked_road,28,turn_threshold,0.8,max_curvature,3.2781
Modified,blocked_road,29,turn_threshold,0.8,max_curvature,1.1991
Modified,dense_city,0,turn_threshold,0.8,max_curvature,3.3756
Modified,dense_city,1,turn_threshold,0.8,max_curvature,1.2726
Modified,dense_city,2,turn_threshold,0.8,max_curvature,3.7038
Modified,dense_city,3,turn_threshold,0.8,max_curvature,5.383
Modified,dense_city,4,turn_threshold,0.8,max_curvature,1.5641
Modified,dense_city,5,turn_threshold,0.8,max_curvature,2.4919
Modified,dense_city,6,turn_threshold,0.8,max_curvature,1.2515
Modified,dense_city,7,turn_threshold,0.8,max_curvature,3.0344
Modified,dense_city,8,turn_threshold,0.8,max_curvature,1.3559
Modified,dense_city,9,turn_threshold,0.8,max_curvature,
Modified,dense_city,10,turn_threshold,0.8,max_curvature,1.3066
Modified,dense_city,11,turn_threshold,0.8,max_curvature,1.7652
Modified,dense_city,12,turn_threshold,0.8,max_curvature,3.6179
Modified,dense_city,13,turn_threshold,0.8,max_curvature,1.3643
Modified,dense_city,14,turn_threshold,0.8,max_curvature,4.8185
Modified,dense_city,15,turn_threshold,0.8,max_curvature,5.2822
Modified,dense_city,16,turn_threshold,0.8,max_curvature,1.7971
Modified,dense_city,17,turn_threshold,0.8,max_curvature,4.526
Modified,dense_city,18,turn_threshold,0.8,max_curvature,4.3647
Modified,dense_city,19,turn_threshold,0.8,max_curvature,2.3123
Modified,dense_city,20,turn_threshold,0.8,max_curvature,1.7571
Modified,dense_city,21,turn_threshold,0.8,max_curvature,1.955
Modified,dense_city,22,turn_threshold,0.8,max_curvature,1.214
Modified,dense_city,23,turn_threshold,0.8,max_curvature,1.5618
Modified,dense_city,24,turn_threshold,0.8,max_curvature,1.4038
Modified,dense_city,25,turn_threshold,0.8,max_curvature,1.2623
Modified,dense_city,26,turn_threshold,0.8,max_curvature,1.1986
Modified,dense_city,27,turn_threshold,0.8,max_curvature,0.9237
Modified,dense_city,28,turn_threshold,0.8,max_curvature,0.8429
Modified,dense_city,29,turn_threshold,0.8,max_curvature,1.3613
Modified,normal_city,0,turn_threshold,0.2,drive_time_curved,42.5768
Modified,normal_city,1,turn_threshold,0.2,drive_time_curved,50.8963
Modified,normal_city,2,turn_threshold,0.2,drive_time_curved,45.3456
Modified,normal_city,3,turn_threshold,0.2,drive_time_curved,45.2724
Modified,normal_city,4,turn_threshold,0.2,drive_time_curved,48.1568
Modified,normal_city,5,turn_threshold,0.2,drive_time_curved,45.0281
Modified,normal_city,6,turn_threshold,0.2,drive_time_curved,31.3646
Modified,normal_city,7,turn_threshold,0.2,drive_time_curved,46.6888
Modified,normal_city,8,turn_threshold,0.2,drive_time_curved,51.2509
Modified,normal_city,9,turn_threshold,0.2,drive_time_curved,30.7959
Modified,normal_city,10,turn_threshold,0.2,drive_time_curved,41.1358
Modified,normal_city,11,turn_threshold,0.2,drive_time_curved,46.4273
Modified,normal_city,12,turn_threshold,0.2,drive_time_curved,39.2262
Modified,normal_city,13,turn_threshold,0.2,drive_time_curved,46.3967
Modified,normal_city,14,turn_threshold,0.2,drive_time_curved,44.5774
Modified,normal_city,15,turn_threshold,0.2,drive_time_curved,46.8724
Modified,normal_city,16,turn_threshold,0.2,drive_time_curved,43.4309
Modified,normal_city,17,turn_threshold,0.2,drive_time_curved,33.0324
Modified,normal_city,18,turn_threshold,0.2,drive_time_curved,43.6882
Modified,normal_city,19,turn_threshold,0.2,drive_time_curved,41.1325
Modified,normal_city,20,turn_threshold,0.2,drive_time_curved,44.8258
Modified,normal_city,21,turn_threshold,0.2,drive_time_curved,44.1978
Modified,normal_city,22,turn_threshold,0.2,drive_time_curved,45.2899
Modified,normal_city,23,turn_threshold,0.2,drive_time_curved,30.8963
Modified,normal_city,24,turn_threshold,0.2,drive_time_curved,40.3153
Modified,normal_city,25,turn_threshold,0.2,drive_time_curved,46.6845
Modified,normal_city,26,turn_threshold,0.2,drive_time_curved,41.3197
Modified,normal_city,27,turn_threshold,0.2,drive_time_curved,52.4306
Modified,normal_city,28,turn_threshold,0.2,drive_time_curved,46.253
Modified,normal_city,29,turn_threshold,0.2,drive_time_curved,45.4455
Modified,blocked_road,0,turn_threshold,0.2,drive_time_curved,49.1044
Modified,blocked_road,1,turn_threshold,0.2,drive_time_curved,54.0206
Modified,blocked_road,2,turn_threshold,0.2,drive_time_curved,40.1498
Modified,blocked_road,3,turn_threshold,0.2,drive_time_curved,32.1709
Modified,blocked_road,4,turn_threshold,0.2,drive_time_curved,64.5206
Modified,blocked_road,5,turn_threshold,0.2,drive_time_curved,50.6197
Modified,blocked_road,6,turn_threshold,0.2,drive_time_curved,38.5958
Modified,blocked_road,7,turn_threshold,0.2,drive_time_curved,47.2122
Modified,blocked_road,8,turn_threshold,0.2,drive_time_curved,36.8605
Modified,blocked_road,9,turn_threshold,0.2,drive_time_curved,34.4094
Modified,blocked_road,10,turn_threshold,0.2,drive_time_curved,33.1759
Modified,blocked_road,11,turn_threshold,0.2,drive_time_curved,34.5295
Modified,blocked_road,12,turn_threshold,0.2,drive_time_curved,44.0954
Modified,blocked_road,13,turn_threshold,0.2,drive_time_curved,44.8744
Modified,blocked_road,14,turn_threshold,0.2,drive_time_curved,47.1687
Modified,blocked_road,15,turn_threshold,0.2,drive_time_curved,48.9105
Modified,blocked_road,16,turn_threshold,0.2,drive_time_curved,48.1427
Modified,blocked_road,17,turn_threshold,0.2,drive_time_curved,30.0286
Modified,blocked_road,18,turn_threshold,0.2,drive_time_curved,42.5421
Modified,blocked_road,19,turn_threshold,0.2,drive_time_curved,44.0551
Modified,blocked_road,20,turn_threshold,0.2,drive_time_curved,48.4137
Modified,blocked_road,21,turn_threshold,0.2,drive_time_curved,30.7265
Modified,blocked_road,22,turn_threshold,0.2,drive_time_curved,27.8245
Modified,blocked_road,23,turn_threshold,0.2,drive_time_curved,28.102
Modified,blocked_road,24,turn_threshold,0.2,drive_time_curved,31.1738
Modified,blocked_road,25,turn_threshold,0.2,drive_time_curved,49.9287
Modified,blocked_road,26,turn_threshold,0.2,drive_time_curved,34.1569
Modified,blocked_road,27,turn_threshold,0.2,drive_time_curved,34.3394
Modified,blocked_road,28,turn_threshold,0.2,drive_time_curved,33.4889
Modified,blocked_road,29,turn_threshold,0.2,drive_time_curved,33.0058
Modified,dense_city,0,turn_threshold,0.2,drive_time_curved,40.0089
Modified,dense_city,1,turn_threshold,0.2,drive_time_curved,27.3367
Modified,dense_city,2,turn_threshold,0.2,drive_time_curved,42.6402
Modified,dense_city,3,turn_threshold,0.2,drive_time_curved,34.6466
Modified,dense_city,4,turn_threshold,0.2,drive_time_curved,29.229
Modified,dense_city,5,turn_threshold,0.2,drive_time_curved,52.464
Modified,dense_city,6,turn_threshold,0.2,drive_time_curved,41.9649
Modified,dense_city,7,turn_threshold,0.2,drive_time_curved,62.7054
Modified,dense_city,8,turn_threshold,0.2,drive_time_curved,29.8653
Modified,dense_city,9,turn_threshold,0.2,drive_time_curved,
Modified,dense_city,10,turn_threshold,0.2,drive_time_curved,32.019
Modified,dense_city,11,turn_threshold,0.2,drive_time_curved,29.2969
Modified,dense_city,12,turn_threshold,0.2,drive_time_curved,43.0376
Modified,dense_city,13,turn_threshold,0.2,drive_time_curved,29.3896
Modified,dense_city,14,turn_threshold,0.2,drive_time_curved,41.9803
Modified,dense_city,15,turn_threshold,0.2,drive_time_curved,58.7782
Modified,dense_city,16,turn_threshold,0.2,drive_time_curved,33.5361
Modified,dense_city,17,turn_threshold,0.2,drive_time_curved,34.2895
Modified,dense_city,18,turn_threshold,0.2,drive_time_curved,37.968
Modified,dense_city,19,turn_threshold,0.2,drive_time_curved,30.9656
Modified,dense_city,20,turn_threshold,0.2,drive_time_curved,34.8572
Modified,dense_city,21,turn_threshold,0.2,drive_time_curved,31.4041
Modified,dense_city,22,turn_threshold,0.2,drive_time_curved,29.986
Modified,dense_city,23,turn_threshold,0.2,drive_time_curved,32.63
Modified,dense_city,24,turn_threshold,0.2,drive_time_curved,31.3096
Modified,dense_city,25,turn_threshold,0.2,drive_time_curved,33.966
Modified,dense_city,26,turn_threshold,0.2,drive_time_curved,31.4431
Modified,dense_city,27,turn_threshold,0.2,drive_time_curved,29.1368
Modified,dense_city,28,turn_threshold,0.2,drive_time_curved,27.6003
Modified,dense_city,29,turn_threshold,0.2,drive_time_curved,31.8797
Modified,normal_city,0,turn_threshold,0.35,drive_time_curved,44.4162
Modified,normal_city,1,turn_threshold,0.35,drive_time_curved,48.7576
Modified,normal_city,2,turn_threshold,0.35,drive_time_curved,43.8255
Modified,normal_city,3,turn_threshold,0.35,drive_time_curved,45.0641
Modified,normal_city,4,turn_threshold,0.35,drive_time_curved,46.4283
Modified,normal_city,5,turn_threshold,0.35,drive_time_curved,44.8947
Modified,normal_city,6,turn_threshold,0.35,drive_time_curved,31.3788
Modified,normal_city,7,turn_threshold,0.35,drive_time_curved,45.9952
Modified,normal_city,8,turn_threshold,0.35,drive_time_curved,53.8603
Modified,normal_city,9,turn_threshold,0.35,drive_time_curved,30.6104
Modified,normal_city,10,turn_threshold,0.35,drive_time_curved,40.1171
Modified,normal_city,11,turn_threshold,0.35,drive_time_curved,45.4371
Modified,normal_city,12,turn_threshold,0.35,drive_time_curved,39.1253
Modified,normal_city,13,turn_threshold,0.35,drive_time_curved,46.7936
Modified,normal_city,14,turn_threshold,0.35,drive_time_curved,44.362
Modified,normal_city,15,turn_threshold,0.35,drive_time_curved,46.4166
Modified,normal_city,16,turn_threshold,0.35,drive_time_curved,43.4309
Modified,normal_city,17,turn_threshold,0.35,drive_time_curved,33.0324
Modified,normal_city,18,turn_threshold,0.35,drive_time_curved,43.6882
Modified,normal_city,19,turn_threshold,0.35,drive_time_curved,40.726
Modified,normal_city,20,turn_threshold,0.35,drive_time_curved,42.8748
Modified,normal_city,21,turn_threshold,0.35,drive_time_curved,42.8849
Modified,normal_city,22,turn_threshold,0.35,drive_time_curved,45.187
Modified,normal_city,23,turn_threshold,0.35,drive_time_curved,30.8963
Modified,normal_city,24,turn_threshold,0.35,drive_time_curved,43.3253
Modified,normal_city,25,turn_threshold,0.35,drive_time_curved,46.4241
Modified,normal_city,26,turn_threshold,0.35,drive_time_curved,41.3927
Modified,normal_city,27,turn_threshold,0.35,drive_time_curved,50.654
Modified,normal_city,28,turn_threshold,0.35,drive_time_curved,45.6656
Modified,normal_city,29,turn_threshold,0.35,drive_time_curved,46.0635
Modified,blocked_road,0,turn_threshold,0.35,drive_time_curved,47.1343
Modified,blocked_road,1,turn_threshold,0.35,drive_time_curved,53.5428
Modified,blocked_road,2,turn_threshold,0.35,drive_time_curved,40.3069
Modified,blocked_road,3,turn_threshold,0.35,drive_time_curved,31.4245
Modified,blocked_road,4,turn_threshold,0.35,drive_time_curved,65.4904
Modified,blocked_road,5,turn_threshold,0.35,drive_time_curved,49.7792
Modified,blocked_road,6,turn_threshold,0.35,drive_time_curved,38.6329
Modified,blocked_road,7,turn_threshold,0.35,drive_time_curved,50.5832
Modified,blocked_road,8,turn_threshold,0.35,drive_time_curved,37.1252
Modified,blocked_road,9,turn_threshold,0.35,drive_time_curved,34.4632
Modified,blocked_road,10,turn_threshold,0.35,drive_time_curved,32.5763
Modified,blocked_road,11,turn_threshold,0.35,drive_time_curved,34.9404
Modified,blocked_road,12,turn_threshold,0.35,drive_time_curved,44.1166
Modified,blocked_road,13,turn_threshold,0.35,drive_time_curved,47.0128
Modified,blocked_road,14,turn_threshold,0.35,drive_time_curved,48.1855
Modified,blocked_road,15,turn_threshold,0.35,drive_time_curved,49.8632
Modified,blocked_road,16,turn_threshold,0.35,drive_time_curved,48.8124
Modified,blocked_road,17,turn_threshold,0.35,drive_time_curved,29.4706
Modified,blocked_road,18,turn_threshold,0.35,drive_time_curved,47.1788
Modified,blocked_road,19,turn_threshold,0.35,drive_time_curved,44.5926
Modified,blocked_road,20,turn_threshold,0.35,drive_time_curved,47.5821
Modified,blocked_road,21,turn_threshold,0.35,drive_time_curved,30.7265
Modified,blocked_road,22,turn_threshold,0.35,drive_time_curved,27.8351
Modified,blocked_road,23,turn_threshold,0.35,drive_time_curved,28.102
Modified,blocked_road,24,turn_threshold,0.35,drive_time_curved,31.1738
Modified,blocked_road,25,turn_threshold,0.35,drive_time_curved,46.5026
Modified,blocked_road,26,turn_threshold,0.35,drive_time_curved,34.3964
Modified,blocked_road,27,turn_threshold,0.35,drive_time_curved,34.3933
Modified,blocked_road,28,turn_threshold,0.35,drive_time_curved,33.4239
Modified,blocked_road,29,turn_threshold,0.35,drive_time_curved,32.4348
Modified,dense_city,0,turn_threshold,0.35,drive_time_curved,40.0089
Modified,dense_city,1,turn_threshold,0.35,drive_time_curved,27.3367
Modified,dense_city,2,turn_threshold,0.35,drive_time_curved,42.6402
Modified,dense_city,3,turn_threshold,0.35,drive_time_curved,34.6466
Modified,dense_city,4,turn_threshold,0.35,drive_time_curved,29.229
Modified,dense_city,5,turn_threshold,0.35,drive_time_curved,50.3145
Modified,dense_city,6,turn_threshold,0.35,drive_time_curved,41.9649
Modified,dense_city,7,turn_threshold,0.35,drive_time_curved,62.7054
Modified,dense_city,8,turn_threshold,0.35,drive_time_curved,29.8653
Modified,dense_city,9,turn_threshold,0.35,drive_time_curved,
Modified,dense_city,10,turn_threshold,0.35,drive_time_curved,32.019
Modified,dense_city,11,turn_threshold,0.35,drive_time_curved,29.2969
Modified,dense_city,12,turn_threshold,0.35,drive_time_curved,42.9375
Modified,dense_city,13,turn_threshold,0.35,drive_time_curved,29.3896
Modified,dense_city,14,turn_threshold,0.35,drive_time_curved,41.9803
Modified,dense_city,15,turn_threshold,0.35,drive_time_curved,58.7782
Modified,dense_city,16,turn_threshold,0.35,drive_time_curved,33.5361
Modified,dense_city,17,turn_threshold,0.35,drive_time_curved,34.2895
Modified,dense_city,18,turn_threshold,0.35,drive_time_curved,37.968
Modified,dense_city,19,turn_threshold,0.35,drive_time_curved,30.9656
Modified,dense_city,20,turn_threshold,0.35,drive_time_curved,34.8572
Modified,dense_city,21,turn_threshold,0.35,drive_time_curved,31.4041
Modified,dense_city,22,turn_threshold,0.35,drive_time_curved,29.986
Modified,dense_city,23,turn_threshold,0.35,drive_time_curved,32.63
Modified,dense_city,24,turn_threshold,0.35,drive_time_curved,31.3096
Modified,dense_city,25,turn_threshold,0.35,drive_time_curved,33.966
Modified,dense_city,26,turn_threshold,0.35,drive_time_curved,31.4431
Modified,dense_city,27,turn_threshold,0.35,drive_time_curved,29.1368
Modified,dense_city,28,turn_threshold,0.35,drive_time_curved,27.6003
Modified,dense_city,29,turn_threshold,0.35,drive_time_curved,31.8797
Modified,normal_city,0,turn_threshold,0.5,drive_time_curved,44.3158
Modified,normal_city,1,turn_threshold,0.5,drive_time_curved,48.7576
Modified,normal_city,2,turn_threshold,0.5,drive_time_curved,41.5962
Modified,normal_city,3,turn_threshold,0.5,drive_time_curved,45.0641
Modified,normal_city,4,turn_threshold,0.5,drive_time_curved,46.4283
Modified,normal_city,5,turn_threshold,0.5,drive_time_curved,42.9576
Modified,normal_city,6,turn_threshold,0.5,drive_time_curved,31.3774
Modified,normal_city,7,turn_threshold,0.5,drive_time_curved,45.9952
Modified,normal_city,8,turn_threshold,0.5,drive_time_curved,54.0774
Modified,normal_city,9,turn_threshold,0.5,drive_time_curved,30.6104
Modified,normal_city,10,turn_threshold,0.5,drive_time_curved,40.1171
Modified,normal_city,11,turn_threshold,0.5,drive_time_curved,46.4217
Modified,normal_city,12,turn_threshold,0.5,drive_time_curved,39.1484
Modified,normal_city,13,turn_threshold,0.5,drive_time_curved,46.7653
Modified,normal_city,14,turn_threshold,0.5,drive_time_curved,45.6319
Modified,normal_city,15,turn_threshold,0.5,drive_time_curved,43.504
Modified,normal_city,16,turn_threshold,0.5,drive_time_curved,41.5165
Modified,normal_city,17,turn_threshold,0.5,drive_time_curved,33.0324
Modified,normal_city,18,turn_threshold,0.5,drive_time_curved,43.66
Modified,normal_city,19,turn_threshold,0.5,drive_time_curved,40.795
Modified,normal_city,20,turn_threshold,0.5,drive_time_curved,42.8748
Modified,normal_city,21,turn_threshold,0.5,drive_time_curved,42.8849
Modified,normal_city,22,turn_threshold,0.5,drive_time_curved,45.187
Modified,normal_city,23,turn_threshold,0.5,drive_time_curved,30.8963
Modified,normal_city,24,turn_threshold,0.5,drive_time_curved,41.9543
Modified,normal_city,25,turn_threshold,0.5,drive_time_curved,47.2868
Modified,normal_city,26,turn_threshold,0.5,drive_time_curved,41.3927
Modified,normal_city,27,turn_threshold,0.5,drive_time_curved,47.948
Modified,normal_city,28,turn_threshold,0.5,drive_time_curved,46.23
Modified,normal_city,29,turn_threshold,0.5,drive_time_curved,44.924
Modified,blocked_road,0,turn_threshold,0.5,drive_time_curved,47.6698
Modified,blocked_road,1,turn_threshold,0.5,drive_time_curved,53.5428
Modified,blocked_road,2,turn_threshold,0.5,drive_time_curved,38.3718
Modified,blocked_road,3,turn_threshold,0.5,drive_time_curved,30.0246
Modified,blocked_road,4,turn_threshold,0.5,drive_time_curved,65.4904
Modified,blocked_road,5,turn_threshold,0.5,drive_time_curved,49.7918
Modified,blocked_road,6,turn_threshold,0.5,drive_time_curved,38.6329
Modified,blocked_road,7,turn_threshold,0.5,drive_time_curved,50.5832
Modified,blocked_road,8,turn_threshold,0.5,drive_time_curved,36.932
Modified,blocked_road,9,turn_threshold,0.5,drive_time_curved,34.4632
Modified,blocked_road,10,turn_threshold,0.5,drive_time_curved,32.6126
Modified,blocked_road,11,turn_threshold,0.5,drive_time_curved,35.0588
Modified,blocked_road,12,turn_threshold,0.5,drive_time_curved,44.1236
Modified,blocked_road,13,turn_threshold,0.5,drive_time_curved,47.0462
Modified,blocked_road,14,turn_threshold,0.5,drive_time_curved,49.9524
Modified,blocked_road,15,turn_threshold,0.5,drive_time_curved,49.8778
Modified,blocked_road,16,turn_threshold,0.5,drive_time_curved,49.1434
Modified,blocked_road,17,turn_threshold,0.5,drive_time_curved,30.0377
Modified,blocked_road,18,turn_threshold,0.5,drive_time_curved,47.1788
Modified,blocked_road,19,turn_threshold,0.5,drive_time_curved,44.5926
Modified,blocked_road,20,turn_threshold,0.5,drive_time_curved,47.5821
Modified,blocked_road,21,turn_threshold,0.5,drive_time_curved,30.7265
Modified,blocked_road,22,turn_threshold,0.5,drive_time_curved,28.8129
Modified,blocked_road,23,turn_threshold,0.5,drive_time_curved,28.102
Modified,blocked_road,24,turn_threshold,0.5,drive_time_curved,31.1738
Modified,blocked_road,25,turn_threshold,0.5,drive_time_curved,49.7304
Modified,blocked_road,26,turn_threshold,0.5,drive_time_curved,34.3964
Modified,blocked_road,27,turn_threshold,0.5,drive_time_curved,34.39
Modified,blocked_road,28,turn_threshold,0.5,drive_time_curved,33.4407
Modified,blocked_road,29,turn_threshold,0.5,drive_time_curved,32.4267
Modified,dense_city,0,turn_threshold,0.5,drive_time_curved,40.0089
Modified,dense_city,1,turn_threshold,0.5,drive_time_curved,27.3367
Modified,dense_city,2,turn_threshold,0.5,drive_time_curved,42.6402
Modified,dense_city,3,turn_threshold,0.5,drive_time_curved,34.6466
Modified,dense_city,4,turn_threshold,0.5,drive_time_curved,29.229
Modified,dense_city,5,turn_threshold,0.5,drive_time_curved,50.3145
Modified,dense_city,6,turn_threshold,0.5,drive_time_curved,41.9649
Modified,dense_city,7,turn_threshold,0.5,drive_time_curved,61.8763
Modified,dense_city,8,turn_threshold,0.5,drive_time_curved,29.8653
Modified,dense_city,9,turn_threshold,0.5,drive_time_curved,
Modified,dense_city,10,turn_threshold,0.5,drive_time_curved,32.019
Modified,dense_city,11,turn_threshold,0.5,drive_time_curved,29.2969
Modified,dense_city,12,turn_threshold,0.5,drive_time_curved,42.9375
Modified,dense_city,13,turn_threshold,0.5,drive_time_curved,29.3896
Modified,dense_city,14,turn_threshold,0.5,drive_time_curved,41.9803
Modified,dense_city,15,turn_threshold,0.5,drive_time_curved,58.7782
Modified,dense_city,16,turn_threshold,0.5,drive_time_curved,33.5361
Modified,dense_city,17,turn_threshold,0.5,drive_time_curved,34.2895
Modified,dense_city,18,turn_threshold,0.5,drive_time_curved,37.968
Modified,dense_city,19,turn_threshold,0.5,drive_time_curved,30.9656
Modified,dense_city,20,turn_threshold,0.5,drive_time_curved,34.8572
Modified,dense_city,21,turn_threshold,0.5,drive_time_curved,31.4041
Modified,dense_city,22,turn_threshold,0.5,drive_time_curved,29.986
Modified,dense_city,23,turn_threshold,0.5,drive_time_curved,32.63
Modified,dense_city,24,turn_threshold,0.5,drive_time_curved,31.3096
Modified,dense_city,25,turn_threshold,0.5,drive_time_curved,33.966
Modified,dense_city,26,turn_threshold,0.5,drive_time_curved,31.4431
Modified,dense_city,27,turn_threshold,0.5,drive_time_curved,29.1368
Modified,dense_city,28,turn_threshold,0.5,drive_time_curved,27.6003
Modified,dense_city,29,turn_threshold,0.5,drive_time_curved,31.8797
Modified,normal_city,0,turn_threshold,0.8,drive_time_curved,44.4578
Modified,normal_city,1,turn_threshold,0.8,drive_time_curved,47.3966
Modified,normal_city,2,turn_threshold,0.8,drive_time_curved,44.0475
Modified,normal_city,3,turn_threshold,0.8,drive_time_curved,46.2829
Modified,normal_city,4,turn_threshold,0.8,drive_time_curved,45.1041
Modified,normal_city,5,turn_threshold,0.8,drive_time_curved,44.0783
Modified,normal_city,6,turn_threshold,0.8,drive_time_curved,31.7042
Modified,normal_city,7,turn_threshold,0.8,drive_time_curved,46.1276
Modified,normal_city,8,turn_threshold,0.8,drive_time_curved,53.8297
Modified,normal_city,9,turn_threshold,0.8,drive_time_curved,31.1729
Modified,normal_city,10,turn_threshold,0.8,drive_time_curved,37.1364
Modified,normal_city,11,turn_threshold,0.8,drive_time_curved,45.7537
Modified,normal_city,12,turn_threshold,0.8,drive_time_curved,40.1547
Modified,normal_city,13,turn_threshold,0.8,drive_time_curved,49.0648
Modified,normal_city,14,turn_threshold,0.8,drive_time_curved,46.1532
Modified,normal_city,15,turn_threshold,0.8,drive_time_curved,43.2823
Modified,normal_city,16,turn_threshold,0.8,drive_time_curved,44.715
Modified,normal_city,17,turn_threshold,0.8,drive_time_curved,33.0324
Modified,normal_city,18,turn_threshold,0.8,drive_time_curved,42.9357
Modified,normal_city,19,turn_threshold,0.8,drive_time_curved,40.6121
Modified,normal_city,20,turn_threshold,0.8,drive_time_curved,40.0763
Modified,normal_city,21,turn_threshold,0.8,drive_time_curved,44.9426
Modified,normal_city,22,turn_threshold,0.8,drive_time_curved,48.1417
Modified,normal_city,23,turn_threshold,0.8,drive_time_curved,30.5372
Modified,normal_city,24,turn_threshold,0.8,drive_time_curved,42.5798
Modified,normal_city,25,turn_threshold,0.8,drive_time_curved,42.1961
Modified,normal_city,26,turn_threshold,0.8,drive_time_curved,39.5826
Modified,normal_city,27,turn_threshold,0.8,drive_time_curved,50.7521
Modified,normal_city,28,turn_threshold,0.8,drive_time_curved,45.7405
Modified,normal_city,29,turn_threshold,0.8,drive_time_curved,44.8844
Modified,blocked_road,0,turn_threshold,0.8,drive_time_curved,48.8272
Modified,blocked_road,1,turn_threshold,0.8,drive_time_curved,56.1071
Modified,blocked_road,2,turn_threshold,0.8,drive_time_curved,38.3206
Modified,blocked_road,3,turn_threshold,0.8,drive_time_curved,32.3693
Modified,blocked_road,4,turn_threshold,0.8,drive_time_curved,66.1745
Modified,blocked_road,5,turn_threshold,0.8,drive_time_curved,52.2276
Modified,blocked_road,6,turn_threshold,0.8,drive_time_curved,39.1933
Modified,blocked_road,7,turn_threshold,0.8,drive_time_curved,46.9054
Modified,blocked_road,8,turn_threshold,0.8,drive_time_curved,37.5035
Modified,blocked_road,9,turn_threshold,0.8,drive_time_curved,35.5771
Modified,blocked_road,10,turn_threshold,0.8,drive_time_curved,33.6046
Modified,blocked_road,11,turn_threshold,0.8,drive_time_curved,35.32
Modified,blocked_road,12,turn_threshold,0.8,drive_time_curved,45.3201
Modified,blocked_road,13,turn_threshold,0.8,drive_time_curved,44.7298
Modified,blocked_road,14,turn_threshold,0.8,drive_time_curved,48.9148
Modified,blocked_road,15,turn_threshold,0.8,drive_time_curved,47.5483
Modified,blocked_road,16,turn_threshold,0.8,drive_time_curved,50.9699
Modified,blocked_road,17,turn_threshold,0.8,drive_time_curved,30.696
Modified,blocked_road,18,turn_threshold,0.8,drive_time_curved,47.0239
Modified,blocked_road,19,turn_threshold,0.8,drive_time_curved,45.652
Modified,blocked_road,20,turn_threshold,0.8,drive_time_curved,48.0575
Modified,blocked_road,21,turn_threshold,0.8,drive_time_curved,31.9508
Modified,blocked_road,22,turn_threshold,0.8,drive_time_curved,27.8172
Modified,blocked_road,23,turn_threshold,0.8,drive_time_curved,28.147
Modified,blocked_road,24,turn_threshold,0.8,drive_time_curved,32.063
Modified,blocked_road,25,turn_threshold,0.8,drive_time_curved,47.9345
Modified,blocked_road,26,turn_threshold,0.8,drive_time_curved,34.593
Modified,blocked_road,27,turn_threshold,0.8,drive_time_curved,35.7919
Modified,blocked_road,28,turn_threshold,0.8,drive_time_curved,34.8679
Modified,blocked_road,29,turn_threshold,0.8,drive_time_curved,33.0531
Modified,dense_city,0,turn_threshold,0.8,drive_time_curved,40.432
Modified,dense_city,1,turn_threshold,0.8,drive_time_curved,27.3458
Modified,dense_city,2,turn_threshold,0.8,drive_time_curved,42.8677
Modified,dense_city,3,turn_threshold,0.8,drive_time_curved,34.8372
Modified,dense_city,4,turn_threshold,0.8,drive_time_curved,29.2914
Modified,dense_city,5,turn_threshold,0.8,drive_time_curved,51.8338
Modified,dense_city,6,turn_threshold,0.8,drive_time_curved,42.2827
Modified,dense_city,7,turn_threshold,0.8,drive_time_curved,61.7068
Modified,dense_city,8,turn_threshold,0.8,drive_time_curved,29.8772
Modified,dense_city,9,turn_threshold,0.8,drive_time_curved,
Modified,dense_city,10,turn_threshold,0.8,drive_time_curved,32.1159
Modified,dense_city,11,turn_threshold,0.8,drive_time_curved,29.3004
Modified,dense_city,12,turn_threshold,0.8,drive_time_curved,42.565
Modified,dense_city,13,turn_threshold,0.8,drive_time_curved,29.3896
Modified,dense_city,14,turn_threshold,0.8,drive_time_curved,41.9213
Modified,dense_city,15,turn_threshold,0.8,drive_time_curved,58.5864
Modified,dense_city,16,turn_threshold,0.8,drive_time_curved,33.5779
Modified,dense_city,17,turn_threshold,0.8,drive_time_curved,34.4268
Modified,dense_city,18,turn_threshold,0.8,drive_time_curved,37.8855
Modified,dense_city,19,turn_threshold,0.8,drive_time_curved,31.0659
Modified,dense_city,20,turn_threshold,0.8,drive_time_curved,34.7576
Modified,dense_city,21,turn_threshold,0.8,drive_time_curved,31.3561
Modified,dense_city,22,turn_threshold,0.8,drive_time_curved,29.9579
Modified,dense_city,23,turn_threshold,0.8,drive_time_curved,32.63
Modified,dense_city,24,turn_threshold,0.8,drive_time_curved,31.3437
Modified,dense_city,25,turn_threshold,0.8,drive_time_curved,34.0614
Modified,dense_city,26,turn_threshold,0.8,drive_time_curved,31.3679
Modified,dense_city,27,turn_threshold,0.8,drive_time_curved,29.2704
Modified,dense_city,28,turn_threshold,0.8,drive_time_curved,27.768
Modified,dense_city,29,turn_threshold,0.8,drive_time_curved,31.8438
Modified,normal_city,0,turn_threshold,0.2,comp_time,0.18325
Modified,normal_city,1,turn_threshold,0.2,comp_time,0.15203
Modified,normal_city,2,turn_threshold,0.2,comp_time,0.16267
Modified,normal_city,3,turn_threshold,0.2,comp_time,0.22494
Modified,normal_city,4,turn_threshold,0.2,comp_time,0.14825
Modified,normal_city,5,turn_threshold,0.2,comp_time,0.16485
Modified,normal_city,6,turn_threshold,0.2,comp_time,0.43165
Modified,normal_city,7,turn_threshold,0.2,comp_time,0.18769
Modified,normal_city,8,turn_threshold,0.2,comp_time,0.37301
Modified,normal_city,9,turn_threshold,0.2,comp_time,1.52682
Modified,normal_city,10,turn_threshold,0.2,comp_time,0.12952
Modified,normal_city,11,turn_threshold,0.2,comp_time,0.37376
Modified,normal_city,12,turn_threshold,0.2,comp_time,0.47797
Modified,normal_city,13,turn_threshold,0.2,comp_time,0.16381
Modified,normal_city,14,turn_threshold,0.2,comp_time,0.15864
Modified,normal_city,15,turn_threshold,0.2,comp_time,0.16002
Modified,normal_city,16,turn_threshold,0.2,comp_time,0.15089
Modified,normal_city,17,turn_threshold,0.2,comp_time,0.25506
Modified,normal_city,18,turn_threshold,0.2,comp_time,0.14499
Modified,normal_city,19,turn_threshold,0.2,comp_time,0.21219
Modified,normal_city,20,turn_threshold,0.2,comp_time,0.1364
Modified,normal_city,21,turn_threshold,0.2,comp_time,0.14009
Modified,normal_city,22,turn_threshold,0.2,comp_time,0.21766
Modified,normal_city,23,turn_threshold,0.2,comp_time,0.24039
Modified,normal_city,24,turn_threshold,0.2,comp_time,0.17072
Modified,normal_city,25,turn_threshold,0.2,comp_time,0.14686
Modified,normal_city,26,turn_threshold,0.2,comp_time,0.18364
Modified,normal_city,27,turn_threshold,0.2,comp_time,0.2061
Modified,normal_city,28,turn_threshold,0.2,comp_time,0.1634
Modified,normal_city,29,turn_threshold,0.2,comp_time,0.16338
Modified,blocked_road,0,turn_threshold,0.2,comp_time,0.6047
Modified,blocked_road,1,turn_threshold,0.2,comp_time,2.04754
Modified,blocked_road,2,turn_threshold,0.2,comp_time,0.37009
Modified,blocked_road,3,turn_threshold,0.2,comp_time,0.21389
Modified,blocked_road,4,turn_threshold,0.2,comp_time,2.59324
Modified,blocked_road,5,turn_threshold,0.2,comp_time,0.70604
Modified,blocked_road,6,turn_threshold,0.2,comp_time,5.05522
Modified,blocked_road,7,turn_threshold,0.2,comp_time,0.16549
Modified,blocked_road,8,turn_threshold,0.2,comp_time,0.26094
Modified,blocked_road,9,turn_threshold,0.2,comp_time,0.55172
Modified,blocked_road,10,turn_threshold,0.2,comp_time,0.6718
Modified,blocked_road,11,turn_threshold,0.2,comp_time,1.63804
Modified,blocked_road,12,turn_threshold,0.2,comp_time,0.93024
Modified,blocked_road,13,turn_threshold,0.2,comp_time,0.17166
Modified,blocked_road,14,turn_threshold,0.2,comp_time,0.27016
Modified,blocked_road,15,turn_threshold,0.2,comp_time,0.46536
Modified,blocked_road,16,turn_threshold,0.2,comp_time,0.25697
Modified,blocked_road,17,turn_threshold,0.2,comp_time,0.25045
Modified,blocked_road,18,turn_threshold,0.2,comp_time,0.17394
Modified,blocked_road,19,turn_threshold,0.2,comp_time,0.41476
Modified,blocked_road,20,turn_threshold,0.2,comp_time,1.11884
Modified,blocked_road,21,turn_threshold,0.2,comp_time,0.26565
Modified,blocked_road,22,turn_threshold,0.2,comp_time,0.18533
Modified,blocked_road,23,turn_threshold,0.2,comp_time,3.50198
Modified,blocked_road,24,turn_threshold,0.2,comp_time,0.16795
Modified,blocked_road,25,turn_threshold,0.2,comp_time,0.14469
Modified,blocked_road,26,turn_threshold,0.2,comp_time,0.32946
Modified,blocked_road,27,turn_threshold,0.2,comp_time,2.1692
Modified,blocked_road,28,turn_threshold,0.2,comp_time,1.27575
Modified,blocked_road,29,turn_threshold,0.2,comp_time,0.46632
Modified,dense_city,0,turn_threshold,0.2,comp_time,1.20683
Modified,dense_city,1,turn_threshold,0.2,comp_time,0.32472
Modified,dense_city,2,turn_threshold,0.2,comp_time,1.09742
Modified,dense_city,3,turn_threshold,0.2,comp_time,0.82874
Modified,dense_city,4,turn_threshold,0.2,comp_time,0.38814
Modified,dense_city,5,turn_threshold,0.2,comp_time,4.41841
Modified,dense_city,6,turn_threshold,0.2,comp_time,2.46528
Modified,dense_city,7,turn_threshold,0.2,comp_time,17.02189
Modified,dense_city,8,turn_threshold,0.2,comp_time,0.27148
Modified,dense_city,9,turn_threshold,0.2,comp_time,1.35506
Modified,dense_city,10,turn_threshold,0.2,comp_time,1.2686
Modified,dense_city,11,turn_threshold,0.2,comp_time,1.45731
Modified,dense_city,12,turn_threshold,0.2,comp_time,1.98416
Modified,dense_city,13,turn_threshold,0.2,comp_time,0.91085
Modified,dense_city,14,turn_threshold,0.2,comp_time,1.74296
Modified,dense_city,15,turn_threshold,0.2,comp_time,2.29506
Modified,dense_city,16,turn_threshold,0.2,comp_time,2.07359
Modified,dense_city,17,turn_threshold,0.2,comp_time,0.53771
Modified,dense_city,18,turn_threshold,0.2,comp_time,0.38265
Modified,dense_city,19,turn_threshold,0.2,comp_time,1.60167
Modified,dense_city,20,turn_threshold,0.2,comp_time,2.12571
Modified,dense_city,21,turn_threshold,0.2,comp_time,0.97748
Modified,dense_city,22,turn_threshold,0.2,comp_time,6.90799
Modified,dense_city,23,turn_threshold,0.2,comp_time,1.63
Modified,dense_city,24,turn_threshold,0.2,comp_time,0.34294
Modified,dense_city,25,turn_threshold,0.2,comp_time,1.21639
Modified,dense_city,26,turn_threshold,0.2,comp_time,0.36768
Modified,dense_city,27,turn_threshold,0.2,comp_time,1.80269
Modified,dense_city,28,turn_threshold,0.2,comp_time,0.89904
Modified,dense_city,29,turn_threshold,0.2,comp_time,0.91636
Modified,normal_city,0,turn_threshold,0.35,comp_time,0.17241
Modified,normal_city,1,turn_threshold,0.35,comp_time,0.14682
Modified,normal_city,2,turn_threshold,0.35,comp_time,0.15812
Modified,normal_city,3,turn_threshold,0.35,comp_time,0.24651
Modified,normal_city,4,turn_threshold,0.35,comp_time,0.14732
Modified,normal_city,5,turn_threshold,0.35,comp_time,0.15807
Modified,normal_city,6,turn_threshold,0.35,comp_time,0.37784
Modified,normal_city,7,turn_threshold,0.35,comp_time,0.17587
Modified,normal_city,8,turn_threshold,0.35,comp_time,0.34573
Modified,normal_city,9,turn_threshold,0.35,comp_time,1.50664
Modified,normal_city,10,turn_threshold,0.35,comp_time,0.12341
Modified,normal_city,11,turn_threshold,0.35,comp_time,0.34535
Modified,normal_city,12,turn_threshold,0.35,comp_time,0.43536
Modified,normal_city,13,turn_threshold,0.35,comp_time,0.15156
Modified,normal_city,14,turn_threshold,0.35,comp_time,0.15381
Modified,normal_city,15,turn_threshold,0.35,comp_time,0.16488
Modified,normal_city,16,turn_threshold,0.35,comp_time,0.15699
Modified,normal_city,17,turn_threshold,0.35,comp_time,0.26438
Modified,normal_city,18,turn_threshold,0.35,comp_time,0.13884
Modified,normal_city,19,turn_threshold,0.35,comp_time,0.20944
Modified,normal_city,20,turn_threshold,0.35,comp_time,0.13751
Modified,normal_city,21,turn_threshold,0.35,comp_time,0.14621
Modified,normal_city,22,turn_threshold,0.35,comp_time,0.20835
Modified,normal_city,23,turn_threshold,0.35,comp_time,0.25905
Modified,normal_city,24,turn_threshold,0.35,comp_time,0.16619
Modified,normal_city,25,turn_threshold,0.35,comp_time,0.15352
Modified,normal_city,26,turn_threshold,0.35,comp_time,0.16271
Modified,normal_city,27,turn_threshold,0.35,comp_time,0.21077
Modified,normal_city,28,turn_threshold,0.35,comp_time,0.15876
Modified,normal_city,29,turn_threshold,0.35,comp_time,0.16621
Modified,blocked_road,0,turn_threshold,0.35,comp_time,0.60889
Modified,blocked_road,1,turn_threshold,0.35,comp_time,2.11383
Modified,blocked_road,2,turn_threshold,0.35,comp_time,0.35639
Modified,blocked_road,3,turn_threshold,0.35,comp_time,0.19956
Modified,blocked_road,4,turn_threshold,0.35,comp_time,2.84914
Modified,blocked_road,5,turn_threshold,0.35,comp_time,0.70782
Modified,blocked_road,6,turn_threshold,0.35,comp_time,5.839
Modified,blocked_road,7,turn_threshold,0.35,comp_time,0.16425
Modified,blocked_road,8,turn_threshold,0.35,comp_time,0.29562
Modified,blocked_road,9,turn_threshold,0.35,comp_time,0.66344
Modified,blocked_road,10,turn_threshold,0.35,comp_time,0.79022
Modified,blocked_road,11,turn_threshold,0.35,comp_time,1.85021
Modified,blocked_road,12,turn_threshold,0.35,comp_time,1.04062
Modified,blocked_road,13,turn_threshold,0.35,comp_time,0.18445
Modified,blocked_road,14,turn_threshold,0.35,comp_time,0.2842
Modified,blocked_road,15,turn_threshold,0.35,comp_time,0.52291
Modified,blocked_road,16,turn_threshold,0.35,comp_time,0.27123
Modified,blocked_road,17,turn_threshold,0.35,comp_time,0.25368
Modified,blocked_road,18,turn_threshold,0.35,comp_time,0.18077
Modified,blocked_road,19,turn_threshold,0.35,comp_time,0.45989
Modified,blocked_road,20,turn_threshold,0.35,comp_time,1.23673
Modified,blocked_road,21,turn_threshold,0.35,comp_time,0.29482
Modified,blocked_road,22,turn_threshold,0.35,comp_time,0.18425
Modified,blocked_road,23,turn_threshold,0.35,comp_time,3.91868
Modified,blocked_road,24,turn_threshold,0.35,comp_time,0.19133
Modified,blocked_road,25,turn_threshold,0.35,comp_time,0.16145
Modified,blocked_road,26,turn_threshold,0.35,comp_time,0.37517
Modified,blocked_road,27,turn_threshold,0.35,comp_time,2.35491
Modified,blocked_road,28,turn_threshold,0.35,comp_time,1.43874
Modified,blocked_road,29,turn_threshold,0.35,comp_time,0.5187
Modified,dense_city,0,turn_threshold,0.35,comp_time,1.34235
Modified,dense_city,1,turn_threshold,0.35,comp_time,0.34852
Modified,dense_city,2,turn_threshold,0.35,comp_time,1.16631
Modified,dense_city,3,turn_threshold,0.35,comp_time,0.88555
Modified,dense_city,4,turn_threshold,0.35,comp_time,0.4215
Modified,dense_city,5,turn_threshold,0.35,comp_time,5.55451
Modified,dense_city,6,turn_threshold,0.35,comp_time,3.28831
Modified,dense_city,7,turn_threshold,0.35,comp_time,19.47499
Modified,dense_city,8,turn_threshold,0.35,comp_time,0.30042
Modified,dense_city,9,turn_threshold,0.35,comp_time,1.76945
Modified,dense_city,10,turn_threshold,0.35,comp_time,1.47367
Modified,dense_city,11,turn_threshold,0.35,comp_time,1.76155
Modified,dense_city,12,turn_threshold,0.35,comp_time,2.12437
Modified,dense_city,13,turn_threshold,0.35,comp_time,1.00627
Modified,dense_city,14,turn_threshold,0.35,comp_time,1.94605
Modified,dense_city,15,turn_threshold,0.35,comp_time,2.60056
Modified,dense_city,16,turn_threshold,0.35,comp_time,2.2408
Modified,dense_city,17,turn_threshold,0.35,comp_time,0.60811
Modified,dense_city,18,turn_threshold,0.35,comp_time,0.42512
Modified,dense_city,19,turn_threshold,0.35,comp_time,1.8214
Modified,dense_city,20,turn_threshold,0.35,comp_time,2.33872
Modified,dense_city,21,turn_threshold,0.35,comp_time,1.06925
Modified,dense_city,22,turn_threshold,0.35,comp_time,7.61626
Modified,dense_city,23,turn_threshold,0.35,comp_time,1.81261
Modified,dense_city,24,turn_threshold,0.35,comp_time,0.38893
Modified,dense_city,25,turn_threshold,0.35,comp_time,1.32082
Modified,dense_city,26,turn_threshold,0.35,comp_time,0.39505
Modified,dense_city,27,turn_threshold,0.35,comp_time,1.89565
Modified,dense_city,28,turn_threshold,0.35,comp_time,0.95384
Modified,dense_city,29,turn_threshold,0.35,comp_time,0.98779
Modified,normal_city,0,turn_threshold,0.5,comp_time,0.18625
Modified,normal_city,1,turn_threshold,0.5,comp_time,0.17355
Modified,normal_city,2,turn_threshold,0.5,comp_time,0.18659
Modified,normal_city,3,turn_threshold,0.5,comp_time,0.27886
Modified,normal_city,4,turn_threshold,0.5,comp_time,0.15942
Modified,normal_city,5,turn_threshold,0.5,comp_time,0.17515
Modified,normal_city,6,turn_threshold,0.5,comp_time,0.42538
Modified,normal_city,7,turn_threshold,0.5,comp_time,0.19365
Modified,normal_city,8,turn_threshold,0.5,comp_time,0.37684
Modified,normal_city,9,turn_threshold,0.5,comp_time,1.63929
Modified,normal_city,10,turn_threshold,0.5,comp_time,0.14457
Modified,normal_city,11,turn_threshold,0.5,comp_time,0.38116
Modified,normal_city,12,turn_threshold,0.5,comp_time,0.50873
Modified,normal_city,13,turn_threshold,0.5,comp_time,0.17201
Modified,normal_city,14,turn_threshold,0.5,comp_time,0.16593
Modified,normal_city,15,turn_threshold,0.5,comp_time,0.1958
Modified,normal_city,16,turn_threshold,0.5,comp_time,0.16682
Modified,normal_city,17,turn_threshold,0.5,comp_time,0.29047
Modified,normal_city,18,turn_threshold,0.5,comp_time,0.15481
Modified,normal_city,19,turn_threshold,0.5,comp_time,0.23304
Modified,normal_city,20,turn_threshold,0.5,comp_time,0.15482
Modified,normal_city,21,turn_threshold,0.5,comp_time,0.15593
Modified,normal_city,22,turn_threshold,0.5,comp_time,0.22316
Modified,normal_city,23,turn_threshold,0.5,comp_time,0.26701
Modified,normal_city,24,turn_threshold,0.5,comp_time,0.17656
Modified,normal_city,25,turn_threshold,0.5,comp_time,0.16081
Modified,normal_city,26,turn_threshold,0.5,comp_time,0.19199
Modified,normal_city,27,turn_threshold,0.5,comp_time,0.22708
Modified,normal_city,28,turn_threshold,0.5,comp_time,0.16666
Modified,normal_city,29,turn_threshold,0.5,comp_time,0.16276
Modified,blocked_road,0,turn_threshold,0.5,comp_time,0.70689
Modified,blocked_road,1,turn_threshold,0.5,comp_time,2.27441
Modified,blocked_road,2,turn_threshold,0.5,comp_time,0.40428
Modified,blocked_road,3,turn_threshold,0.5,comp_time,0.20885
Modified,blocked_road,4,turn_threshold,0.5,comp_time,2.86698
Modified,blocked_road,5,turn_threshold,0.5,comp_time,0.74068
Modified,blocked_road,6,turn_threshold,0.5,comp_time,5.73375
Modified,blocked_road,7,turn_threshold,0.5,comp_time,0.1575
Modified,blocked_road,8,turn_threshold,0.5,comp_time,0.33387
Modified,blocked_road,9,turn_threshold,0.5,comp_time,0.63154
Modified,blocked_road,10,turn_threshold,0.5,comp_time,0.75025
Modified,blocked_road,11,turn_threshold,0.5,comp_time,1.86461
Modified,blocked_road,12,turn_threshold,0.5,comp_time,1.05161
Modified,blocked_road,13,turn_threshold,0.5,comp_time,0.19793
Modified,blocked_road,14,turn_threshold,0.5,comp_time,0.31103
Modified,blocked_road,15,turn_threshold,0.5,comp_time,0.57742
Modified,blocked_road,16,turn_threshold,0.5,comp_time,0.26687
Modified,blocked_road,17,turn_threshold,0.5,comp_time,0.25969
Modified,blocked_road,18,turn_threshold,0.5,comp_time,0.18061
Modified,blocked_road,19,turn_threshold,0.5,comp_time,0.43732
Modified,blocked_road,20,turn_threshold,0.5,comp_time,1.23018
Modified,blocked_road,21,turn_threshold,0.5,comp_time,0.28853
Modified,blocked_road,22,turn_threshold,0.5,comp_time,0.19554
Modified,blocked_road,23,turn_threshold,0.5,comp_time,3.85802
Modified,blocked_road,24,turn_threshold,0.5,comp_time,0.18321
Modified,blocked_road,25,turn_threshold,0.5,comp_time,0.15843
Modified,blocked_road,26,turn_threshold,0.5,comp_time,0.3559
Modified,blocked_road,27,turn_threshold,0.5,comp_time,2.36948
Modified,blocked_road,28,turn_threshold,0.5,comp_time,1.45842
Modified,blocked_road,29,turn_threshold,0.5,comp_time,0.50574
Modified,dense_city,0,turn_threshold,0.5,comp_time,1.31865
Modified,dense_city,1,turn_threshold,0.5,comp_time,0.3483
Modified,dense_city,2,turn_threshold,0.5,comp_time,1.22027
Modified,dense_city,3,turn_threshold,0.5,comp_time,0.92988
Modified,dense_city,4,turn_threshold,0.5,comp_time,0.47762
Modified,dense_city,5,turn_threshold,0.5,comp_time,4.79664
Modified,dense_city,6,turn_threshold,0.5,comp_time,2.75561
Modified,dense_city,7,turn_threshold,0.5,comp_time,18.81875
Modified,dense_city,8,turn_threshold,0.5,comp_time,0.28276
Modified,dense_city,9,turn_threshold,0.5,comp_time,1.47759
Modified,dense_city,10,turn_threshold,0.5,comp_time,1.39054
Modified,dense_city,11,turn_threshold,0.5,comp_time,1.61457
Modified,dense_city,12,turn_threshold,0.5,comp_time,2.17246
Modified,dense_city,13,turn_threshold,0.5,comp_time,0.99457
Modified,dense_city,14,turn_threshold,0.5,comp_time,2.04388
Modified,dense_city,15,turn_threshold,0.5,comp_time,2.68885
Modified,dense_city,16,turn_threshold,0.5,comp_time,2.38468
Modified,dense_city,17,turn_threshold,0.5,comp_time,0.61487
Modified,dense_city,18,turn_threshold,0.5,comp_time,0.41502
Modified,dense_city,19,turn_threshold,0.5,comp_time,1.75941
Modified,dense_city,20,turn_threshold,0.5,comp_time,2.27377
Modified,dense_city,21,turn_threshold,0.5,comp_time,1.08375
Modified,dense_city,22,turn_threshold,0.5,comp_time,7.52544
Modified,dense_city,23,turn_threshold,0.5,comp_time,1.80834
Modified,dense_city,24,turn_threshold,0.5,comp_time,0.38464
Modified,dense_city,25,turn_threshold,0.5,comp_time,1.30466
Modified,dense_city,26,turn_threshold,0.5,comp_time,0.38829
Modified,dense_city,27,turn_threshold,0.5,comp_time,1.93623
Modified,dense_city,28,turn_threshold,0.5,comp_time,1.00462
Modified,dense_city,29,turn_threshold,0.5,comp_time,0.9888
Modified,normal_city,0,turn_threshold,0.8,comp_time,0.21083
Modified,normal_city,1,turn_threshold,0.8,comp_time,0.17708
Modified,normal_city,2,turn_threshold,0.8,comp_time,0.19862
Modified,normal_city,3,turn_threshold,0.8,comp_time,0.30903
Modified,normal_city,4,turn_threshold,0.8,comp_time,0.16781
Modified,normal_city,5,turn_threshold,0.8,comp_time,0.16748
Modified,normal_city,6,turn_threshold,0.8,comp_time,0.42511
Modified,normal_city,7,turn_threshold,0.8,comp_time,0.20861
Modified,normal_city,8,turn_threshold,0.8,comp_time,0.38152
Modified,normal_city,9,turn_threshold,0.8,comp_time,1.63468
Modified,normal_city,10,turn_threshold,0.8,comp_time,0.15372
Modified,normal_city,11,turn_threshold,0.8,comp_time,0.37017
Modified,normal_city,12,turn_threshold,0.8,comp_time,0.47263
Modified,normal_city,13,turn_threshold,0.8,comp_time,0.14712
Modified,normal_city,14,turn_threshold,0.8,comp_time,0.15937
Modified,normal_city,15,turn_threshold,0.8,comp_time,0.17745
Modified,normal_city,16,turn_threshold,0.8,comp_time,0.14288
Modified,normal_city,17,turn_threshold,0.8,comp_time,0.26777
Modified,normal_city,18,turn_threshold,0.8,comp_time,0.15425
Modified,normal_city,19,turn_threshold,0.8,comp_time,0.21896
Modified,normal_city,20,turn_threshold,0.8,comp_time,0.15169
Modified,normal_city,21,turn_threshold,0.8,comp_time,0.147
Modified,normal_city,22,turn_threshold,0.8,comp_time,0.20811
Modified,normal_city,23,turn_threshold,0.8,comp_time,0.25151
Modified,normal_city,24,turn_threshold,0.8,comp_time,0.16163
Modified,normal_city,25,turn_threshold,0.8,comp_time,0.1829
Modified,normal_city,26,turn_threshold,0.8,comp_time,0.16072
Modified,normal_city,27,turn_threshold,0.8,comp_time,0.18949
Modified,normal_city,28,turn_threshold,0.8,comp_time,0.15338
Modified,normal_city,29,turn_threshold,0.8,comp_time,0.16339
Modified,blocked_road,0,turn_threshold,0.8,comp_time,0.67838
Modified,blocked_road,1,turn_threshold,0.8,comp_time,2.21759
Modified,blocked_road,2,turn_threshold,0.8,comp_time,0.41673
Modified,blocked_road,3,turn_threshold,0.8,comp_time,0.18482
Modified,blocked_road,4,turn_threshold,0.8,comp_time,2.8428
Modified,blocked_road,5,turn_threshold,0.8,comp_time,0.73269
Modified,blocked_road,6,turn_threshold,0.8,comp_time,5.55931
Modified,blocked_road,7,turn_threshold,0.8,comp_time,0.14851
Modified,blocked_road,8,turn_threshold,0.8,comp_time,0.27118
Modified,blocked_road,9,turn_threshold,0.8,comp_time,0.60596
Modified,blocked_road,10,turn_threshold,0.8,comp_time,0.72686
Modified,blocked_road,11,turn_threshold,0.8,comp_time,1.79778
Modified,blocked_road,12,turn_threshold,0.8,comp_time,1.03511
Modified,blocked_road,13,turn_threshold,0.8,comp_time,0.17264
Modified,blocked_road,14,turn_threshold,0.8,comp_time,0.28042
Modified,blocked_road,15,turn_threshold,0.8,comp_time,0.5036
Modified,blocked_road,16,turn_threshold,0.8,comp_time,0.24573
Modified,blocked_road,17,turn_threshold,0.8,comp_time,0.25236
Modified,blocked_road,18,turn_threshold,0.8,comp_time,0.18443
Modified,blocked_road,19,turn_threshold,0.8,comp_time,0.41879
Modified,blocked_road,20,turn_threshold,0.8,comp_time,1.23509
Modified,blocked_road,21,turn_threshold,0.8,comp_time,0.29094
Modified,blocked_road,22,turn_threshold,0.8,comp_time,0.16545
Modified,blocked_road,23,turn_threshold,0.8,comp_time,3.87287
Modified,blocked_road,24,turn_threshold,0.8,comp_time,0.1761
Modified,blocked_road,25,turn_threshold,0.8,comp_time,0.14754
Modified,blocked_road,26,turn_threshold,0.8,comp_time,0.35069
Modified,blocked_road,27,turn_threshold,0.8,comp_time,2.40385
Modified,blocked_road,28,turn_threshold,0.8,comp_time,1.43112
Modified,blocked_road,29,turn_threshold,0.8,comp_time,0.49811
Modified,dense_city,0,turn_threshold,0.8,comp_time,1.39059
Modified,dense_city,1,turn_threshold,0.8,comp_time,0.34856
Modified,dense_city,2,turn_threshold,0.8,comp_time,1.1778
Modified,dense_city,3,turn_threshold,0.8,comp_time,0.87422
Modified,dense_city,4,turn_threshold,0.8,comp_time,0.42619
Modified,dense_city,5,turn_threshold,0.8,comp_time,4.84258
Modified,dense_city,6,turn_threshold,0.8,comp_time,2.68592
Modified,dense_city,7,turn_threshold,0.8,comp_time,19.04295
Modified,dense_city,8,turn_threshold,0.8,comp_time,0.28232
Modified,dense_city,9,turn_threshold,0.8,comp_time,1.48347
Modified,dense_city,10,turn_threshold,0.8,comp_time,1.42843
Modified,dense_city,11,turn_threshold,0.8,comp_time,1.58608
Modified,dense_city,12,turn_threshold,0.8,comp_time,2.17102
Modified,dense_city,13,turn_threshold,0.8,comp_time,0.97724
Modified,dense_city,14,turn_threshold,0.8,comp_time,1.93076
Modified,dense_city,15,turn_threshold,0.8,comp_time,2.59587
Modified,dense_city,16,turn_threshold,0.8,comp_time,2.34888
Modified,dense_city,17,turn_threshold,0.8,comp_time,0.62668
Modified,dense_city,18,turn_threshold,0.8,comp_time,0.43412
Modified,dense_city,19,turn_threshold,0.8,comp_time,1.80111
Modified,dense_city,20,turn_threshold,0.8,comp_time,2.295
Modified,dense_city,21,turn_threshold,0.8,comp_time,1.10431
Modified,dense_city,22,turn_threshold,0.8,comp_time,7.58892
Modified,dense_city,23,turn_threshold,0.8,comp_time,1.81718
Modified,dense_city,24,turn_threshold,0.8,comp_time,0.36826
Modified,dense_city,25,turn_threshold,0.8,comp_time,1.36167
Modified,dense_city,26,turn_threshold,0.8,comp_time,0.40029
Modified,dense_city,27,turn_threshold,0.8,comp_time,1.94627
Modified,dense_city,28,turn_threshold,0.8,comp_time,0.96364
Modified,dense_city,29,turn_threshold,0.8,comp_time,1.04064
