planner,scenario,instance,parameter,value,metric,result
Modified,normal_city,0,subgoal_dist,9.0,success,1.0
Modified,normal_city,1,subgoal_dist,9.0,success,1.0
Modified,normal_city,2,subgoal_dist,9.0,success,1.0
Modified,normal_city,3,subgoal_dist,9.0,success,1.0
Modified,normal_city,4,subgoal_dist,9.0,success,1.0
Modified,normal_city,5,subgoal_dist,9.0,success,1.0
Modified,normal_city,6,subgoal_dist,9.0,success,1.0
Modified,normal_city,7,subgoal_dist,9.0,success,1.0
Modified,normal_city,8,subgoal_dist,9.0,success,1.0
Modified,normal_city,9,subgoal_dist,9.0,success,1.0
Modified,normal_city,10,subgoal_dist,9.0,success,1.0
Modified,normal_city,11,subgoal_dist,9.0,success,1.0
Modified,normal_city,12,subgoal_dist,9.0,success,1.0
Modified,normal_city,13,subgoal_dist,9.0,success,1.0
Modified,normal_city,14,subgoal_dist,9.0,success,1.0
Modified,normal_city,15,subgoal_dist,9.0,success,1.0
Modified,normal_city,16,subgoal_dist,9.0,success,1.0
Modified,normal_city,17,subgoal_dist,9.0,success,1.0
Modified,normal_city,18,subgoal_dist,9.0,success,1.0
Modified,normal_city,19,subgoal_dist,9.0,success,1.0
Modified,normal_city,20,subgoal_dist,9.0,success,1.0
Modified,normal_city,21,subgoal_dist,9.0,success,1.0
Modified,normal_city,22,subgoal_dist,9.0,success,1.0
Modified,normal_city,23,subgoal_dist,9.0,success,1.0
Modified,normal_city,24,subgoal_dist,9.0,success,1.0
Modified,normal_city,25,subgoal_dist,9.0,success,1.0
Modified,normal_city,26,subgoal_dist,9.0,success,1.0
Modified,normal_city,27,subgoal_dist,9.0,success,1.0
Modified,normal_city,28,subgoal_dist,9.0,success,1.0
Modified,normal_city,29,subgoal_dist,9.0,success,1.0
Modified,blocked_road,0,subgoal_dist,9.0,success,1.0
Modified,blocked_road,1,subgoal_dist,9.0,success,1.0
Modified,blocked_road,2,subgoal_dist,9.0,success,1.0
Modified,blocked_road,3,subgoal_dist,9.0,success,1.0
Modified,blocked_road,4,subgoal_dist,9.0,success,1.0
Modified,blocked_road,5,subgoal_dist,9.0,success,1.0
Modified,blocked_road,6,subgoal_dist,9.0,success,1.0
Modified,blocked_road,7,subgoal_dist,9.0,success,1.0
Modified,blocked_road,8,subgoal_dist,9.0,success,1.0
Modified,blocked_road,9,subgoal_dist,9.0,success,1.0
Modified,blocked_road,10,subgoal_dist,9.0,success,1.0
Modified,blocked_road,11,subgoal_dist,9.0,success,1.0
Modified,blocked_road,12,subgoal_dist,9.0,success,1.0
Modified,blocked_road,13,subgoal_dist,9.0,success,1.0
Modified,blocked_road,14,subgoal_dist,9.0,success,1.0
Modified,blocked_road,15,subgoal_dist,9.0,success,1.0
Modified,blocked_road,16,subgoal_dist,9.0,success,1.0
Modified,blocked_road,17,subgoal_dist,9.0,success,1.0
Modified,blocked_road,18,subgoal_dist,9.0,success,1.0
Modified,blocked_road,19,subgoal_dist,9.0,success,1.0
Modified,blocked_road,20,subgoal_dist,9.0,success,1.0
Modified,blocked_road,21,subgoal_dist,9.0,success,1.0
Modified,blocked_road,22,subgoal_dist,9.0,success,1.0
Modified,blocked_road,23,subgoal_dist,9.0,success,1.0
Modified,blocked_road,24,subgoal_dist,9.0,success,1.0
Modified,blocked_road,25,subgoal_dist,9.0,success,1.0
Modified,blocked_road,26,subgoal_dist,9.0,success,1.0
Modified,blocked_road,27,subgoal_dist,9.0,success,1.0
Modified,blocked_road,28,subgoal_dist,9.0,success,1.0
Modified,blocked_road,29,subgoal_dist,9.0,success,1.0
Modified,dense_city,0,subgoal_dist,9.0,success,1.0
Modified,dense_city,1,subgoal_dist,9.0,success,1.0
Modified,dense_city,2,subgoal_dist,9.0,success,1.0
Modified,dense_city,3,subgoal_dist,9.0,success,1.0
Modified,dense_city,4,subgoal_dist,9.0,success,1.0
Modified,dense_city,5,subgoal_dist,9.0,success,1.0
Modified,dense_city,6,subgoal_dist,9.0,success,1.0
Modified,dense_city,7,subgoal_dist,9.0,success,1.0
Modified,dense_city,8,subgoal_dist,9.0,success,1.0
Modified,dense_city,9,subgoal_dist,9.0,success,0.0
Modified,dense_city,10,subgoal_dist,9.0,success,1.0
Modified,dense_city,11,subgoal_dist,9.0,success,1.0
Modified,dense_city,12,subgoal_dist,9.0,success,1.0
Modified,dense_city,13,subgoal_dist,9.0,success,1.0
Modified,dense_city,14,subgoal_dist,9.0,success,1.0
Modified,dense_city,15,subgoal_dist,9.0,success,1.0
Modified,dense_city,16,subgoal_dist,9.0,success,1.0
Modified,dense_city,17,subgoal_dist,9.0,success,1.0
Modified,dense_city,18,subgoal_dist,9.0,success,1.0
Modified,dense_city,19,subgoal_dist,9.0,success,1.0
Modified,dense_city,20,subgoal_dist,9.0,success,1.0
Modified,dense_city,21,subgoal_dist,9.0,success,1.0
Modified,dense_city,22,subgoal_dist,9.0,success,1.0
Modified,dense_city,23,subgoal_dist,9.0,success,1.0
Modified,dense_city,24,subgoal_dist,9.0,success,1.0
Modified,dense_city,25,subgoal_dist,9.0,success,1.0
Modified,dense_city,26,subgoal_dist,9.0,success,1.0
Modified,dense_city,27,subgoal_dist,9.0,success,1.0
Modified,dense_city,28,subgoal_dist,9.0,success,1.0
Modified,dense_city,29,subgoal_dist,9.0,success,1.0
Modified,normal_city,0,subgoal_dist,12.0,success,1.0
Modified,normal_city,1,subgoal_dist,12.0,success,1.0
Modified,normal_city,2,subgoal_dist,12.0,success,1.0
Modified,normal_city,3,subgoal_dist,12.0,success,1.0
Modified,normal_city,4,subgoal_dist,12.0,success,1.0
Modified,normal_city,5,subgoal_dist,12.0,success,1.0
Modified,normal_city,6,subgoal_dist,12.0,success,1.0
Modified,normal_city,7,subgoal_dist,12.0,success,1.0
Modified,normal_city,8,subgoal_dist,12.0,success,1.0
Modified,normal_city,9,subgoal_dist,12.0,success,1.0
Modified,normal_city,10,subgoal_dist,12.0,success,1.0
Modified,normal_city,11,subgoal_dist,12.0,success,1.0
Modified,normal_city,12,subgoal_dist,12.0,success,1.0
Modified,normal_city,13,subgoal_dist,12.0,success,1.0
Modified,normal_city,14,subgoal_dist,12.0,success,1.0
Modified,normal_city,15,subgoal_dist,12.0,success,1.0
Modified,normal_city,16,subgoal_dist,12.0,success,1.0
Modified,normal_city,17,subgoal_dist,12.0,success,1.0
Modified,normal_city,18,subgoal_dist,12.0,success,1.0
Modified,normal_city,19,subgoal_dist,12.0,success,1.0
Modified,normal_city,20,subgoal_dist,12.0,success,1.0
Modified,normal_city,21,subgoal_dist,12.0,success,1.0
Modified,normal_city,22,subgoal_dist,12.0,success,1.0
Modified,normal_city,23,subgoal_dist,12.0,success,1.0
Modified,normal_city,24,subgoal_dist,12.0,success,1.0
Modified,normal_city,25,subgoal_dist,12.0,success,1.0
Modified,normal_city,26,subgoal_dist,12.0,success,1.0
Modified,normal_city,27,subgoal_dist,12.0,success,1.0
Modified,normal_city,28,subgoal_dist,12.0,success,1.0
Modified,normal_city,29,subgoal_dist,12.0,success,1.0
Modified,blocked_road,0,subgoal_dist,12.0,success,1.0
Modified,blocked_road,1,subgoal_dist,12.0,success,1.0
Modified,blocked_road,2,subgoal_dist,12.0,success,1.0
Modified,blocked_road,3,subgoal_dist,12.0,success,1.0
Modified,blocked_road,4,subgoal_dist,12.0,success,1.0
Modified,blocked_road,5,subgoal_dist,12.0,success,1.0
Modified,blocked_road,6,subgoal_dist,12.0,success,1.0
Modified,blocked_road,7,subgoal_dist,12.0,success,1.0
Modified,blocked_road,8,subgoal_dist,12.0,success,1.0
Modified,blocked_road,9,subgoal_dist,12.0,success,1.0
Modified,blocked_road,10,subgoal_dist,12.0,success,1.0
Modified,blocked_road,11,subgoal_dist,12.0,success,1.0
Modified,blocked_road,12,subgoal_dist,12.0,success,1.0
Modified,blocked_road,13,subgoal_dist,12.0,success,1.0
Modified,blocked_road,14,subgoal_dist,12.0,success,1.0
Modified,blocked_road,15,subgoal_dist,12.0,success,1.0
Modified,blocked_road,16,subgoal_dist,12.0,success,1.0
Modified,blocked_road,17,subgoal_dist,12.0,success,1.0
Modified,blocked_road,18,subgoal_dist,12.0,success,1.0
Modified,blocked_road,19,subgoal_dist,12.0,success,1.0
Modified,blocked_road,20,subgoal_dist,12.0,success,1.0
Modified,blocked_road,21,subgoal_dist,12.0,success,1.0
Modified,blocked_road,22,subgoal_dist,12.0,success,1.0
Modified,blocked_road,23,subgoal_dist,12.0,success,1.0
Modified,blocked_road,24,subgoal_dist,12.0,success,1.0
Modified,blocked_road,25,subgoal_dist,12.0,success,1.0
Modified,blocked_road,26,subgoal_dist,12.0,success,1.0
Modified,blocked_road,27,subgoal_dist,12.0,success,1.0
Modified,blocked_road,28,subgoal_dist,12.0,success,1.0
Modified,blocked_road,29,subgoal_dist,12.0,success,1.0
Modified,dense_city,0,subgoal_dist,12.0,success,1.0
Modified,dense_city,1,subgoal_dist,12.0,success,1.0
Modified,dense_city,2,subgoal_dist,12.0,success,1.0
Modified,dense_city,3,subgoal_dist,12.0,success,1.0
Modified,dense_city,4,subgoal_dist,12.0,success,1.0
Modified,dense_city,5,subgoal_dist,12.0,success,1.0
Modified,dense_city,6,subgoal_dist,12.0,success,1.0
Modified,dense_city,7,subgoal_dist,12.0,success,1.0
Modified,dense_city,8,subgoal_dist,12.0,success,1.0
Modified,dense_city,9,subgoal_dist,12.0,success,0.0
Modified,dense_city,10,subgoal_dist,12.0,success,1.0
Modified,dense_city,11,subgoal_dist,12.0,success,1.0
Modified,dense_city,12,subgoal_dist,12.0,success,1.0
Modified,dense_city,13,subgoal_dist,12.0,success,1.0
Modified,dense_city,14,subgoal_dist,12.0,success,1.0
Modified,dense_city,15,subgoal_dist,12.0,success,1.0
Modified,dense_city,16,subgoal_dist,12.0,success,1.0
Modified,dense_city,17,subgoal_dist,12.0,success,1.0
Modified,dense_city,18,subgoal_dist,12.0,success,1.0
Modified,dense_city,19,subgoal_dist,12.0,success,1.0
Modified,dense_city,20,subgoal_dist,12.0,success,1.0
Modified,dense_city,21,subgoal_dist,12.0,success,1.0
Modified,dense_city,22,subgoal_dist,12.0,success,1.0
Modified,dense_city,23,subgoal_dist,12.0,success,1.0
Modified,dense_city,24,subgoal_dist,12.0,success,1.0
Modified,dense_city,25,subgoal_dist,12.0,success,1.0
Modified,dense_city,26,subgoal_dist,12.0,success,1.0
Modified,dense_city,27,subgoal_dist,12.0,success,1.0
Modified,dense_city,28,subgoal_dist,12.0,success,1.0
Modified,dense_city,29,subgoal_dist,12.0,success,1.0
Modified,normal_city,0,subgoal_dist,18.0,success,1.0
Modified,normal_city,1,subgoal_dist,18.0,success,1.0
Modified,normal_city,2,subgoal_dist,18.0,success,1.0
Modified,normal_city,3,subgoal_dist,18.0,success,1.0
Modified,normal_city,4,subgoal_dist,18.0,success,1.0
Modified,normal_city,5,subgoal_dist,18.0,success,1.0
Modified,normal_city,6,subgoal_dist,18.0,success,1.0
Modified,normal_city,7,subgoal_dist,18.0,success,1.0
Modified,normal_city,8,subgoal_dist,18.0,success,1.0
Modified,normal_city,9,subgoal_dist,18.0,success,1.0
Modified,normal_city,10,subgoal_dist,18.0,success,1.0
Modified,normal_city,11,subgoal_dist,18.0,success,1.0
Modified,normal_city,12,subgoal_dist,18.0,success,1.0
Modified,normal_city,13,subgoal_dist,18.0,success,1.0
Modified,normal_city,14,subgoal_dist,18.0,success,1.0
Modified,normal_city,15,subgoal_dist,18.0,success,1.0
Modified,normal_city,16,subgoal_dist,18.0,success,1.0
Modified,normal_city,17,subgoal_dist,18.0,success,1.0
Modified,normal_city,18,subgoal_dist,18.0,success,1.0
Modified,normal_city,19,subgoal_dist,18.0,success,1.0
Modified,normal_city,20,subgoal_dist,18.0,success,1.0
Modified,normal_city,21,subgoal_dist,18.0,success,1.0
Modified,normal_city,22,subgoal_dist,18.0,success,1.0
Modified,normal_city,23,subgoal_dist,18.0,success,1.0
Modified,normal_city,24,subgoal_dist,18.0,success,1.0
Modified,normal_city,25,subgoal_dist,18.0,success,1.0
Modified,normal_city,26,subgoal_dist,18.0,success,1.0
Modified,normal_city,27,subgoal_dist,18.0,success,1.0
Modified,normal_city,28,subgoal_dist,18.0,success,1.0
Modified,normal_city,29,subgoal_dist,18.0,success,1.0
Modified,blocked_road,0,subgoal_dist,18.0,success,1.0
Modified,blocked_road,1,subgoal_dist,18.0,success,1.0
Modified,blocked_road,2,subgoal_dist,18.0,success,1.0
Modified,blocked_road,3,subgoal_dist,18.0,success,1.0
Modified,blocked_road,4,subgoal_dist,18.0,success,1.0
Modified,blocked_road,5,subgoal_dist,18.0,success,1.0
Modified,blocked_road,6,subgoal_dist,18.0,success,1.0
Modified,blocked_road,7,subgoal_dist,18.0,success,1.0
Modified,blocked_road,8,subgoal_dist,18.0,success,1.0
Modified,blocked_road,9,subgoal_dist,18.0,success,1.0
Modified,blocked_road,10,subgoal_dist,18.0,success,1.0
Modified,blocked_road,11,subgoal_dist,18.0,success,1.0
Modified,blocked_road,12,subgoal_dist,18.0,success,1.0
Modified,blocked_road,13,subgoal_dist,18.0,success,1.0
Modified,blocked_road,14,subgoal_dist,18.0,success,1.0
Modified,blocked_road,15,subgoal_dist,18.0,success,1.0
Modified,blocked_road,16,subgoal_dist,18.0,success,1.0
Modified,blocked_road,17,subgoal_dist,18.0,success,1.0
Modified,blocked_road,18,subgoal_dist,18.0,success,1.0
Modified,blocked_road,19,subgoal_dist,18.0,success,1.0
Modified,blocked_road,20,subgoal_dist,18.0,success,1.0
Modified,blocked_road,21,subgoal_dist,18.0,success,1.0
Modified,blocked_road,22,subgoal_dist,18.0,success,1.0
Modified,blocked_road,23,subgoal_dist,18.0,success,1.0
Modified,blocked_road,24,subgoal_dist,18.0,success,1.0
Modified,blocked_road,25,subgoal_dist,18.0,success,1.0
Modified,blocked_road,26,subgoal_dist,18.0,success,1.0
Modified,blocked_road,27,subgoal_dist,18.0,success,1.0
Modified,blocked_road,28,subgoal_dist,18.0,success,1.0
Modified,blocked_road,29,subgoal_dist,18.0,success,1.0
Modified,dense_city,0,subgoal_dist,18.0,success,1.0
Modified,dense_city,1,subgoal_dist,18.0,success,1.0
Modified,dense_city,2,subgoal_dist,18.0,success,1.0
Modified,dense_city,3,subgoal_dist,18.0,success,1.0
Modified,dense_city,4,subgoal_dist,18.0,success,1.0
Modified,dense_city,5,subgoal_dist,18.0,success,1.0
Modified,dense_city,6,subgoal_dist,18.0,success,1.0
Modified,dense_city,7,subgoal_dist,18.0,success,1.0
Modified,dense_city,8,subgoal_dist,18.0,success,1.0
Modified,dense_city,9,subgoal_dist,18.0,success,0.0
Modified,dense_city,10,subgoal_dist,18.0,success,1.0
Modified,dense_city,11,subgoal_dist,18.0,success,1.0
Modified,dense_city,12,subgoal_dist,18.0,success,1.0
Modified,dense_city,13,subgoal_dist,18.0,success,1.0
Modified,dense_city,14,subgoal_dist,18.0,success,1.0
Modified,dense_city,15,subgoal_dist,18.0,success,1.0
Modified,dense_city,16,subgoal_dist,18.0,success,1.0
Modified,dense_city,17,subgoal_dist,18.0,success,1.0
Modified,dense_city,18,subgoal_dist,18.0,success,1.0
Modified,dense_city,19,subgoal_dist,18.0,success,1.0
Modified,dense_city,20,subgoal_dist,18.0,success,1.0
Modified,dense_city,21,subgoal_dist,18.0,success,1.0
Modified,dense_city,22,subgoal_dist,18.0,success,1.0
Modified,dense_city,23,subgoal_dist,18.0,success,1.0
Modified,dense_city,24,subgoal_dist,18.0,success,1.0
Modified,dense_city,25,subgoal_dist,18.0,success,1.0
Modified,dense_city,26,subgoal_dist,18.0,success,1.0
Modified,dense_city,27,subgoal_dist,18.0,success,1.0
Modified,dense_city,28,subgoal_dist,18.0,success,1.0
Modified,dense_city,29,subgoal_dist,18.0,success,1.0
Modified,normal_city,0,subgoal_dist,27.0,success,1.0
Modified,normal_city,1,subgoal_dist,27.0,success,1.0
Modified,normal_city,2,subgoal_dist,27.0,success,1.0
Modified,normal_city,3,subgoal_dist,27.0,success,1.0
Modified,normal_city,4,subgoal_dist,27.0,success,1.0
Modified,normal_city,5,subgoal_dist,27.0,success,1.0
Modified,normal_city,6,subgoal_dist,27.0,success,1.0
Modified,normal_city,7,subgoal_dist,27.0,success,1.0
Modified,normal_city,8,subgoal_dist,27.0,success,1.0
Modified,normal_city,9,subgoal_dist,27.0,success,1.0
Modified,normal_city,10,subgoal_dist,27.0,success,1.0
Modified,normal_city,11,subgoal_dist,27.0,success,1.0
Modified,normal_city,12,subgoal_dist,27.0,success,1.0
Modified,normal_city,13,subgoal_dist,27.0,success,1.0
Modified,normal_city,14,subgoal_dist,27.0,success,1.0
Modified,normal_city,15,subgoal_dist,27.0,success,1.0
Modified,normal_city,16,subgoal_dist,27.0,success,1.0
Modified,normal_city,17,subgoal_dist,27.0,success,1.0
Modified,normal_city,18,subgoal_dist,27.0,success,1.0
Modified,normal_city,19,subgoal_dist,27.0,success,1.0
Modified,normal_city,20,subgoal_dist,27.0,success,1.0
Modified,normal_city,21,subgoal_dist,27.0,success,1.0
Modified,normal_city,22,subgoal_dist,27.0,success,1.0
Modified,normal_city,23,subgoal_dist,27.0,success,1.0
Modified,normal_city,24,subgoal_dist,27.0,success,1.0
Modified,normal_city,25,subgoal_dist,27.0,success,1.0
Modified,normal_city,26,subgoal_dist,27.0,success,1.0
Modified,normal_city,27,subgoal_dist,27.0,success,1.0
Modified,normal_city,28,subgoal_dist,27.0,success,1.0
Modified,normal_city,29,subgoal_dist,27.0,success,1.0
Modified,blocked_road,0,subgoal_dist,27.0,success,1.0
Modified,blocked_road,1,subgoal_dist,27.0,success,1.0
Modified,blocked_road,2,subgoal_dist,27.0,success,1.0
Modified,blocked_road,3,subgoal_dist,27.0,success,1.0
Modified,blocked_road,4,subgoal_dist,27.0,success,1.0
Modified,blocked_road,5,subgoal_dist,27.0,success,1.0
Modified,blocked_road,6,subgoal_dist,27.0,success,1.0
Modified,blocked_road,7,subgoal_dist,27.0,success,1.0
Modified,blocked_road,8,subgoal_dist,27.0,success,1.0
Modified,blocked_road,9,subgoal_dist,27.0,success,1.0
Modified,blocked_road,10,subgoal_dist,27.0,success,1.0
Modified,blocked_road,11,subgoal_dist,27.0,success,1.0
Modified,blocked_road,12,subgoal_dist,27.0,success,1.0
Modified,blocked_road,13,subgoal_dist,27.0,success,1.0
Modified,blocked_road,14,subgoal_dist,27.0,success,1.0
Modified,blocked_road,15,subgoal_dist,27.0,success,1.0
Modified,blocked_road,16,subgoal_dist,27.0,success,1.0
Modified,blocked_road,17,subgoal_dist,27.0,success,1.0
Modified,blocked_road,18,subgoal_dist,27.0,success,1.0
Modified,blocked_road,19,subgoal_dist,27.0,success,1.0
Modified,blocked_road,20,subgoal_dist,27.0,success,1.0
Modified,blocked_road,21,subgoal_dist,27.0,success,1.0
Modified,blocked_road,22,subgoal_dist,27.0,success,1.0
Modified,blocked_road,23,subgoal_dist,27.0,success,1.0
Modified,blocked_road,24,subgoal_dist,27.0,success,1.0
Modified,blocked_road,25,subgoal_dist,27.0,success,1.0
Modified,blocked_road,26,subgoal_dist,27.0,success,1.0
Modified,blocked_road,27,subgoal_dist,27.0,success,1.0
Modified,blocked_road,28,subgoal_dist,27.0,success,1.0
Modified,blocked_road,29,subgoal_dist,27.0,success,1.0
Modified,dense_city,0,subgoal_dist,27.0,success,1.0
Modified,dense_city,1,subgoal_dist,27.0,success,1.0
Modified,dense_city,2,subgoal_dist,27.0,success,1.0
Modified,dense_city,3,subgoal_dist,27.0,success,1.0
Modified,dense_city,4,subgoal_dist,27.0,success,1.0
Modified,dense_city,5,subgoal_dist,27.0,success,1.0
Modified,dense_city,6,subgoal_dist,27.0,success,1.0
Modified,dense_city,7,subgoal_dist,27.0,success,1.0
Modified,dense_city,8,subgoal_dist,27.0,success,1.0
Modified,dense_city,9,subgoal_dist,27.0,success,0.0
Modified,dense_city,10,subgoal_dist,27.0,success,1.0
Modified,dense_city,11,subgoal_dist,27.0,success,1.0
Modified,dense_city,12,subgoal_dist,27.0,success,1.0
Modified,dense_city,13,subgoal_dist,27.0,success,1.0
Modified,dense_city,14,subgoal_dist,27.0,success,1.0
Modified,dense_city,15,subgoal_dist,27.0,success,1.0
Modified,dense_city,16,subgoal_dist,27.0,success,1.0
Modified,dense_city,17,subgoal_dist,27.0,success,1.0
Modified,dense_city,18,subgoal_dist,27.0,success,1.0
Modified,dense_city,19,subgoal_dist,27.0,success,1.0
Modified,dense_city,20,subgoal_dist,27.0,success,1.0
Modified,dense_city,21,subgoal_dist,27.0,success,1.0
Modified,dense_city,22,subgoal_dist,27.0,success,1.0
Modified,dense_city,23,subgoal_dist,27.0,success,1.0
Modified,dense_city,24,subgoal_dist,27.0,success,1.0
Modified,dense_city,25,subgoal_dist,27.0,success,1.0
Modified,dense_city,26,subgoal_dist,27.0,success,1.0
Modified,dense_city,27,subgoal_dist,27.0,success,1.0
Modified,dense_city,28,subgoal_dist,27.0,success,1.0
Modified,dense_city,29,subgoal_dist,27.0,success,1.0
Modified,normal_city,0,subgoal_dist,40.0,success,1.0
Modified,normal_city,1,subgoal_dist,40.0,success,1.0
Modified,normal_city,2,subgoal_dist,40.0,success,1.0
Modified,normal_city,3,subgoal_dist,40.0,success,1.0
Modified,normal_city,4,subgoal_dist,40.0,success,1.0
Modified,normal_city,5,subgoal_dist,40.0,success,1.0
Modified,normal_city,6,subgoal_dist,40.0,success,1.0
Modified,normal_city,7,subgoal_dist,40.0,success,1.0
Modified,normal_city,8,subgoal_dist,40.0,success,1.0
Modified,normal_city,9,subgoal_dist,40.0,success,1.0
Modified,normal_city,10,subgoal_dist,40.0,success,1.0
Modified,normal_city,11,subgoal_dist,40.0,success,1.0
Modified,normal_city,12,subgoal_dist,40.0,success,1.0
Modified,normal_city,13,subgoal_dist,40.0,success,1.0
Modified,normal_city,14,subgoal_dist,40.0,success,1.0
Modified,normal_city,15,subgoal_dist,40.0,success,1.0
Modified,normal_city,16,subgoal_dist,40.0,success,1.0
Modified,normal_city,17,subgoal_dist,40.0,success,1.0
Modified,normal_city,18,subgoal_dist,40.0,success,1.0
Modified,normal_city,19,subgoal_dist,40.0,success,1.0
Modified,normal_city,20,subgoal_dist,40.0,success,1.0
Modified,normal_city,21,subgoal_dist,40.0,success,1.0
Modified,normal_city,22,subgoal_dist,40.0,success,1.0
Modified,normal_city,23,subgoal_dist,40.0,success,1.0
Modified,normal_city,24,subgoal_dist,40.0,success,1.0
Modified,normal_city,25,subgoal_dist,40.0,success,1.0
Modified,normal_city,26,subgoal_dist,40.0,success,1.0
Modified,normal_city,27,subgoal_dist,40.0,success,1.0
Modified,normal_city,28,subgoal_dist,40.0,success,1.0
Modified,normal_city,29,subgoal_dist,40.0,success,1.0
Modified,blocked_road,0,subgoal_dist,40.0,success,1.0
Modified,blocked_road,1,subgoal_dist,40.0,success,1.0
Modified,blocked_road,2,subgoal_dist,40.0,success,1.0
Modified,blocked_road,3,subgoal_dist,40.0,success,1.0
Modified,blocked_road,4,subgoal_dist,40.0,success,1.0
Modified,blocked_road,5,subgoal_dist,40.0,success,1.0
Modified,blocked_road,6,subgoal_dist,40.0,success,1.0
Modified,blocked_road,7,subgoal_dist,40.0,success,1.0
Modified,blocked_road,8,subgoal_dist,40.0,success,1.0
Modified,blocked_road,9,subgoal_dist,40.0,success,1.0
Modified,blocked_road,10,subgoal_dist,40.0,success,1.0
Modified,blocked_road,11,subgoal_dist,40.0,success,1.0
Modified,blocked_road,12,subgoal_dist,40.0,success,1.0
Modified,blocked_road,13,subgoal_dist,40.0,success,1.0
Modified,blocked_road,14,subgoal_dist,40.0,success,1.0
Modified,blocked_road,15,subgoal_dist,40.0,success,1.0
Modified,blocked_road,16,subgoal_dist,40.0,success,1.0
Modified,blocked_road,17,subgoal_dist,40.0,success,1.0
Modified,blocked_road,18,subgoal_dist,40.0,success,1.0
Modified,blocked_road,19,subgoal_dist,40.0,success,1.0
Modified,blocked_road,20,subgoal_dist,40.0,success,1.0
Modified,blocked_road,21,subgoal_dist,40.0,success,1.0
Modified,blocked_road,22,subgoal_dist,40.0,success,1.0
Modified,blocked_road,23,subgoal_dist,40.0,success,1.0
Modified,blocked_road,24,subgoal_dist,40.0,success,1.0
Modified,blocked_road,25,subgoal_dist,40.0,success,1.0
Modified,blocked_road,26,subgoal_dist,40.0,success,1.0
Modified,blocked_road,27,subgoal_dist,40.0,success,1.0
Modified,blocked_road,28,subgoal_dist,40.0,success,1.0
Modified,blocked_road,29,subgoal_dist,40.0,success,1.0
Modified,dense_city,0,subgoal_dist,40.0,success,1.0
Modified,dense_city,1,subgoal_dist,40.0,success,1.0
Modified,dense_city,2,subgoal_dist,40.0,success,1.0
Modified,dense_city,3,subgoal_dist,40.0,success,1.0
Modified,dense_city,4,subgoal_dist,40.0,success,1.0
Modified,dense_city,5,subgoal_dist,40.0,success,1.0
Modified,dense_city,6,subgoal_dist,40.0,success,1.0
Modified,dense_city,7,subgoal_dist,40.0,success,1.0
Modified,dense_city,8,subgoal_dist,40.0,success,1.0
Modified,dense_city,9,subgoal_dist,40.0,success,0.0
Modified,dense_city,10,subgoal_dist,40.0,success,1.0
Modified,dense_city,11,subgoal_dist,40.0,success,1.0
Modified,dense_city,12,subgoal_dist,40.0,success,1.0
Modified,dense_city,13,subgoal_dist,40.0,success,1.0
Modified,dense_city,14,subgoal_dist,40.0,success,1.0
Modified,dense_city,15,subgoal_dist,40.0,success,1.0
Modified,dense_city,16,subgoal_dist,40.0,success,1.0
Modified,dense_city,17,subgoal_dist,40.0,success,1.0
Modified,dense_city,18,subgoal_dist,40.0,success,1.0
Modified,dense_city,19,subgoal_dist,40.0,success,1.0
Modified,dense_city,20,subgoal_dist,40.0,success,1.0
Modified,dense_city,21,subgoal_dist,40.0,success,1.0
Modified,dense_city,22,subgoal_dist,40.0,success,1.0
Modified,dense_city,23,subgoal_dist,40.0,success,1.0
Modified,dense_city,24,subgoal_dist,40.0,success,1.0
Modified,dense_city,25,subgoal_dist,40.0,success,1.0
Modified,dense_city,26,subgoal_dist,40.0,success,1.0
Modified,dense_city,27,subgoal_dist,40.0,success,1.0
Modified,dense_city,28,subgoal_dist,40.0,success,1.0
Modified,dense_city,29,subgoal_dist,40.0,success,1.0
Modified,normal_city,0,subgoal_dist,9.0,path_length,150.442
Modified,normal_city,1,subgoal_dist,9.0,path_length,159.276
Modified,normal_city,2,subgoal_dist,9.0,path_length,153.253
Modified,normal_city,3,subgoal_dist,9.0,path_length,164.756
Modified,normal_city,4,subgoal_dist,9.0,path_length,159.383
Modified,normal_city,5,subgoal_dist,9.0,path_length,151.623
Modified,normal_city,6,subgoal_dist,9.0,path_length,149.209
Modified,normal_city,7,subgoal_dist,9.0,path_length,152.348
Modified,normal_city,8,subgoal_dist,9.0,path_length,212.412
Modified,normal_city,9,subgoal_dist,9.0,path_length,157.358
Modified,normal_city,10,subgoal_dist,9.0,path_length,152.05
Modified,normal_city,11,subgoal_dist,9.0,path_length,153.272
Modified,normal_city,12,subgoal_dist,9.0,path_length,164.879
Modified,normal_city,13,subgoal_dist,9.0,path_length,154.808
Modified,normal_city,14,subgoal_dist,9.0,path_length,149.26
Modified,normal_city,15,subgoal_dist,9.0,path_length,150.79
Modified,normal_city,16,subgoal_dist,9.0,path_length,147.59
Modified,normal_city,17,subgoal_dist,9.0,path_length,158.12
Modified,normal_city,18,subgoal_dist,9.0,path_length,149.044
Modified,normal_city,19,subgoal_dist,9.0,path_length,189.398
Modified,normal_city,20,subgoal_dist,9.0,path_length,152.431
Modified,normal_city,21,subgoal_dist,9.0,path_length,154.495
Modified,normal_city,22,subgoal_dist,9.0,path_length,160.984
Modified,normal_city,23,subgoal_dist,9.0,path_length,151.942
Modified,normal_city,24,subgoal_dist,9.0,path_length,153.04
Modified,normal_city,25,subgoal_dist,9.0,path_length,155.35
Modified,normal_city,26,subgoal_dist,9.0,path_length,146.316
Modified,normal_city,27,subgoal_dist,9.0,path_length,160.81
Modified,normal_city,28,subgoal_dist,9.0,path_length,156.828
Modified,normal_city,29,subgoal_dist,9.0,path_length,148.722
Modified,blocked_road,0,subgoal_dist,9.0,path_length,206.655
Modified,blocked_road,1,subgoal_dist,9.0,path_length,207.092
Modified,blocked_road,2,subgoal_dist,9.0,path_length,183.573
Modified,blocked_road,3,subgoal_dist,9.0,path_length,162.228
Modified,blocked_road,4,subgoal_dist,9.0,path_length,299.831
Modified,blocked_road,5,subgoal_dist,9.0,path_length,212.464
Modified,blocked_road,6,subgoal_dist,9.0,path_length,167.294
Modified,blocked_road,7,subgoal_dist,9.0,path_length,160.752
Modified,blocked_road,8,subgoal_dist,9.0,path_length,172.23
Modified,blocked_road,9,subgoal_dist,9.0,path_length,173.926
Modified,blocked_road,10,subgoal_dist,9.0,path_length,188.185
Modified,blocked_road,11,subgoal_dist,9.0,path_length,202.407
Modified,blocked_road,12,subgoal_dist,9.0,path_length,205.64
Modified,blocked_road,13,subgoal_dist,9.0,path_length,170.89
Modified,blocked_road,14,subgoal_dist,9.0,path_length,241.103
Modified,blocked_road,15,subgoal_dist,9.0,path_length,242.693
Modified,blocked_road,16,subgoal_dist,9.0,path_length,230.074
Modified,blocked_road,17,subgoal_dist,9.0,path_length,157.145
Modified,blocked_road,18,subgoal_dist,9.0,path_length,160.317
Modified,blocked_road,19,subgoal_dist,9.0,path_length,235.258
Modified,blocked_road,20,subgoal_dist,9.0,path_length,197.954
Modified,blocked_road,21,subgoal_dist,9.0,path_length,245.89
Modified,blocked_road,22,subgoal_dist,9.0,path_length,153.581
Modified,blocked_road,23,subgoal_dist,9.0,path_length,168.056
Modified,blocked_road,24,subgoal_dist,9.0,path_length,158.0
Modified,blocked_road,25,subgoal_dist,9.0,path_length,156.388
Modified,blocked_road,26,subgoal_dist,9.0,path_length,278.726
Modified,blocked_road,27,subgoal_dist,9.0,path_length,163.08
Modified,blocked_road,28,subgoal_dist,9.0,path_length,190.635
Modified,blocked_road,29,subgoal_dist,9.0,path_length,151.873
Modified,dense_city,0,subgoal_dist,9.0,path_length,178.865
Modified,dense_city,1,subgoal_dist,9.0,path_length,177.866
Modified,dense_city,2,subgoal_dist,9.0,path_length,267.272
Modified,dense_city,3,subgoal_dist,9.0,path_length,173.22
Modified,dense_city,4,subgoal_dist,9.0,path_length,163.982
Modified,dense_city,5,subgoal_dist,9.0,path_length,161.777
Modified,dense_city,6,subgoal_dist,9.0,path_length,183.567
Modified,dense_city,7,subgoal_dist,9.0,path_length,197.857
Modified,dense_city,8,subgoal_dist,9.0,path_length,162.923
Modified,dense_city,9,subgoal_dist,9.0,path_length,
Modified,dense_city,10,subgoal_dist,9.0,path_length,165.881
Modified,dense_city,11,subgoal_dist,9.0,path_length,225.384
Modified,dense_city,12,subgoal_dist,9.0,path_length,162.728
Modified,dense_city,13,subgoal_dist,9.0,path_length,204.313
Modified,dense_city,14,subgoal_dist,9.0,path_length,185.559
Modified,dense_city,15,subgoal_dist,9.0,path_length,256.233
Modified,dense_city,16,subgoal_dist,9.0,path_length,167.221
Modified,dense_city,17,subgoal_dist,9.0,path_length,255.324
Modified,dense_city,18,subgoal_dist,9.0,path_length,208.065
Modified,dense_city,19,subgoal_dist,9.0,path_length,198.717
Modified,dense_city,20,subgoal_dist,9.0,path_length,165.516
Modified,dense_city,21,subgoal_dist,9.0,path_length,158.32
Modified,dense_city,22,subgoal_dist,9.0,path_length,219.232
Modified,dense_city,23,subgoal_dist,9.0,path_length,205.521
Modified,dense_city,24,subgoal_dist,9.0,path_length,161.604
Modified,dense_city,25,subgoal_dist,9.0,path_length,215.299
Modified,dense_city,26,subgoal_dist,9.0,path_length,162.288
Modified,dense_city,27,subgoal_dist,9.0,path_length,178.026
Modified,dense_city,28,subgoal_dist,9.0,path_length,198.152
Modified,dense_city,29,subgoal_dist,9.0,path_length,165.041
Modified,normal_city,0,subgoal_dist,12.0,path_length,150.442
Modified,normal_city,1,subgoal_dist,12.0,path_length,159.276
Modified,normal_city,2,subgoal_dist,12.0,path_length,153.253
Modified,normal_city,3,subgoal_dist,12.0,path_length,159.941
Modified,normal_city,4,subgoal_dist,12.0,path_length,159.383
Modified,normal_city,5,subgoal_dist,12.0,path_length,151.623
Modified,normal_city,6,subgoal_dist,12.0,path_length,145.826
Modified,normal_city,7,subgoal_dist,12.0,path_length,152.348
Modified,normal_city,8,subgoal_dist,12.0,path_length,205.321
Modified,normal_city,9,subgoal_dist,12.0,path_length,148.228
Modified,normal_city,10,subgoal_dist,12.0,path_length,152.05
Modified,normal_city,11,subgoal_dist,12.0,path_length,153.092
Modified,normal_city,12,subgoal_dist,12.0,path_length,157.914
Modified,normal_city,13,subgoal_dist,12.0,path_length,154.808
Modified,normal_city,14,subgoal_dist,12.0,path_length,149.26
Modified,normal_city,15,subgoal_dist,12.0,path_length,150.79
Modified,normal_city,16,subgoal_dist,12.0,path_length,147.59
Modified,normal_city,17,subgoal_dist,12.0,path_length,192.215
Modified,normal_city,18,subgoal_dist,12.0,path_length,149.044
Modified,normal_city,19,subgoal_dist,12.0,path_length,174.031
Modified,normal_city,20,subgoal_dist,12.0,path_length,152.431
Modified,normal_city,21,subgoal_dist,12.0,path_length,154.495
Modified,normal_city,22,subgoal_dist,12.0,path_length,161.596
Modified,normal_city,23,subgoal_dist,12.0,path_length,151.076
Modified,normal_city,24,subgoal_dist,12.0,path_length,153.04
Modified,normal_city,25,subgoal_dist,12.0,path_length,155.35
Modified,normal_city,26,subgoal_dist,12.0,path_length,146.316
Modified,normal_city,27,subgoal_dist,12.0,path_length,180.707
Modified,normal_city,28,subgoal_dist,12.0,path_length,156.828
Modified,normal_city,29,subgoal_dist,12.0,path_length,148.722
Modified,blocked_road,0,subgoal_dist,12.0,path_length,203.698
Modified,blocked_road,1,subgoal_dist,12.0,path_length,208.073
Modified,blocked_road,2,subgoal_dist,12.0,path_length,158.497
Modified,blocked_road,3,subgoal_dist,12.0,path_length,159.124
Modified,blocked_road,4,subgoal_dist,12.0,path_length,299.831
Modified,blocked_road,5,subgoal_dist,12.0,path_length,212.464
Modified,blocked_road,6,subgoal_dist,12.0,path_length,159.726
Modified,blocked_road,7,subgoal_dist,12.0,path_length,160.752
Modified,blocked_road,8,subgoal_dist,12.0,path_length,169.148
Modified,blocked_road,9,subgoal_dist,12.0,path_length,163.909
Modified,blocked_road,10,subgoal_dist,12.0,path_length,187.922
Modified,blocked_road,11,subgoal_dist,12.0,path_length,185.832
Modified,blocked_road,12,subgoal_dist,12.0,path_length,205.64
Modified,blocked_road,13,subgoal_dist,12.0,path_length,167.058
Modified,blocked_road,14,subgoal_dist,12.0,path_length,202.123
Modified,blocked_road,15,subgoal_dist,12.0,path_length,201.815
Modified,blocked_road,16,subgoal_dist,12.0,path_length,211.321
Modified,blocked_road,17,subgoal_dist,12.0,path_length,158.195
Modified,blocked_road,18,subgoal_dist,12.0,path_length,160.217
Modified,blocked_road,19,subgoal_dist,12.0,path_length,219.573
Modified,blocked_road,20,subgoal_dist,12.0,path_length,198.262
Modified,blocked_road,21,subgoal_dist,12.0,path_length,169.217
Modified,blocked_road,22,subgoal_dist,12.0,path_length,154.606
Modified,blocked_road,23,subgoal_dist,12.0,path_length,146.766
Modified,blocked_road,24,subgoal_dist,12.0,path_length,159.202
Modified,blocked_road,25,subgoal_dist,12.0,path_length,156.388
Modified,blocked_road,26,subgoal_dist,12.0,path_length,207.886
Modified,blocked_road,27,subgoal_dist,12.0,path_length,163.261
Modified,blocked_road,28,subgoal_dist,12.0,path_length,163.782
Modified,blocked_road,29,subgoal_dist,12.0,path_length,152.785
Modified,dense_city,0,subgoal_dist,12.0,path_length,168.475
Modified,dense_city,1,subgoal_dist,12.0,path_length,178.317
Modified,dense_city,2,subgoal_dist,12.0,path_length,183.314
Modified,dense_city,3,subgoal_dist,12.0,path_length,162.149
Modified,dense_city,4,subgoal_dist,12.0,path_length,177.831
Modified,dense_city,5,subgoal_dist,12.0,path_length,160.9
Modified,dense_city,6,subgoal_dist,12.0,path_length,179.38
Modified,dense_city,7,subgoal_dist,12.0,path_length,197.399
Modified,dense_city,8,subgoal_dist,12.0,path_length,157.064
Modified,dense_city,9,subgoal_dist,12.0,path_length,
Modified,dense_city,10,subgoal_dist,12.0,path_length,153.718
Modified,dense_city,11,subgoal_dist,12.0,path_length,157.845
Modified,dense_city,12,subgoal_dist,12.0,path_length,162.728
Modified,dense_city,13,subgoal_dist,12.0,path_length,161.301
Modified,dense_city,14,subgoal_dist,12.0,path_length,183.173
Modified,dense_city,15,subgoal_dist,12.0,path_length,256.233
Modified,dense_city,16,subgoal_dist,12.0,path_length,185.082
Modified,dense_city,17,subgoal_dist,12.0,path_length,182.877
Modified,dense_city,18,subgoal_dist,12.0,path_length,163.678
Modified,dense_city,19,subgoal_dist,12.0,path_length,160.676
Modified,dense_city,20,subgoal_dist,12.0,path_length,157.833
Modified,dense_city,21,subgoal_dist,12.0,path_length,156.057
Modified,dense_city,22,subgoal_dist,12.0,path_length,154.235
Modified,dense_city,23,subgoal_dist,12.0,path_length,157.534
Modified,dense_city,24,subgoal_dist,12.0,path_length,150.891
Modified,dense_city,25,subgoal_dist,12.0,path_length,161.937
Modified,dense_city,26,subgoal_dist,12.0,path_length,155.17
Modified,dense_city,27,subgoal_dist,12.0,path_length,152.855
Modified,dense_city,28,subgoal_dist,12.0,path_length,165.662
Modified,dense_city,29,subgoal_dist,12.0,path_length,151.482
Modified,normal_city,0,subgoal_dist,18.0,path_length,150.442
Modified,normal_city,1,subgoal_dist,18.0,path_length,159.276
Modified,normal_city,2,subgoal_dist,18.0,path_length,153.253
Modified,normal_city,3,subgoal_dist,18.0,path_length,157.838
Modified,normal_city,4,subgoal_dist,18.0,path_length,159.383
Modified,normal_city,5,subgoal_dist,18.0,path_length,151.623
Modified,normal_city,6,subgoal_dist,18.0,path_length,145.826
Modified,normal_city,7,subgoal_dist,18.0,path_length,152.348
Modified,normal_city,8,subgoal_dist,18.0,path_length,193.765
Modified,normal_city,9,subgoal_dist,18.0,path_length,148.228
Modified,normal_city,10,subgoal_dist,18.0,path_length,152.05
Modified,normal_city,11,subgoal_dist,18.0,path_length,151.762
Modified,normal_city,12,subgoal_dist,18.0,path_length,161.553
Modified,normal_city,13,subgoal_dist,18.0,path_length,154.808
Modified,normal_city,14,subgoal_dist,18.0,path_length,149.26
Modified,normal_city,15,subgoal_dist,18.0,path_length,150.79
Modified,normal_city,16,subgoal_dist,18.0,path_length,147.59
Modified,normal_city,17,subgoal_dist,18.0,path_length,150.6
Modified,normal_city,18,subgoal_dist,18.0,path_length,149.044
Modified,normal_city,19,subgoal_dist,18.0,path_length,154.539
Modified,normal_city,20,subgoal_dist,18.0,path_length,152.431
Modified,normal_city,21,subgoal_dist,18.0,path_length,154.495
Modified,normal_city,22,subgoal_dist,18.0,path_length,161.174
Modified,normal_city,23,subgoal_dist,18.0,path_length,151.076
Modified,normal_city,24,subgoal_dist,18.0,path_length,153.04
Modified,normal_city,25,subgoal_dist,18.0,path_length,155.35
Modified,normal_city,26,subgoal_dist,18.0,path_length,146.316
Modified,normal_city,27,subgoal_dist,18.0,path_length,160.81
Modified,normal_city,28,subgoal_dist,18.0,path_length,156.828
Modified,normal_city,29,subgoal_dist,18.0,path_length,148.722
Modified,blocked_road,0,subgoal_dist,18.0,path_length,200.596
Modified,blocked_road,1,subgoal_dist,18.0,path_length,207.092
Modified,blocked_road,2,subgoal_dist,18.0,path_length,183.573
Modified,blocked_road,3,subgoal_dist,18.0,path_length,162.228
Modified,blocked_road,4,subgoal_dist,18.0,path_length,299.831
Modified,blocked_road,5,subgoal_dist,18.0,path_length,212.464
Modified,blocked_road,6,subgoal_dist,18.0,path_length,167.294
Modified,blocked_road,7,subgoal_dist,18.0,path_length,160.752
Modified,blocked_road,8,subgoal_dist,18.0,path_length,172.23
Modified,blocked_road,9,subgoal_dist,18.0,path_length,163.909
Modified,blocked_road,10,subgoal_dist,18.0,path_length,188.185
Modified,blocked_road,11,subgoal_dist,18.0,path_length,185.832
Modified,blocked_road,12,subgoal_dist,18.0,path_length,205.64
Modified,blocked_road,13,subgoal_dist,18.0,path_length,167.364
Modified,blocked_road,14,subgoal_dist,18.0,path_length,202.123
Modified,blocked_road,15,subgoal_dist,18.0,path_length,205.189
Modified,blocked_road,16,subgoal_dist,18.0,path_length,200.612
Modified,blocked_road,17,subgoal_dist,18.0,path_length,157.145
Modified,blocked_road,18,subgoal_dist,18.0,path_length,160.517
Modified,blocked_road,19,subgoal_dist,18.0,path_length,198.783
Modified,blocked_road,20,subgoal_dist,18.0,path_length,196.862
Modified,blocked_road,21,subgoal_dist,18.0,path_length,165.136
Modified,blocked_road,22,subgoal_dist,18.0,path_length,153.581
Modified,blocked_road,23,subgoal_dist,18.0,path_length,146.766
Modified,blocked_road,24,subgoal_dist,18.0,path_length,158.0
Modified,blocked_road,25,subgoal_dist,18.0,path_length,156.388
Modified,blocked_road,26,subgoal_dist,18.0,path_length,165.429
Modified,blocked_road,27,subgoal_dist,18.0,path_length,163.08
Modified,blocked_road,28,subgoal_dist,18.0,path_length,163.782
Modified,blocked_road,29,subgoal_dist,18.0,path_length,152.785
Modified,dense_city,0,subgoal_dist,18.0,path_length,168.475
Modified,dense_city,1,subgoal_dist,18.0,path_length,158.972
Modified,dense_city,2,subgoal_dist,18.0,path_length,206.999
Modified,dense_city,3,subgoal_dist,18.0,path_length,162.238
Modified,dense_city,4,subgoal_dist,18.0,path_length,159.764
Modified,dense_city,5,subgoal_dist,18.0,path_length,161.497
Modified,dense_city,6,subgoal_dist,18.0,path_length,179.38
Modified,dense_city,7,subgoal_dist,18.0,path_length,197.399
Modified,dense_city,8,subgoal_dist,18.0,path_length,156.145
Modified,dense_city,9,subgoal_dist,18.0,path_length,
Modified,dense_city,10,subgoal_dist,18.0,path_length,154.2
Modified,dense_city,11,subgoal_dist,18.0,path_length,158.873
Modified,dense_city,12,subgoal_dist,18.0,path_length,162.728
Modified,dense_city,13,subgoal_dist,18.0,path_length,157.784
Modified,dense_city,14,subgoal_dist,18.0,path_length,176.809
Modified,dense_city,15,subgoal_dist,18.0,path_length,256.233
Modified,dense_city,16,subgoal_dist,18.0,path_length,154.747
Modified,dense_city,17,subgoal_dist,18.0,path_length,184.606
Modified,dense_city,18,subgoal_dist,18.0,path_length,164.685
Modified,dense_city,19,subgoal_dist,18.0,path_length,159.852
Modified,dense_city,20,subgoal_dist,18.0,path_length,151.249
Modified,dense_city,21,subgoal_dist,18.0,path_length,155.037
Modified,dense_city,22,subgoal_dist,18.0,path_length,154.397
Modified,dense_city,23,subgoal_dist,18.0,path_length,157.416
Modified,dense_city,24,subgoal_dist,18.0,path_length,149.609
Modified,dense_city,25,subgoal_dist,18.0,path_length,152.229
Modified,dense_city,26,subgoal_dist,18.0,path_length,154.37
Modified,dense_city,27,subgoal_dist,18.0,path_length,152.855
Modified,dense_city,28,subgoal_dist,18.0,path_length,164.357
Modified,dense_city,29,subgoal_dist,18.0,path_length,165.057
Modified,normal_city,0,subgoal_dist,27.0,path_length,150.442
Modified,normal_city,1,subgoal_dist,27.0,path_length,159.276
Modified,normal_city,2,subgoal_dist,27.0,path_length,153.253
Modified,normal_city,3,subgoal_dist,27.0,path_length,187.879
Modified,normal_city,4,subgoal_dist,27.0,path_length,159.383
Modified,normal_city,5,subgoal_dist,27.0,path_length,151.623
Modified,normal_city,6,subgoal_dist,27.0,path_length,145.826
Modified,normal_city,7,subgoal_dist,27.0,path_length,152.348
Modified,normal_city,8,subgoal_dist,27.0,path_length,189.757
Modified,normal_city,9,subgoal_dist,27.0,path_length,148.228
Modified,normal_city,10,subgoal_dist,27.0,path_length,152.05
Modified,normal_city,11,subgoal_dist,27.0,path_length,153.162
Modified,normal_city,12,subgoal_dist,27.0,path_length,157.914
Modified,normal_city,13,subgoal_dist,27.0,path_length,154.808
Modified,normal_city,14,subgoal_dist,27.0,path_length,149.26
Modified,normal_city,15,subgoal_dist,27.0,path_length,150.79
Modified,normal_city,16,subgoal_dist,27.0,path_length,147.59
Modified,normal_city,17,subgoal_dist,27.0,path_length,151.201
Modified,normal_city,18,subgoal_dist,27.0,path_length,149.044
Modified,normal_city,19,subgoal_dist,27.0,path_length,165.58
Modified,normal_city,20,subgoal_dist,27.0,path_length,152.431
Modified,normal_city,21,subgoal_dist,27.0,path_length,154.495
Modified,normal_city,22,subgoal_dist,27.0,path_length,161.482
Modified,normal_city,23,subgoal_dist,27.0,path_length,151.076
Modified,normal_city,24,subgoal_dist,27.0,path_length,153.04
Modified,normal_city,25,subgoal_dist,27.0,path_length,155.35
Modified,normal_city,26,subgoal_dist,27.0,path_length,146.316
Modified,normal_city,27,subgoal_dist,27.0,path_length,161.365
Modified,normal_city,28,subgoal_dist,27.0,path_length,156.828
Modified,normal_city,29,subgoal_dist,27.0,path_length,148.722
Modified,blocked_road,0,subgoal_dist,27.0,path_length,200.596
Modified,blocked_road,1,subgoal_dist,27.0,path_length,208.073
Modified,blocked_road,2,subgoal_dist,27.0,path_length,155.713
Modified,blocked_road,3,subgoal_dist,27.0,path_length,159.124
Modified,blocked_road,4,subgoal_dist,27.0,path_length,299.831
Modified,blocked_road,5,subgoal_dist,27.0,path_length,212.464
Modified,blocked_road,6,subgoal_dist,27.0,path_length,159.726
Modified,blocked_road,7,subgoal_dist,27.0,path_length,160.752
Modified,blocked_road,8,subgoal_dist,27.0,path_length,169.148
Modified,blocked_road,9,subgoal_dist,27.0,path_length,163.909
Modified,blocked_road,10,subgoal_dist,27.0,path_length,187.181
Modified,blocked_road,11,subgoal_dist,27.0,path_length,185.832
Modified,blocked_road,12,subgoal_dist,27.0,path_length,205.64
Modified,blocked_road,13,subgoal_dist,27.0,path_length,164.741
Modified,blocked_road,14,subgoal_dist,27.0,path_length,203.518
Modified,blocked_road,15,subgoal_dist,27.0,path_length,201.815
Modified,blocked_road,16,subgoal_dist,27.0,path_length,205.913
Modified,blocked_road,17,subgoal_dist,27.0,path_length,158.195
Modified,blocked_road,18,subgoal_dist,27.0,path_length,160.311
Modified,blocked_road,19,subgoal_dist,27.0,path_length,208.28
Modified,blocked_road,20,subgoal_dist,27.0,path_length,203.845
Modified,blocked_road,21,subgoal_dist,27.0,path_length,155.429
Modified,blocked_road,22,subgoal_dist,27.0,path_length,154.606
Modified,blocked_road,23,subgoal_dist,27.0,path_length,146.766
Modified,blocked_road,24,subgoal_dist,27.0,path_length,159.202
Modified,blocked_road,25,subgoal_dist,27.0,path_length,156.388
Modified,blocked_road,26,subgoal_dist,27.0,path_length,164.741
Modified,blocked_road,27,subgoal_dist,27.0,path_length,163.261
Modified,blocked_road,28,subgoal_dist,27.0,path_length,163.782
Modified,blocked_road,29,subgoal_dist,27.0,path_length,152.785
Modified,dense_city,0,subgoal_dist,27.0,path_length,168.475
Modified,dense_city,1,subgoal_dist,27.0,path_length,158.972
Modified,dense_city,2,subgoal_dist,27.0,path_length,207.362
Modified,dense_city,3,subgoal_dist,27.0,path_length,162.238
Modified,dense_city,4,subgoal_dist,27.0,path_length,159.764
Modified,dense_city,5,subgoal_dist,27.0,path_length,160.9
Modified,dense_city,6,subgoal_dist,27.0,path_length,179.38
Modified,dense_city,7,subgoal_dist,27.0,path_length,197.399
Modified,dense_city,8,subgoal_dist,27.0,path_length,156.145
Modified,dense_city,9,subgoal_dist,27.0,path_length,
Modified,dense_city,10,subgoal_dist,27.0,path_length,154.2
Modified,dense_city,11,subgoal_dist,27.0,path_length,158.873
Modified,dense_city,12,subgoal_dist,27.0,path_length,162.728
Modified,dense_city,13,subgoal_dist,27.0,path_length,157.754
Modified,dense_city,14,subgoal_dist,27.0,path_length,176.809
Modified,dense_city,15,subgoal_dist,27.0,path_length,256.233
Modified,dense_city,16,subgoal_dist,27.0,path_length,154.747
Modified,dense_city,17,subgoal_dist,27.0,path_length,184.606
Modified,dense_city,18,subgoal_dist,27.0,path_length,164.685
Modified,dense_city,19,subgoal_dist,27.0,path_length,159.852
Modified,dense_city,20,subgoal_dist,27.0,path_length,151.249
Modified,dense_city,21,subgoal_dist,27.0,path_length,155.037
Modified,dense_city,22,subgoal_dist,27.0,path_length,154.397
Modified,dense_city,23,subgoal_dist,27.0,path_length,160.868
Modified,dense_city,24,subgoal_dist,27.0,path_length,149.609
Modified,dense_city,25,subgoal_dist,27.0,path_length,152.229
Modified,dense_city,26,subgoal_dist,27.0,path_length,154.37
Modified,dense_city,27,subgoal_dist,27.0,path_length,152.855
Modified,dense_city,28,subgoal_dist,27.0,path_length,164.357
Modified,dense_city,29,subgoal_dist,27.0,path_length,165.057
Modified,normal_city,0,subgoal_dist,40.0,path_length,150.442
Modified,normal_city,1,subgoal_dist,40.0,path_length,159.276
Modified,normal_city,2,subgoal_dist,40.0,path_length,153.253
Modified,normal_city,3,subgoal_dist,40.0,path_length,187.979
Modified,normal_city,4,subgoal_dist,40.0,path_length,159.383
Modified,normal_city,5,subgoal_dist,40.0,path_length,151.623
Modified,normal_city,6,subgoal_dist,40.0,path_length,145.826
Modified,normal_city,7,subgoal_dist,40.0,path_length,152.348
Modified,normal_city,8,subgoal_dist,40.0,path_length,189.366
Modified,normal_city,9,subgoal_dist,40.0,path_length,148.56
Modified,normal_city,10,subgoal_dist,40.0,path_length,152.05
Modified,normal_city,11,subgoal_dist,40.0,path_length,153.162
Modified,normal_city,12,subgoal_dist,40.0,path_length,157.914
Modified,normal_city,13,subgoal_dist,40.0,path_length,154.808
Modified,normal_city,14,subgoal_dist,40.0,path_length,149.26
Modified,normal_city,15,subgoal_dist,40.0,path_length,150.79
Modified,normal_city,16,subgoal_dist,40.0,path_length,147.59
Modified,normal_city,17,subgoal_dist,40.0,path_length,150.6
Modified,normal_city,18,subgoal_dist,40.0,path_length,149.044
Modified,normal_city,19,subgoal_dist,40.0,path_length,153.631
Modified,normal_city,20,subgoal_dist,40.0,path_length,152.431
Modified,normal_city,21,subgoal_dist,40.0,path_length,154.495
Modified,normal_city,22,subgoal_dist,40.0,path_length,161.622
Modified,normal_city,23,subgoal_dist,40.0,path_length,151.076
Modified,normal_city,24,subgoal_dist,40.0,path_length,153.04
Modified,normal_city,25,subgoal_dist,40.0,path_length,155.35
Modified,normal_city,26,subgoal_dist,40.0,path_length,146.316
Modified,normal_city,27,subgoal_dist,40.0,path_length,161.365
Modified,normal_city,28,subgoal_dist,40.0,path_length,156.828
Modified,normal_city,29,subgoal_dist,40.0,path_length,148.722
Modified,blocked_road,0,subgoal_dist,40.0,path_length,199.586
Modified,blocked_road,1,subgoal_dist,40.0,path_length,206.956
Modified,blocked_road,2,subgoal_dist,40.0,path_length,155.713
Modified,blocked_road,3,subgoal_dist,40.0,path_length,158.946
Modified,blocked_road,4,subgoal_dist,40.0,path_length,299.802
Modified,blocked_road,5,subgoal_dist,40.0,path_length,213.143
Modified,blocked_road,6,subgoal_dist,40.0,path_length,159.726
Modified,blocked_road,7,subgoal_dist,40.0,path_length,160.752
Modified,blocked_road,8,subgoal_dist,40.0,path_length,167.861
Modified,blocked_road,9,subgoal_dist,40.0,path_length,163.909
Modified,blocked_road,10,subgoal_dist,40.0,path_length,186.899
Modified,blocked_road,11,subgoal_dist,40.0,path_length,185.23
Modified,blocked_road,12,subgoal_dist,40.0,path_length,205.64
Modified,blocked_road,13,subgoal_dist,40.0,path_length,166.484
Modified,blocked_road,14,subgoal_dist,40.0,path_length,202.123
Modified,blocked_road,15,subgoal_dist,40.0,path_length,201.78
Modified,blocked_road,16,subgoal_dist,40.0,path_length,199.818
Modified,blocked_road,17,subgoal_dist,40.0,path_length,159.295
Modified,blocked_road,18,subgoal_dist,40.0,path_length,160.756
Modified,blocked_road,19,subgoal_dist,40.0,path_length,197.786
Modified,blocked_road,20,subgoal_dist,40.0,path_length,197.379
Modified,blocked_road,21,subgoal_dist,40.0,path_length,165.136
Modified,blocked_road,22,subgoal_dist,40.0,path_length,154.606
Modified,blocked_road,23,subgoal_dist,40.0,path_length,146.766
Modified,blocked_road,24,subgoal_dist,40.0,path_length,159.202
Modified,blocked_road,25,subgoal_dist,40.0,path_length,156.388
Modified,blocked_road,26,subgoal_dist,40.0,path_length,164.741
Modified,blocked_road,27,subgoal_dist,40.0,path_length,163.261
Modified,blocked_road,28,subgoal_dist,40.0,path_length,163.782
Modified,blocked_road,29,subgoal_dist,40.0,path_length,151.747
Modified,dense_city,0,subgoal_dist,40.0,path_length,163.651
Modified,dense_city,1,subgoal_dist,40.0,path_length,158.972
Modified,dense_city,2,subgoal_dist,40.0,path_length,206.999
Modified,dense_city,3,subgoal_dist,40.0,path_length,162.523
Modified,dense_city,4,subgoal_dist,40.0,path_length,159.764
Modified,dense_city,5,subgoal_dist,40.0,path_length,160.9
Modified,dense_city,6,subgoal_dist,40.0,path_length,179.38
Modified,dense_city,7,subgoal_dist,40.0,path_length,197.399
Modified,dense_city,8,subgoal_dist,40.0,path_length,156.145
Modified,dense_city,9,subgoal_dist,40.0,path_length,
Modified,dense_city,10,subgoal_dist,40.0,path_length,154.2
Modified,dense_city,11,subgoal_dist,40.0,path_length,158.873
Modified,dense_city,12,subgoal_dist,40.0,path_length,162.728
Modified,dense_city,13,subgoal_dist,40.0,path_length,157.784
Modified,dense_city,14,subgoal_dist,40.0,path_length,176.809
Modified,dense_city,15,subgoal_dist,40.0,path_length,256.233
Modified,dense_city,16,subgoal_dist,40.0,path_length,154.747
Modified,dense_city,17,subgoal_dist,40.0,path_length,184.606
Modified,dense_city,18,subgoal_dist,40.0,path_length,164.685
Modified,dense_city,19,subgoal_dist,40.0,path_length,159.852
Modified,dense_city,20,subgoal_dist,40.0,path_length,151.249
Modified,dense_city,21,subgoal_dist,40.0,path_length,155.037
Modified,dense_city,22,subgoal_dist,40.0,path_length,154.397
Modified,dense_city,23,subgoal_dist,40.0,path_length,157.416
Modified,dense_city,24,subgoal_dist,40.0,path_length,149.609
Modified,dense_city,25,subgoal_dist,40.0,path_length,152.229
Modified,dense_city,26,subgoal_dist,40.0,path_length,154.37
Modified,dense_city,27,subgoal_dist,40.0,path_length,152.855
Modified,dense_city,28,subgoal_dist,40.0,path_length,164.357
Modified,dense_city,29,subgoal_dist,40.0,path_length,165.057
Modified,normal_city,0,subgoal_dist,9.0,length_ratio,1.0596
Modified,normal_city,1,subgoal_dist,9.0,length_ratio,1.1311
Modified,normal_city,2,subgoal_dist,9.0,length_ratio,1.0884
Modified,normal_city,3,subgoal_dist,9.0,length_ratio,1.1462
Modified,normal_city,4,subgoal_dist,9.0,length_ratio,1.1179
Modified,normal_city,5,subgoal_dist,9.0,length_ratio,1.0768
Modified,normal_city,6,subgoal_dist,9.0,length_ratio,1.0596
Modified,normal_city,7,subgoal_dist,9.0,length_ratio,1.0819
Modified,normal_city,8,subgoal_dist,9.0,length_ratio,1.4899
Modified,normal_city,9,subgoal_dist,9.0,length_ratio,1.1083
Modified,normal_city,10,subgoal_dist,9.0,length_ratio,1.0621
Modified,normal_city,11,subgoal_dist,9.0,length_ratio,1.0795
Modified,normal_city,12,subgoal_dist,9.0,length_ratio,1.1709
Modified,normal_city,13,subgoal_dist,9.0,length_ratio,1.0814
Modified,normal_city,14,subgoal_dist,9.0,length_ratio,1.0513
Modified,normal_city,15,subgoal_dist,9.0,length_ratio,1.0577
Modified,normal_city,16,subgoal_dist,9.0,length_ratio,1.0438
Modified,normal_city,17,subgoal_dist,9.0,length_ratio,1.1137
Modified,normal_city,18,subgoal_dist,9.0,length_ratio,1.0673
Modified,normal_city,19,subgoal_dist,9.0,length_ratio,1.3176
Modified,normal_city,20,subgoal_dist,9.0,length_ratio,1.0692
Modified,normal_city,21,subgoal_dist,9.0,length_ratio,1.0837
Modified,normal_city,22,subgoal_dist,9.0,length_ratio,1.1292
Modified,normal_city,23,subgoal_dist,9.0,length_ratio,1.0791
Modified,normal_city,24,subgoal_dist,9.0,length_ratio,1.0734
Modified,normal_city,25,subgoal_dist,9.0,length_ratio,1.0897
Modified,normal_city,26,subgoal_dist,9.0,length_ratio,1.0305
Modified,normal_city,27,subgoal_dist,9.0,length_ratio,1.1233
Modified,normal_city,28,subgoal_dist,9.0,length_ratio,1.1137
Modified,normal_city,29,subgoal_dist,9.0,length_ratio,1.0432
Modified,blocked_road,0,subgoal_dist,9.0,length_ratio,1.3868
Modified,blocked_road,1,subgoal_dist,9.0,length_ratio,1.4008
Modified,blocked_road,2,subgoal_dist,9.0,length_ratio,1.2417
Modified,blocked_road,3,subgoal_dist,9.0,length_ratio,1.076
Modified,blocked_road,4,subgoal_dist,9.0,length_ratio,2.0281
Modified,blocked_road,5,subgoal_dist,9.0,length_ratio,1.4371
Modified,blocked_road,6,subgoal_dist,9.0,length_ratio,1.1316
Modified,blocked_road,7,subgoal_dist,9.0,length_ratio,1.0873
Modified,blocked_road,8,subgoal_dist,9.0,length_ratio,1.1558
Modified,blocked_road,9,subgoal_dist,9.0,length_ratio,1.1764
Modified,blocked_road,10,subgoal_dist,9.0,length_ratio,1.253
Modified,blocked_road,11,subgoal_dist,9.0,length_ratio,1.353
Modified,blocked_road,12,subgoal_dist,9.0,length_ratio,1.3855
Modified,blocked_road,13,subgoal_dist,9.0,length_ratio,1.1559
Modified,blocked_road,14,subgoal_dist,9.0,length_ratio,1.5747
Modified,blocked_road,15,subgoal_dist,9.0,length_ratio,1.579
Modified,blocked_road,16,subgoal_dist,9.0,length_ratio,1.5319
Modified,blocked_road,17,subgoal_dist,9.0,length_ratio,1.0546
Modified,blocked_road,18,subgoal_dist,9.0,length_ratio,1.0931
Modified,blocked_road,19,subgoal_dist,9.0,length_ratio,1.5604
Modified,blocked_road,20,subgoal_dist,9.0,length_ratio,1.3181
Modified,blocked_road,21,subgoal_dist,9.0,length_ratio,1.6437
Modified,blocked_road,22,subgoal_dist,9.0,length_ratio,1.0388
Modified,blocked_road,23,subgoal_dist,9.0,length_ratio,1.1367
Modified,blocked_road,24,subgoal_dist,9.0,length_ratio,1.0603
Modified,blocked_road,25,subgoal_dist,9.0,length_ratio,1.0454
Modified,blocked_road,26,subgoal_dist,9.0,length_ratio,1.8559
Modified,blocked_road,27,subgoal_dist,9.0,length_ratio,1.0987
Modified,blocked_road,28,subgoal_dist,9.0,length_ratio,1.2895
Modified,blocked_road,29,subgoal_dist,9.0,length_ratio,1.0152
Modified,dense_city,0,subgoal_dist,9.0,length_ratio,1.191
Modified,dense_city,1,subgoal_dist,9.0,length_ratio,1.1843
Modified,dense_city,2,subgoal_dist,9.0,length_ratio,1.7796
Modified,dense_city,3,subgoal_dist,9.0,length_ratio,1.167
Modified,dense_city,4,subgoal_dist,9.0,length_ratio,1.0919
Modified,dense_city,5,subgoal_dist,9.0,length_ratio,1.0968
Modified,dense_city,6,subgoal_dist,9.0,length_ratio,1.2223
Modified,dense_city,7,subgoal_dist,9.0,length_ratio,1.3087
Modified,dense_city,8,subgoal_dist,9.0,length_ratio,1.1108
Modified,dense_city,9,subgoal_dist,9.0,length_ratio,
Modified,dense_city,10,subgoal_dist,9.0,length_ratio,1.1401
Modified,dense_city,11,subgoal_dist,9.0,length_ratio,1.5491
Modified,dense_city,12,subgoal_dist,9.0,length_ratio,1.1184
Modified,dense_city,13,subgoal_dist,9.0,length_ratio,1.3447
Modified,dense_city,14,subgoal_dist,9.0,length_ratio,1.2753
Modified,dense_city,15,subgoal_dist,9.0,length_ratio,1.6545
Modified,dense_city,16,subgoal_dist,9.0,length_ratio,1.1493
Modified,dense_city,17,subgoal_dist,9.0,length_ratio,1.727
Modified,dense_city,18,subgoal_dist,9.0,length_ratio,1.3854
Modified,dense_city,19,subgoal_dist,9.0,length_ratio,1.3232
Modified,dense_city,20,subgoal_dist,9.0,length_ratio,1.1376
Modified,dense_city,21,subgoal_dist,9.0,length_ratio,1.0751
Modified,dense_city,22,subgoal_dist,9.0,length_ratio,1.4485
Modified,dense_city,23,subgoal_dist,9.0,length_ratio,1.3902
Modified,dense_city,24,subgoal_dist,9.0,length_ratio,1.0974
Modified,dense_city,25,subgoal_dist,9.0,length_ratio,1.4631
Modified,dense_city,26,subgoal_dist,9.0,length_ratio,1.0806
Modified,dense_city,27,subgoal_dist,9.0,length_ratio,1.1672
Modified,dense_city,28,subgoal_dist,9.0,length_ratio,1.3194
Modified,dense_city,29,subgoal_dist,9.0,length_ratio,1.1208
Modified,normal_city,0,subgoal_dist,12.0,length_ratio,1.0596
Modified,normal_city,1,subgoal_dist,12.0,length_ratio,1.1311
Modified,normal_city,2,subgoal_dist,12.0,length_ratio,1.0884
Modified,normal_city,3,subgoal_dist,12.0,length_ratio,1.1127
Modified,normal_city,4,subgoal_dist,12.0,length_ratio,1.1179
Modified,normal_city,5,subgoal_dist,12.0,length_ratio,1.0768
Modified,normal_city,6,subgoal_dist,12.0,length_ratio,1.0356
Modified,normal_city,7,subgoal_dist,12.0,length_ratio,1.0819
Modified,normal_city,8,subgoal_dist,12.0,length_ratio,1.4402
Modified,normal_city,9,subgoal_dist,12.0,length_ratio,1.044
Modified,normal_city,10,subgoal_dist,12.0,length_ratio,1.0621
Modified,normal_city,11,subgoal_dist,12.0,length_ratio,1.0782
Modified,normal_city,12,subgoal_dist,12.0,length_ratio,1.1215
Modified,normal_city,13,subgoal_dist,12.0,length_ratio,1.0814
Modified,normal_city,14,subgoal_dist,12.0,length_ratio,1.0513
Modified,normal_city,15,subgoal_dist,12.0,length_ratio,1.0577
Modified,normal_city,16,subgoal_dist,12.0,length_ratio,1.0438
Modified,normal_city,17,subgoal_dist,12.0,length_ratio,1.3538
Modified,normal_city,18,subgoal_dist,12.0,length_ratio,1.0673
Modified,normal_city,19,subgoal_dist,12.0,length_ratio,1.2107
Modified,normal_city,20,subgoal_dist,12.0,length_ratio,1.0692
Modified,normal_city,21,subgoal_dist,12.0,length_ratio,1.0837
Modified,normal_city,22,subgoal_dist,12.0,length_ratio,1.1335
Modified,normal_city,23,subgoal_dist,12.0,length_ratio,1.0729
Modified,normal_city,24,subgoal_dist,12.0,length_ratio,1.0734
Modified,normal_city,25,subgoal_dist,12.0,length_ratio,1.0897
Modified,normal_city,26,subgoal_dist,12.0,length_ratio,1.0305
Modified,normal_city,27,subgoal_dist,12.0,length_ratio,1.2623
Modified,normal_city,28,subgoal_dist,12.0,length_ratio,1.1137
Modified,normal_city,29,subgoal_dist,12.0,length_ratio,1.0432
Modified,blocked_road,0,subgoal_dist,12.0,length_ratio,1.367
Modified,blocked_road,1,subgoal_dist,12.0,length_ratio,1.4074
Modified,blocked_road,2,subgoal_dist,12.0,length_ratio,1.0721
Modified,blocked_road,3,subgoal_dist,12.0,length_ratio,1.0554
Modified,blocked_road,4,subgoal_dist,12.0,length_ratio,2.0281
Modified,blocked_road,5,subgoal_dist,12.0,length_ratio,1.4371
Modified,blocked_road,6,subgoal_dist,12.0,length_ratio,1.0804
Modified,blocked_road,7,subgoal_dist,12.0,length_ratio,1.0873
Modified,blocked_road,8,subgoal_dist,12.0,length_ratio,1.1351
Modified,blocked_road,9,subgoal_dist,12.0,length_ratio,1.1087
Modified,blocked_road,10,subgoal_dist,12.0,length_ratio,1.2513
Modified,blocked_road,11,subgoal_dist,12.0,length_ratio,1.2422
Modified,blocked_road,12,subgoal_dist,12.0,length_ratio,1.3855
Modified,blocked_road,13,subgoal_dist,12.0,length_ratio,1.13
Modified,blocked_road,14,subgoal_dist,12.0,length_ratio,1.3201
Modified,blocked_road,15,subgoal_dist,12.0,length_ratio,1.3131
Modified,blocked_road,16,subgoal_dist,12.0,length_ratio,1.4071
Modified,blocked_road,17,subgoal_dist,12.0,length_ratio,1.0616
Modified,blocked_road,18,subgoal_dist,12.0,length_ratio,1.0924
Modified,blocked_road,19,subgoal_dist,12.0,length_ratio,1.4563
Modified,blocked_road,20,subgoal_dist,12.0,length_ratio,1.3201
Modified,blocked_road,21,subgoal_dist,12.0,length_ratio,1.1311
Modified,blocked_road,22,subgoal_dist,12.0,length_ratio,1.0458
Modified,blocked_road,23,subgoal_dist,12.0,length_ratio,0.9927
Modified,blocked_road,24,subgoal_dist,12.0,length_ratio,1.0684
Modified,blocked_road,25,subgoal_dist,12.0,length_ratio,1.0454
Modified,blocked_road,26,subgoal_dist,12.0,length_ratio,1.3842
Modified,blocked_road,27,subgoal_dist,12.0,length_ratio,1.0999
Modified,blocked_road,28,subgoal_dist,12.0,length_ratio,1.1078
Modified,blocked_road,29,subgoal_dist,12.0,length_ratio,1.0213
Modified,dense_city,0,subgoal_dist,12.0,length_ratio,1.1218
Modified,dense_city,1,subgoal_dist,12.0,length_ratio,1.1873
Modified,dense_city,2,subgoal_dist,12.0,length_ratio,1.2206
Modified,dense_city,3,subgoal_dist,12.0,length_ratio,1.0925
Modified,dense_city,4,subgoal_dist,12.0,length_ratio,1.1841
Modified,dense_city,5,subgoal_dist,12.0,length_ratio,1.0909
Modified,dense_city,6,subgoal_dist,12.0,length_ratio,1.1944
Modified,dense_city,7,subgoal_dist,12.0,length_ratio,1.3057
Modified,dense_city,8,subgoal_dist,12.0,length_ratio,1.0709
Modified,dense_city,9,subgoal_dist,12.0,length_ratio,
Modified,dense_city,10,subgoal_dist,12.0,length_ratio,1.0565
Modified,dense_city,11,subgoal_dist,12.0,length_ratio,1.0849
Modified,dense_city,12,subgoal_dist,12.0,length_ratio,1.1184
Modified,dense_city,13,subgoal_dist,12.0,length_ratio,1.0616
Modified,dense_city,14,subgoal_dist,12.0,length_ratio,1.2589
Modified,dense_city,15,subgoal_dist,12.0,length_ratio,1.6545
Modified,dense_city,16,subgoal_dist,12.0,length_ratio,1.2721
Modified,dense_city,17,subgoal_dist,12.0,length_ratio,1.237
Modified,dense_city,18,subgoal_dist,12.0,length_ratio,1.0898
Modified,dense_city,19,subgoal_dist,12.0,length_ratio,1.0699
Modified,dense_city,20,subgoal_dist,12.0,length_ratio,1.0848
Modified,dense_city,21,subgoal_dist,12.0,length_ratio,1.0598
Modified,dense_city,22,subgoal_dist,12.0,length_ratio,1.019
Modified,dense_city,23,subgoal_dist,12.0,length_ratio,1.0656
Modified,dense_city,24,subgoal_dist,12.0,length_ratio,1.0247
Modified,dense_city,25,subgoal_dist,12.0,length_ratio,1.1005
Modified,dense_city,26,subgoal_dist,12.0,length_ratio,1.0332
Modified,dense_city,27,subgoal_dist,12.0,length_ratio,1.0022
Modified,dense_city,28,subgoal_dist,12.0,length_ratio,1.1031
Modified,dense_city,29,subgoal_dist,12.0,length_ratio,1.0287
Modified,normal_city,0,subgoal_dist,18.0,length_ratio,1.0596
Modified,normal_city,1,subgoal_dist,18.0,length_ratio,1.1311
Modified,normal_city,2,subgoal_dist,18.0,length_ratio,1.0884
Modified,normal_city,3,subgoal_dist,18.0,length_ratio,1.0981
Modified,normal_city,4,subgoal_dist,18.0,length_ratio,1.1179
Modified,normal_city,5,subgoal_dist,18.0,length_ratio,1.0768
Modified,normal_city,6,subgoal_dist,18.0,length_ratio,1.0356
Modified,normal_city,7,subgoal_dist,18.0,length_ratio,1.0819
Modified,normal_city,8,subgoal_dist,18.0,length_ratio,1.3591
Modified,normal_city,9,subgoal_dist,18.0,length_ratio,1.044
Modified,normal_city,10,subgoal_dist,18.0,length_ratio,1.0621
Modified,normal_city,11,subgoal_dist,18.0,length_ratio,1.0689
Modified,normal_city,12,subgoal_dist,18.0,length_ratio,1.1473
Modified,normal_city,13,subgoal_dist,18.0,length_ratio,1.0814
Modified,normal_city,14,subgoal_dist,18.0,length_ratio,1.0513
Modified,normal_city,15,subgoal_dist,18.0,length_ratio,1.0577
Modified,normal_city,16,subgoal_dist,18.0,length_ratio,1.0438
Modified,normal_city,17,subgoal_dist,18.0,length_ratio,1.0607
Modified,normal_city,18,subgoal_dist,18.0,length_ratio,1.0673
Modified,normal_city,19,subgoal_dist,18.0,length_ratio,1.0751
Modified,normal_city,20,subgoal_dist,18.0,length_ratio,1.0692
Modified,normal_city,21,subgoal_dist,18.0,length_ratio,1.0837
Modified,normal_city,22,subgoal_dist,18.0,length_ratio,1.1305
Modified,normal_city,23,subgoal_dist,18.0,length_ratio,1.0729
Modified,normal_city,24,subgoal_dist,18.0,length_ratio,1.0734
Modified,normal_city,25,subgoal_dist,18.0,length_ratio,1.0897
Modified,normal_city,26,subgoal_dist,18.0,length_ratio,1.0305
Modified,normal_city,27,subgoal_dist,18.0,length_ratio,1.1233
Modified,normal_city,28,subgoal_dist,18.0,length_ratio,1.1137
Modified,normal_city,29,subgoal_dist,18.0,length_ratio,1.0432
Modified,blocked_road,0,subgoal_dist,18.0,length_ratio,1.3462
Modified,blocked_road,1,subgoal_dist,18.0,length_ratio,1.4008
Modified,blocked_road,2,subgoal_dist,18.0,length_ratio,1.2417
Modified,blocked_road,3,subgoal_dist,18.0,length_ratio,1.076
Modified,blocked_road,4,subgoal_dist,18.0,length_ratio,2.0281
Modified,blocked_road,5,subgoal_dist,18.0,length_ratio,1.4371
Modified,blocked_road,6,subgoal_dist,18.0,length_ratio,1.1316
Modified,blocked_road,7,subgoal_dist,18.0,length_ratio,1.0873
Modified,blocked_road,8,subgoal_dist,18.0,length_ratio,1.1558
Modified,blocked_road,9,subgoal_dist,18.0,length_ratio,1.1087
Modified,blocked_road,10,subgoal_dist,18.0,length_ratio,1.253
Modified,blocked_road,11,subgoal_dist,18.0,length_ratio,1.2422
Modified,blocked_road,12,subgoal_dist,18.0,length_ratio,1.3855
Modified,blocked_road,13,subgoal_dist,18.0,length_ratio,1.1321
Modified,blocked_road,14,subgoal_dist,18.0,length_ratio,1.3201
Modified,blocked_road,15,subgoal_dist,18.0,length_ratio,1.335
Modified,blocked_road,16,subgoal_dist,18.0,length_ratio,1.3358
Modified,blocked_road,17,subgoal_dist,18.0,length_ratio,1.0546
Modified,blocked_road,18,subgoal_dist,18.0,length_ratio,1.0944
Modified,blocked_road,19,subgoal_dist,18.0,length_ratio,1.3185
Modified,blocked_road,20,subgoal_dist,18.0,length_ratio,1.3108
Modified,blocked_road,21,subgoal_dist,18.0,length_ratio,1.1039
Modified,blocked_road,22,subgoal_dist,18.0,length_ratio,1.0388
Modified,blocked_road,23,subgoal_dist,18.0,length_ratio,0.9927
Modified,blocked_road,24,subgoal_dist,18.0,length_ratio,1.0603
Modified,blocked_road,25,subgoal_dist,18.0,length_ratio,1.0454
Modified,blocked_road,26,subgoal_dist,18.0,length_ratio,1.1015
Modified,blocked_road,27,subgoal_dist,18.0,length_ratio,1.0987
Modified,blocked_road,28,subgoal_dist,18.0,length_ratio,1.1078
Modified,blocked_road,29,subgoal_dist,18.0,length_ratio,1.0213
Modified,dense_city,0,subgoal_dist,18.0,length_ratio,1.1218
Modified,dense_city,1,subgoal_dist,18.0,length_ratio,1.0585
Modified,dense_city,2,subgoal_dist,18.0,length_ratio,1.3783
Modified,dense_city,3,subgoal_dist,18.0,length_ratio,1.0931
Modified,dense_city,4,subgoal_dist,18.0,length_ratio,1.0638
Modified,dense_city,5,subgoal_dist,18.0,length_ratio,1.0949
Modified,dense_city,6,subgoal_dist,18.0,length_ratio,1.1944
Modified,dense_city,7,subgoal_dist,18.0,length_ratio,1.3057
Modified,dense_city,8,subgoal_dist,18.0,length_ratio,1.0646
Modified,dense_city,9,subgoal_dist,18.0,length_ratio,
Modified,dense_city,10,subgoal_dist,18.0,length_ratio,1.0598
Modified,dense_city,11,subgoal_dist,18.0,length_ratio,1.0919
Modified,dense_city,12,subgoal_dist,18.0,length_ratio,1.1184
Modified,dense_city,13,subgoal_dist,18.0,length_ratio,1.0385
Modified,dense_city,14,subgoal_dist,18.0,length_ratio,1.2152
Modified,dense_city,15,subgoal_dist,18.0,length_ratio,1.6545
Modified,dense_city,16,subgoal_dist,18.0,length_ratio,1.0636
Modified,dense_city,17,subgoal_dist,18.0,length_ratio,1.2487
Modified,dense_city,18,subgoal_dist,18.0,length_ratio,1.0966
Modified,dense_city,19,subgoal_dist,18.0,length_ratio,1.0644
Modified,dense_city,20,subgoal_dist,18.0,length_ratio,1.0395
Modified,dense_city,21,subgoal_dist,18.0,length_ratio,1.0528
Modified,dense_city,22,subgoal_dist,18.0,length_ratio,1.0201
Modified,dense_city,23,subgoal_dist,18.0,length_ratio,1.0648
Modified,dense_city,24,subgoal_dist,18.0,length_ratio,1.016
Modified,dense_city,25,subgoal_dist,18.0,length_ratio,1.0345
Modified,dense_city,26,subgoal_dist,18.0,length_ratio,1.0279
Modified,dense_city,27,subgoal_dist,18.0,length_ratio,1.0022
Modified,dense_city,28,subgoal_dist,18.0,length_ratio,1.0944
Modified,dense_city,29,subgoal_dist,18.0,length_ratio,1.1209
Modified,normal_city,0,subgoal_dist,27.0,length_ratio,1.0596
Modified,normal_city,1,subgoal_dist,27.0,length_ratio,1.1311
Modified,normal_city,2,subgoal_dist,27.0,length_ratio,1.0884
Modified,normal_city,3,subgoal_dist,27.0,length_ratio,1.3071
Modified,normal_city,4,subgoal_dist,27.0,length_ratio,1.1179
Modified,normal_city,5,subgoal_dist,27.0,length_ratio,1.0768
Modified,normal_city,6,subgoal_dist,27.0,length_ratio,1.0356
Modified,normal_city,7,subgoal_dist,27.0,length_ratio,1.0819
Modified,normal_city,8,subgoal_dist,27.0,length_ratio,1.331
Modified,normal_city,9,subgoal_dist,27.0,length_ratio,1.044
Modified,normal_city,10,subgoal_dist,27.0,length_ratio,1.0621
Modified,normal_city,11,subgoal_dist,27.0,length_ratio,1.0787
Modified,normal_city,12,subgoal_dist,27.0,length_ratio,1.1215
Modified,normal_city,13,subgoal_dist,27.0,length_ratio,1.0814
Modified,normal_city,14,subgoal_dist,27.0,length_ratio,1.0513
Modified,normal_city,15,subgoal_dist,27.0,length_ratio,1.0577
Modified,normal_city,16,subgoal_dist,27.0,length_ratio,1.0438
Modified,normal_city,17,subgoal_dist,27.0,length_ratio,1.0649
Modified,normal_city,18,subgoal_dist,27.0,length_ratio,1.0673
Modified,normal_city,19,subgoal_dist,27.0,length_ratio,1.1519
Modified,normal_city,20,subgoal_dist,27.0,length_ratio,1.0692
Modified,normal_city,21,subgoal_dist,27.0,length_ratio,1.0837
Modified,normal_city,22,subgoal_dist,27.0,length_ratio,1.1327
Modified,normal_city,23,subgoal_dist,27.0,length_ratio,1.0729
Modified,normal_city,24,subgoal_dist,27.0,length_ratio,1.0734
Modified,normal_city,25,subgoal_dist,27.0,length_ratio,1.0897
Modified,normal_city,26,subgoal_dist,27.0,length_ratio,1.0305
Modified,normal_city,27,subgoal_dist,27.0,length_ratio,1.1272
Modified,normal_city,28,subgoal_dist,27.0,length_ratio,1.1137
Modified,normal_city,29,subgoal_dist,27.0,length_ratio,1.0432
Modified,blocked_road,0,subgoal_dist,27.0,length_ratio,1.3462
Modified,blocked_road,1,subgoal_dist,27.0,length_ratio,1.4074
Modified,blocked_road,2,subgoal_dist,27.0,length_ratio,1.0533
Modified,blocked_road,3,subgoal_dist,27.0,length_ratio,1.0554
Modified,blocked_road,4,subgoal_dist,27.0,length_ratio,2.0281
Modified,blocked_road,5,subgoal_dist,27.0,length_ratio,1.4371
Modified,blocked_road,6,subgoal_dist,27.0,length_ratio,1.0804
Modified,blocked_road,7,subgoal_dist,27.0,length_ratio,1.0873
Modified,blocked_road,8,subgoal_dist,27.0,length_ratio,1.1351
Modified,blocked_road,9,subgoal_dist,27.0,length_ratio,1.1087
Modified,blocked_road,10,subgoal_dist,27.0,length_ratio,1.2463
Modified,blocked_road,11,subgoal_dist,27.0,length_ratio,1.2422
Modified,blocked_road,12,subgoal_dist,27.0,length_ratio,1.3855
Modified,blocked_road,13,subgoal_dist,27.0,length_ratio,1.1143
Modified,blocked_road,14,subgoal_dist,27.0,length_ratio,1.3292
Modified,blocked_road,15,subgoal_dist,27.0,length_ratio,1.3131
Modified,blocked_road,16,subgoal_dist,27.0,length_ratio,1.3711
Modified,blocked_road,17,subgoal_dist,27.0,length_ratio,1.0616
Modified,blocked_road,18,subgoal_dist,27.0,length_ratio,1.093
Modified,blocked_road,19,subgoal_dist,27.0,length_ratio,1.3814
Modified,blocked_road,20,subgoal_dist,27.0,length_ratio,1.3573
Modified,blocked_road,21,subgoal_dist,27.0,length_ratio,1.039
Modified,blocked_road,22,subgoal_dist,27.0,length_ratio,1.0458
Modified,blocked_road,23,subgoal_dist,27.0,length_ratio,0.9927
Modified,blocked_road,24,subgoal_dist,27.0,length_ratio,1.0684
Modified,blocked_road,25,subgoal_dist,27.0,length_ratio,1.0454
Modified,blocked_road,26,subgoal_dist,27.0,length_ratio,1.0969
Modified,blocked_road,27,subgoal_dist,27.0,length_ratio,1.0999
Modified,blocked_road,28,subgoal_dist,27.0,length_ratio,1.1078
Modified,blocked_road,29,subgoal_dist,27.0,length_ratio,1.0213
Modified,dense_city,0,subgoal_dist,27.0,length_ratio,1.1218
Modified,dense_city,1,subgoal_dist,27.0,length_ratio,1.0585
Modified,dense_city,2,subgoal_dist,27.0,length_ratio,1.3807
Modified,dense_city,3,subgoal_dist,27.0,length_ratio,1.0931
Modified,dense_city,4,subgoal_dist,27.0,length_ratio,1.0638
Modified,dense_city,5,subgoal_dist,27.0,length_ratio,1.0909
Modified,dense_city,6,subgoal_dist,27.0,length_ratio,1.1944
Modified,dense_city,7,subgoal_dist,27.0,length_ratio,1.3057
Modified,dense_city,8,subgoal_dist,27.0,length_ratio,1.0646
Modified,dense_city,9,subgoal_dist,27.0,length_ratio,
Modified,dense_city,10,subgoal_dist,27.0,length_ratio,1.0598
Modified,dense_city,11,subgoal_dist,27.0,length_ratio,1.0919
Modified,dense_city,12,subgoal_dist,27.0,length_ratio,1.1184
Modified,dense_city,13,subgoal_dist,27.0,length_ratio,1.0383
Modified,dense_city,14,subgoal_dist,27.0,length_ratio,1.2152
Modified,dense_city,15,subgoal_dist,27.0,length_ratio,1.6545
Modified,dense_city,16,subgoal_dist,27.0,length_ratio,1.0636
Modified,dense_city,17,subgoal_dist,27.0,length_ratio,1.2487
Modified,dense_city,18,subgoal_dist,27.0,length_ratio,1.0966
Modified,dense_city,19,subgoal_dist,27.0,length_ratio,1.0644
Modified,dense_city,20,subgoal_dist,27.0,length_ratio,1.0395
Modified,dense_city,21,subgoal_dist,27.0,length_ratio,1.0528
Modified,dense_city,22,subgoal_dist,27.0,length_ratio,1.0201
Modified,dense_city,23,subgoal_dist,27.0,length_ratio,1.0881
Modified,dense_city,24,subgoal_dist,27.0,length_ratio,1.016
Modified,dense_city,25,subgoal_dist,27.0,length_ratio,1.0345
Modified,dense_city,26,subgoal_dist,27.0,length_ratio,1.0279
Modified,dense_city,27,subgoal_dist,27.0,length_ratio,1.0022
Modified,dense_city,28,subgoal_dist,27.0,length_ratio,1.0944
Modified,dense_city,29,subgoal_dist,27.0,length_ratio,1.1209
Modified,normal_city,0,subgoal_dist,40.0,length_ratio,1.0596
Modified,normal_city,1,subgoal_dist,40.0,length_ratio,1.1311
Modified,normal_city,2,subgoal_dist,40.0,length_ratio,1.0884
Modified,normal_city,3,subgoal_dist,40.0,length_ratio,1.3078
Modified,normal_city,4,subgoal_dist,40.0,length_ratio,1.1179
Modified,normal_city,5,subgoal_dist,40.0,length_ratio,1.0768
Modified,normal_city,6,subgoal_dist,40.0,length_ratio,1.0356
Modified,normal_city,7,subgoal_dist,40.0,length_ratio,1.0819
Modified,normal_city,8,subgoal_dist,40.0,length_ratio,1.3282
Modified,normal_city,9,subgoal_dist,40.0,length_ratio,1.0463
Modified,normal_city,10,subgoal_dist,40.0,length_ratio,1.0621
Modified,normal_city,11,subgoal_dist,40.0,length_ratio,1.0787
Modified,normal_city,12,subgoal_dist,40.0,length_ratio,1.1215
Modified,normal_city,13,subgoal_dist,40.0,length_ratio,1.0814
Modified,normal_city,14,subgoal_dist,40.0,length_ratio,1.0513
Modified,normal_city,15,subgoal_dist,40.0,length_ratio,1.0577
Modified,normal_city,16,subgoal_dist,40.0,length_ratio,1.0438
Modified,normal_city,17,subgoal_dist,40.0,length_ratio,1.0607
Modified,normal_city,18,subgoal_dist,40.0,length_ratio,1.0673
Modified,normal_city,19,subgoal_dist,40.0,length_ratio,1.0688
Modified,normal_city,20,subgoal_dist,40.0,length_ratio,1.0692
Modified,normal_city,21,subgoal_dist,40.0,length_ratio,1.0837
Modified,normal_city,22,subgoal_dist,40.0,length_ratio,1.1336
Modified,normal_city,23,subgoal_dist,40.0,length_ratio,1.0729
Modified,normal_city,24,subgoal_dist,40.0,length_ratio,1.0734
Modified,normal_city,25,subgoal_dist,40.0,length_ratio,1.0897
Modified,normal_city,26,subgoal_dist,40.0,length_ratio,1.0305
Modified,normal_city,27,subgoal_dist,40.0,length_ratio,1.1272
Modified,normal_city,28,subgoal_dist,40.0,length_ratio,1.1137
Modified,normal_city,29,subgoal_dist,40.0,length_ratio,1.0432
Modified,blocked_road,0,subgoal_dist,40.0,length_ratio,1.3394
Modified,blocked_road,1,subgoal_dist,40.0,length_ratio,1.3999
Modified,blocked_road,2,subgoal_dist,40.0,length_ratio,1.0533
Modified,blocked_road,3,subgoal_dist,40.0,length_ratio,1.0542
Modified,blocked_road,4,subgoal_dist,40.0,length_ratio,2.0279
Modified,blocked_road,5,subgoal_dist,40.0,length_ratio,1.4417
Modified,blocked_road,6,subgoal_dist,40.0,length_ratio,1.0804
Modified,blocked_road,7,subgoal_dist,40.0,length_ratio,1.0873
Modified,blocked_road,8,subgoal_dist,40.0,length_ratio,1.1265
Modified,blocked_road,9,subgoal_dist,40.0,length_ratio,1.1087
Modified,blocked_road,10,subgoal_dist,40.0,length_ratio,1.2445
Modified,blocked_road,11,subgoal_dist,40.0,length_ratio,1.2382
Modified,blocked_road,12,subgoal_dist,40.0,length_ratio,1.3855
Modified,blocked_road,13,subgoal_dist,40.0,length_ratio,1.1261
Modified,blocked_road,14,subgoal_dist,40.0,length_ratio,1.3201
Modified,blocked_road,15,subgoal_dist,40.0,length_ratio,1.3128
Modified,blocked_road,16,subgoal_dist,40.0,length_ratio,1.3305
Modified,blocked_road,17,subgoal_dist,40.0,length_ratio,1.069
Modified,blocked_road,18,subgoal_dist,40.0,length_ratio,1.096
Modified,blocked_road,19,subgoal_dist,40.0,length_ratio,1.3118
Modified,blocked_road,20,subgoal_dist,40.0,length_ratio,1.3142
Modified,blocked_road,21,subgoal_dist,40.0,length_ratio,1.1039
Modified,blocked_road,22,subgoal_dist,40.0,length_ratio,1.0458
Modified,blocked_road,23,subgoal_dist,40.0,length_ratio,0.9927
Modified,blocked_road,24,subgoal_dist,40.0,length_ratio,1.0684
Modified,blocked_road,25,subgoal_dist,40.0,length_ratio,1.0454
Modified,blocked_road,26,subgoal_dist,40.0,length_ratio,1.0969
Modified,blocked_road,27,subgoal_dist,40.0,length_ratio,1.0999
Modified,blocked_road,28,subgoal_dist,40.0,length_ratio,1.1078
Modified,blocked_road,29,subgoal_dist,40.0,length_ratio,1.0144
Modified,dense_city,0,subgoal_dist,40.0,length_ratio,1.0897
Modified,dense_city,1,subgoal_dist,40.0,length_ratio,1.0585
Modified,dense_city,2,subgoal_dist,40.0,length_ratio,1.3783
Modified,dense_city,3,subgoal_dist,40.0,length_ratio,1.095
Modified,dense_city,4,subgoal_dist,40.0,length_ratio,1.0638
Modified,dense_city,5,subgoal_dist,40.0,length_ratio,1.0909
Modified,dense_city,6,subgoal_dist,40.0,length_ratio,1.1944
Modified,dense_city,7,subgoal_dist,40.0,length_ratio,1.3057
Modified,dense_city,8,subgoal_dist,40.0,length_ratio,1.0646
Modified,dense_city,9,subgoal_dist,40.0,length_ratio,
Modified,dense_city,10,subgoal_dist,40.0,length_ratio,1.0598
Modified,dense_city,11,subgoal_dist,40.0,length_ratio,1.0919
Modified,dense_city,12,subgoal_dist,40.0,length_ratio,1.1184
Modified,dense_city,13,subgoal_dist,40.0,length_ratio,1.0385
Modified,dense_city,14,subgoal_dist,40.0,length_ratio,1.2152
Modified,dense_city,15,subgoal_dist,40.0,length_ratio,1.6545
Modified,dense_city,16,subgoal_dist,40.0,length_ratio,1.0636
Modified,dense_city,17,subgoal_dist,40.0,length_ratio,1.2487
Modified,dense_city,18,subgoal_dist,40.0,length_ratio,1.0966
Modified,dense_city,19,subgoal_dist,40.0,length_ratio,1.0644
Modified,dense_city,20,subgoal_dist,40.0,length_ratio,1.0395
Modified,dense_city,21,subgoal_dist,40.0,length_ratio,1.0528
Modified,dense_city,22,subgoal_dist,40.0,length_ratio,1.0201
Modified,dense_city,23,subgoal_dist,40.0,length_ratio,1.0648
Modified,dense_city,24,subgoal_dist,40.0,length_ratio,1.016
Modified,dense_city,25,subgoal_dist,40.0,length_ratio,1.0345
Modified,dense_city,26,subgoal_dist,40.0,length_ratio,1.0279
Modified,dense_city,27,subgoal_dist,40.0,length_ratio,1.0022
Modified,dense_city,28,subgoal_dist,40.0,length_ratio,1.0944
Modified,dense_city,29,subgoal_dist,40.0,length_ratio,1.1209
Modified,normal_city,0,subgoal_dist,9.0,curvature,0.3656
Modified,normal_city,1,subgoal_dist,9.0,curvature,0.6053
Modified,normal_city,2,subgoal_dist,9.0,curvature,0.4782
Modified,normal_city,3,subgoal_dist,9.0,curvature,0.411
Modified,normal_city,4,subgoal_dist,9.0,curvature,0.6152
Modified,normal_city,5,subgoal_dist,9.0,curvature,0.4383
Modified,normal_city,6,subgoal_dist,9.0,curvature,0.175
Modified,normal_city,7,subgoal_dist,9.0,curvature,0.4722
Modified,normal_city,8,subgoal_dist,9.0,curvature,0.3134
Modified,normal_city,9,subgoal_dist,9.0,curvature,0.107
Modified,normal_city,10,subgoal_dist,9.0,curvature,0.4629
Modified,normal_city,11,subgoal_dist,9.0,curvature,0.4665
Modified,normal_city,12,subgoal_dist,9.0,curvature,0.4804
Modified,normal_city,13,subgoal_dist,9.0,curvature,0.4357
Modified,normal_city,14,subgoal_dist,9.0,curvature,0.3549
Modified,normal_city,15,subgoal_dist,9.0,curvature,0.4144
Modified,normal_city,16,subgoal_dist,9.0,curvature,0.3561
Modified,normal_city,17,subgoal_dist,9.0,curvature,0.3924
Modified,normal_city,18,subgoal_dist,9.0,curvature,0.4196
Modified,normal_city,19,subgoal_dist,9.0,curvature,0.2833
Modified,normal_city,20,subgoal_dist,9.0,curvature,0.4781
Modified,normal_city,21,subgoal_dist,9.0,curvature,0.5
Modified,normal_city,22,subgoal_dist,9.0,curvature,0.6075
Modified,normal_city,23,subgoal_dist,9.0,curvature,0.1383
Modified,normal_city,24,subgoal_dist,9.0,curvature,0.4465
Modified,normal_city,25,subgoal_dist,9.0,curvature,0.5089
Modified,normal_city,26,subgoal_dist,9.0,curvature,0.324
Modified,normal_city,27,subgoal_dist,9.0,curvature,0.6126
Modified,normal_city,28,subgoal_dist,9.0,curvature,0.5586
Modified,normal_city,29,subgoal_dist,9.0,curvature,0.3552
Modified,blocked_road,0,subgoal_dist,9.0,curvature,0.3458
Modified,blocked_road,1,subgoal_dist,9.0,curvature,0.2277
Modified,blocked_road,2,subgoal_dist,9.0,curvature,0.1745
Modified,blocked_road,3,subgoal_dist,9.0,curvature,0.0939
Modified,blocked_road,4,subgoal_dist,9.0,curvature,0.1549
Modified,blocked_road,5,subgoal_dist,9.0,curvature,0.2213
Modified,blocked_road,6,subgoal_dist,9.0,curvature,0.1369
Modified,blocked_road,7,subgoal_dist,9.0,curvature,0.4942
Modified,blocked_road,8,subgoal_dist,9.0,curvature,0.0989
Modified,blocked_road,9,subgoal_dist,9.0,curvature,0.3724
Modified,blocked_road,10,subgoal_dist,9.0,curvature,0.0801
Modified,blocked_road,11,subgoal_dist,9.0,curvature,0.0976
Modified,blocked_road,12,subgoal_dist,9.0,curvature,0.1317
Modified,blocked_road,13,subgoal_dist,9.0,curvature,0.4569
Modified,blocked_road,14,subgoal_dist,9.0,curvature,0.2263
Modified,blocked_road,15,subgoal_dist,9.0,curvature,0.2021
Modified,blocked_road,16,subgoal_dist,9.0,curvature,0.2548
Modified,blocked_road,17,subgoal_dist,9.0,curvature,0.0774
Modified,blocked_road,18,subgoal_dist,9.0,curvature,0.4512
Modified,blocked_road,19,subgoal_dist,9.0,curvature,0.1772
Modified,blocked_road,20,subgoal_dist,9.0,curvature,0.2074
Modified,blocked_road,21,subgoal_dist,9.0,curvature,0.1583
Modified,blocked_road,22,subgoal_dist,9.0,curvature,0.0639
Modified,blocked_road,23,subgoal_dist,9.0,curvature,0.1365
Modified,blocked_road,24,subgoal_dist,9.0,curvature,0.1098
Modified,blocked_road,25,subgoal_dist,9.0,curvature,0.3728
Modified,blocked_road,26,subgoal_dist,9.0,curvature,0.2243
Modified,blocked_road,27,subgoal_dist,9.0,curvature,0.1311
Modified,blocked_road,28,subgoal_dist,9.0,curvature,0.1658
Modified,blocked_road,29,subgoal_dist,9.0,curvature,0.1304
Modified,dense_city,0,subgoal_dist,9.0,curvature,0.3469
Modified,dense_city,1,subgoal_dist,9.0,curvature,0.0752
Modified,dense_city,2,subgoal_dist,9.0,curvature,0.1603
Modified,dense_city,3,subgoal_dist,9.0,curvature,0.3118
Modified,dense_city,4,subgoal_dist,9.0,curvature,0.0888
Modified,dense_city,5,subgoal_dist,9.0,curvature,0.4671
Modified,dense_city,6,subgoal_dist,9.0,curvature,0.1966
Modified,dense_city,7,subgoal_dist,9.0,curvature,0.4544
Modified,dense_city,8,subgoal_dist,9.0,curvature,0.2014
Modified,dense_city,9,subgoal_dist,9.0,curvature,
Modified,dense_city,10,subgoal_dist,9.0,curvature,0.3177
Modified,dense_city,11,subgoal_dist,9.0,curvature,0.2904
Modified,dense_city,12,subgoal_dist,9.0,curvature,0.2177
Modified,dense_city,13,subgoal_dist,9.0,curvature,0.2527
Modified,dense_city,14,subgoal_dist,9.0,curvature,0.2068
Modified,dense_city,15,subgoal_dist,9.0,curvature,0.1686
Modified,dense_city,16,subgoal_dist,9.0,curvature,0.267
Modified,dense_city,17,subgoal_dist,9.0,curvature,0.1839
Modified,dense_city,18,subgoal_dist,9.0,curvature,0.2043
Modified,dense_city,19,subgoal_dist,9.0,curvature,0.2097
Modified,dense_city,20,subgoal_dist,9.0,curvature,0.3108
Modified,dense_city,21,subgoal_dist,9.0,curvature,0.1896
Modified,dense_city,22,subgoal_dist,9.0,curvature,0.1271
Modified,dense_city,23,subgoal_dist,9.0,curvature,0.2297
Modified,dense_city,24,subgoal_dist,9.0,curvature,0.2917
Modified,dense_city,25,subgoal_dist,9.0,curvature,0.2088
Modified,dense_city,26,subgoal_dist,9.0,curvature,0.252
Modified,dense_city,27,subgoal_dist,9.0,curvature,0.1145
Modified,dense_city,28,subgoal_dist,9.0,curvature,0.3515
Modified,dense_city,29,subgoal_dist,9.0,curvature,0.3363
Modified,normal_city,0,subgoal_dist,12.0,curvature,0.3656
Modified,normal_city,1,subgoal_dist,12.0,curvature,0.6053
Modified,normal_city,2,subgoal_dist,12.0,curvature,0.4782
Modified,normal_city,3,subgoal_dist,12.0,curvature,0.4148
Modified,normal_city,4,subgoal_dist,12.0,curvature,0.6152
Modified,normal_city,5,subgoal_dist,12.0,curvature,0.4383
Modified,normal_city,6,subgoal_dist,12.0,curvature,0.0769
Modified,normal_city,7,subgoal_dist,12.0,curvature,0.4722
Modified,normal_city,8,subgoal_dist,12.0,curvature,0.3198
Modified,normal_city,9,subgoal_dist,12.0,curvature,0.0801
Modified,normal_city,10,subgoal_dist,12.0,curvature,0.4629
Modified,normal_city,11,subgoal_dist,12.0,curvature,0.4565
Modified,normal_city,12,subgoal_dist,12.0,curvature,0.225
Modified,normal_city,13,subgoal_dist,12.0,curvature,0.4357
Modified,normal_city,14,subgoal_dist,12.0,curvature,0.3549
Modified,normal_city,15,subgoal_dist,12.0,curvature,0.4144
Modified,normal_city,16,subgoal_dist,12.0,curvature,0.3561
Modified,normal_city,17,subgoal_dist,12.0,curvature,0.1825
Modified,normal_city,18,subgoal_dist,12.0,curvature,0.4196
Modified,normal_city,19,subgoal_dist,12.0,curvature,0.2993
Modified,normal_city,20,subgoal_dist,12.0,curvature,0.4781
Modified,normal_city,21,subgoal_dist,12.0,curvature,0.5
Modified,normal_city,22,subgoal_dist,12.0,curvature,0.6067
Modified,normal_city,23,subgoal_dist,12.0,curvature,0.0828
Modified,normal_city,24,subgoal_dist,12.0,curvature,0.4465
Modified,normal_city,25,subgoal_dist,12.0,curvature,0.5089
Modified,normal_city,26,subgoal_dist,12.0,curvature,0.324
Modified,normal_city,27,subgoal_dist,12.0,curvature,0.5754
Modified,normal_city,28,subgoal_dist,12.0,curvature,0.5586
Modified,normal_city,29,subgoal_dist,12.0,curvature,0.3552
Modified,blocked_road,0,subgoal_dist,12.0,curvature,0.3038
Modified,blocked_road,1,subgoal_dist,12.0,curvature,0.2208
Modified,blocked_road,2,subgoal_dist,12.0,curvature,0.0648
Modified,blocked_road,3,subgoal_dist,12.0,curvature,0.0886
Modified,blocked_road,4,subgoal_dist,12.0,curvature,0.1549
Modified,blocked_road,5,subgoal_dist,12.0,curvature,0.2213
Modified,blocked_road,6,subgoal_dist,12.0,curvature,0.116
Modified,blocked_road,7,subgoal_dist,12.0,curvature,0.4942
Modified,blocked_road,8,subgoal_dist,12.0,curvature,0.0834
Modified,blocked_road,9,subgoal_dist,12.0,curvature,0.2107
Modified,blocked_road,10,subgoal_dist,12.0,curvature,0.0784
Modified,blocked_road,11,subgoal_dist,12.0,curvature,0.0748
Modified,blocked_road,12,subgoal_dist,12.0,curvature,0.1317
Modified,blocked_road,13,subgoal_dist,12.0,curvature,0.4582
Modified,blocked_road,14,subgoal_dist,12.0,curvature,0.2141
Modified,blocked_road,15,subgoal_dist,12.0,curvature,0.1867
Modified,blocked_road,16,subgoal_dist,12.0,curvature,0.2557
Modified,blocked_road,17,subgoal_dist,12.0,curvature,0.0787
Modified,blocked_road,18,subgoal_dist,12.0,curvature,0.4518
Modified,blocked_road,19,subgoal_dist,12.0,curvature,0.1741
Modified,blocked_road,20,subgoal_dist,12.0,curvature,0.1829
Modified,blocked_road,21,subgoal_dist,12.0,curvature,0.0788
Modified,blocked_road,22,subgoal_dist,12.0,curvature,0.0642
Modified,blocked_road,23,subgoal_dist,12.0,curvature,0.0763
Modified,blocked_road,24,subgoal_dist,12.0,curvature,0.1122
Modified,blocked_road,25,subgoal_dist,12.0,curvature,0.3728
Modified,blocked_road,26,subgoal_dist,12.0,curvature,0.2146
Modified,blocked_road,27,subgoal_dist,12.0,curvature,0.1216
Modified,blocked_road,28,subgoal_dist,12.0,curvature,0.1155
Modified,blocked_road,29,subgoal_dist,12.0,curvature,0.1156
Modified,dense_city,0,subgoal_dist,12.0,curvature,0.1198
Modified,dense_city,1,subgoal_dist,12.0,curvature,0.1654
Modified,dense_city,2,subgoal_dist,12.0,curvature,0.2831
Modified,dense_city,3,subgoal_dist,12.0,curvature,0.0977
Modified,dense_city,4,subgoal_dist,12.0,curvature,0.1739
Modified,dense_city,5,subgoal_dist,12.0,curvature,0.3703
Modified,dense_city,6,subgoal_dist,12.0,curvature,0.101
Modified,dense_city,7,subgoal_dist,12.0,curvature,0.4446
Modified,dense_city,8,subgoal_dist,12.0,curvature,0.0758
Modified,dense_city,9,subgoal_dist,12.0,curvature,
Modified,dense_city,10,subgoal_dist,12.0,curvature,0.098
Modified,dense_city,11,subgoal_dist,12.0,curvature,0.1166
Modified,dense_city,12,subgoal_dist,12.0,curvature,0.2177
Modified,dense_city,13,subgoal_dist,12.0,curvature,0.1817
Modified,dense_city,14,subgoal_dist,12.0,curvature,0.1349
Modified,dense_city,15,subgoal_dist,12.0,curvature,0.1686
Modified,dense_city,16,subgoal_dist,12.0,curvature,0.142
Modified,dense_city,17,subgoal_dist,12.0,curvature,0.0639
Modified,dense_city,18,subgoal_dist,12.0,curvature,0.1267
Modified,dense_city,19,subgoal_dist,12.0,curvature,0.1234
Modified,dense_city,20,subgoal_dist,12.0,curvature,0.1168
Modified,dense_city,21,subgoal_dist,12.0,curvature,0.0653
Modified,dense_city,22,subgoal_dist,12.0,curvature,0.0567
Modified,dense_city,23,subgoal_dist,12.0,curvature,0.1334
Modified,dense_city,24,subgoal_dist,12.0,curvature,0.1089
Modified,dense_city,25,subgoal_dist,12.0,curvature,0.1475
Modified,dense_city,26,subgoal_dist,12.0,curvature,0.0828
Modified,dense_city,27,subgoal_dist,12.0,curvature,0.0766
Modified,dense_city,28,subgoal_dist,12.0,curvature,0.1295
Modified,dense_city,29,subgoal_dist,12.0,curvature,0.1167
Modified,normal_city,0,subgoal_dist,18.0,curvature,0.3656
Modified,normal_city,1,subgoal_dist,18.0,curvature,0.6053
Modified,normal_city,2,subgoal_dist,18.0,curvature,0.4782
Modified,normal_city,3,subgoal_dist,18.0,curvature,0.4025
Modified,normal_city,4,subgoal_dist,18.0,curvature,0.6152
Modified,normal_city,5,subgoal_dist,18.0,curvature,0.4383
Modified,normal_city,6,subgoal_dist,18.0,curvature,0.0769
Modified,normal_city,7,subgoal_dist,18.0,curvature,0.4722
Modified,normal_city,8,subgoal_dist,18.0,curvature,0.323
Modified,normal_city,9,subgoal_dist,18.0,curvature,0.0801
Modified,normal_city,10,subgoal_dist,18.0,curvature,0.4629
Modified,normal_city,11,subgoal_dist,18.0,curvature,0.4538
Modified,normal_city,12,subgoal_dist,18.0,curvature,0.2408
Modified,normal_city,13,subgoal_dist,18.0,curvature,0.4357
Modified,normal_city,14,subgoal_dist,18.0,curvature,0.3549
Modified,normal_city,15,subgoal_dist,18.0,curvature,0.4144
Modified,normal_city,16,subgoal_dist,18.0,curvature,0.3561
Modified,normal_city,17,subgoal_dist,18.0,curvature,0.0913
Modified,normal_city,18,subgoal_dist,18.0,curvature,0.4196
Modified,normal_city,19,subgoal_dist,18.0,curvature,0.2918
Modified,normal_city,20,subgoal_dist,18.0,curvature,0.4781
Modified,normal_city,21,subgoal_dist,18.0,curvature,0.5
Modified,normal_city,22,subgoal_dist,18.0,curvature,0.5958
Modified,normal_city,23,subgoal_dist,18.0,curvature,0.0828
Modified,normal_city,24,subgoal_dist,18.0,curvature,0.4465
Modified,normal_city,25,subgoal_dist,18.0,curvature,0.5089
Modified,normal_city,26,subgoal_dist,18.0,curvature,0.324
Modified,normal_city,27,subgoal_dist,18.0,curvature,0.6126
Modified,normal_city,28,subgoal_dist,18.0,curvature,0.5586
Modified,normal_city,29,subgoal_dist,18.0,curvature,0.3552
Modified,blocked_road,0,subgoal_dist,18.0,curvature,0.2725
Modified,blocked_road,1,subgoal_dist,18.0,curvature,0.2277
Modified,blocked_road,2,subgoal_dist,18.0,curvature,0.1745
Modified,blocked_road,3,subgoal_dist,18.0,curvature,0.0939
Modified,blocked_road,4,subgoal_dist,18.0,curvature,0.1549
Modified,blocked_road,5,subgoal_dist,18.0,curvature,0.2213
Modified,blocked_road,6,subgoal_dist,18.0,curvature,0.1369
Modified,blocked_road,7,subgoal_dist,18.0,curvature,0.4942
Modified,blocked_road,8,subgoal_dist,18.0,curvature,0.0989
Modified,blocked_road,9,subgoal_dist,18.0,curvature,0.2107
Modified,blocked_road,10,subgoal_dist,18.0,curvature,0.0801
Modified,blocked_road,11,subgoal_dist,18.0,curvature,0.0748
Modified,blocked_road,12,subgoal_dist,18.0,curvature,0.1317
Modified,blocked_road,13,subgoal_dist,18.0,curvature,0.4438
Modified,blocked_road,14,subgoal_dist,18.0,curvature,0.2141
Modified,blocked_road,15,subgoal_dist,18.0,curvature,0.2221
Modified,blocked_road,16,subgoal_dist,18.0,curvature,0.2502
Modified,blocked_road,17,subgoal_dist,18.0,curvature,0.0774
Modified,blocked_road,18,subgoal_dist,18.0,curvature,0.452
Modified,blocked_road,19,subgoal_dist,18.0,curvature,0.165
Modified,blocked_road,20,subgoal_dist,18.0,curvature,0.1961
Modified,blocked_road,21,subgoal_dist,18.0,curvature,0.0653
Modified,blocked_road,22,subgoal_dist,18.0,curvature,0.0639
Modified,blocked_road,23,subgoal_dist,18.0,curvature,0.0763
Modified,blocked_road,24,subgoal_dist,18.0,curvature,0.1098
Modified,blocked_road,25,subgoal_dist,18.0,curvature,0.3728
Modified,blocked_road,26,subgoal_dist,18.0,curvature,0.2155
Modified,blocked_road,27,subgoal_dist,18.0,curvature,0.1311
Modified,blocked_road,28,subgoal_dist,18.0,curvature,0.1155
Modified,blocked_road,29,subgoal_dist,18.0,curvature,0.1156
Modified,dense_city,0,subgoal_dist,18.0,curvature,0.1198
Modified,dense_city,1,subgoal_dist,18.0,curvature,0.0443
Modified,dense_city,2,subgoal_dist,18.0,curvature,0.0794
Modified,dense_city,3,subgoal_dist,18.0,curvature,0.0908
Modified,dense_city,4,subgoal_dist,18.0,curvature,0.0533
Modified,dense_city,5,subgoal_dist,18.0,curvature,0.3728
Modified,dense_city,6,subgoal_dist,18.0,curvature,0.101
Modified,dense_city,7,subgoal_dist,18.0,curvature,0.4446
Modified,dense_city,8,subgoal_dist,18.0,curvature,0.0608
Modified,dense_city,9,subgoal_dist,18.0,curvature,
Modified,dense_city,10,subgoal_dist,18.0,curvature,0.0747
Modified,dense_city,11,subgoal_dist,18.0,curvature,0.0591
Modified,dense_city,12,subgoal_dist,18.0,curvature,0.2177
Modified,dense_city,13,subgoal_dist,18.0,curvature,0.0603
Modified,dense_city,14,subgoal_dist,18.0,curvature,0.1065
Modified,dense_city,15,subgoal_dist,18.0,curvature,0.1686
Modified,dense_city,16,subgoal_dist,18.0,curvature,0.0783
Modified,dense_city,17,subgoal_dist,18.0,curvature,0.0635
Modified,dense_city,18,subgoal_dist,18.0,curvature,0.1165
Modified,dense_city,19,subgoal_dist,18.0,curvature,0.0693
Modified,dense_city,20,subgoal_dist,18.0,curvature,0.1026
Modified,dense_city,21,subgoal_dist,18.0,curvature,0.0696
Modified,dense_city,22,subgoal_dist,18.0,curvature,0.0663
Modified,dense_city,23,subgoal_dist,18.0,curvature,0.0741
Modified,dense_city,24,subgoal_dist,18.0,curvature,0.0768
Modified,dense_city,25,subgoal_dist,18.0,curvature,0.0872
Modified,dense_city,26,subgoal_dist,18.0,curvature,0.0679
Modified,dense_city,27,subgoal_dist,18.0,curvature,0.0766
Modified,dense_city,28,subgoal_dist,18.0,curvature,0.0383
Modified,dense_city,29,subgoal_dist,18.0,curvature,0.0644
Modified,normal_city,0,subgoal_dist,27.0,curvature,0.3656
Modified,normal_city,1,subgoal_dist,27.0,curvature,0.6053
Modified,normal_city,2,subgoal_dist,27.0,curvature,0.4782
Modified,normal_city,3,subgoal_dist,27.0,curvature,0.3479
Modified,normal_city,4,subgoal_dist,27.0,curvature,0.6152
Modified,normal_city,5,subgoal_dist,27.0,curvature,0.4383
Modified,normal_city,6,subgoal_dist,27.0,curvature,0.0769
Modified,normal_city,7,subgoal_dist,27.0,curvature,0.4722
Modified,normal_city,8,subgoal_dist,27.0,curvature,0.3266
Modified,normal_city,9,subgoal_dist,27.0,curvature,0.0801
Modified,normal_city,10,subgoal_dist,27.0,curvature,0.4629
Modified,normal_city,11,subgoal_dist,27.0,curvature,0.4512
Modified,normal_city,12,subgoal_dist,27.0,curvature,0.225
Modified,normal_city,13,subgoal_dist,27.0,curvature,0.4357
Modified,normal_city,14,subgoal_dist,27.0,curvature,0.3549
Modified,normal_city,15,subgoal_dist,27.0,curvature,0.4144
Modified,normal_city,16,subgoal_dist,27.0,curvature,0.3561
Modified,normal_city,17,subgoal_dist,27.0,curvature,0.1034
Modified,normal_city,18,subgoal_dist,27.0,curvature,0.4196
Modified,normal_city,19,subgoal_dist,27.0,curvature,0.3121
Modified,normal_city,20,subgoal_dist,27.0,curvature,0.4781
Modified,normal_city,21,subgoal_dist,27.0,curvature,0.5
Modified,normal_city,22,subgoal_dist,27.0,curvature,0.5942
Modified,normal_city,23,subgoal_dist,27.0,curvature,0.0828
Modified,normal_city,24,subgoal_dist,27.0,curvature,0.4465
Modified,normal_city,25,subgoal_dist,27.0,curvature,0.5089
Modified,normal_city,26,subgoal_dist,27.0,curvature,0.324
Modified,normal_city,27,subgoal_dist,27.0,curvature,0.6036
Modified,normal_city,28,subgoal_dist,27.0,curvature,0.5586
Modified,normal_city,29,subgoal_dist,27.0,curvature,0.3552
Modified,blocked_road,0,subgoal_dist,27.0,curvature,0.2725
Modified,blocked_road,1,subgoal_dist,27.0,curvature,0.2208
Modified,blocked_road,2,subgoal_dist,27.0,curvature,0.0568
Modified,blocked_road,3,subgoal_dist,27.0,curvature,0.0886
Modified,blocked_road,4,subgoal_dist,27.0,curvature,0.1549
Modified,blocked_road,5,subgoal_dist,27.0,curvature,0.2213
Modified,blocked_road,6,subgoal_dist,27.0,curvature,0.116
Modified,blocked_road,7,subgoal_dist,27.0,curvature,0.4942
Modified,blocked_road,8,subgoal_dist,27.0,curvature,0.0834
Modified,blocked_road,9,subgoal_dist,27.0,curvature,0.2107
Modified,blocked_road,10,subgoal_dist,27.0,curvature,0.0794
Modified,blocked_road,11,subgoal_dist,27.0,curvature,0.0748
Modified,blocked_road,12,subgoal_dist,27.0,curvature,0.1317
Modified,blocked_road,13,subgoal_dist,27.0,curvature,0.4651
Modified,blocked_road,14,subgoal_dist,27.0,curvature,0.2164
Modified,blocked_road,15,subgoal_dist,27.0,curvature,0.1867
Modified,blocked_road,16,subgoal_dist,27.0,curvature,0.2579
Modified,blocked_road,17,subgoal_dist,27.0,curvature,0.0787
Modified,blocked_road,18,subgoal_dist,27.0,curvature,0.4495
Modified,blocked_road,19,subgoal_dist,27.0,curvature,0.1836
Modified,blocked_road,20,subgoal_dist,27.0,curvature,0.2001
Modified,blocked_road,21,subgoal_dist,27.0,curvature,0.0716
Modified,blocked_road,22,subgoal_dist,27.0,curvature,0.0642
Modified,blocked_road,23,subgoal_dist,27.0,curvature,0.0763
Modified,blocked_road,24,subgoal_dist,27.0,curvature,0.1122
Modified,blocked_road,25,subgoal_dist,27.0,curvature,0.3728
Modified,blocked_road,26,subgoal_dist,27.0,curvature,0.214
Modified,blocked_road,27,subgoal_dist,27.0,curvature,0.1216
Modified,blocked_road,28,subgoal_dist,27.0,curvature,0.1155
Modified,blocked_road,29,subgoal_dist,27.0,curvature,0.1156
Modified,dense_city,0,subgoal_dist,27.0,curvature,0.1198
Modified,dense_city,1,subgoal_dist,27.0,curvature,0.0443
Modified,dense_city,2,subgoal_dist,27.0,curvature,0.0938
Modified,dense_city,3,subgoal_dist,27.0,curvature,0.0908
Modified,dense_city,4,subgoal_dist,27.0,curvature,0.0533
Modified,dense_city,5,subgoal_dist,27.0,curvature,0.3703
Modified,dense_city,6,subgoal_dist,27.0,curvature,0.101
Modified,dense_city,7,subgoal_dist,27.0,curvature,0.4446
Modified,dense_city,8,subgoal_dist,27.0,curvature,0.0608
Modified,dense_city,9,subgoal_dist,27.0,curvature,
Modified,dense_city,10,subgoal_dist,27.0,curvature,0.0747
Modified,dense_city,11,subgoal_dist,27.0,curvature,0.0591
Modified,dense_city,12,subgoal_dist,27.0,curvature,0.2177
Modified,dense_city,13,subgoal_dist,27.0,curvature,0.0791
Modified,dense_city,14,subgoal_dist,27.0,curvature,0.1065
Modified,dense_city,15,subgoal_dist,27.0,curvature,0.1686
Modified,dense_city,16,subgoal_dist,27.0,curvature,0.0783
Modified,dense_city,17,subgoal_dist,27.0,curvature,0.0635
Modified,dense_city,18,subgoal_dist,27.0,curvature,0.1165
Modified,dense_city,19,subgoal_dist,27.0,curvature,0.0693
Modified,dense_city,20,subgoal_dist,27.0,curvature,0.1026
Modified,dense_city,21,subgoal_dist,27.0,curvature,0.0696
Modified,dense_city,22,subgoal_dist,27.0,curvature,0.0663
Modified,dense_city,23,subgoal_dist,27.0,curvature,0.1181
Modified,dense_city,24,subgoal_dist,27.0,curvature,0.0768
Modified,dense_city,25,subgoal_dist,27.0,curvature,0.0872
Modified,dense_city,26,subgoal_dist,27.0,curvature,0.0679
Modified,dense_city,27,subgoal_dist,27.0,curvature,0.0766
Modified,dense_city,28,subgoal_dist,27.0,curvature,0.0383
Modified,dense_city,29,subgoal_dist,27.0,curvature,0.0644
Modified,normal_city,0,subgoal_dist,40.0,curvature,0.3656
Modified,normal_city,1,subgoal_dist,40.0,curvature,0.6053
Modified,normal_city,2,subgoal_dist,40.0,curvature,0.4782
Modified,normal_city,3,subgoal_dist,40.0,curvature,0.3432
Modified,normal_city,4,subgoal_dist,40.0,curvature,0.6152
Modified,normal_city,5,subgoal_dist,40.0,curvature,0.4383
Modified,normal_city,6,subgoal_dist,40.0,curvature,0.0769
Modified,normal_city,7,subgoal_dist,40.0,curvature,0.4722
Modified,normal_city,8,subgoal_dist,40.0,curvature,0.3239
Modified,normal_city,9,subgoal_dist,40.0,curvature,0.0905
Modified,normal_city,10,subgoal_dist,40.0,curvature,0.4629
Modified,normal_city,11,subgoal_dist,40.0,curvature,0.4512
Modified,normal_city,12,subgoal_dist,40.0,curvature,0.225
Modified,normal_city,13,subgoal_dist,40.0,curvature,0.4357
Modified,normal_city,14,subgoal_dist,40.0,curvature,0.3549
Modified,normal_city,15,subgoal_dist,40.0,curvature,0.4144
Modified,normal_city,16,subgoal_dist,40.0,curvature,0.3561
Modified,normal_city,17,subgoal_dist,40.0,curvature,0.0913
Modified,normal_city,18,subgoal_dist,40.0,curvature,0.4196
Modified,normal_city,19,subgoal_dist,40.0,curvature,0.2921
Modified,normal_city,20,subgoal_dist,40.0,curvature,0.4781
Modified,normal_city,21,subgoal_dist,40.0,curvature,0.5
Modified,normal_city,22,subgoal_dist,40.0,curvature,0.591
Modified,normal_city,23,subgoal_dist,40.0,curvature,0.0828
Modified,normal_city,24,subgoal_dist,40.0,curvature,0.4465
Modified,normal_city,25,subgoal_dist,40.0,curvature,0.5089
Modified,normal_city,26,subgoal_dist,40.0,curvature,0.324
Modified,normal_city,27,subgoal_dist,40.0,curvature,0.6036
Modified,normal_city,28,subgoal_dist,40.0,curvature,0.5586
Modified,normal_city,29,subgoal_dist,40.0,curvature,0.3552
Modified,blocked_road,0,subgoal_dist,40.0,curvature,0.2744
Modified,blocked_road,1,subgoal_dist,40.0,curvature,0.227
Modified,blocked_road,2,subgoal_dist,40.0,curvature,0.0568
Modified,blocked_road,3,subgoal_dist,40.0,curvature,0.0925
Modified,blocked_road,4,subgoal_dist,40.0,curvature,0.1585
Modified,blocked_road,5,subgoal_dist,40.0,curvature,0.2274
Modified,blocked_road,6,subgoal_dist,40.0,curvature,0.116
Modified,blocked_road,7,subgoal_dist,40.0,curvature,0.4942
Modified,blocked_road,8,subgoal_dist,40.0,curvature,0.0841
Modified,blocked_road,9,subgoal_dist,40.0,curvature,0.2107
Modified,blocked_road,10,subgoal_dist,40.0,curvature,0.082
Modified,blocked_road,11,subgoal_dist,40.0,curvature,0.0756
Modified,blocked_road,12,subgoal_dist,40.0,curvature,0.1317
Modified,blocked_road,13,subgoal_dist,40.0,curvature,0.467
Modified,blocked_road,14,subgoal_dist,40.0,curvature,0.2141
Modified,blocked_road,15,subgoal_dist,40.0,curvature,0.1887
Modified,blocked_road,16,subgoal_dist,40.0,curvature,0.2507
Modified,blocked_road,17,subgoal_dist,40.0,curvature,0.0803
Modified,blocked_road,18,subgoal_dist,40.0,curvature,0.4346
Modified,blocked_road,19,subgoal_dist,40.0,curvature,0.1662
Modified,blocked_road,20,subgoal_dist,40.0,curvature,0.1828
Modified,blocked_road,21,subgoal_dist,40.0,curvature,0.0653
Modified,blocked_road,22,subgoal_dist,40.0,curvature,0.0642
Modified,blocked_road,23,subgoal_dist,40.0,curvature,0.0763
Modified,blocked_road,24,subgoal_dist,40.0,curvature,0.1122
Modified,blocked_road,25,subgoal_dist,40.0,curvature,0.3728
Modified,blocked_road,26,subgoal_dist,40.0,curvature,0.214
Modified,blocked_road,27,subgoal_dist,40.0,curvature,0.1216
Modified,blocked_road,28,subgoal_dist,40.0,curvature,0.1155
Modified,blocked_road,29,subgoal_dist,40.0,curvature,0.1175
Modified,dense_city,0,subgoal_dist,40.0,curvature,0.1482
Modified,dense_city,1,subgoal_dist,40.0,curvature,0.0443
Modified,dense_city,2,subgoal_dist,40.0,curvature,0.0794
Modified,dense_city,3,subgoal_dist,40.0,curvature,0.1129
Modified,dense_city,4,subgoal_dist,40.0,curvature,0.0533
Modified,dense_city,5,subgoal_dist,40.0,curvature,0.3703
Modified,dense_city,6,subgoal_dist,40.0,curvature,0.101
Modified,dense_city,7,subgoal_dist,40.0,curvature,0.4446
Modified,dense_city,8,subgoal_dist,40.0,curvature,0.0608
Modified,dense_city,9,subgoal_dist,40.0,curvature,
Modified,dense_city,10,subgoal_dist,40.0,curvature,0.0747
Modified,dense_city,11,subgoal_dist,40.0,curvature,0.0591
Modified,dense_city,12,subgoal_dist,40.0,curvature,0.2177
Modified,dense_city,13,subgoal_dist,40.0,curvature,0.0603
Modified,dense_city,14,subgoal_dist,40.0,curvature,0.1065
Modified,dense_city,15,subgoal_dist,40.0,curvature,0.1686
Modified,dense_city,16,subgoal_dist,40.0,curvature,0.0783
Modified,dense_city,17,subgoal_dist,40.0,curvature,0.0635
Modified,dense_city,18,subgoal_dist,40.0,curvature,0.1165
Modified,dense_city,19,subgoal_dist,40.0,curvature,0.0693
Modified,dense_city,20,subgoal_dist,40.0,curvature,0.1026
Modified,dense_city,21,subgoal_dist,40.0,curvature,0.0696
Modified,dense_city,22,subgoal_dist,40.0,curvature,0.0663
Modified,dense_city,23,subgoal_dist,40.0,curvature,0.0741
Modified,dense_city,24,subgoal_dist,40.0,curvature,0.0768
Modified,dense_city,25,subgoal_dist,40.0,curvature,0.0872
Modified,dense_city,26,subgoal_dist,40.0,curvature,0.0679
Modified,dense_city,27,subgoal_dist,40.0,curvature,0.0766
Modified,dense_city,28,subgoal_dist,40.0,curvature,0.0383
Modified,dense_city,29,subgoal_dist,40.0,curvature,0.0644
Modified,normal_city,0,subgoal_dist,9.0,max_curvature,2.2033
Modified,normal_city,1,subgoal_dist,9.0,max_curvature,3.0624
Modified,normal_city,2,subgoal_dist,9.0,max_curvature,3.3136
Modified,normal_city,3,subgoal_dist,9.0,max_curvature,4.2193
Modified,normal_city,4,subgoal_dist,9.0,max_curvature,3.9804
Modified,normal_city,5,subgoal_dist,9.0,max_curvature,2.8413
Modified,normal_city,6,subgoal_dist,9.0,max_curvature,2.0552
Modified,normal_city,7,subgoal_dist,9.0,max_curvature,3.7787
Modified,normal_city,8,subgoal_dist,9.0,max_curvature,4.6866
Modified,normal_city,9,subgoal_dist,9.0,max_curvature,1.386
Modified,normal_city,10,subgoal_dist,9.0,max_curvature,3.1554
Modified,normal_city,11,subgoal_dist,9.0,max_curvature,6.0164
Modified,normal_city,12,subgoal_dist,9.0,max_curvature,7.3283
Modified,normal_city,13,subgoal_dist,9.0,max_curvature,1.8712
Modified,normal_city,14,subgoal_dist,9.0,max_curvature,1.6253
Modified,normal_city,15,subgoal_dist,9.0,max_curvature,1.6217
Modified,normal_city,16,subgoal_dist,9.0,max_curvature,1.6973
Modified,normal_city,17,subgoal_dist,9.0,max_curvature,3.4573
Modified,normal_city,18,subgoal_dist,9.0,max_curvature,1.8452
Modified,normal_city,19,subgoal_dist,9.0,max_curvature,3.3944
Modified,normal_city,20,subgoal_dist,9.0,max_curvature,2.4635
Modified,normal_city,21,subgoal_dist,9.0,max_curvature,3.0115
Modified,normal_city,22,subgoal_dist,9.0,max_curvature,3.1182
Modified,normal_city,23,subgoal_dist,9.0,max_curvature,1.0392
Modified,normal_city,24,subgoal_dist,9.0,max_curvature,2.0847
Modified,normal_city,25,subgoal_dist,9.0,max_curvature,2.7863
Modified,normal_city,26,subgoal_dist,9.0,max_curvature,1.5596
Modified,normal_city,27,subgoal_dist,9.0,max_curvature,4.5341
Modified,normal_city,28,subgoal_dist,9.0,max_curvature,3.7768
Modified,normal_city,29,subgoal_dist,9.0,max_curvature,1.8672
Modified,blocked_road,0,subgoal_dist,9.0,max_curvature,5.6614
Modified,blocked_road,1,subgoal_dist,9.0,max_curvature,2.8714
Modified,blocked_road,2,subgoal_dist,9.0,max_curvature,2.805
Modified,blocked_road,3,subgoal_dist,9.0,max_curvature,1.3089
Modified,blocked_road,4,subgoal_dist,9.0,max_curvature,4.5255
Modified,blocked_road,5,subgoal_dist,9.0,max_curvature,5.3251
Modified,blocked_road,6,subgoal_dist,9.0,max_curvature,3.3082
Modified,blocked_road,7,subgoal_dist,9.0,max_curvature,3.868
Modified,blocked_road,8,subgoal_dist,9.0,max_curvature,3.263
Modified,blocked_road,9,subgoal_dist,9.0,max_curvature,9.543
Modified,blocked_road,10,subgoal_dist,9.0,max_curvature,3.1264
Modified,blocked_road,11,subgoal_dist,9.0,max_curvature,1.6492
Modified,blocked_road,12,subgoal_dist,9.0,max_curvature,4.0447
Modified,blocked_road,13,subgoal_dist,9.0,max_curvature,3.3265
Modified,blocked_road,14,subgoal_dist,9.0,max_curvature,5.6912
Modified,blocked_road,15,subgoal_dist,9.0,max_curvature,7.434
Modified,blocked_road,16,subgoal_dist,9.0,max_curvature,4.6485
Modified,blocked_road,17,subgoal_dist,9.0,max_curvature,2.0361
Modified,blocked_road,18,subgoal_dist,9.0,max_curvature,7.3811
Modified,blocked_road,19,subgoal_dist,9.0,max_curvature,1.7293
Modified,blocked_road,20,subgoal_dist,9.0,max_curvature,2.1561
Modified,blocked_road,21,subgoal_dist,9.0,max_curvature,4.6471
Modified,blocked_road,22,subgoal_dist,9.0,max_curvature,1.4738
Modified,blocked_road,23,subgoal_dist,9.0,max_curvature,1.5409
Modified,blocked_road,24,subgoal_dist,9.0,max_curvature,4.3535
Modified,blocked_road,25,subgoal_dist,9.0,max_curvature,2.1538
Modified,blocked_road,26,subgoal_dist,9.0,max_curvature,9.8842
Modified,blocked_road,27,subgoal_dist,9.0,max_curvature,5.6346
Modified,blocked_road,28,subgoal_dist,9.0,max_curvature,5.0725
Modified,blocked_road,29,subgoal_dist,9.0,max_curvature,1.446
Modified,dense_city,0,subgoal_dist,9.0,max_curvature,14.4572
Modified,dense_city,1,subgoal_dist,9.0,max_curvature,2.4627
Modified,dense_city,2,subgoal_dist,9.0,max_curvature,4.2206
Modified,dense_city,3,subgoal_dist,9.0,max_curvature,4.6893
Modified,dense_city,4,subgoal_dist,9.0,max_curvature,1.9219
Modified,dense_city,5,subgoal_dist,9.0,max_curvature,2.1792
Modified,dense_city,6,subgoal_dist,9.0,max_curvature,1.2526
Modified,dense_city,7,subgoal_dist,9.0,max_curvature,5.2567
Modified,dense_city,8,subgoal_dist,9.0,max_curvature,2.6933
Modified,dense_city,9,subgoal_dist,9.0,max_curvature,
Modified,dense_city,10,subgoal_dist,9.0,max_curvature,4.5242
Modified,dense_city,11,subgoal_dist,9.0,max_curvature,3.3334
Modified,dense_city,12,subgoal_dist,9.0,max_curvature,4.1934
Modified,dense_city,13,subgoal_dist,9.0,max_curvature,4.3077
Modified,dense_city,14,subgoal_dist,9.0,max_curvature,4.457
Modified,dense_city,15,subgoal_dist,9.0,max_curvature,6.5942
Modified,dense_city,16,subgoal_dist,9.0,max_curvature,2.0364
Modified,dense_city,17,subgoal_dist,9.0,max_curvature,3.7768
Modified,dense_city,18,subgoal_dist,9.0,max_curvature,3.8346
Modified,dense_city,19,subgoal_dist,9.0,max_curvature,2.7891
Modified,dense_city,20,subgoal_dist,9.0,max_curvature,2.4429
Modified,dense_city,21,subgoal_dist,9.0,max_curvature,3.1921
Modified,dense_city,22,subgoal_dist,9.0,max_curvature,5.6293
Modified,dense_city,23,subgoal_dist,9.0,max_curvature,1.741
Modified,dense_city,24,subgoal_dist,9.0,max_curvature,3.9839
Modified,dense_city,25,subgoal_dist,9.0,max_curvature,5.4301
Modified,dense_city,26,subgoal_dist,9.0,max_curvature,2.5171
Modified,dense_city,27,subgoal_dist,9.0,max_curvature,2.2238
Modified,dense_city,28,subgoal_dist,9.0,max_curvature,4.708
Modified,dense_city,29,subgoal_dist,9.0,max_curvature,3.0881
Modified,normal_city,0,subgoal_dist,12.0,max_curvature,2.2033
Modified,normal_city,1,subgoal_dist,12.0,max_curvature,3.0624
Modified,normal_city,2,subgoal_dist,12.0,max_curvature,3.3136
Modified,normal_city,3,subgoal_dist,12.0,max_curvature,2.9933
Modified,normal_city,4,subgoal_dist,12.0,max_curvature,3.9804
Modified,normal_city,5,subgoal_dist,12.0,max_curvature,2.8413
Modified,normal_city,6,subgoal_dist,12.0,max_curvature,1.2789
Modified,normal_city,7,subgoal_dist,12.0,max_curvature,3.7787
Modified,normal_city,8,subgoal_dist,12.0,max_curvature,4.0167
Modified,normal_city,9,subgoal_dist,12.0,max_curvature,1.3016
Modified,normal_city,10,subgoal_dist,12.0,max_curvature,3.1554
Modified,normal_city,11,subgoal_dist,12.0,max_curvature,5.6523
Modified,normal_city,12,subgoal_dist,12.0,max_curvature,7.1864
Modified,normal_city,13,subgoal_dist,12.0,max_curvature,1.8712
Modified,normal_city,14,subgoal_dist,12.0,max_curvature,1.6253
Modified,normal_city,15,subgoal_dist,12.0,max_curvature,1.6217
Modified,normal_city,16,subgoal_dist,12.0,max_curvature,1.6973
Modified,normal_city,17,subgoal_dist,12.0,max_curvature,5.1143
Modified,normal_city,18,subgoal_dist,12.0,max_curvature,1.8452
Modified,normal_city,19,subgoal_dist,12.0,max_curvature,4.2733
Modified,normal_city,20,subgoal_dist,12.0,max_curvature,2.4635
Modified,normal_city,21,subgoal_dist,12.0,max_curvature,3.0115
Modified,normal_city,22,subgoal_dist,12.0,max_curvature,3.1848
Modified,normal_city,23,subgoal_dist,12.0,max_curvature,0.9687
Modified,normal_city,24,subgoal_dist,12.0,max_curvature,2.0847
Modified,normal_city,25,subgoal_dist,12.0,max_curvature,2.7863
Modified,normal_city,26,subgoal_dist,12.0,max_curvature,1.5596
Modified,normal_city,27,subgoal_dist,12.0,max_curvature,4.5033
Modified,normal_city,28,subgoal_dist,12.0,max_curvature,3.7768
Modified,normal_city,29,subgoal_dist,12.0,max_curvature,1.8672
Modified,blocked_road,0,subgoal_dist,12.0,max_curvature,5.8007
Modified,blocked_road,1,subgoal_dist,12.0,max_curvature,2.8979
Modified,blocked_road,2,subgoal_dist,12.0,max_curvature,1.8648
Modified,blocked_road,3,subgoal_dist,12.0,max_curvature,1.2209
Modified,blocked_road,4,subgoal_dist,12.0,max_curvature,4.5255
Modified,blocked_road,5,subgoal_dist,12.0,max_curvature,5.3251
Modified,blocked_road,6,subgoal_dist,12.0,max_curvature,3.2933
Modified,blocked_road,7,subgoal_dist,12.0,max_curvature,3.868
Modified,blocked_road,8,subgoal_dist,12.0,max_curvature,3.2036
Modified,blocked_road,9,subgoal_dist,12.0,max_curvature,9.723
Modified,blocked_road,10,subgoal_dist,12.0,max_curvature,3.3232
Modified,blocked_road,11,subgoal_dist,12.0,max_curvature,3.5317
Modified,blocked_road,12,subgoal_dist,12.0,max_curvature,4.0447
Modified,blocked_road,13,subgoal_dist,12.0,max_curvature,3.52
Modified,blocked_road,14,subgoal_dist,12.0,max_curvature,7.2946
Modified,blocked_road,15,subgoal_dist,12.0,max_curvature,7.9447
Modified,blocked_road,16,subgoal_dist,12.0,max_curvature,5.0963
Modified,blocked_road,17,subgoal_dist,12.0,max_curvature,2.0234
Modified,blocked_road,18,subgoal_dist,12.0,max_curvature,6.9457
Modified,blocked_road,19,subgoal_dist,12.0,max_curvature,2.1634
Modified,blocked_road,20,subgoal_dist,12.0,max_curvature,2.8784
Modified,blocked_road,21,subgoal_dist,12.0,max_curvature,4.6972
Modified,blocked_road,22,subgoal_dist,12.0,max_curvature,1.4747
Modified,blocked_road,23,subgoal_dist,12.0,max_curvature,0.8004
Modified,blocked_road,24,subgoal_dist,12.0,max_curvature,4.0716
Modified,blocked_road,25,subgoal_dist,12.0,max_curvature,2.1538
Modified,blocked_road,26,subgoal_dist,12.0,max_curvature,9.253
Modified,blocked_road,27,subgoal_dist,12.0,max_curvature,5.4021
Modified,blocked_road,28,subgoal_dist,12.0,max_curvature,5.1027
Modified,blocked_road,29,subgoal_dist,12.0,max_curvature,1.3326
Modified,dense_city,0,subgoal_dist,12.0,max_curvature,2.964
Modified,dense_city,1,subgoal_dist,12.0,max_curvature,4.5942
Modified,dense_city,2,subgoal_dist,12.0,max_curvature,10.3231
Modified,dense_city,3,subgoal_dist,12.0,max_curvature,4.7593
Modified,dense_city,4,subgoal_dist,12.0,max_curvature,3.9066
Modified,dense_city,5,subgoal_dist,12.0,max_curvature,2.5276
Modified,dense_city,6,subgoal_dist,12.0,max_curvature,1.2
Modified,dense_city,7,subgoal_dist,12.0,max_curvature,5.529
Modified,dense_city,8,subgoal_dist,12.0,max_curvature,1.421
Modified,dense_city,9,subgoal_dist,12.0,max_curvature,
Modified,dense_city,10,subgoal_dist,12.0,max_curvature,1.6092
Modified,dense_city,11,subgoal_dist,12.0,max_curvature,1.7624
Modified,dense_city,12,subgoal_dist,12.0,max_curvature,4.1934
Modified,dense_city,13,subgoal_dist,12.0,max_curvature,2.5523
Modified,dense_city,14,subgoal_dist,12.0,max_curvature,3.9091
Modified,dense_city,15,subgoal_dist,12.0,max_curvature,6.5942
Modified,dense_city,16,subgoal_dist,12.0,max_curvature,3.3887
Modified,dense_city,17,subgoal_dist,12.0,max_curvature,3.9118
Modified,dense_city,18,subgoal_dist,12.0,max_curvature,3.9801
Modified,dense_city,19,subgoal_dist,12.0,max_curvature,2.2839
Modified,dense_city,20,subgoal_dist,12.0,max_curvature,1.5951
Modified,dense_city,21,subgoal_dist,12.0,max_curvature,1.4595
Modified,dense_city,22,subgoal_dist,12.0,max_curvature,1.4937
Modified,dense_city,23,subgoal_dist,12.0,max_curvature,1.487
Modified,dense_city,24,subgoal_dist,12.0,max_curvature,1.7356
Modified,dense_city,25,subgoal_dist,12.0,max_curvature,2.9684
Modified,dense_city,26,subgoal_dist,12.0,max_curvature,1.5647
Modified,dense_city,27,subgoal_dist,12.0,max_curvature,1.0189
Modified,dense_city,28,subgoal_dist,12.0,max_curvature,2.9263
Modified,dense_city,29,subgoal_dist,12.0,max_curvature,1.4945
Modified,normal_city,0,subgoal_dist,18.0,max_curvature,2.2033
Modified,normal_city,1,subgoal_dist,18.0,max_curvature,3.0624
Modified,normal_city,2,subgoal_dist,18.0,max_curvature,3.3136
Modified,normal_city,3,subgoal_dist,18.0,max_curvature,2.8915
Modified,normal_city,4,subgoal_dist,18.0,max_curvature,3.9804
Modified,normal_city,5,subgoal_dist,18.0,max_curvature,2.8413
Modified,normal_city,6,subgoal_dist,18.0,max_curvature,1.2789
Modified,normal_city,7,subgoal_dist,18.0,max_curvature,3.7787
Modified,normal_city,8,subgoal_dist,18.0,max_curvature,6.0915
Modified,normal_city,9,subgoal_dist,18.0,max_curvature,1.3016
Modified,normal_city,10,subgoal_dist,18.0,max_curvature,3.1554
Modified,normal_city,11,subgoal_dist,18.0,max_curvature,5.7435
Modified,normal_city,12,subgoal_dist,18.0,max_curvature,10.4322
Modified,normal_city,13,subgoal_dist,18.0,max_curvature,1.8712
Modified,normal_city,14,subgoal_dist,18.0,max_curvature,1.6253
Modified,normal_city,15,subgoal_dist,18.0,max_curvature,1.6217
Modified,normal_city,16,subgoal_dist,18.0,max_curvature,1.6973
Modified,normal_city,17,subgoal_dist,18.0,max_curvature,2.2736
Modified,normal_city,18,subgoal_dist,18.0,max_curvature,1.8452
Modified,normal_city,19,subgoal_dist,18.0,max_curvature,11.6428
Modified,normal_city,20,subgoal_dist,18.0,max_curvature,2.4635
Modified,normal_city,21,subgoal_dist,18.0,max_curvature,3.0115
Modified,normal_city,22,subgoal_dist,18.0,max_curvature,3.2756
Modified,normal_city,23,subgoal_dist,18.0,max_curvature,0.9687
Modified,normal_city,24,subgoal_dist,18.0,max_curvature,2.0847
Modified,normal_city,25,subgoal_dist,18.0,max_curvature,2.7863
Modified,normal_city,26,subgoal_dist,18.0,max_curvature,1.5596
Modified,normal_city,27,subgoal_dist,18.0,max_curvature,4.5341
Modified,normal_city,28,subgoal_dist,18.0,max_curvature,3.7768
Modified,normal_city,29,subgoal_dist,18.0,max_curvature,1.8672
Modified,blocked_road,0,subgoal_dist,18.0,max_curvature,5.7702
Modified,blocked_road,1,subgoal_dist,18.0,max_curvature,2.8714
Modified,blocked_road,2,subgoal_dist,18.0,max_curvature,2.805
Modified,blocked_road,3,subgoal_dist,18.0,max_curvature,1.3089
Modified,blocked_road,4,subgoal_dist,18.0,max_curvature,4.5255
Modified,blocked_road,5,subgoal_dist,18.0,max_curvature,5.3251
Modified,blocked_road,6,subgoal_dist,18.0,max_curvature,3.3082
Modified,blocked_road,7,subgoal_dist,18.0,max_curvature,3.868
Modified,blocked_road,8,subgoal_dist,18.0,max_curvature,3.263
Modified,blocked_road,9,subgoal_dist,18.0,max_curvature,9.723
Modified,blocked_road,10,subgoal_dist,18.0,max_curvature,3.1264
Modified,blocked_road,11,subgoal_dist,18.0,max_curvature,3.5317
Modified,blocked_road,12,subgoal_dist,18.0,max_curvature,4.0447
Modified,blocked_road,13,subgoal_dist,18.0,max_curvature,3.6979
Modified,blocked_road,14,subgoal_dist,18.0,max_curvature,7.2946
Modified,blocked_road,15,subgoal_dist,18.0,max_curvature,6.2131
Modified,blocked_road,16,subgoal_dist,18.0,max_curvature,5.3348
Modified,blocked_road,17,subgoal_dist,18.0,max_curvature,2.0361
Modified,blocked_road,18,subgoal_dist,18.0,max_curvature,7.4232
Modified,blocked_road,19,subgoal_dist,18.0,max_curvature,2.1394
Modified,blocked_road,20,subgoal_dist,18.0,max_curvature,2.3816
Modified,blocked_road,21,subgoal_dist,18.0,max_curvature,4.6859
Modified,blocked_road,22,subgoal_dist,18.0,max_curvature,1.4738
Modified,blocked_road,23,subgoal_dist,18.0,max_curvature,0.8004
Modified,blocked_road,24,subgoal_dist,18.0,max_curvature,4.3535
Modified,blocked_road,25,subgoal_dist,18.0,max_curvature,2.1538
Modified,blocked_road,26,subgoal_dist,18.0,max_curvature,11.7337
Modified,blocked_road,27,subgoal_dist,18.0,max_curvature,5.6346
Modified,blocked_road,28,subgoal_dist,18.0,max_curvature,5.1027
Modified,blocked_road,29,subgoal_dist,18.0,max_curvature,1.3326
Modified,dense_city,0,subgoal_dist,18.0,max_curvature,2.964
Modified,dense_city,1,subgoal_dist,18.0,max_curvature,1.284
Modified,dense_city,2,subgoal_dist,18.0,max_curvature,4.5315
Modified,dense_city,3,subgoal_dist,18.0,max_curvature,4.6525
Modified,dense_city,4,subgoal_dist,18.0,max_curvature,1.6778
Modified,dense_city,5,subgoal_dist,18.0,max_curvature,2.3893
Modified,dense_city,6,subgoal_dist,18.0,max_curvature,1.2
Modified,dense_city,7,subgoal_dist,18.0,max_curvature,5.529
Modified,dense_city,8,subgoal_dist,18.0,max_curvature,1.4281
Modified,dense_city,9,subgoal_dist,18.0,max_curvature,
Modified,dense_city,10,subgoal_dist,18.0,max_curvature,1.3357
Modified,dense_city,11,subgoal_dist,18.0,max_curvature,1.7391
Modified,dense_city,12,subgoal_dist,18.0,max_curvature,4.1934
Modified,dense_city,13,subgoal_dist,18.0,max_curvature,1.3643
Modified,dense_city,14,subgoal_dist,18.0,max_curvature,4.0662
Modified,dense_city,15,subgoal_dist,18.0,max_curvature,6.5942
Modified,dense_city,16,subgoal_dist,18.0,max_curvature,2.1306
Modified,dense_city,17,subgoal_dist,18.0,max_curvature,4.0171
Modified,dense_city,18,subgoal_dist,18.0,max_curvature,3.9746
Modified,dense_city,19,subgoal_dist,18.0,max_curvature,2.2591
Modified,dense_city,20,subgoal_dist,18.0,max_curvature,1.911
Modified,dense_city,21,subgoal_dist,18.0,max_curvature,1.5462
Modified,dense_city,22,subgoal_dist,18.0,max_curvature,1.4091
Modified,dense_city,23,subgoal_dist,18.0,max_curvature,1.5618
Modified,dense_city,24,subgoal_dist,18.0,max_curvature,1.4492
Modified,dense_city,25,subgoal_dist,18.0,max_curvature,1.4665
Modified,dense_city,26,subgoal_dist,18.0,max_curvature,1.5609
Modified,dense_city,27,subgoal_dist,18.0,max_curvature,1.0189
Modified,dense_city,28,subgoal_dist,18.0,max_curvature,1.1004
Modified,dense_city,29,subgoal_dist,18.0,max_curvature,1.3793
Modified,normal_city,0,subgoal_dist,27.0,max_curvature,2.2033
Modified,normal_city,1,subgoal_dist,27.0,max_curvature,3.0624
Modified,normal_city,2,subgoal_dist,27.0,max_curvature,3.3136
Modified,normal_city,3,subgoal_dist,27.0,max_curvature,5.7722
Modified,normal_city,4,subgoal_dist,27.0,max_curvature,3.9804
Modified,normal_city,5,subgoal_dist,27.0,max_curvature,2.8413
Modified,normal_city,6,subgoal_dist,27.0,max_curvature,1.2789
Modified,normal_city,7,subgoal_dist,27.0,max_curvature,3.7787
Modified,normal_city,8,subgoal_dist,27.0,max_curvature,6.0872
Modified,normal_city,9,subgoal_dist,27.0,max_curvature,1.3016
Modified,normal_city,10,subgoal_dist,27.0,max_curvature,3.1554
Modified,normal_city,11,subgoal_dist,27.0,max_curvature,5.062
Modified,normal_city,12,subgoal_dist,27.0,max_curvature,7.1864
Modified,normal_city,13,subgoal_dist,27.0,max_curvature,1.8712
Modified,normal_city,14,subgoal_dist,27.0,max_curvature,1.6253
Modified,normal_city,15,subgoal_dist,27.0,max_curvature,1.6217
Modified,normal_city,16,subgoal_dist,27.0,max_curvature,1.6973
Modified,normal_city,17,subgoal_dist,27.0,max_curvature,2.221
Modified,normal_city,18,subgoal_dist,27.0,max_curvature,1.8452
Modified,normal_city,19,subgoal_dist,27.0,max_curvature,8.3835
Modified,normal_city,20,subgoal_dist,27.0,max_curvature,2.4635
Modified,normal_city,21,subgoal_dist,27.0,max_curvature,3.0115
Modified,normal_city,22,subgoal_dist,27.0,max_curvature,3.0883
Modified,normal_city,23,subgoal_dist,27.0,max_curvature,0.9687
Modified,normal_city,24,subgoal_dist,27.0,max_curvature,2.0847
Modified,normal_city,25,subgoal_dist,27.0,max_curvature,2.7863
Modified,normal_city,26,subgoal_dist,27.0,max_curvature,1.5596
Modified,normal_city,27,subgoal_dist,27.0,max_curvature,4.5542
Modified,normal_city,28,subgoal_dist,27.0,max_curvature,3.7768
Modified,normal_city,29,subgoal_dist,27.0,max_curvature,1.8672
Modified,blocked_road,0,subgoal_dist,27.0,max_curvature,5.7702
Modified,blocked_road,1,subgoal_dist,27.0,max_curvature,2.8979
Modified,blocked_road,2,subgoal_dist,27.0,max_curvature,1.7482
Modified,blocked_road,3,subgoal_dist,27.0,max_curvature,1.2209
Modified,blocked_road,4,subgoal_dist,27.0,max_curvature,4.5255
Modified,blocked_road,5,subgoal_dist,27.0,max_curvature,5.3251
Modified,blocked_road,6,subgoal_dist,27.0,max_curvature,3.2933
Modified,blocked_road,7,subgoal_dist,27.0,max_curvature,3.868
Modified,blocked_road,8,subgoal_dist,27.0,max_curvature,3.2036
Modified,blocked_road,9,subgoal_dist,27.0,max_curvature,9.723
Modified,blocked_road,10,subgoal_dist,27.0,max_curvature,3.1291
Modified,blocked_road,11,subgoal_dist,27.0,max_curvature,3.5317
Modified,blocked_road,12,subgoal_dist,27.0,max_curvature,4.0447
Modified,blocked_road,13,subgoal_dist,27.0,max_curvature,3.4443
Modified,blocked_road,14,subgoal_dist,27.0,max_curvature,7.7162
Modified,blocked_road,15,subgoal_dist,27.0,max_curvature,7.9447
Modified,blocked_road,16,subgoal_dist,27.0,max_curvature,5.0024
Modified,blocked_road,17,subgoal_dist,27.0,max_curvature,2.0234
Modified,blocked_road,18,subgoal_dist,27.0,max_curvature,7.3762
Modified,blocked_road,19,subgoal_dist,27.0,max_curvature,3.3228
Modified,blocked_road,20,subgoal_dist,27.0,max_curvature,2.4004
Modified,blocked_road,21,subgoal_dist,27.0,max_curvature,4.7207
Modified,blocked_road,22,subgoal_dist,27.0,max_curvature,1.4747
Modified,blocked_road,23,subgoal_dist,27.0,max_curvature,0.8004
Modified,blocked_road,24,subgoal_dist,27.0,max_curvature,4.0716
Modified,blocked_road,25,subgoal_dist,27.0,max_curvature,2.1538
Modified,blocked_road,26,subgoal_dist,27.0,max_curvature,13.1013
Modified,blocked_road,27,subgoal_dist,27.0,max_curvature,5.4021
Modified,blocked_road,28,subgoal_dist,27.0,max_curvature,5.1027
Modified,blocked_road,29,subgoal_dist,27.0,max_curvature,1.3326
Modified,dense_city,0,subgoal_dist,27.0,max_curvature,2.964
Modified,dense_city,1,subgoal_dist,27.0,max_curvature,1.284
Modified,dense_city,2,subgoal_dist,27.0,max_curvature,4.6335
Modified,dense_city,3,subgoal_dist,27.0,max_curvature,4.6525
Modified,dense_city,4,subgoal_dist,27.0,max_curvature,1.6778
Modified,dense_city,5,subgoal_dist,27.0,max_curvature,2.5276
Modified,dense_city,6,subgoal_dist,27.0,max_curvature,1.2
Modified,dense_city,7,subgoal_dist,27.0,max_curvature,5.529
Modified,dense_city,8,subgoal_dist,27.0,max_curvature,1.4281
Modified,dense_city,9,subgoal_dist,27.0,max_curvature,
Modified,dense_city,10,subgoal_dist,27.0,max_curvature,1.3357
Modified,dense_city,11,subgoal_dist,27.0,max_curvature,1.7391
Modified,dense_city,12,subgoal_dist,27.0,max_curvature,4.1934
Modified,dense_city,13,subgoal_dist,27.0,max_curvature,1.7336
Modified,dense_city,14,subgoal_dist,27.0,max_curvature,4.0662
Modified,dense_city,15,subgoal_dist,27.0,max_curvature,6.5942
Modified,dense_city,16,subgoal_dist,27.0,max_curvature,2.1306
Modified,dense_city,17,subgoal_dist,27.0,max_curvature,4.0171
Modified,dense_city,18,subgoal_dist,27.0,max_curvature,3.9746
Modified,dense_city,19,subgoal_dist,27.0,max_curvature,2.2591
Modified,dense_city,20,subgoal_dist,27.0,max_curvature,1.911
Modified,dense_city,21,subgoal_dist,27.0,max_curvature,1.5462
Modified,dense_city,22,subgoal_dist,27.0,max_curvature,1.4091
Modified,dense_city,23,subgoal_dist,27.0,max_curvature,2.4963
Modified,dense_city,24,subgoal_dist,27.0,max_curvature,1.4492
Modified,dense_city,25,subgoal_dist,27.0,max_curvature,1.4665
Modified,dense_city,26,subgoal_dist,27.0,max_curvature,1.5609
Modified,dense_city,27,subgoal_dist,27.0,max_curvature,1.0189
Modified,dense_city,28,subgoal_dist,27.0,max_curvature,1.1004
Modified,dense_city,29,subgoal_dist,27.0,max_curvature,1.3793
Modified,normal_city,0,subgoal_dist,40.0,max_curvature,2.2033
Modified,normal_city,1,subgoal_dist,40.0,max_curvature,3.0624
Modified,normal_city,2,subgoal_dist,40.0,max_curvature,3.3136
Modified,normal_city,3,subgoal_dist,40.0,max_curvature,5.1664
Modified,normal_city,4,subgoal_dist,40.0,max_curvature,3.9804
Modified,normal_city,5,subgoal_dist,40.0,max_curvature,2.8413
Modified,normal_city,6,subgoal_dist,40.0,max_curvature,1.2789
Modified,normal_city,7,subgoal_dist,40.0,max_curvature,3.7787
Modified,normal_city,8,subgoal_dist,40.0,max_curvature,4.6719
Modified,normal_city,9,subgoal_dist,40.0,max_curvature,1.3731
Modified,normal_city,10,subgoal_dist,40.0,max_curvature,3.1554
Modified,normal_city,11,subgoal_dist,40.0,max_curvature,5.062
Modified,normal_city,12,subgoal_dist,40.0,max_curvature,7.1864
Modified,normal_city,13,subgoal_dist,40.0,max_curvature,1.8712
Modified,normal_city,14,subgoal_dist,40.0,max_curvature,1.6253
Modified,normal_city,15,subgoal_dist,40.0,max_curvature,1.6217
Modified,normal_city,16,subgoal_dist,40.0,max_curvature,1.6973
Modified,normal_city,17,subgoal_dist,40.0,max_curvature,2.2736
Modified,normal_city,18,subgoal_dist,40.0,max_curvature,1.8452
Modified,normal_city,19,subgoal_dist,40.0,max_curvature,7.7775
Modified,normal_city,20,subgoal_dist,40.0,max_curvature,2.4635
Modified,normal_city,21,subgoal_dist,40.0,max_curvature,3.0115
Modified,normal_city,22,subgoal_dist,40.0,max_curvature,3.2158
Modified,normal_city,23,subgoal_dist,40.0,max_curvature,0.9687
Modified,normal_city,24,subgoal_dist,40.0,max_curvature,2.0847
Modified,normal_city,25,subgoal_dist,40.0,max_curvature,2.7863
Modified,normal_city,26,subgoal_dist,40.0,max_curvature,1.5596
Modified,normal_city,27,subgoal_dist,40.0,max_curvature,4.5542
Modified,normal_city,28,subgoal_dist,40.0,max_curvature,3.7768
Modified,normal_city,29,subgoal_dist,40.0,max_curvature,1.8672
Modified,blocked_road,0,subgoal_dist,40.0,max_curvature,5.8104
Modified,blocked_road,1,subgoal_dist,40.0,max_curvature,3.03
Modified,blocked_road,2,subgoal_dist,40.0,max_curvature,1.7482
Modified,blocked_road,3,subgoal_dist,40.0,max_curvature,1.2599
Modified,blocked_road,4,subgoal_dist,40.0,max_curvature,4.5677
Modified,blocked_road,5,subgoal_dist,40.0,max_curvature,6.8857
Modified,blocked_road,6,subgoal_dist,40.0,max_curvature,3.2933
Modified,blocked_road,7,subgoal_dist,40.0,max_curvature,3.868
Modified,blocked_road,8,subgoal_dist,40.0,max_curvature,3.3056
Modified,blocked_road,9,subgoal_dist,40.0,max_curvature,9.723
Modified,blocked_road,10,subgoal_dist,40.0,max_curvature,3.3419
Modified,blocked_road,11,subgoal_dist,40.0,max_curvature,3.2495
Modified,blocked_road,12,subgoal_dist,40.0,max_curvature,4.0447
Modified,blocked_road,13,subgoal_dist,40.0,max_curvature,3.3992
Modified,blocked_road,14,subgoal_dist,40.0,max_curvature,7.2946
Modified,blocked_road,15,subgoal_dist,40.0,max_curvature,7.7034
Modified,blocked_road,16,subgoal_dist,40.0,max_curvature,5.2026
Modified,blocked_road,17,subgoal_dist,40.0,max_curvature,1.9956
Modified,blocked_road,18,subgoal_dist,40.0,max_curvature,7.2254
Modified,blocked_road,19,subgoal_dist,40.0,max_curvature,2.139
Modified,blocked_road,20,subgoal_dist,40.0,max_curvature,3.272
Modified,blocked_road,21,subgoal_dist,40.0,max_curvature,4.6859
Modified,blocked_road,22,subgoal_dist,40.0,max_curvature,1.4747
Modified,blocked_road,23,subgoal_dist,40.0,max_curvature,0.8004
Modified,blocked_road,24,subgoal_dist,40.0,max_curvature,4.0716
Modified,blocked_road,25,subgoal_dist,40.0,max_curvature,2.1538
Modified,blocked_road,26,subgoal_dist,40.0,max_curvature,13.1013
Modified,blocked_road,27,subgoal_dist,40.0,max_curvature,5.4021
Modified,blocked_road,28,subgoal_dist,40.0,max_curvature,5.1027
Modified,blocked_road,29,subgoal_dist,40.0,max_curvature,1.3416
Modified,dense_city,0,subgoal_dist,40.0,max_curvature,3.4149
Modified,dense_city,1,subgoal_dist,40.0,max_curvature,1.284
Modified,dense_city,2,subgoal_dist,40.0,max_curvature,4.5315
Modified,dense_city,3,subgoal_dist,40.0,max_curvature,5.4208
Modified,dense_city,4,subgoal_dist,40.0,max_curvature,1.6778
Modified,dense_city,5,subgoal_dist,40.0,max_curvature,2.5276
Modified,dense_city,6,subgoal_dist,40.0,max_curvature,1.2
Modified,dense_city,7,subgoal_dist,40.0,max_curvature,5.529
Modified,dense_city,8,subgoal_dist,40.0,max_curvature,1.4281
Modified,dense_city,9,subgoal_dist,40.0,max_curvature,
Modified,dense_city,10,subgoal_dist,40.0,max_curvature,1.3357
Modified,dense_city,11,subgoal_dist,40.0,max_curvature,1.7391
Modified,dense_city,12,subgoal_dist,40.0,max_curvature,4.1934
Modified,dense_city,13,subgoal_dist,40.0,max_curvature,1.3643
Modified,dense_city,14,subgoal_dist,40.0,max_curvature,4.0662
Modified,dense_city,15,subgoal_dist,40.0,max_curvature,6.5942
Modified,dense_city,16,subgoal_dist,40.0,max_curvature,2.1306
Modified,dense_city,17,subgoal_dist,40.0,max_curvature,4.0171
Modified,dense_city,18,subgoal_dist,40.0,max_curvature,3.9746
Modified,dense_city,19,subgoal_dist,40.0,max_curvature,2.2591
Modified,dense_city,20,subgoal_dist,40.0,max_curvature,1.911
Modified,dense_city,21,subgoal_dist,40.0,max_curvature,1.5462
Modified,dense_city,22,subgoal_dist,40.0,max_curvature,1.4091
Modified,dense_city,23,subgoal_dist,40.0,max_curvature,1.5618
Modified,dense_city,24,subgoal_dist,40.0,max_curvature,1.4492
Modified,dense_city,25,subgoal_dist,40.0,max_curvature,1.4665
Modified,dense_city,26,subgoal_dist,40.0,max_curvature,1.5609
Modified,dense_city,27,subgoal_dist,40.0,max_curvature,1.0189
Modified,dense_city,28,subgoal_dist,40.0,max_curvature,1.1004
Modified,dense_city,29,subgoal_dist,40.0,max_curvature,1.3793
Modified,normal_city,0,subgoal_dist,9.0,drive_time_curved,44.4162
Modified,normal_city,1,subgoal_dist,9.0,drive_time_curved,48.7576
Modified,normal_city,2,subgoal_dist,9.0,drive_time_curved,43.8255
Modified,normal_city,3,subgoal_dist,9.0,drive_time_curved,48.5094
Modified,normal_city,4,subgoal_dist,9.0,drive_time_curved,46.4283
Modified,normal_city,5,subgoal_dist,9.0,drive_time_curved,44.8947
Modified,normal_city,6,subgoal_dist,9.0,drive_time_curved,39.5163
Modified,normal_city,7,subgoal_dist,9.0,drive_time_curved,45.9952
Modified,normal_city,8,subgoal_dist,9.0,drive_time_curved,57.8564
Modified,normal_city,9,subgoal_dist,9.0,drive_time_curved,32.8113
Modified,normal_city,10,subgoal_dist,9.0,drive_time_curved,40.1171
Modified,normal_city,11,subgoal_dist,9.0,drive_time_curved,46.8736
Modified,normal_city,12,subgoal_dist,9.0,drive_time_curved,50.2502
Modified,normal_city,13,subgoal_dist,9.0,drive_time_curved,46.7936
Modified,normal_city,14,subgoal_dist,9.0,drive_time_curved,44.362
Modified,normal_city,15,subgoal_dist,9.0,drive_time_curved,46.4166
Modified,normal_city,16,subgoal_dist,9.0,drive_time_curved,43.4309
Modified,normal_city,17,subgoal_dist,9.0,drive_time_curved,45.6666
Modified,normal_city,18,subgoal_dist,9.0,drive_time_curved,43.6882
Modified,normal_city,19,subgoal_dist,9.0,drive_time_curved,52.4541
Modified,normal_city,20,subgoal_dist,9.0,drive_time_curved,42.8748
Modified,normal_city,21,subgoal_dist,9.0,drive_time_curved,42.8849
Modified,normal_city,22,subgoal_dist,9.0,drive_time_curved,46.8807
Modified,normal_city,23,subgoal_dist,9.0,drive_time_curved,35.0494
Modified,normal_city,24,subgoal_dist,9.0,drive_time_curved,43.3253
Modified,normal_city,25,subgoal_dist,9.0,drive_time_curved,46.4241
Modified,normal_city,26,subgoal_dist,9.0,drive_time_curved,41.3927
Modified,normal_city,27,subgoal_dist,9.0,drive_time_curved,50.654
Modified,normal_city,28,subgoal_dist,9.0,drive_time_curved,45.6656
Modified,normal_city,29,subgoal_dist,9.0,drive_time_curved,46.0635
Modified,blocked_road,0,subgoal_dist,9.0,drive_time_curved,55.7448
Modified,blocked_road,1,subgoal_dist,9.0,drive_time_curved,53.5428
Modified,blocked_road,2,subgoal_dist,9.0,drive_time_curved,40.3069
Modified,blocked_road,3,subgoal_dist,9.0,drive_time_curved,31.4245
Modified,blocked_road,4,subgoal_dist,9.0,drive_time_curved,65.4904
Modified,blocked_road,5,subgoal_dist,9.0,drive_time_curved,49.7792
Modified,blocked_road,6,subgoal_dist,9.0,drive_time_curved,38.6329
Modified,blocked_road,7,subgoal_dist,9.0,drive_time_curved,50.5832
Modified,blocked_road,8,subgoal_dist,9.0,drive_time_curved,37.1252
Modified,blocked_road,9,subgoal_dist,9.0,drive_time_curved,41.8543
Modified,blocked_road,10,subgoal_dist,9.0,drive_time_curved,32.5763
Modified,blocked_road,11,subgoal_dist,9.0,drive_time_curved,40.6313
Modified,blocked_road,12,subgoal_dist,9.0,drive_time_curved,44.1166
Modified,blocked_road,13,subgoal_dist,9.0,drive_time_curved,49.4042
Modified,blocked_road,14,subgoal_dist,9.0,drive_time_curved,62.2203
Modified,blocked_road,15,subgoal_dist,9.0,drive_time_curved,59.2314
Modified,blocked_road,16,subgoal_dist,9.0,drive_time_curved,57.687
Modified,blocked_road,17,subgoal_dist,9.0,drive_time_curved,29.4706
Modified,blocked_road,18,subgoal_dist,9.0,drive_time_curved,43.7405
Modified,blocked_road,19,subgoal_dist,9.0,drive_time_curved,57.1626
Modified,blocked_road,20,subgoal_dist,9.0,drive_time_curved,50.2602
Modified,blocked_road,21,subgoal_dist,9.0,drive_time_curved,52.3865
Modified,blocked_road,22,subgoal_dist,9.0,drive_time_curved,27.8351
Modified,blocked_road,23,subgoal_dist,9.0,drive_time_curved,38.8694
Modified,blocked_road,24,subgoal_dist,9.0,drive_time_curved,31.1738
Modified,blocked_road,25,subgoal_dist,9.0,drive_time_curved,46.5026
Modified,blocked_road,26,subgoal_dist,9.0,drive_time_curved,67.8085
Modified,blocked_road,27,subgoal_dist,9.0,drive_time_curved,34.3933
Modified,blocked_road,28,subgoal_dist,9.0,drive_time_curved,42.6894
Modified,blocked_road,29,subgoal_dist,9.0,drive_time_curved,31.5593
Modified,dense_city,0,subgoal_dist,9.0,drive_time_curved,50.3305
Modified,dense_city,1,subgoal_dist,9.0,drive_time_curved,35.739
Modified,dense_city,2,subgoal_dist,9.0,drive_time_curved,64.5368
Modified,dense_city,3,subgoal_dist,9.0,drive_time_curved,42.6795
Modified,dense_city,4,subgoal_dist,9.0,drive_time_curved,34.3173
Modified,dense_city,5,subgoal_dist,9.0,drive_time_curved,56.4689
Modified,dense_city,6,subgoal_dist,9.0,drive_time_curved,48.0276
Modified,dense_city,7,subgoal_dist,9.0,drive_time_curved,63.0494
Modified,dense_city,8,subgoal_dist,9.0,drive_time_curved,38.56
Modified,dense_city,9,subgoal_dist,9.0,drive_time_curved,
Modified,dense_city,10,subgoal_dist,9.0,drive_time_curved,42.3456
Modified,dense_city,11,subgoal_dist,9.0,drive_time_curved,54.3286
Modified,dense_city,12,subgoal_dist,9.0,drive_time_curved,42.9375
Modified,dense_city,13,subgoal_dist,9.0,drive_time_curved,56.0274
Modified,dense_city,14,subgoal_dist,9.0,drive_time_curved,44.7914
Modified,dense_city,15,subgoal_dist,9.0,drive_time_curved,58.7782
Modified,dense_city,16,subgoal_dist,9.0,drive_time_curved,45.5991
Modified,dense_city,17,subgoal_dist,9.0,drive_time_curved,57.3739
Modified,dense_city,18,subgoal_dist,9.0,drive_time_curved,57.3601
Modified,dense_city,19,subgoal_dist,9.0,drive_time_curved,54.3708
Modified,dense_city,20,subgoal_dist,9.0,drive_time_curved,45.017
Modified,dense_city,21,subgoal_dist,9.0,drive_time_curved,36.1261
Modified,dense_city,22,subgoal_dist,9.0,drive_time_curved,48.9119
Modified,dense_city,23,subgoal_dist,9.0,drive_time_curved,50.3919
Modified,dense_city,24,subgoal_dist,9.0,drive_time_curved,46.6046
Modified,dense_city,25,subgoal_dist,9.0,drive_time_curved,47.5944
Modified,dense_city,26,subgoal_dist,9.0,drive_time_curved,42.1718
Modified,dense_city,27,subgoal_dist,9.0,drive_time_curved,38.6971
Modified,dense_city,28,subgoal_dist,9.0,drive_time_curved,47.2041
Modified,dense_city,29,subgoal_dist,9.0,drive_time_curved,42.2833
Modified,normal_city,0,subgoal_dist,12.0,drive_time_curved,44.4162
Modified,normal_city,1,subgoal_dist,12.0,drive_time_curved,48.7576
Modified,normal_city,2,subgoal_dist,12.0,drive_time_curved,43.8255
Modified,normal_city,3,subgoal_dist,12.0,drive_time_curved,45.1484
Modified,normal_city,4,subgoal_dist,12.0,drive_time_curved,46.4283
Modified,normal_city,5,subgoal_dist,12.0,drive_time_curved,44.8947
Modified,normal_city,6,subgoal_dist,12.0,drive_time_curved,31.3788
Modified,normal_city,7,subgoal_dist,12.0,drive_time_curved,45.9952
Modified,normal_city,8,subgoal_dist,12.0,drive_time_curved,56.5246
Modified,normal_city,9,subgoal_dist,12.0,drive_time_curved,30.6104
Modified,normal_city,10,subgoal_dist,12.0,drive_time_curved,40.1171
Modified,normal_city,11,subgoal_dist,12.0,drive_time_curved,46.3878
Modified,normal_city,12,subgoal_dist,12.0,drive_time_curved,37.0999
Modified,normal_city,13,subgoal_dist,12.0,drive_time_curved,46.7936
Modified,normal_city,14,subgoal_dist,12.0,drive_time_curved,44.362
Modified,normal_city,15,subgoal_dist,12.0,drive_time_curved,46.4166
Modified,normal_city,16,subgoal_dist,12.0,drive_time_curved,43.4309
Modified,normal_city,17,subgoal_dist,12.0,drive_time_curved,46.6956
Modified,normal_city,18,subgoal_dist,12.0,drive_time_curved,43.6882
Modified,normal_city,19,subgoal_dist,12.0,drive_time_curved,47.9371
Modified,normal_city,20,subgoal_dist,12.0,drive_time_curved,42.8748
Modified,normal_city,21,subgoal_dist,12.0,drive_time_curved,42.8849
Modified,normal_city,22,subgoal_dist,12.0,drive_time_curved,47.863
Modified,normal_city,23,subgoal_dist,12.0,drive_time_curved,30.8963
Modified,normal_city,24,subgoal_dist,12.0,drive_time_curved,43.3253
Modified,normal_city,25,subgoal_dist,12.0,drive_time_curved,46.4241
Modified,normal_city,26,subgoal_dist,12.0,drive_time_curved,41.3927
Modified,normal_city,27,subgoal_dist,12.0,drive_time_curved,56.4226
Modified,normal_city,28,subgoal_dist,12.0,drive_time_curved,45.6656
Modified,normal_city,29,subgoal_dist,12.0,drive_time_curved,46.0635
Modified,blocked_road,0,subgoal_dist,12.0,drive_time_curved,52.0082
Modified,blocked_road,1,subgoal_dist,12.0,drive_time_curved,52.3331
Modified,blocked_road,2,subgoal_dist,12.0,drive_time_curved,28.9665
Modified,blocked_road,3,subgoal_dist,12.0,drive_time_curved,28.4273
Modified,blocked_road,4,subgoal_dist,12.0,drive_time_curved,65.4904
Modified,blocked_road,5,subgoal_dist,12.0,drive_time_curved,49.7792
Modified,blocked_road,6,subgoal_dist,12.0,drive_time_curved,35.2669
Modified,blocked_road,7,subgoal_dist,12.0,drive_time_curved,50.5832
Modified,blocked_road,8,subgoal_dist,12.0,drive_time_curved,34.3873
Modified,blocked_road,9,subgoal_dist,12.0,drive_time_curved,34.4632
Modified,blocked_road,10,subgoal_dist,12.0,drive_time_curved,32.734
Modified,blocked_road,11,subgoal_dist,12.0,drive_time_curved,34.9404
Modified,blocked_road,12,subgoal_dist,12.0,drive_time_curved,44.1166
Modified,blocked_road,13,subgoal_dist,12.0,drive_time_curved,46.6333
Modified,blocked_road,14,subgoal_dist,12.0,drive_time_curved,48.1855
Modified,blocked_road,15,subgoal_dist,12.0,drive_time_curved,44.6569
Modified,blocked_road,16,subgoal_dist,12.0,drive_time_curved,52.9396
Modified,blocked_road,17,subgoal_dist,12.0,drive_time_curved,30.4454
Modified,blocked_road,18,subgoal_dist,12.0,drive_time_curved,44.6172
Modified,blocked_road,19,subgoal_dist,12.0,drive_time_curved,53.3965
Modified,blocked_road,20,subgoal_dist,12.0,drive_time_curved,46.859
Modified,blocked_road,21,subgoal_dist,12.0,drive_time_curved,34.8644
Modified,blocked_road,22,subgoal_dist,12.0,drive_time_curved,28.6104
Modified,blocked_road,23,subgoal_dist,12.0,drive_time_curved,28.102
Modified,blocked_road,24,subgoal_dist,12.0,drive_time_curved,32.1044
Modified,blocked_road,25,subgoal_dist,12.0,drive_time_curved,46.5026
Modified,blocked_road,26,subgoal_dist,12.0,drive_time_curved,46.2655
Modified,blocked_road,27,subgoal_dist,12.0,drive_time_curved,32.5687
Modified,blocked_road,28,subgoal_dist,12.0,drive_time_curved,33.4239
Modified,blocked_road,29,subgoal_dist,12.0,drive_time_curved,32.4348
Modified,dense_city,0,subgoal_dist,12.0,drive_time_curved,40.0089
Modified,dense_city,1,subgoal_dist,12.0,drive_time_curved,38.0589
Modified,dense_city,2,subgoal_dist,12.0,drive_time_curved,45.8368
Modified,dense_city,3,subgoal_dist,12.0,drive_time_curved,36.024
Modified,dense_city,4,subgoal_dist,12.0,drive_time_curved,41.4677
Modified,dense_city,5,subgoal_dist,12.0,drive_time_curved,49.0588
Modified,dense_city,6,subgoal_dist,12.0,drive_time_curved,41.9649
Modified,dense_city,7,subgoal_dist,12.0,drive_time_curved,62.7054
Modified,dense_city,8,subgoal_dist,12.0,drive_time_curved,31.2343
Modified,dense_city,9,subgoal_dist,12.0,drive_time_curved,
Modified,dense_city,10,subgoal_dist,12.0,drive_time_curved,32.9924
Modified,dense_city,11,subgoal_dist,12.0,drive_time_curved,33.2703
Modified,dense_city,12,subgoal_dist,12.0,drive_time_curved,42.9375
Modified,dense_city,13,subgoal_dist,12.0,drive_time_curved,34.7195
Modified,dense_city,14,subgoal_dist,12.0,drive_time_curved,44.2316
Modified,dense_city,15,subgoal_dist,12.0,drive_time_curved,58.7782
Modified,dense_city,16,subgoal_dist,12.0,drive_time_curved,42.0316
Modified,dense_city,17,subgoal_dist,12.0,drive_time_curved,34.1539
Modified,dense_city,18,subgoal_dist,12.0,drive_time_curved,39.5047
Modified,dense_city,19,subgoal_dist,12.0,drive_time_curved,34.3136
Modified,dense_city,20,subgoal_dist,12.0,drive_time_curved,36.0719
Modified,dense_city,21,subgoal_dist,12.0,drive_time_curved,30.2696
Modified,dense_city,22,subgoal_dist,12.0,drive_time_curved,28.8412
Modified,dense_city,23,subgoal_dist,12.0,drive_time_curved,35.9293
Modified,dense_city,24,subgoal_dist,12.0,drive_time_curved,34.178
Modified,dense_city,25,subgoal_dist,12.0,drive_time_curved,33.1025
Modified,dense_city,26,subgoal_dist,12.0,drive_time_curved,32.5171
Modified,dense_city,27,subgoal_dist,12.0,drive_time_curved,29.1368
Modified,dense_city,28,subgoal_dist,12.0,drive_time_curved,31.5037
Modified,dense_city,29,subgoal_dist,12.0,drive_time_curved,33.8972
Modified,normal_city,0,subgoal_dist,18.0,drive_time_curved,44.4162
Modified,normal_city,1,subgoal_dist,18.0,drive_time_curved,48.7576
Modified,normal_city,2,subgoal_dist,18.0,drive_time_curved,43.8255
Modified,normal_city,3,subgoal_dist,18.0,drive_time_curved,45.0641
Modified,normal_city,4,subgoal_dist,18.0,drive_time_curved,46.4283
Modified,normal_city,5,subgoal_dist,18.0,drive_time_curved,44.8947
Modified,normal_city,6,subgoal_dist,18.0,drive_time_curved,31.3788
Modified,normal_city,7,subgoal_dist,18.0,drive_time_curved,45.9952
Modified,normal_city,8,subgoal_dist,18.0,drive_time_curved,53.8603
Modified,normal_city,9,subgoal_dist,18.0,drive_time_curved,30.6104
Modified,normal_city,10,subgoal_dist,18.0,drive_time_curved,40.1171
Modified,normal_city,11,subgoal_dist,18.0,drive_time_curved,45.4371
Modified,normal_city,12,subgoal_dist,18.0,drive_time_curved,39.1253
Modified,normal_city,13,subgoal_dist,18.0,drive_time_curved,46.7936
Modified,normal_city,14,subgoal_dist,18.0,drive_time_curved,44.362
Modified,normal_city,15,subgoal_dist,18.0,drive_time_curved,46.4166
Modified,normal_city,16,subgoal_dist,18.0,drive_time_curved,43.4309
Modified,normal_city,17,subgoal_dist,18.0,drive_time_curved,33.0324
Modified,normal_city,18,subgoal_dist,18.0,drive_time_curved,43.6882
Modified,normal_city,19,subgoal_dist,18.0,drive_time_curved,40.726
Modified,normal_city,20,subgoal_dist,18.0,drive_time_curved,42.8748
Modified,normal_city,21,subgoal_dist,18.0,drive_time_curved,42.8849
Modified,normal_city,22,subgoal_dist,18.0,drive_time_curved,45.187
Modified,normal_city,23,subgoal_dist,18.0,drive_time_curved,30.8963
Modified,normal_city,24,subgoal_dist,18.0,drive_time_curved,43.3253
Modified,normal_city,25,subgoal_dist,18.0,drive_time_curved,46.4241
Modified,normal_city,26,subgoal_dist,18.0,drive_time_curved,41.3927
Modified,normal_city,27,subgoal_dist,18.0,drive_time_curved,50.654
Modified,normal_city,28,subgoal_dist,18.0,drive_time_curved,45.6656
Modified,normal_city,29,subgoal_dist,18.0,drive_time_curved,46.0635
Modified,blocked_road,0,subgoal_dist,18.0,drive_time_curved,47.1343
Modified,blocked_road,1,subgoal_dist,18.0,drive_time_curved,53.5428
Modified,blocked_road,2,subgoal_dist,18.0,drive_time_curved,40.3069
Modified,blocked_road,3,subgoal_dist,18.0,drive_time_curved,31.4245
Modified,blocked_road,4,subgoal_dist,18.0,drive_time_curved,65.4904
Modified,blocked_road,5,subgoal_dist,18.0,drive_time_curved,49.7792
Modified,blocked_road,6,subgoal_dist,18.0,drive_time_curved,38.6329
Modified,blocked_road,7,subgoal_dist,18.0,drive_time_curved,50.5832
Modified,blocked_road,8,subgoal_dist,18.0,drive_time_curved,37.1252
Modified,blocked_road,9,subgoal_dist,18.0,drive_time_curved,34.4632
Modified,blocked_road,10,subgoal_dist,18.0,drive_time_curved,32.5763
Modified,blocked_road,11,subgoal_dist,18.0,drive_time_curved,34.9404
Modified,blocked_road,12,subgoal_dist,18.0,drive_time_curved,44.1166
Modified,blocked_road,13,subgoal_dist,18.0,drive_time_curved,47.0128
Modified,blocked_road,14,subgoal_dist,18.0,drive_time_curved,48.1855
Modified,blocked_road,15,subgoal_dist,18.0,drive_time_curved,49.8632
Modified,blocked_road,16,subgoal_dist,18.0,drive_time_curved,48.8124
Modified,blocked_road,17,subgoal_dist,18.0,drive_time_curved,29.4706
Modified,blocked_road,18,subgoal_dist,18.0,drive_time_curved,47.1788
Modified,blocked_road,19,subgoal_dist,18.0,drive_time_curved,44.5926
Modified,blocked_road,20,subgoal_dist,18.0,drive_time_curved,47.5821
Modified,blocked_road,21,subgoal_dist,18.0,drive_time_curved,30.7265
Modified,blocked_road,22,subgoal_dist,18.0,drive_time_curved,27.8351
Modified,blocked_road,23,subgoal_dist,18.0,drive_time_curved,28.102
Modified,blocked_road,24,subgoal_dist,18.0,drive_time_curved,31.1738
Modified,blocked_road,25,subgoal_dist,18.0,drive_time_curved,46.5026
Modified,blocked_road,26,subgoal_dist,18.0,drive_time_curved,34.3964
Modified,blocked_road,27,subgoal_dist,18.0,drive_time_curved,34.3933
Modified,blocked_road,28,subgoal_dist,18.0,drive_time_curved,33.4239
Modified,blocked_road,29,subgoal_dist,18.0,drive_time_curved,32.4348
Modified,dense_city,0,subgoal_dist,18.0,drive_time_curved,40.0089
Modified,dense_city,1,subgoal_dist,18.0,drive_time_curved,27.3367
Modified,dense_city,2,subgoal_dist,18.0,drive_time_curved,42.6402
Modified,dense_city,3,subgoal_dist,18.0,drive_time_curved,34.6466
Modified,dense_city,4,subgoal_dist,18.0,drive_time_curved,29.229
Modified,dense_city,5,subgoal_dist,18.0,drive_time_curved,50.3145
Modified,dense_city,6,subgoal_dist,18.0,drive_time_curved,41.9649
Modified,dense_city,7,subgoal_dist,18.0,drive_time_curved,62.7054
Modified,dense_city,8,subgoal_dist,18.0,drive_time_curved,29.8653
Modified,dense_city,9,subgoal_dist,18.0,drive_time_curved,
Modified,dense_city,10,subgoal_dist,18.0,drive_time_curved,32.019
Modified,dense_city,11,subgoal_dist,18.0,drive_time_curved,29.2969
Modified,dense_city,12,subgoal_dist,18.0,drive_time_curved,42.9375
Modified,dense_city,13,subgoal_dist,18.0,drive_time_curved,29.3896
Modified,dense_city,14,subgoal_dist,18.0,drive_time_curved,41.9803
Modified,dense_city,15,subgoal_dist,18.0,drive_time_curved,58.7782
Modified,dense_city,16,subgoal_dist,18.0,drive_time_curved,33.5361
Modified,dense_city,17,subgoal_dist,18.0,drive_time_curved,34.2895
Modified,dense_city,18,subgoal_dist,18.0,drive_time_curved,37.968
Modified,dense_city,19,subgoal_dist,18.0,drive_time_curved,30.9656
Modified,dense_city,20,subgoal_dist,18.0,drive_time_curved,34.8572
Modified,dense_city,21,subgoal_dist,18.0,drive_time_curved,31.4041
Modified,dense_city,22,subgoal_dist,18.0,drive_time_curved,29.986
Modified,dense_city,23,subgoal_dist,18.0,drive_time_curved,32.63
Modified,dense_city,24,subgoal_dist,18.0,drive_time_curved,31.3096
Modified,dense_city,25,subgoal_dist,18.0,drive_time_curved,33.966
Modified,dense_city,26,subgoal_dist,18.0,drive_time_curved,31.4431
Modified,dense_city,27,subgoal_dist,18.0,drive_time_curved,29.1368
Modified,dense_city,28,subgoal_dist,18.0,drive_time_curved,27.6003
Modified,dense_city,29,subgoal_dist,18.0,drive_time_curved,31.8797
Modified,normal_city,0,subgoal_dist,27.0,drive_time_curved,44.4162
Modified,normal_city,1,subgoal_dist,27.0,drive_time_curved,48.7576
Modified,normal_city,2,subgoal_dist,27.0,drive_time_curved,43.8255
Modified,normal_city,3,subgoal_dist,27.0,drive_time_curved,50.8093
Modified,normal_city,4,subgoal_dist,27.0,drive_time_curved,46.4283
Modified,normal_city,5,subgoal_dist,27.0,drive_time_curved,44.8947
Modified,normal_city,6,subgoal_dist,27.0,drive_time_curved,31.3788
Modified,normal_city,7,subgoal_dist,27.0,drive_time_curved,45.9952
Modified,normal_city,8,subgoal_dist,27.0,drive_time_curved,52.7061
Modified,normal_city,9,subgoal_dist,27.0,drive_time_curved,30.6104
Modified,normal_city,10,subgoal_dist,27.0,drive_time_curved,40.1171
Modified,normal_city,11,subgoal_dist,27.0,drive_time_curved,45.5129
Modified,normal_city,12,subgoal_dist,27.0,drive_time_curved,37.0999
Modified,normal_city,13,subgoal_dist,27.0,drive_time_curved,46.7936
Modified,normal_city,14,subgoal_dist,27.0,drive_time_curved,44.362
Modified,normal_city,15,subgoal_dist,27.0,drive_time_curved,46.4166
Modified,normal_city,16,subgoal_dist,27.0,drive_time_curved,43.4309
Modified,normal_city,17,subgoal_dist,27.0,drive_time_curved,35.2969
Modified,normal_city,18,subgoal_dist,27.0,drive_time_curved,43.6882
Modified,normal_city,19,subgoal_dist,27.0,drive_time_curved,45.2298
Modified,normal_city,20,subgoal_dist,27.0,drive_time_curved,42.8748
Modified,normal_city,21,subgoal_dist,27.0,drive_time_curved,42.8849
Modified,normal_city,22,subgoal_dist,27.0,drive_time_curved,46.3658
Modified,normal_city,23,subgoal_dist,27.0,drive_time_curved,30.8963
Modified,normal_city,24,subgoal_dist,27.0,drive_time_curved,43.3253
Modified,normal_city,25,subgoal_dist,27.0,drive_time_curved,46.4241
Modified,normal_city,26,subgoal_dist,27.0,drive_time_curved,41.3927
Modified,normal_city,27,subgoal_dist,27.0,drive_time_curved,49.3355
Modified,normal_city,28,subgoal_dist,27.0,drive_time_curved,45.6656
Modified,normal_city,29,subgoal_dist,27.0,drive_time_curved,46.0635
Modified,blocked_road,0,subgoal_dist,27.0,drive_time_curved,47.1343
Modified,blocked_road,1,subgoal_dist,27.0,drive_time_curved,52.3331
Modified,blocked_road,2,subgoal_dist,27.0,drive_time_curved,28.5047
Modified,blocked_road,3,subgoal_dist,27.0,drive_time_curved,28.4273
Modified,blocked_road,4,subgoal_dist,27.0,drive_time_curved,65.4904
Modified,blocked_road,5,subgoal_dist,27.0,drive_time_curved,49.7792
Modified,blocked_road,6,subgoal_dist,27.0,drive_time_curved,35.2669
Modified,blocked_road,7,subgoal_dist,27.0,drive_time_curved,50.5832
Modified,blocked_road,8,subgoal_dist,27.0,drive_time_curved,34.3873
Modified,blocked_road,9,subgoal_dist,27.0,drive_time_curved,34.4632
Modified,blocked_road,10,subgoal_dist,27.0,drive_time_curved,32.204
Modified,blocked_road,11,subgoal_dist,27.0,drive_time_curved,34.9404
Modified,blocked_road,12,subgoal_dist,27.0,drive_time_curved,44.1166
Modified,blocked_road,13,subgoal_dist,27.0,drive_time_curved,46.1813
Modified,blocked_road,14,subgoal_dist,27.0,drive_time_curved,49.4775
Modified,blocked_road,15,subgoal_dist,27.0,drive_time_curved,44.6569
Modified,blocked_road,16,subgoal_dist,27.0,drive_time_curved,50.9746
Modified,blocked_road,17,subgoal_dist,27.0,drive_time_curved,30.4454
Modified,blocked_road,18,subgoal_dist,27.0,drive_time_curved,44.3147
Modified,blocked_road,19,subgoal_dist,27.0,drive_time_curved,50.4471
Modified,blocked_road,20,subgoal_dist,27.0,drive_time_curved,51.4322
Modified,blocked_road,21,subgoal_dist,27.0,drive_time_curved,30.6716
Modified,blocked_road,22,subgoal_dist,27.0,drive_time_curved,28.6104
Modified,blocked_road,23,subgoal_dist,27.0,drive_time_curved,28.102
Modified,blocked_road,24,subgoal_dist,27.0,drive_time_curved,32.1044
Modified,blocked_road,25,subgoal_dist,27.0,drive_time_curved,46.5026
Modified,blocked_road,26,subgoal_dist,27.0,drive_time_curved,33.3911
Modified,blocked_road,27,subgoal_dist,27.0,drive_time_curved,32.5687
Modified,blocked_road,28,subgoal_dist,27.0,drive_time_curved,33.4239
Modified,blocked_road,29,subgoal_dist,27.0,drive_time_curved,32.4348
Modified,dense_city,0,subgoal_dist,27.0,drive_time_curved,40.0089
Modified,dense_city,1,subgoal_dist,27.0,drive_time_curved,27.3367
Modified,dense_city,2,subgoal_dist,27.0,drive_time_curved,44.5481
Modified,dense_city,3,subgoal_dist,27.0,drive_time_curved,34.6466
Modified,dense_city,4,subgoal_dist,27.0,drive_time_curved,29.229
Modified,dense_city,5,subgoal_dist,27.0,drive_time_curved,49.0588
Modified,dense_city,6,subgoal_dist,27.0,drive_time_curved,41.9649
Modified,dense_city,7,subgoal_dist,27.0,drive_time_curved,62.7054
Modified,dense_city,8,subgoal_dist,27.0,drive_time_curved,29.8653
Modified,dense_city,9,subgoal_dist,27.0,drive_time_curved,
Modified,dense_city,10,subgoal_dist,27.0,drive_time_curved,32.019
Modified,dense_city,11,subgoal_dist,27.0,drive_time_curved,29.2969
Modified,dense_city,12,subgoal_dist,27.0,drive_time_curved,42.9375
Modified,dense_city,13,subgoal_dist,27.0,drive_time_curved,31.7068
Modified,dense_city,14,subgoal_dist,27.0,drive_time_curved,41.9803
Modified,dense_city,15,subgoal_dist,27.0,drive_time_curved,58.7782
Modified,dense_city,16,subgoal_dist,27.0,drive_time_curved,33.5361
Modified,dense_city,17,subgoal_dist,27.0,drive_time_curved,34.2895
Modified,dense_city,18,subgoal_dist,27.0,drive_time_curved,37.968
Modified,dense_city,19,subgoal_dist,27.0,drive_time_curved,30.9656
Modified,dense_city,20,subgoal_dist,27.0,drive_time_curved,34.8572
Modified,dense_city,21,subgoal_dist,27.0,drive_time_curved,31.4041
Modified,dense_city,22,subgoal_dist,27.0,drive_time_curved,29.986
Modified,dense_city,23,subgoal_dist,27.0,drive_time_curved,37.547
Modified,dense_city,24,subgoal_dist,27.0,drive_time_curved,31.3096
Modified,dense_city,25,subgoal_dist,27.0,drive_time_curved,33.966
Modified,dense_city,26,subgoal_dist,27.0,drive_time_curved,31.4431
Modified,dense_city,27,subgoal_dist,27.0,drive_time_curved,29.1368
Modified,dense_city,28,subgoal_dist,27.0,drive_time_curved,27.6003
Modified,dense_city,29,subgoal_dist,27.0,drive_time_curved,31.8797
Modified,normal_city,0,subgoal_dist,40.0,drive_time_curved,44.4162
Modified,normal_city,1,subgoal_dist,40.0,drive_time_curved,48.7576
Modified,normal_city,2,subgoal_dist,40.0,drive_time_curved,43.8255
Modified,normal_city,3,subgoal_dist,40.0,drive_time_curved,49.7288
Modified,normal_city,4,subgoal_dist,40.0,drive_time_curved,46.4283
Modified,normal_city,5,subgoal_dist,40.0,drive_time_curved,44.8947
Modified,normal_city,6,subgoal_dist,40.0,drive_time_curved,31.3788
Modified,normal_city,7,subgoal_dist,40.0,drive_time_curved,45.9952
Modified,normal_city,8,subgoal_dist,40.0,drive_time_curved,51.0003
Modified,normal_city,9,subgoal_dist,40.0,drive_time_curved,32.4185
Modified,normal_city,10,subgoal_dist,40.0,drive_time_curved,40.1171
Modified,normal_city,11,subgoal_dist,40.0,drive_time_curved,45.5129
Modified,normal_city,12,subgoal_dist,40.0,drive_time_curved,37.0999
Modified,normal_city,13,subgoal_dist,40.0,drive_time_curved,46.7936
Modified,normal_city,14,subgoal_dist,40.0,drive_time_curved,44.362
Modified,normal_city,15,subgoal_dist,40.0,drive_time_curved,46.4166
Modified,normal_city,16,subgoal_dist,40.0,drive_time_curved,43.4309
Modified,normal_city,17,subgoal_dist,40.0,drive_time_curved,33.0324
Modified,normal_city,18,subgoal_dist,40.0,drive_time_curved,43.6882
Modified,normal_city,19,subgoal_dist,40.0,drive_time_curved,40.1299
Modified,normal_city,20,subgoal_dist,40.0,drive_time_curved,42.8748
Modified,normal_city,21,subgoal_dist,40.0,drive_time_curved,42.8849
Modified,normal_city,22,subgoal_dist,40.0,drive_time_curved,46.3262
Modified,normal_city,23,subgoal_dist,40.0,drive_time_curved,30.8963
Modified,normal_city,24,subgoal_dist,40.0,drive_time_curved,43.3253
Modified,normal_city,25,subgoal_dist,40.0,drive_time_curved,46.4241
Modified,normal_city,26,subgoal_dist,40.0,drive_time_curved,41.3927
Modified,normal_city,27,subgoal_dist,40.0,drive_time_curved,49.3355
Modified,normal_city,28,subgoal_dist,40.0,drive_time_curved,45.6656
Modified,normal_city,29,subgoal_dist,40.0,drive_time_curved,46.0635
Modified,blocked_road,0,subgoal_dist,40.0,drive_time_curved,46.8086
Modified,blocked_road,1,subgoal_dist,40.0,drive_time_curved,52.7311
Modified,blocked_road,2,subgoal_dist,40.0,drive_time_curved,28.5047
Modified,blocked_road,3,subgoal_dist,40.0,drive_time_curved,29.3694
Modified,blocked_road,4,subgoal_dist,40.0,drive_time_curved,66.3397
Modified,blocked_road,5,subgoal_dist,40.0,drive_time_curved,50.8005
Modified,blocked_road,6,subgoal_dist,40.0,drive_time_curved,35.2669
Modified,blocked_road,7,subgoal_dist,40.0,drive_time_curved,50.5832
Modified,blocked_road,8,subgoal_dist,40.0,drive_time_curved,34.2417
Modified,blocked_road,9,subgoal_dist,40.0,drive_time_curved,34.4632
Modified,blocked_road,10,subgoal_dist,40.0,drive_time_curved,32.9156
Modified,blocked_road,11,subgoal_dist,40.0,drive_time_curved,34.9914
Modified,blocked_road,12,subgoal_dist,40.0,drive_time_curved,44.1166
Modified,blocked_road,13,subgoal_dist,40.0,drive_time_curved,47.4737
Modified,blocked_road,14,subgoal_dist,40.0,drive_time_curved,48.1855
Modified,blocked_road,15,subgoal_dist,40.0,drive_time_curved,45.2582
Modified,blocked_road,16,subgoal_dist,40.0,drive_time_curved,48.6229
Modified,blocked_road,17,subgoal_dist,40.0,drive_time_curved,30.9737
Modified,blocked_road,18,subgoal_dist,40.0,drive_time_curved,45.2138
Modified,blocked_road,19,subgoal_dist,40.0,drive_time_curved,44.8061
Modified,blocked_road,20,subgoal_dist,40.0,drive_time_curved,46.9841
Modified,blocked_road,21,subgoal_dist,40.0,drive_time_curved,30.7265
Modified,blocked_road,22,subgoal_dist,40.0,drive_time_curved,28.6104
Modified,blocked_road,23,subgoal_dist,40.0,drive_time_curved,28.102
Modified,blocked_road,24,subgoal_dist,40.0,drive_time_curved,32.1044
Modified,blocked_road,25,subgoal_dist,40.0,drive_time_curved,46.5026
Modified,blocked_road,26,subgoal_dist,40.0,drive_time_curved,33.3911
Modified,blocked_road,27,subgoal_dist,40.0,drive_time_curved,32.5687
Modified,blocked_road,28,subgoal_dist,40.0,drive_time_curved,33.4239
Modified,blocked_road,29,subgoal_dist,40.0,drive_time_curved,32.552
Modified,dense_city,0,subgoal_dist,40.0,drive_time_curved,41.8093
Modified,dense_city,1,subgoal_dist,40.0,drive_time_curved,27.3367
Modified,dense_city,2,subgoal_dist,40.0,drive_time_curved,42.6402
Modified,dense_city,3,subgoal_dist,40.0,drive_time_curved,36.617
Modified,dense_city,4,subgoal_dist,40.0,drive_time_curved,29.229
Modified,dense_city,5,subgoal_dist,40.0,drive_time_curved,49.0588
Modified,dense_city,6,subgoal_dist,40.0,drive_time_curved,41.9649
Modified,dense_city,7,subgoal_dist,40.0,drive_time_curved,62.7054
Modified,dense_city,8,subgoal_dist,40.0,drive_time_curved,29.8653
Modified,dense_city,9,subgoal_dist,40.0,drive_time_curved,
Modified,dense_city,10,subgoal_dist,40.0,drive_time_curved,32.019
Modified,dense_city,11,subgoal_dist,40.0,drive_time_curved,29.2969
Modified,dense_city,12,subgoal_dist,40.0,drive_time_curved,42.9375
Modified,dense_city,13,subgoal_dist,40.0,drive_time_curved,29.3896
Modified,dense_city,14,subgoal_dist,40.0,drive_time_curved,41.9803
Modified,dense_city,15,subgoal_dist,40.0,drive_time_curved,58.7782
Modified,dense_city,16,subgoal_dist,40.0,drive_time_curved,33.5361
Modified,dense_city,17,subgoal_dist,40.0,drive_time_curved,34.2895
Modified,dense_city,18,subgoal_dist,40.0,drive_time_curved,37.968
Modified,dense_city,19,subgoal_dist,40.0,drive_time_curved,30.9656
Modified,dense_city,20,subgoal_dist,40.0,drive_time_curved,34.8572
Modified,dense_city,21,subgoal_dist,40.0,drive_time_curved,31.4041
Modified,dense_city,22,subgoal_dist,40.0,drive_time_curved,29.986
Modified,dense_city,23,subgoal_dist,40.0,drive_time_curved,32.63
Modified,dense_city,24,subgoal_dist,40.0,drive_time_curved,31.3096
Modified,dense_city,25,subgoal_dist,40.0,drive_time_curved,33.966
Modified,dense_city,26,subgoal_dist,40.0,drive_time_curved,31.4431
Modified,dense_city,27,subgoal_dist,40.0,drive_time_curved,29.1368
Modified,dense_city,28,subgoal_dist,40.0,drive_time_curved,27.6003
Modified,dense_city,29,subgoal_dist,40.0,drive_time_curved,31.8797
Modified,normal_city,0,subgoal_dist,9.0,comp_time,0.17211
Modified,normal_city,1,subgoal_dist,9.0,comp_time,0.13971
Modified,normal_city,2,subgoal_dist,9.0,comp_time,0.15425
Modified,normal_city,3,subgoal_dist,9.0,comp_time,1.07042
Modified,normal_city,4,subgoal_dist,9.0,comp_time,0.1453
Modified,normal_city,5,subgoal_dist,9.0,comp_time,0.1561
Modified,normal_city,6,subgoal_dist,9.0,comp_time,0.17917
Modified,normal_city,7,subgoal_dist,9.0,comp_time,0.17226
Modified,normal_city,8,subgoal_dist,9.0,comp_time,0.57035
Modified,normal_city,9,subgoal_dist,9.0,comp_time,0.35236
Modified,normal_city,10,subgoal_dist,9.0,comp_time,0.12425
Modified,normal_city,11,subgoal_dist,9.0,comp_time,0.25479
Modified,normal_city,12,subgoal_dist,9.0,comp_time,0.18915
Modified,normal_city,13,subgoal_dist,9.0,comp_time,0.15239
Modified,normal_city,14,subgoal_dist,9.0,comp_time,0.15362
Modified,normal_city,15,subgoal_dist,9.0,comp_time,0.15464
Modified,normal_city,16,subgoal_dist,9.0,comp_time,0.15197
Modified,normal_city,17,subgoal_dist,9.0,comp_time,0.13621
Modified,normal_city,18,subgoal_dist,9.0,comp_time,0.14222
Modified,normal_city,19,subgoal_dist,9.0,comp_time,0.27336
Modified,normal_city,20,subgoal_dist,9.0,comp_time,0.13373
Modified,normal_city,21,subgoal_dist,9.0,comp_time,0.13931
Modified,normal_city,22,subgoal_dist,9.0,comp_time,0.2022
Modified,normal_city,23,subgoal_dist,9.0,comp_time,0.199
Modified,normal_city,24,subgoal_dist,9.0,comp_time,0.17793
Modified,normal_city,25,subgoal_dist,9.0,comp_time,0.15288
Modified,normal_city,26,subgoal_dist,9.0,comp_time,0.16969
Modified,normal_city,27,subgoal_dist,9.0,comp_time,0.20348
Modified,normal_city,28,subgoal_dist,9.0,comp_time,0.14975
Modified,normal_city,29,subgoal_dist,9.0,comp_time,0.15117
Modified,blocked_road,0,subgoal_dist,9.0,comp_time,0.3806
Modified,blocked_road,1,subgoal_dist,9.0,comp_time,2.15358
Modified,blocked_road,2,subgoal_dist,9.0,comp_time,0.34987
Modified,blocked_road,3,subgoal_dist,9.0,comp_time,0.19595
Modified,blocked_road,4,subgoal_dist,9.0,comp_time,2.66429
Modified,blocked_road,5,subgoal_dist,9.0,comp_time,0.66981
Modified,blocked_road,6,subgoal_dist,9.0,comp_time,4.88792
Modified,blocked_road,7,subgoal_dist,9.0,comp_time,0.13226
Modified,blocked_road,8,subgoal_dist,9.0,comp_time,0.27213
Modified,blocked_road,9,subgoal_dist,9.0,comp_time,0.83173
Modified,blocked_road,10,subgoal_dist,9.0,comp_time,0.69823
Modified,blocked_road,11,subgoal_dist,9.0,comp_time,1.30113
Modified,blocked_road,12,subgoal_dist,9.0,comp_time,0.91558
Modified,blocked_road,13,subgoal_dist,9.0,comp_time,0.17115
Modified,blocked_road,14,subgoal_dist,9.0,comp_time,0.43034
Modified,blocked_road,15,subgoal_dist,9.0,comp_time,0.57695
Modified,blocked_road,16,subgoal_dist,9.0,comp_time,0.30985
Modified,blocked_road,17,subgoal_dist,9.0,comp_time,0.2361
Modified,blocked_road,18,subgoal_dist,9.0,comp_time,0.15168
Modified,blocked_road,19,subgoal_dist,9.0,comp_time,0.53744
Modified,blocked_road,20,subgoal_dist,9.0,comp_time,0.97779
Modified,blocked_road,21,subgoal_dist,9.0,comp_time,6.94161
Modified,blocked_road,22,subgoal_dist,9.0,comp_time,0.15738
Modified,blocked_road,23,subgoal_dist,9.0,comp_time,0.33322
Modified,blocked_road,24,subgoal_dist,9.0,comp_time,0.16721
Modified,blocked_road,25,subgoal_dist,9.0,comp_time,0.15349
Modified,blocked_road,26,subgoal_dist,9.0,comp_time,0.68264
Modified,blocked_road,27,subgoal_dist,9.0,comp_time,2.14824
Modified,blocked_road,28,subgoal_dist,9.0,comp_time,1.05208
Modified,blocked_road,29,subgoal_dist,9.0,comp_time,0.31781
Modified,dense_city,0,subgoal_dist,9.0,comp_time,0.92745
Modified,dense_city,1,subgoal_dist,9.0,comp_time,5.02715
Modified,dense_city,2,subgoal_dist,9.0,comp_time,1.47408
Modified,dense_city,3,subgoal_dist,9.0,comp_time,0.28624
Modified,dense_city,4,subgoal_dist,9.0,comp_time,2.73535
Modified,dense_city,5,subgoal_dist,9.0,comp_time,0.2807
Modified,dense_city,6,subgoal_dist,9.0,comp_time,1.67947
Modified,dense_city,7,subgoal_dist,9.0,comp_time,17.25911
Modified,dense_city,8,subgoal_dist,9.0,comp_time,0.30214
Modified,dense_city,9,subgoal_dist,9.0,comp_time,1.29413
Modified,dense_city,10,subgoal_dist,9.0,comp_time,0.20022
Modified,dense_city,11,subgoal_dist,9.0,comp_time,1.61704
Modified,dense_city,12,subgoal_dist,9.0,comp_time,1.93021
Modified,dense_city,13,subgoal_dist,9.0,comp_time,12.28549
Modified,dense_city,14,subgoal_dist,9.0,comp_time,1.2592
Modified,dense_city,15,subgoal_dist,9.0,comp_time,2.32622
Modified,dense_city,16,subgoal_dist,9.0,comp_time,1.15446
Modified,dense_city,17,subgoal_dist,9.0,comp_time,1.50138
Modified,dense_city,18,subgoal_dist,9.0,comp_time,9.98426
Modified,dense_city,19,subgoal_dist,9.0,comp_time,0.67745
Modified,dense_city,20,subgoal_dist,9.0,comp_time,0.2375
Modified,dense_city,21,subgoal_dist,9.0,comp_time,0.20126
Modified,dense_city,22,subgoal_dist,9.0,comp_time,2.32612
Modified,dense_city,23,subgoal_dist,9.0,comp_time,0.31326
Modified,dense_city,24,subgoal_dist,9.0,comp_time,1.15975
Modified,dense_city,25,subgoal_dist,9.0,comp_time,1.73098
Modified,dense_city,26,subgoal_dist,9.0,comp_time,0.15116
Modified,dense_city,27,subgoal_dist,9.0,comp_time,3.27371
Modified,dense_city,28,subgoal_dist,9.0,comp_time,0.27379
Modified,dense_city,29,subgoal_dist,9.0,comp_time,0.49374
Modified,normal_city,0,subgoal_dist,12.0,comp_time,0.16661
Modified,normal_city,1,subgoal_dist,12.0,comp_time,0.14563
Modified,normal_city,2,subgoal_dist,12.0,comp_time,0.17374
Modified,normal_city,3,subgoal_dist,12.0,comp_time,0.34436
Modified,normal_city,4,subgoal_dist,12.0,comp_time,0.14746
Modified,normal_city,5,subgoal_dist,12.0,comp_time,0.16006
Modified,normal_city,6,subgoal_dist,12.0,comp_time,0.41645
Modified,normal_city,7,subgoal_dist,12.0,comp_time,0.20428
Modified,normal_city,8,subgoal_dist,12.0,comp_time,0.41967
Modified,normal_city,9,subgoal_dist,12.0,comp_time,1.53042
Modified,normal_city,10,subgoal_dist,12.0,comp_time,0.13419
Modified,normal_city,11,subgoal_dist,12.0,comp_time,0.27023
Modified,normal_city,12,subgoal_dist,12.0,comp_time,0.53809
Modified,normal_city,13,subgoal_dist,12.0,comp_time,0.17916
Modified,normal_city,14,subgoal_dist,12.0,comp_time,0.1698
Modified,normal_city,15,subgoal_dist,12.0,comp_time,0.22936
Modified,normal_city,16,subgoal_dist,12.0,comp_time,0.16477
Modified,normal_city,17,subgoal_dist,12.0,comp_time,0.33339
Modified,normal_city,18,subgoal_dist,12.0,comp_time,0.28215
Modified,normal_city,19,subgoal_dist,12.0,comp_time,0.28959
Modified,normal_city,20,subgoal_dist,12.0,comp_time,0.19973
Modified,normal_city,21,subgoal_dist,12.0,comp_time,0.14901
Modified,normal_city,22,subgoal_dist,12.0,comp_time,0.22349
Modified,normal_city,23,subgoal_dist,12.0,comp_time,0.26963
Modified,normal_city,24,subgoal_dist,12.0,comp_time,0.16426
Modified,normal_city,25,subgoal_dist,12.0,comp_time,0.15039
Modified,normal_city,26,subgoal_dist,12.0,comp_time,0.17837
Modified,normal_city,27,subgoal_dist,12.0,comp_time,0.78405
Modified,normal_city,28,subgoal_dist,12.0,comp_time,0.1501
Modified,normal_city,29,subgoal_dist,12.0,comp_time,0.15651
Modified,blocked_road,0,subgoal_dist,12.0,comp_time,0.37702
Modified,blocked_road,1,subgoal_dist,12.0,comp_time,1.98204
Modified,blocked_road,2,subgoal_dist,12.0,comp_time,0.55835
Modified,blocked_road,3,subgoal_dist,12.0,comp_time,0.18127
Modified,blocked_road,4,subgoal_dist,12.0,comp_time,2.49427
Modified,blocked_road,5,subgoal_dist,12.0,comp_time,0.69813
Modified,blocked_road,6,subgoal_dist,12.0,comp_time,2.30884
Modified,blocked_road,7,subgoal_dist,12.0,comp_time,0.13724
Modified,blocked_road,8,subgoal_dist,12.0,comp_time,0.94214
Modified,blocked_road,9,subgoal_dist,12.0,comp_time,0.55892
Modified,blocked_road,10,subgoal_dist,12.0,comp_time,0.74658
Modified,blocked_road,11,subgoal_dist,12.0,comp_time,1.60197
Modified,blocked_road,12,subgoal_dist,12.0,comp_time,0.95989
Modified,blocked_road,13,subgoal_dist,12.0,comp_time,0.18443
Modified,blocked_road,14,subgoal_dist,12.0,comp_time,0.26494
Modified,blocked_road,15,subgoal_dist,12.0,comp_time,0.45652
Modified,blocked_road,16,subgoal_dist,12.0,comp_time,0.2743
Modified,blocked_road,17,subgoal_dist,12.0,comp_time,0.28767
Modified,blocked_road,18,subgoal_dist,12.0,comp_time,0.15123
Modified,blocked_road,19,subgoal_dist,12.0,comp_time,0.51095
Modified,blocked_road,20,subgoal_dist,12.0,comp_time,1.25628
Modified,blocked_road,21,subgoal_dist,12.0,comp_time,0.50496
Modified,blocked_road,22,subgoal_dist,12.0,comp_time,0.20758
Modified,blocked_road,23,subgoal_dist,12.0,comp_time,3.47049
Modified,blocked_road,24,subgoal_dist,12.0,comp_time,0.23479
Modified,blocked_road,25,subgoal_dist,12.0,comp_time,0.14875
Modified,blocked_road,26,subgoal_dist,12.0,comp_time,0.44524
Modified,blocked_road,27,subgoal_dist,12.0,comp_time,0.37507
Modified,blocked_road,28,subgoal_dist,12.0,comp_time,1.35031
Modified,blocked_road,29,subgoal_dist,12.0,comp_time,0.47384
Modified,dense_city,0,subgoal_dist,12.0,comp_time,1.19931
Modified,dense_city,1,subgoal_dist,12.0,comp_time,0.24776
Modified,dense_city,2,subgoal_dist,12.0,comp_time,0.59629
Modified,dense_city,3,subgoal_dist,12.0,comp_time,0.8023
Modified,dense_city,4,subgoal_dist,12.0,comp_time,0.76804
Modified,dense_city,5,subgoal_dist,12.0,comp_time,2.89079
Modified,dense_city,6,subgoal_dist,12.0,comp_time,2.48187
Modified,dense_city,7,subgoal_dist,12.0,comp_time,16.34919
Modified,dense_city,8,subgoal_dist,12.0,comp_time,0.45139
Modified,dense_city,9,subgoal_dist,12.0,comp_time,1.33786
Modified,dense_city,10,subgoal_dist,12.0,comp_time,0.52577
Modified,dense_city,11,subgoal_dist,12.0,comp_time,1.3674
Modified,dense_city,12,subgoal_dist,12.0,comp_time,1.95551
Modified,dense_city,13,subgoal_dist,12.0,comp_time,1.32866
Modified,dense_city,14,subgoal_dist,12.0,comp_time,0.71043
Modified,dense_city,15,subgoal_dist,12.0,comp_time,2.34428
Modified,dense_city,16,subgoal_dist,12.0,comp_time,1.10452
Modified,dense_city,17,subgoal_dist,12.0,comp_time,0.33523
Modified,dense_city,18,subgoal_dist,12.0,comp_time,0.34983
Modified,dense_city,19,subgoal_dist,12.0,comp_time,0.75356
Modified,dense_city,20,subgoal_dist,12.0,comp_time,0.46292
Modified,dense_city,21,subgoal_dist,12.0,comp_time,0.20169
Modified,dense_city,22,subgoal_dist,12.0,comp_time,39.37216
Modified,dense_city,23,subgoal_dist,12.0,comp_time,0.20833
Modified,dense_city,24,subgoal_dist,12.0,comp_time,0.33979
Modified,dense_city,25,subgoal_dist,12.0,comp_time,0.60523
Modified,dense_city,26,subgoal_dist,12.0,comp_time,0.24081
Modified,dense_city,27,subgoal_dist,12.0,comp_time,1.73753
Modified,dense_city,28,subgoal_dist,12.0,comp_time,0.30324
Modified,dense_city,29,subgoal_dist,12.0,comp_time,3.59929
Modified,normal_city,0,subgoal_dist,18.0,comp_time,0.13451
Modified,normal_city,1,subgoal_dist,18.0,comp_time,0.12253
Modified,normal_city,2,subgoal_dist,18.0,comp_time,0.12427
Modified,normal_city,3,subgoal_dist,18.0,comp_time,0.19377
Modified,normal_city,4,subgoal_dist,18.0,comp_time,0.11409
Modified,normal_city,5,subgoal_dist,18.0,comp_time,0.13245
Modified,normal_city,6,subgoal_dist,18.0,comp_time,0.29755
Modified,normal_city,7,subgoal_dist,18.0,comp_time,0.14131
Modified,normal_city,8,subgoal_dist,18.0,comp_time,0.32835
Modified,normal_city,9,subgoal_dist,18.0,comp_time,1.5137
Modified,normal_city,10,subgoal_dist,18.0,comp_time,0.12495
Modified,normal_city,11,subgoal_dist,18.0,comp_time,0.34527
Modified,normal_city,12,subgoal_dist,18.0,comp_time,0.44178
Modified,normal_city,13,subgoal_dist,18.0,comp_time,0.15073
Modified,normal_city,14,subgoal_dist,18.0,comp_time,0.16571
Modified,normal_city,15,subgoal_dist,18.0,comp_time,0.16343
Modified,normal_city,16,subgoal_dist,18.0,comp_time,0.15796
Modified,normal_city,17,subgoal_dist,18.0,comp_time,0.25991
Modified,normal_city,18,subgoal_dist,18.0,comp_time,0.14312
Modified,normal_city,19,subgoal_dist,18.0,comp_time,0.21472
Modified,normal_city,20,subgoal_dist,18.0,comp_time,0.14344
Modified,normal_city,21,subgoal_dist,18.0,comp_time,0.14614
Modified,normal_city,22,subgoal_dist,18.0,comp_time,0.20439
Modified,normal_city,23,subgoal_dist,18.0,comp_time,0.2516
Modified,normal_city,24,subgoal_dist,18.0,comp_time,0.17252
Modified,normal_city,25,subgoal_dist,18.0,comp_time,0.15323
Modified,normal_city,26,subgoal_dist,18.0,comp_time,0.16693
Modified,normal_city,27,subgoal_dist,18.0,comp_time,0.19944
Modified,normal_city,28,subgoal_dist,18.0,comp_time,0.15743
Modified,normal_city,29,subgoal_dist,18.0,comp_time,0.19251
Modified,blocked_road,0,subgoal_dist,18.0,comp_time,0.64211
Modified,blocked_road,1,subgoal_dist,18.0,comp_time,1.99942
Modified,blocked_road,2,subgoal_dist,18.0,comp_time,0.37616
Modified,blocked_road,3,subgoal_dist,18.0,comp_time,0.19313
Modified,blocked_road,4,subgoal_dist,18.0,comp_time,2.56348
Modified,blocked_road,5,subgoal_dist,18.0,comp_time,0.66452
Modified,blocked_road,6,subgoal_dist,18.0,comp_time,5.06009
Modified,blocked_road,7,subgoal_dist,18.0,comp_time,0.13395
Modified,blocked_road,8,subgoal_dist,18.0,comp_time,0.26373
Modified,blocked_road,9,subgoal_dist,18.0,comp_time,0.58603
Modified,blocked_road,10,subgoal_dist,18.0,comp_time,0.67862
Modified,blocked_road,11,subgoal_dist,18.0,comp_time,1.66786
Modified,blocked_road,12,subgoal_dist,18.0,comp_time,0.91091
Modified,blocked_road,13,subgoal_dist,18.0,comp_time,0.16637
Modified,blocked_road,14,subgoal_dist,18.0,comp_time,0.2654
Modified,blocked_road,15,subgoal_dist,18.0,comp_time,0.47932
Modified,blocked_road,16,subgoal_dist,18.0,comp_time,0.25077
Modified,blocked_road,17,subgoal_dist,18.0,comp_time,0.24032
Modified,blocked_road,18,subgoal_dist,18.0,comp_time,0.1697
Modified,blocked_road,19,subgoal_dist,18.0,comp_time,0.40014
Modified,blocked_road,20,subgoal_dist,18.0,comp_time,1.12534
Modified,blocked_road,21,subgoal_dist,18.0,comp_time,0.27127
Modified,blocked_road,22,subgoal_dist,18.0,comp_time,0.15775
Modified,blocked_road,23,subgoal_dist,18.0,comp_time,3.55843
Modified,blocked_road,24,subgoal_dist,18.0,comp_time,0.17022
Modified,blocked_road,25,subgoal_dist,18.0,comp_time,0.15031
Modified,blocked_road,26,subgoal_dist,18.0,comp_time,0.32534
Modified,blocked_road,27,subgoal_dist,18.0,comp_time,2.15805
Modified,blocked_road,28,subgoal_dist,18.0,comp_time,1.27259
Modified,blocked_road,29,subgoal_dist,18.0,comp_time,0.46085
Modified,dense_city,0,subgoal_dist,18.0,comp_time,1.17555
Modified,dense_city,1,subgoal_dist,18.0,comp_time,0.31139
Modified,dense_city,2,subgoal_dist,18.0,comp_time,1.06709
Modified,dense_city,3,subgoal_dist,18.0,comp_time,0.80061
Modified,dense_city,4,subgoal_dist,18.0,comp_time,0.4074
Modified,dense_city,5,subgoal_dist,18.0,comp_time,4.43304
Modified,dense_city,6,subgoal_dist,18.0,comp_time,2.57615
Modified,dense_city,7,subgoal_dist,18.0,comp_time,16.99399
Modified,dense_city,8,subgoal_dist,18.0,comp_time,0.25176
Modified,dense_city,9,subgoal_dist,18.0,comp_time,1.35206
Modified,dense_city,10,subgoal_dist,18.0,comp_time,1.23778
Modified,dense_city,11,subgoal_dist,18.0,comp_time,1.44394
Modified,dense_city,12,subgoal_dist,18.0,comp_time,1.92237
Modified,dense_city,13,subgoal_dist,18.0,comp_time,0.89723
Modified,dense_city,14,subgoal_dist,18.0,comp_time,1.8282
Modified,dense_city,15,subgoal_dist,18.0,comp_time,2.38078
Modified,dense_city,16,subgoal_dist,18.0,comp_time,2.04768
Modified,dense_city,17,subgoal_dist,18.0,comp_time,0.57691
Modified,dense_city,18,subgoal_dist,18.0,comp_time,0.39007
Modified,dense_city,19,subgoal_dist,18.0,comp_time,1.5944
Modified,dense_city,20,subgoal_dist,18.0,comp_time,2.02836
Modified,dense_city,21,subgoal_dist,18.0,comp_time,0.96941
Modified,dense_city,22,subgoal_dist,18.0,comp_time,6.83023
Modified,dense_city,23,subgoal_dist,18.0,comp_time,1.6558
Modified,dense_city,24,subgoal_dist,18.0,comp_time,0.34308
Modified,dense_city,25,subgoal_dist,18.0,comp_time,1.18138
Modified,dense_city,26,subgoal_dist,18.0,comp_time,0.36415
Modified,dense_city,27,subgoal_dist,18.0,comp_time,1.76182
Modified,dense_city,28,subgoal_dist,18.0,comp_time,0.86412
Modified,dense_city,29,subgoal_dist,18.0,comp_time,0.88294
Modified,normal_city,0,subgoal_dist,27.0,comp_time,0.16957
Modified,normal_city,1,subgoal_dist,27.0,comp_time,0.14385
Modified,normal_city,2,subgoal_dist,27.0,comp_time,0.15378
Modified,normal_city,3,subgoal_dist,27.0,comp_time,0.21526
Modified,normal_city,4,subgoal_dist,27.0,comp_time,0.1465
Modified,normal_city,5,subgoal_dist,27.0,comp_time,0.15907
Modified,normal_city,6,subgoal_dist,27.0,comp_time,0.38108
Modified,normal_city,7,subgoal_dist,27.0,comp_time,0.18341
Modified,normal_city,8,subgoal_dist,27.0,comp_time,0.44644
Modified,normal_city,9,subgoal_dist,27.0,comp_time,1.52348
Modified,normal_city,10,subgoal_dist,27.0,comp_time,0.13676
Modified,normal_city,11,subgoal_dist,27.0,comp_time,0.4024
Modified,normal_city,12,subgoal_dist,27.0,comp_time,0.3803
Modified,normal_city,13,subgoal_dist,27.0,comp_time,0.1477
Modified,normal_city,14,subgoal_dist,27.0,comp_time,0.15109
Modified,normal_city,15,subgoal_dist,27.0,comp_time,0.15671
Modified,normal_city,16,subgoal_dist,27.0,comp_time,0.15096
Modified,normal_city,17,subgoal_dist,27.0,comp_time,0.27753
Modified,normal_city,18,subgoal_dist,27.0,comp_time,0.14049
Modified,normal_city,19,subgoal_dist,27.0,comp_time,0.26179
Modified,normal_city,20,subgoal_dist,27.0,comp_time,0.13469
Modified,normal_city,21,subgoal_dist,27.0,comp_time,0.15066
Modified,normal_city,22,subgoal_dist,27.0,comp_time,0.25979
Modified,normal_city,23,subgoal_dist,27.0,comp_time,0.24824
Modified,normal_city,24,subgoal_dist,27.0,comp_time,0.17456
Modified,normal_city,25,subgoal_dist,27.0,comp_time,0.15992
Modified,normal_city,26,subgoal_dist,27.0,comp_time,0.16609
Modified,normal_city,27,subgoal_dist,27.0,comp_time,0.2094
Modified,normal_city,28,subgoal_dist,27.0,comp_time,0.1529
Modified,normal_city,29,subgoal_dist,27.0,comp_time,0.15538
Modified,blocked_road,0,subgoal_dist,27.0,comp_time,0.63201
Modified,blocked_road,1,subgoal_dist,27.0,comp_time,2.00662
Modified,blocked_road,2,subgoal_dist,27.0,comp_time,0.5635
Modified,blocked_road,3,subgoal_dist,27.0,comp_time,0.17874
Modified,blocked_road,4,subgoal_dist,27.0,comp_time,2.50221
Modified,blocked_road,5,subgoal_dist,27.0,comp_time,0.65304
Modified,blocked_road,6,subgoal_dist,27.0,comp_time,2.32648
Modified,blocked_road,7,subgoal_dist,27.0,comp_time,0.14082
Modified,blocked_road,8,subgoal_dist,27.0,comp_time,0.91989
Modified,blocked_road,9,subgoal_dist,27.0,comp_time,0.57557
Modified,blocked_road,10,subgoal_dist,27.0,comp_time,0.80268
Modified,blocked_road,11,subgoal_dist,27.0,comp_time,1.62703
Modified,blocked_road,12,subgoal_dist,27.0,comp_time,0.92767
Modified,blocked_road,13,subgoal_dist,27.0,comp_time,0.94987
Modified,blocked_road,14,subgoal_dist,27.0,comp_time,0.31326
Modified,blocked_road,15,subgoal_dist,27.0,comp_time,0.44363
Modified,blocked_road,16,subgoal_dist,27.0,comp_time,0.56811
Modified,blocked_road,17,subgoal_dist,27.0,comp_time,0.2902
Modified,blocked_road,18,subgoal_dist,27.0,comp_time,0.2025
Modified,blocked_road,19,subgoal_dist,27.0,comp_time,0.46811
Modified,blocked_road,20,subgoal_dist,27.0,comp_time,1.1522
Modified,blocked_road,21,subgoal_dist,27.0,comp_time,0.25763
Modified,blocked_road,22,subgoal_dist,27.0,comp_time,0.21331
Modified,blocked_road,23,subgoal_dist,27.0,comp_time,3.55408
Modified,blocked_road,24,subgoal_dist,27.0,comp_time,0.22555
Modified,blocked_road,25,subgoal_dist,27.0,comp_time,0.14296
Modified,blocked_road,26,subgoal_dist,27.0,comp_time,0.34065
Modified,blocked_road,27,subgoal_dist,27.0,comp_time,0.36782
Modified,blocked_road,28,subgoal_dist,27.0,comp_time,1.27893
Modified,blocked_road,29,subgoal_dist,27.0,comp_time,0.45791
Modified,dense_city,0,subgoal_dist,27.0,comp_time,1.26689
Modified,dense_city,1,subgoal_dist,27.0,comp_time,0.35587
Modified,dense_city,2,subgoal_dist,27.0,comp_time,2.19653
Modified,dense_city,3,subgoal_dist,27.0,comp_time,0.91173
Modified,dense_city,4,subgoal_dist,27.0,comp_time,0.43583
Modified,dense_city,5,subgoal_dist,27.0,comp_time,3.40403
Modified,dense_city,6,subgoal_dist,27.0,comp_time,2.77846
Modified,dense_city,7,subgoal_dist,27.0,comp_time,16.81578
Modified,dense_city,8,subgoal_dist,27.0,comp_time,0.2984
Modified,dense_city,9,subgoal_dist,27.0,comp_time,1.33971
Modified,dense_city,10,subgoal_dist,27.0,comp_time,1.28456
Modified,dense_city,11,subgoal_dist,27.0,comp_time,1.4641
Modified,dense_city,12,subgoal_dist,27.0,comp_time,2.00566
Modified,dense_city,13,subgoal_dist,27.0,comp_time,0.38144
Modified,dense_city,14,subgoal_dist,27.0,comp_time,1.7641
Modified,dense_city,15,subgoal_dist,27.0,comp_time,2.31936
Modified,dense_city,16,subgoal_dist,27.0,comp_time,2.03716
Modified,dense_city,17,subgoal_dist,27.0,comp_time,0.55821
Modified,dense_city,18,subgoal_dist,27.0,comp_time,0.37399
Modified,dense_city,19,subgoal_dist,27.0,comp_time,1.60147
Modified,dense_city,20,subgoal_dist,27.0,comp_time,2.05783
Modified,dense_city,21,subgoal_dist,27.0,comp_time,0.92917
Modified,dense_city,22,subgoal_dist,27.0,comp_time,6.76459
Modified,dense_city,23,subgoal_dist,27.0,comp_time,0.45701
Modified,dense_city,24,subgoal_dist,27.0,comp_time,0.34385
Modified,dense_city,25,subgoal_dist,27.0,comp_time,1.17077
Modified,dense_city,26,subgoal_dist,27.0,comp_time,0.35036
Modified,dense_city,27,subgoal_dist,27.0,comp_time,1.74478
Modified,dense_city,28,subgoal_dist,27.0,comp_time,0.84092
Modified,dense_city,29,subgoal_dist,27.0,comp_time,0.92541
Modified,normal_city,0,subgoal_dist,40.0,comp_time,0.17342
Modified,normal_city,1,subgoal_dist,40.0,comp_time,0.15192
Modified,normal_city,2,subgoal_dist,40.0,comp_time,0.15638
Modified,normal_city,3,subgoal_dist,40.0,comp_time,0.23935
Modified,normal_city,4,subgoal_dist,40.0,comp_time,0.14976
Modified,normal_city,5,subgoal_dist,40.0,comp_time,0.1611
Modified,normal_city,6,subgoal_dist,40.0,comp_time,0.39549
Modified,normal_city,7,subgoal_dist,40.0,comp_time,0.18984
Modified,normal_city,8,subgoal_dist,40.0,comp_time,0.40281
Modified,normal_city,9,subgoal_dist,40.0,comp_time,1.50216
Modified,normal_city,10,subgoal_dist,40.0,comp_time,0.13089
Modified,normal_city,11,subgoal_dist,40.0,comp_time,0.37216
Modified,normal_city,12,subgoal_dist,40.0,comp_time,0.36573
Modified,normal_city,13,subgoal_dist,40.0,comp_time,0.1504
Modified,normal_city,14,subgoal_dist,40.0,comp_time,0.15884
Modified,normal_city,15,subgoal_dist,40.0,comp_time,0.15835
Modified,normal_city,16,subgoal_dist,40.0,comp_time,0.15345
Modified,normal_city,17,subgoal_dist,40.0,comp_time,0.2596
Modified,normal_city,18,subgoal_dist,40.0,comp_time,0.13662
Modified,normal_city,19,subgoal_dist,40.0,comp_time,0.219
Modified,normal_city,20,subgoal_dist,40.0,comp_time,0.13216
Modified,normal_city,21,subgoal_dist,40.0,comp_time,0.14579
Modified,normal_city,22,subgoal_dist,40.0,comp_time,0.20703
Modified,normal_city,23,subgoal_dist,40.0,comp_time,0.24904
Modified,normal_city,24,subgoal_dist,40.0,comp_time,0.16565
Modified,normal_city,25,subgoal_dist,40.0,comp_time,0.14738
Modified,normal_city,26,subgoal_dist,40.0,comp_time,0.16798
Modified,normal_city,27,subgoal_dist,40.0,comp_time,0.26277
Modified,normal_city,28,subgoal_dist,40.0,comp_time,0.16568
Modified,normal_city,29,subgoal_dist,40.0,comp_time,0.19258
Modified,blocked_road,0,subgoal_dist,40.0,comp_time,0.36694
Modified,blocked_road,1,subgoal_dist,40.0,comp_time,2.03172
Modified,blocked_road,2,subgoal_dist,40.0,comp_time,0.55793
Modified,blocked_road,3,subgoal_dist,40.0,comp_time,0.18815
Modified,blocked_road,4,subgoal_dist,40.0,comp_time,2.49553
Modified,blocked_road,5,subgoal_dist,40.0,comp_time,0.6983
Modified,blocked_road,6,subgoal_dist,40.0,comp_time,2.26978
Modified,blocked_road,7,subgoal_dist,40.0,comp_time,0.13512
Modified,blocked_road,8,subgoal_dist,40.0,comp_time,0.46905
Modified,blocked_road,9,subgoal_dist,40.0,comp_time,0.56661
Modified,blocked_road,10,subgoal_dist,40.0,comp_time,0.8088
Modified,blocked_road,11,subgoal_dist,40.0,comp_time,1.64535
Modified,blocked_road,12,subgoal_dist,40.0,comp_time,0.9442
Modified,blocked_road,13,subgoal_dist,40.0,comp_time,0.41957
Modified,blocked_road,14,subgoal_dist,40.0,comp_time,0.2713
Modified,blocked_road,15,subgoal_dist,40.0,comp_time,0.42493
Modified,blocked_road,16,subgoal_dist,40.0,comp_time,0.25395
Modified,blocked_road,17,subgoal_dist,40.0,comp_time,0.37505
Modified,blocked_road,18,subgoal_dist,40.0,comp_time,0.18378
Modified,blocked_road,19,subgoal_dist,40.0,comp_time,0.40812
Modified,blocked_road,20,subgoal_dist,40.0,comp_time,1.12208
Modified,blocked_road,21,subgoal_dist,40.0,comp_time,0.27925
Modified,blocked_road,22,subgoal_dist,40.0,comp_time,0.21054
Modified,blocked_road,23,subgoal_dist,40.0,comp_time,3.63109
Modified,blocked_road,24,subgoal_dist,40.0,comp_time,0.23245
Modified,blocked_road,25,subgoal_dist,40.0,comp_time,0.14295
Modified,blocked_road,26,subgoal_dist,40.0,comp_time,0.3369
Modified,blocked_road,27,subgoal_dist,40.0,comp_time,0.38921
Modified,blocked_road,28,subgoal_dist,40.0,comp_time,1.27575
Modified,blocked_road,29,subgoal_dist,40.0,comp_time,0.44415
Modified,dense_city,0,subgoal_dist,40.0,comp_time,4.62786
Modified,dense_city,1,subgoal_dist,40.0,comp_time,0.33304
Modified,dense_city,2,subgoal_dist,40.0,comp_time,1.14137
Modified,dense_city,3,subgoal_dist,40.0,comp_time,1.17655
Modified,dense_city,4,subgoal_dist,40.0,comp_time,0.37506
Modified,dense_city,5,subgoal_dist,40.0,comp_time,2.89888
Modified,dense_city,6,subgoal_dist,40.0,comp_time,2.48863
Modified,dense_city,7,subgoal_dist,40.0,comp_time,16.83621
Modified,dense_city,8,subgoal_dist,40.0,comp_time,0.27151
Modified,dense_city,9,subgoal_dist,40.0,comp_time,1.33336
Modified,dense_city,10,subgoal_dist,40.0,comp_time,1.2761
Modified,dense_city,11,subgoal_dist,40.0,comp_time,1.44047
Modified,dense_city,12,subgoal_dist,40.0,comp_time,1.92787
Modified,dense_city,13,subgoal_dist,40.0,comp_time,0.8834
Modified,dense_city,14,subgoal_dist,40.0,comp_time,1.76909
Modified,dense_city,15,subgoal_dist,40.0,comp_time,2.41333
Modified,dense_city,16,subgoal_dist,40.0,comp_time,2.09596
Modified,dense_city,17,subgoal_dist,40.0,comp_time,0.54857
Modified,dense_city,18,subgoal_dist,40.0,comp_time,0.44068
Modified,dense_city,19,subgoal_dist,40.0,comp_time,1.64279
Modified,dense_city,20,subgoal_dist,40.0,comp_time,2.06512
Modified,dense_city,21,subgoal_dist,40.0,comp_time,0.97994
Modified,dense_city,22,subgoal_dist,40.0,comp_time,6.77314
Modified,dense_city,23,subgoal_dist,40.0,comp_time,1.62319
Modified,dense_city,24,subgoal_dist,40.0,comp_time,0.3455
Modified,dense_city,25,subgoal_dist,40.0,comp_time,1.17347
Modified,dense_city,26,subgoal_dist,40.0,comp_time,0.35221
Modified,dense_city,27,subgoal_dist,40.0,comp_time,1.73741
Modified,dense_city,28,subgoal_dist,40.0,comp_time,0.87932
Modified,dense_city,29,subgoal_dist,40.0,comp_time,0.88679
