planner,scenario,instance,parameter,value,metric,result
RRT*,normal_city,0,rrt_radius,6.0,success,1.0
RRT*,normal_city,1,rrt_radius,6.0,success,1.0
RRT*,normal_city,2,rrt_radius,6.0,success,1.0
RRT*,normal_city,3,rrt_radius,6.0,success,1.0
RRT*,normal_city,4,rrt_radius,6.0,success,1.0
RRT*,normal_city,5,rrt_radius,6.0,success,1.0
RRT*,normal_city,6,rrt_radius,6.0,success,1.0
RRT*,normal_city,7,rrt_radius,6.0,success,1.0
RRT*,normal_city,8,rrt_radius,6.0,success,1.0
RRT*,normal_city,9,rrt_radius,6.0,success,1.0
RRT*,normal_city,10,rrt_radius,6.0,success,1.0
RRT*,normal_city,11,rrt_radius,6.0,success,1.0
RRT*,normal_city,12,rrt_radius,6.0,success,1.0
RRT*,normal_city,13,rrt_radius,6.0,success,1.0
RRT*,normal_city,14,rrt_radius,6.0,success,1.0
RRT*,normal_city,15,rrt_radius,6.0,success,1.0
RRT*,normal_city,16,rrt_radius,6.0,success,1.0
RRT*,normal_city,17,rrt_radius,6.0,success,1.0
RRT*,normal_city,18,rrt_radius,6.0,success,1.0
RRT*,normal_city,19,rrt_radius,6.0,success,1.0
RRT*,normal_city,20,rrt_radius,6.0,success,1.0
RRT*,normal_city,21,rrt_radius,6.0,success,1.0
RRT*,normal_city,22,rrt_radius,6.0,success,1.0
RRT*,normal_city,23,rrt_radius,6.0,success,1.0
RRT*,normal_city,24,rrt_radius,6.0,success,1.0
RRT*,normal_city,25,rrt_radius,6.0,success,1.0
RRT*,normal_city,26,rrt_radius,6.0,success,1.0
RRT*,normal_city,27,rrt_radius,6.0,success,1.0
RRT*,normal_city,28,rrt_radius,6.0,success,1.0
RRT*,normal_city,29,rrt_radius,6.0,success,1.0
RRT*,blocked_road,0,rrt_radius,6.0,success,1.0
RRT*,blocked_road,1,rrt_radius,6.0,success,1.0
RRT*,blocked_road,2,rrt_radius,6.0,success,1.0
RRT*,blocked_road,3,rrt_radius,6.0,success,1.0
RRT*,blocked_road,4,rrt_radius,6.0,success,1.0
RRT*,blocked_road,5,rrt_radius,6.0,success,1.0
RRT*,blocked_road,6,rrt_radius,6.0,success,1.0
RRT*,blocked_road,7,rrt_radius,6.0,success,1.0
RRT*,blocked_road,8,rrt_radius,6.0,success,1.0
RRT*,blocked_road,9,rrt_radius,6.0,success,1.0
RRT*,blocked_road,10,rrt_radius,6.0,success,1.0
RRT*,blocked_road,11,rrt_radius,6.0,success,1.0
RRT*,blocked_road,12,rrt_radius,6.0,success,1.0
RRT*,blocked_road,13,rrt_radius,6.0,success,1.0
RRT*,blocked_road,14,rrt_radius,6.0,success,1.0
RRT*,blocked_road,15,rrt_radius,6.0,success,1.0
RRT*,blocked_road,16,rrt_radius,6.0,success,1.0
RRT*,blocked_road,17,rrt_radius,6.0,success,1.0
RRT*,blocked_road,18,rrt_radius,6.0,success,1.0
RRT*,blocked_road,19,rrt_radius,6.0,success,1.0
RRT*,blocked_road,20,rrt_radius,6.0,success,1.0
RRT*,blocked_road,21,rrt_radius,6.0,success,1.0
RRT*,blocked_road,22,rrt_radius,6.0,success,1.0
RRT*,blocked_road,23,rrt_radius,6.0,success,1.0
RRT*,blocked_road,24,rrt_radius,6.0,success,1.0
RRT*,blocked_road,25,rrt_radius,6.0,success,1.0
RRT*,blocked_road,26,rrt_radius,6.0,success,1.0
RRT*,blocked_road,27,rrt_radius,6.0,success,1.0
RRT*,blocked_road,28,rrt_radius,6.0,success,1.0
RRT*,blocked_road,29,rrt_radius,6.0,success,1.0
RRT*,dense_city,0,rrt_radius,6.0,success,1.0
RRT*,dense_city,1,rrt_radius,6.0,success,1.0
RRT*,dense_city,2,rrt_radius,6.0,success,1.0
RRT*,dense_city,3,rrt_radius,6.0,success,1.0
RRT*,dense_city,4,rrt_radius,6.0,success,1.0
RRT*,dense_city,5,rrt_radius,6.0,success,1.0
RRT*,dense_city,6,rrt_radius,6.0,success,1.0
RRT*,dense_city,7,rrt_radius,6.0,success,1.0
RRT*,dense_city,8,rrt_radius,6.0,success,1.0
RRT*,dense_city,9,rrt_radius,6.0,success,0.0
RRT*,dense_city,10,rrt_radius,6.0,success,1.0
RRT*,dense_city,11,rrt_radius,6.0,success,1.0
RRT*,dense_city,12,rrt_radius,6.0,success,1.0
RRT*,dense_city,13,rrt_radius,6.0,success,1.0
RRT*,dense_city,14,rrt_radius,6.0,success,1.0
RRT*,dense_city,15,rrt_radius,6.0,success,1.0
RRT*,dense_city,16,rrt_radius,6.0,success,1.0
RRT*,dense_city,17,rrt_radius,6.0,success,1.0
RRT*,dense_city,18,rrt_radius,6.0,success,1.0
RRT*,dense_city,19,rrt_radius,6.0,success,1.0
RRT*,dense_city,20,rrt_radius,6.0,success,1.0
RRT*,dense_city,21,rrt_radius,6.0,success,1.0
RRT*,dense_city,22,rrt_radius,6.0,success,1.0
RRT*,dense_city,23,rrt_radius,6.0,success,1.0
RRT*,dense_city,24,rrt_radius,6.0,success,1.0
RRT*,dense_city,25,rrt_radius,6.0,success,1.0
RRT*,dense_city,26,rrt_radius,6.0,success,1.0
RRT*,dense_city,27,rrt_radius,6.0,success,1.0
RRT*,dense_city,28,rrt_radius,6.0,success,1.0
RRT*,dense_city,29,rrt_radius,6.0,success,1.0
RRT*,normal_city,0,rrt_radius,8.0,success,1.0
RRT*,normal_city,1,rrt_radius,8.0,success,1.0
RRT*,normal_city,2,rrt_radius,8.0,success,1.0
RRT*,normal_city,3,rrt_radius,8.0,success,1.0
RRT*,normal_city,4,rrt_radius,8.0,success,1.0
RRT*,normal_city,5,rrt_radius,8.0,success,1.0
RRT*,normal_city,6,rrt_radius,8.0,success,1.0
RRT*,normal_city,7,rrt_radius,8.0,success,1.0
RRT*,normal_city,8,rrt_radius,8.0,success,1.0
RRT*,normal_city,9,rrt_radius,8.0,success,1.0
RRT*,normal_city,10,rrt_radius,8.0,success,1.0
RRT*,normal_city,11,rrt_radius,8.0,success,1.0
RRT*,normal_city,12,rrt_radius,8.0,success,1.0
RRT*,normal_city,13,rrt_radius,8.0,success,1.0
RRT*,normal_city,14,rrt_radius,8.0,success,1.0
RRT*,normal_city,15,rrt_radius,8.0,success,1.0
RRT*,normal_city,16,rrt_radius,8.0,success,1.0
RRT*,normal_city,17,rrt_radius,8.0,success,1.0
RRT*,normal_city,18,rrt_radius,8.0,success,1.0
RRT*,normal_city,19,rrt_radius,8.0,success,1.0
RRT*,normal_city,20,rrt_radius,8.0,success,1.0
RRT*,normal_city,21,rrt_radius,8.0,success,1.0
RRT*,normal_city,22,rrt_radius,8.0,success,1.0
RRT*,normal_city,23,rrt_radius,8.0,success,1.0
RRT*,normal_city,24,rrt_radius,8.0,success,1.0
RRT*,normal_city,25,rrt_radius,8.0,success,1.0
RRT*,normal_city,26,rrt_radius,8.0,success,1.0
RRT*,normal_city,27,rrt_radius,8.0,success,1.0
RRT*,normal_city,28,rrt_radius,8.0,success,1.0
RRT*,normal_city,29,rrt_radius,8.0,success,1.0
RRT*,blocked_road,0,rrt_radius,8.0,success,1.0
RRT*,blocked_road,1,rrt_radius,8.0,success,1.0
RRT*,blocked_road,2,rrt_radius,8.0,success,1.0
RRT*,blocked_road,3,rrt_radius,8.0,success,1.0
RRT*,blocked_road,4,rrt_radius,8.0,success,1.0
RRT*,blocked_road,5,rrt_radius,8.0,success,1.0
RRT*,blocked_road,6,rrt_radius,8.0,success,1.0
RRT*,blocked_road,7,rrt_radius,8.0,success,1.0
RRT*,blocked_road,8,rrt_radius,8.0,success,1.0
RRT*,blocked_road,9,rrt_radius,8.0,success,1.0
RRT*,blocked_road,10,rrt_radius,8.0,success,1.0
RRT*,blocked_road,11,rrt_radius,8.0,success,1.0
RRT*,blocked_road,12,rrt_radius,8.0,success,1.0
RRT*,blocked_road,13,rrt_radius,8.0,success,1.0
RRT*,blocked_road,14,rrt_radius,8.0,success,1.0
RRT*,blocked_road,15,rrt_radius,8.0,success,1.0
RRT*,blocked_road,16,rrt_radius,8.0,success,1.0
RRT*,blocked_road,17,rrt_radius,8.0,success,1.0
RRT*,blocked_road,18,rrt_radius,8.0,success,1.0
RRT*,blocked_road,19,rrt_radius,8.0,success,1.0
RRT*,blocked_road,20,rrt_radius,8.0,success,1.0
RRT*,blocked_road,21,rrt_radius,8.0,success,1.0
RRT*,blocked_road,22,rrt_radius,8.0,success,1.0
RRT*,blocked_road,23,rrt_radius,8.0,success,1.0
RRT*,blocked_road,24,rrt_radius,8.0,success,1.0
RRT*,blocked_road,25,rrt_radius,8.0,success,1.0
RRT*,blocked_road,26,rrt_radius,8.0,success,1.0
RRT*,blocked_road,27,rrt_radius,8.0,success,1.0
RRT*,blocked_road,28,rrt_radius,8.0,success,1.0
RRT*,blocked_road,29,rrt_radius,8.0,success,1.0
RRT*,dense_city,0,rrt_radius,8.0,success,1.0
RRT*,dense_city,1,rrt_radius,8.0,success,1.0
RRT*,dense_city,2,rrt_radius,8.0,success,1.0
RRT*,dense_city,3,rrt_radius,8.0,success,1.0
RRT*,dense_city,4,rrt_radius,8.0,success,1.0
RRT*,dense_city,5,rrt_radius,8.0,success,1.0
RRT*,dense_city,6,rrt_radius,8.0,success,1.0
RRT*,dense_city,7,rrt_radius,8.0,success,1.0
RRT*,dense_city,8,rrt_radius,8.0,success,1.0
RRT*,dense_city,9,rrt_radius,8.0,success,0.0
RRT*,dense_city,10,rrt_radius,8.0,success,1.0
RRT*,dense_city,11,rrt_radius,8.0,success,1.0
RRT*,dense_city,12,rrt_radius,8.0,success,1.0
RRT*,dense_city,13,rrt_radius,8.0,success,1.0
RRT*,dense_city,14,rrt_radius,8.0,success,1.0
RRT*,dense_city,15,rrt_radius,8.0,success,1.0
RRT*,dense_city,16,rrt_radius,8.0,success,1.0
RRT*,dense_city,17,rrt_radius,8.0,success,1.0
RRT*,dense_city,18,rrt_radius,8.0,success,1.0
RRT*,dense_city,19,rrt_radius,8.0,success,1.0
RRT*,dense_city,20,rrt_radius,8.0,success,1.0
RRT*,dense_city,21,rrt_radius,8.0,success,1.0
RRT*,dense_city,22,rrt_radius,8.0,success,1.0
RRT*,dense_city,23,rrt_radius,8.0,success,1.0
RRT*,dense_city,24,rrt_radius,8.0,success,1.0
RRT*,dense_city,25,rrt_radius,8.0,success,1.0
RRT*,dense_city,26,rrt_radius,8.0,success,1.0
RRT*,dense_city,27,rrt_radius,8.0,success,1.0
RRT*,dense_city,28,rrt_radius,8.0,success,1.0
RRT*,dense_city,29,rrt_radius,8.0,success,1.0
RRT*,normal_city,0,rrt_radius,12.0,success,1.0
RRT*,normal_city,1,rrt_radius,12.0,success,1.0
RRT*,normal_city,2,rrt_radius,12.0,success,1.0
RRT*,normal_city,3,rrt_radius,12.0,success,1.0
RRT*,normal_city,4,rrt_radius,12.0,success,1.0
RRT*,normal_city,5,rrt_radius,12.0,success,1.0
RRT*,normal_city,6,rrt_radius,12.0,success,1.0
RRT*,normal_city,7,rrt_radius,12.0,success,1.0
RRT*,normal_city,8,rrt_radius,12.0,success,1.0
RRT*,normal_city,9,rrt_radius,12.0,success,1.0
RRT*,normal_city,10,rrt_radius,12.0,success,1.0
RRT*,normal_city,11,rrt_radius,12.0,success,1.0
RRT*,normal_city,12,rrt_radius,12.0,success,1.0
RRT*,normal_city,13,rrt_radius,12.0,success,1.0
RRT*,normal_city,14,rrt_radius,12.0,success,1.0
RRT*,normal_city,15,rrt_radius,12.0,success,1.0
RRT*,normal_city,16,rrt_radius,12.0,success,1.0
RRT*,normal_city,17,rrt_radius,12.0,success,1.0
RRT*,normal_city,18,rrt_radius,12.0,success,1.0
RRT*,normal_city,19,rrt_radius,12.0,success,1.0
RRT*,normal_city,20,rrt_radius,12.0,success,1.0
RRT*,normal_city,21,rrt_radius,12.0,success,1.0
RRT*,normal_city,22,rrt_radius,12.0,success,1.0
RRT*,normal_city,23,rrt_radius,12.0,success,1.0
RRT*,normal_city,24,rrt_radius,12.0,success,1.0
RRT*,normal_city,25,rrt_radius,12.0,success,1.0
RRT*,normal_city,26,rrt_radius,12.0,success,1.0
RRT*,normal_city,27,rrt_radius,12.0,success,1.0
RRT*,normal_city,28,rrt_radius,12.0,success,1.0
RRT*,normal_city,29,rrt_radius,12.0,success,1.0
RRT*,blocked_road,0,rrt_radius,12.0,success,1.0
RRT*,blocked_road,1,rrt_radius,12.0,success,1.0
RRT*,blocked_road,2,rrt_radius,12.0,success,1.0
RRT*,blocked_road,3,rrt_radius,12.0,success,1.0
RRT*,blocked_road,4,rrt_radius,12.0,success,1.0
RRT*,blocked_road,5,rrt_radius,12.0,success,1.0
RRT*,blocked_road,6,rrt_radius,12.0,success,1.0
RRT*,blocked_road,7,rrt_radius,12.0,success,1.0
RRT*,blocked_road,8,rrt_radius,12.0,success,1.0
RRT*,blocked_road,9,rrt_radius,12.0,success,1.0
RRT*,blocked_road,10,rrt_radius,12.0,success,1.0
RRT*,blocked_road,11,rrt_radius,12.0,success,1.0
RRT*,blocked_road,12,rrt_radius,12.0,success,1.0
RRT*,blocked_road,13,rrt_radius,12.0,success,1.0
RRT*,blocked_road,14,rrt_radius,12.0,success,1.0
RRT*,blocked_road,15,rrt_radius,12.0,success,1.0
RRT*,blocked_road,16,rrt_radius,12.0,success,1.0
RRT*,blocked_road,17,rrt_radius,12.0,success,1.0
RRT*,blocked_road,18,rrt_radius,12.0,success,1.0
RRT*,blocked_road,19,rrt_radius,12.0,success,1.0
RRT*,blocked_road,20,rrt_radius,12.0,success,1.0
RRT*,blocked_road,21,rrt_radius,12.0,success,1.0
RRT*,blocked_road,22,rrt_radius,12.0,success,1.0
RRT*,blocked_road,23,rrt_radius,12.0,success,1.0
RRT*,blocked_road,24,rrt_radius,12.0,success,1.0
RRT*,blocked_road,25,rrt_radius,12.0,success,1.0
RRT*,blocked_road,26,rrt_radius,12.0,success,1.0
RRT*,blocked_road,27,rrt_radius,12.0,success,1.0
RRT*,blocked_road,28,rrt_radius,12.0,success,1.0
RRT*,blocked_road,29,rrt_radius,12.0,success,1.0
RRT*,dense_city,0,rrt_radius,12.0,success,1.0
RRT*,dense_city,1,rrt_radius,12.0,success,1.0
RRT*,dense_city,2,rrt_radius,12.0,success,1.0
RRT*,dense_city,3,rrt_radius,12.0,success,1.0
RRT*,dense_city,4,rrt_radius,12.0,success,1.0
RRT*,dense_city,5,rrt_radius,12.0,success,1.0
RRT*,dense_city,6,rrt_radius,12.0,success,1.0
RRT*,dense_city,7,rrt_radius,12.0,success,1.0
RRT*,dense_city,8,rrt_radius,12.0,success,1.0
RRT*,dense_city,9,rrt_radius,12.0,success,0.0
RRT*,dense_city,10,rrt_radius,12.0,success,1.0
RRT*,dense_city,11,rrt_radius,12.0,success,1.0
RRT*,dense_city,12,rrt_radius,12.0,success,1.0
RRT*,dense_city,13,rrt_radius,12.0,success,1.0
RRT*,dense_city,14,rrt_radius,12.0,success,1.0
RRT*,dense_city,15,rrt_radius,12.0,success,1.0
RRT*,dense_city,16,rrt_radius,12.0,success,1.0
RRT*,dense_city,17,rrt_radius,12.0,success,1.0
RRT*,dense_city,18,rrt_radius,12.0,success,1.0
RRT*,dense_city,19,rrt_radius,12.0,success,1.0
RRT*,dense_city,20,rrt_radius,12.0,success,1.0
RRT*,dense_city,21,rrt_radius,12.0,success,1.0
RRT*,dense_city,22,rrt_radius,12.0,success,1.0
RRT*,dense_city,23,rrt_radius,12.0,success,1.0
RRT*,dense_city,24,rrt_radius,12.0,success,1.0
RRT*,dense_city,25,rrt_radius,12.0,success,1.0
RRT*,dense_city,26,rrt_radius,12.0,success,1.0
RRT*,dense_city,27,rrt_radius,12.0,success,1.0
RRT*,dense_city,28,rrt_radius,12.0,success,1.0
RRT*,dense_city,29,rrt_radius,12.0,success,1.0
RRT*,normal_city,0,rrt_radius,18.0,success,1.0
RRT*,normal_city,1,rrt_radius,18.0,success,1.0
RRT*,normal_city,2,rrt_radius,18.0,success,1.0
RRT*,normal_city,3,rrt_radius,18.0,success,1.0
RRT*,normal_city,4,rrt_radius,18.0,success,1.0
RRT*,normal_city,5,rrt_radius,18.0,success,1.0
RRT*,normal_city,6,rrt_radius,18.0,success,1.0
RRT*,normal_city,7,rrt_radius,18.0,success,1.0
RRT*,normal_city,8,rrt_radius,18.0,success,1.0
RRT*,normal_city,9,rrt_radius,18.0,success,1.0
RRT*,normal_city,10,rrt_radius,18.0,success,1.0
RRT*,normal_city,11,rrt_radius,18.0,success,1.0
RRT*,normal_city,12,rrt_radius,18.0,success,1.0
RRT*,normal_city,13,rrt_radius,18.0,success,1.0
RRT*,normal_city,14,rrt_radius,18.0,success,1.0
RRT*,normal_city,15,rrt_radius,18.0,success,1.0
RRT*,normal_city,16,rrt_radius,18.0,success,1.0
RRT*,normal_city,17,rrt_radius,18.0,success,1.0
RRT*,normal_city,18,rrt_radius,18.0,success,1.0
RRT*,normal_city,19,rrt_radius,18.0,success,1.0
RRT*,normal_city,20,rrt_radius,18.0,success,1.0
RRT*,normal_city,21,rrt_radius,18.0,success,1.0
RRT*,normal_city,22,rrt_radius,18.0,success,1.0
RRT*,normal_city,23,rrt_radius,18.0,success,1.0
RRT*,normal_city,24,rrt_radius,18.0,success,1.0
RRT*,normal_city,25,rrt_radius,18.0,success,1.0
RRT*,normal_city,26,rrt_radius,18.0,success,1.0
RRT*,normal_city,27,rrt_radius,18.0,success,1.0
RRT*,normal_city,28,rrt_radius,18.0,success,1.0
RRT*,normal_city,29,rrt_radius,18.0,success,1.0
RRT*,blocked_road,0,rrt_radius,18.0,success,1.0
RRT*,blocked_road,1,rrt_radius,18.0,success,1.0
RRT*,blocked_road,2,rrt_radius,18.0,success,1.0
RRT*,blocked_road,3,rrt_radius,18.0,success,1.0
RRT*,blocked_road,4,rrt_radius,18.0,success,1.0
RRT*,blocked_road,5,rrt_radius,18.0,success,1.0
RRT*,blocked_road,6,rrt_radius,18.0,success,1.0
RRT*,blocked_road,7,rrt_radius,18.0,success,1.0
RRT*,blocked_road,8,rrt_radius,18.0,success,1.0
RRT*,blocked_road,9,rrt_radius,18.0,success,1.0
RRT*,blocked_road,10,rrt_radius,18.0,success,1.0
RRT*,blocked_road,11,rrt_radius,18.0,success,1.0
RRT*,blocked_road,12,rrt_radius,18.0,success,1.0
RRT*,blocked_road,13,rrt_radius,18.0,success,1.0
RRT*,blocked_road,14,rrt_radius,18.0,success,1.0
RRT*,blocked_road,15,rrt_radius,18.0,success,1.0
RRT*,blocked_road,16,rrt_radius,18.0,success,1.0
RRT*,blocked_road,17,rrt_radius,18.0,success,1.0
RRT*,blocked_road,18,rrt_radius,18.0,success,1.0
RRT*,blocked_road,19,rrt_radius,18.0,success,1.0
RRT*,blocked_road,20,rrt_radius,18.0,success,1.0
RRT*,blocked_road,21,rrt_radius,18.0,success,1.0
RRT*,blocked_road,22,rrt_radius,18.0,success,1.0
RRT*,blocked_road,23,rrt_radius,18.0,success,1.0
RRT*,blocked_road,24,rrt_radius,18.0,success,1.0
RRT*,blocked_road,25,rrt_radius,18.0,success,1.0
RRT*,blocked_road,26,rrt_radius,18.0,success,1.0
RRT*,blocked_road,27,rrt_radius,18.0,success,1.0
RRT*,blocked_road,28,rrt_radius,18.0,success,1.0
RRT*,blocked_road,29,rrt_radius,18.0,success,1.0
RRT*,dense_city,0,rrt_radius,18.0,success,1.0
RRT*,dense_city,1,rrt_radius,18.0,success,1.0
RRT*,dense_city,2,rrt_radius,18.0,success,1.0
RRT*,dense_city,3,rrt_radius,18.0,success,1.0
RRT*,dense_city,4,rrt_radius,18.0,success,1.0
RRT*,dense_city,5,rrt_radius,18.0,success,1.0
RRT*,dense_city,6,rrt_radius,18.0,success,1.0
RRT*,dense_city,7,rrt_radius,18.0,success,1.0
RRT*,dense_city,8,rrt_radius,18.0,success,1.0
RRT*,dense_city,9,rrt_radius,18.0,success,0.0
RRT*,dense_city,10,rrt_radius,18.0,success,1.0
RRT*,dense_city,11,rrt_radius,18.0,success,1.0
RRT*,dense_city,12,rrt_radius,18.0,success,1.0
RRT*,dense_city,13,rrt_radius,18.0,success,1.0
RRT*,dense_city,14,rrt_radius,18.0,success,1.0
RRT*,dense_city,15,rrt_radius,18.0,success,1.0
RRT*,dense_city,16,rrt_radius,18.0,success,1.0
RRT*,dense_city,17,rrt_radius,18.0,success,1.0
RRT*,dense_city,18,rrt_radius,18.0,success,1.0
RRT*,dense_city,19,rrt_radius,18.0,success,1.0
RRT*,dense_city,20,rrt_radius,18.0,success,1.0
RRT*,dense_city,21,rrt_radius,18.0,success,1.0
RRT*,dense_city,22,rrt_radius,18.0,success,1.0
RRT*,dense_city,23,rrt_radius,18.0,success,1.0
RRT*,dense_city,24,rrt_radius,18.0,success,1.0
RRT*,dense_city,25,rrt_radius,18.0,success,1.0
RRT*,dense_city,26,rrt_radius,18.0,success,1.0
RRT*,dense_city,27,rrt_radius,18.0,success,1.0
RRT*,dense_city,28,rrt_radius,18.0,success,1.0
RRT*,dense_city,29,rrt_radius,18.0,success,1.0
RRT*,normal_city,0,rrt_radius,6.0,path_length,159.926
RRT*,normal_city,1,rrt_radius,6.0,path_length,157.94
RRT*,normal_city,2,rrt_radius,6.0,path_length,157.129
RRT*,normal_city,3,rrt_radius,6.0,path_length,167.298
RRT*,normal_city,4,rrt_radius,6.0,path_length,163.065
RRT*,normal_city,5,rrt_radius,6.0,path_length,154.81
RRT*,normal_city,6,rrt_radius,6.0,path_length,155.061
RRT*,normal_city,7,rrt_radius,6.0,path_length,158.507
RRT*,normal_city,8,rrt_radius,6.0,path_length,149.505
RRT*,normal_city,9,rrt_radius,6.0,path_length,153.901
RRT*,normal_city,10,rrt_radius,6.0,path_length,158.911
RRT*,normal_city,11,rrt_radius,6.0,path_length,159.417
RRT*,normal_city,12,rrt_radius,6.0,path_length,159.723
RRT*,normal_city,13,rrt_radius,6.0,path_length,154.586
RRT*,normal_city,14,rrt_radius,6.0,path_length,154.831
RRT*,normal_city,15,rrt_radius,6.0,path_length,159.594
RRT*,normal_city,16,rrt_radius,6.0,path_length,163.871
RRT*,normal_city,17,rrt_radius,6.0,path_length,164.874
RRT*,normal_city,18,rrt_radius,6.0,path_length,156.826
RRT*,normal_city,19,rrt_radius,6.0,path_length,160.809
RRT*,normal_city,20,rrt_radius,6.0,path_length,148.861
RRT*,normal_city,21,rrt_radius,6.0,path_length,165.565
RRT*,normal_city,22,rrt_radius,6.0,path_length,156.339
RRT*,normal_city,23,rrt_radius,6.0,path_length,150.511
RRT*,normal_city,24,rrt_radius,6.0,path_length,150.687
RRT*,normal_city,25,rrt_radius,6.0,path_length,161.564
RRT*,normal_city,26,rrt_radius,6.0,path_length,162.979
RRT*,normal_city,27,rrt_radius,6.0,path_length,159.409
RRT*,normal_city,28,rrt_radius,6.0,path_length,156.32
RRT*,normal_city,29,rrt_radius,6.0,path_length,154.007
RRT*,blocked_road,0,rrt_radius,6.0,path_length,159.081
RRT*,blocked_road,1,rrt_radius,6.0,path_length,163.731
RRT*,blocked_road,2,rrt_radius,6.0,path_length,160.212
RRT*,blocked_road,3,rrt_radius,6.0,path_length,169.437
RRT*,blocked_road,4,rrt_radius,6.0,path_length,152.778
RRT*,blocked_road,5,rrt_radius,6.0,path_length,163.02
RRT*,blocked_road,6,rrt_radius,6.0,path_length,165.37
RRT*,blocked_road,7,rrt_radius,6.0,path_length,165.342
RRT*,blocked_road,8,rrt_radius,6.0,path_length,156.094
RRT*,blocked_road,9,rrt_radius,6.0,path_length,166.557
RRT*,blocked_road,10,rrt_radius,6.0,path_length,160.091
RRT*,blocked_road,11,rrt_radius,6.0,path_length,160.025
RRT*,blocked_road,12,rrt_radius,6.0,path_length,156.9
RRT*,blocked_road,13,rrt_radius,6.0,path_length,156.549
RRT*,blocked_road,14,rrt_radius,6.0,path_length,164.417
RRT*,blocked_road,15,rrt_radius,6.0,path_length,203.4
RRT*,blocked_road,16,rrt_radius,6.0,path_length,202.91
RRT*,blocked_road,17,rrt_radius,6.0,path_length,163.542
RRT*,blocked_road,18,rrt_radius,6.0,path_length,155.288
RRT*,blocked_road,19,rrt_radius,6.0,path_length,161.307
RRT*,blocked_road,20,rrt_radius,6.0,path_length,164.857
RRT*,blocked_road,21,rrt_radius,6.0,path_length,158.31
RRT*,blocked_road,22,rrt_radius,6.0,path_length,173.86
RRT*,blocked_road,23,rrt_radius,6.0,path_length,161.657
RRT*,blocked_road,24,rrt_radius,6.0,path_length,165.708
RRT*,blocked_road,25,rrt_radius,6.0,path_length,160.184
RRT*,blocked_road,26,rrt_radius,6.0,path_length,162.604
RRT*,blocked_road,27,rrt_radius,6.0,path_length,160.272
RRT*,blocked_road,28,rrt_radius,6.0,path_length,156.812
RRT*,blocked_road,29,rrt_radius,6.0,path_length,154.512
RRT*,dense_city,0,rrt_radius,6.0,path_length,159.758
RRT*,dense_city,1,rrt_radius,6.0,path_length,152.156
RRT*,dense_city,2,rrt_radius,6.0,path_length,167.329
RRT*,dense_city,3,rrt_radius,6.0,path_length,165.795
RRT*,dense_city,4,rrt_radius,6.0,path_length,164.374
RRT*,dense_city,5,rrt_radius,6.0,path_length,145.523
RRT*,dense_city,6,rrt_radius,6.0,path_length,164.056
RRT*,dense_city,7,rrt_radius,6.0,path_length,150.556
RRT*,dense_city,8,rrt_radius,6.0,path_length,163.836
RRT*,dense_city,9,rrt_radius,6.0,path_length,
RRT*,dense_city,10,rrt_radius,6.0,path_length,160.451
RRT*,dense_city,11,rrt_radius,6.0,path_length,163.613
RRT*,dense_city,12,rrt_radius,6.0,path_length,162.068
RRT*,dense_city,13,rrt_radius,6.0,path_length,170.231
RRT*,dense_city,14,rrt_radius,6.0,path_length,155.563
RRT*,dense_city,15,rrt_radius,6.0,path_length,167.311
RRT*,dense_city,16,rrt_radius,6.0,path_length,155.83
RRT*,dense_city,17,rrt_radius,6.0,path_length,204.355
RRT*,dense_city,18,rrt_radius,6.0,path_length,159.234
RRT*,dense_city,19,rrt_radius,6.0,path_length,159.015
RRT*,dense_city,20,rrt_radius,6.0,path_length,153.779
RRT*,dense_city,21,rrt_radius,6.0,path_length,166.436
RRT*,dense_city,22,rrt_radius,6.0,path_length,166.352
RRT*,dense_city,23,rrt_radius,6.0,path_length,168.915
RRT*,dense_city,24,rrt_radius,6.0,path_length,166.376
RRT*,dense_city,25,rrt_radius,6.0,path_length,158.904
RRT*,dense_city,26,rrt_radius,6.0,path_length,160.294
RRT*,dense_city,27,rrt_radius,6.0,path_length,166.463
RRT*,dense_city,28,rrt_radius,6.0,path_length,162.923
RRT*,dense_city,29,rrt_radius,6.0,path_length,164.486
RRT*,normal_city,0,rrt_radius,8.0,path_length,149.839
RRT*,normal_city,1,rrt_radius,8.0,path_length,151.781
RRT*,normal_city,2,rrt_radius,8.0,path_length,146.887
RRT*,normal_city,3,rrt_radius,8.0,path_length,157.322
RRT*,normal_city,4,rrt_radius,8.0,path_length,155.4
RRT*,normal_city,5,rrt_radius,8.0,path_length,151.291
RRT*,normal_city,6,rrt_radius,8.0,path_length,148.808
RRT*,normal_city,7,rrt_radius,8.0,path_length,150.215
RRT*,normal_city,8,rrt_radius,8.0,path_length,144.584
RRT*,normal_city,9,rrt_radius,8.0,path_length,144.161
RRT*,normal_city,10,rrt_radius,8.0,path_length,152.929
RRT*,normal_city,11,rrt_radius,8.0,path_length,155.211
RRT*,normal_city,12,rrt_radius,8.0,path_length,148.62
RRT*,normal_city,13,rrt_radius,8.0,path_length,144.788
RRT*,normal_city,14,rrt_radius,8.0,path_length,151.941
RRT*,normal_city,15,rrt_radius,8.0,path_length,151.914
RRT*,normal_city,16,rrt_radius,8.0,path_length,157.064
RRT*,normal_city,17,rrt_radius,8.0,path_length,155.235
RRT*,normal_city,18,rrt_radius,8.0,path_length,150.599
RRT*,normal_city,19,rrt_radius,8.0,path_length,156.466
RRT*,normal_city,20,rrt_radius,8.0,path_length,141.803
RRT*,normal_city,21,rrt_radius,8.0,path_length,155.44
RRT*,normal_city,22,rrt_radius,8.0,path_length,149.954
RRT*,normal_city,23,rrt_radius,8.0,path_length,148.527
RRT*,normal_city,24,rrt_radius,8.0,path_length,148.082
RRT*,normal_city,25,rrt_radius,8.0,path_length,148.539
RRT*,normal_city,26,rrt_radius,8.0,path_length,156.045
RRT*,normal_city,27,rrt_radius,8.0,path_length,148.533
RRT*,normal_city,28,rrt_radius,8.0,path_length,148.134
RRT*,normal_city,29,rrt_radius,8.0,path_length,148.83
RRT*,blocked_road,0,rrt_radius,8.0,path_length,154.659
RRT*,blocked_road,1,rrt_radius,8.0,path_length,157.081
RRT*,blocked_road,2,rrt_radius,8.0,path_length,155.323
RRT*,blocked_road,3,rrt_radius,8.0,path_length,161.102
RRT*,blocked_road,4,rrt_radius,8.0,path_length,148.427
RRT*,blocked_road,5,rrt_radius,8.0,path_length,157.491
RRT*,blocked_road,6,rrt_radius,8.0,path_length,155.659
RRT*,blocked_road,7,rrt_radius,8.0,path_length,158.598
RRT*,blocked_road,8,rrt_radius,8.0,path_length,149.999
RRT*,blocked_road,9,rrt_radius,8.0,path_length,155.043
RRT*,blocked_road,10,rrt_radius,8.0,path_length,152.332
RRT*,blocked_road,11,rrt_radius,8.0,path_length,156.767
RRT*,blocked_road,12,rrt_radius,8.0,path_length,149.58
RRT*,blocked_road,13,rrt_radius,8.0,path_length,150.966
RRT*,blocked_road,14,rrt_radius,8.0,path_length,154.338
RRT*,blocked_road,15,rrt_radius,8.0,path_length,160.053
RRT*,blocked_road,16,rrt_radius,8.0,path_length,192.32
RRT*,blocked_road,17,rrt_radius,8.0,path_length,156.835
RRT*,blocked_road,18,rrt_radius,8.0,path_length,149.714
RRT*,blocked_road,19,rrt_radius,8.0,path_length,153.541
RRT*,blocked_road,20,rrt_radius,8.0,path_length,158.129
RRT*,blocked_road,21,rrt_radius,8.0,path_length,152.534
RRT*,blocked_road,22,rrt_radius,8.0,path_length,165.665
RRT*,blocked_road,23,rrt_radius,8.0,path_length,154.519
RRT*,blocked_road,24,rrt_radius,8.0,path_length,156.695
RRT*,blocked_road,25,rrt_radius,8.0,path_length,154.648
RRT*,blocked_road,26,rrt_radius,8.0,path_length,156.671
RRT*,blocked_road,27,rrt_radius,8.0,path_length,155.879
RRT*,blocked_road,28,rrt_radius,8.0,path_length,148.781
RRT*,blocked_road,29,rrt_radius,8.0,path_length,150.031
RRT*,dense_city,0,rrt_radius,8.0,path_length,156.109
RRT*,dense_city,1,rrt_radius,8.0,path_length,150.2
RRT*,dense_city,2,rrt_radius,8.0,path_length,160.32
RRT*,dense_city,3,rrt_radius,8.0,path_length,161.835
RRT*,dense_city,4,rrt_radius,8.0,path_length,158.147
RRT*,dense_city,5,rrt_radius,8.0,path_length,144.832
RRT*,dense_city,6,rrt_radius,8.0,path_length,157.438
RRT*,dense_city,7,rrt_radius,8.0,path_length,150.734
RRT*,dense_city,8,rrt_radius,8.0,path_length,155.701
RRT*,dense_city,9,rrt_radius,8.0,path_length,
RRT*,dense_city,10,rrt_radius,8.0,path_length,155.362
RRT*,dense_city,11,rrt_radius,8.0,path_length,159.287
RRT*,dense_city,12,rrt_radius,8.0,path_length,156.725
RRT*,dense_city,13,rrt_radius,8.0,path_length,161.558
RRT*,dense_city,14,rrt_radius,8.0,path_length,152.309
RRT*,dense_city,15,rrt_radius,8.0,path_length,164.249
RRT*,dense_city,16,rrt_radius,8.0,path_length,149.348
RRT*,dense_city,17,rrt_radius,8.0,path_length,172.107
RRT*,dense_city,18,rrt_radius,8.0,path_length,155.849
RRT*,dense_city,19,rrt_radius,8.0,path_length,155.796
RRT*,dense_city,20,rrt_radius,8.0,path_length,147.981
RRT*,dense_city,21,rrt_radius,8.0,path_length,156.743
RRT*,dense_city,22,rrt_radius,8.0,path_length,161.776
RRT*,dense_city,23,rrt_radius,8.0,path_length,161.942
RRT*,dense_city,24,rrt_radius,8.0,path_length,161.501
RRT*,dense_city,25,rrt_radius,8.0,path_length,154.663
RRT*,dense_city,26,rrt_radius,8.0,path_length,159.427
RRT*,dense_city,27,rrt_radius,8.0,path_length,162.245
RRT*,dense_city,28,rrt_radius,8.0,path_length,156.299
RRT*,dense_city,29,rrt_radius,8.0,path_length,161.923
RRT*,normal_city,0,rrt_radius,12.0,path_length,147.909
RRT*,normal_city,1,rrt_radius,12.0,path_length,148.241
RRT*,normal_city,2,rrt_radius,12.0,path_length,144.447
RRT*,normal_city,3,rrt_radius,12.0,path_length,154.421
RRT*,normal_city,4,rrt_radius,12.0,path_length,152.805
RRT*,normal_city,5,rrt_radius,12.0,path_length,147.857
RRT*,normal_city,6,rrt_radius,12.0,path_length,148.175
RRT*,normal_city,7,rrt_radius,12.0,path_length,149.094
RRT*,normal_city,8,rrt_radius,12.0,path_length,142.655
RRT*,normal_city,9,rrt_radius,12.0,path_length,141.328
RRT*,normal_city,10,rrt_radius,12.0,path_length,145.69
RRT*,normal_city,11,rrt_radius,12.0,path_length,149.815
RRT*,normal_city,12,rrt_radius,12.0,path_length,141.511
RRT*,normal_city,13,rrt_radius,12.0,path_length,142.244
RRT*,normal_city,14,rrt_radius,12.0,path_length,148.34
RRT*,normal_city,15,rrt_radius,12.0,path_length,146.404
RRT*,normal_city,16,rrt_radius,12.0,path_length,152.981
RRT*,normal_city,17,rrt_radius,12.0,path_length,151.188
RRT*,normal_city,18,rrt_radius,12.0,path_length,145.727
RRT*,normal_city,19,rrt_radius,12.0,path_length,154.461
RRT*,normal_city,20,rrt_radius,12.0,path_length,140.283
RRT*,normal_city,21,rrt_radius,12.0,path_length,152.753
RRT*,normal_city,22,rrt_radius,12.0,path_length,146.314
RRT*,normal_city,23,rrt_radius,12.0,path_length,141.875
RRT*,normal_city,24,rrt_radius,12.0,path_length,146.73
RRT*,normal_city,25,rrt_radius,12.0,path_length,143.495
RRT*,normal_city,26,rrt_radius,12.0,path_length,154.085
RRT*,normal_city,27,rrt_radius,12.0,path_length,149.356
RRT*,normal_city,28,rrt_radius,12.0,path_length,144.747
RRT*,normal_city,29,rrt_radius,12.0,path_length,147.655
RRT*,blocked_road,0,rrt_radius,12.0,path_length,151.586
RRT*,blocked_road,1,rrt_radius,12.0,path_length,155.55
RRT*,blocked_road,2,rrt_radius,12.0,path_length,152.739
RRT*,blocked_road,3,rrt_radius,12.0,path_length,157.873
RRT*,blocked_road,4,rrt_radius,12.0,path_length,146.571
RRT*,blocked_road,5,rrt_radius,12.0,path_length,155.575
RRT*,blocked_road,6,rrt_radius,12.0,path_length,150.889
RRT*,blocked_road,7,rrt_radius,12.0,path_length,155.01
RRT*,blocked_road,8,rrt_radius,12.0,path_length,148.171
RRT*,blocked_road,9,rrt_radius,12.0,path_length,150.448
RRT*,blocked_road,10,rrt_radius,12.0,path_length,150.363
RRT*,blocked_road,11,rrt_radius,12.0,path_length,154.403
RRT*,blocked_road,12,rrt_radius,12.0,path_length,147.402
RRT*,blocked_road,13,rrt_radius,12.0,path_length,148.441
RRT*,blocked_road,14,rrt_radius,12.0,path_length,152.974
RRT*,blocked_road,15,rrt_radius,12.0,path_length,155.137
RRT*,blocked_road,16,rrt_radius,12.0,path_length,152.012
RRT*,blocked_road,17,rrt_radius,12.0,path_length,153.334
RRT*,blocked_road,18,rrt_radius,12.0,path_length,148.072
RRT*,blocked_road,19,rrt_radius,12.0,path_length,152.294
RRT*,blocked_road,20,rrt_radius,12.0,path_length,152.408
RRT*,blocked_road,21,rrt_radius,12.0,path_length,150.287
RRT*,blocked_road,22,rrt_radius,12.0,path_length,157.213
RRT*,blocked_road,23,rrt_radius,12.0,path_length,149.379
RRT*,blocked_road,24,rrt_radius,12.0,path_length,152.548
RRT*,blocked_road,25,rrt_radius,12.0,path_length,151.536
RRT*,blocked_road,26,rrt_radius,12.0,path_length,154.562
RRT*,blocked_road,27,rrt_radius,12.0,path_length,152.749
RRT*,blocked_road,28,rrt_radius,12.0,path_length,147.165
RRT*,blocked_road,29,rrt_radius,12.0,path_length,148.176
RRT*,dense_city,0,rrt_radius,12.0,path_length,155.024
RRT*,dense_city,1,rrt_radius,12.0,path_length,148.791
RRT*,dense_city,2,rrt_radius,12.0,path_length,159.452
RRT*,dense_city,3,rrt_radius,12.0,path_length,159.071
RRT*,dense_city,4,rrt_radius,12.0,path_length,155.196
RRT*,dense_city,5,rrt_radius,12.0,path_length,143.618
RRT*,dense_city,6,rrt_radius,12.0,path_length,156.296
RRT*,dense_city,7,rrt_radius,12.0,path_length,149.164
RRT*,dense_city,8,rrt_radius,12.0,path_length,153.483
RRT*,dense_city,9,rrt_radius,12.0,path_length,
RRT*,dense_city,10,rrt_radius,12.0,path_length,154.978
RRT*,dense_city,11,rrt_radius,12.0,path_length,157.552
RRT*,dense_city,12,rrt_radius,12.0,path_length,151.529
RRT*,dense_city,13,rrt_radius,12.0,path_length,159.934
RRT*,dense_city,14,rrt_radius,12.0,path_length,148.633
RRT*,dense_city,15,rrt_radius,12.0,path_length,163.463
RRT*,dense_city,16,rrt_radius,12.0,path_length,148.105
RRT*,dense_city,17,rrt_radius,12.0,path_length,162.043
RRT*,dense_city,18,rrt_radius,12.0,path_length,155.004
RRT*,dense_city,19,rrt_radius,12.0,path_length,154.753
RRT*,dense_city,20,rrt_radius,12.0,path_length,146.439
RRT*,dense_city,21,rrt_radius,12.0,path_length,155.166
RRT*,dense_city,22,rrt_radius,12.0,path_length,161.974
RRT*,dense_city,23,rrt_radius,12.0,path_length,159.289
RRT*,dense_city,24,rrt_radius,12.0,path_length,158.765
RRT*,dense_city,25,rrt_radius,12.0,path_length,152.453
RRT*,dense_city,26,rrt_radius,12.0,path_length,154.712
RRT*,dense_city,27,rrt_radius,12.0,path_length,159.677
RRT*,dense_city,28,rrt_radius,12.0,path_length,154.189
RRT*,dense_city,29,rrt_radius,12.0,path_length,155.4
RRT*,normal_city,0,rrt_radius,18.0,path_length,146.468
RRT*,normal_city,1,rrt_radius,18.0,path_length,147.042
RRT*,normal_city,2,rrt_radius,18.0,path_length,143.291
RRT*,normal_city,3,rrt_radius,18.0,path_length,153.437
RRT*,normal_city,4,rrt_radius,18.0,path_length,152.049
RRT*,normal_city,5,rrt_radius,18.0,path_length,147.292
RRT*,normal_city,6,rrt_radius,18.0,path_length,147.5
RRT*,normal_city,7,rrt_radius,18.0,path_length,149.087
RRT*,normal_city,8,rrt_radius,18.0,path_length,141.739
RRT*,normal_city,9,rrt_radius,18.0,path_length,140.938
RRT*,normal_city,10,rrt_radius,18.0,path_length,144.395
RRT*,normal_city,11,rrt_radius,18.0,path_length,148.46
RRT*,normal_city,12,rrt_radius,18.0,path_length,138.322
RRT*,normal_city,13,rrt_radius,18.0,path_length,140.597
RRT*,normal_city,14,rrt_radius,18.0,path_length,148.613
RRT*,normal_city,15,rrt_radius,18.0,path_length,146.236
RRT*,normal_city,16,rrt_radius,18.0,path_length,152.057
RRT*,normal_city,17,rrt_radius,18.0,path_length,149.566
RRT*,normal_city,18,rrt_radius,18.0,path_length,143.989
RRT*,normal_city,19,rrt_radius,18.0,path_length,153.412
RRT*,normal_city,20,rrt_radius,18.0,path_length,138.86
RRT*,normal_city,21,rrt_radius,18.0,path_length,152.176
RRT*,normal_city,22,rrt_radius,18.0,path_length,145.017
RRT*,normal_city,23,rrt_radius,18.0,path_length,140.876
RRT*,normal_city,24,rrt_radius,18.0,path_length,146.121
RRT*,normal_city,25,rrt_radius,18.0,path_length,141.038
RRT*,normal_city,26,rrt_radius,18.0,path_length,151.73
RRT*,normal_city,27,rrt_radius,18.0,path_length,146.779
RRT*,normal_city,28,rrt_radius,18.0,path_length,142.464
RRT*,normal_city,29,rrt_radius,18.0,path_length,147.121
RRT*,blocked_road,0,rrt_radius,18.0,path_length,150.931
RRT*,blocked_road,1,rrt_radius,18.0,path_length,154.701
RRT*,blocked_road,2,rrt_radius,18.0,path_length,151.562
RRT*,blocked_road,3,rrt_radius,18.0,path_length,147.293
RRT*,blocked_road,4,rrt_radius,18.0,path_length,145.924
RRT*,blocked_road,5,rrt_radius,18.0,path_length,153.378
RRT*,blocked_road,6,rrt_radius,18.0,path_length,149.125
RRT*,blocked_road,7,rrt_radius,18.0,path_length,148.005
RRT*,blocked_road,8,rrt_radius,18.0,path_length,147.002
RRT*,blocked_road,9,rrt_radius,18.0,path_length,149.949
RRT*,blocked_road,10,rrt_radius,18.0,path_length,150.098
RRT*,blocked_road,11,rrt_radius,18.0,path_length,154.211
RRT*,blocked_road,12,rrt_radius,18.0,path_length,147.064
RRT*,blocked_road,13,rrt_radius,18.0,path_length,148.216
RRT*,blocked_road,14,rrt_radius,18.0,path_length,151.734
RRT*,blocked_road,15,rrt_radius,18.0,path_length,155.094
RRT*,blocked_road,16,rrt_radius,18.0,path_length,147.087
RRT*,blocked_road,17,rrt_radius,18.0,path_length,153.302
RRT*,blocked_road,18,rrt_radius,18.0,path_length,147.461
RRT*,blocked_road,19,rrt_radius,18.0,path_length,151.712
RRT*,blocked_road,20,rrt_radius,18.0,path_length,147.371
RRT*,blocked_road,21,rrt_radius,18.0,path_length,149.291
RRT*,blocked_road,22,rrt_radius,18.0,path_length,156.931
RRT*,blocked_road,23,rrt_radius,18.0,path_length,151.446
RRT*,blocked_road,24,rrt_radius,18.0,path_length,151.223
RRT*,blocked_road,25,rrt_radius,18.0,path_length,151.821
RRT*,blocked_road,26,rrt_radius,18.0,path_length,154.352
RRT*,blocked_road,27,rrt_radius,18.0,path_length,151.348
RRT*,blocked_road,28,rrt_radius,18.0,path_length,147.079
RRT*,blocked_road,29,rrt_radius,18.0,path_length,147.236
RRT*,dense_city,0,rrt_radius,18.0,path_length,154.99
RRT*,dense_city,1,rrt_radius,18.0,path_length,148.784
RRT*,dense_city,2,rrt_radius,18.0,path_length,159.257
RRT*,dense_city,3,rrt_radius,18.0,path_length,158.661
RRT*,dense_city,4,rrt_radius,18.0,path_length,155.41
RRT*,dense_city,5,rrt_radius,18.0,path_length,143.321
RRT*,dense_city,6,rrt_radius,18.0,path_length,155.176
RRT*,dense_city,7,rrt_radius,18.0,path_length,149.119
RRT*,dense_city,8,rrt_radius,18.0,path_length,153.334
RRT*,dense_city,9,rrt_radius,18.0,path_length,
RRT*,dense_city,10,rrt_radius,18.0,path_length,154.331
RRT*,dense_city,11,rrt_radius,18.0,path_length,153.969
RRT*,dense_city,12,rrt_radius,18.0,path_length,150.561
RRT*,dense_city,13,rrt_radius,18.0,path_length,155.59
RRT*,dense_city,14,rrt_radius,18.0,path_length,146.685
RRT*,dense_city,15,rrt_radius,18.0,path_length,163.182
RRT*,dense_city,16,rrt_radius,18.0,path_length,147.348
RRT*,dense_city,17,rrt_radius,18.0,path_length,161.764
RRT*,dense_city,18,rrt_radius,18.0,path_length,155.046
RRT*,dense_city,19,rrt_radius,18.0,path_length,154.62
RRT*,dense_city,20,rrt_radius,18.0,path_length,147.544
RRT*,dense_city,21,rrt_radius,18.0,path_length,154.827
RRT*,dense_city,22,rrt_radius,18.0,path_length,160.693
RRT*,dense_city,23,rrt_radius,18.0,path_length,160.463
RRT*,dense_city,24,rrt_radius,18.0,path_length,154.519
RRT*,dense_city,25,rrt_radius,18.0,path_length,152.274
RRT*,dense_city,26,rrt_radius,18.0,path_length,154.207
RRT*,dense_city,27,rrt_radius,18.0,path_length,158.557
RRT*,dense_city,28,rrt_radius,18.0,path_length,153.5
RRT*,dense_city,29,rrt_radius,18.0,path_length,151.767
RRT*,normal_city,0,rrt_radius,6.0,length_ratio,1.1264
RRT*,normal_city,1,rrt_radius,6.0,length_ratio,1.1216
RRT*,normal_city,2,rrt_radius,6.0,length_ratio,1.1159
RRT*,normal_city,3,rrt_radius,6.0,length_ratio,1.1639
RRT*,normal_city,4,rrt_radius,6.0,length_ratio,1.1438
RRT*,normal_city,5,rrt_radius,6.0,length_ratio,1.0994
RRT*,normal_city,6,rrt_radius,6.0,length_ratio,1.1012
RRT*,normal_city,7,rrt_radius,6.0,length_ratio,1.1257
RRT*,normal_city,8,rrt_radius,6.0,length_ratio,1.0487
RRT*,normal_city,9,rrt_radius,6.0,length_ratio,1.0839
RRT*,normal_city,10,rrt_radius,6.0,length_ratio,1.1101
RRT*,normal_city,11,rrt_radius,6.0,length_ratio,1.1228
RRT*,normal_city,12,rrt_radius,6.0,length_ratio,1.1343
RRT*,normal_city,13,rrt_radius,6.0,length_ratio,1.0799
RRT*,normal_city,14,rrt_radius,6.0,length_ratio,1.0905
RRT*,normal_city,15,rrt_radius,6.0,length_ratio,1.1194
RRT*,normal_city,16,rrt_radius,6.0,length_ratio,1.1589
RRT*,normal_city,17,rrt_radius,6.0,length_ratio,1.1612
RRT*,normal_city,18,rrt_radius,6.0,length_ratio,1.1231
RRT*,normal_city,19,rrt_radius,6.0,length_ratio,1.1187
RRT*,normal_city,20,rrt_radius,6.0,length_ratio,1.0441
RRT*,normal_city,21,rrt_radius,6.0,length_ratio,1.1613
RRT*,normal_city,22,rrt_radius,6.0,length_ratio,1.0966
RRT*,normal_city,23,rrt_radius,6.0,length_ratio,1.0689
RRT*,normal_city,24,rrt_radius,6.0,length_ratio,1.0569
RRT*,normal_city,25,rrt_radius,6.0,length_ratio,1.1332
RRT*,normal_city,26,rrt_radius,6.0,length_ratio,1.1479
RRT*,normal_city,27,rrt_radius,6.0,length_ratio,1.1135
RRT*,normal_city,28,rrt_radius,6.0,length_ratio,1.1101
RRT*,normal_city,29,rrt_radius,6.0,length_ratio,1.0802
RRT*,blocked_road,0,rrt_radius,6.0,length_ratio,1.0676
RRT*,blocked_road,1,rrt_radius,6.0,length_ratio,1.1075
RRT*,blocked_road,2,rrt_radius,6.0,length_ratio,1.0837
RRT*,blocked_road,3,rrt_radius,6.0,length_ratio,1.1238
RRT*,blocked_road,4,rrt_radius,6.0,length_ratio,1.0334
RRT*,blocked_road,5,rrt_radius,6.0,length_ratio,1.1027
RRT*,blocked_road,6,rrt_radius,6.0,length_ratio,1.1186
RRT*,blocked_road,7,rrt_radius,6.0,length_ratio,1.1184
RRT*,blocked_road,8,rrt_radius,6.0,length_ratio,1.0475
RRT*,blocked_road,9,rrt_radius,6.0,length_ratio,1.1266
RRT*,blocked_road,10,rrt_radius,6.0,length_ratio,1.066
RRT*,blocked_road,11,rrt_radius,6.0,length_ratio,1.0697
RRT*,blocked_road,12,rrt_radius,6.0,length_ratio,1.0571
RRT*,blocked_road,13,rrt_radius,6.0,length_ratio,1.0589
RRT*,blocked_road,14,rrt_radius,6.0,length_ratio,1.0738
RRT*,blocked_road,15,rrt_radius,6.0,length_ratio,1.3234
RRT*,blocked_road,16,rrt_radius,6.0,length_ratio,1.3511
RRT*,blocked_road,17,rrt_radius,6.0,length_ratio,1.0975
RRT*,blocked_road,18,rrt_radius,6.0,length_ratio,1.0588
RRT*,blocked_road,19,rrt_radius,6.0,length_ratio,1.0699
RRT*,blocked_road,20,rrt_radius,6.0,length_ratio,1.0977
RRT*,blocked_road,21,rrt_radius,6.0,length_ratio,1.0582
RRT*,blocked_road,22,rrt_radius,6.0,length_ratio,1.176
RRT*,blocked_road,23,rrt_radius,6.0,length_ratio,1.0935
RRT*,blocked_road,24,rrt_radius,6.0,length_ratio,1.112
RRT*,blocked_road,25,rrt_radius,6.0,length_ratio,1.0708
RRT*,blocked_road,26,rrt_radius,6.0,length_ratio,1.0827
RRT*,blocked_road,27,rrt_radius,6.0,length_ratio,1.0798
RRT*,blocked_road,28,rrt_radius,6.0,length_ratio,1.0607
RRT*,blocked_road,29,rrt_radius,6.0,length_ratio,1.0328
RRT*,dense_city,0,rrt_radius,6.0,length_ratio,1.0637
RRT*,dense_city,1,rrt_radius,6.0,length_ratio,1.0131
RRT*,dense_city,2,rrt_radius,6.0,length_ratio,1.1142
RRT*,dense_city,3,rrt_radius,6.0,length_ratio,1.117
RRT*,dense_city,4,rrt_radius,6.0,length_ratio,1.0945
RRT*,dense_city,5,rrt_radius,6.0,length_ratio,0.9866
RRT*,dense_city,6,rrt_radius,6.0,length_ratio,1.0924
RRT*,dense_city,7,rrt_radius,6.0,length_ratio,0.9958
RRT*,dense_city,8,rrt_radius,6.0,length_ratio,1.117
RRT*,dense_city,9,rrt_radius,6.0,length_ratio,
RRT*,dense_city,10,rrt_radius,6.0,length_ratio,1.1028
RRT*,dense_city,11,rrt_radius,6.0,length_ratio,1.1245
RRT*,dense_city,12,rrt_radius,6.0,length_ratio,1.1139
RRT*,dense_city,13,rrt_radius,6.0,length_ratio,1.1204
RRT*,dense_city,14,rrt_radius,6.0,length_ratio,1.0692
RRT*,dense_city,15,rrt_radius,6.0,length_ratio,1.0803
RRT*,dense_city,16,rrt_radius,6.0,length_ratio,1.071
RRT*,dense_city,17,rrt_radius,6.0,length_ratio,1.3823
RRT*,dense_city,18,rrt_radius,6.0,length_ratio,1.0603
RRT*,dense_city,19,rrt_radius,6.0,length_ratio,1.0588
RRT*,dense_city,20,rrt_radius,6.0,length_ratio,1.0569
RRT*,dense_city,21,rrt_radius,6.0,length_ratio,1.1303
RRT*,dense_city,22,rrt_radius,6.0,length_ratio,1.0991
RRT*,dense_city,23,rrt_radius,6.0,length_ratio,1.1425
RRT*,dense_city,24,rrt_radius,6.0,length_ratio,1.1298
RRT*,dense_city,25,rrt_radius,6.0,length_ratio,1.0798
RRT*,dense_city,26,rrt_radius,6.0,length_ratio,1.0673
RRT*,dense_city,27,rrt_radius,6.0,length_ratio,1.0914
RRT*,dense_city,28,rrt_radius,6.0,length_ratio,1.0848
RRT*,dense_city,29,rrt_radius,6.0,length_ratio,1.117
RRT*,normal_city,0,rrt_radius,8.0,length_ratio,1.0553
RRT*,normal_city,1,rrt_radius,8.0,length_ratio,1.0779
RRT*,normal_city,2,rrt_radius,8.0,length_ratio,1.0432
RRT*,normal_city,3,rrt_radius,8.0,length_ratio,1.0945
RRT*,normal_city,4,rrt_radius,8.0,length_ratio,1.09
RRT*,normal_city,5,rrt_radius,8.0,length_ratio,1.0744
RRT*,normal_city,6,rrt_radius,8.0,length_ratio,1.0568
RRT*,normal_city,7,rrt_radius,8.0,length_ratio,1.0668
RRT*,normal_city,8,rrt_radius,8.0,length_ratio,1.0141
RRT*,normal_city,9,rrt_radius,8.0,length_ratio,1.0153
RRT*,normal_city,10,rrt_radius,8.0,length_ratio,1.0683
RRT*,normal_city,11,rrt_radius,8.0,length_ratio,1.0932
RRT*,normal_city,12,rrt_radius,8.0,length_ratio,1.0555
RRT*,normal_city,13,rrt_radius,8.0,length_ratio,1.0114
RRT*,normal_city,14,rrt_radius,8.0,length_ratio,1.0701
RRT*,normal_city,15,rrt_radius,8.0,length_ratio,1.0656
RRT*,normal_city,16,rrt_radius,8.0,length_ratio,1.1108
RRT*,normal_city,17,rrt_radius,8.0,length_ratio,1.0933
RRT*,normal_city,18,rrt_radius,8.0,length_ratio,1.0785
RRT*,normal_city,19,rrt_radius,8.0,length_ratio,1.0885
RRT*,normal_city,20,rrt_radius,8.0,length_ratio,0.9946
RRT*,normal_city,21,rrt_radius,8.0,length_ratio,1.0903
RRT*,normal_city,22,rrt_radius,8.0,length_ratio,1.0518
RRT*,normal_city,23,rrt_radius,8.0,length_ratio,1.0548
RRT*,normal_city,24,rrt_radius,8.0,length_ratio,1.0387
RRT*,normal_city,25,rrt_radius,8.0,length_ratio,1.0419
RRT*,normal_city,26,rrt_radius,8.0,length_ratio,1.099
RRT*,normal_city,27,rrt_radius,8.0,length_ratio,1.0376
RRT*,normal_city,28,rrt_radius,8.0,length_ratio,1.052
RRT*,normal_city,29,rrt_radius,8.0,length_ratio,1.0439
RRT*,blocked_road,0,rrt_radius,8.0,length_ratio,1.0379
RRT*,blocked_road,1,rrt_radius,8.0,length_ratio,1.0625
RRT*,blocked_road,2,rrt_radius,8.0,length_ratio,1.0506
RRT*,blocked_road,3,rrt_radius,8.0,length_ratio,1.0685
RRT*,blocked_road,4,rrt_radius,8.0,length_ratio,1.004
RRT*,blocked_road,5,rrt_radius,8.0,length_ratio,1.0653
RRT*,blocked_road,6,rrt_radius,8.0,length_ratio,1.0529
RRT*,blocked_road,7,rrt_radius,8.0,length_ratio,1.0728
RRT*,blocked_road,8,rrt_radius,8.0,length_ratio,1.0066
RRT*,blocked_road,9,rrt_radius,8.0,length_ratio,1.0487
RRT*,blocked_road,10,rrt_radius,8.0,length_ratio,1.0143
RRT*,blocked_road,11,rrt_radius,8.0,length_ratio,1.0479
RRT*,blocked_road,12,rrt_radius,8.0,length_ratio,1.0078
RRT*,blocked_road,13,rrt_radius,8.0,length_ratio,1.0211
RRT*,blocked_road,14,rrt_radius,8.0,length_ratio,1.008
RRT*,blocked_road,15,rrt_radius,8.0,length_ratio,1.0413
RRT*,blocked_road,16,rrt_radius,8.0,length_ratio,1.2806
RRT*,blocked_road,17,rrt_radius,8.0,length_ratio,1.0525
RRT*,blocked_road,18,rrt_radius,8.0,length_ratio,1.0208
RRT*,blocked_road,19,rrt_radius,8.0,length_ratio,1.0184
RRT*,blocked_road,20,rrt_radius,8.0,length_ratio,1.0529
RRT*,blocked_road,21,rrt_radius,8.0,length_ratio,1.0196
RRT*,blocked_road,22,rrt_radius,8.0,length_ratio,1.1206
RRT*,blocked_road,23,rrt_radius,8.0,length_ratio,1.0452
RRT*,blocked_road,24,rrt_radius,8.0,length_ratio,1.0516
RRT*,blocked_road,25,rrt_radius,8.0,length_ratio,1.0338
RRT*,blocked_road,26,rrt_radius,8.0,length_ratio,1.0432
RRT*,blocked_road,27,rrt_radius,8.0,length_ratio,1.0502
RRT*,blocked_road,28,rrt_radius,8.0,length_ratio,1.0064
RRT*,blocked_road,29,rrt_radius,8.0,length_ratio,1.0029
RRT*,dense_city,0,rrt_radius,8.0,length_ratio,1.0395
RRT*,dense_city,1,rrt_radius,8.0,length_ratio,1.0001
RRT*,dense_city,2,rrt_radius,8.0,length_ratio,1.0675
RRT*,dense_city,3,rrt_radius,8.0,length_ratio,1.0903
RRT*,dense_city,4,rrt_radius,8.0,length_ratio,1.053
RRT*,dense_city,5,rrt_radius,8.0,length_ratio,0.9819
RRT*,dense_city,6,rrt_radius,8.0,length_ratio,1.0483
RRT*,dense_city,7,rrt_radius,8.0,length_ratio,0.997
RRT*,dense_city,8,rrt_radius,8.0,length_ratio,1.0616
RRT*,dense_city,9,rrt_radius,8.0,length_ratio,
RRT*,dense_city,10,rrt_radius,8.0,length_ratio,1.0678
RRT*,dense_city,11,rrt_radius,8.0,length_ratio,1.0948
RRT*,dense_city,12,rrt_radius,8.0,length_ratio,1.0772
RRT*,dense_city,13,rrt_radius,8.0,length_ratio,1.0633
RRT*,dense_city,14,rrt_radius,8.0,length_ratio,1.0468
RRT*,dense_city,15,rrt_radius,8.0,length_ratio,1.0606
RRT*,dense_city,16,rrt_radius,8.0,length_ratio,1.0265
RRT*,dense_city,17,rrt_radius,8.0,length_ratio,1.1641
RRT*,dense_city,18,rrt_radius,8.0,length_ratio,1.0377
RRT*,dense_city,19,rrt_radius,8.0,length_ratio,1.0374
RRT*,dense_city,20,rrt_radius,8.0,length_ratio,1.0171
RRT*,dense_city,21,rrt_radius,8.0,length_ratio,1.0644
RRT*,dense_city,22,rrt_radius,8.0,length_ratio,1.0688
RRT*,dense_city,23,rrt_radius,8.0,length_ratio,1.0954
RRT*,dense_city,24,rrt_radius,8.0,length_ratio,1.0967
RRT*,dense_city,25,rrt_radius,8.0,length_ratio,1.051
RRT*,dense_city,26,rrt_radius,8.0,length_ratio,1.0615
RRT*,dense_city,27,rrt_radius,8.0,length_ratio,1.0637
RRT*,dense_city,28,rrt_radius,8.0,length_ratio,1.0407
RRT*,dense_city,29,rrt_radius,8.0,length_ratio,1.0996
RRT*,normal_city,0,rrt_radius,12.0,length_ratio,1.0417
RRT*,normal_city,1,rrt_radius,12.0,length_ratio,1.0528
RRT*,normal_city,2,rrt_radius,12.0,length_ratio,1.0258
RRT*,normal_city,3,rrt_radius,12.0,length_ratio,1.0743
RRT*,normal_city,4,rrt_radius,12.0,length_ratio,1.0718
RRT*,normal_city,5,rrt_radius,12.0,length_ratio,1.05
RRT*,normal_city,6,rrt_radius,12.0,length_ratio,1.0523
RRT*,normal_city,7,rrt_radius,12.0,length_ratio,1.0588
RRT*,normal_city,8,rrt_radius,12.0,length_ratio,1.0006
RRT*,normal_city,9,rrt_radius,12.0,length_ratio,0.9954
RRT*,normal_city,10,rrt_radius,12.0,length_ratio,1.0177
RRT*,normal_city,11,rrt_radius,12.0,length_ratio,1.0552
RRT*,normal_city,12,rrt_radius,12.0,length_ratio,1.005
RRT*,normal_city,13,rrt_radius,12.0,length_ratio,0.9936
RRT*,normal_city,14,rrt_radius,12.0,length_ratio,1.0448
RRT*,normal_city,15,rrt_radius,12.0,length_ratio,1.0269
RRT*,normal_city,16,rrt_radius,12.0,length_ratio,1.0819
RRT*,normal_city,17,rrt_radius,12.0,length_ratio,1.0648
RRT*,normal_city,18,rrt_radius,12.0,length_ratio,1.0436
RRT*,normal_city,19,rrt_radius,12.0,length_ratio,1.0746
RRT*,normal_city,20,rrt_radius,12.0,length_ratio,0.984
RRT*,normal_city,21,rrt_radius,12.0,length_ratio,1.0714
RRT*,normal_city,22,rrt_radius,12.0,length_ratio,1.0263
RRT*,normal_city,23,rrt_radius,12.0,length_ratio,1.0076
RRT*,normal_city,24,rrt_radius,12.0,length_ratio,1.0292
RRT*,normal_city,25,rrt_radius,12.0,length_ratio,1.0065
RRT*,normal_city,26,rrt_radius,12.0,length_ratio,1.0852
RRT*,normal_city,27,rrt_radius,12.0,length_ratio,1.0433
RRT*,normal_city,28,rrt_radius,12.0,length_ratio,1.0279
RRT*,normal_city,29,rrt_radius,12.0,length_ratio,1.0357
RRT*,blocked_road,0,rrt_radius,12.0,length_ratio,1.0173
RRT*,blocked_road,1,rrt_radius,12.0,length_ratio,1.0521
RRT*,blocked_road,2,rrt_radius,12.0,length_ratio,1.0331
RRT*,blocked_road,3,rrt_radius,12.0,length_ratio,1.0471
RRT*,blocked_road,4,rrt_radius,12.0,length_ratio,0.9914
RRT*,blocked_road,5,rrt_radius,12.0,length_ratio,1.0523
RRT*,blocked_road,6,rrt_radius,12.0,length_ratio,1.0206
RRT*,blocked_road,7,rrt_radius,12.0,length_ratio,1.0485
RRT*,blocked_road,8,rrt_radius,12.0,length_ratio,0.9944
RRT*,blocked_road,9,rrt_radius,12.0,length_ratio,1.0176
RRT*,blocked_road,10,rrt_radius,12.0,length_ratio,1.0012
RRT*,blocked_road,11,rrt_radius,12.0,length_ratio,1.0321
RRT*,blocked_road,12,rrt_radius,12.0,length_ratio,0.9931
RRT*,blocked_road,13,rrt_radius,12.0,length_ratio,1.0041
RRT*,blocked_road,14,rrt_radius,12.0,length_ratio,0.9991
RRT*,blocked_road,15,rrt_radius,12.0,length_ratio,1.0094
RRT*,blocked_road,16,rrt_radius,12.0,length_ratio,1.0122
RRT*,blocked_road,17,rrt_radius,12.0,length_ratio,1.029
RRT*,blocked_road,18,rrt_radius,12.0,length_ratio,1.0096
RRT*,blocked_road,19,rrt_radius,12.0,length_ratio,1.0101
RRT*,blocked_road,20,rrt_radius,12.0,length_ratio,1.0148
RRT*,blocked_road,21,rrt_radius,12.0,length_ratio,1.0046
RRT*,blocked_road,22,rrt_radius,12.0,length_ratio,1.0634
RRT*,blocked_road,23,rrt_radius,12.0,length_ratio,1.0104
RRT*,blocked_road,24,rrt_radius,12.0,length_ratio,1.0237
RRT*,blocked_road,25,rrt_radius,12.0,length_ratio,1.013
RRT*,blocked_road,26,rrt_radius,12.0,length_ratio,1.0292
RRT*,blocked_road,27,rrt_radius,12.0,length_ratio,1.0291
RRT*,blocked_road,28,rrt_radius,12.0,length_ratio,0.9954
RRT*,blocked_road,29,rrt_radius,12.0,length_ratio,0.9905
RRT*,dense_city,0,rrt_radius,12.0,length_ratio,1.0322
RRT*,dense_city,1,rrt_radius,12.0,length_ratio,0.9907
RRT*,dense_city,2,rrt_radius,12.0,length_ratio,1.0617
RRT*,dense_city,3,rrt_radius,12.0,length_ratio,1.0717
RRT*,dense_city,4,rrt_radius,12.0,length_ratio,1.0334
RRT*,dense_city,5,rrt_radius,12.0,length_ratio,0.9737
RRT*,dense_city,6,rrt_radius,12.0,length_ratio,1.0407
RRT*,dense_city,7,rrt_radius,12.0,length_ratio,0.9866
RRT*,dense_city,8,rrt_radius,12.0,length_ratio,1.0465
RRT*,dense_city,9,rrt_radius,12.0,length_ratio,
RRT*,dense_city,10,rrt_radius,12.0,length_ratio,1.0652
RRT*,dense_city,11,rrt_radius,12.0,length_ratio,1.0829
RRT*,dense_city,12,rrt_radius,12.0,length_ratio,1.0415
RRT*,dense_city,13,rrt_radius,12.0,length_ratio,1.0526
RRT*,dense_city,14,rrt_radius,12.0,length_ratio,1.0216
RRT*,dense_city,15,rrt_radius,12.0,length_ratio,1.0555
RRT*,dense_city,16,rrt_radius,12.0,length_ratio,1.0179
RRT*,dense_city,17,rrt_radius,12.0,length_ratio,1.0961
RRT*,dense_city,18,rrt_radius,12.0,length_ratio,1.0321
RRT*,dense_city,19,rrt_radius,12.0,length_ratio,1.0304
RRT*,dense_city,20,rrt_radius,12.0,length_ratio,1.0065
RRT*,dense_city,21,rrt_radius,12.0,length_ratio,1.0537
RRT*,dense_city,22,rrt_radius,12.0,length_ratio,1.0702
RRT*,dense_city,23,rrt_radius,12.0,length_ratio,1.0774
RRT*,dense_city,24,rrt_radius,12.0,length_ratio,1.0782
RRT*,dense_city,25,rrt_radius,12.0,length_ratio,1.036
RRT*,dense_city,26,rrt_radius,12.0,length_ratio,1.0302
RRT*,dense_city,27,rrt_radius,12.0,length_ratio,1.0469
RRT*,dense_city,28,rrt_radius,12.0,length_ratio,1.0267
RRT*,dense_city,29,rrt_radius,12.0,length_ratio,1.0553
RRT*,normal_city,0,rrt_radius,18.0,length_ratio,1.0316
RRT*,normal_city,1,rrt_radius,18.0,length_ratio,1.0442
RRT*,normal_city,2,rrt_radius,18.0,length_ratio,1.0176
RRT*,normal_city,3,rrt_radius,18.0,length_ratio,1.0675
RRT*,normal_city,4,rrt_radius,18.0,length_ratio,1.0665
RRT*,normal_city,5,rrt_radius,18.0,length_ratio,1.046
RRT*,normal_city,6,rrt_radius,18.0,length_ratio,1.0475
RRT*,normal_city,7,rrt_radius,18.0,length_ratio,1.0588
RRT*,normal_city,8,rrt_radius,18.0,length_ratio,0.9942
RRT*,normal_city,9,rrt_radius,18.0,length_ratio,0.9926
RRT*,normal_city,10,rrt_radius,18.0,length_ratio,1.0087
RRT*,normal_city,11,rrt_radius,18.0,length_ratio,1.0456
RRT*,normal_city,12,rrt_radius,18.0,length_ratio,0.9823
RRT*,normal_city,13,rrt_radius,18.0,length_ratio,0.9821
RRT*,normal_city,14,rrt_radius,18.0,length_ratio,1.0467
RRT*,normal_city,15,rrt_radius,18.0,length_ratio,1.0257
RRT*,normal_city,16,rrt_radius,18.0,length_ratio,1.0754
RRT*,normal_city,17,rrt_radius,18.0,length_ratio,1.0534
RRT*,normal_city,18,rrt_radius,18.0,length_ratio,1.0311
RRT*,normal_city,19,rrt_radius,18.0,length_ratio,1.0673
RRT*,normal_city,20,rrt_radius,18.0,length_ratio,0.974
RRT*,normal_city,21,rrt_radius,18.0,length_ratio,1.0674
RRT*,normal_city,22,rrt_radius,18.0,length_ratio,1.0172
RRT*,normal_city,23,rrt_radius,18.0,length_ratio,1.0005
RRT*,normal_city,24,rrt_radius,18.0,length_ratio,1.0249
RRT*,normal_city,25,rrt_radius,18.0,length_ratio,0.9893
RRT*,normal_city,26,rrt_radius,18.0,length_ratio,1.0687
RRT*,normal_city,27,rrt_radius,18.0,length_ratio,1.0253
RRT*,normal_city,28,rrt_radius,18.0,length_ratio,1.0117
RRT*,normal_city,29,rrt_radius,18.0,length_ratio,1.0319
RRT*,blocked_road,0,rrt_radius,18.0,length_ratio,1.0129
RRT*,blocked_road,1,rrt_radius,18.0,length_ratio,1.0464
RRT*,blocked_road,2,rrt_radius,18.0,length_ratio,1.0252
RRT*,blocked_road,3,rrt_radius,18.0,length_ratio,0.9769
RRT*,blocked_road,4,rrt_radius,18.0,length_ratio,0.987
RRT*,blocked_road,5,rrt_radius,18.0,length_ratio,1.0375
RRT*,blocked_road,6,rrt_radius,18.0,length_ratio,1.0087
RRT*,blocked_road,7,rrt_radius,18.0,length_ratio,1.0011
RRT*,blocked_road,8,rrt_radius,18.0,length_ratio,0.9865
RRT*,blocked_road,9,rrt_radius,18.0,length_ratio,1.0143
RRT*,blocked_road,10,rrt_radius,18.0,length_ratio,0.9994
RRT*,blocked_road,11,rrt_radius,18.0,length_ratio,1.0308
RRT*,blocked_road,12,rrt_radius,18.0,length_ratio,0.9908
RRT*,blocked_road,13,rrt_radius,18.0,length_ratio,1.0025
RRT*,blocked_road,14,rrt_radius,18.0,length_ratio,0.991
RRT*,blocked_road,15,rrt_radius,18.0,length_ratio,1.0091
RRT*,blocked_road,16,rrt_radius,18.0,length_ratio,0.9794
RRT*,blocked_road,17,rrt_radius,18.0,length_ratio,1.0288
RRT*,blocked_road,18,rrt_radius,18.0,length_ratio,1.0054
RRT*,blocked_road,19,rrt_radius,18.0,length_ratio,1.0062
RRT*,blocked_road,20,rrt_radius,18.0,length_ratio,0.9813
RRT*,blocked_road,21,rrt_radius,18.0,length_ratio,0.9979
RRT*,blocked_road,22,rrt_radius,18.0,length_ratio,1.0615
RRT*,blocked_road,23,rrt_radius,18.0,length_ratio,1.0244
RRT*,blocked_road,24,rrt_radius,18.0,length_ratio,1.0148
RRT*,blocked_road,25,rrt_radius,18.0,length_ratio,1.0149
RRT*,blocked_road,26,rrt_radius,18.0,length_ratio,1.0278
RRT*,blocked_road,27,rrt_radius,18.0,length_ratio,1.0197
RRT*,blocked_road,28,rrt_radius,18.0,length_ratio,0.9948
RRT*,blocked_road,29,rrt_radius,18.0,length_ratio,0.9842
RRT*,dense_city,0,rrt_radius,18.0,length_ratio,1.032
RRT*,dense_city,1,rrt_radius,18.0,length_ratio,0.9907
RRT*,dense_city,2,rrt_radius,18.0,length_ratio,1.0604
RRT*,dense_city,3,rrt_radius,18.0,length_ratio,1.069
RRT*,dense_city,4,rrt_radius,18.0,length_ratio,1.0348
RRT*,dense_city,5,rrt_radius,18.0,length_ratio,0.9717
RRT*,dense_city,6,rrt_radius,18.0,length_ratio,1.0332
RRT*,dense_city,7,rrt_radius,18.0,length_ratio,0.9863
RRT*,dense_city,8,rrt_radius,18.0,length_ratio,1.0454
RRT*,dense_city,9,rrt_radius,18.0,length_ratio,
RRT*,dense_city,10,rrt_radius,18.0,length_ratio,1.0607
RRT*,dense_city,11,rrt_radius,18.0,length_ratio,1.0582
RRT*,dense_city,12,rrt_radius,18.0,length_ratio,1.0348
RRT*,dense_city,13,rrt_radius,18.0,length_ratio,1.024
RRT*,dense_city,14,rrt_radius,18.0,length_ratio,1.0082
RRT*,dense_city,15,rrt_radius,18.0,length_ratio,1.0537
RRT*,dense_city,16,rrt_radius,18.0,length_ratio,1.0127
RRT*,dense_city,17,rrt_radius,18.0,length_ratio,1.0942
RRT*,dense_city,18,rrt_radius,18.0,length_ratio,1.0324
RRT*,dense_city,19,rrt_radius,18.0,length_ratio,1.0295
RRT*,dense_city,20,rrt_radius,18.0,length_ratio,1.0141
RRT*,dense_city,21,rrt_radius,18.0,length_ratio,1.0514
RRT*,dense_city,22,rrt_radius,18.0,length_ratio,1.0617
RRT*,dense_city,23,rrt_radius,18.0,length_ratio,1.0854
RRT*,dense_city,24,rrt_radius,18.0,length_ratio,1.0493
RRT*,dense_city,25,rrt_radius,18.0,length_ratio,1.0348
RRT*,dense_city,26,rrt_radius,18.0,length_ratio,1.0268
RRT*,dense_city,27,rrt_radius,18.0,length_ratio,1.0395
RRT*,dense_city,28,rrt_radius,18.0,length_ratio,1.0221
RRT*,dense_city,29,rrt_radius,18.0,length_ratio,1.0306
RRT*,normal_city,0,rrt_radius,6.0,curvature,0.1296
RRT*,normal_city,1,rrt_radius,6.0,curvature,0.1011
RRT*,normal_city,2,rrt_radius,6.0,curvature,0.1194
RRT*,normal_city,3,rrt_radius,6.0,curvature,0.1215
RRT*,normal_city,4,rrt_radius,6.0,curvature,0.1077
RRT*,normal_city,5,rrt_radius,6.0,curvature,0.1106
RRT*,normal_city,6,rrt_radius,6.0,curvature,0.106
RRT*,normal_city,7,rrt_radius,6.0,curvature,0.1216
RRT*,normal_city,8,rrt_radius,6.0,curvature,0.1128
RRT*,normal_city,9,rrt_radius,6.0,curvature,0.1327
RRT*,normal_city,10,rrt_radius,6.0,curvature,0.0981
RRT*,normal_city,11,rrt_radius,6.0,curvature,0.0865
RRT*,normal_city,12,rrt_radius,6.0,curvature,0.1197
RRT*,normal_city,13,rrt_radius,6.0,curvature,0.1274
RRT*,normal_city,14,rrt_radius,6.0,curvature,0.0959
RRT*,normal_city,15,rrt_radius,6.0,curvature,0.1047
RRT*,normal_city,16,rrt_radius,6.0,curvature,0.0983
RRT*,normal_city,17,rrt_radius,6.0,curvature,0.1106
RRT*,normal_city,18,rrt_radius,6.0,curvature,0.1029
RRT*,normal_city,19,rrt_radius,6.0,curvature,0.0861
RRT*,normal_city,20,rrt_radius,6.0,curvature,0.1156
RRT*,normal_city,21,rrt_radius,6.0,curvature,0.1077
RRT*,normal_city,22,rrt_radius,6.0,curvature,0.1082
RRT*,normal_city,23,rrt_radius,6.0,curvature,0.1072
RRT*,normal_city,24,rrt_radius,6.0,curvature,0.0749
RRT*,normal_city,25,rrt_radius,6.0,curvature,0.1084
RRT*,normal_city,26,rrt_radius,6.0,curvature,0.0784
RRT*,normal_city,27,rrt_radius,6.0,curvature,0.133
RRT*,normal_city,28,rrt_radius,6.0,curvature,0.1206
RRT*,normal_city,29,rrt_radius,6.0,curvature,0.1068
RRT*,blocked_road,0,rrt_radius,6.0,curvature,0.087
RRT*,blocked_road,1,rrt_radius,6.0,curvature,0.0986
RRT*,blocked_road,2,rrt_radius,6.0,curvature,0.1017
RRT*,blocked_road,3,rrt_radius,6.0,curvature,0.1233
RRT*,blocked_road,4,rrt_radius,6.0,curvature,0.1099
RRT*,blocked_road,5,rrt_radius,6.0,curvature,0.0959
RRT*,blocked_road,6,rrt_radius,6.0,curvature,0.1269
RRT*,blocked_road,7,rrt_radius,6.0,curvature,0.1278
RRT*,blocked_road,8,rrt_radius,6.0,curvature,0.0996
RRT*,blocked_road,9,rrt_radius,6.0,curvature,0.1176
RRT*,blocked_road,10,rrt_radius,6.0,curvature,0.0903
RRT*,blocked_road,11,rrt_radius,6.0,curvature,0.0782
RRT*,blocked_road,12,rrt_radius,6.0,curvature,0.093
RRT*,blocked_road,13,rrt_radius,6.0,curvature,0.0957
RRT*,blocked_road,14,rrt_radius,6.0,curvature,0.1075
RRT*,blocked_road,15,rrt_radius,6.0,curvature,0.1037
RRT*,blocked_road,16,rrt_radius,6.0,curvature,0.114
RRT*,blocked_road,17,rrt_radius,6.0,curvature,0.0908
RRT*,blocked_road,18,rrt_radius,6.0,curvature,0.0854
RRT*,blocked_road,19,rrt_radius,6.0,curvature,0.1084
RRT*,blocked_road,20,rrt_radius,6.0,curvature,0.0801
RRT*,blocked_road,21,rrt_radius,6.0,curvature,0.1266
RRT*,blocked_road,22,rrt_radius,6.0,curvature,0.1073
RRT*,blocked_road,23,rrt_radius,6.0,curvature,0.1173
RRT*,blocked_road,24,rrt_radius,6.0,curvature,0.1029
RRT*,blocked_road,25,rrt_radius,6.0,curvature,0.1044
RRT*,blocked_road,26,rrt_radius,6.0,curvature,0.0915
RRT*,blocked_road,27,rrt_radius,6.0,curvature,0.0755
RRT*,blocked_road,28,rrt_radius,6.0,curvature,0.0923
RRT*,blocked_road,29,rrt_radius,6.0,curvature,0.0764
RRT*,dense_city,0,rrt_radius,6.0,curvature,0.1091
RRT*,dense_city,1,rrt_radius,6.0,curvature,0.0915
RRT*,dense_city,2,rrt_radius,6.0,curvature,0.1011
RRT*,dense_city,3,rrt_radius,6.0,curvature,0.0872
RRT*,dense_city,4,rrt_radius,6.0,curvature,0.0888
RRT*,dense_city,5,rrt_radius,6.0,curvature,0.0996
RRT*,dense_city,6,rrt_radius,6.0,curvature,0.0655
RRT*,dense_city,7,rrt_radius,6.0,curvature,0.0758
RRT*,dense_city,8,rrt_radius,6.0,curvature,0.1558
RRT*,dense_city,9,rrt_radius,6.0,curvature,
RRT*,dense_city,10,rrt_radius,6.0,curvature,0.1153
RRT*,dense_city,11,rrt_radius,6.0,curvature,0.103
RRT*,dense_city,12,rrt_radius,6.0,curvature,0.1063
RRT*,dense_city,13,rrt_radius,6.0,curvature,0.1197
RRT*,dense_city,14,rrt_radius,6.0,curvature,0.0899
RRT*,dense_city,15,rrt_radius,6.0,curvature,0.0952
RRT*,dense_city,16,rrt_radius,6.0,curvature,0.1068
RRT*,dense_city,17,rrt_radius,6.0,curvature,0.0857
RRT*,dense_city,18,rrt_radius,6.0,curvature,0.083
RRT*,dense_city,19,rrt_radius,6.0,curvature,0.0838
RRT*,dense_city,20,rrt_radius,6.0,curvature,0.119
RRT*,dense_city,21,rrt_radius,6.0,curvature,0.134
RRT*,dense_city,22,rrt_radius,6.0,curvature,0.0914
RRT*,dense_city,23,rrt_radius,6.0,curvature,0.1198
RRT*,dense_city,24,rrt_radius,6.0,curvature,0.0875
RRT*,dense_city,25,rrt_radius,6.0,curvature,0.0962
RRT*,dense_city,26,rrt_radius,6.0,curvature,0.0948
RRT*,dense_city,27,rrt_radius,6.0,curvature,0.1003
RRT*,dense_city,28,rrt_radius,6.0,curvature,0.1109
RRT*,dense_city,29,rrt_radius,6.0,curvature,0.0795
RRT*,normal_city,0,rrt_radius,8.0,curvature,0.0531
RRT*,normal_city,1,rrt_radius,8.0,curvature,0.0652
RRT*,normal_city,2,rrt_radius,8.0,curvature,0.0699
RRT*,normal_city,3,rrt_radius,8.0,curvature,0.0504
RRT*,normal_city,4,rrt_radius,8.0,curvature,0.0632
RRT*,normal_city,5,rrt_radius,8.0,curvature,0.0808
RRT*,normal_city,6,rrt_radius,8.0,curvature,0.0659
RRT*,normal_city,7,rrt_radius,8.0,curvature,0.0624
RRT*,normal_city,8,rrt_radius,8.0,curvature,0.0747
RRT*,normal_city,9,rrt_radius,8.0,curvature,0.0653
RRT*,normal_city,10,rrt_radius,8.0,curvature,0.0712
RRT*,normal_city,11,rrt_radius,8.0,curvature,0.0486
RRT*,normal_city,12,rrt_radius,8.0,curvature,0.1039
RRT*,normal_city,13,rrt_radius,8.0,curvature,0.0598
RRT*,normal_city,14,rrt_radius,8.0,curvature,0.0615
RRT*,normal_city,15,rrt_radius,8.0,curvature,0.0607
RRT*,normal_city,16,rrt_radius,8.0,curvature,0.0617
RRT*,normal_city,17,rrt_radius,8.0,curvature,0.051
RRT*,normal_city,18,rrt_radius,8.0,curvature,0.0593
RRT*,normal_city,19,rrt_radius,8.0,curvature,0.0444
RRT*,normal_city,20,rrt_radius,8.0,curvature,0.0609
RRT*,normal_city,21,rrt_radius,8.0,curvature,0.0512
RRT*,normal_city,22,rrt_radius,8.0,curvature,0.0707
RRT*,normal_city,23,rrt_radius,8.0,curvature,0.0828
RRT*,normal_city,24,rrt_radius,8.0,curvature,0.0494
RRT*,normal_city,25,rrt_radius,8.0,curvature,0.0791
RRT*,normal_city,26,rrt_radius,8.0,curvature,0.0489
RRT*,normal_city,27,rrt_radius,8.0,curvature,0.0691
RRT*,normal_city,28,rrt_radius,8.0,curvature,0.0819
RRT*,normal_city,29,rrt_radius,8.0,curvature,0.0742
RRT*,blocked_road,0,rrt_radius,8.0,curvature,0.0651
RRT*,blocked_road,1,rrt_radius,8.0,curvature,0.0438
RRT*,blocked_road,2,rrt_radius,8.0,curvature,0.0597
RRT*,blocked_road,3,rrt_radius,8.0,curvature,0.0467
RRT*,blocked_road,4,rrt_radius,8.0,curvature,0.0609
RRT*,blocked_road,5,rrt_radius,8.0,curvature,0.0535
RRT*,blocked_road,6,rrt_radius,8.0,curvature,0.0694
RRT*,blocked_road,7,rrt_radius,8.0,curvature,0.0735
RRT*,blocked_road,8,rrt_radius,8.0,curvature,0.0562
RRT*,blocked_road,9,rrt_radius,8.0,curvature,0.0711
RRT*,blocked_road,10,rrt_radius,8.0,curvature,0.054
RRT*,blocked_road,11,rrt_radius,8.0,curvature,0.0555
RRT*,blocked_road,12,rrt_radius,8.0,curvature,0.063
RRT*,blocked_road,13,rrt_radius,8.0,curvature,0.0522
RRT*,blocked_road,14,rrt_radius,8.0,curvature,0.0543
RRT*,blocked_road,15,rrt_radius,8.0,curvature,0.0521
RRT*,blocked_road,16,rrt_radius,8.0,curvature,0.062
RRT*,blocked_road,17,rrt_radius,8.0,curvature,0.0494
RRT*,blocked_road,18,rrt_radius,8.0,curvature,0.0574
RRT*,blocked_road,19,rrt_radius,8.0,curvature,0.0395
RRT*,blocked_road,20,rrt_radius,8.0,curvature,0.0697
RRT*,blocked_road,21,rrt_radius,8.0,curvature,0.0655
RRT*,blocked_road,22,rrt_radius,8.0,curvature,0.0464
RRT*,blocked_road,23,rrt_radius,8.0,curvature,0.0774
RRT*,blocked_road,24,rrt_radius,8.0,curvature,0.0574
RRT*,blocked_road,25,rrt_radius,8.0,curvature,0.0517
RRT*,blocked_road,26,rrt_radius,8.0,curvature,0.0422
RRT*,blocked_road,27,rrt_radius,8.0,curvature,0.0446
RRT*,blocked_road,28,rrt_radius,8.0,curvature,0.0628
RRT*,blocked_road,29,rrt_radius,8.0,curvature,0.0494
RRT*,dense_city,0,rrt_radius,8.0,curvature,0.0619
RRT*,dense_city,1,rrt_radius,8.0,curvature,0.0745
RRT*,dense_city,2,rrt_radius,8.0,curvature,0.0607
RRT*,dense_city,3,rrt_radius,8.0,curvature,0.0525
RRT*,dense_city,4,rrt_radius,8.0,curvature,0.0693
RRT*,dense_city,5,rrt_radius,8.0,curvature,0.0855
RRT*,dense_city,6,rrt_radius,8.0,curvature,0.0591
RRT*,dense_city,7,rrt_radius,8.0,curvature,0.0692
RRT*,dense_city,8,rrt_radius,8.0,curvature,0.0912
RRT*,dense_city,9,rrt_radius,8.0,curvature,
RRT*,dense_city,10,rrt_radius,8.0,curvature,0.0746
RRT*,dense_city,11,rrt_radius,8.0,curvature,0.0752
RRT*,dense_city,12,rrt_radius,8.0,curvature,0.0823
RRT*,dense_city,13,rrt_radius,8.0,curvature,0.0524
RRT*,dense_city,14,rrt_radius,8.0,curvature,0.0738
RRT*,dense_city,15,rrt_radius,8.0,curvature,0.0648
RRT*,dense_city,16,rrt_radius,8.0,curvature,0.0907
RRT*,dense_city,17,rrt_radius,8.0,curvature,0.071
RRT*,dense_city,18,rrt_radius,8.0,curvature,0.058
RRT*,dense_city,19,rrt_radius,8.0,curvature,0.0617
RRT*,dense_city,20,rrt_radius,8.0,curvature,0.0907
RRT*,dense_city,21,rrt_radius,8.0,curvature,0.0616
RRT*,dense_city,22,rrt_radius,8.0,curvature,0.0436
RRT*,dense_city,23,rrt_radius,8.0,curvature,0.0559
RRT*,dense_city,24,rrt_radius,8.0,curvature,0.0442
RRT*,dense_city,25,rrt_radius,8.0,curvature,0.0576
RRT*,dense_city,26,rrt_radius,8.0,curvature,0.0795
RRT*,dense_city,27,rrt_radius,8.0,curvature,0.061
RRT*,dense_city,28,rrt_radius,8.0,curvature,0.074
RRT*,dense_city,29,rrt_radius,8.0,curvature,0.0402
RRT*,normal_city,0,rrt_radius,12.0,curvature,0.046
RRT*,normal_city,1,rrt_radius,12.0,curvature,0.0537
RRT*,normal_city,2,rrt_radius,12.0,curvature,0.0626
RRT*,normal_city,3,rrt_radius,12.0,curvature,0.0428
RRT*,normal_city,4,rrt_radius,12.0,curvature,0.0451
RRT*,normal_city,5,rrt_radius,12.0,curvature,0.0415
RRT*,normal_city,6,rrt_radius,12.0,curvature,0.0477
RRT*,normal_city,7,rrt_radius,12.0,curvature,0.0436
RRT*,normal_city,8,rrt_radius,12.0,curvature,0.0538
RRT*,normal_city,9,rrt_radius,12.0,curvature,0.056
RRT*,normal_city,10,rrt_radius,12.0,curvature,0.0445
RRT*,normal_city,11,rrt_radius,12.0,curvature,0.0494
RRT*,normal_city,12,rrt_radius,12.0,curvature,0.0724
RRT*,normal_city,13,rrt_radius,12.0,curvature,0.0624
RRT*,normal_city,14,rrt_radius,12.0,curvature,0.0477
RRT*,normal_city,15,rrt_radius,12.0,curvature,0.0362
RRT*,normal_city,16,rrt_radius,12.0,curvature,0.0405
RRT*,normal_city,17,rrt_radius,12.0,curvature,0.0563
RRT*,normal_city,18,rrt_radius,12.0,curvature,0.0471
RRT*,normal_city,19,rrt_radius,12.0,curvature,0.03
RRT*,normal_city,20,rrt_radius,12.0,curvature,0.0549
RRT*,normal_city,21,rrt_radius,12.0,curvature,0.0325
RRT*,normal_city,22,rrt_radius,12.0,curvature,0.0543
RRT*,normal_city,23,rrt_radius,12.0,curvature,0.0714
RRT*,normal_city,24,rrt_radius,12.0,curvature,0.0429
RRT*,normal_city,25,rrt_radius,12.0,curvature,0.0573
RRT*,normal_city,26,rrt_radius,12.0,curvature,0.0309
RRT*,normal_city,27,rrt_radius,12.0,curvature,0.0631
RRT*,normal_city,28,rrt_radius,12.0,curvature,0.0602
RRT*,normal_city,29,rrt_radius,12.0,curvature,0.0618
RRT*,blocked_road,0,rrt_radius,12.0,curvature,0.0481
RRT*,blocked_road,1,rrt_radius,12.0,curvature,0.0269
RRT*,blocked_road,2,rrt_radius,12.0,curvature,0.046
RRT*,blocked_road,3,rrt_radius,12.0,curvature,0.0206
RRT*,blocked_road,4,rrt_radius,12.0,curvature,0.0484
RRT*,blocked_road,5,rrt_radius,12.0,curvature,0.0413
RRT*,blocked_road,6,rrt_radius,12.0,curvature,0.0378
RRT*,blocked_road,7,rrt_radius,12.0,curvature,0.0504
RRT*,blocked_road,8,rrt_radius,12.0,curvature,0.0415
RRT*,blocked_road,9,rrt_radius,12.0,curvature,0.0453
RRT*,blocked_road,10,rrt_radius,12.0,curvature,0.0346
RRT*,blocked_road,11,rrt_radius,12.0,curvature,0.0235
RRT*,blocked_road,12,rrt_radius,12.0,curvature,0.0438
RRT*,blocked_road,13,rrt_radius,12.0,curvature,0.0395
RRT*,blocked_road,14,rrt_radius,12.0,curvature,0.0429
RRT*,blocked_road,15,rrt_radius,12.0,curvature,0.0323
RRT*,blocked_road,16,rrt_radius,12.0,curvature,0.0498
RRT*,blocked_road,17,rrt_radius,12.0,curvature,0.0462
RRT*,blocked_road,18,rrt_radius,12.0,curvature,0.0346
RRT*,blocked_road,19,rrt_radius,12.0,curvature,0.0261
RRT*,blocked_road,20,rrt_radius,12.0,curvature,0.0486
RRT*,blocked_road,21,rrt_radius,12.0,curvature,0.0431
RRT*,blocked_road,22,rrt_radius,12.0,curvature,0.0262
RRT*,blocked_road,23,rrt_radius,12.0,curvature,0.057
RRT*,blocked_road,24,rrt_radius,12.0,curvature,0.0439
RRT*,blocked_road,25,rrt_radius,12.0,curvature,0.0319
RRT*,blocked_road,26,rrt_radius,12.0,curvature,0.0197
RRT*,blocked_road,27,rrt_radius,12.0,curvature,0.0378
RRT*,blocked_road,28,rrt_radius,12.0,curvature,0.0503
RRT*,blocked_road,29,rrt_radius,12.0,curvature,0.039
RRT*,dense_city,0,rrt_radius,12.0,curvature,0.0506
RRT*,dense_city,1,rrt_radius,12.0,curvature,0.0635
RRT*,dense_city,2,rrt_radius,12.0,curvature,0.0503
RRT*,dense_city,3,rrt_radius,12.0,curvature,0.0458
RRT*,dense_city,4,rrt_radius,12.0,curvature,0.0594
RRT*,dense_city,5,rrt_radius,12.0,curvature,0.0839
RRT*,dense_city,6,rrt_radius,12.0,curvature,0.0472
RRT*,dense_city,7,rrt_radius,12.0,curvature,0.0622
RRT*,dense_city,8,rrt_radius,12.0,curvature,0.0728
RRT*,dense_city,9,rrt_radius,12.0,curvature,
RRT*,dense_city,10,rrt_radius,12.0,curvature,0.0653
RRT*,dense_city,11,rrt_radius,12.0,curvature,0.097
RRT*,dense_city,12,rrt_radius,12.0,curvature,0.0873
RRT*,dense_city,13,rrt_radius,12.0,curvature,0.0401
RRT*,dense_city,14,rrt_radius,12.0,curvature,0.0866
RRT*,dense_city,15,rrt_radius,12.0,curvature,0.0555
RRT*,dense_city,16,rrt_radius,12.0,curvature,0.0791
RRT*,dense_city,17,rrt_radius,12.0,curvature,0.0271
RRT*,dense_city,18,rrt_radius,12.0,curvature,0.0531
RRT*,dense_city,19,rrt_radius,12.0,curvature,0.0515
RRT*,dense_city,20,rrt_radius,12.0,curvature,0.0783
RRT*,dense_city,21,rrt_radius,12.0,curvature,0.0442
RRT*,dense_city,22,rrt_radius,12.0,curvature,0.0353
RRT*,dense_city,23,rrt_radius,12.0,curvature,0.05
RRT*,dense_city,24,rrt_radius,12.0,curvature,0.0341
RRT*,dense_city,25,rrt_radius,12.0,curvature,0.055
RRT*,dense_city,26,rrt_radius,12.0,curvature,0.0448
RRT*,dense_city,27,rrt_radius,12.0,curvature,0.0436
RRT*,dense_city,28,rrt_radius,12.0,curvature,0.065
RRT*,dense_city,29,rrt_radius,12.0,curvature,0.0681
RRT*,normal_city,0,rrt_radius,18.0,curvature,0.0364
RRT*,normal_city,1,rrt_radius,18.0,curvature,0.0461
RRT*,normal_city,2,rrt_radius,18.0,curvature,0.0595
RRT*,normal_city,3,rrt_radius,18.0,curvature,0.0332
RRT*,normal_city,4,rrt_radius,18.0,curvature,0.0404
RRT*,normal_city,5,rrt_radius,18.0,curvature,0.0428
RRT*,normal_city,6,rrt_radius,18.0,curvature,0.0444
RRT*,normal_city,7,rrt_radius,18.0,curvature,0.0434
RRT*,normal_city,8,rrt_radius,18.0,curvature,0.0431
RRT*,normal_city,9,rrt_radius,18.0,curvature,0.052
RRT*,normal_city,10,rrt_radius,18.0,curvature,0.0412
RRT*,normal_city,11,rrt_radius,18.0,curvature,0.0536
RRT*,normal_city,12,rrt_radius,18.0,curvature,0.0631
RRT*,normal_city,13,rrt_radius,18.0,curvature,0.0552
RRT*,normal_city,14,rrt_radius,18.0,curvature,0.0439
RRT*,normal_city,15,rrt_radius,18.0,curvature,0.0332
RRT*,normal_city,16,rrt_radius,18.0,curvature,0.0297
RRT*,normal_city,17,rrt_radius,18.0,curvature,0.0611
RRT*,normal_city,18,rrt_radius,18.0,curvature,0.0508
RRT*,normal_city,19,rrt_radius,18.0,curvature,0.022
RRT*,normal_city,20,rrt_radius,18.0,curvature,0.0474
RRT*,normal_city,21,rrt_radius,18.0,curvature,0.0261
RRT*,normal_city,22,rrt_radius,18.0,curvature,0.047
RRT*,normal_city,23,rrt_radius,18.0,curvature,0.0645
RRT*,normal_city,24,rrt_radius,18.0,curvature,0.0383
RRT*,normal_city,25,rrt_radius,18.0,curvature,0.0541
RRT*,normal_city,26,rrt_radius,18.0,curvature,0.0345
RRT*,normal_city,27,rrt_radius,18.0,curvature,0.0466
RRT*,normal_city,28,rrt_radius,18.0,curvature,0.0746
RRT*,normal_city,29,rrt_radius,18.0,curvature,0.0549
RRT*,blocked_road,0,rrt_radius,18.0,curvature,0.0516
RRT*,blocked_road,1,rrt_radius,18.0,curvature,0.0196
RRT*,blocked_road,2,rrt_radius,18.0,curvature,0.0397
RRT*,blocked_road,3,rrt_radius,18.0,curvature,0.035
RRT*,blocked_road,4,rrt_radius,18.0,curvature,0.0405
RRT*,blocked_road,5,rrt_radius,18.0,curvature,0.042
RRT*,blocked_road,6,rrt_radius,18.0,curvature,0.0457
RRT*,blocked_road,7,rrt_radius,18.0,curvature,0.0499
RRT*,blocked_road,8,rrt_radius,18.0,curvature,0.0354
RRT*,blocked_road,9,rrt_radius,18.0,curvature,0.0372
RRT*,blocked_road,10,rrt_radius,18.0,curvature,0.0359
RRT*,blocked_road,11,rrt_radius,18.0,curvature,0.0278
RRT*,blocked_road,12,rrt_radius,18.0,curvature,0.042
RRT*,blocked_road,13,rrt_radius,18.0,curvature,0.0364
RRT*,blocked_road,14,rrt_radius,18.0,curvature,0.0328
RRT*,blocked_road,15,rrt_radius,18.0,curvature,0.0306
RRT*,blocked_road,16,rrt_radius,18.0,curvature,0.03
RRT*,blocked_road,17,rrt_radius,18.0,curvature,0.0372
RRT*,blocked_road,18,rrt_radius,18.0,curvature,0.0299
RRT*,blocked_road,19,rrt_radius,18.0,curvature,0.023
RRT*,blocked_road,20,rrt_radius,18.0,curvature,0.0328
RRT*,blocked_road,21,rrt_radius,18.0,curvature,0.0358
RRT*,blocked_road,22,rrt_radius,18.0,curvature,0.0238
RRT*,blocked_road,23,rrt_radius,18.0,curvature,0.0415
RRT*,blocked_road,24,rrt_radius,18.0,curvature,0.0365
RRT*,blocked_road,25,rrt_radius,18.0,curvature,0.0459
RRT*,blocked_road,26,rrt_radius,18.0,curvature,0.015
RRT*,blocked_road,27,rrt_radius,18.0,curvature,0.0208
RRT*,blocked_road,28,rrt_radius,18.0,curvature,0.0506
RRT*,blocked_road,29,rrt_radius,18.0,curvature,0.0341
RRT*,dense_city,0,rrt_radius,18.0,curvature,0.0478
RRT*,dense_city,1,rrt_radius,18.0,curvature,0.0629
RRT*,dense_city,2,rrt_radius,18.0,curvature,0.0476
RRT*,dense_city,3,rrt_radius,18.0,curvature,0.0423
RRT*,dense_city,4,rrt_radius,18.0,curvature,0.0666
RRT*,dense_city,5,rrt_radius,18.0,curvature,0.0795
RRT*,dense_city,6,rrt_radius,18.0,curvature,0.0414
RRT*,dense_city,7,rrt_radius,18.0,curvature,0.0611
RRT*,dense_city,8,rrt_radius,18.0,curvature,0.0723
RRT*,dense_city,9,rrt_radius,18.0,curvature,
RRT*,dense_city,10,rrt_radius,18.0,curvature,0.0616
RRT*,dense_city,11,rrt_radius,18.0,curvature,0.0796
RRT*,dense_city,12,rrt_radius,18.0,curvature,0.0693
RRT*,dense_city,13,rrt_radius,18.0,curvature,0.0562
RRT*,dense_city,14,rrt_radius,18.0,curvature,0.0774
RRT*,dense_city,15,rrt_radius,18.0,curvature,0.0511
RRT*,dense_city,16,rrt_radius,18.0,curvature,0.0746
RRT*,dense_city,17,rrt_radius,18.0,curvature,0.0231
RRT*,dense_city,18,rrt_radius,18.0,curvature,0.0493
RRT*,dense_city,19,rrt_radius,18.0,curvature,0.0481
RRT*,dense_city,20,rrt_radius,18.0,curvature,0.0889
RRT*,dense_city,21,rrt_radius,18.0,curvature,0.0389
RRT*,dense_city,22,rrt_radius,18.0,curvature,0.0418
RRT*,dense_city,23,rrt_radius,18.0,curvature,0.028
RRT*,dense_city,24,rrt_radius,18.0,curvature,0.05
RRT*,dense_city,25,rrt_radius,18.0,curvature,0.0512
RRT*,dense_city,26,rrt_radius,18.0,curvature,0.0422
RRT*,dense_city,27,rrt_radius,18.0,curvature,0.0332
RRT*,dense_city,28,rrt_radius,18.0,curvature,0.065
RRT*,dense_city,29,rrt_radius,18.0,curvature,0.0549
RRT*,normal_city,0,rrt_radius,6.0,max_curvature,1.6382
RRT*,normal_city,1,rrt_radius,6.0,max_curvature,1.1829
RRT*,normal_city,2,rrt_radius,6.0,max_curvature,1.3808
RRT*,normal_city,3,rrt_radius,6.0,max_curvature,1.2342
RRT*,normal_city,4,rrt_radius,6.0,max_curvature,1.6784
RRT*,normal_city,5,rrt_radius,6.0,max_curvature,1.6103
RRT*,normal_city,6,rrt_radius,6.0,max_curvature,1.0788
RRT*,normal_city,7,rrt_radius,6.0,max_curvature,1.413
RRT*,normal_city,8,rrt_radius,6.0,max_curvature,1.6435
RRT*,normal_city,9,rrt_radius,6.0,max_curvature,1.3652
RRT*,normal_city,10,rrt_radius,6.0,max_curvature,1.355
RRT*,normal_city,11,rrt_radius,6.0,max_curvature,0.7804
RRT*,normal_city,12,rrt_radius,6.0,max_curvature,1.2536
RRT*,normal_city,13,rrt_radius,6.0,max_curvature,1.2212
RRT*,normal_city,14,rrt_radius,6.0,max_curvature,1.5567
RRT*,normal_city,15,rrt_radius,6.0,max_curvature,1.0373
RRT*,normal_city,16,rrt_radius,6.0,max_curvature,1.1657
RRT*,normal_city,17,rrt_radius,6.0,max_curvature,1.1204
RRT*,normal_city,18,rrt_radius,6.0,max_curvature,1.1648
RRT*,normal_city,19,rrt_radius,6.0,max_curvature,1.3392
RRT*,normal_city,20,rrt_radius,6.0,max_curvature,1.0853
RRT*,normal_city,21,rrt_radius,6.0,max_curvature,1.3262
RRT*,normal_city,22,rrt_radius,6.0,max_curvature,1.4201
RRT*,normal_city,23,rrt_radius,6.0,max_curvature,1.4802
RRT*,normal_city,24,rrt_radius,6.0,max_curvature,1.3461
RRT*,normal_city,25,rrt_radius,6.0,max_curvature,0.9698
RRT*,normal_city,26,rrt_radius,6.0,max_curvature,1.0643
RRT*,normal_city,27,rrt_radius,6.0,max_curvature,1.1583
RRT*,normal_city,28,rrt_radius,6.0,max_curvature,1.6996
RRT*,normal_city,29,rrt_radius,6.0,max_curvature,1.7215
RRT*,blocked_road,0,rrt_radius,6.0,max_curvature,1.1466
RRT*,blocked_road,1,rrt_radius,6.0,max_curvature,1.2806
RRT*,blocked_road,2,rrt_radius,6.0,max_curvature,0.9831
RRT*,blocked_road,3,rrt_radius,6.0,max_curvature,2.7312
RRT*,blocked_road,4,rrt_radius,6.0,max_curvature,1.2121
RRT*,blocked_road,5,rrt_radius,6.0,max_curvature,1.1487
RRT*,blocked_road,6,rrt_radius,6.0,max_curvature,1.228
RRT*,blocked_road,7,rrt_radius,6.0,max_curvature,1.3438
RRT*,blocked_road,8,rrt_radius,6.0,max_curvature,1.2474
RRT*,blocked_road,9,rrt_radius,6.0,max_curvature,1.6946
RRT*,blocked_road,10,rrt_radius,6.0,max_curvature,1.5606
RRT*,blocked_road,11,rrt_radius,6.0,max_curvature,0.7476
RRT*,blocked_road,12,rrt_radius,6.0,max_curvature,1.4153
RRT*,blocked_road,13,rrt_radius,6.0,max_curvature,1.3364
RRT*,blocked_road,14,rrt_radius,6.0,max_curvature,1.0725
RRT*,blocked_road,15,rrt_radius,6.0,max_curvature,1.7207
RRT*,blocked_road,16,rrt_radius,6.0,max_curvature,1.5574
RRT*,blocked_road,17,rrt_radius,6.0,max_curvature,1.3384
RRT*,blocked_road,18,rrt_radius,6.0,max_curvature,1.3203
RRT*,blocked_road,19,rrt_radius,6.0,max_curvature,1.0439
RRT*,blocked_road,20,rrt_radius,6.0,max_curvature,1.7747
RRT*,blocked_road,21,rrt_radius,6.0,max_curvature,1.3255
RRT*,blocked_road,22,rrt_radius,6.0,max_curvature,0.9897
RRT*,blocked_road,23,rrt_radius,6.0,max_curvature,1.0691
RRT*,blocked_road,24,rrt_radius,6.0,max_curvature,1.1588
RRT*,blocked_road,25,rrt_radius,6.0,max_curvature,1.1284
RRT*,blocked_road,26,rrt_radius,6.0,max_curvature,1.1226
RRT*,blocked_road,27,rrt_radius,6.0,max_curvature,0.9915
RRT*,blocked_road,28,rrt_radius,6.0,max_curvature,1.0517
RRT*,blocked_road,29,rrt_radius,6.0,max_curvature,1.0998
RRT*,dense_city,0,rrt_radius,6.0,max_curvature,1.196
RRT*,dense_city,1,rrt_radius,6.0,max_curvature,1.6129
RRT*,dense_city,2,rrt_radius,6.0,max_curvature,1.2805
RRT*,dense_city,3,rrt_radius,6.0,max_curvature,1.448
RRT*,dense_city,4,rrt_radius,6.0,max_curvature,0.9827
RRT*,dense_city,5,rrt_radius,6.0,max_curvature,1.1286
RRT*,dense_city,6,rrt_radius,6.0,max_curvature,0.9755
RRT*,dense_city,7,rrt_radius,6.0,max_curvature,0.9158
RRT*,dense_city,8,rrt_radius,6.0,max_curvature,1.4792
RRT*,dense_city,9,rrt_radius,6.0,max_curvature,
RRT*,dense_city,10,rrt_radius,6.0,max_curvature,1.6967
RRT*,dense_city,11,rrt_radius,6.0,max_curvature,1.0873
RRT*,dense_city,12,rrt_radius,6.0,max_curvature,1.2647
RRT*,dense_city,13,rrt_radius,6.0,max_curvature,1.2587
RRT*,dense_city,14,rrt_radius,6.0,max_curvature,1.2999
RRT*,dense_city,15,rrt_radius,6.0,max_curvature,1.6679
RRT*,dense_city,16,rrt_radius,6.0,max_curvature,1.2461
RRT*,dense_city,17,rrt_radius,6.0,max_curvature,1.1727
RRT*,dense_city,18,rrt_radius,6.0,max_curvature,0.8812
RRT*,dense_city,19,rrt_radius,6.0,max_curvature,1.2425
RRT*,dense_city,20,rrt_radius,6.0,max_curvature,1.7159
RRT*,dense_city,21,rrt_radius,6.0,max_curvature,1.3015
RRT*,dense_city,22,rrt_radius,6.0,max_curvature,1.1281
RRT*,dense_city,23,rrt_radius,6.0,max_curvature,1.4748
RRT*,dense_city,24,rrt_radius,6.0,max_curvature,1.1965
RRT*,dense_city,25,rrt_radius,6.0,max_curvature,1.2872
RRT*,dense_city,26,rrt_radius,6.0,max_curvature,1.3341
RRT*,dense_city,27,rrt_radius,6.0,max_curvature,1.5298
RRT*,dense_city,28,rrt_radius,6.0,max_curvature,1.5747
RRT*,dense_city,29,rrt_radius,6.0,max_curvature,1.2793
RRT*,normal_city,0,rrt_radius,8.0,max_curvature,1.0585
RRT*,normal_city,1,rrt_radius,8.0,max_curvature,1.8055
RRT*,normal_city,2,rrt_radius,8.0,max_curvature,1.1355
RRT*,normal_city,3,rrt_radius,8.0,max_curvature,1.2825
RRT*,normal_city,4,rrt_radius,8.0,max_curvature,1.51
RRT*,normal_city,5,rrt_radius,8.0,max_curvature,1.4189
RRT*,normal_city,6,rrt_radius,8.0,max_curvature,0.8838
RRT*,normal_city,7,rrt_radius,8.0,max_curvature,1.2019
RRT*,normal_city,8,rrt_radius,8.0,max_curvature,1.1777
RRT*,normal_city,9,rrt_radius,8.0,max_curvature,1.3094
RRT*,normal_city,10,rrt_radius,8.0,max_curvature,1.66
RRT*,normal_city,11,rrt_radius,8.0,max_curvature,0.8271
RRT*,normal_city,12,rrt_radius,8.0,max_curvature,1.7915
RRT*,normal_city,13,rrt_radius,8.0,max_curvature,0.9553
RRT*,normal_city,14,rrt_radius,8.0,max_curvature,1.2717
RRT*,normal_city,15,rrt_radius,8.0,max_curvature,1.0059
RRT*,normal_city,16,rrt_radius,8.0,max_curvature,1.0019
RRT*,normal_city,17,rrt_radius,8.0,max_curvature,1.1448
RRT*,normal_city,18,rrt_radius,8.0,max_curvature,0.9499
RRT*,normal_city,19,rrt_radius,8.0,max_curvature,1.3382
RRT*,normal_city,20,rrt_radius,8.0,max_curvature,1.0307
RRT*,normal_city,21,rrt_radius,8.0,max_curvature,0.9
RRT*,normal_city,22,rrt_radius,8.0,max_curvature,1.0191
RRT*,normal_city,23,rrt_radius,8.0,max_curvature,1.1765
RRT*,normal_city,24,rrt_radius,8.0,max_curvature,1.2376
RRT*,normal_city,25,rrt_radius,8.0,max_curvature,1.9275
RRT*,normal_city,26,rrt_radius,8.0,max_curvature,0.9605
RRT*,normal_city,27,rrt_radius,8.0,max_curvature,1.2272
RRT*,normal_city,28,rrt_radius,8.0,max_curvature,1.2791
RRT*,normal_city,29,rrt_radius,8.0,max_curvature,1.1986
RRT*,blocked_road,0,rrt_radius,8.0,max_curvature,1.4487
RRT*,blocked_road,1,rrt_radius,8.0,max_curvature,1.1157
RRT*,blocked_road,2,rrt_radius,8.0,max_curvature,1.4592
RRT*,blocked_road,3,rrt_radius,8.0,max_curvature,0.902
RRT*,blocked_road,4,rrt_radius,8.0,max_curvature,1.2049
RRT*,blocked_road,5,rrt_radius,8.0,max_curvature,1.2774
RRT*,blocked_road,6,rrt_radius,8.0,max_curvature,1.2262
RRT*,blocked_road,7,rrt_radius,8.0,max_curvature,1.2889
RRT*,blocked_road,8,rrt_radius,8.0,max_curvature,1.0702
RRT*,blocked_road,9,rrt_radius,8.0,max_curvature,1.888
RRT*,blocked_road,10,rrt_radius,8.0,max_curvature,1.3396
RRT*,blocked_road,11,rrt_radius,8.0,max_curvature,0.757
RRT*,blocked_road,12,rrt_radius,8.0,max_curvature,1.6207
RRT*,blocked_road,13,rrt_radius,8.0,max_curvature,1.2932
RRT*,blocked_road,14,rrt_radius,8.0,max_curvature,1.1602
RRT*,blocked_road,15,rrt_radius,8.0,max_curvature,1.2814
RRT*,blocked_road,16,rrt_radius,8.0,max_curvature,1.2163
RRT*,blocked_road,17,rrt_radius,8.0,max_curvature,1.3211
RRT*,blocked_road,18,rrt_radius,8.0,max_curvature,1.0715
RRT*,blocked_road,19,rrt_radius,8.0,max_curvature,1.1347
RRT*,blocked_road,20,rrt_radius,8.0,max_curvature,1.7968
RRT*,blocked_road,21,rrt_radius,8.0,max_curvature,1.0804
RRT*,blocked_road,22,rrt_radius,8.0,max_curvature,1.1629
RRT*,blocked_road,23,rrt_radius,8.0,max_curvature,1.3236
RRT*,blocked_road,24,rrt_radius,8.0,max_curvature,0.9147
RRT*,blocked_road,25,rrt_radius,8.0,max_curvature,0.9454
RRT*,blocked_road,26,rrt_radius,8.0,max_curvature,1.1607
RRT*,blocked_road,27,rrt_radius,8.0,max_curvature,0.8845
RRT*,blocked_road,28,rrt_radius,8.0,max_curvature,0.9763
RRT*,blocked_road,29,rrt_radius,8.0,max_curvature,0.9692
RRT*,dense_city,0,rrt_radius,8.0,max_curvature,1.0901
RRT*,dense_city,1,rrt_radius,8.0,max_curvature,1.3768
RRT*,dense_city,2,rrt_radius,8.0,max_curvature,1.2513
RRT*,dense_city,3,rrt_radius,8.0,max_curvature,1.5706
RRT*,dense_city,4,rrt_radius,8.0,max_curvature,1.5967
RRT*,dense_city,5,rrt_radius,8.0,max_curvature,1.0563
RRT*,dense_city,6,rrt_radius,8.0,max_curvature,1.3179
RRT*,dense_city,7,rrt_radius,8.0,max_curvature,1.1233
RRT*,dense_city,8,rrt_radius,8.0,max_curvature,1.4834
RRT*,dense_city,9,rrt_radius,8.0,max_curvature,
RRT*,dense_city,10,rrt_radius,8.0,max_curvature,1.3835
RRT*,dense_city,11,rrt_radius,8.0,max_curvature,1.1219
RRT*,dense_city,12,rrt_radius,8.0,max_curvature,1.3181
RRT*,dense_city,13,rrt_radius,8.0,max_curvature,1.0532
RRT*,dense_city,14,rrt_radius,8.0,max_curvature,1.5548
RRT*,dense_city,15,rrt_radius,8.0,max_curvature,1.5676
RRT*,dense_city,16,rrt_radius,8.0,max_curvature,1.167
RRT*,dense_city,17,rrt_radius,8.0,max_curvature,2.9444
RRT*,dense_city,18,rrt_radius,8.0,max_curvature,0.8583
RRT*,dense_city,19,rrt_radius,8.0,max_curvature,1.2118
RRT*,dense_city,20,rrt_radius,8.0,max_curvature,1.1209
RRT*,dense_city,21,rrt_radius,8.0,max_curvature,1.1396
RRT*,dense_city,22,rrt_radius,8.0,max_curvature,0.9729
RRT*,dense_city,23,rrt_radius,8.0,max_curvature,1.4144
RRT*,dense_city,24,rrt_radius,8.0,max_curvature,1.2697
RRT*,dense_city,25,rrt_radius,8.0,max_curvature,1.422
RRT*,dense_city,26,rrt_radius,8.0,max_curvature,1.5187
RRT*,dense_city,27,rrt_radius,8.0,max_curvature,1.1074
RRT*,dense_city,28,rrt_radius,8.0,max_curvature,1.1471
RRT*,dense_city,29,rrt_radius,8.0,max_curvature,1.2738
RRT*,normal_city,0,rrt_radius,12.0,max_curvature,1.5556
RRT*,normal_city,1,rrt_radius,12.0,max_curvature,1.0368
RRT*,normal_city,2,rrt_radius,12.0,max_curvature,1.2002
RRT*,normal_city,3,rrt_radius,12.0,max_curvature,1.3413
RRT*,normal_city,4,rrt_radius,12.0,max_curvature,1.4386
RRT*,normal_city,5,rrt_radius,12.0,max_curvature,1.3036
RRT*,normal_city,6,rrt_radius,12.0,max_curvature,1.2022
RRT*,normal_city,7,rrt_radius,12.0,max_curvature,1.3449
RRT*,normal_city,8,rrt_radius,12.0,max_curvature,1.0592
RRT*,normal_city,9,rrt_radius,12.0,max_curvature,1.225
RRT*,normal_city,10,rrt_radius,12.0,max_curvature,1.1395
RRT*,normal_city,11,rrt_radius,12.0,max_curvature,1.0871
RRT*,normal_city,12,rrt_radius,12.0,max_curvature,1.1701
RRT*,normal_city,13,rrt_radius,12.0,max_curvature,1.0988
RRT*,normal_city,14,rrt_radius,12.0,max_curvature,1.1765
RRT*,normal_city,15,rrt_radius,12.0,max_curvature,0.9736
RRT*,normal_city,16,rrt_radius,12.0,max_curvature,1.55
RRT*,normal_city,17,rrt_radius,12.0,max_curvature,1.2499
RRT*,normal_city,18,rrt_radius,12.0,max_curvature,1.2704
RRT*,normal_city,19,rrt_radius,12.0,max_curvature,0.7674
RRT*,normal_city,20,rrt_radius,12.0,max_curvature,1.1361
RRT*,normal_city,21,rrt_radius,12.0,max_curvature,0.9829
RRT*,normal_city,22,rrt_radius,12.0,max_curvature,1.1498
RRT*,normal_city,23,rrt_radius,12.0,max_curvature,1.0945
RRT*,normal_city,24,rrt_radius,12.0,max_curvature,1.3193
RRT*,normal_city,25,rrt_radius,12.0,max_curvature,1.3907
RRT*,normal_city,26,rrt_radius,12.0,max_curvature,0.9537
RRT*,normal_city,27,rrt_radius,12.0,max_curvature,1.3493
RRT*,normal_city,28,rrt_radius,12.0,max_curvature,1.334
RRT*,normal_city,29,rrt_radius,12.0,max_curvature,1.3403
RRT*,blocked_road,0,rrt_radius,12.0,max_curvature,0.9886
RRT*,blocked_road,1,rrt_radius,12.0,max_curvature,1.24
RRT*,blocked_road,2,rrt_radius,12.0,max_curvature,1.0655
RRT*,blocked_road,3,rrt_radius,12.0,max_curvature,1.1135
RRT*,blocked_road,4,rrt_radius,12.0,max_curvature,1.3246
RRT*,blocked_road,5,rrt_radius,12.0,max_curvature,1.5193
RRT*,blocked_road,6,rrt_radius,12.0,max_curvature,1.0972
RRT*,blocked_road,7,rrt_radius,12.0,max_curvature,1.1505
RRT*,blocked_road,8,rrt_radius,12.0,max_curvature,0.7466
RRT*,blocked_road,9,rrt_radius,12.0,max_curvature,0.9788
RRT*,blocked_road,10,rrt_radius,12.0,max_curvature,1.1502
RRT*,blocked_road,11,rrt_radius,12.0,max_curvature,0.918
RRT*,blocked_road,12,rrt_radius,12.0,max_curvature,1.3032
RRT*,blocked_road,13,rrt_radius,12.0,max_curvature,0.8644
RRT*,blocked_road,14,rrt_radius,12.0,max_curvature,1.1488
RRT*,blocked_road,15,rrt_radius,12.0,max_curvature,1.1316
RRT*,blocked_road,16,rrt_radius,12.0,max_curvature,1.1579
RRT*,blocked_road,17,rrt_radius,12.0,max_curvature,1.2083
RRT*,blocked_road,18,rrt_radius,12.0,max_curvature,1.1583
RRT*,blocked_road,19,rrt_radius,12.0,max_curvature,1.3125
RRT*,blocked_road,20,rrt_radius,12.0,max_curvature,1.111
RRT*,blocked_road,21,rrt_radius,12.0,max_curvature,1.0843
RRT*,blocked_road,22,rrt_radius,12.0,max_curvature,1.1742
RRT*,blocked_road,23,rrt_radius,12.0,max_curvature,1.548
RRT*,blocked_road,24,rrt_radius,12.0,max_curvature,0.9365
RRT*,blocked_road,25,rrt_radius,12.0,max_curvature,0.8765
RRT*,blocked_road,26,rrt_radius,12.0,max_curvature,0.9789
RRT*,blocked_road,27,rrt_radius,12.0,max_curvature,1.3844
RRT*,blocked_road,28,rrt_radius,12.0,max_curvature,1.4274
RRT*,blocked_road,29,rrt_radius,12.0,max_curvature,1.0875
RRT*,dense_city,0,rrt_radius,12.0,max_curvature,1.3509
RRT*,dense_city,1,rrt_radius,12.0,max_curvature,1.287
RRT*,dense_city,2,rrt_radius,12.0,max_curvature,1.2663
RRT*,dense_city,3,rrt_radius,12.0,max_curvature,1.1565
RRT*,dense_city,4,rrt_radius,12.0,max_curvature,1.2661
RRT*,dense_city,5,rrt_radius,12.0,max_curvature,1.0535
RRT*,dense_city,6,rrt_radius,12.0,max_curvature,1.1544
RRT*,dense_city,7,rrt_radius,12.0,max_curvature,1.2396
RRT*,dense_city,8,rrt_radius,12.0,max_curvature,1.5101
RRT*,dense_city,9,rrt_radius,12.0,max_curvature,
RRT*,dense_city,10,rrt_radius,12.0,max_curvature,1.3715
RRT*,dense_city,11,rrt_radius,12.0,max_curvature,1.4791
RRT*,dense_city,12,rrt_radius,12.0,max_curvature,2.3965
RRT*,dense_city,13,rrt_radius,12.0,max_curvature,1.2101
RRT*,dense_city,14,rrt_radius,12.0,max_curvature,1.4535
RRT*,dense_city,15,rrt_radius,12.0,max_curvature,1.5745
RRT*,dense_city,16,rrt_radius,12.0,max_curvature,1.0028
RRT*,dense_city,17,rrt_radius,12.0,max_curvature,1.5114
RRT*,dense_city,18,rrt_radius,12.0,max_curvature,1.0916
RRT*,dense_city,19,rrt_radius,12.0,max_curvature,1.281
RRT*,dense_city,20,rrt_radius,12.0,max_curvature,1.134
RRT*,dense_city,21,rrt_radius,12.0,max_curvature,1.2357
RRT*,dense_city,22,rrt_radius,12.0,max_curvature,0.944
RRT*,dense_city,23,rrt_radius,12.0,max_curvature,1.3378
RRT*,dense_city,24,rrt_radius,12.0,max_curvature,0.6607
RRT*,dense_city,25,rrt_radius,12.0,max_curvature,1.2405
RRT*,dense_city,26,rrt_radius,12.0,max_curvature,1.341
RRT*,dense_city,27,rrt_radius,12.0,max_curvature,1.3099
RRT*,dense_city,28,rrt_radius,12.0,max_curvature,1.1556
RRT*,dense_city,29,rrt_radius,12.0,max_curvature,2.0435
RRT*,normal_city,0,rrt_radius,18.0,max_curvature,1.1883
RRT*,normal_city,1,rrt_radius,18.0,max_curvature,1.3318
RRT*,normal_city,2,rrt_radius,18.0,max_curvature,1.3271
RRT*,normal_city,3,rrt_radius,18.0,max_curvature,1.1976
RRT*,normal_city,4,rrt_radius,18.0,max_curvature,1.4053
RRT*,normal_city,5,rrt_radius,18.0,max_curvature,1.0602
RRT*,normal_city,6,rrt_radius,18.0,max_curvature,1.4583
RRT*,normal_city,7,rrt_radius,18.0,max_curvature,1.2986
RRT*,normal_city,8,rrt_radius,18.0,max_curvature,1.1647
RRT*,normal_city,9,rrt_radius,18.0,max_curvature,1.1326
RRT*,normal_city,10,rrt_radius,18.0,max_curvature,1.1257
RRT*,normal_city,11,rrt_radius,18.0,max_curvature,1.5045
RRT*,normal_city,12,rrt_radius,18.0,max_curvature,1.0438
RRT*,normal_city,13,rrt_radius,18.0,max_curvature,1.2198
RRT*,normal_city,14,rrt_radius,18.0,max_curvature,1.3965
RRT*,normal_city,15,rrt_radius,18.0,max_curvature,1.0662
RRT*,normal_city,16,rrt_radius,18.0,max_curvature,1.3759
RRT*,normal_city,17,rrt_radius,18.0,max_curvature,1.6014
RRT*,normal_city,18,rrt_radius,18.0,max_curvature,1.4619
RRT*,normal_city,19,rrt_radius,18.0,max_curvature,1.049
RRT*,normal_city,20,rrt_radius,18.0,max_curvature,0.9016
RRT*,normal_city,21,rrt_radius,18.0,max_curvature,1.2572
RRT*,normal_city,22,rrt_radius,18.0,max_curvature,1.1172
RRT*,normal_city,23,rrt_radius,18.0,max_curvature,1.4218
RRT*,normal_city,24,rrt_radius,18.0,max_curvature,1.236
RRT*,normal_city,25,rrt_radius,18.0,max_curvature,1.249
RRT*,normal_city,26,rrt_radius,18.0,max_curvature,1.5247
RRT*,normal_city,27,rrt_radius,18.0,max_curvature,1.1743
RRT*,normal_city,28,rrt_radius,18.0,max_curvature,1.2961
RRT*,normal_city,29,rrt_radius,18.0,max_curvature,1.0665
RRT*,blocked_road,0,rrt_radius,18.0,max_curvature,0.9626
RRT*,blocked_road,1,rrt_radius,18.0,max_curvature,0.8686
RRT*,blocked_road,2,rrt_radius,18.0,max_curvature,1.159
RRT*,blocked_road,3,rrt_radius,18.0,max_curvature,0.9713
RRT*,blocked_road,4,rrt_radius,18.0,max_curvature,1.2149
RRT*,blocked_road,5,rrt_radius,18.0,max_curvature,1.5859
RRT*,blocked_road,6,rrt_radius,18.0,max_curvature,1.2038
RRT*,blocked_road,7,rrt_radius,18.0,max_curvature,1.2656
RRT*,blocked_road,8,rrt_radius,18.0,max_curvature,0.9609
RRT*,blocked_road,9,rrt_radius,18.0,max_curvature,1.0042
RRT*,blocked_road,10,rrt_radius,18.0,max_curvature,1.1211
RRT*,blocked_road,11,rrt_radius,18.0,max_curvature,1.0221
RRT*,blocked_road,12,rrt_radius,18.0,max_curvature,1.2827
RRT*,blocked_road,13,rrt_radius,18.0,max_curvature,0.7223
RRT*,blocked_road,14,rrt_radius,18.0,max_curvature,1.3427
RRT*,blocked_road,15,rrt_radius,18.0,max_curvature,0.9695
RRT*,blocked_road,16,rrt_radius,18.0,max_curvature,1.1485
RRT*,blocked_road,17,rrt_radius,18.0,max_curvature,1.3232
RRT*,blocked_road,18,rrt_radius,18.0,max_curvature,0.7742
RRT*,blocked_road,19,rrt_radius,18.0,max_curvature,1.1751
RRT*,blocked_road,20,rrt_radius,18.0,max_curvature,0.865
RRT*,blocked_road,21,rrt_radius,18.0,max_curvature,1.3493
RRT*,blocked_road,22,rrt_radius,18.0,max_curvature,1.4267
RRT*,blocked_road,23,rrt_radius,18.0,max_curvature,1.3869
RRT*,blocked_road,24,rrt_radius,18.0,max_curvature,1.2564
RRT*,blocked_road,25,rrt_radius,18.0,max_curvature,1.2888
RRT*,blocked_road,26,rrt_radius,18.0,max_curvature,1.3685
RRT*,blocked_road,27,rrt_radius,18.0,max_curvature,1.2996
RRT*,blocked_road,28,rrt_radius,18.0,max_curvature,1.2245
RRT*,blocked_road,29,rrt_radius,18.0,max_curvature,1.4523
RRT*,dense_city,0,rrt_radius,18.0,max_curvature,1.3308
RRT*,dense_city,1,rrt_radius,18.0,max_curvature,1.2857
RRT*,dense_city,2,rrt_radius,18.0,max_curvature,1.3259
RRT*,dense_city,3,rrt_radius,18.0,max_curvature,1.171
RRT*,dense_city,4,rrt_radius,18.0,max_curvature,1.2819
RRT*,dense_city,5,rrt_radius,18.0,max_curvature,1.1079
RRT*,dense_city,6,rrt_radius,18.0,max_curvature,1.4933
RRT*,dense_city,7,rrt_radius,18.0,max_curvature,1.2704
RRT*,dense_city,8,rrt_radius,18.0,max_curvature,1.3764
RRT*,dense_city,9,rrt_radius,18.0,max_curvature,
RRT*,dense_city,10,rrt_radius,18.0,max_curvature,1.3602
RRT*,dense_city,11,rrt_radius,18.0,max_curvature,1.5878
RRT*,dense_city,12,rrt_radius,18.0,max_curvature,1.2341
RRT*,dense_city,13,rrt_radius,18.0,max_curvature,1.2974
RRT*,dense_city,14,rrt_radius,18.0,max_curvature,1.3114
RRT*,dense_city,15,rrt_radius,18.0,max_curvature,1.5653
RRT*,dense_city,16,rrt_radius,18.0,max_curvature,1.0808
RRT*,dense_city,17,rrt_radius,18.0,max_curvature,1.5233
RRT*,dense_city,18,rrt_radius,18.0,max_curvature,1.1051
RRT*,dense_city,19,rrt_radius,18.0,max_curvature,1.2887
RRT*,dense_city,20,rrt_radius,18.0,max_curvature,1.2308
RRT*,dense_city,21,rrt_radius,18.0,max_curvature,1.3397
RRT*,dense_city,22,rrt_radius,18.0,max_curvature,1.1119
RRT*,dense_city,23,rrt_radius,18.0,max_curvature,1.293
RRT*,dense_city,24,rrt_radius,18.0,max_curvature,1.5669
RRT*,dense_city,25,rrt_radius,18.0,max_curvature,1.2944
RRT*,dense_city,26,rrt_radius,18.0,max_curvature,1.3717
RRT*,dense_city,27,rrt_radius,18.0,max_curvature,1.3454
RRT*,dense_city,28,rrt_radius,18.0,max_curvature,1.1885
RRT*,dense_city,29,rrt_radius,18.0,max_curvature,1.4359
RRT*,normal_city,0,rrt_radius,6.0,drive_time_curved,44.2768
RRT*,normal_city,1,rrt_radius,6.0,drive_time_curved,40.6303
RRT*,normal_city,2,rrt_radius,6.0,drive_time_curved,42.7287
RRT*,normal_city,3,rrt_radius,6.0,drive_time_curved,46.5106
RRT*,normal_city,4,rrt_radius,6.0,drive_time_curved,42.9678
RRT*,normal_city,5,rrt_radius,6.0,drive_time_curved,41.0487
RRT*,normal_city,6,rrt_radius,6.0,drive_time_curved,40.7386
RRT*,normal_city,7,rrt_radius,6.0,drive_time_curved,44.5025
RRT*,normal_city,8,rrt_radius,6.0,drive_time_curved,40.6471
RRT*,normal_city,9,rrt_radius,6.0,drive_time_curved,44.5218
RRT*,normal_city,10,rrt_radius,6.0,drive_time_curved,39.846
RRT*,normal_city,11,rrt_radius,6.0,drive_time_curved,37.8174
RRT*,normal_city,12,rrt_radius,6.0,drive_time_curved,43.7779
RRT*,normal_city,13,rrt_radius,6.0,drive_time_curved,44.3707
RRT*,normal_city,14,rrt_radius,6.0,drive_time_curved,38.3467
RRT*,normal_city,15,rrt_radius,6.0,drive_time_curved,41.3634
RRT*,normal_city,16,rrt_radius,6.0,drive_time_curved,41.2971
RRT*,normal_city,17,rrt_radius,6.0,drive_time_curved,43.5016
RRT*,normal_city,18,rrt_radius,6.0,drive_time_curved,39.9689
RRT*,normal_city,19,rrt_radius,6.0,drive_time_curved,38.5111
RRT*,normal_city,20,rrt_radius,6.0,drive_time_curved,40.7281
RRT*,normal_city,21,rrt_radius,6.0,drive_time_curved,42.7618
RRT*,normal_city,22,rrt_radius,6.0,drive_time_curved,40.4142
RRT*,normal_city,23,rrt_radius,6.0,drive_time_curved,39.5361
RRT*,normal_city,24,rrt_radius,6.0,drive_time_curved,33.069
RRT*,normal_city,25,rrt_radius,6.0,drive_time_curved,42.8428
RRT*,normal_city,26,rrt_radius,6.0,drive_time_curved,36.2285
RRT*,normal_city,27,rrt_radius,6.0,drive_time_curved,46.1416
RRT*,normal_city,28,rrt_radius,6.0,drive_time_curved,41.5358
RRT*,normal_city,29,rrt_radius,6.0,drive_time_curved,39.0224
RRT*,blocked_road,0,rrt_radius,6.0,drive_time_curved,37.9312
RRT*,blocked_road,1,rrt_radius,6.0,drive_time_curved,41.0291
RRT*,blocked_road,2,rrt_radius,6.0,drive_time_curved,41.4364
RRT*,blocked_road,3,rrt_radius,6.0,drive_time_curved,43.8462
RRT*,blocked_road,4,rrt_radius,6.0,drive_time_curved,40.4011
RRT*,blocked_road,5,rrt_radius,6.0,drive_time_curved,40.5623
RRT*,blocked_road,6,rrt_radius,6.0,drive_time_curved,46.6364
RRT*,blocked_road,7,rrt_radius,6.0,drive_time_curved,48.0729
RRT*,blocked_road,8,rrt_radius,6.0,drive_time_curved,38.9656
RRT*,blocked_road,9,rrt_radius,6.0,drive_time_curved,44.8699
RRT*,blocked_road,10,rrt_radius,6.0,drive_time_curved,38.2966
RRT*,blocked_road,11,rrt_radius,6.0,drive_time_curved,37.0558
RRT*,blocked_road,12,rrt_radius,6.0,drive_time_curved,38.1165
RRT*,blocked_road,13,rrt_radius,6.0,drive_time_curved,38.6547
RRT*,blocked_road,14,rrt_radius,6.0,drive_time_curved,42.6158
RRT*,blocked_road,15,rrt_radius,6.0,drive_time_curved,51.3496
RRT*,blocked_road,16,rrt_radius,6.0,drive_time_curved,53.3376
RRT*,blocked_road,17,rrt_radius,6.0,drive_time_curved,39.8915
RRT*,blocked_road,18,rrt_radius,6.0,drive_time_curved,37.0258
RRT*,blocked_road,19,rrt_radius,6.0,drive_time_curved,42.4414
RRT*,blocked_road,20,rrt_radius,6.0,drive_time_curved,36.0215
RRT*,blocked_road,21,rrt_radius,6.0,drive_time_curved,44.9905
RRT*,blocked_road,22,rrt_radius,6.0,drive_time_curved,45.7546
RRT*,blocked_road,23,rrt_radius,6.0,drive_time_curved,44.0934
RRT*,blocked_road,24,rrt_radius,6.0,drive_time_curved,42.911
RRT*,blocked_road,25,rrt_radius,6.0,drive_time_curved,41.9755
RRT*,blocked_road,26,rrt_radius,6.0,drive_time_curved,39.44
RRT*,blocked_road,27,rrt_radius,6.0,drive_time_curved,36.1811
RRT*,blocked_road,28,rrt_radius,6.0,drive_time_curved,38.3832
RRT*,blocked_road,29,rrt_radius,6.0,drive_time_curved,34.9122
RRT*,dense_city,0,rrt_radius,6.0,drive_time_curved,41.9962
RRT*,dense_city,1,rrt_radius,6.0,drive_time_curved,35.2113
RRT*,dense_city,2,rrt_radius,6.0,drive_time_curved,42.6493
RRT*,dense_city,3,rrt_radius,6.0,drive_time_curved,37.7134
RRT*,dense_city,4,rrt_radius,6.0,drive_time_curved,41.2004
RRT*,dense_city,5,rrt_radius,6.0,drive_time_curved,35.532
RRT*,dense_city,6,rrt_radius,6.0,drive_time_curved,34.6244
RRT*,dense_city,7,rrt_radius,6.0,drive_time_curved,32.9779
RRT*,dense_city,8,rrt_radius,6.0,drive_time_curved,51.3397
RRT*,dense_city,9,rrt_radius,6.0,drive_time_curved,
RRT*,dense_city,10,rrt_radius,6.0,drive_time_curved,43.3635
RRT*,dense_city,11,rrt_radius,6.0,drive_time_curved,42.0776
RRT*,dense_city,12,rrt_radius,6.0,drive_time_curved,41.5287
RRT*,dense_city,13,rrt_radius,6.0,drive_time_curved,47.8971
RRT*,dense_city,14,rrt_radius,6.0,drive_time_curved,37.1839
RRT*,dense_city,15,rrt_radius,6.0,drive_time_curved,41.0176
RRT*,dense_city,16,rrt_radius,6.0,drive_time_curved,39.6247
RRT*,dense_city,17,rrt_radius,6.0,drive_time_curved,47.1028
RRT*,dense_city,18,rrt_radius,6.0,drive_time_curved,37.5981
RRT*,dense_city,19,rrt_radius,6.0,drive_time_curved,37.3324
RRT*,dense_city,20,rrt_radius,6.0,drive_time_curved,42.0325
RRT*,dense_city,21,rrt_radius,6.0,drive_time_curved,47.74
RRT*,dense_city,22,rrt_radius,6.0,drive_time_curved,40.205
RRT*,dense_city,23,rrt_radius,6.0,drive_time_curved,45.4652
RRT*,dense_city,24,rrt_radius,6.0,drive_time_curved,38.6553
RRT*,dense_city,25,rrt_radius,6.0,drive_time_curved,38.3516
RRT*,dense_city,26,rrt_radius,6.0,drive_time_curved,38.7942
RRT*,dense_city,27,rrt_radius,6.0,drive_time_curved,41.736
RRT*,dense_city,28,rrt_radius,6.0,drive_time_curved,43.0047
RRT*,dense_city,29,rrt_radius,6.0,drive_time_curved,36.9842
RRT*,normal_city,0,rrt_radius,8.0,drive_time_curved,28.5131
RRT*,normal_city,1,rrt_radius,8.0,drive_time_curved,31.4778
RRT*,normal_city,2,rrt_radius,8.0,drive_time_curved,31.1795
RRT*,normal_city,3,rrt_radius,8.0,drive_time_curved,29.6526
RRT*,normal_city,4,rrt_radius,8.0,drive_time_curved,31.5768
RRT*,normal_city,5,rrt_radius,8.0,drive_time_curved,34.35
RRT*,normal_city,6,rrt_radius,8.0,drive_time_curved,30.8704
RRT*,normal_city,7,rrt_radius,8.0,drive_time_curved,30.0469
RRT*,normal_city,8,rrt_radius,8.0,drive_time_curved,32.1579
RRT*,normal_city,9,rrt_radius,8.0,drive_time_curved,29.1143
RRT*,normal_city,10,rrt_radius,8.0,drive_time_curved,32.4903
RRT*,normal_city,11,rrt_radius,8.0,drive_time_curved,29.3864
RRT*,normal_city,12,rrt_radius,8.0,drive_time_curved,36.5959
RRT*,normal_city,13,rrt_radius,8.0,drive_time_curved,28.4361
RRT*,normal_city,14,rrt_radius,8.0,drive_time_curved,30.8116
RRT*,normal_city,15,rrt_radius,8.0,drive_time_curved,31.0388
RRT*,normal_city,16,rrt_radius,8.0,drive_time_curved,32.194
RRT*,normal_city,17,rrt_radius,8.0,drive_time_curved,29.262
RRT*,normal_city,18,rrt_radius,8.0,drive_time_curved,30.1088
RRT*,normal_city,19,rrt_radius,8.0,drive_time_curved,28.5152
RRT*,normal_city,20,rrt_radius,8.0,drive_time_curved,28.2164
RRT*,normal_city,21,rrt_radius,8.0,drive_time_curved,30.1586
RRT*,normal_city,22,rrt_radius,8.0,drive_time_curved,31.6873
RRT*,normal_city,23,rrt_radius,8.0,drive_time_curved,33.6389
RRT*,normal_city,24,rrt_radius,8.0,drive_time_curved,27.5685
RRT*,normal_city,25,rrt_radius,8.0,drive_time_curved,32.1641
RRT*,normal_city,26,rrt_radius,8.0,drive_time_curved,29.7881
RRT*,normal_city,27,rrt_radius,8.0,drive_time_curved,31.1545
RRT*,normal_city,28,rrt_radius,8.0,drive_time_curved,33.5708
RRT*,normal_city,29,rrt_radius,8.0,drive_time_curved,32.2755
RRT*,blocked_road,0,rrt_radius,8.0,drive_time_curved,31.5334
RRT*,blocked_road,1,rrt_radius,8.0,drive_time_curved,28.5101
RRT*,blocked_road,2,rrt_radius,8.0,drive_time_curved,30.8449
RRT*,blocked_road,3,rrt_radius,8.0,drive_time_curved,30.4231
RRT*,blocked_road,4,rrt_radius,8.0,drive_time_curved,29.7793
RRT*,blocked_road,5,rrt_radius,8.0,drive_time_curved,29.9826
RRT*,blocked_road,6,rrt_radius,8.0,drive_time_curved,33.2735
RRT*,blocked_road,7,rrt_radius,8.0,drive_time_curved,33.6235
RRT*,blocked_road,8,rrt_radius,8.0,drive_time_curved,30.1199
RRT*,blocked_road,9,rrt_radius,8.0,drive_time_curved,32.3396
RRT*,blocked_road,10,rrt_radius,8.0,drive_time_curved,28.8638
RRT*,blocked_road,11,rrt_radius,8.0,drive_time_curved,31.436
RRT*,blocked_road,12,rrt_radius,8.0,drive_time_curved,29.2688
RRT*,blocked_road,13,rrt_radius,8.0,drive_time_curved,28.4608
RRT*,blocked_road,14,rrt_radius,8.0,drive_time_curved,29.8284
RRT*,blocked_road,15,rrt_radius,8.0,drive_time_curved,30.2167
RRT*,blocked_road,16,rrt_radius,8.0,drive_time_curved,39.0283
RRT*,blocked_road,17,rrt_radius,8.0,drive_time_curved,29.5317
RRT*,blocked_road,18,rrt_radius,8.0,drive_time_curved,29.78
RRT*,blocked_road,19,rrt_radius,8.0,drive_time_curved,26.7517
RRT*,blocked_road,20,rrt_radius,8.0,drive_time_curved,32.2734
RRT*,blocked_road,21,rrt_radius,8.0,drive_time_curved,31.8071
RRT*,blocked_road,22,rrt_radius,8.0,drive_time_curved,30.5123
RRT*,blocked_road,23,rrt_radius,8.0,drive_time_curved,33.1181
RRT*,blocked_road,24,rrt_radius,8.0,drive_time_curved,30.6926
RRT*,blocked_road,25,rrt_radius,8.0,drive_time_curved,29.9878
RRT*,blocked_road,26,rrt_radius,8.0,drive_time_curved,28.0945
RRT*,blocked_road,27,rrt_radius,8.0,drive_time_curved,28.5724
RRT*,blocked_road,28,rrt_radius,8.0,drive_time_curved,29.7586
RRT*,blocked_road,29,rrt_radius,8.0,drive_time_curved,28.563
RRT*,dense_city,0,rrt_radius,8.0,drive_time_curved,31.3275
RRT*,dense_city,1,rrt_radius,8.0,drive_time_curved,32.433
RRT*,dense_city,2,rrt_radius,8.0,drive_time_curved,30.9143
RRT*,dense_city,3,rrt_radius,8.0,drive_time_curved,30.6217
RRT*,dense_city,4,rrt_radius,8.0,drive_time_curved,32.4233
RRT*,dense_city,5,rrt_radius,8.0,drive_time_curved,33.0168
RRT*,dense_city,6,rrt_radius,8.0,drive_time_curved,31.0061
RRT*,dense_city,7,rrt_radius,8.0,drive_time_curved,31.3172
RRT*,dense_city,8,rrt_radius,8.0,drive_time_curved,36.0482
RRT*,dense_city,9,rrt_radius,8.0,drive_time_curved,
RRT*,dense_city,10,rrt_radius,8.0,drive_time_curved,33.4783
RRT*,dense_city,11,rrt_radius,8.0,drive_time_curved,34.5249
RRT*,dense_city,12,rrt_radius,8.0,drive_time_curved,35.6663
RRT*,dense_city,13,rrt_radius,8.0,drive_time_curved,31.0866
RRT*,dense_city,14,rrt_radius,8.0,drive_time_curved,31.8599
RRT*,dense_city,15,rrt_radius,8.0,drive_time_curved,32.9617
RRT*,dense_city,16,rrt_radius,8.0,drive_time_curved,34.6867
RRT*,dense_city,17,rrt_radius,8.0,drive_time_curved,34.2476
RRT*,dense_city,18,rrt_radius,8.0,drive_time_curved,30.6818
RRT*,dense_city,19,rrt_radius,8.0,drive_time_curved,30.5502
RRT*,dense_city,20,rrt_radius,8.0,drive_time_curved,35.3358
RRT*,dense_city,21,rrt_radius,8.0,drive_time_curved,31.7105
RRT*,dense_city,22,rrt_radius,8.0,drive_time_curved,28.3131
RRT*,dense_city,23,rrt_radius,8.0,drive_time_curved,31.0504
RRT*,dense_city,24,rrt_radius,8.0,drive_time_curved,29.3295
RRT*,dense_city,25,rrt_radius,8.0,drive_time_curved,29.4979
RRT*,dense_city,26,rrt_radius,8.0,drive_time_curved,35.2688
RRT*,dense_city,27,rrt_radius,8.0,drive_time_curved,32.6085
RRT*,dense_city,28,rrt_radius,8.0,drive_time_curved,33.4655
RRT*,dense_city,29,rrt_radius,8.0,drive_time_curved,27.9677
RRT*,normal_city,0,rrt_radius,12.0,drive_time_curved,26.3754
RRT*,normal_city,1,rrt_radius,12.0,drive_time_curved,28.2993
RRT*,normal_city,2,rrt_radius,12.0,drive_time_curved,28.6809
RRT*,normal_city,3,rrt_radius,12.0,drive_time_curved,26.6886
RRT*,normal_city,4,rrt_radius,12.0,drive_time_curved,27.0162
RRT*,normal_city,5,rrt_radius,12.0,drive_time_curved,25.68
RRT*,normal_city,6,rrt_radius,12.0,drive_time_curved,27.388
RRT*,normal_city,7,rrt_radius,12.0,drive_time_curved,25.659
RRT*,normal_city,8,rrt_radius,12.0,drive_time_curved,27.6608
RRT*,normal_city,9,rrt_radius,12.0,drive_time_curved,26.4254
RRT*,normal_city,10,rrt_radius,12.0,drive_time_curved,25.3039
RRT*,normal_city,11,rrt_radius,12.0,drive_time_curved,27.893
RRT*,normal_city,12,rrt_radius,12.0,drive_time_curved,30.0556
RRT*,normal_city,13,rrt_radius,12.0,drive_time_curved,28.1387
RRT*,normal_city,14,rrt_radius,12.0,drive_time_curved,26.6068
RRT*,normal_city,15,rrt_radius,12.0,drive_time_curved,23.9544
RRT*,normal_city,16,rrt_radius,12.0,drive_time_curved,26.2365
RRT*,normal_city,17,rrt_radius,12.0,drive_time_curved,28.6565
RRT*,normal_city,18,rrt_radius,12.0,drive_time_curved,26.0127
RRT*,normal_city,19,rrt_radius,12.0,drive_time_curved,24.9149
RRT*,normal_city,20,rrt_radius,12.0,drive_time_curved,26.5707
RRT*,normal_city,21,rrt_radius,12.0,drive_time_curved,24.7005
RRT*,normal_city,22,rrt_radius,12.0,drive_time_curved,27.6761
RRT*,normal_city,23,rrt_radius,12.0,drive_time_curved,29.647
RRT*,normal_city,24,rrt_radius,12.0,drive_time_curved,25.6147
RRT*,normal_city,25,rrt_radius,12.0,drive_time_curved,26.9836
RRT*,normal_city,26,rrt_radius,12.0,drive_time_curved,25.1901
RRT*,normal_city,27,rrt_radius,12.0,drive_time_curved,29.8428
RRT*,normal_city,28,rrt_radius,12.0,drive_time_curved,27.9754
RRT*,normal_city,29,rrt_radius,12.0,drive_time_curved,28.543
RRT*,blocked_road,0,rrt_radius,12.0,drive_time_curved,27.8717
RRT*,blocked_road,1,rrt_radius,12.0,drive_time_curved,24.3781
RRT*,blocked_road,2,rrt_radius,12.0,drive_time_curved,27.2172
RRT*,blocked_road,3,rrt_radius,12.0,drive_time_curved,23.4124
RRT*,blocked_road,4,rrt_radius,12.0,drive_time_curved,26.5476
RRT*,blocked_road,5,rrt_radius,12.0,drive_time_curved,26.5486
RRT*,blocked_road,6,rrt_radius,12.0,drive_time_curved,25.6534
RRT*,blocked_road,7,rrt_radius,12.0,drive_time_curved,28.6577
RRT*,blocked_road,8,rrt_radius,12.0,drive_time_curved,25.9444
RRT*,blocked_road,9,rrt_radius,12.0,drive_time_curved,27.1329
RRT*,blocked_road,10,rrt_radius,12.0,drive_time_curved,24.1639
RRT*,blocked_road,11,rrt_radius,12.0,drive_time_curved,23.1675
RRT*,blocked_road,12,rrt_radius,12.0,drive_time_curved,25.5645
RRT*,blocked_road,13,rrt_radius,12.0,drive_time_curved,25.3783
RRT*,blocked_road,14,rrt_radius,12.0,drive_time_curved,27.001
RRT*,blocked_road,15,rrt_radius,12.0,drive_time_curved,24.2351
RRT*,blocked_road,16,rrt_radius,12.0,drive_time_curved,28.6442
RRT*,blocked_road,17,rrt_radius,12.0,drive_time_curved,27.267
RRT*,blocked_road,18,rrt_radius,12.0,drive_time_curved,24.3999
RRT*,blocked_road,19,rrt_radius,12.0,drive_time_curved,23.5088
RRT*,blocked_road,20,rrt_radius,12.0,drive_time_curved,28.2643
RRT*,blocked_road,21,rrt_radius,12.0,drive_time_curved,26.4429
RRT*,blocked_road,22,rrt_radius,12.0,drive_time_curved,23.9155
RRT*,blocked_road,23,rrt_radius,12.0,drive_time_curved,27.8729
RRT*,blocked_road,24,rrt_radius,12.0,drive_time_curved,27.1766
RRT*,blocked_road,25,rrt_radius,12.0,drive_time_curved,25.1304
RRT*,blocked_road,26,rrt_radius,12.0,drive_time_curved,22.2755
RRT*,blocked_road,27,rrt_radius,12.0,drive_time_curved,25.8246
RRT*,blocked_road,28,rrt_radius,12.0,drive_time_curved,27.0924
RRT*,blocked_road,29,rrt_radius,12.0,drive_time_curved,25.7938
RRT*,dense_city,0,rrt_radius,12.0,drive_time_curved,27.9852
RRT*,dense_city,1,rrt_radius,12.0,drive_time_curved,29.5443
RRT*,dense_city,2,rrt_radius,12.0,drive_time_curved,28.264
RRT*,dense_city,3,rrt_radius,12.0,drive_time_curved,27.9436
RRT*,dense_city,4,rrt_radius,12.0,drive_time_curved,29.3205
RRT*,dense_city,5,rrt_radius,12.0,drive_time_curved,31.8653
RRT*,dense_city,6,rrt_radius,12.0,drive_time_curved,28.1049
RRT*,dense_city,7,rrt_radius,12.0,drive_time_curved,29.4924
RRT*,dense_city,8,rrt_radius,12.0,drive_time_curved,31.6512
RRT*,dense_city,9,rrt_radius,12.0,drive_time_curved,
RRT*,dense_city,10,rrt_radius,12.0,drive_time_curved,30.9796
RRT*,dense_city,11,rrt_radius,12.0,drive_time_curved,35.8148
RRT*,dense_city,12,rrt_radius,12.0,drive_time_curved,32.1893
RRT*,dense_city,13,rrt_radius,12.0,drive_time_curved,27.4742
RRT*,dense_city,14,rrt_radius,12.0,drive_time_curved,32.9069
RRT*,dense_city,15,rrt_radius,12.0,drive_time_curved,30.1354
RRT*,dense_city,16,rrt_radius,12.0,drive_time_curved,31.5702
RRT*,dense_city,17,rrt_radius,12.0,drive_time_curved,24.6711
RRT*,dense_city,18,rrt_radius,12.0,drive_time_curved,29.25
RRT*,dense_city,19,rrt_radius,12.0,drive_time_curved,27.9261
RRT*,dense_city,20,rrt_radius,12.0,drive_time_curved,32.3205
RRT*,dense_city,21,rrt_radius,12.0,drive_time_curved,26.4545
RRT*,dense_city,22,rrt_radius,12.0,drive_time_curved,26.3112
RRT*,dense_city,23,rrt_radius,12.0,drive_time_curved,28.1593
RRT*,dense_city,24,rrt_radius,12.0,drive_time_curved,26.2531
RRT*,dense_city,25,rrt_radius,12.0,drive_time_curved,28.2506
RRT*,dense_city,26,rrt_radius,12.0,drive_time_curved,27.0161
RRT*,dense_city,27,rrt_radius,12.0,drive_time_curved,27.8113
RRT*,dense_city,28,rrt_radius,12.0,drive_time_curved,30.2986
RRT*,dense_city,29,rrt_radius,12.0,drive_time_curved,30.4091
RRT*,normal_city,0,rrt_radius,18.0,drive_time_curved,23.812
RRT*,normal_city,1,rrt_radius,18.0,drive_time_curved,26.3272
RRT*,normal_city,2,rrt_radius,18.0,drive_time_curved,27.4821
RRT*,normal_city,3,rrt_radius,18.0,drive_time_curved,24.2512
RRT*,normal_city,4,rrt_radius,18.0,drive_time_curved,25.5227
RRT*,normal_city,5,rrt_radius,18.0,drive_time_curved,25.7528
RRT*,normal_city,6,rrt_radius,18.0,drive_time_curved,25.792
RRT*,normal_city,7,rrt_radius,18.0,drive_time_curved,25.5429
RRT*,normal_city,8,rrt_radius,18.0,drive_time_curved,25.1671
RRT*,normal_city,9,rrt_radius,18.0,drive_time_curved,25.6525
RRT*,normal_city,10,rrt_radius,18.0,drive_time_curved,24.8771
RRT*,normal_city,11,rrt_radius,18.0,drive_time_curved,26.9702
RRT*,normal_city,12,rrt_radius,18.0,drive_time_curved,27.9155
RRT*,normal_city,13,rrt_radius,18.0,drive_time_curved,26.317
RRT*,normal_city,14,rrt_radius,18.0,drive_time_curved,25.5134
RRT*,normal_city,15,rrt_radius,18.0,drive_time_curved,23.2804
RRT*,normal_city,16,rrt_radius,18.0,drive_time_curved,23.4445
RRT*,normal_city,17,rrt_radius,18.0,drive_time_curved,29.0948
RRT*,normal_city,18,rrt_radius,18.0,drive_time_curved,25.8949
RRT*,normal_city,19,rrt_radius,18.0,drive_time_curved,22.5276
RRT*,normal_city,20,rrt_radius,18.0,drive_time_curved,25.0358
RRT*,normal_city,21,rrt_radius,18.0,drive_time_curved,22.8388
RRT*,normal_city,22,rrt_radius,18.0,drive_time_curved,25.4981
RRT*,normal_city,23,rrt_radius,18.0,drive_time_curved,28.185
RRT*,normal_city,24,rrt_radius,18.0,drive_time_curved,24.1474
RRT*,normal_city,25,rrt_radius,18.0,drive_time_curved,25.8913
RRT*,normal_city,26,rrt_radius,18.0,drive_time_curved,24.7719
RRT*,normal_city,27,rrt_radius,18.0,drive_time_curved,26.0127
RRT*,normal_city,28,rrt_radius,18.0,drive_time_curved,29.6875
RRT*,normal_city,29,rrt_radius,18.0,drive_time_curved,26.795
RRT*,blocked_road,0,rrt_radius,18.0,drive_time_curved,28.2896
RRT*,blocked_road,1,rrt_radius,18.0,drive_time_curved,22.1335
RRT*,blocked_road,2,rrt_radius,18.0,drive_time_curved,25.5135
RRT*,blocked_road,3,rrt_radius,18.0,drive_time_curved,23.8164
RRT*,blocked_road,4,rrt_radius,18.0,drive_time_curved,24.9282
RRT*,blocked_road,5,rrt_radius,18.0,drive_time_curved,26.1461
RRT*,blocked_road,6,rrt_radius,18.0,drive_time_curved,26.3752
RRT*,blocked_road,7,rrt_radius,18.0,drive_time_curved,26.3963
RRT*,blocked_road,8,rrt_radius,18.0,drive_time_curved,24.6751
RRT*,blocked_road,9,rrt_radius,18.0,drive_time_curved,24.9324
RRT*,blocked_road,10,rrt_radius,18.0,drive_time_curved,24.324
RRT*,blocked_road,11,rrt_radius,18.0,drive_time_curved,23.9755
RRT*,blocked_road,12,rrt_radius,18.0,drive_time_curved,25.2038
RRT*,blocked_road,13,rrt_radius,18.0,drive_time_curved,24.5844
RRT*,blocked_road,14,rrt_radius,18.0,drive_time_curved,24.2137
RRT*,blocked_road,15,rrt_radius,18.0,drive_time_curved,23.8573
RRT*,blocked_road,16,rrt_radius,18.0,drive_time_curved,23.3241
RRT*,blocked_road,17,rrt_radius,18.0,drive_time_curved,24.8247
RRT*,blocked_road,18,rrt_radius,18.0,drive_time_curved,22.9234
RRT*,blocked_road,19,rrt_radius,18.0,drive_time_curved,22.6653
RRT*,blocked_road,20,rrt_radius,18.0,drive_time_curved,23.4113
RRT*,blocked_road,21,rrt_radius,18.0,drive_time_curved,24.5508
RRT*,blocked_road,22,rrt_radius,18.0,drive_time_curved,23.4131
RRT*,blocked_road,23,rrt_radius,18.0,drive_time_curved,25.204
RRT*,blocked_road,24,rrt_radius,18.0,drive_time_curved,24.775
RRT*,blocked_road,25,rrt_radius,18.0,drive_time_curved,27.6266
RRT*,blocked_road,26,rrt_radius,18.0,drive_time_curved,21.1645
RRT*,blocked_road,27,rrt_radius,18.0,drive_time_curved,21.5959
RRT*,blocked_road,28,rrt_radius,18.0,drive_time_curved,26.8223
RRT*,blocked_road,29,rrt_radius,18.0,drive_time_curved,23.9306
RRT*,dense_city,0,rrt_radius,18.0,drive_time_curved,27.1612
RRT*,dense_city,1,rrt_radius,18.0,drive_time_curved,29.5682
RRT*,dense_city,2,rrt_radius,18.0,drive_time_curved,27.3661
RRT*,dense_city,3,rrt_radius,18.0,drive_time_curved,26.8931
RRT*,dense_city,4,rrt_radius,18.0,drive_time_curved,30.394
RRT*,dense_city,5,rrt_radius,18.0,drive_time_curved,31.7265
RRT*,dense_city,6,rrt_radius,18.0,drive_time_curved,26.2397
RRT*,dense_city,7,rrt_radius,18.0,drive_time_curved,29.42
RRT*,dense_city,8,rrt_radius,18.0,drive_time_curved,31.3056
RRT*,dense_city,9,rrt_radius,18.0,drive_time_curved,
RRT*,dense_city,10,rrt_radius,18.0,drive_time_curved,29.575
RRT*,dense_city,11,rrt_radius,18.0,drive_time_curved,32.2806
RRT*,dense_city,12,rrt_radius,18.0,drive_time_curved,30.4668
RRT*,dense_city,13,rrt_radius,18.0,drive_time_curved,29.4066
RRT*,dense_city,14,rrt_radius,18.0,drive_time_curved,30.8328
RRT*,dense_city,15,rrt_radius,18.0,drive_time_curved,28.7088
RRT*,dense_city,16,rrt_radius,18.0,drive_time_curved,30.6469
RRT*,dense_city,17,rrt_radius,18.0,drive_time_curved,23.3688
RRT*,dense_city,18,rrt_radius,18.0,drive_time_curved,28.4352
RRT*,dense_city,19,rrt_radius,18.0,drive_time_curved,26.8591
RRT*,dense_city,20,rrt_radius,18.0,drive_time_curved,32.2919
RRT*,dense_city,21,rrt_radius,18.0,drive_time_curved,25.2471
RRT*,dense_city,22,rrt_radius,18.0,drive_time_curved,27.2008
RRT*,dense_city,23,rrt_radius,18.0,drive_time_curved,23.9874
RRT*,dense_city,24,rrt_radius,18.0,drive_time_curved,27.8424
RRT*,dense_city,25,rrt_radius,18.0,drive_time_curved,27.4481
RRT*,dense_city,26,rrt_radius,18.0,drive_time_curved,26.0926
RRT*,dense_city,27,rrt_radius,18.0,drive_time_curved,25.3365
RRT*,dense_city,28,rrt_radius,18.0,drive_time_curved,29.8557
RRT*,dense_city,29,rrt_radius,18.0,drive_time_curved,27.4443
RRT*,normal_city,0,rrt_radius,6.0,comp_time,0.1637
RRT*,normal_city,1,rrt_radius,6.0,comp_time,0.29001
RRT*,normal_city,2,rrt_radius,6.0,comp_time,0.59749
RRT*,normal_city,3,rrt_radius,6.0,comp_time,0.1379
RRT*,normal_city,4,rrt_radius,6.0,comp_time,0.11315
RRT*,normal_city,5,rrt_radius,6.0,comp_time,0.22766
RRT*,normal_city,6,rrt_radius,6.0,comp_time,0.25444
RRT*,normal_city,7,rrt_radius,6.0,comp_time,0.21902
RRT*,normal_city,8,rrt_radius,6.0,comp_time,0.42038
RRT*,normal_city,9,rrt_radius,6.0,comp_time,0.08169
RRT*,normal_city,10,rrt_radius,6.0,comp_time,0.41223
RRT*,normal_city,11,rrt_radius,6.0,comp_time,0.64853
RRT*,normal_city,12,rrt_radius,6.0,comp_time,0.6056
RRT*,normal_city,13,rrt_radius,6.0,comp_time,0.13829
RRT*,normal_city,14,rrt_radius,6.0,comp_time,0.21065
RRT*,normal_city,15,rrt_radius,6.0,comp_time,0.22685
RRT*,normal_city,16,rrt_radius,6.0,comp_time,0.1664
RRT*,normal_city,17,rrt_radius,6.0,comp_time,0.38621
RRT*,normal_city,18,rrt_radius,6.0,comp_time,0.28447
RRT*,normal_city,19,rrt_radius,6.0,comp_time,0.09897
RRT*,normal_city,20,rrt_radius,6.0,comp_time,0.09741
RRT*,normal_city,21,rrt_radius,6.0,comp_time,0.1513
RRT*,normal_city,22,rrt_radius,6.0,comp_time,0.34757
RRT*,normal_city,23,rrt_radius,6.0,comp_time,3.27085
RRT*,normal_city,24,rrt_radius,6.0,comp_time,0.20701
RRT*,normal_city,25,rrt_radius,6.0,comp_time,0.89483
RRT*,normal_city,26,rrt_radius,6.0,comp_time,0.24085
RRT*,normal_city,27,rrt_radius,6.0,comp_time,0.25013
RRT*,normal_city,28,rrt_radius,6.0,comp_time,0.95046
RRT*,normal_city,29,rrt_radius,6.0,comp_time,0.24483
RRT*,blocked_road,0,rrt_radius,6.0,comp_time,0.6284
RRT*,blocked_road,1,rrt_radius,6.0,comp_time,0.85152
RRT*,blocked_road,2,rrt_radius,6.0,comp_time,0.43792
RRT*,blocked_road,3,rrt_radius,6.0,comp_time,1.29265
RRT*,blocked_road,4,rrt_radius,6.0,comp_time,1.10807
RRT*,blocked_road,5,rrt_radius,6.0,comp_time,0.57446
RRT*,blocked_road,6,rrt_radius,6.0,comp_time,0.44915
RRT*,blocked_road,7,rrt_radius,6.0,comp_time,0.51545
RRT*,blocked_road,8,rrt_radius,6.0,comp_time,0.18882
RRT*,blocked_road,9,rrt_radius,6.0,comp_time,1.25082
RRT*,blocked_road,10,rrt_radius,6.0,comp_time,0.18568
RRT*,blocked_road,11,rrt_radius,6.0,comp_time,0.89098
RRT*,blocked_road,12,rrt_radius,6.0,comp_time,0.61776
RRT*,blocked_road,13,rrt_radius,6.0,comp_time,0.78762
RRT*,blocked_road,14,rrt_radius,6.0,comp_time,0.32068
RRT*,blocked_road,15,rrt_radius,6.0,comp_time,0.55789
RRT*,blocked_road,16,rrt_radius,6.0,comp_time,0.54387
RRT*,blocked_road,17,rrt_radius,6.0,comp_time,0.23789
RRT*,blocked_road,18,rrt_radius,6.0,comp_time,0.18114
RRT*,blocked_road,19,rrt_radius,6.0,comp_time,0.07453
RRT*,blocked_road,20,rrt_radius,6.0,comp_time,0.90564
RRT*,blocked_road,21,rrt_radius,6.0,comp_time,0.20009
RRT*,blocked_road,22,rrt_radius,6.0,comp_time,0.33492
RRT*,blocked_road,23,rrt_radius,6.0,comp_time,0.96971
RRT*,blocked_road,24,rrt_radius,6.0,comp_time,0.77272
RRT*,blocked_road,25,rrt_radius,6.0,comp_time,0.4013
RRT*,blocked_road,26,rrt_radius,6.0,comp_time,0.16165
RRT*,blocked_road,27,rrt_radius,6.0,comp_time,0.33406
RRT*,blocked_road,28,rrt_radius,6.0,comp_time,0.74142
RRT*,blocked_road,29,rrt_radius,6.0,comp_time,0.14422
RRT*,dense_city,0,rrt_radius,6.0,comp_time,0.45649
RRT*,dense_city,1,rrt_radius,6.0,comp_time,12.38188
RRT*,dense_city,2,rrt_radius,6.0,comp_time,0.24232
RRT*,dense_city,3,rrt_radius,6.0,comp_time,0.18662
RRT*,dense_city,4,rrt_radius,6.0,comp_time,0.77935
RRT*,dense_city,5,rrt_radius,6.0,comp_time,25.52034
RRT*,dense_city,6,rrt_radius,6.0,comp_time,4.50089
RRT*,dense_city,7,rrt_radius,6.0,comp_time,27.91788
RRT*,dense_city,8,rrt_radius,6.0,comp_time,0.20647
RRT*,dense_city,9,rrt_radius,6.0,comp_time,0.82187
RRT*,dense_city,10,rrt_radius,6.0,comp_time,0.14498
RRT*,dense_city,11,rrt_radius,6.0,comp_time,0.44701
RRT*,dense_city,12,rrt_radius,6.0,comp_time,2.96133
RRT*,dense_city,13,rrt_radius,6.0,comp_time,0.55159
RRT*,dense_city,14,rrt_radius,6.0,comp_time,1.38015
RRT*,dense_city,15,rrt_radius,6.0,comp_time,1.07393
RRT*,dense_city,16,rrt_radius,6.0,comp_time,2.25072
RRT*,dense_city,17,rrt_radius,6.0,comp_time,0.37711
RRT*,dense_city,18,rrt_radius,6.0,comp_time,1.16296
RRT*,dense_city,19,rrt_radius,6.0,comp_time,6.166
RRT*,dense_city,20,rrt_radius,6.0,comp_time,1.14396
RRT*,dense_city,21,rrt_radius,6.0,comp_time,0.23744
RRT*,dense_city,22,rrt_radius,6.0,comp_time,0.63991
RRT*,dense_city,23,rrt_radius,6.0,comp_time,0.78866
RRT*,dense_city,24,rrt_radius,6.0,comp_time,0.60798
RRT*,dense_city,25,rrt_radius,6.0,comp_time,1.40679
RRT*,dense_city,26,rrt_radius,6.0,comp_time,1.0103
RRT*,dense_city,27,rrt_radius,6.0,comp_time,0.81808
RRT*,dense_city,28,rrt_radius,6.0,comp_time,0.88652
RRT*,dense_city,29,rrt_radius,6.0,comp_time,1.01022
RRT*,normal_city,0,rrt_radius,8.0,comp_time,0.20435
RRT*,normal_city,1,rrt_radius,8.0,comp_time,0.36678
RRT*,normal_city,2,rrt_radius,8.0,comp_time,0.73461
RRT*,normal_city,3,rrt_radius,8.0,comp_time,0.17222
RRT*,normal_city,4,rrt_radius,8.0,comp_time,0.14713
RRT*,normal_city,5,rrt_radius,8.0,comp_time,0.30408
RRT*,normal_city,6,rrt_radius,8.0,comp_time,0.34895
RRT*,normal_city,7,rrt_radius,8.0,comp_time,0.282
RRT*,normal_city,8,rrt_radius,8.0,comp_time,0.50906
RRT*,normal_city,9,rrt_radius,8.0,comp_time,0.10541
RRT*,normal_city,10,rrt_radius,8.0,comp_time,0.48628
RRT*,normal_city,11,rrt_radius,8.0,comp_time,0.79836
RRT*,normal_city,12,rrt_radius,8.0,comp_time,0.70131
RRT*,normal_city,13,rrt_radius,8.0,comp_time,0.17105
RRT*,normal_city,14,rrt_radius,8.0,comp_time,0.26995
RRT*,normal_city,15,rrt_radius,8.0,comp_time,0.29605
RRT*,normal_city,16,rrt_radius,8.0,comp_time,0.21864
RRT*,normal_city,17,rrt_radius,8.0,comp_time,0.46355
RRT*,normal_city,18,rrt_radius,8.0,comp_time,0.32835
RRT*,normal_city,19,rrt_radius,8.0,comp_time,0.13135
RRT*,normal_city,20,rrt_radius,8.0,comp_time,0.13143
RRT*,normal_city,21,rrt_radius,8.0,comp_time,0.22827
RRT*,normal_city,22,rrt_radius,8.0,comp_time,0.42936
RRT*,normal_city,23,rrt_radius,8.0,comp_time,3.77888
RRT*,normal_city,24,rrt_radius,8.0,comp_time,0.25519
RRT*,normal_city,25,rrt_radius,8.0,comp_time,1.08893
RRT*,normal_city,26,rrt_radius,8.0,comp_time,0.30097
RRT*,normal_city,27,rrt_radius,8.0,comp_time,0.32666
RRT*,normal_city,28,rrt_radius,8.0,comp_time,1.13195
RRT*,normal_city,29,rrt_radius,8.0,comp_time,0.31995
RRT*,blocked_road,0,rrt_radius,8.0,comp_time,0.71205
RRT*,blocked_road,1,rrt_radius,8.0,comp_time,1.04376
RRT*,blocked_road,2,rrt_radius,8.0,comp_time,0.52811
RRT*,blocked_road,3,rrt_radius,8.0,comp_time,1.46708
RRT*,blocked_road,4,rrt_radius,8.0,comp_time,1.26551
RRT*,blocked_road,5,rrt_radius,8.0,comp_time,0.68192
RRT*,blocked_road,6,rrt_radius,8.0,comp_time,0.53682
RRT*,blocked_road,7,rrt_radius,8.0,comp_time,0.60775
RRT*,blocked_road,8,rrt_radius,8.0,comp_time,0.22653
RRT*,blocked_road,9,rrt_radius,8.0,comp_time,1.5736
RRT*,blocked_road,10,rrt_radius,8.0,comp_time,0.24836
RRT*,blocked_road,11,rrt_radius,8.0,comp_time,1.02844
RRT*,blocked_road,12,rrt_radius,8.0,comp_time,0.70061
RRT*,blocked_road,13,rrt_radius,8.0,comp_time,0.97273
RRT*,blocked_road,14,rrt_radius,8.0,comp_time,0.39322
RRT*,blocked_road,15,rrt_radius,8.0,comp_time,0.7241
RRT*,blocked_road,16,rrt_radius,8.0,comp_time,0.64237
RRT*,blocked_road,17,rrt_radius,8.0,comp_time,0.28669
RRT*,blocked_road,18,rrt_radius,8.0,comp_time,0.21658
RRT*,blocked_road,19,rrt_radius,8.0,comp_time,0.10128
RRT*,blocked_road,20,rrt_radius,8.0,comp_time,1.07308
RRT*,blocked_road,21,rrt_radius,8.0,comp_time,0.25549
RRT*,blocked_road,22,rrt_radius,8.0,comp_time,0.42976
RRT*,blocked_road,23,rrt_radius,8.0,comp_time,1.09607
RRT*,blocked_road,24,rrt_radius,8.0,comp_time,0.87547
RRT*,blocked_road,25,rrt_radius,8.0,comp_time,0.45451
RRT*,blocked_road,26,rrt_radius,8.0,comp_time,0.20733
RRT*,blocked_road,27,rrt_radius,8.0,comp_time,0.4153
RRT*,blocked_road,28,rrt_radius,8.0,comp_time,0.87922
RRT*,blocked_road,29,rrt_radius,8.0,comp_time,0.18265
RRT*,dense_city,0,rrt_radius,8.0,comp_time,0.53375
RRT*,dense_city,1,rrt_radius,8.0,comp_time,14.09849
RRT*,dense_city,2,rrt_radius,8.0,comp_time,0.28565
RRT*,dense_city,3,rrt_radius,8.0,comp_time,0.18423
RRT*,dense_city,4,rrt_radius,8.0,comp_time,0.89771
RRT*,dense_city,5,rrt_radius,8.0,comp_time,28.6455
RRT*,dense_city,6,rrt_radius,8.0,comp_time,5.22522
RRT*,dense_city,7,rrt_radius,8.0,comp_time,30.93282
RRT*,dense_city,8,rrt_radius,8.0,comp_time,0.25425
RRT*,dense_city,9,rrt_radius,8.0,comp_time,0.82293
RRT*,dense_city,10,rrt_radius,8.0,comp_time,0.17707
RRT*,dense_city,11,rrt_radius,8.0,comp_time,0.51918
RRT*,dense_city,12,rrt_radius,8.0,comp_time,3.44434
RRT*,dense_city,13,rrt_radius,8.0,comp_time,0.61654
RRT*,dense_city,14,rrt_radius,8.0,comp_time,1.54188
RRT*,dense_city,15,rrt_radius,8.0,comp_time,1.33576
RRT*,dense_city,16,rrt_radius,8.0,comp_time,2.42701
RRT*,dense_city,17,rrt_radius,8.0,comp_time,0.45674
RRT*,dense_city,18,rrt_radius,8.0,comp_time,1.08121
RRT*,dense_city,19,rrt_radius,8.0,comp_time,7.11952
RRT*,dense_city,20,rrt_radius,8.0,comp_time,1.24252
RRT*,dense_city,21,rrt_radius,8.0,comp_time,0.28055
RRT*,dense_city,22,rrt_radius,8.0,comp_time,0.69654
RRT*,dense_city,23,rrt_radius,8.0,comp_time,0.94182
RRT*,dense_city,24,rrt_radius,8.0,comp_time,0.71613
RRT*,dense_city,25,rrt_radius,8.0,comp_time,1.64337
RRT*,dense_city,26,rrt_radius,8.0,comp_time,1.14031
RRT*,dense_city,27,rrt_radius,8.0,comp_time,0.9527
RRT*,dense_city,28,rrt_radius,8.0,comp_time,1.02489
RRT*,dense_city,29,rrt_radius,8.0,comp_time,1.05265
RRT*,normal_city,0,rrt_radius,12.0,comp_time,0.29875
RRT*,normal_city,1,rrt_radius,12.0,comp_time,0.55133
RRT*,normal_city,2,rrt_radius,12.0,comp_time,0.99302
RRT*,normal_city,3,rrt_radius,12.0,comp_time,0.25495
RRT*,normal_city,4,rrt_radius,12.0,comp_time,0.19649
RRT*,normal_city,5,rrt_radius,12.0,comp_time,0.41957
RRT*,normal_city,6,rrt_radius,12.0,comp_time,0.44901
RRT*,normal_city,7,rrt_radius,12.0,comp_time,0.40462
RRT*,normal_city,8,rrt_radius,12.0,comp_time,0.74603
RRT*,normal_city,9,rrt_radius,12.0,comp_time,0.155
RRT*,normal_city,10,rrt_radius,12.0,comp_time,0.72054
RRT*,normal_city,11,rrt_radius,12.0,comp_time,1.05732
RRT*,normal_city,12,rrt_radius,12.0,comp_time,1.01222
RRT*,normal_city,13,rrt_radius,12.0,comp_time,0.25783
RRT*,normal_city,14,rrt_radius,12.0,comp_time,0.40109
RRT*,normal_city,15,rrt_radius,12.0,comp_time,0.43884
RRT*,normal_city,16,rrt_radius,12.0,comp_time,0.32101
RRT*,normal_city,17,rrt_radius,12.0,comp_time,0.6529
RRT*,normal_city,18,rrt_radius,12.0,comp_time,0.47752
RRT*,normal_city,19,rrt_radius,12.0,comp_time,0.19505
RRT*,normal_city,20,rrt_radius,12.0,comp_time,0.18015
RRT*,normal_city,21,rrt_radius,12.0,comp_time,0.28321
RRT*,normal_city,22,rrt_radius,12.0,comp_time,0.57405
RRT*,normal_city,23,rrt_radius,12.0,comp_time,5.64002
RRT*,normal_city,24,rrt_radius,12.0,comp_time,0.37251
RRT*,normal_city,25,rrt_radius,12.0,comp_time,1.6461
RRT*,normal_city,26,rrt_radius,12.0,comp_time,0.43843
RRT*,normal_city,27,rrt_radius,12.0,comp_time,0.43869
RRT*,normal_city,28,rrt_radius,12.0,comp_time,1.58633
RRT*,normal_city,29,rrt_radius,12.0,comp_time,0.43613
RRT*,blocked_road,0,rrt_radius,12.0,comp_time,1.02071
RRT*,blocked_road,1,rrt_radius,12.0,comp_time,1.48624
RRT*,blocked_road,2,rrt_radius,12.0,comp_time,0.70096
RRT*,blocked_road,3,rrt_radius,12.0,comp_time,2.091
RRT*,blocked_road,4,rrt_radius,12.0,comp_time,1.91779
RRT*,blocked_road,5,rrt_radius,12.0,comp_time,0.94868
RRT*,blocked_road,6,rrt_radius,12.0,comp_time,0.73416
RRT*,blocked_road,7,rrt_radius,12.0,comp_time,0.86162
RRT*,blocked_road,8,rrt_radius,12.0,comp_time,0.32434
RRT*,blocked_road,9,rrt_radius,12.0,comp_time,2.06051
RRT*,blocked_road,10,rrt_radius,12.0,comp_time,0.30991
RRT*,blocked_road,11,rrt_radius,12.0,comp_time,1.43515
RRT*,blocked_road,12,rrt_radius,12.0,comp_time,0.99527
RRT*,blocked_road,13,rrt_radius,12.0,comp_time,1.30009
RRT*,blocked_road,14,rrt_radius,12.0,comp_time,0.56476
RRT*,blocked_road,15,rrt_radius,12.0,comp_time,0.97067
RRT*,blocked_road,16,rrt_radius,12.0,comp_time,0.93433
RRT*,blocked_road,17,rrt_radius,12.0,comp_time,0.44108
RRT*,blocked_road,18,rrt_radius,12.0,comp_time,0.31026
RRT*,blocked_road,19,rrt_radius,12.0,comp_time,0.14463
RRT*,blocked_road,20,rrt_radius,12.0,comp_time,1.49164
RRT*,blocked_road,21,rrt_radius,12.0,comp_time,0.33331
RRT*,blocked_road,22,rrt_radius,12.0,comp_time,0.5789
RRT*,blocked_road,23,rrt_radius,12.0,comp_time,1.56417
RRT*,blocked_road,24,rrt_radius,12.0,comp_time,1.30747
RRT*,blocked_road,25,rrt_radius,12.0,comp_time,0.67845
RRT*,blocked_road,26,rrt_radius,12.0,comp_time,0.28941
RRT*,blocked_road,27,rrt_radius,12.0,comp_time,0.60204
RRT*,blocked_road,28,rrt_radius,12.0,comp_time,1.22421
RRT*,blocked_road,29,rrt_radius,12.0,comp_time,0.23427
RRT*,dense_city,0,rrt_radius,12.0,comp_time,0.71722
RRT*,dense_city,1,rrt_radius,12.0,comp_time,18.261
RRT*,dense_city,2,rrt_radius,12.0,comp_time,0.35986
RRT*,dense_city,3,rrt_radius,12.0,comp_time,0.24782
RRT*,dense_city,4,rrt_radius,12.0,comp_time,1.18909
RRT*,dense_city,5,rrt_radius,12.0,comp_time,38.06982
RRT*,dense_city,6,rrt_radius,12.0,comp_time,6.64077
RRT*,dense_city,7,rrt_radius,12.0,comp_time,41.18349
RRT*,dense_city,8,rrt_radius,12.0,comp_time,0.39695
RRT*,dense_city,9,rrt_radius,12.0,comp_time,0.82193
RRT*,dense_city,10,rrt_radius,12.0,comp_time,0.22652
RRT*,dense_city,11,rrt_radius,12.0,comp_time,0.68716
RRT*,dense_city,12,rrt_radius,12.0,comp_time,4.64335
RRT*,dense_city,13,rrt_radius,12.0,comp_time,0.80627
RRT*,dense_city,14,rrt_radius,12.0,comp_time,2.16563
RRT*,dense_city,15,rrt_radius,12.0,comp_time,1.76211
RRT*,dense_city,16,rrt_radius,12.0,comp_time,3.14401
RRT*,dense_city,17,rrt_radius,12.0,comp_time,0.60425
RRT*,dense_city,18,rrt_radius,12.0,comp_time,1.42857
RRT*,dense_city,19,rrt_radius,12.0,comp_time,9.78202
RRT*,dense_city,20,rrt_radius,12.0,comp_time,1.54676
RRT*,dense_city,21,rrt_radius,12.0,comp_time,0.35778
RRT*,dense_city,22,rrt_radius,12.0,comp_time,0.9554
RRT*,dense_city,23,rrt_radius,12.0,comp_time,1.3072
RRT*,dense_city,24,rrt_radius,12.0,comp_time,0.95358
RRT*,dense_city,25,rrt_radius,12.0,comp_time,2.22771
RRT*,dense_city,26,rrt_radius,12.0,comp_time,1.50623
RRT*,dense_city,27,rrt_radius,12.0,comp_time,1.23317
RRT*,dense_city,28,rrt_radius,12.0,comp_time,1.30266
RRT*,dense_city,29,rrt_radius,12.0,comp_time,1.58853
RRT*,normal_city,0,rrt_radius,18.0,comp_time,0.47315
RRT*,normal_city,1,rrt_radius,18.0,comp_time,0.89468
RRT*,normal_city,2,rrt_radius,18.0,comp_time,1.63294
RRT*,normal_city,3,rrt_radius,18.0,comp_time,0.41947
RRT*,normal_city,4,rrt_radius,18.0,comp_time,0.31362
RRT*,normal_city,5,rrt_radius,18.0,comp_time,0.62204
RRT*,normal_city,6,rrt_radius,18.0,comp_time,0.71858
RRT*,normal_city,7,rrt_radius,18.0,comp_time,0.67638
RRT*,normal_city,8,rrt_radius,18.0,comp_time,1.16974
RRT*,normal_city,9,rrt_radius,18.0,comp_time,0.23485
RRT*,normal_city,10,rrt_radius,18.0,comp_time,1.04442
RRT*,normal_city,11,rrt_radius,18.0,comp_time,1.60084
RRT*,normal_city,12,rrt_radius,18.0,comp_time,1.47027
RRT*,normal_city,13,rrt_radius,18.0,comp_time,0.38356
RRT*,normal_city,14,rrt_radius,18.0,comp_time,0.5971
RRT*,normal_city,15,rrt_radius,18.0,comp_time,0.61285
RRT*,normal_city,16,rrt_radius,18.0,comp_time,0.46243
RRT*,normal_city,17,rrt_radius,18.0,comp_time,0.97017
RRT*,normal_city,18,rrt_radius,18.0,comp_time,0.68894
RRT*,normal_city,19,rrt_radius,18.0,comp_time,0.27331
RRT*,normal_city,20,rrt_radius,18.0,comp_time,0.24927
RRT*,normal_city,21,rrt_radius,18.0,comp_time,0.41899
RRT*,normal_city,22,rrt_radius,18.0,comp_time,0.83677
RRT*,normal_city,23,rrt_radius,18.0,comp_time,8.13564
RRT*,normal_city,24,rrt_radius,18.0,comp_time,0.55363
RRT*,normal_city,25,rrt_radius,18.0,comp_time,2.21557
RRT*,normal_city,26,rrt_radius,18.0,comp_time,0.66538
RRT*,normal_city,27,rrt_radius,18.0,comp_time,0.61286
RRT*,normal_city,28,rrt_radius,18.0,comp_time,2.38204
RRT*,normal_city,29,rrt_radius,18.0,comp_time,0.63653
RRT*,blocked_road,0,rrt_radius,18.0,comp_time,1.37381
RRT*,blocked_road,1,rrt_radius,18.0,comp_time,2.03958
RRT*,blocked_road,2,rrt_radius,18.0,comp_time,0.9963
RRT*,blocked_road,3,rrt_radius,18.0,comp_time,2.93674
RRT*,blocked_road,4,rrt_radius,18.0,comp_time,2.75056
RRT*,blocked_road,5,rrt_radius,18.0,comp_time,1.26041
RRT*,blocked_road,6,rrt_radius,18.0,comp_time,1.02829
RRT*,blocked_road,7,rrt_radius,18.0,comp_time,1.27746
RRT*,blocked_road,8,rrt_radius,18.0,comp_time,0.42137
RRT*,blocked_road,9,rrt_radius,18.0,comp_time,3.02231
RRT*,blocked_road,10,rrt_radius,18.0,comp_time,0.41766
RRT*,blocked_road,11,rrt_radius,18.0,comp_time,1.90944
RRT*,blocked_road,12,rrt_radius,18.0,comp_time,1.39767
RRT*,blocked_road,13,rrt_radius,18.0,comp_time,1.80258
RRT*,blocked_road,14,rrt_radius,18.0,comp_time,0.75169
RRT*,blocked_road,15,rrt_radius,18.0,comp_time,1.37709
RRT*,blocked_road,16,rrt_radius,18.0,comp_time,1.36889
RRT*,blocked_road,17,rrt_radius,18.0,comp_time,0.57504
RRT*,blocked_road,18,rrt_radius,18.0,comp_time,0.42453
RRT*,blocked_road,19,rrt_radius,18.0,comp_time,0.21621
RRT*,blocked_road,20,rrt_radius,18.0,comp_time,2.17343
RRT*,blocked_road,21,rrt_radius,18.0,comp_time,0.44872
RRT*,blocked_road,22,rrt_radius,18.0,comp_time,0.8099
RRT*,blocked_road,23,rrt_radius,18.0,comp_time,2.15247
RRT*,blocked_road,24,rrt_radius,18.0,comp_time,1.72945
RRT*,blocked_road,25,rrt_radius,18.0,comp_time,0.97757
RRT*,blocked_road,26,rrt_radius,18.0,comp_time,0.3812
RRT*,blocked_road,27,rrt_radius,18.0,comp_time,0.8282
RRT*,blocked_road,28,rrt_radius,18.0,comp_time,1.7033
RRT*,blocked_road,29,rrt_radius,18.0,comp_time,0.32592
RRT*,dense_city,0,rrt_radius,18.0,comp_time,1.00739
RRT*,dense_city,1,rrt_radius,18.0,comp_time,25.09591
RRT*,dense_city,2,rrt_radius,18.0,comp_time,0.47477
RRT*,dense_city,3,rrt_radius,18.0,comp_time,0.31194
RRT*,dense_city,4,rrt_radius,18.0,comp_time,1.62085
RRT*,dense_city,5,rrt_radius,18.0,comp_time,52.18933
RRT*,dense_city,6,rrt_radius,18.0,comp_time,9.19472
RRT*,dense_city,7,rrt_radius,18.0,comp_time,56.16794
RRT*,dense_city,8,rrt_radius,18.0,comp_time,0.47906
RRT*,dense_city,9,rrt_radius,18.0,comp_time,0.72966
RRT*,dense_city,10,rrt_radius,18.0,comp_time,0.27833
RRT*,dense_city,11,rrt_radius,18.0,comp_time,0.8661
RRT*,dense_city,12,rrt_radius,18.0,comp_time,6.65501
RRT*,dense_city,13,rrt_radius,18.0,comp_time,1.07282
RRT*,dense_city,14,rrt_radius,18.0,comp_time,2.6558
RRT*,dense_city,15,rrt_radius,18.0,comp_time,2.23037
RRT*,dense_city,16,rrt_radius,18.0,comp_time,4.37357
RRT*,dense_city,17,rrt_radius,18.0,comp_time,0.80303
RRT*,dense_city,18,rrt_radius,18.0,comp_time,1.93268
RRT*,dense_city,19,rrt_radius,18.0,comp_time,11.89857
RRT*,dense_city,20,rrt_radius,18.0,comp_time,2.09677
RRT*,dense_city,21,rrt_radius,18.0,comp_time,0.46831
RRT*,dense_city,22,rrt_radius,18.0,comp_time,1.20409
RRT*,dense_city,23,rrt_radius,18.0,comp_time,1.48745
RRT*,dense_city,24,rrt_radius,18.0,comp_time,1.29819
RRT*,dense_city,25,rrt_radius,18.0,comp_time,2.92025
RRT*,dense_city,26,rrt_radius,18.0,comp_time,1.97663
RRT*,dense_city,27,rrt_radius,18.0,comp_time,1.69633
RRT*,dense_city,28,rrt_radius,18.0,comp_time,1.70213
RRT*,dense_city,29,rrt_radius,18.0,comp_time,2.27184
