planner,scenario,instance,parameter,value,metric,result
APF,normal_city,0,apf_k_rep,30.0,success,0.0
APF,normal_city,1,apf_k_rep,30.0,success,0.0
APF,normal_city,2,apf_k_rep,30.0,success,0.0
APF,normal_city,3,apf_k_rep,30.0,success,0.0
APF,normal_city,4,apf_k_rep,30.0,success,0.0
APF,normal_city,5,apf_k_rep,30.0,success,0.0
APF,normal_city,6,apf_k_rep,30.0,success,0.0
APF,normal_city,7,apf_k_rep,30.0,success,0.0
APF,normal_city,8,apf_k_rep,30.0,success,0.0
APF,normal_city,9,apf_k_rep,30.0,success,0.0
APF,normal_city,10,apf_k_rep,30.0,success,0.0
APF,normal_city,11,apf_k_rep,30.0,success,0.0
APF,normal_city,12,apf_k_rep,30.0,success,0.0
APF,normal_city,13,apf_k_rep,30.0,success,0.0
APF,normal_city,14,apf_k_rep,30.0,success,0.0
APF,normal_city,15,apf_k_rep,30.0,success,0.0
APF,normal_city,16,apf_k_rep,30.0,success,0.0
APF,normal_city,17,apf_k_rep,30.0,success,0.0
APF,normal_city,18,apf_k_rep,30.0,success,0.0
APF,normal_city,19,apf_k_rep,30.0,success,0.0
APF,normal_city,20,apf_k_rep,30.0,success,0.0
APF,normal_city,21,apf_k_rep,30.0,success,0.0
APF,normal_city,22,apf_k_rep,30.0,success,0.0
APF,normal_city,23,apf_k_rep,30.0,success,0.0
APF,normal_city,24,apf_k_rep,30.0,success,0.0
APF,normal_city,25,apf_k_rep,30.0,success,0.0
APF,normal_city,26,apf_k_rep,30.0,success,0.0
APF,normal_city,27,apf_k_rep,30.0,success,0.0
APF,normal_city,28,apf_k_rep,30.0,success,0.0
APF,normal_city,29,apf_k_rep,30.0,success,0.0
APF,blocked_road,0,apf_k_rep,30.0,success,0.0
APF,blocked_road,1,apf_k_rep,30.0,success,0.0
APF,blocked_road,2,apf_k_rep,30.0,success,0.0
APF,blocked_road,3,apf_k_rep,30.0,success,0.0
APF,blocked_road,4,apf_k_rep,30.0,success,0.0
APF,blocked_road,5,apf_k_rep,30.0,success,0.0
APF,blocked_road,6,apf_k_rep,30.0,success,0.0
APF,blocked_road,7,apf_k_rep,30.0,success,0.0
APF,blocked_road,8,apf_k_rep,30.0,success,0.0
APF,blocked_road,9,apf_k_rep,30.0,success,0.0
APF,blocked_road,10,apf_k_rep,30.0,success,0.0
APF,blocked_road,11,apf_k_rep,30.0,success,0.0
APF,blocked_road,12,apf_k_rep,30.0,success,0.0
APF,blocked_road,13,apf_k_rep,30.0,success,0.0
APF,blocked_road,14,apf_k_rep,30.0,success,0.0
APF,blocked_road,15,apf_k_rep,30.0,success,0.0
APF,blocked_road,16,apf_k_rep,30.0,success,0.0
APF,blocked_road,17,apf_k_rep,30.0,success,0.0
APF,blocked_road,18,apf_k_rep,30.0,success,0.0
APF,blocked_road,19,apf_k_rep,30.0,success,0.0
APF,blocked_road,20,apf_k_rep,30.0,success,0.0
APF,blocked_road,21,apf_k_rep,30.0,success,0.0
APF,blocked_road,22,apf_k_rep,30.0,success,0.0
APF,blocked_road,23,apf_k_rep,30.0,success,0.0
APF,blocked_road,24,apf_k_rep,30.0,success,0.0
APF,blocked_road,25,apf_k_rep,30.0,success,0.0
APF,blocked_road,26,apf_k_rep,30.0,success,0.0
APF,blocked_road,27,apf_k_rep,30.0,success,0.0
APF,blocked_road,28,apf_k_rep,30.0,success,0.0
APF,blocked_road,29,apf_k_rep,30.0,success,0.0
APF,dense_city,0,apf_k_rep,30.0,success,0.0
APF,dense_city,1,apf_k_rep,30.0,success,0.0
APF,dense_city,2,apf_k_rep,30.0,success,0.0
APF,dense_city,3,apf_k_rep,30.0,success,0.0
APF,dense_city,4,apf_k_rep,30.0,success,0.0
APF,dense_city,5,apf_k_rep,30.0,success,0.0
APF,dense_city,6,apf_k_rep,30.0,success,0.0
APF,dense_city,7,apf_k_rep,30.0,success,0.0
APF,dense_city,8,apf_k_rep,30.0,success,0.0
APF,dense_city,9,apf_k_rep,30.0,success,0.0
APF,dense_city,10,apf_k_rep,30.0,success,0.0
APF,dense_city,11,apf_k_rep,30.0,success,0.0
APF,dense_city,12,apf_k_rep,30.0,success,0.0
APF,dense_city,13,apf_k_rep,30.0,success,0.0
APF,dense_city,14,apf_k_rep,30.0,success,0.0
APF,dense_city,15,apf_k_rep,30.0,success,0.0
APF,dense_city,16,apf_k_rep,30.0,success,0.0
APF,dense_city,17,apf_k_rep,30.0,success,0.0
APF,dense_city,18,apf_k_rep,30.0,success,0.0
APF,dense_city,19,apf_k_rep,30.0,success,0.0
APF,dense_city,20,apf_k_rep,30.0,success,0.0
APF,dense_city,21,apf_k_rep,30.0,success,0.0
APF,dense_city,22,apf_k_rep,30.0,success,0.0
APF,dense_city,23,apf_k_rep,30.0,success,0.0
APF,dense_city,24,apf_k_rep,30.0,success,0.0
APF,dense_city,25,apf_k_rep,30.0,success,0.0
APF,dense_city,26,apf_k_rep,30.0,success,0.0
APF,dense_city,27,apf_k_rep,30.0,success,0.0
APF,dense_city,28,apf_k_rep,30.0,success,0.0
APF,dense_city,29,apf_k_rep,30.0,success,0.0
APF,normal_city,0,apf_k_rep,60.0,success,0.0
APF,normal_city,1,apf_k_rep,60.0,success,0.0
APF,normal_city,2,apf_k_rep,60.0,success,0.0
APF,normal_city,3,apf_k_rep,60.0,success,0.0
APF,normal_city,4,apf_k_rep,60.0,success,0.0
APF,normal_city,5,apf_k_rep,60.0,success,0.0
APF,normal_city,6,apf_k_rep,60.0,success,0.0
APF,normal_city,7,apf_k_rep,60.0,success,0.0
APF,normal_city,8,apf_k_rep,60.0,success,0.0
APF,normal_city,9,apf_k_rep,60.0,success,0.0
APF,normal_city,10,apf_k_rep,60.0,success,0.0
APF,normal_city,11,apf_k_rep,60.0,success,0.0
APF,normal_city,12,apf_k_rep,60.0,success,0.0
APF,normal_city,13,apf_k_rep,60.0,success,0.0
APF,normal_city,14,apf_k_rep,60.0,success,0.0
APF,normal_city,15,apf_k_rep,60.0,success,0.0
APF,normal_city,16,apf_k_rep,60.0,success,0.0
APF,normal_city,17,apf_k_rep,60.0,success,0.0
APF,normal_city,18,apf_k_rep,60.0,success,0.0
APF,normal_city,19,apf_k_rep,60.0,success,0.0
APF,normal_city,20,apf_k_rep,60.0,success,0.0
APF,normal_city,21,apf_k_rep,60.0,success,0.0
APF,normal_city,22,apf_k_rep,60.0,success,0.0
APF,normal_city,23,apf_k_rep,60.0,success,0.0
APF,normal_city,24,apf_k_rep,60.0,success,0.0
APF,normal_city,25,apf_k_rep,60.0,success,0.0
APF,normal_city,26,apf_k_rep,60.0,success,0.0
APF,normal_city,27,apf_k_rep,60.0,success,0.0
APF,normal_city,28,apf_k_rep,60.0,success,0.0
APF,normal_city,29,apf_k_rep,60.0,success,0.0
APF,blocked_road,0,apf_k_rep,60.0,success,0.0
APF,blocked_road,1,apf_k_rep,60.0,success,0.0
APF,blocked_road,2,apf_k_rep,60.0,success,0.0
APF,blocked_road,3,apf_k_rep,60.0,success,0.0
APF,blocked_road,4,apf_k_rep,60.0,success,0.0
APF,blocked_road,5,apf_k_rep,60.0,success,0.0
APF,blocked_road,6,apf_k_rep,60.0,success,0.0
APF,blocked_road,7,apf_k_rep,60.0,success,0.0
APF,blocked_road,8,apf_k_rep,60.0,success,0.0
APF,blocked_road,9,apf_k_rep,60.0,success,0.0
APF,blocked_road,10,apf_k_rep,60.0,success,0.0
APF,blocked_road,11,apf_k_rep,60.0,success,0.0
APF,blocked_road,12,apf_k_rep,60.0,success,0.0
APF,blocked_road,13,apf_k_rep,60.0,success,0.0
APF,blocked_road,14,apf_k_rep,60.0,success,0.0
APF,blocked_road,15,apf_k_rep,60.0,success,0.0
APF,blocked_road,16,apf_k_rep,60.0,success,0.0
APF,blocked_road,17,apf_k_rep,60.0,success,0.0
APF,blocked_road,18,apf_k_rep,60.0,success,0.0
APF,blocked_road,19,apf_k_rep,60.0,success,0.0
APF,blocked_road,20,apf_k_rep,60.0,success,0.0
APF,blocked_road,21,apf_k_rep,60.0,success,0.0
APF,blocked_road,22,apf_k_rep,60.0,success,0.0
APF,blocked_road,23,apf_k_rep,60.0,success,0.0
APF,blocked_road,24,apf_k_rep,60.0,success,0.0
APF,blocked_road,25,apf_k_rep,60.0,success,0.0
APF,blocked_road,26,apf_k_rep,60.0,success,0.0
APF,blocked_road,27,apf_k_rep,60.0,success,0.0
APF,blocked_road,28,apf_k_rep,60.0,success,0.0
APF,blocked_road,29,apf_k_rep,60.0,success,0.0
APF,dense_city,0,apf_k_rep,60.0,success,0.0
APF,dense_city,1,apf_k_rep,60.0,success,0.0
APF,dense_city,2,apf_k_rep,60.0,success,0.0
APF,dense_city,3,apf_k_rep,60.0,success,0.0
APF,dense_city,4,apf_k_rep,60.0,success,0.0
APF,dense_city,5,apf_k_rep,60.0,success,0.0
APF,dense_city,6,apf_k_rep,60.0,success,0.0
APF,dense_city,7,apf_k_rep,60.0,success,0.0
APF,dense_city,8,apf_k_rep,60.0,success,0.0
APF,dense_city,9,apf_k_rep,60.0,success,0.0
APF,dense_city,10,apf_k_rep,60.0,success,0.0
APF,dense_city,11,apf_k_rep,60.0,success,0.0
APF,dense_city,12,apf_k_rep,60.0,success,0.0
APF,dense_city,13,apf_k_rep,60.0,success,0.0
APF,dense_city,14,apf_k_rep,60.0,success,0.0
APF,dense_city,15,apf_k_rep,60.0,success,0.0
APF,dense_city,16,apf_k_rep,60.0,success,0.0
APF,dense_city,17,apf_k_rep,60.0,success,0.0
APF,dense_city,18,apf_k_rep,60.0,success,0.0
APF,dense_city,19,apf_k_rep,60.0,success,0.0
APF,dense_city,20,apf_k_rep,60.0,success,0.0
APF,dense_city,21,apf_k_rep,60.0,success,0.0
APF,dense_city,22,apf_k_rep,60.0,success,0.0
APF,dense_city,23,apf_k_rep,60.0,success,0.0
APF,dense_city,24,apf_k_rep,60.0,success,0.0
APF,dense_city,25,apf_k_rep,60.0,success,0.0
APF,dense_city,26,apf_k_rep,60.0,success,0.0
APF,dense_city,27,apf_k_rep,60.0,success,0.0
APF,dense_city,28,apf_k_rep,60.0,success,0.0
APF,dense_city,29,apf_k_rep,60.0,success,0.0
APF,normal_city,0,apf_k_rep,120.0,success,1.0
APF,normal_city,1,apf_k_rep,120.0,success,1.0
APF,normal_city,2,apf_k_rep,120.0,success,1.0
APF,normal_city,3,apf_k_rep,120.0,success,1.0
APF,normal_city,4,apf_k_rep,120.0,success,1.0
APF,normal_city,5,apf_k_rep,120.0,success,1.0
APF,normal_city,6,apf_k_rep,120.0,success,0.0
APF,normal_city,7,apf_k_rep,120.0,success,1.0
APF,normal_city,8,apf_k_rep,120.0,success,1.0
APF,normal_city,9,apf_k_rep,120.0,success,0.0
APF,normal_city,10,apf_k_rep,120.0,success,1.0
APF,normal_city,11,apf_k_rep,120.0,success,1.0
APF,normal_city,12,apf_k_rep,120.0,success,0.0
APF,normal_city,13,apf_k_rep,120.0,success,1.0
APF,normal_city,14,apf_k_rep,120.0,success,1.0
APF,normal_city,15,apf_k_rep,120.0,success,1.0
APF,normal_city,16,apf_k_rep,120.0,success,1.0
APF,normal_city,17,apf_k_rep,120.0,success,0.0
APF,normal_city,18,apf_k_rep,120.0,success,1.0
APF,normal_city,19,apf_k_rep,120.0,success,0.0
APF,normal_city,20,apf_k_rep,120.0,success,1.0
APF,normal_city,21,apf_k_rep,120.0,success,1.0
APF,normal_city,22,apf_k_rep,120.0,success,1.0
APF,normal_city,23,apf_k_rep,120.0,success,0.0
APF,normal_city,24,apf_k_rep,120.0,success,1.0
APF,normal_city,25,apf_k_rep,120.0,success,1.0
APF,normal_city,26,apf_k_rep,120.0,success,1.0
APF,normal_city,27,apf_k_rep,120.0,success,1.0
APF,normal_city,28,apf_k_rep,120.0,success,1.0
APF,normal_city,29,apf_k_rep,120.0,success,1.0
APF,blocked_road,0,apf_k_rep,120.0,success,0.0
APF,blocked_road,1,apf_k_rep,120.0,success,0.0
APF,blocked_road,2,apf_k_rep,120.0,success,0.0
APF,blocked_road,3,apf_k_rep,120.0,success,0.0
APF,blocked_road,4,apf_k_rep,120.0,success,0.0
APF,blocked_road,5,apf_k_rep,120.0,success,0.0
APF,blocked_road,6,apf_k_rep,120.0,success,0.0
APF,blocked_road,7,apf_k_rep,120.0,success,1.0
APF,blocked_road,8,apf_k_rep,120.0,success,0.0
APF,blocked_road,9,apf_k_rep,120.0,success,0.0
APF,blocked_road,10,apf_k_rep,120.0,success,0.0
APF,blocked_road,11,apf_k_rep,120.0,success,0.0
APF,blocked_road,12,apf_k_rep,120.0,success,0.0
APF,blocked_road,13,apf_k_rep,120.0,success,1.0
APF,blocked_road,14,apf_k_rep,120.0,success,0.0
APF,blocked_road,15,apf_k_rep,120.0,success,0.0
APF,blocked_road,16,apf_k_rep,120.0,success,0.0
APF,blocked_road,17,apf_k_rep,120.0,success,0.0
APF,blocked_road,18,apf_k_rep,120.0,success,1.0
APF,blocked_road,19,apf_k_rep,120.0,success,0.0
APF,blocked_road,20,apf_k_rep,120.0,success,0.0
APF,blocked_road,21,apf_k_rep,120.0,success,0.0
APF,blocked_road,22,apf_k_rep,120.0,success,0.0
APF,blocked_road,23,apf_k_rep,120.0,success,0.0
APF,blocked_road,24,apf_k_rep,120.0,success,0.0
APF,blocked_road,25,apf_k_rep,120.0,success,1.0
APF,blocked_road,26,apf_k_rep,120.0,success,0.0
APF,blocked_road,27,apf_k_rep,120.0,success,0.0
APF,blocked_road,28,apf_k_rep,120.0,success,0.0
APF,blocked_road,29,apf_k_rep,120.0,success,0.0
APF,dense_city,0,apf_k_rep,120.0,success,0.0
APF,dense_city,1,apf_k_rep,120.0,success,0.0
APF,dense_city,2,apf_k_rep,120.0,success,0.0
APF,dense_city,3,apf_k_rep,120.0,success,0.0
APF,dense_city,4,apf_k_rep,120.0,success,0.0
APF,dense_city,5,apf_k_rep,120.0,success,0.0
APF,dense_city,6,apf_k_rep,120.0,success,0.0
APF,dense_city,7,apf_k_rep,120.0,success,0.0
APF,dense_city,8,apf_k_rep,120.0,success,0.0
APF,dense_city,9,apf_k_rep,120.0,success,0.0
APF,dense_city,10,apf_k_rep,120.0,success,0.0
APF,dense_city,11,apf_k_rep,120.0,success,0.0
APF,dense_city,12,apf_k_rep,120.0,success,0.0
APF,dense_city,13,apf_k_rep,120.0,success,0.0
APF,dense_city,14,apf_k_rep,120.0,success,0.0
APF,dense_city,15,apf_k_rep,120.0,success,0.0
APF,dense_city,16,apf_k_rep,120.0,success,0.0
APF,dense_city,17,apf_k_rep,120.0,success,0.0
APF,dense_city,18,apf_k_rep,120.0,success,0.0
APF,dense_city,19,apf_k_rep,120.0,success,0.0
APF,dense_city,20,apf_k_rep,120.0,success,0.0
APF,dense_city,21,apf_k_rep,120.0,success,0.0
APF,dense_city,22,apf_k_rep,120.0,success,0.0
APF,dense_city,23,apf_k_rep,120.0,success,0.0
APF,dense_city,24,apf_k_rep,120.0,success,0.0
APF,dense_city,25,apf_k_rep,120.0,success,0.0
APF,dense_city,26,apf_k_rep,120.0,success,0.0
APF,dense_city,27,apf_k_rep,120.0,success,0.0
APF,dense_city,28,apf_k_rep,120.0,success,0.0
APF,dense_city,29,apf_k_rep,120.0,success,0.0
APF,normal_city,0,apf_k_rep,240.0,success,1.0
APF,normal_city,1,apf_k_rep,240.0,success,1.0
APF,normal_city,2,apf_k_rep,240.0,success,1.0
APF,normal_city,3,apf_k_rep,240.0,success,1.0
APF,normal_city,4,apf_k_rep,240.0,success,1.0
APF,normal_city,5,apf_k_rep,240.0,success,1.0
APF,normal_city,6,apf_k_rep,240.0,success,0.0
APF,normal_city,7,apf_k_rep,240.0,success,1.0
APF,normal_city,8,apf_k_rep,240.0,success,1.0
APF,normal_city,9,apf_k_rep,240.0,success,0.0
APF,normal_city,10,apf_k_rep,240.0,success,1.0
APF,normal_city,11,apf_k_rep,240.0,success,0.0
APF,normal_city,12,apf_k_rep,240.0,success,0.0
APF,normal_city,13,apf_k_rep,240.0,success,1.0
APF,normal_city,14,apf_k_rep,240.0,success,1.0
APF,normal_city,15,apf_k_rep,240.0,success,1.0
APF,normal_city,16,apf_k_rep,240.0,success,1.0
APF,normal_city,17,apf_k_rep,240.0,success,0.0
APF,normal_city,18,apf_k_rep,240.0,success,1.0
APF,normal_city,19,apf_k_rep,240.0,success,0.0
APF,normal_city,20,apf_k_rep,240.0,success,1.0
APF,normal_city,21,apf_k_rep,240.0,success,1.0
APF,normal_city,22,apf_k_rep,240.0,success,1.0
APF,normal_city,23,apf_k_rep,240.0,success,0.0
APF,normal_city,24,apf_k_rep,240.0,success,1.0
APF,normal_city,25,apf_k_rep,240.0,success,1.0
APF,normal_city,26,apf_k_rep,240.0,success,1.0
APF,normal_city,27,apf_k_rep,240.0,success,0.0
APF,normal_city,28,apf_k_rep,240.0,success,1.0
APF,normal_city,29,apf_k_rep,240.0,success,1.0
APF,blocked_road,0,apf_k_rep,240.0,success,0.0
APF,blocked_road,1,apf_k_rep,240.0,success,0.0
APF,blocked_road,2,apf_k_rep,240.0,success,0.0
APF,blocked_road,3,apf_k_rep,240.0,success,0.0
APF,blocked_road,4,apf_k_rep,240.0,success,0.0
APF,blocked_road,5,apf_k_rep,240.0,success,0.0
APF,blocked_road,6,apf_k_rep,240.0,success,0.0
APF,blocked_road,7,apf_k_rep,240.0,success,1.0
APF,blocked_road,8,apf_k_rep,240.0,success,0.0
APF,blocked_road,9,apf_k_rep,240.0,success,0.0
APF,blocked_road,10,apf_k_rep,240.0,success,0.0
APF,blocked_road,11,apf_k_rep,240.0,success,0.0
APF,blocked_road,12,apf_k_rep,240.0,success,0.0
APF,blocked_road,13,apf_k_rep,240.0,success,1.0
APF,blocked_road,14,apf_k_rep,240.0,success,0.0
APF,blocked_road,15,apf_k_rep,240.0,success,0.0
APF,blocked_road,16,apf_k_rep,240.0,success,0.0
APF,blocked_road,17,apf_k_rep,240.0,success,0.0
APF,blocked_road,18,apf_k_rep,240.0,success,1.0
APF,blocked_road,19,apf_k_rep,240.0,success,0.0
APF,blocked_road,20,apf_k_rep,240.0,success,0.0
APF,blocked_road,21,apf_k_rep,240.0,success,0.0
APF,blocked_road,22,apf_k_rep,240.0,success,0.0
APF,blocked_road,23,apf_k_rep,240.0,success,0.0
APF,blocked_road,24,apf_k_rep,240.0,success,0.0
APF,blocked_road,25,apf_k_rep,240.0,success,0.0
APF,blocked_road,26,apf_k_rep,240.0,success,0.0
APF,blocked_road,27,apf_k_rep,240.0,success,0.0
APF,blocked_road,28,apf_k_rep,240.0,success,0.0
APF,blocked_road,29,apf_k_rep,240.0,success,0.0
APF,dense_city,0,apf_k_rep,240.0,success,0.0
APF,dense_city,1,apf_k_rep,240.0,success,0.0
APF,dense_city,2,apf_k_rep,240.0,success,0.0
APF,dense_city,3,apf_k_rep,240.0,success,0.0
APF,dense_city,4,apf_k_rep,240.0,success,0.0
APF,dense_city,5,apf_k_rep,240.0,success,0.0
APF,dense_city,6,apf_k_rep,240.0,success,0.0
APF,dense_city,7,apf_k_rep,240.0,success,0.0
APF,dense_city,8,apf_k_rep,240.0,success,1.0
APF,dense_city,9,apf_k_rep,240.0,success,0.0
APF,dense_city,10,apf_k_rep,240.0,success,1.0
APF,dense_city,11,apf_k_rep,240.0,success,0.0
APF,dense_city,12,apf_k_rep,240.0,success,0.0
APF,dense_city,13,apf_k_rep,240.0,success,0.0
APF,dense_city,14,apf_k_rep,240.0,success,0.0
APF,dense_city,15,apf_k_rep,240.0,success,0.0
APF,dense_city,16,apf_k_rep,240.0,success,0.0
APF,dense_city,17,apf_k_rep,240.0,success,0.0
APF,dense_city,18,apf_k_rep,240.0,success,0.0
APF,dense_city,19,apf_k_rep,240.0,success,0.0
APF,dense_city,20,apf_k_rep,240.0,success,1.0
APF,dense_city,21,apf_k_rep,240.0,success,1.0
APF,dense_city,22,apf_k_rep,240.0,success,0.0
APF,dense_city,23,apf_k_rep,240.0,success,0.0
APF,dense_city,24,apf_k_rep,240.0,success,0.0
APF,dense_city,25,apf_k_rep,240.0,success,0.0
APF,dense_city,26,apf_k_rep,240.0,success,0.0
APF,dense_city,27,apf_k_rep,240.0,success,0.0
APF,dense_city,28,apf_k_rep,240.0,success,0.0
APF,dense_city,29,apf_k_rep,240.0,success,0.0
APF,normal_city,0,apf_k_rep,480.0,success,1.0
APF,normal_city,1,apf_k_rep,480.0,success,1.0
APF,normal_city,2,apf_k_rep,480.0,success,1.0
APF,normal_city,3,apf_k_rep,480.0,success,1.0
APF,normal_city,4,apf_k_rep,480.0,success,1.0
APF,normal_city,5,apf_k_rep,480.0,success,1.0
APF,normal_city,6,apf_k_rep,480.0,success,0.0
APF,normal_city,7,apf_k_rep,480.0,success,1.0
APF,normal_city,8,apf_k_rep,480.0,success,1.0
APF,normal_city,9,apf_k_rep,480.0,success,0.0
APF,normal_city,10,apf_k_rep,480.0,success,1.0
APF,normal_city,11,apf_k_rep,480.0,success,0.0
APF,normal_city,12,apf_k_rep,480.0,success,0.0
APF,normal_city,13,apf_k_rep,480.0,success,1.0
APF,normal_city,14,apf_k_rep,480.0,success,1.0
APF,normal_city,15,apf_k_rep,480.0,success,1.0
APF,normal_city,16,apf_k_rep,480.0,success,1.0
APF,normal_city,17,apf_k_rep,480.0,success,0.0
APF,normal_city,18,apf_k_rep,480.0,success,1.0
APF,normal_city,19,apf_k_rep,480.0,success,0.0
APF,normal_city,20,apf_k_rep,480.0,success,1.0
APF,normal_city,21,apf_k_rep,480.0,success,1.0
APF,normal_city,22,apf_k_rep,480.0,success,1.0
APF,normal_city,23,apf_k_rep,480.0,success,0.0
APF,normal_city,24,apf_k_rep,480.0,success,1.0
APF,normal_city,25,apf_k_rep,480.0,success,1.0
APF,normal_city,26,apf_k_rep,480.0,success,0.0
APF,normal_city,27,apf_k_rep,480.0,success,0.0
APF,normal_city,28,apf_k_rep,480.0,success,1.0
APF,normal_city,29,apf_k_rep,480.0,success,1.0
APF,blocked_road,0,apf_k_rep,480.0,success,0.0
APF,blocked_road,1,apf_k_rep,480.0,success,0.0
APF,blocked_road,2,apf_k_rep,480.0,success,0.0
APF,blocked_road,3,apf_k_rep,480.0,success,0.0
APF,blocked_road,4,apf_k_rep,480.0,success,0.0
APF,blocked_road,5,apf_k_rep,480.0,success,0.0
APF,blocked_road,6,apf_k_rep,480.0,success,0.0
APF,blocked_road,7,apf_k_rep,480.0,success,1.0
APF,blocked_road,8,apf_k_rep,480.0,success,0.0
APF,blocked_road,9,apf_k_rep,480.0,success,0.0
APF,blocked_road,10,apf_k_rep,480.0,success,0.0
APF,blocked_road,11,apf_k_rep,480.0,success,0.0
APF,blocked_road,12,apf_k_rep,480.0,success,0.0
APF,blocked_road,13,apf_k_rep,480.0,success,1.0
APF,blocked_road,14,apf_k_rep,480.0,success,0.0
APF,blocked_road,15,apf_k_rep,480.0,success,0.0
APF,blocked_road,16,apf_k_rep,480.0,success,0.0
APF,blocked_road,17,apf_k_rep,480.0,success,0.0
APF,blocked_road,18,apf_k_rep,480.0,success,1.0
APF,blocked_road,19,apf_k_rep,480.0,success,0.0
APF,blocked_road,20,apf_k_rep,480.0,success,0.0
APF,blocked_road,21,apf_k_rep,480.0,success,0.0
APF,blocked_road,22,apf_k_rep,480.0,success,1.0
APF,blocked_road,23,apf_k_rep,480.0,success,0.0
APF,blocked_road,24,apf_k_rep,480.0,success,0.0
APF,blocked_road,25,apf_k_rep,480.0,success,0.0
APF,blocked_road,26,apf_k_rep,480.0,success,0.0
APF,blocked_road,27,apf_k_rep,480.0,success,0.0
APF,blocked_road,28,apf_k_rep,480.0,success,0.0
APF,blocked_road,29,apf_k_rep,480.0,success,0.0
APF,dense_city,0,apf_k_rep,480.0,success,0.0
APF,dense_city,1,apf_k_rep,480.0,success,0.0
APF,dense_city,2,apf_k_rep,480.0,success,0.0
APF,dense_city,3,apf_k_rep,480.0,success,0.0
APF,dense_city,4,apf_k_rep,480.0,success,0.0
APF,dense_city,5,apf_k_rep,480.0,success,0.0
APF,dense_city,6,apf_k_rep,480.0,success,0.0
APF,dense_city,7,apf_k_rep,480.0,success,0.0
APF,dense_city,8,apf_k_rep,480.0,success,1.0
APF,dense_city,9,apf_k_rep,480.0,success,0.0
APF,dense_city,10,apf_k_rep,480.0,success,1.0
APF,dense_city,11,apf_k_rep,480.0,success,0.0
APF,dense_city,12,apf_k_rep,480.0,success,0.0
APF,dense_city,13,apf_k_rep,480.0,success,0.0
APF,dense_city,14,apf_k_rep,480.0,success,0.0
APF,dense_city,15,apf_k_rep,480.0,success,0.0
APF,dense_city,16,apf_k_rep,480.0,success,0.0
APF,dense_city,17,apf_k_rep,480.0,success,0.0
APF,dense_city,18,apf_k_rep,480.0,success,0.0
APF,dense_city,19,apf_k_rep,480.0,success,0.0
APF,dense_city,20,apf_k_rep,480.0,success,1.0
APF,dense_city,21,apf_k_rep,480.0,success,1.0
APF,dense_city,22,apf_k_rep,480.0,success,0.0
APF,dense_city,23,apf_k_rep,480.0,success,0.0
APF,dense_city,24,apf_k_rep,480.0,success,0.0
APF,dense_city,25,apf_k_rep,480.0,success,0.0
APF,dense_city,26,apf_k_rep,480.0,success,0.0
APF,dense_city,27,apf_k_rep,480.0,success,0.0
APF,dense_city,28,apf_k_rep,480.0,success,0.0
APF,dense_city,29,apf_k_rep,480.0,success,0.0
APF,normal_city,0,apf_k_rep,30.0,path_length,
APF,normal_city,1,apf_k_rep,30.0,path_length,
APF,normal_city,2,apf_k_rep,30.0,path_length,
APF,normal_city,3,apf_k_rep,30.0,path_length,
APF,normal_city,4,apf_k_rep,30.0,path_length,
APF,normal_city,5,apf_k_rep,30.0,path_length,
APF,normal_city,6,apf_k_rep,30.0,path_length,
APF,normal_city,7,apf_k_rep,30.0,path_length,
APF,normal_city,8,apf_k_rep,30.0,path_length,
APF,normal_city,9,apf_k_rep,30.0,path_length,
APF,normal_city,10,apf_k_rep,30.0,path_length,
APF,normal_city,11,apf_k_rep,30.0,path_length,
APF,normal_city,12,apf_k_rep,30.0,path_length,
APF,normal_city,13,apf_k_rep,30.0,path_length,
APF,normal_city,14,apf_k_rep,30.0,path_length,
APF,normal_city,15,apf_k_rep,30.0,path_length,
APF,normal_city,16,apf_k_rep,30.0,path_length,
APF,normal_city,17,apf_k_rep,30.0,path_length,
APF,normal_city,18,apf_k_rep,30.0,path_length,
APF,normal_city,19,apf_k_rep,30.0,path_length,
APF,normal_city,20,apf_k_rep,30.0,path_length,
APF,normal_city,21,apf_k_rep,30.0,path_length,
APF,normal_city,22,apf_k_rep,30.0,path_length,
APF,normal_city,23,apf_k_rep,30.0,path_length,
APF,normal_city,24,apf_k_rep,30.0,path_length,
APF,normal_city,25,apf_k_rep,30.0,path_length,
APF,normal_city,26,apf_k_rep,30.0,path_length,
APF,normal_city,27,apf_k_rep,30.0,path_length,
APF,normal_city,28,apf_k_rep,30.0,path_length,
APF,normal_city,29,apf_k_rep,30.0,path_length,
APF,blocked_road,0,apf_k_rep,30.0,path_length,
APF,blocked_road,1,apf_k_rep,30.0,path_length,
APF,blocked_road,2,apf_k_rep,30.0,path_length,
APF,blocked_road,3,apf_k_rep,30.0,path_length,
APF,blocked_road,4,apf_k_rep,30.0,path_length,
APF,blocked_road,5,apf_k_rep,30.0,path_length,
APF,blocked_road,6,apf_k_rep,30.0,path_length,
APF,blocked_road,7,apf_k_rep,30.0,path_length,
APF,blocked_road,8,apf_k_rep,30.0,path_length,
APF,blocked_road,9,apf_k_rep,30.0,path_length,
APF,blocked_road,10,apf_k_rep,30.0,path_length,
APF,blocked_road,11,apf_k_rep,30.0,path_length,
APF,blocked_road,12,apf_k_rep,30.0,path_length,
APF,blocked_road,13,apf_k_rep,30.0,path_length,
APF,blocked_road,14,apf_k_rep,30.0,path_length,
APF,blocked_road,15,apf_k_rep,30.0,path_length,
APF,blocked_road,16,apf_k_rep,30.0,path_length,
APF,blocked_road,17,apf_k_rep,30.0,path_length,
APF,blocked_road,18,apf_k_rep,30.0,path_length,
APF,blocked_road,19,apf_k_rep,30.0,path_length,
APF,blocked_road,20,apf_k_rep,30.0,path_length,
APF,blocked_road,21,apf_k_rep,30.0,path_length,
APF,blocked_road,22,apf_k_rep,30.0,path_length,
APF,blocked_road,23,apf_k_rep,30.0,path_length,
APF,blocked_road,24,apf_k_rep,30.0,path_length,
APF,blocked_road,25,apf_k_rep,30.0,path_length,
APF,blocked_road,26,apf_k_rep,30.0,path_length,
APF,blocked_road,27,apf_k_rep,30.0,path_length,
APF,blocked_road,28,apf_k_rep,30.0,path_length,
APF,blocked_road,29,apf_k_rep,30.0,path_length,
APF,dense_city,0,apf_k_rep,30.0,path_length,
APF,dense_city,1,apf_k_rep,30.0,path_length,
APF,dense_city,2,apf_k_rep,30.0,path_length,
APF,dense_city,3,apf_k_rep,30.0,path_length,
APF,dense_city,4,apf_k_rep,30.0,path_length,
APF,dense_city,5,apf_k_rep,30.0,path_length,
APF,dense_city,6,apf_k_rep,30.0,path_length,
APF,dense_city,7,apf_k_rep,30.0,path_length,
APF,dense_city,8,apf_k_rep,30.0,path_length,
APF,dense_city,9,apf_k_rep,30.0,path_length,
APF,dense_city,10,apf_k_rep,30.0,path_length,
APF,dense_city,11,apf_k_rep,30.0,path_length,
APF,dense_city,12,apf_k_rep,30.0,path_length,
APF,dense_city,13,apf_k_rep,30.0,path_length,
APF,dense_city,14,apf_k_rep,30.0,path_length,
APF,dense_city,15,apf_k_rep,30.0,path_length,
APF,dense_city,16,apf_k_rep,30.0,path_length,
APF,dense_city,17,apf_k_rep,30.0,path_length,
APF,dense_city,18,apf_k_rep,30.0,path_length,
APF,dense_city,19,apf_k_rep,30.0,path_length,
APF,dense_city,20,apf_k_rep,30.0,path_length,
APF,dense_city,21,apf_k_rep,30.0,path_length,
APF,dense_city,22,apf_k_rep,30.0,path_length,
APF,dense_city,23,apf_k_rep,30.0,path_length,
APF,dense_city,24,apf_k_rep,30.0,path_length,
APF,dense_city,25,apf_k_rep,30.0,path_length,
APF,dense_city,26,apf_k_rep,30.0,path_length,
APF,dense_city,27,apf_k_rep,30.0,path_length,
APF,dense_city,28,apf_k_rep,30.0,path_length,
APF,dense_city,29,apf_k_rep,30.0,path_length,
APF,normal_city,0,apf_k_rep,60.0,path_length,
APF,normal_city,1,apf_k_rep,60.0,path_length,
APF,normal_city,2,apf_k_rep,60.0,path_length,
APF,normal_city,3,apf_k_rep,60.0,path_length,
APF,normal_city,4,apf_k_rep,60.0,path_length,
APF,normal_city,5,apf_k_rep,60.0,path_length,
APF,normal_city,6,apf_k_rep,60.0,path_length,
APF,normal_city,7,apf_k_rep,60.0,path_length,
APF,normal_city,8,apf_k_rep,60.0,path_length,
APF,normal_city,9,apf_k_rep,60.0,path_length,
APF,normal_city,10,apf_k_rep,60.0,path_length,
APF,normal_city,11,apf_k_rep,60.0,path_length,
APF,normal_city,12,apf_k_rep,60.0,path_length,
APF,normal_city,13,apf_k_rep,60.0,path_length,
APF,normal_city,14,apf_k_rep,60.0,path_length,
APF,normal_city,15,apf_k_rep,60.0,path_length,
APF,normal_city,16,apf_k_rep,60.0,path_length,
APF,normal_city,17,apf_k_rep,60.0,path_length,
APF,normal_city,18,apf_k_rep,60.0,path_length,
APF,normal_city,19,apf_k_rep,60.0,path_length,
APF,normal_city,20,apf_k_rep,60.0,path_length,
APF,normal_city,21,apf_k_rep,60.0,path_length,
APF,normal_city,22,apf_k_rep,60.0,path_length,
APF,normal_city,23,apf_k_rep,60.0,path_length,
APF,normal_city,24,apf_k_rep,60.0,path_length,
APF,normal_city,25,apf_k_rep,60.0,path_length,
APF,normal_city,26,apf_k_rep,60.0,path_length,
APF,normal_city,27,apf_k_rep,60.0,path_length,
APF,normal_city,28,apf_k_rep,60.0,path_length,
APF,normal_city,29,apf_k_rep,60.0,path_length,
APF,blocked_road,0,apf_k_rep,60.0,path_length,
APF,blocked_road,1,apf_k_rep,60.0,path_length,
APF,blocked_road,2,apf_k_rep,60.0,path_length,
APF,blocked_road,3,apf_k_rep,60.0,path_length,
APF,blocked_road,4,apf_k_rep,60.0,path_length,
APF,blocked_road,5,apf_k_rep,60.0,path_length,
APF,blocked_road,6,apf_k_rep,60.0,path_length,
APF,blocked_road,7,apf_k_rep,60.0,path_length,
APF,blocked_road,8,apf_k_rep,60.0,path_length,
APF,blocked_road,9,apf_k_rep,60.0,path_length,
APF,blocked_road,10,apf_k_rep,60.0,path_length,
APF,blocked_road,11,apf_k_rep,60.0,path_length,
APF,blocked_road,12,apf_k_rep,60.0,path_length,
APF,blocked_road,13,apf_k_rep,60.0,path_length,
APF,blocked_road,14,apf_k_rep,60.0,path_length,
APF,blocked_road,15,apf_k_rep,60.0,path_length,
APF,blocked_road,16,apf_k_rep,60.0,path_length,
APF,blocked_road,17,apf_k_rep,60.0,path_length,
APF,blocked_road,18,apf_k_rep,60.0,path_length,
APF,blocked_road,19,apf_k_rep,60.0,path_length,
APF,blocked_road,20,apf_k_rep,60.0,path_length,
APF,blocked_road,21,apf_k_rep,60.0,path_length,
APF,blocked_road,22,apf_k_rep,60.0,path_length,
APF,blocked_road,23,apf_k_rep,60.0,path_length,
APF,blocked_road,24,apf_k_rep,60.0,path_length,
APF,blocked_road,25,apf_k_rep,60.0,path_length,
APF,blocked_road,26,apf_k_rep,60.0,path_length,
APF,blocked_road,27,apf_k_rep,60.0,path_length,
APF,blocked_road,28,apf_k_rep,60.0,path_length,
APF,blocked_road,29,apf_k_rep,60.0,path_length,
APF,dense_city,0,apf_k_rep,60.0,path_length,
APF,dense_city,1,apf_k_rep,60.0,path_length,
APF,dense_city,2,apf_k_rep,60.0,path_length,
APF,dense_city,3,apf_k_rep,60.0,path_length,
APF,dense_city,4,apf_k_rep,60.0,path_length,
APF,dense_city,5,apf_k_rep,60.0,path_length,
APF,dense_city,6,apf_k_rep,60.0,path_length,
APF,dense_city,7,apf_k_rep,60.0,path_length,
APF,dense_city,8,apf_k_rep,60.0,path_length,
APF,dense_city,9,apf_k_rep,60.0,path_length,
APF,dense_city,10,apf_k_rep,60.0,path_length,
APF,dense_city,11,apf_k_rep,60.0,path_length,
APF,dense_city,12,apf_k_rep,60.0,path_length,
APF,dense_city,13,apf_k_rep,60.0,path_length,
APF,dense_city,14,apf_k_rep,60.0,path_length,
APF,dense_city,15,apf_k_rep,60.0,path_length,
APF,dense_city,16,apf_k_rep,60.0,path_length,
APF,dense_city,17,apf_k_rep,60.0,path_length,
APF,dense_city,18,apf_k_rep,60.0,path_length,
APF,dense_city,19,apf_k_rep,60.0,path_length,
APF,dense_city,20,apf_k_rep,60.0,path_length,
APF,dense_city,21,apf_k_rep,60.0,path_length,
APF,dense_city,22,apf_k_rep,60.0,path_length,
APF,dense_city,23,apf_k_rep,60.0,path_length,
APF,dense_city,24,apf_k_rep,60.0,path_length,
APF,dense_city,25,apf_k_rep,60.0,path_length,
APF,dense_city,26,apf_k_rep,60.0,path_length,
APF,dense_city,27,apf_k_rep,60.0,path_length,
APF,dense_city,28,apf_k_rep,60.0,path_length,
APF,dense_city,29,apf_k_rep,60.0,path_length,
APF,normal_city,0,apf_k_rep,120.0,path_length,175.7
APF,normal_city,1,apf_k_rep,120.0,path_length,177.1
APF,normal_city,2,apf_k_rep,120.0,path_length,175.0
APF,normal_city,3,apf_k_rep,120.0,path_length,182.7
APF,normal_city,4,apf_k_rep,120.0,path_length,178.5
APF,normal_city,5,apf_k_rep,120.0,path_length,177.1
APF,normal_city,6,apf_k_rep,120.0,path_length,
APF,normal_city,7,apf_k_rep,120.0,path_length,177.8
APF,normal_city,8,apf_k_rep,120.0,path_length,183.4
APF,normal_city,9,apf_k_rep,120.0,path_length,
APF,normal_city,10,apf_k_rep,120.0,path_length,169.4
APF,normal_city,11,apf_k_rep,120.0,path_length,184.8
APF,normal_city,12,apf_k_rep,120.0,path_length,
APF,normal_city,13,apf_k_rep,120.0,path_length,179.2
APF,normal_city,14,apf_k_rep,120.0,path_length,172.2
APF,normal_city,15,apf_k_rep,120.0,path_length,174.3
APF,normal_city,16,apf_k_rep,120.0,path_length,168.7
APF,normal_city,17,apf_k_rep,120.0,path_length,
APF,normal_city,18,apf_k_rep,120.0,path_length,168.0
APF,normal_city,19,apf_k_rep,120.0,path_length,
APF,normal_city,20,apf_k_rep,120.0,path_length,171.5
APF,normal_city,21,apf_k_rep,120.0,path_length,176.4
APF,normal_city,22,apf_k_rep,120.0,path_length,184.8
APF,normal_city,23,apf_k_rep,120.0,path_length,
APF,normal_city,24,apf_k_rep,120.0,path_length,176.4
APF,normal_city,25,apf_k_rep,120.0,path_length,174.3
APF,normal_city,26,apf_k_rep,120.0,path_length,170.8
APF,normal_city,27,apf_k_rep,120.0,path_length,186.9
APF,normal_city,28,apf_k_rep,120.0,path_length,177.8
APF,normal_city,29,apf_k_rep,120.0,path_length,170.8
APF,blocked_road,0,apf_k_rep,120.0,path_length,
APF,blocked_road,1,apf_k_rep,120.0,path_length,
APF,blocked_road,2,apf_k_rep,120.0,path_length,
APF,blocked_road,3,apf_k_rep,120.0,path_length,
APF,blocked_road,4,apf_k_rep,120.0,path_length,
APF,blocked_road,5,apf_k_rep,120.0,path_length,
APF,blocked_road,6,apf_k_rep,120.0,path_length,
APF,blocked_road,7,apf_k_rep,120.0,path_length,182.0
APF,blocked_road,8,apf_k_rep,120.0,path_length,
APF,blocked_road,9,apf_k_rep,120.0,path_length,
APF,blocked_road,10,apf_k_rep,120.0,path_length,
APF,blocked_road,11,apf_k_rep,120.0,path_length,
APF,blocked_road,12,apf_k_rep,120.0,path_length,
APF,blocked_road,13,apf_k_rep,120.0,path_length,187.6
APF,blocked_road,14,apf_k_rep,120.0,path_length,
APF,blocked_road,15,apf_k_rep,120.0,path_length,
APF,blocked_road,16,apf_k_rep,120.0,path_length,
APF,blocked_road,17,apf_k_rep,120.0,path_length,
APF,blocked_road,18,apf_k_rep,120.0,path_length,200.9
APF,blocked_road,19,apf_k_rep,120.0,path_length,
APF,blocked_road,20,apf_k_rep,120.0,path_length,
APF,blocked_road,21,apf_k_rep,120.0,path_length,
APF,blocked_road,22,apf_k_rep,120.0,path_length,
APF,blocked_road,23,apf_k_rep,120.0,path_length,
APF,blocked_road,24,apf_k_rep,120.0,path_length,
APF,blocked_road,25,apf_k_rep,120.0,path_length,177.1
APF,blocked_road,26,apf_k_rep,120.0,path_length,
APF,blocked_road,27,apf_k_rep,120.0,path_length,
APF,blocked_road,28,apf_k_rep,120.0,path_length,
APF,blocked_road,29,apf_k_rep,120.0,path_length,
APF,dense_city,0,apf_k_rep,120.0,path_length,
APF,dense_city,1,apf_k_rep,120.0,path_length,
APF,dense_city,2,apf_k_rep,120.0,path_length,
APF,dense_city,3,apf_k_rep,120.0,path_length,
APF,dense_city,4,apf_k_rep,120.0,path_length,
APF,dense_city,5,apf_k_rep,120.0,path_length,
APF,dense_city,6,apf_k_rep,120.0,path_length,
APF,dense_city,7,apf_k_rep,120.0,path_length,
APF,dense_city,8,apf_k_rep,120.0,path_length,
APF,dense_city,9,apf_k_rep,120.0,path_length,
APF,dense_city,10,apf_k_rep,120.0,path_length,
APF,dense_city,11,apf_k_rep,120.0,path_length,
APF,dense_city,12,apf_k_rep,120.0,path_length,
APF,dense_city,13,apf_k_rep,120.0,path_length,
APF,dense_city,14,apf_k_rep,120.0,path_length,
APF,dense_city,15,apf_k_rep,120.0,path_length,
APF,dense_city,16,apf_k_rep,120.0,path_length,
APF,dense_city,17,apf_k_rep,120.0,path_length,
APF,dense_city,18,apf_k_rep,120.0,path_length,
APF,dense_city,19,apf_k_rep,120.0,path_length,
APF,dense_city,20,apf_k_rep,120.0,path_length,
APF,dense_city,21,apf_k_rep,120.0,path_length,
APF,dense_city,22,apf_k_rep,120.0,path_length,
APF,dense_city,23,apf_k_rep,120.0,path_length,
APF,dense_city,24,apf_k_rep,120.0,path_length,
APF,dense_city,25,apf_k_rep,120.0,path_length,
APF,dense_city,26,apf_k_rep,120.0,path_length,
APF,dense_city,27,apf_k_rep,120.0,path_length,
APF,dense_city,28,apf_k_rep,120.0,path_length,
APF,dense_city,29,apf_k_rep,120.0,path_length,
APF,normal_city,0,apf_k_rep,240.0,path_length,198.1
APF,normal_city,1,apf_k_rep,240.0,path_length,202.3
APF,normal_city,2,apf_k_rep,240.0,path_length,200.9
APF,normal_city,3,apf_k_rep,240.0,path_length,214.2
APF,normal_city,4,apf_k_rep,240.0,path_length,207.9
APF,normal_city,5,apf_k_rep,240.0,path_length,200.2
APF,normal_city,6,apf_k_rep,240.0,path_length,
APF,normal_city,7,apf_k_rep,240.0,path_length,200.2
APF,normal_city,8,apf_k_rep,240.0,path_length,213.5
APF,normal_city,9,apf_k_rep,240.0,path_length,
APF,normal_city,10,apf_k_rep,240.0,path_length,200.9
APF,normal_city,11,apf_k_rep,240.0,path_length,
APF,normal_city,12,apf_k_rep,240.0,path_length,
APF,normal_city,13,apf_k_rep,240.0,path_length,200.9
APF,normal_city,14,apf_k_rep,240.0,path_length,196.0
APF,normal_city,15,apf_k_rep,240.0,path_length,197.4
APF,normal_city,16,apf_k_rep,240.0,path_length,193.9
APF,normal_city,17,apf_k_rep,240.0,path_length,
APF,normal_city,18,apf_k_rep,240.0,path_length,190.4
APF,normal_city,19,apf_k_rep,240.0,path_length,
APF,normal_city,20,apf_k_rep,240.0,path_length,197.4
APF,normal_city,21,apf_k_rep,240.0,path_length,205.8
APF,normal_city,22,apf_k_rep,240.0,path_length,221.9
APF,normal_city,23,apf_k_rep,240.0,path_length,
APF,normal_city,24,apf_k_rep,240.0,path_length,212.8
APF,normal_city,25,apf_k_rep,240.0,path_length,200.9
APF,normal_city,26,apf_k_rep,240.0,path_length,202.3
APF,normal_city,27,apf_k_rep,240.0,path_length,
APF,normal_city,28,apf_k_rep,240.0,path_length,201.6
APF,normal_city,29,apf_k_rep,240.0,path_length,198.1
APF,blocked_road,0,apf_k_rep,240.0,path_length,
APF,blocked_road,1,apf_k_rep,240.0,path_length,
APF,blocked_road,2,apf_k_rep,240.0,path_length,
APF,blocked_road,3,apf_k_rep,240.0,path_length,
APF,blocked_road,4,apf_k_rep,240.0,path_length,
APF,blocked_road,5,apf_k_rep,240.0,path_length,
APF,blocked_road,6,apf_k_rep,240.0,path_length,
APF,blocked_road,7,apf_k_rep,240.0,path_length,223.3
APF,blocked_road,8,apf_k_rep,240.0,path_length,
APF,blocked_road,9,apf_k_rep,240.0,path_length,
APF,blocked_road,10,apf_k_rep,240.0,path_length,
APF,blocked_road,11,apf_k_rep,240.0,path_length,
APF,blocked_road,12,apf_k_rep,240.0,path_length,
APF,blocked_road,13,apf_k_rep,240.0,path_length,267.4
APF,blocked_road,14,apf_k_rep,240.0,path_length,
APF,blocked_road,15,apf_k_rep,240.0,path_length,
APF,blocked_road,16,apf_k_rep,240.0,path_length,
APF,blocked_road,17,apf_k_rep,240.0,path_length,
APF,blocked_road,18,apf_k_rep,240.0,path_length,252.0
APF,blocked_road,19,apf_k_rep,240.0,path_length,
APF,blocked_road,20,apf_k_rep,240.0,path_length,
APF,blocked_road,21,apf_k_rep,240.0,path_length,
APF,blocked_road,22,apf_k_rep,240.0,path_length,
APF,blocked_road,23,apf_k_rep,240.0,path_length,
APF,blocked_road,24,apf_k_rep,240.0,path_length,
APF,blocked_road,25,apf_k_rep,240.0,path_length,
APF,blocked_road,26,apf_k_rep,240.0,path_length,
APF,blocked_road,27,apf_k_rep,240.0,path_length,
APF,blocked_road,28,apf_k_rep,240.0,path_length,
APF,blocked_road,29,apf_k_rep,240.0,path_length,
APF,dense_city,0,apf_k_rep,240.0,path_length,
APF,dense_city,1,apf_k_rep,240.0,path_length,
APF,dense_city,2,apf_k_rep,240.0,path_length,
APF,dense_city,3,apf_k_rep,240.0,path_length,
APF,dense_city,4,apf_k_rep,240.0,path_length,
APF,dense_city,5,apf_k_rep,240.0,path_length,
APF,dense_city,6,apf_k_rep,240.0,path_length,
APF,dense_city,7,apf_k_rep,240.0,path_length,
APF,dense_city,8,apf_k_rep,240.0,path_length,233.1
APF,dense_city,9,apf_k_rep,240.0,path_length,
APF,dense_city,10,apf_k_rep,240.0,path_length,226.1
APF,dense_city,11,apf_k_rep,240.0,path_length,
APF,dense_city,12,apf_k_rep,240.0,path_length,
APF,dense_city,13,apf_k_rep,240.0,path_length,
APF,dense_city,14,apf_k_rep,240.0,path_length,
APF,dense_city,15,apf_k_rep,240.0,path_length,
APF,dense_city,16,apf_k_rep,240.0,path_length,
APF,dense_city,17,apf_k_rep,240.0,path_length,
APF,dense_city,18,apf_k_rep,240.0,path_length,
APF,dense_city,19,apf_k_rep,240.0,path_length,
APF,dense_city,20,apf_k_rep,240.0,path_length,224.7
APF,dense_city,21,apf_k_rep,240.0,path_length,226.1
APF,dense_city,22,apf_k_rep,240.0,path_length,
APF,dense_city,23,apf_k_rep,240.0,path_length,
APF,dense_city,24,apf_k_rep,240.0,path_length,
APF,dense_city,25,apf_k_rep,240.0,path_length,
APF,dense_city,26,apf_k_rep,240.0,path_length,
APF,dense_city,27,apf_k_rep,240.0,path_length,
APF,dense_city,28,apf_k_rep,240.0,path_length,
APF,dense_city,29,apf_k_rep,240.0,path_length,
APF,normal_city,0,apf_k_rep,480.0,path_length,203.7
APF,normal_city,1,apf_k_rep,480.0,path_length,206.5
APF,normal_city,2,apf_k_rep,480.0,path_length,203.0
APF,normal_city,3,apf_k_rep,480.0,path_length,209.3
APF,normal_city,4,apf_k_rep,480.0,path_length,214.2
APF,normal_city,5,apf_k_rep,480.0,path_length,203.7
APF,normal_city,6,apf_k_rep,480.0,path_length,
APF,normal_city,7,apf_k_rep,480.0,path_length,205.1
APF,normal_city,8,apf_k_rep,480.0,path_length,207.9
APF,normal_city,9,apf_k_rep,480.0,path_length,
APF,normal_city,10,apf_k_rep,480.0,path_length,200.9
APF,normal_city,11,apf_k_rep,480.0,path_length,
APF,normal_city,12,apf_k_rep,480.0,path_length,
APF,normal_city,13,apf_k_rep,480.0,path_length,206.5
APF,normal_city,14,apf_k_rep,480.0,path_length,197.4
APF,normal_city,15,apf_k_rep,480.0,path_length,203.0
APF,normal_city,16,apf_k_rep,480.0,path_length,196.0
APF,normal_city,17,apf_k_rep,480.0,path_length,
APF,normal_city,18,apf_k_rep,480.0,path_length,193.2
APF,normal_city,19,apf_k_rep,480.0,path_length,
APF,normal_city,20,apf_k_rep,480.0,path_length,205.1
APF,normal_city,21,apf_k_rep,480.0,path_length,203.0
APF,normal_city,22,apf_k_rep,480.0,path_length,217.7
APF,normal_city,23,apf_k_rep,480.0,path_length,
APF,normal_city,24,apf_k_rep,480.0,path_length,225.4
APF,normal_city,25,apf_k_rep,480.0,path_length,208.6
APF,normal_city,26,apf_k_rep,480.0,path_length,
APF,normal_city,27,apf_k_rep,480.0,path_length,
APF,normal_city,28,apf_k_rep,480.0,path_length,204.4
APF,normal_city,29,apf_k_rep,480.0,path_length,200.2
APF,blocked_road,0,apf_k_rep,480.0,path_length,
APF,blocked_road,1,apf_k_rep,480.0,path_length,
APF,blocked_road,2,apf_k_rep,480.0,path_length,
APF,blocked_road,3,apf_k_rep,480.0,path_length,
APF,blocked_road,4,apf_k_rep,480.0,path_length,
APF,blocked_road,5,apf_k_rep,480.0,path_length,
APF,blocked_road,6,apf_k_rep,480.0,path_length,
APF,blocked_road,7,apf_k_rep,480.0,path_length,240.1
APF,blocked_road,8,apf_k_rep,480.0,path_length,
APF,blocked_road,9,apf_k_rep,480.0,path_length,
APF,blocked_road,10,apf_k_rep,480.0,path_length,
APF,blocked_road,11,apf_k_rep,480.0,path_length,
APF,blocked_road,12,apf_k_rep,480.0,path_length,
APF,blocked_road,13,apf_k_rep,480.0,path_length,291.2
APF,blocked_road,14,apf_k_rep,480.0,path_length,
APF,blocked_road,15,apf_k_rep,480.0,path_length,
APF,blocked_road,16,apf_k_rep,480.0,path_length,
APF,blocked_road,17,apf_k_rep,480.0,path_length,
APF,blocked_road,18,apf_k_rep,480.0,path_length,230.3
APF,blocked_road,19,apf_k_rep,480.0,path_length,
APF,blocked_road,20,apf_k_rep,480.0,path_length,
APF,blocked_road,21,apf_k_rep,480.0,path_length,
APF,blocked_road,22,apf_k_rep,480.0,path_length,275.8
APF,blocked_road,23,apf_k_rep,480.0,path_length,
APF,blocked_road,24,apf_k_rep,480.0,path_length,
APF,blocked_road,25,apf_k_rep,480.0,path_length,
APF,blocked_road,26,apf_k_rep,480.0,path_length,
APF,blocked_road,27,apf_k_rep,480.0,path_length,
APF,blocked_road,28,apf_k_rep,480.0,path_length,
APF,blocked_road,29,apf_k_rep,480.0,path_length,
APF,dense_city,0,apf_k_rep,480.0,path_length,
APF,dense_city,1,apf_k_rep,480.0,path_length,
APF,dense_city,2,apf_k_rep,480.0,path_length,
APF,dense_city,3,apf_k_rep,480.0,path_length,
APF,dense_city,4,apf_k_rep,480.0,path_length,
APF,dense_city,5,apf_k_rep,480.0,path_length,
APF,dense_city,6,apf_k_rep,480.0,path_length,
APF,dense_city,7,apf_k_rep,480.0,path_length,
APF,dense_city,8,apf_k_rep,480.0,path_length,220.5
APF,dense_city,9,apf_k_rep,480.0,path_length,
APF,dense_city,10,apf_k_rep,480.0,path_length,237.3
APF,dense_city,11,apf_k_rep,480.0,path_length,
APF,dense_city,12,apf_k_rep,480.0,path_length,
APF,dense_city,13,apf_k_rep,480.0,path_length,
APF,dense_city,14,apf_k_rep,480.0,path_length,
APF,dense_city,15,apf_k_rep,480.0,path_length,
APF,dense_city,16,apf_k_rep,480.0,path_length,
APF,dense_city,17,apf_k_rep,480.0,path_length,
APF,dense_city,18,apf_k_rep,480.0,path_length,
APF,dense_city,19,apf_k_rep,480.0,path_length,
APF,dense_city,20,apf_k_rep,480.0,path_length,239.4
APF,dense_city,21,apf_k_rep,480.0,path_length,217.0
APF,dense_city,22,apf_k_rep,480.0,path_length,
APF,dense_city,23,apf_k_rep,480.0,path_length,
APF,dense_city,24,apf_k_rep,480.0,path_length,
APF,dense_city,25,apf_k_rep,480.0,path_length,
APF,dense_city,26,apf_k_rep,480.0,path_length,
APF,dense_city,27,apf_k_rep,480.0,path_length,
APF,dense_city,28,apf_k_rep,480.0,path_length,
APF,dense_city,29,apf_k_rep,480.0,path_length,
APF,normal_city,0,apf_k_rep,30.0,length_ratio,
APF,normal_city,1,apf_k_rep,30.0,length_ratio,
APF,normal_city,2,apf_k_rep,30.0,length_ratio,
APF,normal_city,3,apf_k_rep,30.0,length_ratio,
APF,normal_city,4,apf_k_rep,30.0,length_ratio,
APF,normal_city,5,apf_k_rep,30.0,length_ratio,
APF,normal_city,6,apf_k_rep,30.0,length_ratio,
APF,normal_city,7,apf_k_rep,30.0,length_ratio,
APF,normal_city,8,apf_k_rep,30.0,length_ratio,
APF,normal_city,9,apf_k_rep,30.0,length_ratio,
APF,normal_city,10,apf_k_rep,30.0,length_ratio,
APF,normal_city,11,apf_k_rep,30.0,length_ratio,
APF,normal_city,12,apf_k_rep,30.0,length_ratio,
APF,normal_city,13,apf_k_rep,30.0,length_ratio,
APF,normal_city,14,apf_k_rep,30.0,length_ratio,
APF,normal_city,15,apf_k_rep,30.0,length_ratio,
APF,normal_city,16,apf_k_rep,30.0,length_ratio,
APF,normal_city,17,apf_k_rep,30.0,length_ratio,
APF,normal_city,18,apf_k_rep,30.0,length_ratio,
APF,normal_city,19,apf_k_rep,30.0,length_ratio,
APF,normal_city,20,apf_k_rep,30.0,length_ratio,
APF,normal_city,21,apf_k_rep,30.0,length_ratio,
APF,normal_city,22,apf_k_rep,30.0,length_ratio,
APF,normal_city,23,apf_k_rep,30.0,length_ratio,
APF,normal_city,24,apf_k_rep,30.0,length_ratio,
APF,normal_city,25,apf_k_rep,30.0,length_ratio,
APF,normal_city,26,apf_k_rep,30.0,length_ratio,
APF,normal_city,27,apf_k_rep,30.0,length_ratio,
APF,normal_city,28,apf_k_rep,30.0,length_ratio,
APF,normal_city,29,apf_k_rep,30.0,length_ratio,
APF,blocked_road,0,apf_k_rep,30.0,length_ratio,
APF,blocked_road,1,apf_k_rep,30.0,length_ratio,
APF,blocked_road,2,apf_k_rep,30.0,length_ratio,
APF,blocked_road,3,apf_k_rep,30.0,length_ratio,
APF,blocked_road,4,apf_k_rep,30.0,length_ratio,
APF,blocked_road,5,apf_k_rep,30.0,length_ratio,
APF,blocked_road,6,apf_k_rep,30.0,length_ratio,
APF,blocked_road,7,apf_k_rep,30.0,length_ratio,
APF,blocked_road,8,apf_k_rep,30.0,length_ratio,
APF,blocked_road,9,apf_k_rep,30.0,length_ratio,
APF,blocked_road,10,apf_k_rep,30.0,length_ratio,
APF,blocked_road,11,apf_k_rep,30.0,length_ratio,
APF,blocked_road,12,apf_k_rep,30.0,length_ratio,
APF,blocked_road,13,apf_k_rep,30.0,length_ratio,
APF,blocked_road,14,apf_k_rep,30.0,length_ratio,
APF,blocked_road,15,apf_k_rep,30.0,length_ratio,
APF,blocked_road,16,apf_k_rep,30.0,length_ratio,
APF,blocked_road,17,apf_k_rep,30.0,length_ratio,
APF,blocked_road,18,apf_k_rep,30.0,length_ratio,
APF,blocked_road,19,apf_k_rep,30.0,length_ratio,
APF,blocked_road,20,apf_k_rep,30.0,length_ratio,
APF,blocked_road,21,apf_k_rep,30.0,length_ratio,
APF,blocked_road,22,apf_k_rep,30.0,length_ratio,
APF,blocked_road,23,apf_k_rep,30.0,length_ratio,
APF,blocked_road,24,apf_k_rep,30.0,length_ratio,
APF,blocked_road,25,apf_k_rep,30.0,length_ratio,
APF,blocked_road,26,apf_k_rep,30.0,length_ratio,
APF,blocked_road,27,apf_k_rep,30.0,length_ratio,
APF,blocked_road,28,apf_k_rep,30.0,length_ratio,
APF,blocked_road,29,apf_k_rep,30.0,length_ratio,
APF,dense_city,0,apf_k_rep,30.0,length_ratio,
APF,dense_city,1,apf_k_rep,30.0,length_ratio,
APF,dense_city,2,apf_k_rep,30.0,length_ratio,
APF,dense_city,3,apf_k_rep,30.0,length_ratio,
APF,dense_city,4,apf_k_rep,30.0,length_ratio,
APF,dense_city,5,apf_k_rep,30.0,length_ratio,
APF,dense_city,6,apf_k_rep,30.0,length_ratio,
APF,dense_city,7,apf_k_rep,30.0,length_ratio,
APF,dense_city,8,apf_k_rep,30.0,length_ratio,
APF,dense_city,9,apf_k_rep,30.0,length_ratio,
APF,dense_city,10,apf_k_rep,30.0,length_ratio,
APF,dense_city,11,apf_k_rep,30.0,length_ratio,
APF,dense_city,12,apf_k_rep,30.0,length_ratio,
APF,dense_city,13,apf_k_rep,30.0,length_ratio,
APF,dense_city,14,apf_k_rep,30.0,length_ratio,
APF,dense_city,15,apf_k_rep,30.0,length_ratio,
APF,dense_city,16,apf_k_rep,30.0,length_ratio,
APF,dense_city,17,apf_k_rep,30.0,length_ratio,
APF,dense_city,18,apf_k_rep,30.0,length_ratio,
APF,dense_city,19,apf_k_rep,30.0,length_ratio,
APF,dense_city,20,apf_k_rep,30.0,length_ratio,
APF,dense_city,21,apf_k_rep,30.0,length_ratio,
APF,dense_city,22,apf_k_rep,30.0,length_ratio,
APF,dense_city,23,apf_k_rep,30.0,length_ratio,
APF,dense_city,24,apf_k_rep,30.0,length_ratio,
APF,dense_city,25,apf_k_rep,30.0,length_ratio,
APF,dense_city,26,apf_k_rep,30.0,length_ratio,
APF,dense_city,27,apf_k_rep,30.0,length_ratio,
APF,dense_city,28,apf_k_rep,30.0,length_ratio,
APF,dense_city,29,apf_k_rep,30.0,length_ratio,
APF,normal_city,0,apf_k_rep,60.0,length_ratio,
APF,normal_city,1,apf_k_rep,60.0,length_ratio,
APF,normal_city,2,apf_k_rep,60.0,length_ratio,
APF,normal_city,3,apf_k_rep,60.0,length_ratio,
APF,normal_city,4,apf_k_rep,60.0,length_ratio,
APF,normal_city,5,apf_k_rep,60.0,length_ratio,
APF,normal_city,6,apf_k_rep,60.0,length_ratio,
APF,normal_city,7,apf_k_rep,60.0,length_ratio,
APF,normal_city,8,apf_k_rep,60.0,length_ratio,
APF,normal_city,9,apf_k_rep,60.0,length_ratio,
APF,normal_city,10,apf_k_rep,60.0,length_ratio,
APF,normal_city,11,apf_k_rep,60.0,length_ratio,
APF,normal_city,12,apf_k_rep,60.0,length_ratio,
APF,normal_city,13,apf_k_rep,60.0,length_ratio,
APF,normal_city,14,apf_k_rep,60.0,length_ratio,
APF,normal_city,15,apf_k_rep,60.0,length_ratio,
APF,normal_city,16,apf_k_rep,60.0,length_ratio,
APF,normal_city,17,apf_k_rep,60.0,length_ratio,
APF,normal_city,18,apf_k_rep,60.0,length_ratio,
APF,normal_city,19,apf_k_rep,60.0,length_ratio,
APF,normal_city,20,apf_k_rep,60.0,length_ratio,
APF,normal_city,21,apf_k_rep,60.0,length_ratio,
APF,normal_city,22,apf_k_rep,60.0,length_ratio,
APF,normal_city,23,apf_k_rep,60.0,length_ratio,
APF,normal_city,24,apf_k_rep,60.0,length_ratio,
APF,normal_city,25,apf_k_rep,60.0,length_ratio,
APF,normal_city,26,apf_k_rep,60.0,length_ratio,
APF,normal_city,27,apf_k_rep,60.0,length_ratio,
APF,normal_city,28,apf_k_rep,60.0,length_ratio,
APF,normal_city,29,apf_k_rep,60.0,length_ratio,
APF,blocked_road,0,apf_k_rep,60.0,length_ratio,
APF,blocked_road,1,apf_k_rep,60.0,length_ratio,
APF,blocked_road,2,apf_k_rep,60.0,length_ratio,
APF,blocked_road,3,apf_k_rep,60.0,length_ratio,
APF,blocked_road,4,apf_k_rep,60.0,length_ratio,
APF,blocked_road,5,apf_k_rep,60.0,length_ratio,
APF,blocked_road,6,apf_k_rep,60.0,length_ratio,
APF,blocked_road,7,apf_k_rep,60.0,length_ratio,
APF,blocked_road,8,apf_k_rep,60.0,length_ratio,
APF,blocked_road,9,apf_k_rep,60.0,length_ratio,
APF,blocked_road,10,apf_k_rep,60.0,length_ratio,
APF,blocked_road,11,apf_k_rep,60.0,length_ratio,
APF,blocked_road,12,apf_k_rep,60.0,length_ratio,
APF,blocked_road,13,apf_k_rep,60.0,length_ratio,
APF,blocked_road,14,apf_k_rep,60.0,length_ratio,
APF,blocked_road,15,apf_k_rep,60.0,length_ratio,
APF,blocked_road,16,apf_k_rep,60.0,length_ratio,
APF,blocked_road,17,apf_k_rep,60.0,length_ratio,
APF,blocked_road,18,apf_k_rep,60.0,length_ratio,
APF,blocked_road,19,apf_k_rep,60.0,length_ratio,
APF,blocked_road,20,apf_k_rep,60.0,length_ratio,
APF,blocked_road,21,apf_k_rep,60.0,length_ratio,
APF,blocked_road,22,apf_k_rep,60.0,length_ratio,
APF,blocked_road,23,apf_k_rep,60.0,length_ratio,
APF,blocked_road,24,apf_k_rep,60.0,length_ratio,
APF,blocked_road,25,apf_k_rep,60.0,length_ratio,
APF,blocked_road,26,apf_k_rep,60.0,length_ratio,
APF,blocked_road,27,apf_k_rep,60.0,length_ratio,
APF,blocked_road,28,apf_k_rep,60.0,length_ratio,
APF,blocked_road,29,apf_k_rep,60.0,length_ratio,
APF,dense_city,0,apf_k_rep,60.0,length_ratio,
APF,dense_city,1,apf_k_rep,60.0,length_ratio,
APF,dense_city,2,apf_k_rep,60.0,length_ratio,
APF,dense_city,3,apf_k_rep,60.0,length_ratio,
APF,dense_city,4,apf_k_rep,60.0,length_ratio,
APF,dense_city,5,apf_k_rep,60.0,length_ratio,
APF,dense_city,6,apf_k_rep,60.0,length_ratio,
APF,dense_city,7,apf_k_rep,60.0,length_ratio,
APF,dense_city,8,apf_k_rep,60.0,length_ratio,
APF,dense_city,9,apf_k_rep,60.0,length_ratio,
APF,dense_city,10,apf_k_rep,60.0,length_ratio,
APF,dense_city,11,apf_k_rep,60.0,length_ratio,
APF,dense_city,12,apf_k_rep,60.0,length_ratio,
APF,dense_city,13,apf_k_rep,60.0,length_ratio,
APF,dense_city,14,apf_k_rep,60.0,length_ratio,
APF,dense_city,15,apf_k_rep,60.0,length_ratio,
APF,dense_city,16,apf_k_rep,60.0,length_ratio,
APF,dense_city,17,apf_k_rep,60.0,length_ratio,
APF,dense_city,18,apf_k_rep,60.0,length_ratio,
APF,dense_city,19,apf_k_rep,60.0,length_ratio,
APF,dense_city,20,apf_k_rep,60.0,length_ratio,
APF,dense_city,21,apf_k_rep,60.0,length_ratio,
APF,dense_city,22,apf_k_rep,60.0,length_ratio,
APF,dense_city,23,apf_k_rep,60.0,length_ratio,
APF,dense_city,24,apf_k_rep,60.0,length_ratio,
APF,dense_city,25,apf_k_rep,60.0,length_ratio,
APF,dense_city,26,apf_k_rep,60.0,length_ratio,
APF,dense_city,27,apf_k_rep,60.0,length_ratio,
APF,dense_city,28,apf_k_rep,60.0,length_ratio,
APF,dense_city,29,apf_k_rep,60.0,length_ratio,
APF,normal_city,0,apf_k_rep,120.0,length_ratio,1.2375
APF,normal_city,1,apf_k_rep,120.0,length_ratio,1.2577
APF,normal_city,2,apf_k_rep,120.0,length_ratio,1.2428
APF,normal_city,3,apf_k_rep,120.0,length_ratio,1.271
APF,normal_city,4,apf_k_rep,120.0,length_ratio,1.252
APF,normal_city,5,apf_k_rep,120.0,length_ratio,1.2577
APF,normal_city,6,apf_k_rep,120.0,length_ratio,
APF,normal_city,7,apf_k_rep,120.0,length_ratio,1.2627
APF,normal_city,8,apf_k_rep,120.0,length_ratio,1.2864
APF,normal_city,9,apf_k_rep,120.0,length_ratio,
APF,normal_city,10,apf_k_rep,120.0,length_ratio,1.1833
APF,normal_city,11,apf_k_rep,120.0,length_ratio,1.3016
APF,normal_city,12,apf_k_rep,120.0,length_ratio,
APF,normal_city,13,apf_k_rep,120.0,length_ratio,1.2518
APF,normal_city,14,apf_k_rep,120.0,length_ratio,1.2128
APF,normal_city,15,apf_k_rep,120.0,length_ratio,1.2226
APF,normal_city,16,apf_k_rep,120.0,length_ratio,1.1931
APF,normal_city,17,apf_k_rep,120.0,length_ratio,
APF,normal_city,18,apf_k_rep,120.0,length_ratio,1.2031
APF,normal_city,19,apf_k_rep,120.0,length_ratio,
APF,normal_city,20,apf_k_rep,120.0,length_ratio,1.2029
APF,normal_city,21,apf_k_rep,120.0,length_ratio,1.2373
APF,normal_city,22,apf_k_rep,120.0,length_ratio,1.2962
APF,normal_city,23,apf_k_rep,120.0,length_ratio,
APF,normal_city,24,apf_k_rep,120.0,length_ratio,1.2373
APF,normal_city,25,apf_k_rep,120.0,length_ratio,1.2226
APF,normal_city,26,apf_k_rep,120.0,length_ratio,1.203
APF,normal_city,27,apf_k_rep,120.0,length_ratio,1.3056
APF,normal_city,28,apf_k_rep,120.0,length_ratio,1.2627
APF,normal_city,29,apf_k_rep,120.0,length_ratio,1.198
APF,blocked_road,0,apf_k_rep,120.0,length_ratio,
APF,blocked_road,1,apf_k_rep,120.0,length_ratio,
APF,blocked_road,2,apf_k_rep,120.0,length_ratio,
APF,blocked_road,3,apf_k_rep,120.0,length_ratio,
APF,blocked_road,4,apf_k_rep,120.0,length_ratio,
APF,blocked_road,5,apf_k_rep,120.0,length_ratio,
APF,blocked_road,6,apf_k_rep,120.0,length_ratio,
APF,blocked_road,7,apf_k_rep,120.0,length_ratio,1.2311
APF,blocked_road,8,apf_k_rep,120.0,length_ratio,
APF,blocked_road,9,apf_k_rep,120.0,length_ratio,
APF,blocked_road,10,apf_k_rep,120.0,length_ratio,
APF,blocked_road,11,apf_k_rep,120.0,length_ratio,
APF,blocked_road,12,apf_k_rep,120.0,length_ratio,
APF,blocked_road,13,apf_k_rep,120.0,length_ratio,1.2689
APF,blocked_road,14,apf_k_rep,120.0,length_ratio,
APF,blocked_road,15,apf_k_rep,120.0,length_ratio,
APF,blocked_road,16,apf_k_rep,120.0,length_ratio,
APF,blocked_road,17,apf_k_rep,120.0,length_ratio,
APF,blocked_road,18,apf_k_rep,120.0,length_ratio,1.3698
APF,blocked_road,19,apf_k_rep,120.0,length_ratio,
APF,blocked_road,20,apf_k_rep,120.0,length_ratio,
APF,blocked_road,21,apf_k_rep,120.0,length_ratio,
APF,blocked_road,22,apf_k_rep,120.0,length_ratio,
APF,blocked_road,23,apf_k_rep,120.0,length_ratio,
APF,blocked_road,24,apf_k_rep,120.0,length_ratio,
APF,blocked_road,25,apf_k_rep,120.0,length_ratio,1.1838
APF,blocked_road,26,apf_k_rep,120.0,length_ratio,
APF,blocked_road,27,apf_k_rep,120.0,length_ratio,
APF,blocked_road,28,apf_k_rep,120.0,length_ratio,
APF,blocked_road,29,apf_k_rep,120.0,length_ratio,
APF,dense_city,0,apf_k_rep,120.0,length_ratio,
APF,dense_city,1,apf_k_rep,120.0,length_ratio,
APF,dense_city,2,apf_k_rep,120.0,length_ratio,
APF,dense_city,3,apf_k_rep,120.0,length_ratio,
APF,dense_city,4,apf_k_rep,120.0,length_ratio,
APF,dense_city,5,apf_k_rep,120.0,length_ratio,
APF,dense_city,6,apf_k_rep,120.0,length_ratio,
APF,dense_city,7,apf_k_rep,120.0,length_ratio,
APF,dense_city,8,apf_k_rep,120.0,length_ratio,
APF,dense_city,9,apf_k_rep,120.0,length_ratio,
APF,dense_city,10,apf_k_rep,120.0,length_ratio,
APF,dense_city,11,apf_k_rep,120.0,length_ratio,
APF,dense_city,12,apf_k_rep,120.0,length_ratio,
APF,dense_city,13,apf_k_rep,120.0,length_ratio,
APF,dense_city,14,apf_k_rep,120.0,length_ratio,
APF,dense_city,15,apf_k_rep,120.0,length_ratio,
APF,dense_city,16,apf_k_rep,120.0,length_ratio,
APF,dense_city,17,apf_k_rep,120.0,length_ratio,
APF,dense_city,18,apf_k_rep,120.0,length_ratio,
APF,dense_city,19,apf_k_rep,120.0,length_ratio,
APF,dense_city,20,apf_k_rep,120.0,length_ratio,
APF,dense_city,21,apf_k_rep,120.0,length_ratio,
APF,dense_city,22,apf_k_rep,120.0,length_ratio,
APF,dense_city,23,apf_k_rep,120.0,length_ratio,
APF,dense_city,24,apf_k_rep,120.0,length_ratio,
APF,dense_city,25,apf_k_rep,120.0,length_ratio,
APF,dense_city,26,apf_k_rep,120.0,length_ratio,
APF,dense_city,27,apf_k_rep,120.0,length_ratio,
APF,dense_city,28,apf_k_rep,120.0,length_ratio,
APF,dense_city,29,apf_k_rep,120.0,length_ratio,
APF,normal_city,0,apf_k_rep,240.0,length_ratio,1.3952
APF,normal_city,1,apf_k_rep,240.0,length_ratio,1.4367
APF,normal_city,2,apf_k_rep,240.0,length_ratio,1.4267
APF,normal_city,3,apf_k_rep,240.0,length_ratio,1.4902
APF,normal_city,4,apf_k_rep,240.0,length_ratio,1.4582
APF,normal_city,5,apf_k_rep,240.0,length_ratio,1.4218
APF,normal_city,6,apf_k_rep,240.0,length_ratio,
APF,normal_city,7,apf_k_rep,240.0,length_ratio,1.4218
APF,normal_city,8,apf_k_rep,240.0,length_ratio,1.4975
APF,normal_city,9,apf_k_rep,240.0,length_ratio,
APF,normal_city,10,apf_k_rep,240.0,length_ratio,1.4034
APF,normal_city,11,apf_k_rep,240.0,length_ratio,
APF,normal_city,12,apf_k_rep,240.0,length_ratio,
APF,normal_city,13,apf_k_rep,240.0,length_ratio,1.4034
APF,normal_city,14,apf_k_rep,240.0,length_ratio,1.3804
APF,normal_city,15,apf_k_rep,240.0,length_ratio,1.3846
APF,normal_city,16,apf_k_rep,240.0,length_ratio,1.3713
APF,normal_city,17,apf_k_rep,240.0,length_ratio,
APF,normal_city,18,apf_k_rep,240.0,length_ratio,1.3635
APF,normal_city,19,apf_k_rep,240.0,length_ratio,
APF,normal_city,20,apf_k_rep,240.0,length_ratio,1.3846
APF,normal_city,21,apf_k_rep,240.0,length_ratio,1.4435
APF,normal_city,22,apf_k_rep,240.0,length_ratio,1.5564
APF,normal_city,23,apf_k_rep,240.0,length_ratio,
APF,normal_city,24,apf_k_rep,240.0,length_ratio,1.4926
APF,normal_city,25,apf_k_rep,240.0,length_ratio,1.4091
APF,normal_city,26,apf_k_rep,240.0,length_ratio,1.4248
APF,normal_city,27,apf_k_rep,240.0,length_ratio,
APF,normal_city,28,apf_k_rep,240.0,length_ratio,1.4317
APF,normal_city,29,apf_k_rep,240.0,length_ratio,1.3895
APF,blocked_road,0,apf_k_rep,240.0,length_ratio,
APF,blocked_road,1,apf_k_rep,240.0,length_ratio,
APF,blocked_road,2,apf_k_rep,240.0,length_ratio,
APF,blocked_road,3,apf_k_rep,240.0,length_ratio,
APF,blocked_road,4,apf_k_rep,240.0,length_ratio,
APF,blocked_road,5,apf_k_rep,240.0,length_ratio,
APF,blocked_road,6,apf_k_rep,240.0,length_ratio,
APF,blocked_road,7,apf_k_rep,240.0,length_ratio,1.5104
APF,blocked_road,8,apf_k_rep,240.0,length_ratio,
APF,blocked_road,9,apf_k_rep,240.0,length_ratio,
APF,blocked_road,10,apf_k_rep,240.0,length_ratio,
APF,blocked_road,11,apf_k_rep,240.0,length_ratio,
APF,blocked_road,12,apf_k_rep,240.0,length_ratio,
APF,blocked_road,13,apf_k_rep,240.0,length_ratio,1.8087
APF,blocked_road,14,apf_k_rep,240.0,length_ratio,
APF,blocked_road,15,apf_k_rep,240.0,length_ratio,
APF,blocked_road,16,apf_k_rep,240.0,length_ratio,
APF,blocked_road,17,apf_k_rep,240.0,length_ratio,
APF,blocked_road,18,apf_k_rep,240.0,length_ratio,1.7182
APF,blocked_road,19,apf_k_rep,240.0,length_ratio,
APF,blocked_road,20,apf_k_rep,240.0,length_ratio,
APF,blocked_road,21,apf_k_rep,240.0,length_ratio,
APF,blocked_road,22,apf_k_rep,240.0,length_ratio,
APF,blocked_road,23,apf_k_rep,240.0,length_ratio,
APF,blocked_road,24,apf_k_rep,240.0,length_ratio,
APF,blocked_road,25,apf_k_rep,240.0,length_ratio,
APF,blocked_road,26,apf_k_rep,240.0,length_ratio,
APF,blocked_road,27,apf_k_rep,240.0,length_ratio,
APF,blocked_road,28,apf_k_rep,240.0,length_ratio,
APF,blocked_road,29,apf_k_rep,240.0,length_ratio,
APF,dense_city,0,apf_k_rep,240.0,length_ratio,
APF,dense_city,1,apf_k_rep,240.0,length_ratio,
APF,dense_city,2,apf_k_rep,240.0,length_ratio,
APF,dense_city,3,apf_k_rep,240.0,length_ratio,
APF,dense_city,4,apf_k_rep,240.0,length_ratio,
APF,dense_city,5,apf_k_rep,240.0,length_ratio,
APF,dense_city,6,apf_k_rep,240.0,length_ratio,
APF,dense_city,7,apf_k_rep,240.0,length_ratio,
APF,dense_city,8,apf_k_rep,240.0,length_ratio,1.5893
APF,dense_city,9,apf_k_rep,240.0,length_ratio,
APF,dense_city,10,apf_k_rep,240.0,length_ratio,1.554
APF,dense_city,11,apf_k_rep,240.0,length_ratio,
APF,dense_city,12,apf_k_rep,240.0,length_ratio,
APF,dense_city,13,apf_k_rep,240.0,length_ratio,
APF,dense_city,14,apf_k_rep,240.0,length_ratio,
APF,dense_city,15,apf_k_rep,240.0,length_ratio,
APF,dense_city,16,apf_k_rep,240.0,length_ratio,
APF,dense_city,17,apf_k_rep,240.0,length_ratio,
APF,dense_city,18,apf_k_rep,240.0,length_ratio,
APF,dense_city,19,apf_k_rep,240.0,length_ratio,
APF,dense_city,20,apf_k_rep,240.0,length_ratio,1.5444
APF,dense_city,21,apf_k_rep,240.0,length_ratio,1.5354
APF,dense_city,22,apf_k_rep,240.0,length_ratio,
APF,dense_city,23,apf_k_rep,240.0,length_ratio,
APF,dense_city,24,apf_k_rep,240.0,length_ratio,
APF,dense_city,25,apf_k_rep,240.0,length_ratio,
APF,dense_city,26,apf_k_rep,240.0,length_ratio,
APF,dense_city,27,apf_k_rep,240.0,length_ratio,
APF,dense_city,28,apf_k_rep,240.0,length_ratio,
APF,dense_city,29,apf_k_rep,240.0,length_ratio,
APF,normal_city,0,apf_k_rep,480.0,length_ratio,1.4347
APF,normal_city,1,apf_k_rep,480.0,length_ratio,1.4665
APF,normal_city,2,apf_k_rep,480.0,length_ratio,1.4416
APF,normal_city,3,apf_k_rep,480.0,length_ratio,1.4561
APF,normal_city,4,apf_k_rep,480.0,length_ratio,1.5024
APF,normal_city,5,apf_k_rep,480.0,length_ratio,1.4466
APF,normal_city,6,apf_k_rep,480.0,length_ratio,
APF,normal_city,7,apf_k_rep,480.0,length_ratio,1.4566
APF,normal_city,8,apf_k_rep,480.0,length_ratio,1.4582
APF,normal_city,9,apf_k_rep,480.0,length_ratio,
APF,normal_city,10,apf_k_rep,480.0,length_ratio,1.4034
APF,normal_city,11,apf_k_rep,480.0,length_ratio,
APF,normal_city,12,apf_k_rep,480.0,length_ratio,
APF,normal_city,13,apf_k_rep,480.0,length_ratio,1.4425
APF,normal_city,14,apf_k_rep,480.0,length_ratio,1.3903
APF,normal_city,15,apf_k_rep,480.0,length_ratio,1.4239
APF,normal_city,16,apf_k_rep,480.0,length_ratio,1.3862
APF,normal_city,17,apf_k_rep,480.0,length_ratio,
APF,normal_city,18,apf_k_rep,480.0,length_ratio,1.3836
APF,normal_city,19,apf_k_rep,480.0,length_ratio,
APF,normal_city,20,apf_k_rep,480.0,length_ratio,1.4386
APF,normal_city,21,apf_k_rep,480.0,length_ratio,1.4239
APF,normal_city,22,apf_k_rep,480.0,length_ratio,1.527
APF,normal_city,23,apf_k_rep,480.0,length_ratio,
APF,normal_city,24,apf_k_rep,480.0,length_ratio,1.581
APF,normal_city,25,apf_k_rep,480.0,length_ratio,1.4632
APF,normal_city,26,apf_k_rep,480.0,length_ratio,
APF,normal_city,27,apf_k_rep,480.0,length_ratio,
APF,normal_city,28,apf_k_rep,480.0,length_ratio,1.4516
APF,normal_city,29,apf_k_rep,480.0,length_ratio,1.4042
APF,blocked_road,0,apf_k_rep,480.0,length_ratio,
APF,blocked_road,1,apf_k_rep,480.0,length_ratio,
APF,blocked_road,2,apf_k_rep,480.0,length_ratio,
APF,blocked_road,3,apf_k_rep,480.0,length_ratio,
APF,blocked_road,4,apf_k_rep,480.0,length_ratio,
APF,blocked_road,5,apf_k_rep,480.0,length_ratio,
APF,blocked_road,6,apf_k_rep,480.0,length_ratio,
APF,blocked_road,7,apf_k_rep,480.0,length_ratio,1.624
APF,blocked_road,8,apf_k_rep,480.0,length_ratio,
APF,blocked_road,9,apf_k_rep,480.0,length_ratio,
APF,blocked_road,10,apf_k_rep,480.0,length_ratio,
APF,blocked_road,11,apf_k_rep,480.0,length_ratio,
APF,blocked_road,12,apf_k_rep,480.0,length_ratio,
APF,blocked_road,13,apf_k_rep,480.0,length_ratio,1.9697
APF,blocked_road,14,apf_k_rep,480.0,length_ratio,
APF,blocked_road,15,apf_k_rep,480.0,length_ratio,
APF,blocked_road,16,apf_k_rep,480.0,length_ratio,
APF,blocked_road,17,apf_k_rep,480.0,length_ratio,
APF,blocked_road,18,apf_k_rep,480.0,length_ratio,1.5702
APF,blocked_road,19,apf_k_rep,480.0,length_ratio,
APF,blocked_road,20,apf_k_rep,480.0,length_ratio,
APF,blocked_road,21,apf_k_rep,480.0,length_ratio,
APF,blocked_road,22,apf_k_rep,480.0,length_ratio,1.8655
APF,blocked_road,23,apf_k_rep,480.0,length_ratio,
APF,blocked_road,24,apf_k_rep,480.0,length_ratio,
APF,blocked_road,25,apf_k_rep,480.0,length_ratio,
APF,blocked_road,26,apf_k_rep,480.0,length_ratio,
APF,blocked_road,27,apf_k_rep,480.0,length_ratio,
APF,blocked_road,28,apf_k_rep,480.0,length_ratio,
APF,blocked_road,29,apf_k_rep,480.0,length_ratio,
APF,dense_city,0,apf_k_rep,480.0,length_ratio,
APF,dense_city,1,apf_k_rep,480.0,length_ratio,
APF,dense_city,2,apf_k_rep,480.0,length_ratio,
APF,dense_city,3,apf_k_rep,480.0,length_ratio,
APF,dense_city,4,apf_k_rep,480.0,length_ratio,
APF,dense_city,5,apf_k_rep,480.0,length_ratio,
APF,dense_city,6,apf_k_rep,480.0,length_ratio,
APF,dense_city,7,apf_k_rep,480.0,length_ratio,
APF,dense_city,8,apf_k_rep,480.0,length_ratio,1.5034
APF,dense_city,9,apf_k_rep,480.0,length_ratio,
APF,dense_city,10,apf_k_rep,480.0,length_ratio,1.631
APF,dense_city,11,apf_k_rep,480.0,length_ratio,
APF,dense_city,12,apf_k_rep,480.0,length_ratio,
APF,dense_city,13,apf_k_rep,480.0,length_ratio,
APF,dense_city,14,apf_k_rep,480.0,length_ratio,
APF,dense_city,15,apf_k_rep,480.0,length_ratio,
APF,dense_city,16,apf_k_rep,480.0,length_ratio,
APF,dense_city,17,apf_k_rep,480.0,length_ratio,
APF,dense_city,18,apf_k_rep,480.0,length_ratio,
APF,dense_city,19,apf_k_rep,480.0,length_ratio,
APF,dense_city,20,apf_k_rep,480.0,length_ratio,1.6454
APF,dense_city,21,apf_k_rep,480.0,length_ratio,1.4736
APF,dense_city,22,apf_k_rep,480.0,length_ratio,
APF,dense_city,23,apf_k_rep,480.0,length_ratio,
APF,dense_city,24,apf_k_rep,480.0,length_ratio,
APF,dense_city,25,apf_k_rep,480.0,length_ratio,
APF,dense_city,26,apf_k_rep,480.0,length_ratio,
APF,dense_city,27,apf_k_rep,480.0,length_ratio,
APF,dense_city,28,apf_k_rep,480.0,length_ratio,
APF,dense_city,29,apf_k_rep,480.0,length_ratio,
APF,normal_city,0,apf_k_rep,30.0,curvature,
APF,normal_city,1,apf_k_rep,30.0,curvature,
APF,normal_city,2,apf_k_rep,30.0,curvature,
APF,normal_city,3,apf_k_rep,30.0,curvature,
APF,normal_city,4,apf_k_rep,30.0,curvature,
APF,normal_city,5,apf_k_rep,30.0,curvature,
APF,normal_city,6,apf_k_rep,30.0,curvature,
APF,normal_city,7,apf_k_rep,30.0,curvature,
APF,normal_city,8,apf_k_rep,30.0,curvature,
APF,normal_city,9,apf_k_rep,30.0,curvature,
APF,normal_city,10,apf_k_rep,30.0,curvature,
APF,normal_city,11,apf_k_rep,30.0,curvature,
APF,normal_city,12,apf_k_rep,30.0,curvature,
APF,normal_city,13,apf_k_rep,30.0,curvature,
APF,normal_city,14,apf_k_rep,30.0,curvature,
APF,normal_city,15,apf_k_rep,30.0,curvature,
APF,normal_city,16,apf_k_rep,30.0,curvature,
APF,normal_city,17,apf_k_rep,30.0,curvature,
APF,normal_city,18,apf_k_rep,30.0,curvature,
APF,normal_city,19,apf_k_rep,30.0,curvature,
APF,normal_city,20,apf_k_rep,30.0,curvature,
APF,normal_city,21,apf_k_rep,30.0,curvature,
APF,normal_city,22,apf_k_rep,30.0,curvature,
APF,normal_city,23,apf_k_rep,30.0,curvature,
APF,normal_city,24,apf_k_rep,30.0,curvature,
APF,normal_city,25,apf_k_rep,30.0,curvature,
APF,normal_city,26,apf_k_rep,30.0,curvature,
APF,normal_city,27,apf_k_rep,30.0,curvature,
APF,normal_city,28,apf_k_rep,30.0,curvature,
APF,normal_city,29,apf_k_rep,30.0,curvature,
APF,blocked_road,0,apf_k_rep,30.0,curvature,
APF,blocked_road,1,apf_k_rep,30.0,curvature,
APF,blocked_road,2,apf_k_rep,30.0,curvature,
APF,blocked_road,3,apf_k_rep,30.0,curvature,
APF,blocked_road,4,apf_k_rep,30.0,curvature,
APF,blocked_road,5,apf_k_rep,30.0,curvature,
APF,blocked_road,6,apf_k_rep,30.0,curvature,
APF,blocked_road,7,apf_k_rep,30.0,curvature,
APF,blocked_road,8,apf_k_rep,30.0,curvature,
APF,blocked_road,9,apf_k_rep,30.0,curvature,
APF,blocked_road,10,apf_k_rep,30.0,curvature,
APF,blocked_road,11,apf_k_rep,30.0,curvature,
APF,blocked_road,12,apf_k_rep,30.0,curvature,
APF,blocked_road,13,apf_k_rep,30.0,curvature,
APF,blocked_road,14,apf_k_rep,30.0,curvature,
APF,blocked_road,15,apf_k_rep,30.0,curvature,
APF,blocked_road,16,apf_k_rep,30.0,curvature,
APF,blocked_road,17,apf_k_rep,30.0,curvature,
APF,blocked_road,18,apf_k_rep,30.0,curvature,
APF,blocked_road,19,apf_k_rep,30.0,curvature,
APF,blocked_road,20,apf_k_rep,30.0,curvature,
APF,blocked_road,21,apf_k_rep,30.0,curvature,
APF,blocked_road,22,apf_k_rep,30.0,curvature,
APF,blocked_road,23,apf_k_rep,30.0,curvature,
APF,blocked_road,24,apf_k_rep,30.0,curvature,
APF,blocked_road,25,apf_k_rep,30.0,curvature,
APF,blocked_road,26,apf_k_rep,30.0,curvature,
APF,blocked_road,27,apf_k_rep,30.0,curvature,
APF,blocked_road,28,apf_k_rep,30.0,curvature,
APF,blocked_road,29,apf_k_rep,30.0,curvature,
APF,dense_city,0,apf_k_rep,30.0,curvature,
APF,dense_city,1,apf_k_rep,30.0,curvature,
APF,dense_city,2,apf_k_rep,30.0,curvature,
APF,dense_city,3,apf_k_rep,30.0,curvature,
APF,dense_city,4,apf_k_rep,30.0,curvature,
APF,dense_city,5,apf_k_rep,30.0,curvature,
APF,dense_city,6,apf_k_rep,30.0,curvature,
APF,dense_city,7,apf_k_rep,30.0,curvature,
APF,dense_city,8,apf_k_rep,30.0,curvature,
APF,dense_city,9,apf_k_rep,30.0,curvature,
APF,dense_city,10,apf_k_rep,30.0,curvature,
APF,dense_city,11,apf_k_rep,30.0,curvature,
APF,dense_city,12,apf_k_rep,30.0,curvature,
APF,dense_city,13,apf_k_rep,30.0,curvature,
APF,dense_city,14,apf_k_rep,30.0,curvature,
APF,dense_city,15,apf_k_rep,30.0,curvature,
APF,dense_city,16,apf_k_rep,30.0,curvature,
APF,dense_city,17,apf_k_rep,30.0,curvature,
APF,dense_city,18,apf_k_rep,30.0,curvature,
APF,dense_city,19,apf_k_rep,30.0,curvature,
APF,dense_city,20,apf_k_rep,30.0,curvature,
APF,dense_city,21,apf_k_rep,30.0,curvature,
APF,dense_city,22,apf_k_rep,30.0,curvature,
APF,dense_city,23,apf_k_rep,30.0,curvature,
APF,dense_city,24,apf_k_rep,30.0,curvature,
APF,dense_city,25,apf_k_rep,30.0,curvature,
APF,dense_city,26,apf_k_rep,30.0,curvature,
APF,dense_city,27,apf_k_rep,30.0,curvature,
APF,dense_city,28,apf_k_rep,30.0,curvature,
APF,dense_city,29,apf_k_rep,30.0,curvature,
APF,normal_city,0,apf_k_rep,60.0,curvature,
APF,normal_city,1,apf_k_rep,60.0,curvature,
APF,normal_city,2,apf_k_rep,60.0,curvature,
APF,normal_city,3,apf_k_rep,60.0,curvature,
APF,normal_city,4,apf_k_rep,60.0,curvature,
APF,normal_city,5,apf_k_rep,60.0,curvature,
APF,normal_city,6,apf_k_rep,60.0,curvature,
APF,normal_city,7,apf_k_rep,60.0,curvature,
APF,normal_city,8,apf_k_rep,60.0,curvature,
APF,normal_city,9,apf_k_rep,60.0,curvature,
APF,normal_city,10,apf_k_rep,60.0,curvature,
APF,normal_city,11,apf_k_rep,60.0,curvature,
APF,normal_city,12,apf_k_rep,60.0,curvature,
APF,normal_city,13,apf_k_rep,60.0,curvature,
APF,normal_city,14,apf_k_rep,60.0,curvature,
APF,normal_city,15,apf_k_rep,60.0,curvature,
APF,normal_city,16,apf_k_rep,60.0,curvature,
APF,normal_city,17,apf_k_rep,60.0,curvature,
APF,normal_city,18,apf_k_rep,60.0,curvature,
APF,normal_city,19,apf_k_rep,60.0,curvature,
APF,normal_city,20,apf_k_rep,60.0,curvature,
APF,normal_city,21,apf_k_rep,60.0,curvature,
APF,normal_city,22,apf_k_rep,60.0,curvature,
APF,normal_city,23,apf_k_rep,60.0,curvature,
APF,normal_city,24,apf_k_rep,60.0,curvature,
APF,normal_city,25,apf_k_rep,60.0,curvature,
APF,normal_city,26,apf_k_rep,60.0,curvature,
APF,normal_city,27,apf_k_rep,60.0,curvature,
APF,normal_city,28,apf_k_rep,60.0,curvature,
APF,normal_city,29,apf_k_rep,60.0,curvature,
APF,blocked_road,0,apf_k_rep,60.0,curvature,
APF,blocked_road,1,apf_k_rep,60.0,curvature,
APF,blocked_road,2,apf_k_rep,60.0,curvature,
APF,blocked_road,3,apf_k_rep,60.0,curvature,
APF,blocked_road,4,apf_k_rep,60.0,curvature,
APF,blocked_road,5,apf_k_rep,60.0,curvature,
APF,blocked_road,6,apf_k_rep,60.0,curvature,
APF,blocked_road,7,apf_k_rep,60.0,curvature,
APF,blocked_road,8,apf_k_rep,60.0,curvature,
APF,blocked_road,9,apf_k_rep,60.0,curvature,
APF,blocked_road,10,apf_k_rep,60.0,curvature,
APF,blocked_road,11,apf_k_rep,60.0,curvature,
APF,blocked_road,12,apf_k_rep,60.0,curvature,
APF,blocked_road,13,apf_k_rep,60.0,curvature,
APF,blocked_road,14,apf_k_rep,60.0,curvature,
APF,blocked_road,15,apf_k_rep,60.0,curvature,
APF,blocked_road,16,apf_k_rep,60.0,curvature,
APF,blocked_road,17,apf_k_rep,60.0,curvature,
APF,blocked_road,18,apf_k_rep,60.0,curvature,
APF,blocked_road,19,apf_k_rep,60.0,curvature,
APF,blocked_road,20,apf_k_rep,60.0,curvature,
APF,blocked_road,21,apf_k_rep,60.0,curvature,
APF,blocked_road,22,apf_k_rep,60.0,curvature,
APF,blocked_road,23,apf_k_rep,60.0,curvature,
APF,blocked_road,24,apf_k_rep,60.0,curvature,
APF,blocked_road,25,apf_k_rep,60.0,curvature,
APF,blocked_road,26,apf_k_rep,60.0,curvature,
APF,blocked_road,27,apf_k_rep,60.0,curvature,
APF,blocked_road,28,apf_k_rep,60.0,curvature,
APF,blocked_road,29,apf_k_rep,60.0,curvature,
APF,dense_city,0,apf_k_rep,60.0,curvature,
APF,dense_city,1,apf_k_rep,60.0,curvature,
APF,dense_city,2,apf_k_rep,60.0,curvature,
APF,dense_city,3,apf_k_rep,60.0,curvature,
APF,dense_city,4,apf_k_rep,60.0,curvature,
APF,dense_city,5,apf_k_rep,60.0,curvature,
APF,dense_city,6,apf_k_rep,60.0,curvature,
APF,dense_city,7,apf_k_rep,60.0,curvature,
APF,dense_city,8,apf_k_rep,60.0,curvature,
APF,dense_city,9,apf_k_rep,60.0,curvature,
APF,dense_city,10,apf_k_rep,60.0,curvature,
APF,dense_city,11,apf_k_rep,60.0,curvature,
APF,dense_city,12,apf_k_rep,60.0,curvature,
APF,dense_city,13,apf_k_rep,60.0,curvature,
APF,dense_city,14,apf_k_rep,60.0,curvature,
APF,dense_city,15,apf_k_rep,60.0,curvature,
APF,dense_city,16,apf_k_rep,60.0,curvature,
APF,dense_city,17,apf_k_rep,60.0,curvature,
APF,dense_city,18,apf_k_rep,60.0,curvature,
APF,dense_city,19,apf_k_rep,60.0,curvature,
APF,dense_city,20,apf_k_rep,60.0,curvature,
APF,dense_city,21,apf_k_rep,60.0,curvature,
APF,dense_city,22,apf_k_rep,60.0,curvature,
APF,dense_city,23,apf_k_rep,60.0,curvature,
APF,dense_city,24,apf_k_rep,60.0,curvature,
APF,dense_city,25,apf_k_rep,60.0,curvature,
APF,dense_city,26,apf_k_rep,60.0,curvature,
APF,dense_city,27,apf_k_rep,60.0,curvature,
APF,dense_city,28,apf_k_rep,60.0,curvature,
APF,dense_city,29,apf_k_rep,60.0,curvature,
APF,normal_city,0,apf_k_rep,120.0,curvature,1.103
APF,normal_city,1,apf_k_rep,120.0,curvature,1.0713
APF,normal_city,2,apf_k_rep,120.0,curvature,1.1158
APF,normal_city,3,apf_k_rep,120.0,curvature,1.2066
APF,normal_city,4,apf_k_rep,120.0,curvature,1.1226
APF,normal_city,5,apf_k_rep,120.0,curvature,1.1345
APF,normal_city,6,apf_k_rep,120.0,curvature,
APF,normal_city,7,apf_k_rep,120.0,curvature,1.1562
APF,normal_city,8,apf_k_rep,120.0,curvature,1.2025
APF,normal_city,9,apf_k_rep,120.0,curvature,
APF,normal_city,10,apf_k_rep,120.0,curvature,0.9964
APF,normal_city,11,apf_k_rep,120.0,curvature,1.2698
APF,normal_city,12,apf_k_rep,120.0,curvature,
APF,normal_city,13,apf_k_rep,120.0,curvature,1.0704
APF,normal_city,14,apf_k_rep,120.0,curvature,1.0393
APF,normal_city,15,apf_k_rep,120.0,curvature,1.0973
APF,normal_city,16,apf_k_rep,120.0,curvature,0.9981
APF,normal_city,17,apf_k_rep,120.0,curvature,
APF,normal_city,18,apf_k_rep,120.0,curvature,0.9975
APF,normal_city,19,apf_k_rep,120.0,curvature,
APF,normal_city,20,apf_k_rep,120.0,curvature,1.0381
APF,normal_city,21,apf_k_rep,120.0,curvature,1.1062
APF,normal_city,22,apf_k_rep,120.0,curvature,1.2287
APF,normal_city,23,apf_k_rep,120.0,curvature,
APF,normal_city,24,apf_k_rep,120.0,curvature,1.0885
APF,normal_city,25,apf_k_rep,120.0,curvature,1.0472
APF,normal_city,26,apf_k_rep,120.0,curvature,1.0486
APF,normal_city,27,apf_k_rep,120.0,curvature,1.3511
APF,normal_city,28,apf_k_rep,120.0,curvature,1.118
APF,normal_city,29,apf_k_rep,120.0,curvature,1.0144
APF,blocked_road,0,apf_k_rep,120.0,curvature,
APF,blocked_road,1,apf_k_rep,120.0,curvature,
APF,blocked_road,2,apf_k_rep,120.0,curvature,
APF,blocked_road,3,apf_k_rep,120.0,curvature,
APF,blocked_road,4,apf_k_rep,120.0,curvature,
APF,blocked_road,5,apf_k_rep,120.0,curvature,
APF,blocked_road,6,apf_k_rep,120.0,curvature,
APF,blocked_road,7,apf_k_rep,120.0,curvature,1.0018
APF,blocked_road,8,apf_k_rep,120.0,curvature,
APF,blocked_road,9,apf_k_rep,120.0,curvature,
APF,blocked_road,10,apf_k_rep,120.0,curvature,
APF,blocked_road,11,apf_k_rep,120.0,curvature,
APF,blocked_road,12,apf_k_rep,120.0,curvature,
APF,blocked_road,13,apf_k_rep,120.0,curvature,1.0491
APF,blocked_road,14,apf_k_rep,120.0,curvature,
APF,blocked_road,15,apf_k_rep,120.0,curvature,
APF,blocked_road,16,apf_k_rep,120.0,curvature,
APF,blocked_road,17,apf_k_rep,120.0,curvature,
APF,blocked_road,18,apf_k_rep,120.0,curvature,1.3416
APF,blocked_road,19,apf_k_rep,120.0,curvature,
APF,blocked_road,20,apf_k_rep,120.0,curvature,
APF,blocked_road,21,apf_k_rep,120.0,curvature,
APF,blocked_road,22,apf_k_rep,120.0,curvature,
APF,blocked_road,23,apf_k_rep,120.0,curvature,
APF,blocked_road,24,apf_k_rep,120.0,curvature,
APF,blocked_road,25,apf_k_rep,120.0,curvature,0.8534
APF,blocked_road,26,apf_k_rep,120.0,curvature,
APF,blocked_road,27,apf_k_rep,120.0,curvature,
APF,blocked_road,28,apf_k_rep,120.0,curvature,
APF,blocked_road,29,apf_k_rep,120.0,curvature,
APF,dense_city,0,apf_k_rep,120.0,curvature,
APF,dense_city,1,apf_k_rep,120.0,curvature,
APF,dense_city,2,apf_k_rep,120.0,curvature,
APF,dense_city,3,apf_k_rep,120.0,curvature,
APF,dense_city,4,apf_k_rep,120.0,curvature,
APF,dense_city,5,apf_k_rep,120.0,curvature,
APF,dense_city,6,apf_k_rep,120.0,curvature,
APF,dense_city,7,apf_k_rep,120.0,curvature,
APF,dense_city,8,apf_k_rep,120.0,curvature,
APF,dense_city,9,apf_k_rep,120.0,curvature,
APF,dense_city,10,apf_k_rep,120.0,curvature,
APF,dense_city,11,apf_k_rep,120.0,curvature,
APF,dense_city,12,apf_k_rep,120.0,curvature,
APF,dense_city,13,apf_k_rep,120.0,curvature,
APF,dense_city,14,apf_k_rep,120.0,curvature,
APF,dense_city,15,apf_k_rep,120.0,curvature,
APF,dense_city,16,apf_k_rep,120.0,curvature,
APF,dense_city,17,apf_k_rep,120.0,curvature,
APF,dense_city,18,apf_k_rep,120.0,curvature,
APF,dense_city,19,apf_k_rep,120.0,curvature,
APF,dense_city,20,apf_k_rep,120.0,curvature,
APF,dense_city,21,apf_k_rep,120.0,curvature,
APF,dense_city,22,apf_k_rep,120.0,curvature,
APF,dense_city,23,apf_k_rep,120.0,curvature,
APF,dense_city,24,apf_k_rep,120.0,curvature,
APF,dense_city,25,apf_k_rep,120.0,curvature,
APF,dense_city,26,apf_k_rep,120.0,curvature,
APF,dense_city,27,apf_k_rep,120.0,curvature,
APF,dense_city,28,apf_k_rep,120.0,curvature,
APF,dense_city,29,apf_k_rep,120.0,curvature,
APF,normal_city,0,apf_k_rep,240.0,curvature,1.512
APF,normal_city,1,apf_k_rep,240.0,curvature,1.5945
APF,normal_city,2,apf_k_rep,240.0,curvature,1.5619
APF,normal_city,3,apf_k_rep,240.0,curvature,1.7183
APF,normal_city,4,apf_k_rep,240.0,curvature,1.6625
APF,normal_city,5,apf_k_rep,240.0,curvature,1.5537
APF,normal_city,6,apf_k_rep,240.0,curvature,
APF,normal_city,7,apf_k_rep,240.0,curvature,1.54
APF,normal_city,8,apf_k_rep,240.0,curvature,1.7192
APF,normal_city,9,apf_k_rep,240.0,curvature,
APF,normal_city,10,apf_k_rep,240.0,curvature,1.6045
APF,normal_city,11,apf_k_rep,240.0,curvature,
APF,normal_city,12,apf_k_rep,240.0,curvature,
APF,normal_city,13,apf_k_rep,240.0,curvature,1.5126
APF,normal_city,14,apf_k_rep,240.0,curvature,1.4955
APF,normal_city,15,apf_k_rep,240.0,curvature,1.5099
APF,normal_city,16,apf_k_rep,240.0,curvature,1.5039
APF,normal_city,17,apf_k_rep,240.0,curvature,
APF,normal_city,18,apf_k_rep,240.0,curvature,1.433
APF,normal_city,19,apf_k_rep,240.0,curvature,
APF,normal_city,20,apf_k_rep,240.0,curvature,1.5542
APF,normal_city,21,apf_k_rep,240.0,curvature,1.6498
APF,normal_city,22,apf_k_rep,240.0,curvature,1.8103
APF,normal_city,23,apf_k_rep,240.0,curvature,
APF,normal_city,24,apf_k_rep,240.0,curvature,1.7446
APF,normal_city,25,apf_k_rep,240.0,curvature,1.5784
APF,normal_city,26,apf_k_rep,240.0,curvature,1.6129
APF,normal_city,27,apf_k_rep,240.0,curvature,
APF,normal_city,28,apf_k_rep,240.0,curvature,1.5529
APF,normal_city,29,apf_k_rep,240.0,curvature,1.5317
APF,blocked_road,0,apf_k_rep,240.0,curvature,
APF,blocked_road,1,apf_k_rep,240.0,curvature,
APF,blocked_road,2,apf_k_rep,240.0,curvature,
APF,blocked_road,3,apf_k_rep,240.0,curvature,
APF,blocked_road,4,apf_k_rep,240.0,curvature,
APF,blocked_road,5,apf_k_rep,240.0,curvature,
APF,blocked_road,6,apf_k_rep,240.0,curvature,
APF,blocked_road,7,apf_k_rep,240.0,curvature,1.8067
APF,blocked_road,8,apf_k_rep,240.0,curvature,
APF,blocked_road,9,apf_k_rep,240.0,curvature,
APF,blocked_road,10,apf_k_rep,240.0,curvature,
APF,blocked_road,11,apf_k_rep,240.0,curvature,
APF,blocked_road,12,apf_k_rep,240.0,curvature,
APF,blocked_road,13,apf_k_rep,240.0,curvature,2.2527
APF,blocked_road,14,apf_k_rep,240.0,curvature,
APF,blocked_road,15,apf_k_rep,240.0,curvature,
APF,blocked_road,16,apf_k_rep,240.0,curvature,
APF,blocked_road,17,apf_k_rep,240.0,curvature,
APF,blocked_road,18,apf_k_rep,240.0,curvature,2.1117
APF,blocked_road,19,apf_k_rep,240.0,curvature,
APF,blocked_road,20,apf_k_rep,240.0,curvature,
APF,blocked_road,21,apf_k_rep,240.0,curvature,
APF,blocked_road,22,apf_k_rep,240.0,curvature,
APF,blocked_road,23,apf_k_rep,240.0,curvature,
APF,blocked_road,24,apf_k_rep,240.0,curvature,
APF,blocked_road,25,apf_k_rep,240.0,curvature,
APF,blocked_road,26,apf_k_rep,240.0,curvature,
APF,blocked_road,27,apf_k_rep,240.0,curvature,
APF,blocked_road,28,apf_k_rep,240.0,curvature,
APF,blocked_road,29,apf_k_rep,240.0,curvature,
APF,dense_city,0,apf_k_rep,240.0,curvature,
APF,dense_city,1,apf_k_rep,240.0,curvature,
APF,dense_city,2,apf_k_rep,240.0,curvature,
APF,dense_city,3,apf_k_rep,240.0,curvature,
APF,dense_city,4,apf_k_rep,240.0,curvature,
APF,dense_city,5,apf_k_rep,240.0,curvature,
APF,dense_city,6,apf_k_rep,240.0,curvature,
APF,dense_city,7,apf_k_rep,240.0,curvature,
APF,dense_city,8,apf_k_rep,240.0,curvature,1.8953
APF,dense_city,9,apf_k_rep,240.0,curvature,
APF,dense_city,10,apf_k_rep,240.0,curvature,1.8111
APF,dense_city,11,apf_k_rep,240.0,curvature,
APF,dense_city,12,apf_k_rep,240.0,curvature,
APF,dense_city,13,apf_k_rep,240.0,curvature,
APF,dense_city,14,apf_k_rep,240.0,curvature,
APF,dense_city,15,apf_k_rep,240.0,curvature,
APF,dense_city,16,apf_k_rep,240.0,curvature,
APF,dense_city,17,apf_k_rep,240.0,curvature,
APF,dense_city,18,apf_k_rep,240.0,curvature,
APF,dense_city,19,apf_k_rep,240.0,curvature,
APF,dense_city,20,apf_k_rep,240.0,curvature,1.7903
APF,dense_city,21,apf_k_rep,240.0,curvature,1.8463
APF,dense_city,22,apf_k_rep,240.0,curvature,
APF,dense_city,23,apf_k_rep,240.0,curvature,
APF,dense_city,24,apf_k_rep,240.0,curvature,
APF,dense_city,25,apf_k_rep,240.0,curvature,
APF,dense_city,26,apf_k_rep,240.0,curvature,
APF,dense_city,27,apf_k_rep,240.0,curvature,
APF,dense_city,28,apf_k_rep,240.0,curvature,
APF,dense_city,29,apf_k_rep,240.0,curvature,
APF,normal_city,0,apf_k_rep,480.0,curvature,1.49
APF,normal_city,1,apf_k_rep,480.0,curvature,1.5081
APF,normal_city,2,apf_k_rep,480.0,curvature,1.4548
APF,normal_city,3,apf_k_rep,480.0,curvature,1.4923
APF,normal_city,4,apf_k_rep,480.0,curvature,1.5856
APF,normal_city,5,apf_k_rep,480.0,curvature,1.4645
APF,normal_city,6,apf_k_rep,480.0,curvature,
APF,normal_city,7,apf_k_rep,480.0,curvature,1.4959
APF,normal_city,8,apf_k_rep,480.0,curvature,1.4749
APF,normal_city,9,apf_k_rep,480.0,curvature,
APF,normal_city,10,apf_k_rep,480.0,curvature,1.4266
APF,normal_city,11,apf_k_rep,480.0,curvature,
APF,normal_city,12,apf_k_rep,480.0,curvature,
APF,normal_city,13,apf_k_rep,480.0,curvature,1.4772
APF,normal_city,14,apf_k_rep,480.0,curvature,1.4084
APF,normal_city,15,apf_k_rep,480.0,curvature,1.48
APF,normal_city,16,apf_k_rep,480.0,curvature,1.4079
APF,normal_city,17,apf_k_rep,480.0,curvature,
APF,normal_city,18,apf_k_rep,480.0,curvature,1.3447
APF,normal_city,19,apf_k_rep,480.0,curvature,
APF,normal_city,20,apf_k_rep,480.0,curvature,1.5332
APF,normal_city,21,apf_k_rep,480.0,curvature,1.4434
APF,normal_city,22,apf_k_rep,480.0,curvature,1.6286
APF,normal_city,23,apf_k_rep,480.0,curvature,
APF,normal_city,24,apf_k_rep,480.0,curvature,1.7618
APF,normal_city,25,apf_k_rep,480.0,curvature,1.5361
APF,normal_city,26,apf_k_rep,480.0,curvature,
APF,normal_city,27,apf_k_rep,480.0,curvature,
APF,normal_city,28,apf_k_rep,480.0,curvature,1.4673
APF,normal_city,29,apf_k_rep,480.0,curvature,1.4537
APF,blocked_road,0,apf_k_rep,480.0,curvature,
APF,blocked_road,1,apf_k_rep,480.0,curvature,
APF,blocked_road,2,apf_k_rep,480.0,curvature,
APF,blocked_road,3,apf_k_rep,480.0,curvature,
APF,blocked_road,4,apf_k_rep,480.0,curvature,
APF,blocked_road,5,apf_k_rep,480.0,curvature,
APF,blocked_road,6,apf_k_rep,480.0,curvature,
APF,blocked_road,7,apf_k_rep,480.0,curvature,1.9026
APF,blocked_road,8,apf_k_rep,480.0,curvature,
APF,blocked_road,9,apf_k_rep,480.0,curvature,
APF,blocked_road,10,apf_k_rep,480.0,curvature,
APF,blocked_road,11,apf_k_rep,480.0,curvature,
APF,blocked_road,12,apf_k_rep,480.0,curvature,
APF,blocked_road,13,apf_k_rep,480.0,curvature,2.3235
APF,blocked_road,14,apf_k_rep,480.0,curvature,
APF,blocked_road,15,apf_k_rep,480.0,curvature,
APF,blocked_road,16,apf_k_rep,480.0,curvature,
APF,blocked_road,17,apf_k_rep,480.0,curvature,
APF,blocked_road,18,apf_k_rep,480.0,curvature,1.8062
APF,blocked_road,19,apf_k_rep,480.0,curvature,
APF,blocked_road,20,apf_k_rep,480.0,curvature,
APF,blocked_road,21,apf_k_rep,480.0,curvature,
APF,blocked_road,22,apf_k_rep,480.0,curvature,2.1654
APF,blocked_road,23,apf_k_rep,480.0,curvature,
APF,blocked_road,24,apf_k_rep,480.0,curvature,
APF,blocked_road,25,apf_k_rep,480.0,curvature,
APF,blocked_road,26,apf_k_rep,480.0,curvature,
APF,blocked_road,27,apf_k_rep,480.0,curvature,
APF,blocked_road,28,apf_k_rep,480.0,curvature,
APF,blocked_road,29,apf_k_rep,480.0,curvature,
APF,dense_city,0,apf_k_rep,480.0,curvature,
APF,dense_city,1,apf_k_rep,480.0,curvature,
APF,dense_city,2,apf_k_rep,480.0,curvature,
APF,dense_city,3,apf_k_rep,480.0,curvature,
APF,dense_city,4,apf_k_rep,480.0,curvature,
APF,dense_city,5,apf_k_rep,480.0,curvature,
APF,dense_city,6,apf_k_rep,480.0,curvature,
APF,dense_city,7,apf_k_rep,480.0,curvature,
APF,dense_city,8,apf_k_rep,480.0,curvature,1.545
APF,dense_city,9,apf_k_rep,480.0,curvature,
APF,dense_city,10,apf_k_rep,480.0,curvature,1.7765
APF,dense_city,11,apf_k_rep,480.0,curvature,
APF,dense_city,12,apf_k_rep,480.0,curvature,
APF,dense_city,13,apf_k_rep,480.0,curvature,
APF,dense_city,14,apf_k_rep,480.0,curvature,
APF,dense_city,15,apf_k_rep,480.0,curvature,
APF,dense_city,16,apf_k_rep,480.0,curvature,
APF,dense_city,17,apf_k_rep,480.0,curvature,
APF,dense_city,18,apf_k_rep,480.0,curvature,
APF,dense_city,19,apf_k_rep,480.0,curvature,
APF,dense_city,20,apf_k_rep,480.0,curvature,1.8285
APF,dense_city,21,apf_k_rep,480.0,curvature,1.5293
APF,dense_city,22,apf_k_rep,480.0,curvature,
APF,dense_city,23,apf_k_rep,480.0,curvature,
APF,dense_city,24,apf_k_rep,480.0,curvature,
APF,dense_city,25,apf_k_rep,480.0,curvature,
APF,dense_city,26,apf_k_rep,480.0,curvature,
APF,dense_city,27,apf_k_rep,480.0,curvature,
APF,dense_city,28,apf_k_rep,480.0,curvature,
APF,dense_city,29,apf_k_rep,480.0,curvature,
APF,normal_city,0,apf_k_rep,30.0,max_curvature,
APF,normal_city,1,apf_k_rep,30.0,max_curvature,
APF,normal_city,2,apf_k_rep,30.0,max_curvature,
APF,normal_city,3,apf_k_rep,30.0,max_curvature,
APF,normal_city,4,apf_k_rep,30.0,max_curvature,
APF,normal_city,5,apf_k_rep,30.0,max_curvature,
APF,normal_city,6,apf_k_rep,30.0,max_curvature,
APF,normal_city,7,apf_k_rep,30.0,max_curvature,
APF,normal_city,8,apf_k_rep,30.0,max_curvature,
APF,normal_city,9,apf_k_rep,30.0,max_curvature,
APF,normal_city,10,apf_k_rep,30.0,max_curvature,
APF,normal_city,11,apf_k_rep,30.0,max_curvature,
APF,normal_city,12,apf_k_rep,30.0,max_curvature,
APF,normal_city,13,apf_k_rep,30.0,max_curvature,
APF,normal_city,14,apf_k_rep,30.0,max_curvature,
APF,normal_city,15,apf_k_rep,30.0,max_curvature,
APF,normal_city,16,apf_k_rep,30.0,max_curvature,
APF,normal_city,17,apf_k_rep,30.0,max_curvature,
APF,normal_city,18,apf_k_rep,30.0,max_curvature,
APF,normal_city,19,apf_k_rep,30.0,max_curvature,
APF,normal_city,20,apf_k_rep,30.0,max_curvature,
APF,normal_city,21,apf_k_rep,30.0,max_curvature,
APF,normal_city,22,apf_k_rep,30.0,max_curvature,
APF,normal_city,23,apf_k_rep,30.0,max_curvature,
APF,normal_city,24,apf_k_rep,30.0,max_curvature,
APF,normal_city,25,apf_k_rep,30.0,max_curvature,
APF,normal_city,26,apf_k_rep,30.0,max_curvature,
APF,normal_city,27,apf_k_rep,30.0,max_curvature,
APF,normal_city,28,apf_k_rep,30.0,max_curvature,
APF,normal_city,29,apf_k_rep,30.0,max_curvature,
APF,blocked_road,0,apf_k_rep,30.0,max_curvature,
APF,blocked_road,1,apf_k_rep,30.0,max_curvature,
APF,blocked_road,2,apf_k_rep,30.0,max_curvature,
APF,blocked_road,3,apf_k_rep,30.0,max_curvature,
APF,blocked_road,4,apf_k_rep,30.0,max_curvature,
APF,blocked_road,5,apf_k_rep,30.0,max_curvature,
APF,blocked_road,6,apf_k_rep,30.0,max_curvature,
APF,blocked_road,7,apf_k_rep,30.0,max_curvature,
APF,blocked_road,8,apf_k_rep,30.0,max_curvature,
APF,blocked_road,9,apf_k_rep,30.0,max_curvature,
APF,blocked_road,10,apf_k_rep,30.0,max_curvature,
APF,blocked_road,11,apf_k_rep,30.0,max_curvature,
APF,blocked_road,12,apf_k_rep,30.0,max_curvature,
APF,blocked_road,13,apf_k_rep,30.0,max_curvature,
APF,blocked_road,14,apf_k_rep,30.0,max_curvature,
APF,blocked_road,15,apf_k_rep,30.0,max_curvature,
APF,blocked_road,16,apf_k_rep,30.0,max_curvature,
APF,blocked_road,17,apf_k_rep,30.0,max_curvature,
APF,blocked_road,18,apf_k_rep,30.0,max_curvature,
APF,blocked_road,19,apf_k_rep,30.0,max_curvature,
APF,blocked_road,20,apf_k_rep,30.0,max_curvature,
APF,blocked_road,21,apf_k_rep,30.0,max_curvature,
APF,blocked_road,22,apf_k_rep,30.0,max_curvature,
APF,blocked_road,23,apf_k_rep,30.0,max_curvature,
APF,blocked_road,24,apf_k_rep,30.0,max_curvature,
APF,blocked_road,25,apf_k_rep,30.0,max_curvature,
APF,blocked_road,26,apf_k_rep,30.0,max_curvature,
APF,blocked_road,27,apf_k_rep,30.0,max_curvature,
APF,blocked_road,28,apf_k_rep,30.0,max_curvature,
APF,blocked_road,29,apf_k_rep,30.0,max_curvature,
APF,dense_city,0,apf_k_rep,30.0,max_curvature,
APF,dense_city,1,apf_k_rep,30.0,max_curvature,
APF,dense_city,2,apf_k_rep,30.0,max_curvature,
APF,dense_city,3,apf_k_rep,30.0,max_curvature,
APF,dense_city,4,apf_k_rep,30.0,max_curvature,
APF,dense_city,5,apf_k_rep,30.0,max_curvature,
APF,dense_city,6,apf_k_rep,30.0,max_curvature,
APF,dense_city,7,apf_k_rep,30.0,max_curvature,
APF,dense_city,8,apf_k_rep,30.0,max_curvature,
APF,dense_city,9,apf_k_rep,30.0,max_curvature,
APF,dense_city,10,apf_k_rep,30.0,max_curvature,
APF,dense_city,11,apf_k_rep,30.0,max_curvature,
APF,dense_city,12,apf_k_rep,30.0,max_curvature,
APF,dense_city,13,apf_k_rep,30.0,max_curvature,
APF,dense_city,14,apf_k_rep,30.0,max_curvature,
APF,dense_city,15,apf_k_rep,30.0,max_curvature,
APF,dense_city,16,apf_k_rep,30.0,max_curvature,
APF,dense_city,17,apf_k_rep,30.0,max_curvature,
APF,dense_city,18,apf_k_rep,30.0,max_curvature,
APF,dense_city,19,apf_k_rep,30.0,max_curvature,
APF,dense_city,20,apf_k_rep,30.0,max_curvature,
APF,dense_city,21,apf_k_rep,30.0,max_curvature,
APF,dense_city,22,apf_k_rep,30.0,max_curvature,
APF,dense_city,23,apf_k_rep,30.0,max_curvature,
APF,dense_city,24,apf_k_rep,30.0,max_curvature,
APF,dense_city,25,apf_k_rep,30.0,max_curvature,
APF,dense_city,26,apf_k_rep,30.0,max_curvature,
APF,dense_city,27,apf_k_rep,30.0,max_curvature,
APF,dense_city,28,apf_k_rep,30.0,max_curvature,
APF,dense_city,29,apf_k_rep,30.0,max_curvature,
APF,normal_city,0,apf_k_rep,60.0,max_curvature,
APF,normal_city,1,apf_k_rep,60.0,max_curvature,
APF,normal_city,2,apf_k_rep,60.0,max_curvature,
APF,normal_city,3,apf_k_rep,60.0,max_curvature,
APF,normal_city,4,apf_k_rep,60.0,max_curvature,
APF,normal_city,5,apf_k_rep,60.0,max_curvature,
APF,normal_city,6,apf_k_rep,60.0,max_curvature,
APF,normal_city,7,apf_k_rep,60.0,max_curvature,
APF,normal_city,8,apf_k_rep,60.0,max_curvature,
APF,normal_city,9,apf_k_rep,60.0,max_curvature,
APF,normal_city,10,apf_k_rep,60.0,max_curvature,
APF,normal_city,11,apf_k_rep,60.0,max_curvature,
APF,normal_city,12,apf_k_rep,60.0,max_curvature,
APF,normal_city,13,apf_k_rep,60.0,max_curvature,
APF,normal_city,14,apf_k_rep,60.0,max_curvature,
APF,normal_city,15,apf_k_rep,60.0,max_curvature,
APF,normal_city,16,apf_k_rep,60.0,max_curvature,
APF,normal_city,17,apf_k_rep,60.0,max_curvature,
APF,normal_city,18,apf_k_rep,60.0,max_curvature,
APF,normal_city,19,apf_k_rep,60.0,max_curvature,
APF,normal_city,20,apf_k_rep,60.0,max_curvature,
APF,normal_city,21,apf_k_rep,60.0,max_curvature,
APF,normal_city,22,apf_k_rep,60.0,max_curvature,
APF,normal_city,23,apf_k_rep,60.0,max_curvature,
APF,normal_city,24,apf_k_rep,60.0,max_curvature,
APF,normal_city,25,apf_k_rep,60.0,max_curvature,
APF,normal_city,26,apf_k_rep,60.0,max_curvature,
APF,normal_city,27,apf_k_rep,60.0,max_curvature,
APF,normal_city,28,apf_k_rep,60.0,max_curvature,
APF,normal_city,29,apf_k_rep,60.0,max_curvature,
APF,blocked_road,0,apf_k_rep,60.0,max_curvature,
APF,blocked_road,1,apf_k_rep,60.0,max_curvature,
APF,blocked_road,2,apf_k_rep,60.0,max_curvature,
APF,blocked_road,3,apf_k_rep,60.0,max_curvature,
APF,blocked_road,4,apf_k_rep,60.0,max_curvature,
APF,blocked_road,5,apf_k_rep,60.0,max_curvature,
APF,blocked_road,6,apf_k_rep,60.0,max_curvature,
APF,blocked_road,7,apf_k_rep,60.0,max_curvature,
APF,blocked_road,8,apf_k_rep,60.0,max_curvature,
APF,blocked_road,9,apf_k_rep,60.0,max_curvature,
APF,blocked_road,10,apf_k_rep,60.0,max_curvature,
APF,blocked_road,11,apf_k_rep,60.0,max_curvature,
APF,blocked_road,12,apf_k_rep,60.0,max_curvature,
APF,blocked_road,13,apf_k_rep,60.0,max_curvature,
APF,blocked_road,14,apf_k_rep,60.0,max_curvature,
APF,blocked_road,15,apf_k_rep,60.0,max_curvature,
APF,blocked_road,16,apf_k_rep,60.0,max_curvature,
APF,blocked_road,17,apf_k_rep,60.0,max_curvature,
APF,blocked_road,18,apf_k_rep,60.0,max_curvature,
APF,blocked_road,19,apf_k_rep,60.0,max_curvature,
APF,blocked_road,20,apf_k_rep,60.0,max_curvature,
APF,blocked_road,21,apf_k_rep,60.0,max_curvature,
APF,blocked_road,22,apf_k_rep,60.0,max_curvature,
APF,blocked_road,23,apf_k_rep,60.0,max_curvature,
APF,blocked_road,24,apf_k_rep,60.0,max_curvature,
APF,blocked_road,25,apf_k_rep,60.0,max_curvature,
APF,blocked_road,26,apf_k_rep,60.0,max_curvature,
APF,blocked_road,27,apf_k_rep,60.0,max_curvature,
APF,blocked_road,28,apf_k_rep,60.0,max_curvature,
APF,blocked_road,29,apf_k_rep,60.0,max_curvature,
APF,dense_city,0,apf_k_rep,60.0,max_curvature,
APF,dense_city,1,apf_k_rep,60.0,max_curvature,
APF,dense_city,2,apf_k_rep,60.0,max_curvature,
APF,dense_city,3,apf_k_rep,60.0,max_curvature,
APF,dense_city,4,apf_k_rep,60.0,max_curvature,
APF,dense_city,5,apf_k_rep,60.0,max_curvature,
APF,dense_city,6,apf_k_rep,60.0,max_curvature,
APF,dense_city,7,apf_k_rep,60.0,max_curvature,
APF,dense_city,8,apf_k_rep,60.0,max_curvature,
APF,dense_city,9,apf_k_rep,60.0,max_curvature,
APF,dense_city,10,apf_k_rep,60.0,max_curvature,
APF,dense_city,11,apf_k_rep,60.0,max_curvature,
APF,dense_city,12,apf_k_rep,60.0,max_curvature,
APF,dense_city,13,apf_k_rep,60.0,max_curvature,
APF,dense_city,14,apf_k_rep,60.0,max_curvature,
APF,dense_city,15,apf_k_rep,60.0,max_curvature,
APF,dense_city,16,apf_k_rep,60.0,max_curvature,
APF,dense_city,17,apf_k_rep,60.0,max_curvature,
APF,dense_city,18,apf_k_rep,60.0,max_curvature,
APF,dense_city,19,apf_k_rep,60.0,max_curvature,
APF,dense_city,20,apf_k_rep,60.0,max_curvature,
APF,dense_city,21,apf_k_rep,60.0,max_curvature,
APF,dense_city,22,apf_k_rep,60.0,max_curvature,
APF,dense_city,23,apf_k_rep,60.0,max_curvature,
APF,dense_city,24,apf_k_rep,60.0,max_curvature,
APF,dense_city,25,apf_k_rep,60.0,max_curvature,
APF,dense_city,26,apf_k_rep,60.0,max_curvature,
APF,dense_city,27,apf_k_rep,60.0,max_curvature,
APF,dense_city,28,apf_k_rep,60.0,max_curvature,
APF,dense_city,29,apf_k_rep,60.0,max_curvature,
APF,normal_city,0,apf_k_rep,120.0,max_curvature,2.4439
APF,normal_city,1,apf_k_rep,120.0,max_curvature,3.3413
APF,normal_city,2,apf_k_rep,120.0,max_curvature,2.8588
APF,normal_city,3,apf_k_rep,120.0,max_curvature,4.4751
APF,normal_city,4,apf_k_rep,120.0,max_curvature,4.2543
APF,normal_city,5,apf_k_rep,120.0,max_curvature,3.2081
APF,normal_city,6,apf_k_rep,120.0,max_curvature,
APF,normal_city,7,apf_k_rep,120.0,max_curvature,3.5215
APF,normal_city,8,apf_k_rep,120.0,max_curvature,4.3131
APF,normal_city,9,apf_k_rep,120.0,max_curvature,
APF,normal_city,10,apf_k_rep,120.0,max_curvature,3.3271
APF,normal_city,11,apf_k_rep,120.0,max_curvature,6.0017
APF,normal_city,12,apf_k_rep,120.0,max_curvature,
APF,normal_city,13,apf_k_rep,120.0,max_curvature,2.1
APF,normal_city,14,apf_k_rep,120.0,max_curvature,2.2146
APF,normal_city,15,apf_k_rep,120.0,max_curvature,2.298
APF,normal_city,16,apf_k_rep,120.0,max_curvature,2.4159
APF,normal_city,17,apf_k_rep,120.0,max_curvature,
APF,normal_city,18,apf_k_rep,120.0,max_curvature,2.1645
APF,normal_city,19,apf_k_rep,120.0,max_curvature,
APF,normal_city,20,apf_k_rep,120.0,max_curvature,2.6283
APF,normal_city,21,apf_k_rep,120.0,max_curvature,3.5381
APF,normal_city,22,apf_k_rep,120.0,max_curvature,4.7415
APF,normal_city,23,apf_k_rep,120.0,max_curvature,
APF,normal_city,24,apf_k_rep,120.0,max_curvature,3.6643
APF,normal_city,25,apf_k_rep,120.0,max_curvature,2.727
APF,normal_city,26,apf_k_rep,120.0,max_curvature,2.5179
APF,normal_city,27,apf_k_rep,120.0,max_curvature,4.3266
APF,normal_city,28,apf_k_rep,120.0,max_curvature,3.794
APF,normal_city,29,apf_k_rep,120.0,max_curvature,2.5696
APF,blocked_road,0,apf_k_rep,120.0,max_curvature,
APF,blocked_road,1,apf_k_rep,120.0,max_curvature,
APF,blocked_road,2,apf_k_rep,120.0,max_curvature,
APF,blocked_road,3,apf_k_rep,120.0,max_curvature,
APF,blocked_road,4,apf_k_rep,120.0,max_curvature,
APF,blocked_road,5,apf_k_rep,120.0,max_curvature,
APF,blocked_road,6,apf_k_rep,120.0,max_curvature,
APF,blocked_road,7,apf_k_rep,120.0,max_curvature,3.5412
APF,blocked_road,8,apf_k_rep,120.0,max_curvature,
APF,blocked_road,9,apf_k_rep,120.0,max_curvature,
APF,blocked_road,10,apf_k_rep,120.0,max_curvature,
APF,blocked_road,11,apf_k_rep,120.0,max_curvature,
APF,blocked_road,12,apf_k_rep,120.0,max_curvature,
APF,blocked_road,13,apf_k_rep,120.0,max_curvature,4.0548
APF,blocked_road,14,apf_k_rep,120.0,max_curvature,
APF,blocked_road,15,apf_k_rep,120.0,max_curvature,
APF,blocked_road,16,apf_k_rep,120.0,max_curvature,
APF,blocked_road,17,apf_k_rep,120.0,max_curvature,
APF,blocked_road,18,apf_k_rep,120.0,max_curvature,7.3153
APF,blocked_road,19,apf_k_rep,120.0,max_curvature,
APF,blocked_road,20,apf_k_rep,120.0,max_curvature,
APF,blocked_road,21,apf_k_rep,120.0,max_curvature,
APF,blocked_road,22,apf_k_rep,120.0,max_curvature,
APF,blocked_road,23,apf_k_rep,120.0,max_curvature,
APF,blocked_road,24,apf_k_rep,120.0,max_curvature,
APF,blocked_road,25,apf_k_rep,120.0,max_curvature,2.605
APF,blocked_road,26,apf_k_rep,120.0,max_curvature,
APF,blocked_road,27,apf_k_rep,120.0,max_curvature,
APF,blocked_road,28,apf_k_rep,120.0,max_curvature,
APF,blocked_road,29,apf_k_rep,120.0,max_curvature,
APF,dense_city,0,apf_k_rep,120.0,max_curvature,
APF,dense_city,1,apf_k_rep,120.0,max_curvature,
APF,dense_city,2,apf_k_rep,120.0,max_curvature,
APF,dense_city,3,apf_k_rep,120.0,max_curvature,
APF,dense_city,4,apf_k_rep,120.0,max_curvature,
APF,dense_city,5,apf_k_rep,120.0,max_curvature,
APF,dense_city,6,apf_k_rep,120.0,max_curvature,
APF,dense_city,7,apf_k_rep,120.0,max_curvature,
APF,dense_city,8,apf_k_rep,120.0,max_curvature,
APF,dense_city,9,apf_k_rep,120.0,max_curvature,
APF,dense_city,10,apf_k_rep,120.0,max_curvature,
APF,dense_city,11,apf_k_rep,120.0,max_curvature,
APF,dense_city,12,apf_k_rep,120.0,max_curvature,
APF,dense_city,13,apf_k_rep,120.0,max_curvature,
APF,dense_city,14,apf_k_rep,120.0,max_curvature,
APF,dense_city,15,apf_k_rep,120.0,max_curvature,
APF,dense_city,16,apf_k_rep,120.0,max_curvature,
APF,dense_city,17,apf_k_rep,120.0,max_curvature,
APF,dense_city,18,apf_k_rep,120.0,max_curvature,
APF,dense_city,19,apf_k_rep,120.0,max_curvature,
APF,dense_city,20,apf_k_rep,120.0,max_curvature,
APF,dense_city,21,apf_k_rep,120.0,max_curvature,
APF,dense_city,22,apf_k_rep,120.0,max_curvature,
APF,dense_city,23,apf_k_rep,120.0,max_curvature,
APF,dense_city,24,apf_k_rep,120.0,max_curvature,
APF,dense_city,25,apf_k_rep,120.0,max_curvature,
APF,dense_city,26,apf_k_rep,120.0,max_curvature,
APF,dense_city,27,apf_k_rep,120.0,max_curvature,
APF,dense_city,28,apf_k_rep,120.0,max_curvature,
APF,dense_city,29,apf_k_rep,120.0,max_curvature,
APF,normal_city,0,apf_k_rep,240.0,max_curvature,2.5907
APF,normal_city,1,apf_k_rep,240.0,max_curvature,3.334
APF,normal_city,2,apf_k_rep,240.0,max_curvature,3.1842
APF,normal_city,3,apf_k_rep,240.0,max_curvature,4.6949
APF,normal_city,4,apf_k_rep,240.0,max_curvature,4.994
APF,normal_city,5,apf_k_rep,240.0,max_curvature,2.9343
APF,normal_city,6,apf_k_rep,240.0,max_curvature,
APF,normal_city,7,apf_k_rep,240.0,max_curvature,3.028
APF,normal_city,8,apf_k_rep,240.0,max_curvature,4.6525
APF,normal_city,9,apf_k_rep,240.0,max_curvature,
APF,normal_city,10,apf_k_rep,240.0,max_curvature,3.5824
APF,normal_city,11,apf_k_rep,240.0,max_curvature,
APF,normal_city,12,apf_k_rep,240.0,max_curvature,
APF,normal_city,13,apf_k_rep,240.0,max_curvature,2.2048
APF,normal_city,14,apf_k_rep,240.0,max_curvature,2.4417
APF,normal_city,15,apf_k_rep,240.0,max_curvature,2.856
APF,normal_city,16,apf_k_rep,240.0,max_curvature,3.0344
APF,normal_city,17,apf_k_rep,240.0,max_curvature,
APF,normal_city,18,apf_k_rep,240.0,max_curvature,2.5397
APF,normal_city,19,apf_k_rep,240.0,max_curvature,
APF,normal_city,20,apf_k_rep,240.0,max_curvature,2.7065
APF,normal_city,21,apf_k_rep,240.0,max_curvature,3.728
APF,normal_city,22,apf_k_rep,240.0,max_curvature,5.3607
APF,normal_city,23,apf_k_rep,240.0,max_curvature,
APF,normal_city,24,apf_k_rep,240.0,max_curvature,4.4686
APF,normal_city,25,apf_k_rep,240.0,max_curvature,3.1453
APF,normal_city,26,apf_k_rep,240.0,max_curvature,6.3436
APF,normal_city,27,apf_k_rep,240.0,max_curvature,
APF,normal_city,28,apf_k_rep,240.0,max_curvature,2.9725
APF,normal_city,29,apf_k_rep,240.0,max_curvature,3.086
APF,blocked_road,0,apf_k_rep,240.0,max_curvature,
APF,blocked_road,1,apf_k_rep,240.0,max_curvature,
APF,blocked_road,2,apf_k_rep,240.0,max_curvature,
APF,blocked_road,3,apf_k_rep,240.0,max_curvature,
APF,blocked_road,4,apf_k_rep,240.0,max_curvature,
APF,blocked_road,5,apf_k_rep,240.0,max_curvature,
APF,blocked_road,6,apf_k_rep,240.0,max_curvature,
APF,blocked_road,7,apf_k_rep,240.0,max_curvature,4.3375
APF,blocked_road,8,apf_k_rep,240.0,max_curvature,
APF,blocked_road,9,apf_k_rep,240.0,max_curvature,
APF,blocked_road,10,apf_k_rep,240.0,max_curvature,
APF,blocked_road,11,apf_k_rep,240.0,max_curvature,
APF,blocked_road,12,apf_k_rep,240.0,max_curvature,
APF,blocked_road,13,apf_k_rep,240.0,max_curvature,7.2052
APF,blocked_road,14,apf_k_rep,240.0,max_curvature,
APF,blocked_road,15,apf_k_rep,240.0,max_curvature,
APF,blocked_road,16,apf_k_rep,240.0,max_curvature,
APF,blocked_road,17,apf_k_rep,240.0,max_curvature,
APF,blocked_road,18,apf_k_rep,240.0,max_curvature,7.5031
APF,blocked_road,19,apf_k_rep,240.0,max_curvature,
APF,blocked_road,20,apf_k_rep,240.0,max_curvature,
APF,blocked_road,21,apf_k_rep,240.0,max_curvature,
APF,blocked_road,22,apf_k_rep,240.0,max_curvature,
APF,blocked_road,23,apf_k_rep,240.0,max_curvature,
APF,blocked_road,24,apf_k_rep,240.0,max_curvature,
APF,blocked_road,25,apf_k_rep,240.0,max_curvature,
APF,blocked_road,26,apf_k_rep,240.0,max_curvature,
APF,blocked_road,27,apf_k_rep,240.0,max_curvature,
APF,blocked_road,28,apf_k_rep,240.0,max_curvature,
APF,blocked_road,29,apf_k_rep,240.0,max_curvature,
APF,dense_city,0,apf_k_rep,240.0,max_curvature,
APF,dense_city,1,apf_k_rep,240.0,max_curvature,
APF,dense_city,2,apf_k_rep,240.0,max_curvature,
APF,dense_city,3,apf_k_rep,240.0,max_curvature,
APF,dense_city,4,apf_k_rep,240.0,max_curvature,
APF,dense_city,5,apf_k_rep,240.0,max_curvature,
APF,dense_city,6,apf_k_rep,240.0,max_curvature,
APF,dense_city,7,apf_k_rep,240.0,max_curvature,
APF,dense_city,8,apf_k_rep,240.0,max_curvature,5.2834
APF,dense_city,9,apf_k_rep,240.0,max_curvature,
APF,dense_city,10,apf_k_rep,240.0,max_curvature,4.6335
APF,dense_city,11,apf_k_rep,240.0,max_curvature,
APF,dense_city,12,apf_k_rep,240.0,max_curvature,
APF,dense_city,13,apf_k_rep,240.0,max_curvature,
APF,dense_city,14,apf_k_rep,240.0,max_curvature,
APF,dense_city,15,apf_k_rep,240.0,max_curvature,
APF,dense_city,16,apf_k_rep,240.0,max_curvature,
APF,dense_city,17,apf_k_rep,240.0,max_curvature,
APF,dense_city,18,apf_k_rep,240.0,max_curvature,
APF,dense_city,19,apf_k_rep,240.0,max_curvature,
APF,dense_city,20,apf_k_rep,240.0,max_curvature,3.5519
APF,dense_city,21,apf_k_rep,240.0,max_curvature,4.5793
APF,dense_city,22,apf_k_rep,240.0,max_curvature,
APF,dense_city,23,apf_k_rep,240.0,max_curvature,
APF,dense_city,24,apf_k_rep,240.0,max_curvature,
APF,dense_city,25,apf_k_rep,240.0,max_curvature,
APF,dense_city,26,apf_k_rep,240.0,max_curvature,
APF,dense_city,27,apf_k_rep,240.0,max_curvature,
APF,dense_city,28,apf_k_rep,240.0,max_curvature,
APF,dense_city,29,apf_k_rep,240.0,max_curvature,
APF,normal_city,0,apf_k_rep,480.0,max_curvature,2.4549
APF,normal_city,1,apf_k_rep,480.0,max_curvature,2.65
APF,normal_city,2,apf_k_rep,480.0,max_curvature,2.4384
APF,normal_city,3,apf_k_rep,480.0,max_curvature,3.2051
APF,normal_city,4,apf_k_rep,480.0,max_curvature,6.6724
APF,normal_city,5,apf_k_rep,480.0,max_curvature,2.1992
APF,normal_city,6,apf_k_rep,480.0,max_curvature,
APF,normal_city,7,apf_k_rep,480.0,max_curvature,2.4359
APF,normal_city,8,apf_k_rep,480.0,max_curvature,2.7934
APF,normal_city,9,apf_k_rep,480.0,max_curvature,
APF,normal_city,10,apf_k_rep,480.0,max_curvature,2.3788
APF,normal_city,11,apf_k_rep,480.0,max_curvature,
APF,normal_city,12,apf_k_rep,480.0,max_curvature,
APF,normal_city,13,apf_k_rep,480.0,max_curvature,2.4645
APF,normal_city,14,apf_k_rep,480.0,max_curvature,2.1189
APF,normal_city,15,apf_k_rep,480.0,max_curvature,2.0877
APF,normal_city,16,apf_k_rep,480.0,max_curvature,2.0927
APF,normal_city,17,apf_k_rep,480.0,max_curvature,
APF,normal_city,18,apf_k_rep,480.0,max_curvature,2.1689
APF,normal_city,19,apf_k_rep,480.0,max_curvature,
APF,normal_city,20,apf_k_rep,480.0,max_curvature,7.1085
APF,normal_city,21,apf_k_rep,480.0,max_curvature,2.4988
APF,normal_city,22,apf_k_rep,480.0,max_curvature,4.1644
APF,normal_city,23,apf_k_rep,480.0,max_curvature,
APF,normal_city,24,apf_k_rep,480.0,max_curvature,6.9127
APF,normal_city,25,apf_k_rep,480.0,max_curvature,2.39
APF,normal_city,26,apf_k_rep,480.0,max_curvature,
APF,normal_city,27,apf_k_rep,480.0,max_curvature,
APF,normal_city,28,apf_k_rep,480.0,max_curvature,2.6535
APF,normal_city,29,apf_k_rep,480.0,max_curvature,2.1603
APF,blocked_road,0,apf_k_rep,480.0,max_curvature,
APF,blocked_road,1,apf_k_rep,480.0,max_curvature,
APF,blocked_road,2,apf_k_rep,480.0,max_curvature,
APF,blocked_road,3,apf_k_rep,480.0,max_curvature,
APF,blocked_road,4,apf_k_rep,480.0,max_curvature,
APF,blocked_road,5,apf_k_rep,480.0,max_curvature,
APF,blocked_road,6,apf_k_rep,480.0,max_curvature,
APF,blocked_road,7,apf_k_rep,480.0,max_curvature,4.5923
APF,blocked_road,8,apf_k_rep,480.0,max_curvature,
APF,blocked_road,9,apf_k_rep,480.0,max_curvature,
APF,blocked_road,10,apf_k_rep,480.0,max_curvature,
APF,blocked_road,11,apf_k_rep,480.0,max_curvature,
APF,blocked_road,12,apf_k_rep,480.0,max_curvature,
APF,blocked_road,13,apf_k_rep,480.0,max_curvature,7.1682
APF,blocked_road,14,apf_k_rep,480.0,max_curvature,
APF,blocked_road,15,apf_k_rep,480.0,max_curvature,
APF,blocked_road,16,apf_k_rep,480.0,max_curvature,
APF,blocked_road,17,apf_k_rep,480.0,max_curvature,
APF,blocked_road,18,apf_k_rep,480.0,max_curvature,4.3404
APF,blocked_road,19,apf_k_rep,480.0,max_curvature,
APF,blocked_road,20,apf_k_rep,480.0,max_curvature,
APF,blocked_road,21,apf_k_rep,480.0,max_curvature,
APF,blocked_road,22,apf_k_rep,480.0,max_curvature,6.8211
APF,blocked_road,23,apf_k_rep,480.0,max_curvature,
APF,blocked_road,24,apf_k_rep,480.0,max_curvature,
APF,blocked_road,25,apf_k_rep,480.0,max_curvature,
APF,blocked_road,26,apf_k_rep,480.0,max_curvature,
APF,blocked_road,27,apf_k_rep,480.0,max_curvature,
APF,blocked_road,28,apf_k_rep,480.0,max_curvature,
APF,blocked_road,29,apf_k_rep,480.0,max_curvature,
APF,dense_city,0,apf_k_rep,480.0,max_curvature,
APF,dense_city,1,apf_k_rep,480.0,max_curvature,
APF,dense_city,2,apf_k_rep,480.0,max_curvature,
APF,dense_city,3,apf_k_rep,480.0,max_curvature,
APF,dense_city,4,apf_k_rep,480.0,max_curvature,
APF,dense_city,5,apf_k_rep,480.0,max_curvature,
APF,dense_city,6,apf_k_rep,480.0,max_curvature,
APF,dense_city,7,apf_k_rep,480.0,max_curvature,
APF,dense_city,8,apf_k_rep,480.0,max_curvature,2.9408
APF,dense_city,9,apf_k_rep,480.0,max_curvature,
APF,dense_city,10,apf_k_rep,480.0,max_curvature,5.7002
APF,dense_city,11,apf_k_rep,480.0,max_curvature,
APF,dense_city,12,apf_k_rep,480.0,max_curvature,
APF,dense_city,13,apf_k_rep,480.0,max_curvature,
APF,dense_city,14,apf_k_rep,480.0,max_curvature,
APF,dense_city,15,apf_k_rep,480.0,max_curvature,
APF,dense_city,16,apf_k_rep,480.0,max_curvature,
APF,dense_city,17,apf_k_rep,480.0,max_curvature,
APF,dense_city,18,apf_k_rep,480.0,max_curvature,
APF,dense_city,19,apf_k_rep,480.0,max_curvature,
APF,dense_city,20,apf_k_rep,480.0,max_curvature,4.8439
APF,dense_city,21,apf_k_rep,480.0,max_curvature,2.767
APF,dense_city,22,apf_k_rep,480.0,max_curvature,
APF,dense_city,23,apf_k_rep,480.0,max_curvature,
APF,dense_city,24,apf_k_rep,480.0,max_curvature,
APF,dense_city,25,apf_k_rep,480.0,max_curvature,
APF,dense_city,26,apf_k_rep,480.0,max_curvature,
APF,dense_city,27,apf_k_rep,480.0,max_curvature,
APF,dense_city,28,apf_k_rep,480.0,max_curvature,
APF,dense_city,29,apf_k_rep,480.0,max_curvature,
APF,normal_city,0,apf_k_rep,30.0,drive_time_curved,
APF,normal_city,1,apf_k_rep,30.0,drive_time_curved,
APF,normal_city,2,apf_k_rep,30.0,drive_time_curved,
APF,normal_city,3,apf_k_rep,30.0,drive_time_curved,
APF,normal_city,4,apf_k_rep,30.0,drive_time_curved,
APF,normal_city,5,apf_k_rep,30.0,drive_time_curved,
APF,normal_city,6,apf_k_rep,30.0,drive_time_curved,
APF,normal_city,7,apf_k_rep,30.0,drive_time_curved,
APF,normal_city,8,apf_k_rep,30.0,drive_time_curved,
APF,normal_city,9,apf_k_rep,30.0,drive_time_curved,
APF,normal_city,10,apf_k_rep,30.0,drive_time_curved,
APF,normal_city,11,apf_k_rep,30.0,drive_time_curved,
APF,normal_city,12,apf_k_rep,30.0,drive_time_curved,
APF,normal_city,13,apf_k_rep,30.0,drive_time_curved,
APF,normal_city,14,apf_k_rep,30.0,drive_time_curved,
APF,normal_city,15,apf_k_rep,30.0,drive_time_curved,
APF,normal_city,16,apf_k_rep,30.0,drive_time_curved,
APF,normal_city,17,apf_k_rep,30.0,drive_time_curved,
APF,normal_city,18,apf_k_rep,30.0,drive_time_curved,
APF,normal_city,19,apf_k_rep,30.0,drive_time_curved,
APF,normal_city,20,apf_k_rep,30.0,drive_time_curved,
APF,normal_city,21,apf_k_rep,30.0,drive_time_curved,
APF,normal_city,22,apf_k_rep,30.0,drive_time_curved,
APF,normal_city,23,apf_k_rep,30.0,drive_time_curved,
APF,normal_city,24,apf_k_rep,30.0,drive_time_curved,
APF,normal_city,25,apf_k_rep,30.0,drive_time_curved,
APF,normal_city,26,apf_k_rep,30.0,drive_time_curved,
APF,normal_city,27,apf_k_rep,30.0,drive_time_curved,
APF,normal_city,28,apf_k_rep,30.0,drive_time_curved,
APF,normal_city,29,apf_k_rep,30.0,drive_time_curved,
APF,blocked_road,0,apf_k_rep,30.0,drive_time_curved,
APF,blocked_road,1,apf_k_rep,30.0,drive_time_curved,
APF,blocked_road,2,apf_k_rep,30.0,drive_time_curved,
APF,blocked_road,3,apf_k_rep,30.0,drive_time_curved,
APF,blocked_road,4,apf_k_rep,30.0,drive_time_curved,
APF,blocked_road,5,apf_k_rep,30.0,drive_time_curved,
APF,blocked_road,6,apf_k_rep,30.0,drive_time_curved,
APF,blocked_road,7,apf_k_rep,30.0,drive_time_curved,
APF,blocked_road,8,apf_k_rep,30.0,drive_time_curved,
APF,blocked_road,9,apf_k_rep,30.0,drive_time_curved,
APF,blocked_road,10,apf_k_rep,30.0,drive_time_curved,
APF,blocked_road,11,apf_k_rep,30.0,drive_time_curved,
APF,blocked_road,12,apf_k_rep,30.0,drive_time_curved,
APF,blocked_road,13,apf_k_rep,30.0,drive_time_curved,
APF,blocked_road,14,apf_k_rep,30.0,drive_time_curved,
APF,blocked_road,15,apf_k_rep,30.0,drive_time_curved,
APF,blocked_road,16,apf_k_rep,30.0,drive_time_curved,
APF,blocked_road,17,apf_k_rep,30.0,drive_time_curved,
APF,blocked_road,18,apf_k_rep,30.0,drive_time_curved,
APF,blocked_road,19,apf_k_rep,30.0,drive_time_curved,
APF,blocked_road,20,apf_k_rep,30.0,drive_time_curved,
APF,blocked_road,21,apf_k_rep,30.0,drive_time_curved,
APF,blocked_road,22,apf_k_rep,30.0,drive_time_curved,
APF,blocked_road,23,apf_k_rep,30.0,drive_time_curved,
APF,blocked_road,24,apf_k_rep,30.0,drive_time_curved,
APF,blocked_road,25,apf_k_rep,30.0,drive_time_curved,
APF,blocked_road,26,apf_k_rep,30.0,drive_time_curved,
APF,blocked_road,27,apf_k_rep,30.0,drive_time_curved,
APF,blocked_road,28,apf_k_rep,30.0,drive_time_curved,
APF,blocked_road,29,apf_k_rep,30.0,drive_time_curved,
APF,dense_city,0,apf_k_rep,30.0,drive_time_curved,
APF,dense_city,1,apf_k_rep,30.0,drive_time_curved,
APF,dense_city,2,apf_k_rep,30.0,drive_time_curved,
APF,dense_city,3,apf_k_rep,30.0,drive_time_curved,
APF,dense_city,4,apf_k_rep,30.0,drive_time_curved,
APF,dense_city,5,apf_k_rep,30.0,drive_time_curved,
APF,dense_city,6,apf_k_rep,30.0,drive_time_curved,
APF,dense_city,7,apf_k_rep,30.0,drive_time_curved,
APF,dense_city,8,apf_k_rep,30.0,drive_time_curved,
APF,dense_city,9,apf_k_rep,30.0,drive_time_curved,
APF,dense_city,10,apf_k_rep,30.0,drive_time_curved,
APF,dense_city,11,apf_k_rep,30.0,drive_time_curved,
APF,dense_city,12,apf_k_rep,30.0,drive_time_curved,
APF,dense_city,13,apf_k_rep,30.0,drive_time_curved,
APF,dense_city,14,apf_k_rep,30.0,drive_time_curved,
APF,dense_city,15,apf_k_rep,30.0,drive_time_curved,
APF,dense_city,16,apf_k_rep,30.0,drive_time_curved,
APF,dense_city,17,apf_k_rep,30.0,drive_time_curved,
APF,dense_city,18,apf_k_rep,30.0,drive_time_curved,
APF,dense_city,19,apf_k_rep,30.0,drive_time_curved,
APF,dense_city,20,apf_k_rep,30.0,drive_time_curved,
APF,dense_city,21,apf_k_rep,30.0,drive_time_curved,
APF,dense_city,22,apf_k_rep,30.0,drive_time_curved,
APF,dense_city,23,apf_k_rep,30.0,drive_time_curved,
APF,dense_city,24,apf_k_rep,30.0,drive_time_curved,
APF,dense_city,25,apf_k_rep,30.0,drive_time_curved,
APF,dense_city,26,apf_k_rep,30.0,drive_time_curved,
APF,dense_city,27,apf_k_rep,30.0,drive_time_curved,
APF,dense_city,28,apf_k_rep,30.0,drive_time_curved,
APF,dense_city,29,apf_k_rep,30.0,drive_time_curved,
APF,normal_city,0,apf_k_rep,60.0,drive_time_curved,
APF,normal_city,1,apf_k_rep,60.0,drive_time_curved,
APF,normal_city,2,apf_k_rep,60.0,drive_time_curved,
APF,normal_city,3,apf_k_rep,60.0,drive_time_curved,
APF,normal_city,4,apf_k_rep,60.0,drive_time_curved,
APF,normal_city,5,apf_k_rep,60.0,drive_time_curved,
APF,normal_city,6,apf_k_rep,60.0,drive_time_curved,
APF,normal_city,7,apf_k_rep,60.0,drive_time_curved,
APF,normal_city,8,apf_k_rep,60.0,drive_time_curved,
APF,normal_city,9,apf_k_rep,60.0,drive_time_curved,
APF,normal_city,10,apf_k_rep,60.0,drive_time_curved,
APF,normal_city,11,apf_k_rep,60.0,drive_time_curved,
APF,normal_city,12,apf_k_rep,60.0,drive_time_curved,
APF,normal_city,13,apf_k_rep,60.0,drive_time_curved,
APF,normal_city,14,apf_k_rep,60.0,drive_time_curved,
APF,normal_city,15,apf_k_rep,60.0,drive_time_curved,
APF,normal_city,16,apf_k_rep,60.0,drive_time_curved,
APF,normal_city,17,apf_k_rep,60.0,drive_time_curved,
APF,normal_city,18,apf_k_rep,60.0,drive_time_curved,
APF,normal_city,19,apf_k_rep,60.0,drive_time_curved,
APF,normal_city,20,apf_k_rep,60.0,drive_time_curved,
APF,normal_city,21,apf_k_rep,60.0,drive_time_curved,
APF,normal_city,22,apf_k_rep,60.0,drive_time_curved,
APF,normal_city,23,apf_k_rep,60.0,drive_time_curved,
APF,normal_city,24,apf_k_rep,60.0,drive_time_curved,
APF,normal_city,25,apf_k_rep,60.0,drive_time_curved,
APF,normal_city,26,apf_k_rep,60.0,drive_time_curved,
APF,normal_city,27,apf_k_rep,60.0,drive_time_curved,
APF,normal_city,28,apf_k_rep,60.0,drive_time_curved,
APF,normal_city,29,apf_k_rep,60.0,drive_time_curved,
APF,blocked_road,0,apf_k_rep,60.0,drive_time_curved,
APF,blocked_road,1,apf_k_rep,60.0,drive_time_curved,
APF,blocked_road,2,apf_k_rep,60.0,drive_time_curved,
APF,blocked_road,3,apf_k_rep,60.0,drive_time_curved,
APF,blocked_road,4,apf_k_rep,60.0,drive_time_curved,
APF,blocked_road,5,apf_k_rep,60.0,drive_time_curved,
APF,blocked_road,6,apf_k_rep,60.0,drive_time_curved,
APF,blocked_road,7,apf_k_rep,60.0,drive_time_curved,
APF,blocked_road,8,apf_k_rep,60.0,drive_time_curved,
APF,blocked_road,9,apf_k_rep,60.0,drive_time_curved,
APF,blocked_road,10,apf_k_rep,60.0,drive_time_curved,
APF,blocked_road,11,apf_k_rep,60.0,drive_time_curved,
APF,blocked_road,12,apf_k_rep,60.0,drive_time_curved,
APF,blocked_road,13,apf_k_rep,60.0,drive_time_curved,
APF,blocked_road,14,apf_k_rep,60.0,drive_time_curved,
APF,blocked_road,15,apf_k_rep,60.0,drive_time_curved,
APF,blocked_road,16,apf_k_rep,60.0,drive_time_curved,
APF,blocked_road,17,apf_k_rep,60.0,drive_time_curved,
APF,blocked_road,18,apf_k_rep,60.0,drive_time_curved,
APF,blocked_road,19,apf_k_rep,60.0,drive_time_curved,
APF,blocked_road,20,apf_k_rep,60.0,drive_time_curved,
APF,blocked_road,21,apf_k_rep,60.0,drive_time_curved,
APF,blocked_road,22,apf_k_rep,60.0,drive_time_curved,
APF,blocked_road,23,apf_k_rep,60.0,drive_time_curved,
APF,blocked_road,24,apf_k_rep,60.0,drive_time_curved,
APF,blocked_road,25,apf_k_rep,60.0,drive_time_curved,
APF,blocked_road,26,apf_k_rep,60.0,drive_time_curved,
APF,blocked_road,27,apf_k_rep,60.0,drive_time_curved,
APF,blocked_road,28,apf_k_rep,60.0,drive_time_curved,
APF,blocked_road,29,apf_k_rep,60.0,drive_time_curved,
APF,dense_city,0,apf_k_rep,60.0,drive_time_curved,
APF,dense_city,1,apf_k_rep,60.0,drive_time_curved,
APF,dense_city,2,apf_k_rep,60.0,drive_time_curved,
APF,dense_city,3,apf_k_rep,60.0,drive_time_curved,
APF,dense_city,4,apf_k_rep,60.0,drive_time_curved,
APF,dense_city,5,apf_k_rep,60.0,drive_time_curved,
APF,dense_city,6,apf_k_rep,60.0,drive_time_curved,
APF,dense_city,7,apf_k_rep,60.0,drive_time_curved,
APF,dense_city,8,apf_k_rep,60.0,drive_time_curved,
APF,dense_city,9,apf_k_rep,60.0,drive_time_curved,
APF,dense_city,10,apf_k_rep,60.0,drive_time_curved,
APF,dense_city,11,apf_k_rep,60.0,drive_time_curved,
APF,dense_city,12,apf_k_rep,60.0,drive_time_curved,
APF,dense_city,13,apf_k_rep,60.0,drive_time_curved,
APF,dense_city,14,apf_k_rep,60.0,drive_time_curved,
APF,dense_city,15,apf_k_rep,60.0,drive_time_curved,
APF,dense_city,16,apf_k_rep,60.0,drive_time_curved,
APF,dense_city,17,apf_k_rep,60.0,drive_time_curved,
APF,dense_city,18,apf_k_rep,60.0,drive_time_curved,
APF,dense_city,19,apf_k_rep,60.0,drive_time_curved,
APF,dense_city,20,apf_k_rep,60.0,drive_time_curved,
APF,dense_city,21,apf_k_rep,60.0,drive_time_curved,
APF,dense_city,22,apf_k_rep,60.0,drive_time_curved,
APF,dense_city,23,apf_k_rep,60.0,drive_time_curved,
APF,dense_city,24,apf_k_rep,60.0,drive_time_curved,
APF,dense_city,25,apf_k_rep,60.0,drive_time_curved,
APF,dense_city,26,apf_k_rep,60.0,drive_time_curved,
APF,dense_city,27,apf_k_rep,60.0,drive_time_curved,
APF,dense_city,28,apf_k_rep,60.0,drive_time_curved,
APF,dense_city,29,apf_k_rep,60.0,drive_time_curved,
APF,normal_city,0,apf_k_rep,120.0,drive_time_curved,73.9379
APF,normal_city,1,apf_k_rep,120.0,drive_time_curved,68.2133
APF,normal_city,2,apf_k_rep,120.0,drive_time_curved,70.3096
APF,normal_city,3,apf_k_rep,120.0,drive_time_curved,68.1822
APF,normal_city,4,apf_k_rep,120.0,drive_time_curved,68.8736
APF,normal_city,5,apf_k_rep,120.0,drive_time_curved,74.2637
APF,normal_city,6,apf_k_rep,120.0,drive_time_curved,
APF,normal_city,7,apf_k_rep,120.0,drive_time_curved,74.6543
APF,normal_city,8,apf_k_rep,120.0,drive_time_curved,70.9257
APF,normal_city,9,apf_k_rep,120.0,drive_time_curved,
APF,normal_city,10,apf_k_rep,120.0,drive_time_curved,62.1627
APF,normal_city,11,apf_k_rep,120.0,drive_time_curved,78.0522
APF,normal_city,12,apf_k_rep,120.0,drive_time_curved,
APF,normal_city,13,apf_k_rep,120.0,drive_time_curved,78.6886
APF,normal_city,14,apf_k_rep,120.0,drive_time_curved,71.5591
APF,normal_city,15,apf_k_rep,120.0,drive_time_curved,71.3762
APF,normal_city,16,apf_k_rep,120.0,drive_time_curved,68.1777
APF,normal_city,17,apf_k_rep,120.0,drive_time_curved,
APF,normal_city,18,apf_k_rep,120.0,drive_time_curved,68.4413
APF,normal_city,19,apf_k_rep,120.0,drive_time_curved,
APF,normal_city,20,apf_k_rep,120.0,drive_time_curved,67.4884
APF,normal_city,21,apf_k_rep,120.0,drive_time_curved,63.8976
APF,normal_city,22,apf_k_rep,120.0,drive_time_curved,68.3413
APF,normal_city,23,apf_k_rep,120.0,drive_time_curved,
APF,normal_city,24,apf_k_rep,120.0,drive_time_curved,63.2702
APF,normal_city,25,apf_k_rep,120.0,drive_time_curved,69.7076
APF,normal_city,26,apf_k_rep,120.0,drive_time_curved,68.7979
APF,normal_city,27,apf_k_rep,120.0,drive_time_curved,83.0692
APF,normal_city,28,apf_k_rep,120.0,drive_time_curved,70.3393
APF,normal_city,29,apf_k_rep,120.0,drive_time_curved,68.7412
APF,blocked_road,0,apf_k_rep,120.0,drive_time_curved,
APF,blocked_road,1,apf_k_rep,120.0,drive_time_curved,
APF,blocked_road,2,apf_k_rep,120.0,drive_time_curved,
APF,blocked_road,3,apf_k_rep,120.0,drive_time_curved,
APF,blocked_road,4,apf_k_rep,120.0,drive_time_curved,
APF,blocked_road,5,apf_k_rep,120.0,drive_time_curved,
APF,blocked_road,6,apf_k_rep,120.0,drive_time_curved,
APF,blocked_road,7,apf_k_rep,120.0,drive_time_curved,77.9347
APF,blocked_road,8,apf_k_rep,120.0,drive_time_curved,
APF,blocked_road,9,apf_k_rep,120.0,drive_time_curved,
APF,blocked_road,10,apf_k_rep,120.0,drive_time_curved,
APF,blocked_road,11,apf_k_rep,120.0,drive_time_curved,
APF,blocked_road,12,apf_k_rep,120.0,drive_time_curved,
APF,blocked_road,13,apf_k_rep,120.0,drive_time_curved,67.3026
APF,blocked_road,14,apf_k_rep,120.0,drive_time_curved,
APF,blocked_road,15,apf_k_rep,120.0,drive_time_curved,
APF,blocked_road,16,apf_k_rep,120.0,drive_time_curved,
APF,blocked_road,17,apf_k_rep,120.0,drive_time_curved,
APF,blocked_road,18,apf_k_rep,120.0,drive_time_curved,80.0766
APF,blocked_road,19,apf_k_rep,120.0,drive_time_curved,
APF,blocked_road,20,apf_k_rep,120.0,drive_time_curved,
APF,blocked_road,21,apf_k_rep,120.0,drive_time_curved,
APF,blocked_road,22,apf_k_rep,120.0,drive_time_curved,
APF,blocked_road,23,apf_k_rep,120.0,drive_time_curved,
APF,blocked_road,24,apf_k_rep,120.0,drive_time_curved,
APF,blocked_road,25,apf_k_rep,120.0,drive_time_curved,71.2659
APF,blocked_road,26,apf_k_rep,120.0,drive_time_curved,
APF,blocked_road,27,apf_k_rep,120.0,drive_time_curved,
APF,blocked_road,28,apf_k_rep,120.0,drive_time_curved,
APF,blocked_road,29,apf_k_rep,120.0,drive_time_curved,
APF,dense_city,0,apf_k_rep,120.0,drive_time_curved,
APF,dense_city,1,apf_k_rep,120.0,drive_time_curved,
APF,dense_city,2,apf_k_rep,120.0,drive_time_curved,
APF,dense_city,3,apf_k_rep,120.0,drive_time_curved,
APF,dense_city,4,apf_k_rep,120.0,drive_time_curved,
APF,dense_city,5,apf_k_rep,120.0,drive_time_curved,
APF,dense_city,6,apf_k_rep,120.0,drive_time_curved,
APF,dense_city,7,apf_k_rep,120.0,drive_time_curved,
APF,dense_city,8,apf_k_rep,120.0,drive_time_curved,
APF,dense_city,9,apf_k_rep,120.0,drive_time_curved,
APF,dense_city,10,apf_k_rep,120.0,drive_time_curved,
APF,dense_city,11,apf_k_rep,120.0,drive_time_curved,
APF,dense_city,12,apf_k_rep,120.0,drive_time_curved,
APF,dense_city,13,apf_k_rep,120.0,drive_time_curved,
APF,dense_city,14,apf_k_rep,120.0,drive_time_curved,
APF,dense_city,15,apf_k_rep,120.0,drive_time_curved,
APF,dense_city,16,apf_k_rep,120.0,drive_time_curved,
APF,dense_city,17,apf_k_rep,120.0,drive_time_curved,
APF,dense_city,18,apf_k_rep,120.0,drive_time_curved,
APF,dense_city,19,apf_k_rep,120.0,drive_time_curved,
APF,dense_city,20,apf_k_rep,120.0,drive_time_curved,
APF,dense_city,21,apf_k_rep,120.0,drive_time_curved,
APF,dense_city,22,apf_k_rep,120.0,drive_time_curved,
APF,dense_city,23,apf_k_rep,120.0,drive_time_curved,
APF,dense_city,24,apf_k_rep,120.0,drive_time_curved,
APF,dense_city,25,apf_k_rep,120.0,drive_time_curved,
APF,dense_city,26,apf_k_rep,120.0,drive_time_curved,
APF,dense_city,27,apf_k_rep,120.0,drive_time_curved,
APF,dense_city,28,apf_k_rep,120.0,drive_time_curved,
APF,dense_city,29,apf_k_rep,120.0,drive_time_curved,
APF,normal_city,0,apf_k_rep,240.0,drive_time_curved,90.4672
APF,normal_city,1,apf_k_rep,240.0,drive_time_curved,90.893
APF,normal_city,2,apf_k_rep,240.0,drive_time_curved,95.7095
APF,normal_city,3,apf_k_rep,240.0,drive_time_curved,102.1945
APF,normal_city,4,apf_k_rep,240.0,drive_time_curved,101.3206
APF,normal_city,5,apf_k_rep,240.0,drive_time_curved,91.2672
APF,normal_city,6,apf_k_rep,240.0,drive_time_curved,
APF,normal_city,7,apf_k_rep,240.0,drive_time_curved,89.8043
APF,normal_city,8,apf_k_rep,240.0,drive_time_curved,98.1168
APF,normal_city,9,apf_k_rep,240.0,drive_time_curved,
APF,normal_city,10,apf_k_rep,240.0,drive_time_curved,90.389
APF,normal_city,11,apf_k_rep,240.0,drive_time_curved,
APF,normal_city,12,apf_k_rep,240.0,drive_time_curved,
APF,normal_city,13,apf_k_rep,240.0,drive_time_curved,94.4261
APF,normal_city,14,apf_k_rep,240.0,drive_time_curved,91.6891
APF,normal_city,15,apf_k_rep,240.0,drive_time_curved,91.6906
APF,normal_city,16,apf_k_rep,240.0,drive_time_curved,92.6208
APF,normal_city,17,apf_k_rep,240.0,drive_time_curved,
APF,normal_city,18,apf_k_rep,240.0,drive_time_curved,87.5465
APF,normal_city,19,apf_k_rep,240.0,drive_time_curved,
APF,normal_city,20,apf_k_rep,240.0,drive_time_curved,92.3517
APF,normal_city,21,apf_k_rep,240.0,drive_time_curved,96.8261
APF,normal_city,22,apf_k_rep,240.0,drive_time_curved,100.6954
APF,normal_city,23,apf_k_rep,240.0,drive_time_curved,
APF,normal_city,24,apf_k_rep,240.0,drive_time_curved,95.9194
APF,normal_city,25,apf_k_rep,240.0,drive_time_curved,96.7716
APF,normal_city,26,apf_k_rep,240.0,drive_time_curved,95.1687
APF,normal_city,27,apf_k_rep,240.0,drive_time_curved,
APF,normal_city,28,apf_k_rep,240.0,drive_time_curved,92.8182
APF,normal_city,29,apf_k_rep,240.0,drive_time_curved,91.669
APF,blocked_road,0,apf_k_rep,240.0,drive_time_curved,
APF,blocked_road,1,apf_k_rep,240.0,drive_time_curved,
APF,blocked_road,2,apf_k_rep,240.0,drive_time_curved,
APF,blocked_road,3,apf_k_rep,240.0,drive_time_curved,
APF,blocked_road,4,apf_k_rep,240.0,drive_time_curved,
APF,blocked_road,5,apf_k_rep,240.0,drive_time_curved,
APF,blocked_road,6,apf_k_rep,240.0,drive_time_curved,
APF,blocked_road,7,apf_k_rep,240.0,drive_time_curved,101.9556
APF,blocked_road,8,apf_k_rep,240.0,drive_time_curved,
APF,blocked_road,9,apf_k_rep,240.0,drive_time_curved,
APF,blocked_road,10,apf_k_rep,240.0,drive_time_curved,
APF,blocked_road,11,apf_k_rep,240.0,drive_time_curved,
APF,blocked_road,12,apf_k_rep,240.0,drive_time_curved,
APF,blocked_road,13,apf_k_rep,240.0,drive_time_curved,117.4779
APF,blocked_road,14,apf_k_rep,240.0,drive_time_curved,
APF,blocked_road,15,apf_k_rep,240.0,drive_time_curved,
APF,blocked_road,16,apf_k_rep,240.0,drive_time_curved,
APF,blocked_road,17,apf_k_rep,240.0,drive_time_curved,
APF,blocked_road,18,apf_k_rep,240.0,drive_time_curved,111.869
APF,blocked_road,19,apf_k_rep,240.0,drive_time_curved,
APF,blocked_road,20,apf_k_rep,240.0,drive_time_curved,
APF,blocked_road,21,apf_k_rep,240.0,drive_time_curved,
APF,blocked_road,22,apf_k_rep,240.0,drive_time_curved,
APF,blocked_road,23,apf_k_rep,240.0,drive_time_curved,
APF,blocked_road,24,apf_k_rep,240.0,drive_time_curved,
APF,blocked_road,25,apf_k_rep,240.0,drive_time_curved,
APF,blocked_road,26,apf_k_rep,240.0,drive_time_curved,
APF,blocked_road,27,apf_k_rep,240.0,drive_time_curved,
APF,blocked_road,28,apf_k_rep,240.0,drive_time_curved,
APF,blocked_road,29,apf_k_rep,240.0,drive_time_curved,
APF,dense_city,0,apf_k_rep,240.0,drive_time_curved,
APF,dense_city,1,apf_k_rep,240.0,drive_time_curved,
APF,dense_city,2,apf_k_rep,240.0,drive_time_curved,
APF,dense_city,3,apf_k_rep,240.0,drive_time_curved,
APF,dense_city,4,apf_k_rep,240.0,drive_time_curved,
APF,dense_city,5,apf_k_rep,240.0,drive_time_curved,
APF,dense_city,6,apf_k_rep,240.0,drive_time_curved,
APF,dense_city,7,apf_k_rep,240.0,drive_time_curved,
APF,dense_city,8,apf_k_rep,240.0,drive_time_curved,117.5103
APF,dense_city,9,apf_k_rep,240.0,drive_time_curved,
APF,dense_city,10,apf_k_rep,240.0,drive_time_curved,121.1044
APF,dense_city,11,apf_k_rep,240.0,drive_time_curved,
APF,dense_city,12,apf_k_rep,240.0,drive_time_curved,
APF,dense_city,13,apf_k_rep,240.0,drive_time_curved,
APF,dense_city,14,apf_k_rep,240.0,drive_time_curved,
APF,dense_city,15,apf_k_rep,240.0,drive_time_curved,
APF,dense_city,16,apf_k_rep,240.0,drive_time_curved,
APF,dense_city,17,apf_k_rep,240.0,drive_time_curved,
APF,dense_city,18,apf_k_rep,240.0,drive_time_curved,
APF,dense_city,19,apf_k_rep,240.0,drive_time_curved,
APF,dense_city,20,apf_k_rep,240.0,drive_time_curved,116.8366
APF,dense_city,21,apf_k_rep,240.0,drive_time_curved,112.2616
APF,dense_city,22,apf_k_rep,240.0,drive_time_curved,
APF,dense_city,23,apf_k_rep,240.0,drive_time_curved,
APF,dense_city,24,apf_k_rep,240.0,drive_time_curved,
APF,dense_city,25,apf_k_rep,240.0,drive_time_curved,
APF,dense_city,26,apf_k_rep,240.0,drive_time_curved,
APF,dense_city,27,apf_k_rep,240.0,drive_time_curved,
APF,dense_city,28,apf_k_rep,240.0,drive_time_curved,
APF,dense_city,29,apf_k_rep,240.0,drive_time_curved,
APF,normal_city,0,apf_k_rep,480.0,drive_time_curved,107.0722
APF,normal_city,1,apf_k_rep,480.0,drive_time_curved,104.539
APF,normal_city,2,apf_k_rep,480.0,drive_time_curved,104.9095
APF,normal_city,3,apf_k_rep,480.0,drive_time_curved,100.6453
APF,normal_city,4,apf_k_rep,480.0,drive_time_curved,112.8464
APF,normal_city,5,apf_k_rep,480.0,drive_time_curved,104.9775
APF,normal_city,6,apf_k_rep,480.0,drive_time_curved,
APF,normal_city,7,apf_k_rep,480.0,drive_time_curved,106.1001
APF,normal_city,8,apf_k_rep,480.0,drive_time_curved,100.3541
APF,normal_city,9,apf_k_rep,480.0,drive_time_curved,
APF,normal_city,10,apf_k_rep,480.0,drive_time_curved,93.2524
APF,normal_city,11,apf_k_rep,480.0,drive_time_curved,
APF,normal_city,12,apf_k_rep,480.0,drive_time_curved,
APF,normal_city,13,apf_k_rep,480.0,drive_time_curved,103.2864
APF,normal_city,14,apf_k_rep,480.0,drive_time_curved,101.3922
APF,normal_city,15,apf_k_rep,480.0,drive_time_curved,103.6905
APF,normal_city,16,apf_k_rep,480.0,drive_time_curved,99.8887
APF,normal_city,17,apf_k_rep,480.0,drive_time_curved,
APF,normal_city,18,apf_k_rep,480.0,drive_time_curved,97.0463
APF,normal_city,19,apf_k_rep,480.0,drive_time_curved,
APF,normal_city,20,apf_k_rep,480.0,drive_time_curved,107.9267
APF,normal_city,21,apf_k_rep,480.0,drive_time_curved,97.4662
APF,normal_city,22,apf_k_rep,480.0,drive_time_curved,101.3127
APF,normal_city,23,apf_k_rep,480.0,drive_time_curved,
APF,normal_city,24,apf_k_rep,480.0,drive_time_curved,105.175
APF,normal_city,25,apf_k_rep,480.0,drive_time_curved,110.3689
APF,normal_city,26,apf_k_rep,480.0,drive_time_curved,
APF,normal_city,27,apf_k_rep,480.0,drive_time_curved,
APF,normal_city,28,apf_k_rep,480.0,drive_time_curved,102.9333
APF,normal_city,29,apf_k_rep,480.0,drive_time_curved,103.0719
APF,blocked_road,0,apf_k_rep,480.0,drive_time_curved,
APF,blocked_road,1,apf_k_rep,480.0,drive_time_curved,
APF,blocked_road,2,apf_k_rep,480.0,drive_time_curved,
APF,blocked_road,3,apf_k_rep,480.0,drive_time_curved,
APF,blocked_road,4,apf_k_rep,480.0,drive_time_curved,
APF,blocked_road,5,apf_k_rep,480.0,drive_time_curved,
APF,blocked_road,6,apf_k_rep,480.0,drive_time_curved,
APF,blocked_road,7,apf_k_rep,480.0,drive_time_curved,122.1695
APF,blocked_road,8,apf_k_rep,480.0,drive_time_curved,
APF,blocked_road,9,apf_k_rep,480.0,drive_time_curved,
APF,blocked_road,10,apf_k_rep,480.0,drive_time_curved,
APF,blocked_road,11,apf_k_rep,480.0,drive_time_curved,
APF,blocked_road,12,apf_k_rep,480.0,drive_time_curved,
APF,blocked_road,13,apf_k_rep,480.0,drive_time_curved,135.095
APF,blocked_road,14,apf_k_rep,480.0,drive_time_curved,
APF,blocked_road,15,apf_k_rep,480.0,drive_time_curved,
APF,blocked_road,16,apf_k_rep,480.0,drive_time_curved,
APF,blocked_road,17,apf_k_rep,480.0,drive_time_curved,
APF,blocked_road,18,apf_k_rep,480.0,drive_time_curved,114.7429
APF,blocked_road,19,apf_k_rep,480.0,drive_time_curved,
APF,blocked_road,20,apf_k_rep,480.0,drive_time_curved,
APF,blocked_road,21,apf_k_rep,480.0,drive_time_curved,
APF,blocked_road,22,apf_k_rep,480.0,drive_time_curved,133.3206
APF,blocked_road,23,apf_k_rep,480.0,drive_time_curved,
APF,blocked_road,24,apf_k_rep,480.0,drive_time_curved,
APF,blocked_road,25,apf_k_rep,480.0,drive_time_curved,
APF,blocked_road,26,apf_k_rep,480.0,drive_time_curved,
APF,blocked_road,27,apf_k_rep,480.0,drive_time_curved,
APF,blocked_road,28,apf_k_rep,480.0,drive_time_curved,
APF,blocked_road,29,apf_k_rep,480.0,drive_time_curved,
APF,dense_city,0,apf_k_rep,480.0,drive_time_curved,
APF,dense_city,1,apf_k_rep,480.0,drive_time_curved,
APF,dense_city,2,apf_k_rep,480.0,drive_time_curved,
APF,dense_city,3,apf_k_rep,480.0,drive_time_curved,
APF,dense_city,4,apf_k_rep,480.0,drive_time_curved,
APF,dense_city,5,apf_k_rep,480.0,drive_time_curved,
APF,dense_city,6,apf_k_rep,480.0,drive_time_curved,
APF,dense_city,7,apf_k_rep,480.0,drive_time_curved,
APF,dense_city,8,apf_k_rep,480.0,drive_time_curved,114.2727
APF,dense_city,9,apf_k_rep,480.0,drive_time_curved,
APF,dense_city,10,apf_k_rep,480.0,drive_time_curved,139.4955
APF,dense_city,11,apf_k_rep,480.0,drive_time_curved,
APF,dense_city,12,apf_k_rep,480.0,drive_time_curved,
APF,dense_city,13,apf_k_rep,480.0,drive_time_curved,
APF,dense_city,14,apf_k_rep,480.0,drive_time_curved,
APF,dense_city,15,apf_k_rep,480.0,drive_time_curved,
APF,dense_city,16,apf_k_rep,480.0,drive_time_curved,
APF,dense_city,17,apf_k_rep,480.0,drive_time_curved,
APF,dense_city,18,apf_k_rep,480.0,drive_time_curved,
APF,dense_city,19,apf_k_rep,480.0,drive_time_curved,
APF,dense_city,20,apf_k_rep,480.0,drive_time_curved,139.3342
APF,dense_city,21,apf_k_rep,480.0,drive_time_curved,121.1508
APF,dense_city,22,apf_k_rep,480.0,drive_time_curved,
APF,dense_city,23,apf_k_rep,480.0,drive_time_curved,
APF,dense_city,24,apf_k_rep,480.0,drive_time_curved,
APF,dense_city,25,apf_k_rep,480.0,drive_time_curved,
APF,dense_city,26,apf_k_rep,480.0,drive_time_curved,
APF,dense_city,27,apf_k_rep,480.0,drive_time_curved,
APF,dense_city,28,apf_k_rep,480.0,drive_time_curved,
APF,dense_city,29,apf_k_rep,480.0,drive_time_curved,
APF,normal_city,0,apf_k_rep,30.0,comp_time,0.01153
APF,normal_city,1,apf_k_rep,30.0,comp_time,0.01144
APF,normal_city,2,apf_k_rep,30.0,comp_time,0.01108
APF,normal_city,3,apf_k_rep,30.0,comp_time,0.00837
APF,normal_city,4,apf_k_rep,30.0,comp_time,0.0107
APF,normal_city,5,apf_k_rep,30.0,comp_time,0.00998
APF,normal_city,6,apf_k_rep,30.0,comp_time,0.01063
APF,normal_city,7,apf_k_rep,30.0,comp_time,0.01207
APF,normal_city,8,apf_k_rep,30.0,comp_time,0.01319
APF,normal_city,9,apf_k_rep,30.0,comp_time,0.00918
APF,normal_city,10,apf_k_rep,30.0,comp_time,0.00714
APF,normal_city,11,apf_k_rep,30.0,comp_time,0.01131
APF,normal_city,12,apf_k_rep,30.0,comp_time,0.01074
APF,normal_city,13,apf_k_rep,30.0,comp_time,0.01021
APF,normal_city,14,apf_k_rep,30.0,comp_time,0.00898
APF,normal_city,15,apf_k_rep,30.0,comp_time,0.00846
APF,normal_city,16,apf_k_rep,30.0,comp_time,0.00993
APF,normal_city,17,apf_k_rep,30.0,comp_time,0.00972
APF,normal_city,18,apf_k_rep,30.0,comp_time,0.00843
APF,normal_city,19,apf_k_rep,30.0,comp_time,0.00897
APF,normal_city,20,apf_k_rep,30.0,comp_time,0.00879
APF,normal_city,21,apf_k_rep,30.0,comp_time,0.00787
APF,normal_city,22,apf_k_rep,30.0,comp_time,0.00943
APF,normal_city,23,apf_k_rep,30.0,comp_time,0.01133
APF,normal_city,24,apf_k_rep,30.0,comp_time,0.00885
APF,normal_city,25,apf_k_rep,30.0,comp_time,0.01088
APF,normal_city,26,apf_k_rep,30.0,comp_time,0.00877
APF,normal_city,27,apf_k_rep,30.0,comp_time,0.00834
APF,normal_city,28,apf_k_rep,30.0,comp_time,0.01097
APF,normal_city,29,apf_k_rep,30.0,comp_time,0.01069
APF,blocked_road,0,apf_k_rep,30.0,comp_time,0.00847
APF,blocked_road,1,apf_k_rep,30.0,comp_time,0.00816
APF,blocked_road,2,apf_k_rep,30.0,comp_time,0.01027
APF,blocked_road,3,apf_k_rep,30.0,comp_time,0.00656
APF,blocked_road,4,apf_k_rep,30.0,comp_time,0.00823
APF,blocked_road,5,apf_k_rep,30.0,comp_time,0.00822
APF,blocked_road,6,apf_k_rep,30.0,comp_time,0.00805
APF,blocked_road,7,apf_k_rep,30.0,comp_time,0.01016
APF,blocked_road,8,apf_k_rep,30.0,comp_time,0.00719
APF,blocked_road,9,apf_k_rep,30.0,comp_time,0.00692
APF,blocked_road,10,apf_k_rep,30.0,comp_time,0.00687
APF,blocked_road,11,apf_k_rep,30.0,comp_time,0.00826
APF,blocked_road,12,apf_k_rep,30.0,comp_time,0.00817
APF,blocked_road,13,apf_k_rep,30.0,comp_time,0.00826
APF,blocked_road,14,apf_k_rep,30.0,comp_time,0.01003
APF,blocked_road,15,apf_k_rep,30.0,comp_time,0.00698
APF,blocked_road,16,apf_k_rep,30.0,comp_time,0.00712
APF,blocked_road,17,apf_k_rep,30.0,comp_time,0.00799
APF,blocked_road,18,apf_k_rep,30.0,comp_time,0.0084
APF,blocked_road,19,apf_k_rep,30.0,comp_time,0.00676
APF,blocked_road,20,apf_k_rep,30.0,comp_time,0.00679
APF,blocked_road,21,apf_k_rep,30.0,comp_time,0.00584
APF,blocked_road,22,apf_k_rep,30.0,comp_time,0.00736
APF,blocked_road,23,apf_k_rep,30.0,comp_time,0.00942
APF,blocked_road,24,apf_k_rep,30.0,comp_time,0.00831
APF,blocked_road,25,apf_k_rep,30.0,comp_time,0.00977
APF,blocked_road,26,apf_k_rep,30.0,comp_time,0.00648
APF,blocked_road,27,apf_k_rep,30.0,comp_time,0.00751
APF,blocked_road,28,apf_k_rep,30.0,comp_time,0.01127
APF,blocked_road,29,apf_k_rep,30.0,comp_time,0.00963
APF,dense_city,0,apf_k_rep,30.0,comp_time,0.01291
APF,dense_city,1,apf_k_rep,30.0,comp_time,0.01167
APF,dense_city,2,apf_k_rep,30.0,comp_time,0.01225
APF,dense_city,3,apf_k_rep,30.0,comp_time,0.00893
APF,dense_city,4,apf_k_rep,30.0,comp_time,0.01231
APF,dense_city,5,apf_k_rep,30.0,comp_time,0.01318
APF,dense_city,6,apf_k_rep,30.0,comp_time,0.01179
APF,dense_city,7,apf_k_rep,30.0,comp_time,0.01262
APF,dense_city,8,apf_k_rep,30.0,comp_time,0.01097
APF,dense_city,9,apf_k_rep,30.0,comp_time,0.01644
APF,dense_city,10,apf_k_rep,30.0,comp_time,0.01469
APF,dense_city,11,apf_k_rep,30.0,comp_time,0.01462
APF,dense_city,12,apf_k_rep,30.0,comp_time,0.01343
APF,dense_city,13,apf_k_rep,30.0,comp_time,0.01257
APF,dense_city,14,apf_k_rep,30.0,comp_time,0.01194
APF,dense_city,15,apf_k_rep,30.0,comp_time,0.00983
APF,dense_city,16,apf_k_rep,30.0,comp_time,0.01215
APF,dense_city,17,apf_k_rep,30.0,comp_time,0.01292
APF,dense_city,18,apf_k_rep,30.0,comp_time,0.01259
APF,dense_city,19,apf_k_rep,30.0,comp_time,0.0113
APF,dense_city,20,apf_k_rep,30.0,comp_time,0.01288
APF,dense_city,21,apf_k_rep,30.0,comp_time,0.01276
APF,dense_city,22,apf_k_rep,30.0,comp_time,0.01251
APF,dense_city,23,apf_k_rep,30.0,comp_time,0.0128
APF,dense_city,24,apf_k_rep,30.0,comp_time,0.01108
APF,dense_city,25,apf_k_rep,30.0,comp_time,0.01305
APF,dense_city,26,apf_k_rep,30.0,comp_time,0.01064
APF,dense_city,27,apf_k_rep,30.0,comp_time,0.01024
APF,dense_city,28,apf_k_rep,30.0,comp_time,0.01104
APF,dense_city,29,apf_k_rep,30.0,comp_time,0.01034
APF,normal_city,0,apf_k_rep,60.0,comp_time,0.01159
APF,normal_city,1,apf_k_rep,60.0,comp_time,0.01149
APF,normal_city,2,apf_k_rep,60.0,comp_time,0.01163
APF,normal_city,3,apf_k_rep,60.0,comp_time,0.00724
APF,normal_city,4,apf_k_rep,60.0,comp_time,0.01023
APF,normal_city,5,apf_k_rep,60.0,comp_time,0.00954
APF,normal_city,6,apf_k_rep,60.0,comp_time,0.01083
APF,normal_city,7,apf_k_rep,60.0,comp_time,0.01269
APF,normal_city,8,apf_k_rep,60.0,comp_time,0.00955
APF,normal_city,9,apf_k_rep,60.0,comp_time,0.0089
APF,normal_city,10,apf_k_rep,60.0,comp_time,0.00751
APF,normal_city,11,apf_k_rep,60.0,comp_time,0.01123
APF,normal_city,12,apf_k_rep,60.0,comp_time,0.01007
APF,normal_city,13,apf_k_rep,60.0,comp_time,0.0087
APF,normal_city,14,apf_k_rep,60.0,comp_time,0.01078
APF,normal_city,15,apf_k_rep,60.0,comp_time,0.00936
APF,normal_city,16,apf_k_rep,60.0,comp_time,0.00985
APF,normal_city,17,apf_k_rep,60.0,comp_time,0.00889
APF,normal_city,18,apf_k_rep,60.0,comp_time,0.00797
APF,normal_city,19,apf_k_rep,60.0,comp_time,0.00899
APF,normal_city,20,apf_k_rep,60.0,comp_time,0.00927
APF,normal_city,21,apf_k_rep,60.0,comp_time,0.00812
APF,normal_city,22,apf_k_rep,60.0,comp_time,0.00998
APF,normal_city,23,apf_k_rep,60.0,comp_time,0.01077
APF,normal_city,24,apf_k_rep,60.0,comp_time,0.00815
APF,normal_city,25,apf_k_rep,60.0,comp_time,0.01386
APF,normal_city,26,apf_k_rep,60.0,comp_time,0.00963
APF,normal_city,27,apf_k_rep,60.0,comp_time,0.00877
APF,normal_city,28,apf_k_rep,60.0,comp_time,0.01135
APF,normal_city,29,apf_k_rep,60.0,comp_time,0.01301
APF,blocked_road,0,apf_k_rep,60.0,comp_time,0.00867
APF,blocked_road,1,apf_k_rep,60.0,comp_time,0.00895
APF,blocked_road,2,apf_k_rep,60.0,comp_time,0.00959
APF,blocked_road,3,apf_k_rep,60.0,comp_time,0.00668
APF,blocked_road,4,apf_k_rep,60.0,comp_time,0.00853
APF,blocked_road,5,apf_k_rep,60.0,comp_time,0.00818
APF,blocked_road,6,apf_k_rep,60.0,comp_time,0.00946
APF,blocked_road,7,apf_k_rep,60.0,comp_time,0.01142
APF,blocked_road,8,apf_k_rep,60.0,comp_time,0.00739
APF,blocked_road,9,apf_k_rep,60.0,comp_time,0.00697
APF,blocked_road,10,apf_k_rep,60.0,comp_time,0.0085
APF,blocked_road,11,apf_k_rep,60.0,comp_time,0.00796
APF,blocked_road,12,apf_k_rep,60.0,comp_time,0.00847
APF,blocked_road,13,apf_k_rep,60.0,comp_time,0.00804
APF,blocked_road,14,apf_k_rep,60.0,comp_time,0.00636
APF,blocked_road,15,apf_k_rep,60.0,comp_time,0.00664
APF,blocked_road,16,apf_k_rep,60.0,comp_time,0.00668
APF,blocked_road,17,apf_k_rep,60.0,comp_time,0.00821
APF,blocked_road,18,apf_k_rep,60.0,comp_time,0.00792
APF,blocked_road,19,apf_k_rep,60.0,comp_time,0.0064
APF,blocked_road,20,apf_k_rep,60.0,comp_time,0.00711
APF,blocked_road,21,apf_k_rep,60.0,comp_time,0.00603
APF,blocked_road,22,apf_k_rep,60.0,comp_time,0.00689
APF,blocked_road,23,apf_k_rep,60.0,comp_time,0.00898
APF,blocked_road,24,apf_k_rep,60.0,comp_time,0.00755
APF,blocked_road,25,apf_k_rep,60.0,comp_time,0.00971
APF,blocked_road,26,apf_k_rep,60.0,comp_time,0.00666
APF,blocked_road,27,apf_k_rep,60.0,comp_time,0.00744
APF,blocked_road,28,apf_k_rep,60.0,comp_time,0.00999
APF,blocked_road,29,apf_k_rep,60.0,comp_time,0.00948
APF,dense_city,0,apf_k_rep,60.0,comp_time,0.01132
APF,dense_city,1,apf_k_rep,60.0,comp_time,0.01126
APF,dense_city,2,apf_k_rep,60.0,comp_time,0.01188
APF,dense_city,3,apf_k_rep,60.0,comp_time,0.00887
APF,dense_city,4,apf_k_rep,60.0,comp_time,0.01254
APF,dense_city,5,apf_k_rep,60.0,comp_time,0.01358
APF,dense_city,6,apf_k_rep,60.0,comp_time,0.01241
APF,dense_city,7,apf_k_rep,60.0,comp_time,0.01281
APF,dense_city,8,apf_k_rep,60.0,comp_time,0.0115
APF,dense_city,9,apf_k_rep,60.0,comp_time,0.01368
APF,dense_city,10,apf_k_rep,60.0,comp_time,0.01384
APF,dense_city,11,apf_k_rep,60.0,comp_time,0.01627
APF,dense_city,12,apf_k_rep,60.0,comp_time,0.01445
APF,dense_city,13,apf_k_rep,60.0,comp_time,0.01167
APF,dense_city,14,apf_k_rep,60.0,comp_time,0.01168
APF,dense_city,15,apf_k_rep,60.0,comp_time,0.01021
APF,dense_city,16,apf_k_rep,60.0,comp_time,0.0129
APF,dense_city,17,apf_k_rep,60.0,comp_time,0.012
APF,dense_city,18,apf_k_rep,60.0,comp_time,0.01028
APF,dense_city,19,apf_k_rep,60.0,comp_time,0.01308
APF,dense_city,20,apf_k_rep,60.0,comp_time,0.01295
APF,dense_city,21,apf_k_rep,60.0,comp_time,0.012
APF,dense_city,22,apf_k_rep,60.0,comp_time,0.01214
APF,dense_city,23,apf_k_rep,60.0,comp_time,0.01174
APF,dense_city,24,apf_k_rep,60.0,comp_time,0.01237
APF,dense_city,25,apf_k_rep,60.0,comp_time,0.01203
APF,dense_city,26,apf_k_rep,60.0,comp_time,0.01032
APF,dense_city,27,apf_k_rep,60.0,comp_time,0.00958
APF,dense_city,28,apf_k_rep,60.0,comp_time,0.01112
APF,dense_city,29,apf_k_rep,60.0,comp_time,0.01095
APF,normal_city,0,apf_k_rep,120.0,comp_time,0.04262
APF,normal_city,1,apf_k_rep,120.0,comp_time,0.0413
APF,normal_city,2,apf_k_rep,120.0,comp_time,0.04075
APF,normal_city,3,apf_k_rep,120.0,comp_time,0.03706
APF,normal_city,4,apf_k_rep,120.0,comp_time,0.04253
APF,normal_city,5,apf_k_rep,120.0,comp_time,0.06152
APF,normal_city,6,apf_k_rep,120.0,comp_time,0.01943
APF,normal_city,7,apf_k_rep,120.0,comp_time,0.04424
APF,normal_city,8,apf_k_rep,120.0,comp_time,0.03845
APF,normal_city,9,apf_k_rep,120.0,comp_time,0.01549
APF,normal_city,10,apf_k_rep,120.0,comp_time,0.0362
APF,normal_city,11,apf_k_rep,120.0,comp_time,0.0444
APF,normal_city,12,apf_k_rep,120.0,comp_time,0.55853
APF,normal_city,13,apf_k_rep,120.0,comp_time,0.03852
APF,normal_city,14,apf_k_rep,120.0,comp_time,0.03701
APF,normal_city,15,apf_k_rep,120.0,comp_time,0.03834
APF,normal_city,16,apf_k_rep,120.0,comp_time,0.03767
APF,normal_city,17,apf_k_rep,120.0,comp_time,0.00948
APF,normal_city,18,apf_k_rep,120.0,comp_time,0.03859
APF,normal_city,19,apf_k_rep,120.0,comp_time,0.52583
APF,normal_city,20,apf_k_rep,120.0,comp_time,0.03693
APF,normal_city,21,apf_k_rep,120.0,comp_time,0.03703
APF,normal_city,22,apf_k_rep,120.0,comp_time,0.04091
APF,normal_city,23,apf_k_rep,120.0,comp_time,0.01567
APF,normal_city,24,apf_k_rep,120.0,comp_time,0.04997
APF,normal_city,25,apf_k_rep,120.0,comp_time,0.04065
APF,normal_city,26,apf_k_rep,120.0,comp_time,0.03633
APF,normal_city,27,apf_k_rep,120.0,comp_time,0.04202
APF,normal_city,28,apf_k_rep,120.0,comp_time,0.04116
APF,normal_city,29,apf_k_rep,120.0,comp_time,0.0494
APF,blocked_road,0,apf_k_rep,120.0,comp_time,0.53507
APF,blocked_road,1,apf_k_rep,120.0,comp_time,0.55326
APF,blocked_road,2,apf_k_rep,120.0,comp_time,0.01257
APF,blocked_road,3,apf_k_rep,120.0,comp_time,0.01557
APF,blocked_road,4,apf_k_rep,120.0,comp_time,0.53188
APF,blocked_road,5,apf_k_rep,120.0,comp_time,0.54874
APF,blocked_road,6,apf_k_rep,120.0,comp_time,0.54361
APF,blocked_road,7,apf_k_rep,120.0,comp_time,0.04248
APF,blocked_road,8,apf_k_rep,120.0,comp_time,0.01288
APF,blocked_road,9,apf_k_rep,120.0,comp_time,0.5339
APF,blocked_road,10,apf_k_rep,120.0,comp_time,0.01437
APF,blocked_road,11,apf_k_rep,120.0,comp_time,0.01508
APF,blocked_road,12,apf_k_rep,120.0,comp_time,0.53516
APF,blocked_road,13,apf_k_rep,120.0,comp_time,0.03965
APF,blocked_road,14,apf_k_rep,120.0,comp_time,0.54288
APF,blocked_road,15,apf_k_rep,120.0,comp_time,0.5236
APF,blocked_road,16,apf_k_rep,120.0,comp_time,0.53253
APF,blocked_road,17,apf_k_rep,120.0,comp_time,0.01513
APF,blocked_road,18,apf_k_rep,120.0,comp_time,0.04205
APF,blocked_road,19,apf_k_rep,120.0,comp_time,0.02458
APF,blocked_road,20,apf_k_rep,120.0,comp_time,0.5795
APF,blocked_road,21,apf_k_rep,120.0,comp_time,0.00688
APF,blocked_road,22,apf_k_rep,120.0,comp_time,0.01618
APF,blocked_road,23,apf_k_rep,120.0,comp_time,0.01467
APF,blocked_road,24,apf_k_rep,120.0,comp_time,0.01658
APF,blocked_road,25,apf_k_rep,120.0,comp_time,0.04148
APF,blocked_road,26,apf_k_rep,120.0,comp_time,0.5306
APF,blocked_road,27,apf_k_rep,120.0,comp_time,0.01578
APF,blocked_road,28,apf_k_rep,120.0,comp_time,0.01586
APF,blocked_road,29,apf_k_rep,120.0,comp_time,0.01802
APF,dense_city,0,apf_k_rep,120.0,comp_time,0.01907
APF,dense_city,1,apf_k_rep,120.0,comp_time,0.01356
APF,dense_city,2,apf_k_rep,120.0,comp_time,0.01395
APF,dense_city,3,apf_k_rep,120.0,comp_time,0.01353
APF,dense_city,4,apf_k_rep,120.0,comp_time,0.01473
APF,dense_city,5,apf_k_rep,120.0,comp_time,0.04996
APF,dense_city,6,apf_k_rep,120.0,comp_time,0.01728
APF,dense_city,7,apf_k_rep,120.0,comp_time,0.56406
APF,dense_city,8,apf_k_rep,120.0,comp_time,0.01286
APF,dense_city,9,apf_k_rep,120.0,comp_time,0.01455
APF,dense_city,10,apf_k_rep,120.0,comp_time,0.01789
APF,dense_city,11,apf_k_rep,120.0,comp_time,0.01697
APF,dense_city,12,apf_k_rep,120.0,comp_time,0.55758
APF,dense_city,13,apf_k_rep,120.0,comp_time,0.01257
APF,dense_city,14,apf_k_rep,120.0,comp_time,0.01446
APF,dense_city,15,apf_k_rep,120.0,comp_time,0.027
APF,dense_city,16,apf_k_rep,120.0,comp_time,0.01695
APF,dense_city,17,apf_k_rep,120.0,comp_time,0.01866
APF,dense_city,18,apf_k_rep,120.0,comp_time,0.01424
APF,dense_city,19,apf_k_rep,120.0,comp_time,0.01343
APF,dense_city,20,apf_k_rep,120.0,comp_time,0.01637
APF,dense_city,21,apf_k_rep,120.0,comp_time,0.01495
APF,dense_city,22,apf_k_rep,120.0,comp_time,0.01428
APF,dense_city,23,apf_k_rep,120.0,comp_time,0.01193
APF,dense_city,24,apf_k_rep,120.0,comp_time,0.01352
APF,dense_city,25,apf_k_rep,120.0,comp_time,0.01556
APF,dense_city,26,apf_k_rep,120.0,comp_time,0.01335
APF,dense_city,27,apf_k_rep,120.0,comp_time,0.01614
APF,dense_city,28,apf_k_rep,120.0,comp_time,0.01373
APF,dense_city,29,apf_k_rep,120.0,comp_time,0.01258
APF,normal_city,0,apf_k_rep,240.0,comp_time,0.04512
APF,normal_city,1,apf_k_rep,240.0,comp_time,0.04554
APF,normal_city,2,apf_k_rep,240.0,comp_time,0.04772
APF,normal_city,3,apf_k_rep,240.0,comp_time,0.04445
APF,normal_city,4,apf_k_rep,240.0,comp_time,0.04462
APF,normal_city,5,apf_k_rep,240.0,comp_time,0.04291
APF,normal_city,6,apf_k_rep,240.0,comp_time,0.01619
APF,normal_city,7,apf_k_rep,240.0,comp_time,0.05431
APF,normal_city,8,apf_k_rep,240.0,comp_time,0.04452
APF,normal_city,9,apf_k_rep,240.0,comp_time,0.53958
APF,normal_city,10,apf_k_rep,240.0,comp_time,0.04148
APF,normal_city,11,apf_k_rep,240.0,comp_time,0.58425
APF,normal_city,12,apf_k_rep,240.0,comp_time,0.57032
APF,normal_city,13,apf_k_rep,240.0,comp_time,0.04717
APF,normal_city,14,apf_k_rep,240.0,comp_time,0.04564
APF,normal_city,15,apf_k_rep,240.0,comp_time,0.04261
APF,normal_city,16,apf_k_rep,240.0,comp_time,0.04623
APF,normal_city,17,apf_k_rep,240.0,comp_time,0.00928
APF,normal_city,18,apf_k_rep,240.0,comp_time,0.03994
APF,normal_city,19,apf_k_rep,240.0,comp_time,0.52505
APF,normal_city,20,apf_k_rep,240.0,comp_time,0.04372
APF,normal_city,21,apf_k_rep,240.0,comp_time,0.04271
APF,normal_city,22,apf_k_rep,240.0,comp_time,0.04865
APF,normal_city,23,apf_k_rep,240.0,comp_time,0.53879
APF,normal_city,24,apf_k_rep,240.0,comp_time,0.04286
APF,normal_city,25,apf_k_rep,240.0,comp_time,0.04407
APF,normal_city,26,apf_k_rep,240.0,comp_time,0.04489
APF,normal_city,27,apf_k_rep,240.0,comp_time,0.52994
APF,normal_city,28,apf_k_rep,240.0,comp_time,0.04502
APF,normal_city,29,apf_k_rep,240.0,comp_time,0.04855
APF,blocked_road,0,apf_k_rep,240.0,comp_time,0.54909
APF,blocked_road,1,apf_k_rep,240.0,comp_time,0.54843
APF,blocked_road,2,apf_k_rep,240.0,comp_time,0.51928
APF,blocked_road,3,apf_k_rep,240.0,comp_time,0.53625
APF,blocked_road,4,apf_k_rep,240.0,comp_time,0.53385
APF,blocked_road,5,apf_k_rep,240.0,comp_time,0.52894
APF,blocked_road,6,apf_k_rep,240.0,comp_time,0.52876
APF,blocked_road,7,apf_k_rep,240.0,comp_time,0.04881
APF,blocked_road,8,apf_k_rep,240.0,comp_time,0.54639
APF,blocked_road,9,apf_k_rep,240.0,comp_time,0.54721
APF,blocked_road,10,apf_k_rep,240.0,comp_time,0.52849
APF,blocked_road,11,apf_k_rep,240.0,comp_time,0.532
APF,blocked_road,12,apf_k_rep,240.0,comp_time,0.54026
APF,blocked_road,13,apf_k_rep,240.0,comp_time,0.05321
APF,blocked_road,14,apf_k_rep,240.0,comp_time,0.52357
APF,blocked_road,15,apf_k_rep,240.0,comp_time,0.53333
APF,blocked_road,16,apf_k_rep,240.0,comp_time,0.52991
APF,blocked_road,17,apf_k_rep,240.0,comp_time,0.53306
APF,blocked_road,18,apf_k_rep,240.0,comp_time,0.05085
APF,blocked_road,19,apf_k_rep,240.0,comp_time,0.51254
APF,blocked_road,20,apf_k_rep,240.0,comp_time,0.56208
APF,blocked_road,21,apf_k_rep,240.0,comp_time,0.01366
APF,blocked_road,22,apf_k_rep,240.0,comp_time,0.0174
APF,blocked_road,23,apf_k_rep,240.0,comp_time,0.55491
APF,blocked_road,24,apf_k_rep,240.0,comp_time,0.53959
APF,blocked_road,25,apf_k_rep,240.0,comp_time,0.02176
APF,blocked_road,26,apf_k_rep,240.0,comp_time,0.52637
APF,blocked_road,27,apf_k_rep,240.0,comp_time,0.55695
APF,blocked_road,28,apf_k_rep,240.0,comp_time,0.55084
APF,blocked_road,29,apf_k_rep,240.0,comp_time,0.5528
APF,dense_city,0,apf_k_rep,240.0,comp_time,0.56358
APF,dense_city,1,apf_k_rep,240.0,comp_time,0.55773
APF,dense_city,2,apf_k_rep,240.0,comp_time,0.57815
APF,dense_city,3,apf_k_rep,240.0,comp_time,0.52419
APF,dense_city,4,apf_k_rep,240.0,comp_time,0.54665
APF,dense_city,5,apf_k_rep,240.0,comp_time,0.02158
APF,dense_city,6,apf_k_rep,240.0,comp_time,0.53605
APF,dense_city,7,apf_k_rep,240.0,comp_time,0.53791
APF,dense_city,8,apf_k_rep,240.0,comp_time,0.05188
APF,dense_city,9,apf_k_rep,240.0,comp_time,0.04711
APF,dense_city,10,apf_k_rep,240.0,comp_time,0.05795
APF,dense_city,11,apf_k_rep,240.0,comp_time,0.0415
APF,dense_city,12,apf_k_rep,240.0,comp_time,0.55774
APF,dense_city,13,apf_k_rep,240.0,comp_time,0.01265
APF,dense_city,14,apf_k_rep,240.0,comp_time,0.55689
APF,dense_city,15,apf_k_rep,240.0,comp_time,0.55585
APF,dense_city,16,apf_k_rep,240.0,comp_time,0.05622
APF,dense_city,17,apf_k_rep,240.0,comp_time,0.54495
APF,dense_city,18,apf_k_rep,240.0,comp_time,0.53277
APF,dense_city,19,apf_k_rep,240.0,comp_time,0.55029
APF,dense_city,20,apf_k_rep,240.0,comp_time,0.05369
APF,dense_city,21,apf_k_rep,240.0,comp_time,0.07101
APF,dense_city,22,apf_k_rep,240.0,comp_time,0.54003
APF,dense_city,23,apf_k_rep,240.0,comp_time,0.5652
APF,dense_city,24,apf_k_rep,240.0,comp_time,0.5515
APF,dense_city,25,apf_k_rep,240.0,comp_time,0.5609
APF,dense_city,26,apf_k_rep,240.0,comp_time,0.55139
APF,dense_city,27,apf_k_rep,240.0,comp_time,0.55974
APF,dense_city,28,apf_k_rep,240.0,comp_time,0.02433
APF,dense_city,29,apf_k_rep,240.0,comp_time,0.54407
APF,normal_city,0,apf_k_rep,480.0,comp_time,0.04532
APF,normal_city,1,apf_k_rep,480.0,comp_time,0.04576
APF,normal_city,2,apf_k_rep,480.0,comp_time,0.04635
APF,normal_city,3,apf_k_rep,480.0,comp_time,0.04175
APF,normal_city,4,apf_k_rep,480.0,comp_time,0.05447
APF,normal_city,5,apf_k_rep,480.0,comp_time,0.05392
APF,normal_city,6,apf_k_rep,480.0,comp_time,0.53875
APF,normal_city,7,apf_k_rep,480.0,comp_time,0.05066
APF,normal_city,8,apf_k_rep,480.0,comp_time,0.04295
APF,normal_city,9,apf_k_rep,480.0,comp_time,0.56433
APF,normal_city,10,apf_k_rep,480.0,comp_time,0.04251
APF,normal_city,11,apf_k_rep,480.0,comp_time,0.53417
APF,normal_city,12,apf_k_rep,480.0,comp_time,0.55243
APF,normal_city,13,apf_k_rep,480.0,comp_time,0.04436
APF,normal_city,14,apf_k_rep,480.0,comp_time,0.04314
APF,normal_city,15,apf_k_rep,480.0,comp_time,0.0443
APF,normal_city,16,apf_k_rep,480.0,comp_time,0.04393
APF,normal_city,17,apf_k_rep,480.0,comp_time,0.00982
APF,normal_city,18,apf_k_rep,480.0,comp_time,0.04379
APF,normal_city,19,apf_k_rep,480.0,comp_time,0.55146
APF,normal_city,20,apf_k_rep,480.0,comp_time,0.04321
APF,normal_city,21,apf_k_rep,480.0,comp_time,0.04136
APF,normal_city,22,apf_k_rep,480.0,comp_time,0.04816
APF,normal_city,23,apf_k_rep,480.0,comp_time,0.60763
APF,normal_city,24,apf_k_rep,480.0,comp_time,0.04918
APF,normal_city,25,apf_k_rep,480.0,comp_time,0.06715
APF,normal_city,26,apf_k_rep,480.0,comp_time,0.52588
APF,normal_city,27,apf_k_rep,480.0,comp_time,0.53701
APF,normal_city,28,apf_k_rep,480.0,comp_time,0.04583
APF,normal_city,29,apf_k_rep,480.0,comp_time,0.04628
APF,blocked_road,0,apf_k_rep,480.0,comp_time,0.51515
APF,blocked_road,1,apf_k_rep,480.0,comp_time,0.56756
APF,blocked_road,2,apf_k_rep,480.0,comp_time,0.5325
APF,blocked_road,3,apf_k_rep,480.0,comp_time,0.5257
APF,blocked_road,4,apf_k_rep,480.0,comp_time,0.53951
APF,blocked_road,5,apf_k_rep,480.0,comp_time,0.54752
APF,blocked_road,6,apf_k_rep,480.0,comp_time,0.52809
APF,blocked_road,7,apf_k_rep,480.0,comp_time,0.05288
APF,blocked_road,8,apf_k_rep,480.0,comp_time,0.51351
APF,blocked_road,9,apf_k_rep,480.0,comp_time,0.53565
APF,blocked_road,10,apf_k_rep,480.0,comp_time,0.52505
APF,blocked_road,11,apf_k_rep,480.0,comp_time,0.53732
APF,blocked_road,12,apf_k_rep,480.0,comp_time,0.62002
APF,blocked_road,13,apf_k_rep,480.0,comp_time,0.06012
APF,blocked_road,14,apf_k_rep,480.0,comp_time,0.54242
APF,blocked_road,15,apf_k_rep,480.0,comp_time,0.549
APF,blocked_road,16,apf_k_rep,480.0,comp_time,0.55307
APF,blocked_road,17,apf_k_rep,480.0,comp_time,0.54104
APF,blocked_road,18,apf_k_rep,480.0,comp_time,0.04833
APF,blocked_road,19,apf_k_rep,480.0,comp_time,0.52675
APF,blocked_road,20,apf_k_rep,480.0,comp_time,0.52374
APF,blocked_road,21,apf_k_rep,480.0,comp_time,0.53218
APF,blocked_road,22,apf_k_rep,480.0,comp_time,0.05541
APF,blocked_road,23,apf_k_rep,480.0,comp_time,0.57568
APF,blocked_road,24,apf_k_rep,480.0,comp_time,0.56027
APF,blocked_road,25,apf_k_rep,480.0,comp_time,0.60268
APF,blocked_road,26,apf_k_rep,480.0,comp_time,0.5375
APF,blocked_road,27,apf_k_rep,480.0,comp_time,0.54828
APF,blocked_road,28,apf_k_rep,480.0,comp_time,0.5315
APF,blocked_road,29,apf_k_rep,480.0,comp_time,0.52239
APF,dense_city,0,apf_k_rep,480.0,comp_time,0.54803
APF,dense_city,1,apf_k_rep,480.0,comp_time,0.53401
APF,dense_city,2,apf_k_rep,480.0,comp_time,0.54988
APF,dense_city,3,apf_k_rep,480.0,comp_time,0.53045
APF,dense_city,4,apf_k_rep,480.0,comp_time,0.56095
APF,dense_city,5,apf_k_rep,480.0,comp_time,0.06658
APF,dense_city,6,apf_k_rep,480.0,comp_time,0.79339
APF,dense_city,7,apf_k_rep,480.0,comp_time,0.66265
APF,dense_city,8,apf_k_rep,480.0,comp_time,0.0573
APF,dense_city,9,apf_k_rep,480.0,comp_time,0.63442
APF,dense_city,10,apf_k_rep,480.0,comp_time,0.11796
APF,dense_city,11,apf_k_rep,480.0,comp_time,0.54224
APF,dense_city,12,apf_k_rep,480.0,comp_time,0.53557
APF,dense_city,13,apf_k_rep,480.0,comp_time,0.54937
APF,dense_city,14,apf_k_rep,480.0,comp_time,0.53307
APF,dense_city,15,apf_k_rep,480.0,comp_time,0.53512
APF,dense_city,16,apf_k_rep,480.0,comp_time,0.06558
APF,dense_city,17,apf_k_rep,480.0,comp_time,0.55599
APF,dense_city,18,apf_k_rep,480.0,comp_time,0.54489
APF,dense_city,19,apf_k_rep,480.0,comp_time,0.54278
APF,dense_city,20,apf_k_rep,480.0,comp_time,0.0571
APF,dense_city,21,apf_k_rep,480.0,comp_time,0.0514
APF,dense_city,22,apf_k_rep,480.0,comp_time,0.59758
APF,dense_city,23,apf_k_rep,480.0,comp_time,0.56461
APF,dense_city,24,apf_k_rep,480.0,comp_time,0.65698
APF,dense_city,25,apf_k_rep,480.0,comp_time,0.58441
APF,dense_city,26,apf_k_rep,480.0,comp_time,0.55474
APF,dense_city,27,apf_k_rep,480.0,comp_time,0.55757
APF,dense_city,28,apf_k_rep,480.0,comp_time,0.54863
APF,dense_city,29,apf_k_rep,480.0,comp_time,0.55456
