planner,scenario,instance,parameter,value,metric,result
APF,normal_city,0,apf_k_att,0.5,success,1.0
APF,normal_city,1,apf_k_att,0.5,success,1.0
APF,normal_city,2,apf_k_att,0.5,success,1.0
APF,normal_city,3,apf_k_att,0.5,success,1.0
APF,normal_city,4,apf_k_att,0.5,success,1.0
APF,normal_city,5,apf_k_att,0.5,success,1.0
APF,normal_city,6,apf_k_att,0.5,success,0.0
APF,normal_city,7,apf_k_att,0.5,success,1.0
APF,normal_city,8,apf_k_att,0.5,success,1.0
APF,normal_city,9,apf_k_att,0.5,success,0.0
APF,normal_city,10,apf_k_att,0.5,success,1.0
APF,normal_city,11,apf_k_att,0.5,success,0.0
APF,normal_city,12,apf_k_att,0.5,success,0.0
APF,normal_city,13,apf_k_att,0.5,success,1.0
APF,normal_city,14,apf_k_att,0.5,success,1.0
APF,normal_city,15,apf_k_att,0.5,success,1.0
APF,normal_city,16,apf_k_att,0.5,success,1.0
APF,normal_city,17,apf_k_att,0.5,success,0.0
APF,normal_city,18,apf_k_att,0.5,success,1.0
APF,normal_city,19,apf_k_att,0.5,success,0.0
APF,normal_city,20,apf_k_att,0.5,success,1.0
APF,normal_city,21,apf_k_att,0.5,success,1.0
APF,normal_city,22,apf_k_att,0.5,success,1.0
APF,normal_city,23,apf_k_att,0.5,success,0.0
APF,normal_city,24,apf_k_att,0.5,success,1.0
APF,normal_city,25,apf_k_att,0.5,success,1.0
APF,normal_city,26,apf_k_att,0.5,success,1.0
APF,normal_city,27,apf_k_att,0.5,success,0.0
APF,normal_city,28,apf_k_att,0.5,success,1.0
APF,normal_city,29,apf_k_att,0.5,success,1.0
APF,blocked_road,0,apf_k_att,0.5,success,0.0
APF,blocked_road,1,apf_k_att,0.5,success,0.0
APF,blocked_road,2,apf_k_att,0.5,success,0.0
APF,blocked_road,3,apf_k_att,0.5,success,0.0
APF,blocked_road,4,apf_k_att,0.5,success,0.0
APF,blocked_road,5,apf_k_att,0.5,success,0.0
APF,blocked_road,6,apf_k_att,0.5,success,0.0
APF,blocked_road,7,apf_k_att,0.5,success,1.0
APF,blocked_road,8,apf_k_att,0.5,success,0.0
APF,blocked_road,9,apf_k_att,0.5,success,0.0
APF,blocked_road,10,apf_k_att,0.5,success,0.0
APF,blocked_road,11,apf_k_att,0.5,success,0.0
APF,blocked_road,12,apf_k_att,0.5,success,0.0
APF,blocked_road,13,apf_k_att,0.5,success,1.0
APF,blocked_road,14,apf_k_att,0.5,success,0.0
APF,blocked_road,15,apf_k_att,0.5,success,0.0
APF,blocked_road,16,apf_k_att,0.5,success,0.0
APF,blocked_road,17,apf_k_att,0.5,success,0.0
APF,blocked_road,18,apf_k_att,0.5,success,1.0
APF,blocked_road,19,apf_k_att,0.5,success,0.0
APF,blocked_road,20,apf_k_att,0.5,success,0.0
APF,blocked_road,21,apf_k_att,0.5,success,0.0
APF,blocked_road,22,apf_k_att,0.5,success,0.0
APF,blocked_road,23,apf_k_att,0.5,success,0.0
APF,blocked_road,24,apf_k_att,0.5,success,0.0
APF,blocked_road,25,apf_k_att,0.5,success,0.0
APF,blocked_road,26,apf_k_att,0.5,success,0.0
APF,blocked_road,27,apf_k_att,0.5,success,0.0
APF,blocked_road,28,apf_k_att,0.5,success,0.0
APF,blocked_road,29,apf_k_att,0.5,success,0.0
APF,dense_city,0,apf_k_att,0.5,success,0.0
APF,dense_city,1,apf_k_att,0.5,success,0.0
APF,dense_city,2,apf_k_att,0.5,success,0.0
APF,dense_city,3,apf_k_att,0.5,success,0.0
APF,dense_city,4,apf_k_att,0.5,success,0.0
APF,dense_city,5,apf_k_att,0.5,success,0.0
APF,dense_city,6,apf_k_att,0.5,success,0.0
APF,dense_city,7,apf_k_att,0.5,success,0.0
APF,dense_city,8,apf_k_att,0.5,success,1.0
APF,dense_city,9,apf_k_att,0.5,success,0.0
APF,dense_city,10,apf_k_att,0.5,success,1.0
APF,dense_city,11,apf_k_att,0.5,success,0.0
APF,dense_city,12,apf_k_att,0.5,success,0.0
APF,dense_city,13,apf_k_att,0.5,success,0.0
APF,dense_city,14,apf_k_att,0.5,success,0.0
APF,dense_city,15,apf_k_att,0.5,success,0.0
APF,dense_city,16,apf_k_att,0.5,success,0.0
APF,dense_city,17,apf_k_att,0.5,success,0.0
APF,dense_city,18,apf_k_att,0.5,success,0.0
APF,dense_city,19,apf_k_att,0.5,success,0.0
APF,dense_city,20,apf_k_att,0.5,success,1.0
APF,dense_city,21,apf_k_att,0.5,success,1.0
APF,dense_city,22,apf_k_att,0.5,success,0.0
APF,dense_city,23,apf_k_att,0.5,success,0.0
APF,dense_city,24,apf_k_att,0.5,success,0.0
APF,dense_city,25,apf_k_att,0.5,success,0.0
APF,dense_city,26,apf_k_att,0.5,success,0.0
APF,dense_city,27,apf_k_att,0.5,success,0.0
APF,dense_city,28,apf_k_att,0.5,success,0.0
APF,dense_city,29,apf_k_att,0.5,success,0.0
APF,normal_city,0,apf_k_att,1.0,success,1.0
APF,normal_city,1,apf_k_att,1.0,success,1.0
APF,normal_city,2,apf_k_att,1.0,success,1.0
APF,normal_city,3,apf_k_att,1.0,success,1.0
APF,normal_city,4,apf_k_att,1.0,success,1.0
APF,normal_city,5,apf_k_att,1.0,success,1.0
APF,normal_city,6,apf_k_att,1.0,success,0.0
APF,normal_city,7,apf_k_att,1.0,success,1.0
APF,normal_city,8,apf_k_att,1.0,success,1.0
APF,normal_city,9,apf_k_att,1.0,success,0.0
APF,normal_city,10,apf_k_att,1.0,success,1.0
APF,normal_city,11,apf_k_att,1.0,success,1.0
APF,normal_city,12,apf_k_att,1.0,success,0.0
APF,normal_city,13,apf_k_att,1.0,success,1.0
APF,normal_city,14,apf_k_att,1.0,success,1.0
APF,normal_city,15,apf_k_att,1.0,success,1.0
APF,normal_city,16,apf_k_att,1.0,success,1.0
APF,normal_city,17,apf_k_att,1.0,success,0.0
APF,normal_city,18,apf_k_att,1.0,success,1.0
APF,normal_city,19,apf_k_att,1.0,success,0.0
APF,normal_city,20,apf_k_att,1.0,success,1.0
APF,normal_city,21,apf_k_att,1.0,success,1.0
APF,normal_city,22,apf_k_att,1.0,success,1.0
APF,normal_city,23,apf_k_att,1.0,success,0.0
APF,normal_city,24,apf_k_att,1.0,success,1.0
APF,normal_city,25,apf_k_att,1.0,success,1.0
APF,normal_city,26,apf_k_att,1.0,success,1.0
APF,normal_city,27,apf_k_att,1.0,success,1.0
APF,normal_city,28,apf_k_att,1.0,success,1.0
APF,normal_city,29,apf_k_att,1.0,success,1.0
APF,blocked_road,0,apf_k_att,1.0,success,0.0
APF,blocked_road,1,apf_k_att,1.0,success,0.0
APF,blocked_road,2,apf_k_att,1.0,success,0.0
APF,blocked_road,3,apf_k_att,1.0,success,0.0
APF,blocked_road,4,apf_k_att,1.0,success,0.0
APF,blocked_road,5,apf_k_att,1.0,success,0.0
APF,blocked_road,6,apf_k_att,1.0,success,0.0
APF,blocked_road,7,apf_k_att,1.0,success,1.0
APF,blocked_road,8,apf_k_att,1.0,success,0.0
APF,blocked_road,9,apf_k_att,1.0,success,0.0
APF,blocked_road,10,apf_k_att,1.0,success,0.0
APF,blocked_road,11,apf_k_att,1.0,success,0.0
APF,blocked_road,12,apf_k_att,1.0,success,0.0
APF,blocked_road,13,apf_k_att,1.0,success,1.0
APF,blocked_road,14,apf_k_att,1.0,success,0.0
APF,blocked_road,15,apf_k_att,1.0,success,0.0
APF,blocked_road,16,apf_k_att,1.0,success,0.0
APF,blocked_road,17,apf_k_att,1.0,success,0.0
APF,blocked_road,18,apf_k_att,1.0,success,1.0
APF,blocked_road,19,apf_k_att,1.0,success,0.0
APF,blocked_road,20,apf_k_att,1.0,success,0.0
APF,blocked_road,21,apf_k_att,1.0,success,0.0
APF,blocked_road,22,apf_k_att,1.0,success,0.0
APF,blocked_road,23,apf_k_att,1.0,success,0.0
APF,blocked_road,24,apf_k_att,1.0,success,0.0
APF,blocked_road,25,apf_k_att,1.0,success,1.0
APF,blocked_road,26,apf_k_att,1.0,success,0.0
APF,blocked_road,27,apf_k_att,1.0,success,0.0
APF,blocked_road,28,apf_k_att,1.0,success,0.0
APF,blocked_road,29,apf_k_att,1.0,success,0.0
APF,dense_city,0,apf_k_att,1.0,success,0.0
APF,dense_city,1,apf_k_att,1.0,success,0.0
APF,dense_city,2,apf_k_att,1.0,success,0.0
APF,dense_city,3,apf_k_att,1.0,success,0.0
APF,dense_city,4,apf_k_att,1.0,success,0.0
APF,dense_city,5,apf_k_att,1.0,success,0.0
APF,dense_city,6,apf_k_att,1.0,success,0.0
APF,dense_city,7,apf_k_att,1.0,success,0.0
APF,dense_city,8,apf_k_att,1.0,success,0.0
APF,dense_city,9,apf_k_att,1.0,success,0.0
APF,dense_city,10,apf_k_att,1.0,success,0.0
APF,dense_city,11,apf_k_att,1.0,success,0.0
APF,dense_city,12,apf_k_att,1.0,success,0.0
APF,dense_city,13,apf_k_att,1.0,success,0.0
APF,dense_city,14,apf_k_att,1.0,success,0.0
APF,dense_city,15,apf_k_att,1.0,success,0.0
APF,dense_city,16,apf_k_att,1.0,success,0.0
APF,dense_city,17,apf_k_att,1.0,success,0.0
APF,dense_city,18,apf_k_att,1.0,success,0.0
APF,dense_city,19,apf_k_att,1.0,success,0.0
APF,dense_city,20,apf_k_att,1.0,success,0.0
APF,dense_city,21,apf_k_att,1.0,success,0.0
APF,dense_city,22,apf_k_att,1.0,success,0.0
APF,dense_city,23,apf_k_att,1.0,success,0.0
APF,dense_city,24,apf_k_att,1.0,success,0.0
APF,dense_city,25,apf_k_att,1.0,success,0.0
APF,dense_city,26,apf_k_att,1.0,success,0.0
APF,dense_city,27,apf_k_att,1.0,success,0.0
APF,dense_city,28,apf_k_att,1.0,success,0.0
APF,dense_city,29,apf_k_att,1.0,success,0.0
APF,normal_city,0,apf_k_att,2.0,success,0.0
APF,normal_city,1,apf_k_att,2.0,success,0.0
APF,normal_city,2,apf_k_att,2.0,success,0.0
APF,normal_city,3,apf_k_att,2.0,success,0.0
APF,normal_city,4,apf_k_att,2.0,success,0.0
APF,normal_city,5,apf_k_att,2.0,success,0.0
APF,normal_city,6,apf_k_att,2.0,success,0.0
APF,normal_city,7,apf_k_att,2.0,success,0.0
APF,normal_city,8,apf_k_att,2.0,success,0.0
APF,normal_city,9,apf_k_att,2.0,success,0.0
APF,normal_city,10,apf_k_att,2.0,success,0.0
APF,normal_city,11,apf_k_att,2.0,success,0.0
APF,normal_city,12,apf_k_att,2.0,success,0.0
APF,normal_city,13,apf_k_att,2.0,success,0.0
APF,normal_city,14,apf_k_att,2.0,success,0.0
APF,normal_city,15,apf_k_att,2.0,success,0.0
APF,normal_city,16,apf_k_att,2.0,success,0.0
APF,normal_city,17,apf_k_att,2.0,success,0.0
APF,normal_city,18,apf_k_att,2.0,success,0.0
APF,normal_city,19,apf_k_att,2.0,success,0.0
APF,normal_city,20,apf_k_att,2.0,success,0.0
APF,normal_city,21,apf_k_att,2.0,success,0.0
APF,normal_city,22,apf_k_att,2.0,success,0.0
APF,normal_city,23,apf_k_att,2.0,success,0.0
APF,normal_city,24,apf_k_att,2.0,success,0.0
APF,normal_city,25,apf_k_att,2.0,success,0.0
APF,normal_city,26,apf_k_att,2.0,success,0.0
APF,normal_city,27,apf_k_att,2.0,success,0.0
APF,normal_city,28,apf_k_att,2.0,success,0.0
APF,normal_city,29,apf_k_att,2.0,success,0.0
APF,blocked_road,0,apf_k_att,2.0,success,0.0
APF,blocked_road,1,apf_k_att,2.0,success,0.0
APF,blocked_road,2,apf_k_att,2.0,success,0.0
APF,blocked_road,3,apf_k_att,2.0,success,0.0
APF,blocked_road,4,apf_k_att,2.0,success,0.0
APF,blocked_road,5,apf_k_att,2.0,success,0.0
APF,blocked_road,6,apf_k_att,2.0,success,0.0
APF,blocked_road,7,apf_k_att,2.0,success,0.0
APF,blocked_road,8,apf_k_att,2.0,success,0.0
APF,blocked_road,9,apf_k_att,2.0,success,0.0
APF,blocked_road,10,apf_k_att,2.0,success,0.0
APF,blocked_road,11,apf_k_att,2.0,success,0.0
APF,blocked_road,12,apf_k_att,2.0,success,0.0
APF,blocked_road,13,apf_k_att,2.0,success,0.0
APF,blocked_road,14,apf_k_att,2.0,success,0.0
APF,blocked_road,15,apf_k_att,2.0,success,0.0
APF,blocked_road,16,apf_k_att,2.0,success,0.0
APF,blocked_road,17,apf_k_att,2.0,success,0.0
APF,blocked_road,18,apf_k_att,2.0,success,0.0
APF,blocked_road,19,apf_k_att,2.0,success,0.0
APF,blocked_road,20,apf_k_att,2.0,success,0.0
APF,blocked_road,21,apf_k_att,2.0,success,0.0
APF,blocked_road,22,apf_k_att,2.0,success,0.0
APF,blocked_road,23,apf_k_att,2.0,success,0.0
APF,blocked_road,24,apf_k_att,2.0,success,0.0
APF,blocked_road,25,apf_k_att,2.0,success,0.0
APF,blocked_road,26,apf_k_att,2.0,success,0.0
APF,blocked_road,27,apf_k_att,2.0,success,0.0
APF,blocked_road,28,apf_k_att,2.0,success,0.0
APF,blocked_road,29,apf_k_att,2.0,success,0.0
APF,dense_city,0,apf_k_att,2.0,success,0.0
APF,dense_city,1,apf_k_att,2.0,success,0.0
APF,dense_city,2,apf_k_att,2.0,success,0.0
APF,dense_city,3,apf_k_att,2.0,success,0.0
APF,dense_city,4,apf_k_att,2.0,success,0.0
APF,dense_city,5,apf_k_att,2.0,success,0.0
APF,dense_city,6,apf_k_att,2.0,success,0.0
APF,dense_city,7,apf_k_att,2.0,success,0.0
APF,dense_city,8,apf_k_att,2.0,success,0.0
APF,dense_city,9,apf_k_att,2.0,success,0.0
APF,dense_city,10,apf_k_att,2.0,success,0.0
APF,dense_city,11,apf_k_att,2.0,success,0.0
APF,dense_city,12,apf_k_att,2.0,success,0.0
APF,dense_city,13,apf_k_att,2.0,success,0.0
APF,dense_city,14,apf_k_att,2.0,success,0.0
APF,dense_city,15,apf_k_att,2.0,success,0.0
APF,dense_city,16,apf_k_att,2.0,success,0.0
APF,dense_city,17,apf_k_att,2.0,success,0.0
APF,dense_city,18,apf_k_att,2.0,success,0.0
APF,dense_city,19,apf_k_att,2.0,success,0.0
APF,dense_city,20,apf_k_att,2.0,success,0.0
APF,dense_city,21,apf_k_att,2.0,success,0.0
APF,dense_city,22,apf_k_att,2.0,success,0.0
APF,dense_city,23,apf_k_att,2.0,success,0.0
APF,dense_city,24,apf_k_att,2.0,success,0.0
APF,dense_city,25,apf_k_att,2.0,success,0.0
APF,dense_city,26,apf_k_att,2.0,success,0.0
APF,dense_city,27,apf_k_att,2.0,success,0.0
APF,dense_city,28,apf_k_att,2.0,success,0.0
APF,dense_city,29,apf_k_att,2.0,success,0.0
APF,normal_city,0,apf_k_att,4.0,success,0.0
APF,normal_city,1,apf_k_att,4.0,success,0.0
APF,normal_city,2,apf_k_att,4.0,success,0.0
APF,normal_city,3,apf_k_att,4.0,success,0.0
APF,normal_city,4,apf_k_att,4.0,success,0.0
APF,normal_city,5,apf_k_att,4.0,success,0.0
APF,normal_city,6,apf_k_att,4.0,success,0.0
APF,normal_city,7,apf_k_att,4.0,success,0.0
APF,normal_city,8,apf_k_att,4.0,success,0.0
APF,normal_city,9,apf_k_att,4.0,success,0.0
APF,normal_city,10,apf_k_att,4.0,success,0.0
APF,normal_city,11,apf_k_att,4.0,success,0.0
APF,normal_city,12,apf_k_att,4.0,success,0.0
APF,normal_city,13,apf_k_att,4.0,success,0.0
APF,normal_city,14,apf_k_att,4.0,success,0.0
APF,normal_city,15,apf_k_att,4.0,success,0.0
APF,normal_city,16,apf_k_att,4.0,success,0.0
APF,normal_city,17,apf_k_att,4.0,success,0.0
APF,normal_city,18,apf_k_att,4.0,success,0.0
APF,normal_city,19,apf_k_att,4.0,success,0.0
APF,normal_city,20,apf_k_att,4.0,success,0.0
APF,normal_city,21,apf_k_att,4.0,success,0.0
APF,normal_city,22,apf_k_att,4.0,success,0.0
APF,normal_city,23,apf_k_att,4.0,success,0.0
APF,normal_city,24,apf_k_att,4.0,success,0.0
APF,normal_city,25,apf_k_att,4.0,success,0.0
APF,normal_city,26,apf_k_att,4.0,success,0.0
APF,normal_city,27,apf_k_att,4.0,success,0.0
APF,normal_city,28,apf_k_att,4.0,success,0.0
APF,normal_city,29,apf_k_att,4.0,success,0.0
APF,blocked_road,0,apf_k_att,4.0,success,0.0
APF,blocked_road,1,apf_k_att,4.0,success,0.0
APF,blocked_road,2,apf_k_att,4.0,success,0.0
APF,blocked_road,3,apf_k_att,4.0,success,0.0
APF,blocked_road,4,apf_k_att,4.0,success,0.0
APF,blocked_road,5,apf_k_att,4.0,success,0.0
APF,blocked_road,6,apf_k_att,4.0,success,0.0
APF,blocked_road,7,apf_k_att,4.0,success,0.0
APF,blocked_road,8,apf_k_att,4.0,success,0.0
APF,blocked_road,9,apf_k_att,4.0,success,0.0
APF,blocked_road,10,apf_k_att,4.0,success,0.0
APF,blocked_road,11,apf_k_att,4.0,success,0.0
APF,blocked_road,12,apf_k_att,4.0,success,0.0
APF,blocked_road,13,apf_k_att,4.0,success,0.0
APF,blocked_road,14,apf_k_att,4.0,success,0.0
APF,blocked_road,15,apf_k_att,4.0,success,0.0
APF,blocked_road,16,apf_k_att,4.0,success,0.0
APF,blocked_road,17,apf_k_att,4.0,success,0.0
APF,blocked_road,18,apf_k_att,4.0,success,0.0
APF,blocked_road,19,apf_k_att,4.0,success,0.0
APF,blocked_road,20,apf_k_att,4.0,success,0.0
APF,blocked_road,21,apf_k_att,4.0,success,0.0
APF,blocked_road,22,apf_k_att,4.0,success,0.0
APF,blocked_road,23,apf_k_att,4.0,success,0.0
APF,blocked_road,24,apf_k_att,4.0,success,0.0
APF,blocked_road,25,apf_k_att,4.0,success,0.0
APF,blocked_road,26,apf_k_att,4.0,success,0.0
APF,blocked_road,27,apf_k_att,4.0,success,0.0
APF,blocked_road,28,apf_k_att,4.0,success,0.0
APF,blocked_road,29,apf_k_att,4.0,success,0.0
APF,dense_city,0,apf_k_att,4.0,success,0.0
APF,dense_city,1,apf_k_att,4.0,success,0.0
APF,dense_city,2,apf_k_att,4.0,success,0.0
APF,dense_city,3,apf_k_att,4.0,success,0.0
APF,dense_city,4,apf_k_att,4.0,success,0.0
APF,dense_city,5,apf_k_att,4.0,success,0.0
APF,dense_city,6,apf_k_att,4.0,success,0.0
APF,dense_city,7,apf_k_att,4.0,success,0.0
APF,dense_city,8,apf_k_att,4.0,success,0.0
APF,dense_city,9,apf_k_att,4.0,success,0.0
APF,dense_city,10,apf_k_att,4.0,success,0.0
APF,dense_city,11,apf_k_att,4.0,success,0.0
APF,dense_city,12,apf_k_att,4.0,success,0.0
APF,dense_city,13,apf_k_att,4.0,success,0.0
APF,dense_city,14,apf_k_att,4.0,success,0.0
APF,dense_city,15,apf_k_att,4.0,success,0.0
APF,dense_city,16,apf_k_att,4.0,success,0.0
APF,dense_city,17,apf_k_att,4.0,success,0.0
APF,dense_city,18,apf_k_att,4.0,success,0.0
APF,dense_city,19,apf_k_att,4.0,success,0.0
APF,dense_city,20,apf_k_att,4.0,success,0.0
APF,dense_city,21,apf_k_att,4.0,success,0.0
APF,dense_city,22,apf_k_att,4.0,success,0.0
APF,dense_city,23,apf_k_att,4.0,success,0.0
APF,dense_city,24,apf_k_att,4.0,success,0.0
APF,dense_city,25,apf_k_att,4.0,success,0.0
APF,dense_city,26,apf_k_att,4.0,success,0.0
APF,dense_city,27,apf_k_att,4.0,success,0.0
APF,dense_city,28,apf_k_att,4.0,success,0.0
APF,dense_city,29,apf_k_att,4.0,success,0.0
APF,normal_city,0,apf_k_att,0.5,path_length,198.1
APF,normal_city,1,apf_k_att,0.5,path_length,202.3
APF,normal_city,2,apf_k_att,0.5,path_length,200.9
APF,normal_city,3,apf_k_att,0.5,path_length,214.2
APF,normal_city,4,apf_k_att,0.5,path_length,207.9
APF,normal_city,5,apf_k_att,0.5,path_length,200.2
APF,normal_city,6,apf_k_att,0.5,path_length,
APF,normal_city,7,apf_k_att,0.5,path_length,200.2
APF,normal_city,8,apf_k_att,0.5,path_length,213.5
APF,normal_city,9,apf_k_att,0.5,path_length,
APF,normal_city,10,apf_k_att,0.5,path_length,200.9
APF,normal_city,11,apf_k_att,0.5,path_length,
APF,normal_city,12,apf_k_att,0.5,path_length,
APF,normal_city,13,apf_k_att,0.5,path_length,200.9
APF,normal_city,14,apf_k_att,0.5,path_length,196.0
APF,normal_city,15,apf_k_att,0.5,path_length,197.4
APF,normal_city,16,apf_k_att,0.5,path_length,193.9
APF,normal_city,17,apf_k_att,0.5,path_length,
APF,normal_city,18,apf_k_att,0.5,path_length,190.4
APF,normal_city,19,apf_k_att,0.5,path_length,
APF,normal_city,20,apf_k_att,0.5,path_length,197.4
APF,normal_city,21,apf_k_att,0.5,path_length,205.8
APF,normal_city,22,apf_k_att,0.5,path_length,221.9
APF,normal_city,23,apf_k_att,0.5,path_length,
APF,normal_city,24,apf_k_att,0.5,path_length,212.8
APF,normal_city,25,apf_k_att,0.5,path_length,200.9
APF,normal_city,26,apf_k_att,0.5,path_length,202.3
APF,normal_city,27,apf_k_att,0.5,path_length,
APF,normal_city,28,apf_k_att,0.5,path_length,201.6
APF,normal_city,29,apf_k_att,0.5,path_length,198.1
APF,blocked_road,0,apf_k_att,0.5,path_length,
APF,blocked_road,1,apf_k_att,0.5,path_length,
APF,blocked_road,2,apf_k_att,0.5,path_length,
APF,blocked_road,3,apf_k_att,0.5,path_length,
APF,blocked_road,4,apf_k_att,0.5,path_length,
APF,blocked_road,5,apf_k_att,0.5,path_length,
APF,blocked_road,6,apf_k_att,0.5,path_length,
APF,blocked_road,7,apf_k_att,0.5,path_length,223.3
APF,blocked_road,8,apf_k_att,0.5,path_length,
APF,blocked_road,9,apf_k_att,0.5,path_length,
APF,blocked_road,10,apf_k_att,0.5,path_length,
APF,blocked_road,11,apf_k_att,0.5,path_length,
APF,blocked_road,12,apf_k_att,0.5,path_length,
APF,blocked_road,13,apf_k_att,0.5,path_length,267.4
APF,blocked_road,14,apf_k_att,0.5,path_length,
APF,blocked_road,15,apf_k_att,0.5,path_length,
APF,blocked_road,16,apf_k_att,0.5,path_length,
APF,blocked_road,17,apf_k_att,0.5,path_length,
APF,blocked_road,18,apf_k_att,0.5,path_length,252.0
APF,blocked_road,19,apf_k_att,0.5,path_length,
APF,blocked_road,20,apf_k_att,0.5,path_length,
APF,blocked_road,21,apf_k_att,0.5,path_length,
APF,blocked_road,22,apf_k_att,0.5,path_length,
APF,blocked_road,23,apf_k_att,0.5,path_length,
APF,blocked_road,24,apf_k_att,0.5,path_length,
APF,blocked_road,25,apf_k_att,0.5,path_length,
APF,blocked_road,26,apf_k_att,0.5,path_length,
APF,blocked_road,27,apf_k_att,0.5,path_length,
APF,blocked_road,28,apf_k_att,0.5,path_length,
APF,blocked_road,29,apf_k_att,0.5,path_length,
APF,dense_city,0,apf_k_att,0.5,path_length,
APF,dense_city,1,apf_k_att,0.5,path_length,
APF,dense_city,2,apf_k_att,0.5,path_length,
APF,dense_city,3,apf_k_att,0.5,path_length,
APF,dense_city,4,apf_k_att,0.5,path_length,
APF,dense_city,5,apf_k_att,0.5,path_length,
APF,dense_city,6,apf_k_att,0.5,path_length,
APF,dense_city,7,apf_k_att,0.5,path_length,
APF,dense_city,8,apf_k_att,0.5,path_length,233.1
APF,dense_city,9,apf_k_att,0.5,path_length,
APF,dense_city,10,apf_k_att,0.5,path_length,226.1
APF,dense_city,11,apf_k_att,0.5,path_length,
APF,dense_city,12,apf_k_att,0.5,path_length,
APF,dense_city,13,apf_k_att,0.5,path_length,
APF,dense_city,14,apf_k_att,0.5,path_length,
APF,dense_city,15,apf_k_att,0.5,path_length,
APF,dense_city,16,apf_k_att,0.5,path_length,
APF,dense_city,17,apf_k_att,0.5,path_length,
APF,dense_city,18,apf_k_att,0.5,path_length,
APF,dense_city,19,apf_k_att,0.5,path_length,
APF,dense_city,20,apf_k_att,0.5,path_length,224.7
APF,dense_city,21,apf_k_att,0.5,path_length,226.1
APF,dense_city,22,apf_k_att,0.5,path_length,
APF,dense_city,23,apf_k_att,0.5,path_length,
APF,dense_city,24,apf_k_att,0.5,path_length,
APF,dense_city,25,apf_k_att,0.5,path_length,
APF,dense_city,26,apf_k_att,0.5,path_length,
APF,dense_city,27,apf_k_att,0.5,path_length,
APF,dense_city,28,apf_k_att,0.5,path_length,
APF,dense_city,29,apf_k_att,0.5,path_length,
APF,normal_city,0,apf_k_att,1.0,path_length,175.7
APF,normal_city,1,apf_k_att,1.0,path_length,177.1
APF,normal_city,2,apf_k_att,1.0,path_length,175.0
APF,normal_city,3,apf_k_att,1.0,path_length,182.7
APF,normal_city,4,apf_k_att,1.0,path_length,178.5
APF,normal_city,5,apf_k_att,1.0,path_length,177.1
APF,normal_city,6,apf_k_att,1.0,path_length,
APF,normal_city,7,apf_k_att,1.0,path_length,177.8
APF,normal_city,8,apf_k_att,1.0,path_length,183.4
APF,normal_city,9,apf_k_att,1.0,path_length,
APF,normal_city,10,apf_k_att,1.0,path_length,169.4
APF,normal_city,11,apf_k_att,1.0,path_length,184.8
APF,normal_city,12,apf_k_att,1.0,path_length,
APF,normal_city,13,apf_k_att,1.0,path_length,179.2
APF,normal_city,14,apf_k_att,1.0,path_length,172.2
APF,normal_city,15,apf_k_att,1.0,path_length,174.3
APF,normal_city,16,apf_k_att,1.0,path_length,168.7
APF,normal_city,17,apf_k_att,1.0,path_length,
APF,normal_city,18,apf_k_att,1.0,path_length,168.0
APF,normal_city,19,apf_k_att,1.0,path_length,
APF,normal_city,20,apf_k_att,1.0,path_length,171.5
APF,normal_city,21,apf_k_att,1.0,path_length,176.4
APF,normal_city,22,apf_k_att,1.0,path_length,184.8
APF,normal_city,23,apf_k_att,1.0,path_length,
APF,normal_city,24,apf_k_att,1.0,path_length,176.4
APF,normal_city,25,apf_k_att,1.0,path_length,174.3
APF,normal_city,26,apf_k_att,1.0,path_length,170.8
APF,normal_city,27,apf_k_att,1.0,path_length,186.9
APF,normal_city,28,apf_k_att,1.0,path_length,177.8
APF,normal_city,29,apf_k_att,1.0,path_length,170.8
APF,blocked_road,0,apf_k_att,1.0,path_length,
APF,blocked_road,1,apf_k_att,1.0,path_length,
APF,blocked_road,2,apf_k_att,1.0,path_length,
APF,blocked_road,3,apf_k_att,1.0,path_length,
APF,blocked_road,4,apf_k_att,1.0,path_length,
APF,blocked_road,5,apf_k_att,1.0,path_length,
APF,blocked_road,6,apf_k_att,1.0,path_length,
APF,blocked_road,7,apf_k_att,1.0,path_length,182.0
APF,blocked_road,8,apf_k_att,1.0,path_length,
APF,blocked_road,9,apf_k_att,1.0,path_length,
APF,blocked_road,10,apf_k_att,1.0,path_length,
APF,blocked_road,11,apf_k_att,1.0,path_length,
APF,blocked_road,12,apf_k_att,1.0,path_length,
APF,blocked_road,13,apf_k_att,1.0,path_length,187.6
APF,blocked_road,14,apf_k_att,1.0,path_length,
APF,blocked_road,15,apf_k_att,1.0,path_length,
APF,blocked_road,16,apf_k_att,1.0,path_length,
APF,blocked_road,17,apf_k_att,1.0,path_length,
APF,blocked_road,18,apf_k_att,1.0,path_length,200.9
APF,blocked_road,19,apf_k_att,1.0,path_length,
APF,blocked_road,20,apf_k_att,1.0,path_length,
APF,blocked_road,21,apf_k_att,1.0,path_length,
APF,blocked_road,22,apf_k_att,1.0,path_length,
APF,blocked_road,23,apf_k_att,1.0,path_length,
APF,blocked_road,24,apf_k_att,1.0,path_length,
APF,blocked_road,25,apf_k_att,1.0,path_length,177.1
APF,blocked_road,26,apf_k_att,1.0,path_length,
APF,blocked_road,27,apf_k_att,1.0,path_length,
APF,blocked_road,28,apf_k_att,1.0,path_length,
APF,blocked_road,29,apf_k_att,1.0,path_length,
APF,dense_city,0,apf_k_att,1.0,path_length,
APF,dense_city,1,apf_k_att,1.0,path_length,
APF,dense_city,2,apf_k_att,1.0,path_length,
APF,dense_city,3,apf_k_att,1.0,path_length,
APF,dense_city,4,apf_k_att,1.0,path_length,
APF,dense_city,5,apf_k_att,1.0,path_length,
APF,dense_city,6,apf_k_att,1.0,path_length,
APF,dense_city,7,apf_k_att,1.0,path_length,
APF,dense_city,8,apf_k_att,1.0,path_length,
APF,dense_city,9,apf_k_att,1.0,path_length,
APF,dense_city,10,apf_k_att,1.0,path_length,
APF,dense_city,11,apf_k_att,1.0,path_length,
APF,dense_city,12,apf_k_att,1.0,path_length,
APF,dense_city,13,apf_k_att,1.0,path_length,
APF,dense_city,14,apf_k_att,1.0,path_length,
APF,dense_city,15,apf_k_att,1.0,path_length,
APF,dense_city,16,apf_k_att,1.0,path_length,
APF,dense_city,17,apf_k_att,1.0,path_length,
APF,dense_city,18,apf_k_att,1.0,path_length,
APF,dense_city,19,apf_k_att,1.0,path_length,
APF,dense_city,20,apf_k_att,1.0,path_length,
APF,dense_city,21,apf_k_att,1.0,path_length,
APF,dense_city,22,apf_k_att,1.0,path_length,
APF,dense_city,23,apf_k_att,1.0,path_length,
APF,dense_city,24,apf_k_att,1.0,path_length,
APF,dense_city,25,apf_k_att,1.0,path_length,
APF,dense_city,26,apf_k_att,1.0,path_length,
APF,dense_city,27,apf_k_att,1.0,path_length,
APF,dense_city,28,apf_k_att,1.0,path_length,
APF,dense_city,29,apf_k_att,1.0,path_length,
APF,normal_city,0,apf_k_att,2.0,path_length,
APF,normal_city,1,apf_k_att,2.0,path_length,
APF,normal_city,2,apf_k_att,2.0,path_length,
APF,normal_city,3,apf_k_att,2.0,path_length,
APF,normal_city,4,apf_k_att,2.0,path_length,
APF,normal_city,5,apf_k_att,2.0,path_length,
APF,normal_city,6,apf_k_att,2.0,path_length,
APF,normal_city,7,apf_k_att,2.0,path_length,
APF,normal_city,8,apf_k_att,2.0,path_length,
APF,normal_city,9,apf_k_att,2.0,path_length,
APF,normal_city,10,apf_k_att,2.0,path_length,
APF,normal_city,11,apf_k_att,2.0,path_length,
APF,normal_city,12,apf_k_att,2.0,path_length,
APF,normal_city,13,apf_k_att,2.0,path_length,
APF,normal_city,14,apf_k_att,2.0,path_length,
APF,normal_city,15,apf_k_att,2.0,path_length,
APF,normal_city,16,apf_k_att,2.0,path_length,
APF,normal_city,17,apf_k_att,2.0,path_length,
APF,normal_city,18,apf_k_att,2.0,path_length,
APF,normal_city,19,apf_k_att,2.0,path_length,
APF,normal_city,20,apf_k_att,2.0,path_length,
APF,normal_city,21,apf_k_att,2.0,path_length,
APF,normal_city,22,apf_k_att,2.0,path_length,
APF,normal_city,23,apf_k_att,2.0,path_length,
APF,normal_city,24,apf_k_att,2.0,path_length,
APF,normal_city,25,apf_k_att,2.0,path_length,
APF,normal_city,26,apf_k_att,2.0,path_length,
APF,normal_city,27,apf_k_att,2.0,path_length,
APF,normal_city,28,apf_k_att,2.0,path_length,
APF,normal_city,29,apf_k_att,2.0,path_length,
APF,blocked_road,0,apf_k_att,2.0,path_length,
APF,blocked_road,1,apf_k_att,2.0,path_length,
APF,blocked_road,2,apf_k_att,2.0,path_length,
APF,blocked_road,3,apf_k_att,2.0,path_length,
APF,blocked_road,4,apf_k_att,2.0,path_length,
APF,blocked_road,5,apf_k_att,2.0,path_length,
APF,blocked_road,6,apf_k_att,2.0,path_length,
APF,blocked_road,7,apf_k_att,2.0,path_length,
APF,blocked_road,8,apf_k_att,2.0,path_length,
APF,blocked_road,9,apf_k_att,2.0,path_length,
APF,blocked_road,10,apf_k_att,2.0,path_length,
APF,blocked_road,11,apf_k_att,2.0,path_length,
APF,blocked_road,12,apf_k_att,2.0,path_length,
APF,blocked_road,13,apf_k_att,2.0,path_length,
APF,blocked_road,14,apf_k_att,2.0,path_length,
APF,blocked_road,15,apf_k_att,2.0,path_length,
APF,blocked_road,16,apf_k_att,2.0,path_length,
APF,blocked_road,17,apf_k_att,2.0,path_length,
APF,blocked_road,18,apf_k_att,2.0,path_length,
APF,blocked_road,19,apf_k_att,2.0,path_length,
APF,blocked_road,20,apf_k_att,2.0,path_length,
APF,blocked_road,21,apf_k_att,2.0,path_length,
APF,blocked_road,22,apf_k_att,2.0,path_length,
APF,blocked_road,23,apf_k_att,2.0,path_length,
APF,blocked_road,24,apf_k_att,2.0,path_length,
APF,blocked_road,25,apf_k_att,2.0,path_length,
APF,blocked_road,26,apf_k_att,2.0,path_length,
APF,blocked_road,27,apf_k_att,2.0,path_length,
APF,blocked_road,28,apf_k_att,2.0,path_length,
APF,blocked_road,29,apf_k_att,2.0,path_length,
APF,dense_city,0,apf_k_att,2.0,path_length,
APF,dense_city,1,apf_k_att,2.0,path_length,
APF,dense_city,2,apf_k_att,2.0,path_length,
APF,dense_city,3,apf_k_att,2.0,path_length,
APF,dense_city,4,apf_k_att,2.0,path_length,
APF,dense_city,5,apf_k_att,2.0,path_length,
APF,dense_city,6,apf_k_att,2.0,path_length,
APF,dense_city,7,apf_k_att,2.0,path_length,
APF,dense_city,8,apf_k_att,2.0,path_length,
APF,dense_city,9,apf_k_att,2.0,path_length,
APF,dense_city,10,apf_k_att,2.0,path_length,
APF,dense_city,11,apf_k_att,2.0,path_length,
APF,dense_city,12,apf_k_att,2.0,path_length,
APF,dense_city,13,apf_k_att,2.0,path_length,
APF,dense_city,14,apf_k_att,2.0,path_length,
APF,dense_city,15,apf_k_att,2.0,path_length,
APF,dense_city,16,apf_k_att,2.0,path_length,
APF,dense_city,17,apf_k_att,2.0,path_length,
APF,dense_city,18,apf_k_att,2.0,path_length,
APF,dense_city,19,apf_k_att,2.0,path_length,
APF,dense_city,20,apf_k_att,2.0,path_length,
APF,dense_city,21,apf_k_att,2.0,path_length,
APF,dense_city,22,apf_k_att,2.0,path_length,
APF,dense_city,23,apf_k_att,2.0,path_length,
APF,dense_city,24,apf_k_att,2.0,path_length,
APF,dense_city,25,apf_k_att,2.0,path_length,
APF,dense_city,26,apf_k_att,2.0,path_length,
APF,dense_city,27,apf_k_att,2.0,path_length,
APF,dense_city,28,apf_k_att,2.0,path_length,
APF,dense_city,29,apf_k_att,2.0,path_length,
APF,normal_city,0,apf_k_att,4.0,path_length,
APF,normal_city,1,apf_k_att,4.0,path_length,
APF,normal_city,2,apf_k_att,4.0,path_length,
APF,normal_city,3,apf_k_att,4.0,path_length,
APF,normal_city,4,apf_k_att,4.0,path_length,
APF,normal_city,5,apf_k_att,4.0,path_length,
APF,normal_city,6,apf_k_att,4.0,path_length,
APF,normal_city,7,apf_k_att,4.0,path_length,
APF,normal_city,8,apf_k_att,4.0,path_length,
APF,normal_city,9,apf_k_att,4.0,path_length,
APF,normal_city,10,apf_k_att,4.0,path_length,
APF,normal_city,11,apf_k_att,4.0,path_length,
APF,normal_city,12,apf_k_att,4.0,path_length,
APF,normal_city,13,apf_k_att,4.0,path_length,
APF,normal_city,14,apf_k_att,4.0,path_length,
APF,normal_city,15,apf_k_att,4.0,path_length,
APF,normal_city,16,apf_k_att,4.0,path_length,
APF,normal_city,17,apf_k_att,4.0,path_length,
APF,normal_city,18,apf_k_att,4.0,path_length,
APF,normal_city,19,apf_k_att,4.0,path_length,
APF,normal_city,20,apf_k_att,4.0,path_length,
APF,normal_city,21,apf_k_att,4.0,path_length,
APF,normal_city,22,apf_k_att,4.0,path_length,
APF,normal_city,23,apf_k_att,4.0,path_length,
APF,normal_city,24,apf_k_att,4.0,path_length,
APF,normal_city,25,apf_k_att,4.0,path_length,
APF,normal_city,26,apf_k_att,4.0,path_length,
APF,normal_city,27,apf_k_att,4.0,path_length,
APF,normal_city,28,apf_k_att,4.0,path_length,
APF,normal_city,29,apf_k_att,4.0,path_length,
APF,blocked_road,0,apf_k_att,4.0,path_length,
APF,blocked_road,1,apf_k_att,4.0,path_length,
APF,blocked_road,2,apf_k_att,4.0,path_length,
APF,blocked_road,3,apf_k_att,4.0,path_length,
APF,blocked_road,4,apf_k_att,4.0,path_length,
APF,blocked_road,5,apf_k_att,4.0,path_length,
APF,blocked_road,6,apf_k_att,4.0,path_length,
APF,blocked_road,7,apf_k_att,4.0,path_length,
APF,blocked_road,8,apf_k_att,4.0,path_length,
APF,blocked_road,9,apf_k_att,4.0,path_length,
APF,blocked_road,10,apf_k_att,4.0,path_length,
APF,blocked_road,11,apf_k_att,4.0,path_length,
APF,blocked_road,12,apf_k_att,4.0,path_length,
APF,blocked_road,13,apf_k_att,4.0,path_length,
APF,blocked_road,14,apf_k_att,4.0,path_length,
APF,blocked_road,15,apf_k_att,4.0,path_length,
APF,blocked_road,16,apf_k_att,4.0,path_length,
APF,blocked_road,17,apf_k_att,4.0,path_length,
APF,blocked_road,18,apf_k_att,4.0,path_length,
APF,blocked_road,19,apf_k_att,4.0,path_length,
APF,blocked_road,20,apf_k_att,4.0,path_length,
APF,blocked_road,21,apf_k_att,4.0,path_length,
APF,blocked_road,22,apf_k_att,4.0,path_length,
APF,blocked_road,23,apf_k_att,4.0,path_length,
APF,blocked_road,24,apf_k_att,4.0,path_length,
APF,blocked_road,25,apf_k_att,4.0,path_length,
APF,blocked_road,26,apf_k_att,4.0,path_length,
APF,blocked_road,27,apf_k_att,4.0,path_length,
APF,blocked_road,28,apf_k_att,4.0,path_length,
APF,blocked_road,29,apf_k_att,4.0,path_length,
APF,dense_city,0,apf_k_att,4.0,path_length,
APF,dense_city,1,apf_k_att,4.0,path_length,
APF,dense_city,2,apf_k_att,4.0,path_length,
APF,dense_city,3,apf_k_att,4.0,path_length,
APF,dense_city,4,apf_k_att,4.0,path_length,
APF,dense_city,5,apf_k_att,4.0,path_length,
APF,dense_city,6,apf_k_att,4.0,path_length,
APF,dense_city,7,apf_k_att,4.0,path_length,
APF,dense_city,8,apf_k_att,4.0,path_length,
APF,dense_city,9,apf_k_att,4.0,path_length,
APF,dense_city,10,apf_k_att,4.0,path_length,
APF,dense_city,11,apf_k_att,4.0,path_length,
APF,dense_city,12,apf_k_att,4.0,path_length,
APF,dense_city,13,apf_k_att,4.0,path_length,
APF,dense_city,14,apf_k_att,4.0,path_length,
APF,dense_city,15,apf_k_att,4.0,path_length,
APF,dense_city,16,apf_k_att,4.0,path_length,
APF,dense_city,17,apf_k_att,4.0,path_length,
APF,dense_city,18,apf_k_att,4.0,path_length,
APF,dense_city,19,apf_k_att,4.0,path_length,
APF,dense_city,20,apf_k_att,4.0,path_length,
APF,dense_city,21,apf_k_att,4.0,path_length,
APF,dense_city,22,apf_k_att,4.0,path_length,
APF,dense_city,23,apf_k_att,4.0,path_length,
APF,dense_city,24,apf_k_att,4.0,path_length,
APF,dense_city,25,apf_k_att,4.0,path_length,
APF,dense_city,26,apf_k_att,4.0,path_length,
APF,dense_city,27,apf_k_att,4.0,path_length,
APF,dense_city,28,apf_k_att,4.0,path_length,
APF,dense_city,29,apf_k_att,4.0,path_length,
APF,normal_city,0,apf_k_att,0.5,length_ratio,1.3952
APF,normal_city,1,apf_k_att,0.5,length_ratio,1.4367
APF,normal_city,2,apf_k_att,0.5,length_ratio,1.4267
APF,normal_city,3,apf_k_att,0.5,length_ratio,1.4902
APF,normal_city,4,apf_k_att,0.5,length_ratio,1.4582
APF,normal_city,5,apf_k_att,0.5,length_ratio,1.4218
APF,normal_city,6,apf_k_att,0.5,length_ratio,
APF,normal_city,7,apf_k_att,0.5,length_ratio,1.4218
APF,normal_city,8,apf_k_att,0.5,length_ratio,1.4975
APF,normal_city,9,apf_k_att,0.5,length_ratio,
APF,normal_city,10,apf_k_att,0.5,length_ratio,1.4034
APF,normal_city,11,apf_k_att,0.5,length_ratio,
APF,normal_city,12,apf_k_att,0.5,length_ratio,
APF,normal_city,13,apf_k_att,0.5,length_ratio,1.4034
APF,normal_city,14,apf_k_att,0.5,length_ratio,1.3804
APF,normal_city,15,apf_k_att,0.5,length_ratio,1.3846
APF,normal_city,16,apf_k_att,0.5,length_ratio,1.3713
APF,normal_city,17,apf_k_att,0.5,length_ratio,
APF,normal_city,18,apf_k_att,0.5,length_ratio,1.3635
APF,normal_city,19,apf_k_att,0.5,length_ratio,
APF,normal_city,20,apf_k_att,0.5,length_ratio,1.3846
APF,normal_city,21,apf_k_att,0.5,length_ratio,1.4435
APF,normal_city,22,apf_k_att,0.5,length_ratio,1.5564
APF,normal_city,23,apf_k_att,0.5,length_ratio,
APF,normal_city,24,apf_k_att,0.5,length_ratio,1.4926
APF,normal_city,25,apf_k_att,0.5,length_ratio,1.4091
APF,normal_city,26,apf_k_att,0.5,length_ratio,1.4248
APF,normal_city,27,apf_k_att,0.5,length_ratio,
APF,normal_city,28,apf_k_att,0.5,length_ratio,1.4317
APF,normal_city,29,apf_k_att,0.5,length_ratio,1.3895
APF,blocked_road,0,apf_k_att,0.5,length_ratio,
APF,blocked_road,1,apf_k_att,0.5,length_ratio,
APF,blocked_road,2,apf_k_att,0.5,length_ratio,
APF,blocked_road,3,apf_k_att,0.5,length_ratio,
APF,blocked_road,4,apf_k_att,0.5,length_ratio,
APF,blocked_road,5,apf_k_att,0.5,length_ratio,
APF,blocked_road,6,apf_k_att,0.5,length_ratio,
APF,blocked_road,7,apf_k_att,0.5,length_ratio,1.5104
APF,blocked_road,8,apf_k_att,0.5,length_ratio,
APF,blocked_road,9,apf_k_att,0.5,length_ratio,
APF,blocked_road,10,apf_k_att,0.5,length_ratio,
APF,blocked_road,11,apf_k_att,0.5,length_ratio,
APF,blocked_road,12,apf_k_att,0.5,length_ratio,
APF,blocked_road,13,apf_k_att,0.5,length_ratio,1.8087
APF,blocked_road,14,apf_k_att,0.5,length_ratio,
APF,blocked_road,15,apf_k_att,0.5,length_ratio,
APF,blocked_road,16,apf_k_att,0.5,length_ratio,
APF,blocked_road,17,apf_k_att,0.5,length_ratio,
APF,blocked_road,18,apf_k_att,0.5,length_ratio,1.7182
APF,blocked_road,19,apf_k_att,0.5,length_ratio,
APF,blocked_road,20,apf_k_att,0.5,length_ratio,
APF,blocked_road,21,apf_k_att,0.5,length_ratio,
APF,blocked_road,22,apf_k_att,0.5,length_ratio,
APF,blocked_road,23,apf_k_att,0.5,length_ratio,
APF,blocked_road,24,apf_k_att,0.5,length_ratio,
APF,blocked_road,25,apf_k_att,0.5,length_ratio,
APF,blocked_road,26,apf_k_att,0.5,length_ratio,
APF,blocked_road,27,apf_k_att,0.5,length_ratio,
APF,blocked_road,28,apf_k_att,0.5,length_ratio,
APF,blocked_road,29,apf_k_att,0.5,length_ratio,
APF,dense_city,0,apf_k_att,0.5,length_ratio,
APF,dense_city,1,apf_k_att,0.5,length_ratio,
APF,dense_city,2,apf_k_att,0.5,length_ratio,
APF,dense_city,3,apf_k_att,0.5,length_ratio,
APF,dense_city,4,apf_k_att,0.5,length_ratio,
APF,dense_city,5,apf_k_att,0.5,length_ratio,
APF,dense_city,6,apf_k_att,0.5,length_ratio,
APF,dense_city,7,apf_k_att,0.5,length_ratio,
APF,dense_city,8,apf_k_att,0.5,length_ratio,1.5893
APF,dense_city,9,apf_k_att,0.5,length_ratio,
APF,dense_city,10,apf_k_att,0.5,length_ratio,1.554
APF,dense_city,11,apf_k_att,0.5,length_ratio,
APF,dense_city,12,apf_k_att,0.5,length_ratio,
APF,dense_city,13,apf_k_att,0.5,length_ratio,
APF,dense_city,14,apf_k_att,0.5,length_ratio,
APF,dense_city,15,apf_k_att,0.5,length_ratio,
APF,dense_city,16,apf_k_att,0.5,length_ratio,
APF,dense_city,17,apf_k_att,0.5,length_ratio,
APF,dense_city,18,apf_k_att,0.5,length_ratio,
APF,dense_city,19,apf_k_att,0.5,length_ratio,
APF,dense_city,20,apf_k_att,0.5,length_ratio,1.5444
APF,dense_city,21,apf_k_att,0.5,length_ratio,1.5354
APF,dense_city,22,apf_k_att,0.5,length_ratio,
APF,dense_city,23,apf_k_att,0.5,length_ratio,
APF,dense_city,24,apf_k_att,0.5,length_ratio,
APF,dense_city,25,apf_k_att,0.5,length_ratio,
APF,dense_city,26,apf_k_att,0.5,length_ratio,
APF,dense_city,27,apf_k_att,0.5,length_ratio,
APF,dense_city,28,apf_k_att,0.5,length_ratio,
APF,dense_city,29,apf_k_att,0.5,length_ratio,
APF,normal_city,0,apf_k_att,1.0,length_ratio,1.2375
APF,normal_city,1,apf_k_att,1.0,length_ratio,1.2577
APF,normal_city,2,apf_k_att,1.0,length_ratio,1.2428
APF,normal_city,3,apf_k_att,1.0,length_ratio,1.271
APF,normal_city,4,apf_k_att,1.0,length_ratio,1.252
APF,normal_city,5,apf_k_att,1.0,length_ratio,1.2577
APF,normal_city,6,apf_k_att,1.0,length_ratio,
APF,normal_city,7,apf_k_att,1.0,length_ratio,1.2627
APF,normal_city,8,apf_k_att,1.0,length_ratio,1.2864
APF,normal_city,9,apf_k_att,1.0,length_ratio,
APF,normal_city,10,apf_k_att,1.0,length_ratio,1.1833
APF,normal_city,11,apf_k_att,1.0,length_ratio,1.3016
APF,normal_city,12,apf_k_att,1.0,length_ratio,
APF,normal_city,13,apf_k_att,1.0,length_ratio,1.2518
APF,normal_city,14,apf_k_att,1.0,length_ratio,1.2128
APF,normal_city,15,apf_k_att,1.0,length_ratio,1.2226
APF,normal_city,16,apf_k_att,1.0,length_ratio,1.1931
APF,normal_city,17,apf_k_att,1.0,length_ratio,
APF,normal_city,18,apf_k_att,1.0,length_ratio,1.2031
APF,normal_city,19,apf_k_att,1.0,length_ratio,
APF,normal_city,20,apf_k_att,1.0,length_ratio,1.2029
APF,normal_city,21,apf_k_att,1.0,length_ratio,1.2373
APF,normal_city,22,apf_k_att,1.0,length_ratio,1.2962
APF,normal_city,23,apf_k_att,1.0,length_ratio,
APF,normal_city,24,apf_k_att,1.0,length_ratio,1.2373
APF,normal_city,25,apf_k_att,1.0,length_ratio,1.2226
APF,normal_city,26,apf_k_att,1.0,length_ratio,1.203
APF,normal_city,27,apf_k_att,1.0,length_ratio,1.3056
APF,normal_city,28,apf_k_att,1.0,length_ratio,1.2627
APF,normal_city,29,apf_k_att,1.0,length_ratio,1.198
APF,blocked_road,0,apf_k_att,1.0,length_ratio,
APF,blocked_road,1,apf_k_att,1.0,length_ratio,
APF,blocked_road,2,apf_k_att,1.0,length_ratio,
APF,blocked_road,3,apf_k_att,1.0,length_ratio,
APF,blocked_road,4,apf_k_att,1.0,length_ratio,
APF,blocked_road,5,apf_k_att,1.0,length_ratio,
APF,blocked_road,6,apf_k_att,1.0,length_ratio,
APF,blocked_road,7,apf_k_att,1.0,length_ratio,1.2311
APF,blocked_road,8,apf_k_att,1.0,length_ratio,
APF,blocked_road,9,apf_k_att,1.0,length_ratio,
APF,blocked_road,10,apf_k_att,1.0,length_ratio,
APF,blocked_road,11,apf_k_att,1.0,length_ratio,
APF,blocked_road,12,apf_k_att,1.0,length_ratio,
APF,blocked_road,13,apf_k_att,1.0,length_ratio,1.2689
APF,blocked_road,14,apf_k_att,1.0,length_ratio,
APF,blocked_road,15,apf_k_att,1.0,length_ratio,
APF,blocked_road,16,apf_k_att,1.0,length_ratio,
APF,blocked_road,17,apf_k_att,1.0,length_ratio,
APF,blocked_road,18,apf_k_att,1.0,length_ratio,1.3698
APF,blocked_road,19,apf_k_att,1.0,length_ratio,
APF,blocked_road,20,apf_k_att,1.0,length_ratio,
APF,blocked_road,21,apf_k_att,1.0,length_ratio,
APF,blocked_road,22,apf_k_att,1.0,length_ratio,
APF,blocked_road,23,apf_k_att,1.0,length_ratio,
APF,blocked_road,24,apf_k_att,1.0,length_ratio,
APF,blocked_road,25,apf_k_att,1.0,length_ratio,1.1838
APF,blocked_road,26,apf_k_att,1.0,length_ratio,
APF,blocked_road,27,apf_k_att,1.0,length_ratio,
APF,blocked_road,28,apf_k_att,1.0,length_ratio,
APF,blocked_road,29,apf_k_att,1.0,length_ratio,
APF,dense_city,0,apf_k_att,1.0,length_ratio,
APF,dense_city,1,apf_k_att,1.0,length_ratio,
APF,dense_city,2,apf_k_att,1.0,length_ratio,
APF,dense_city,3,apf_k_att,1.0,length_ratio,
APF,dense_city,4,apf_k_att,1.0,length_ratio,
APF,dense_city,5,apf_k_att,1.0,length_ratio,
APF,dense_city,6,apf_k_att,1.0,length_ratio,
APF,dense_city,7,apf_k_att,1.0,length_ratio,
APF,dense_city,8,apf_k_att,1.0,length_ratio,
APF,dense_city,9,apf_k_att,1.0,length_ratio,
APF,dense_city,10,apf_k_att,1.0,length_ratio,
APF,dense_city,11,apf_k_att,1.0,length_ratio,
APF,dense_city,12,apf_k_att,1.0,length_ratio,
APF,dense_city,13,apf_k_att,1.0,length_ratio,
APF,dense_city,14,apf_k_att,1.0,length_ratio,
APF,dense_city,15,apf_k_att,1.0,length_ratio,
APF,dense_city,16,apf_k_att,1.0,length_ratio,
APF,dense_city,17,apf_k_att,1.0,length_ratio,
APF,dense_city,18,apf_k_att,1.0,length_ratio,
APF,dense_city,19,apf_k_att,1.0,length_ratio,
APF,dense_city,20,apf_k_att,1.0,length_ratio,
APF,dense_city,21,apf_k_att,1.0,length_ratio,
APF,dense_city,22,apf_k_att,1.0,length_ratio,
APF,dense_city,23,apf_k_att,1.0,length_ratio,
APF,dense_city,24,apf_k_att,1.0,length_ratio,
APF,dense_city,25,apf_k_att,1.0,length_ratio,
APF,dense_city,26,apf_k_att,1.0,length_ratio,
APF,dense_city,27,apf_k_att,1.0,length_ratio,
APF,dense_city,28,apf_k_att,1.0,length_ratio,
APF,dense_city,29,apf_k_att,1.0,length_ratio,
APF,normal_city,0,apf_k_att,2.0,length_ratio,
APF,normal_city,1,apf_k_att,2.0,length_ratio,
APF,normal_city,2,apf_k_att,2.0,length_ratio,
APF,normal_city,3,apf_k_att,2.0,length_ratio,
APF,normal_city,4,apf_k_att,2.0,length_ratio,
APF,normal_city,5,apf_k_att,2.0,length_ratio,
APF,normal_city,6,apf_k_att,2.0,length_ratio,
APF,normal_city,7,apf_k_att,2.0,length_ratio,
APF,normal_city,8,apf_k_att,2.0,length_ratio,
APF,normal_city,9,apf_k_att,2.0,length_ratio,
APF,normal_city,10,apf_k_att,2.0,length_ratio,
APF,normal_city,11,apf_k_att,2.0,length_ratio,
APF,normal_city,12,apf_k_att,2.0,length_ratio,
APF,normal_city,13,apf_k_att,2.0,length_ratio,
APF,normal_city,14,apf_k_att,2.0,length_ratio,
APF,normal_city,15,apf_k_att,2.0,length_ratio,
APF,normal_city,16,apf_k_att,2.0,length_ratio,
APF,normal_city,17,apf_k_att,2.0,length_ratio,
APF,normal_city,18,apf_k_att,2.0,length_ratio,
APF,normal_city,19,apf_k_att,2.0,length_ratio,
APF,normal_city,20,apf_k_att,2.0,length_ratio,
APF,normal_city,21,apf_k_att,2.0,length_ratio,
APF,normal_city,22,apf_k_att,2.0,length_ratio,
APF,normal_city,23,apf_k_att,2.0,length_ratio,
APF,normal_city,24,apf_k_att,2.0,length_ratio,
APF,normal_city,25,apf_k_att,2.0,length_ratio,
APF,normal_city,26,apf_k_att,2.0,length_ratio,
APF,normal_city,27,apf_k_att,2.0,length_ratio,
APF,normal_city,28,apf_k_att,2.0,length_ratio,
APF,normal_city,29,apf_k_att,2.0,length_ratio,
APF,blocked_road,0,apf_k_att,2.0,length_ratio,
APF,blocked_road,1,apf_k_att,2.0,length_ratio,
APF,blocked_road,2,apf_k_att,2.0,length_ratio,
APF,blocked_road,3,apf_k_att,2.0,length_ratio,
APF,blocked_road,4,apf_k_att,2.0,length_ratio,
APF,blocked_road,5,apf_k_att,2.0,length_ratio,
APF,blocked_road,6,apf_k_att,2.0,length_ratio,
APF,blocked_road,7,apf_k_att,2.0,length_ratio,
APF,blocked_road,8,apf_k_att,2.0,length_ratio,
APF,blocked_road,9,apf_k_att,2.0,length_ratio,
APF,blocked_road,10,apf_k_att,2.0,length_ratio,
APF,blocked_road,11,apf_k_att,2.0,length_ratio,
APF,blocked_road,12,apf_k_att,2.0,length_ratio,
APF,blocked_road,13,apf_k_att,2.0,length_ratio,
APF,blocked_road,14,apf_k_att,2.0,length_ratio,
APF,blocked_road,15,apf_k_att,2.0,length_ratio,
APF,blocked_road,16,apf_k_att,2.0,length_ratio,
APF,blocked_road,17,apf_k_att,2.0,length_ratio,
APF,blocked_road,18,apf_k_att,2.0,length_ratio,
APF,blocked_road,19,apf_k_att,2.0,length_ratio,
APF,blocked_road,20,apf_k_att,2.0,length_ratio,
APF,blocked_road,21,apf_k_att,2.0,length_ratio,
APF,blocked_road,22,apf_k_att,2.0,length_ratio,
APF,blocked_road,23,apf_k_att,2.0,length_ratio,
APF,blocked_road,24,apf_k_att,2.0,length_ratio,
APF,blocked_road,25,apf_k_att,2.0,length_ratio,
APF,blocked_road,26,apf_k_att,2.0,length_ratio,
APF,blocked_road,27,apf_k_att,2.0,length_ratio,
APF,blocked_road,28,apf_k_att,2.0,length_ratio,
APF,blocked_road,29,apf_k_att,2.0,length_ratio,
APF,dense_city,0,apf_k_att,2.0,length_ratio,
APF,dense_city,1,apf_k_att,2.0,length_ratio,
APF,dense_city,2,apf_k_att,2.0,length_ratio,
APF,dense_city,3,apf_k_att,2.0,length_ratio,
APF,dense_city,4,apf_k_att,2.0,length_ratio,
APF,dense_city,5,apf_k_att,2.0,length_ratio,
APF,dense_city,6,apf_k_att,2.0,length_ratio,
APF,dense_city,7,apf_k_att,2.0,length_ratio,
APF,dense_city,8,apf_k_att,2.0,length_ratio,
APF,dense_city,9,apf_k_att,2.0,length_ratio,
APF,dense_city,10,apf_k_att,2.0,length_ratio,
APF,dense_city,11,apf_k_att,2.0,length_ratio,
APF,dense_city,12,apf_k_att,2.0,length_ratio,
APF,dense_city,13,apf_k_att,2.0,length_ratio,
APF,dense_city,14,apf_k_att,2.0,length_ratio,
APF,dense_city,15,apf_k_att,2.0,length_ratio,
APF,dense_city,16,apf_k_att,2.0,length_ratio,
APF,dense_city,17,apf_k_att,2.0,length_ratio,
APF,dense_city,18,apf_k_att,2.0,length_ratio,
APF,dense_city,19,apf_k_att,2.0,length_ratio,
APF,dense_city,20,apf_k_att,2.0,length_ratio,
APF,dense_city,21,apf_k_att,2.0,length_ratio,
APF,dense_city,22,apf_k_att,2.0,length_ratio,
APF,dense_city,23,apf_k_att,2.0,length_ratio,
APF,dense_city,24,apf_k_att,2.0,length_ratio,
APF,dense_city,25,apf_k_att,2.0,length_ratio,
APF,dense_city,26,apf_k_att,2.0,length_ratio,
APF,dense_city,27,apf_k_att,2.0,length_ratio,
APF,dense_city,28,apf_k_att,2.0,length_ratio,
APF,dense_city,29,apf_k_att,2.0,length_ratio,
APF,normal_city,0,apf_k_att,4.0,length_ratio,
APF,normal_city,1,apf_k_att,4.0,length_ratio,
APF,normal_city,2,apf_k_att,4.0,length_ratio,
APF,normal_city,3,apf_k_att,4.0,length_ratio,
APF,normal_city,4,apf_k_att,4.0,length_ratio,
APF,normal_city,5,apf_k_att,4.0,length_ratio,
APF,normal_city,6,apf_k_att,4.0,length_ratio,
APF,normal_city,7,apf_k_att,4.0,length_ratio,
APF,normal_city,8,apf_k_att,4.0,length_ratio,
APF,normal_city,9,apf_k_att,4.0,length_ratio,
APF,normal_city,10,apf_k_att,4.0,length_ratio,
APF,normal_city,11,apf_k_att,4.0,length_ratio,
APF,normal_city,12,apf_k_att,4.0,length_ratio,
APF,normal_city,13,apf_k_att,4.0,length_ratio,
APF,normal_city,14,apf_k_att,4.0,length_ratio,
APF,normal_city,15,apf_k_att,4.0,length_ratio,
APF,normal_city,16,apf_k_att,4.0,length_ratio,
APF,normal_city,17,apf_k_att,4.0,length_ratio,
APF,normal_city,18,apf_k_att,4.0,length_ratio,
APF,normal_city,19,apf_k_att,4.0,length_ratio,
APF,normal_city,20,apf_k_att,4.0,length_ratio,
APF,normal_city,21,apf_k_att,4.0,length_ratio,
APF,normal_city,22,apf_k_att,4.0,length_ratio,
APF,normal_city,23,apf_k_att,4.0,length_ratio,
APF,normal_city,24,apf_k_att,4.0,length_ratio,
APF,normal_city,25,apf_k_att,4.0,length_ratio,
APF,normal_city,26,apf_k_att,4.0,length_ratio,
APF,normal_city,27,apf_k_att,4.0,length_ratio,
APF,normal_city,28,apf_k_att,4.0,length_ratio,
APF,normal_city,29,apf_k_att,4.0,length_ratio,
APF,blocked_road,0,apf_k_att,4.0,length_ratio,
APF,blocked_road,1,apf_k_att,4.0,length_ratio,
APF,blocked_road,2,apf_k_att,4.0,length_ratio,
APF,blocked_road,3,apf_k_att,4.0,length_ratio,
APF,blocked_road,4,apf_k_att,4.0,length_ratio,
APF,blocked_road,5,apf_k_att,4.0,length_ratio,
APF,blocked_road,6,apf_k_att,4.0,length_ratio,
APF,blocked_road,7,apf_k_att,4.0,length_ratio,
APF,blocked_road,8,apf_k_att,4.0,length_ratio,
APF,blocked_road,9,apf_k_att,4.0,length_ratio,
APF,blocked_road,10,apf_k_att,4.0,length_ratio,
APF,blocked_road,11,apf_k_att,4.0,length_ratio,
APF,blocked_road,12,apf_k_att,4.0,length_ratio,
APF,blocked_road,13,apf_k_att,4.0,length_ratio,
APF,blocked_road,14,apf_k_att,4.0,length_ratio,
APF,blocked_road,15,apf_k_att,4.0,length_ratio,
APF,blocked_road,16,apf_k_att,4.0,length_ratio,
APF,blocked_road,17,apf_k_att,4.0,length_ratio,
APF,blocked_road,18,apf_k_att,4.0,length_ratio,
APF,blocked_road,19,apf_k_att,4.0,length_ratio,
APF,blocked_road,20,apf_k_att,4.0,length_ratio,
APF,blocked_road,21,apf_k_att,4.0,length_ratio,
APF,blocked_road,22,apf_k_att,4.0,length_ratio,
APF,blocked_road,23,apf_k_att,4.0,length_ratio,
APF,blocked_road,24,apf_k_att,4.0,length_ratio,
APF,blocked_road,25,apf_k_att,4.0,length_ratio,
APF,blocked_road,26,apf_k_att,4.0,length_ratio,
APF,blocked_road,27,apf_k_att,4.0,length_ratio,
APF,blocked_road,28,apf_k_att,4.0,length_ratio,
APF,blocked_road,29,apf_k_att,4.0,length_ratio,
APF,dense_city,0,apf_k_att,4.0,length_ratio,
APF,dense_city,1,apf_k_att,4.0,length_ratio,
APF,dense_city,2,apf_k_att,4.0,length_ratio,
APF,dense_city,3,apf_k_att,4.0,length_ratio,
APF,dense_city,4,apf_k_att,4.0,length_ratio,
APF,dense_city,5,apf_k_att,4.0,length_ratio,
APF,dense_city,6,apf_k_att,4.0,length_ratio,
APF,dense_city,7,apf_k_att,4.0,length_ratio,
APF,dense_city,8,apf_k_att,4.0,length_ratio,
APF,dense_city,9,apf_k_att,4.0,length_ratio,
APF,dense_city,10,apf_k_att,4.0,length_ratio,
APF,dense_city,11,apf_k_att,4.0,length_ratio,
APF,dense_city,12,apf_k_att,4.0,length_ratio,
APF,dense_city,13,apf_k_att,4.0,length_ratio,
APF,dense_city,14,apf_k_att,4.0,length_ratio,
APF,dense_city,15,apf_k_att,4.0,length_ratio,
APF,dense_city,16,apf_k_att,4.0,length_ratio,
APF,dense_city,17,apf_k_att,4.0,length_ratio,
APF,dense_city,18,apf_k_att,4.0,length_ratio,
APF,dense_city,19,apf_k_att,4.0,length_ratio,
APF,dense_city,20,apf_k_att,4.0,length_ratio,
APF,dense_city,21,apf_k_att,4.0,length_ratio,
APF,dense_city,22,apf_k_att,4.0,length_ratio,
APF,dense_city,23,apf_k_att,4.0,length_ratio,
APF,dense_city,24,apf_k_att,4.0,length_ratio,
APF,dense_city,25,apf_k_att,4.0,length_ratio,
APF,dense_city,26,apf_k_att,4.0,length_ratio,
APF,dense_city,27,apf_k_att,4.0,length_ratio,
APF,dense_city,28,apf_k_att,4.0,length_ratio,
APF,dense_city,29,apf_k_att,4.0,length_ratio,
APF,normal_city,0,apf_k_att,0.5,curvature,1.512
APF,normal_city,1,apf_k_att,0.5,curvature,1.5945
APF,normal_city,2,apf_k_att,0.5,curvature,1.5619
APF,normal_city,3,apf_k_att,0.5,curvature,1.7183
APF,normal_city,4,apf_k_att,0.5,curvature,1.6625
APF,normal_city,5,apf_k_att,0.5,curvature,1.5537
APF,normal_city,6,apf_k_att,0.5,curvature,
APF,normal_city,7,apf_k_att,0.5,curvature,1.54
APF,normal_city,8,apf_k_att,0.5,curvature,1.7192
APF,normal_city,9,apf_k_att,0.5,curvature,
APF,normal_city,10,apf_k_att,0.5,curvature,1.6045
APF,normal_city,11,apf_k_att,0.5,curvature,
APF,normal_city,12,apf_k_att,0.5,curvature,
APF,normal_city,13,apf_k_att,0.5,curvature,1.5126
APF,normal_city,14,apf_k_att,0.5,curvature,1.4955
APF,normal_city,15,apf_k_att,0.5,curvature,1.5099
APF,normal_city,16,apf_k_att,0.5,curvature,1.5039
APF,normal_city,17,apf_k_att,0.5,curvature,
APF,normal_city,18,apf_k_att,0.5,curvature,1.433
APF,normal_city,19,apf_k_att,0.5,curvature,
APF,normal_city,20,apf_k_att,0.5,curvature,1.5542
APF,normal_city,21,apf_k_att,0.5,curvature,1.6498
APF,normal_city,22,apf_k_att,0.5,curvature,1.8103
APF,normal_city,23,apf_k_att,0.5,curvature,
APF,normal_city,24,apf_k_att,0.5,curvature,1.7446
APF,normal_city,25,apf_k_att,0.5,curvature,1.5784
APF,normal_city,26,apf_k_att,0.5,curvature,1.6129
APF,normal_city,27,apf_k_att,0.5,curvature,
APF,normal_city,28,apf_k_att,0.5,curvature,1.5529
APF,normal_city,29,apf_k_att,0.5,curvature,1.5317
APF,blocked_road,0,apf_k_att,0.5,curvature,
APF,blocked_road,1,apf_k_att,0.5,curvature,
APF,blocked_road,2,apf_k_att,0.5,curvature,
APF,blocked_road,3,apf_k_att,0.5,curvature,
APF,blocked_road,4,apf_k_att,0.5,curvature,
APF,blocked_road,5,apf_k_att,0.5,curvature,
APF,blocked_road,6,apf_k_att,0.5,curvature,
APF,blocked_road,7,apf_k_att,0.5,curvature,1.8067
APF,blocked_road,8,apf_k_att,0.5,curvature,
APF,blocked_road,9,apf_k_att,0.5,curvature,
APF,blocked_road,10,apf_k_att,0.5,curvature,
APF,blocked_road,11,apf_k_att,0.5,curvature,
APF,blocked_road,12,apf_k_att,0.5,curvature,
APF,blocked_road,13,apf_k_att,0.5,curvature,2.2527
APF,blocked_road,14,apf_k_att,0.5,curvature,
APF,blocked_road,15,apf_k_att,0.5,curvature,
APF,blocked_road,16,apf_k_att,0.5,curvature,
APF,blocked_road,17,apf_k_att,0.5,curvature,
APF,blocked_road,18,apf_k_att,0.5,curvature,2.1117
APF,blocked_road,19,apf_k_att,0.5,curvature,
APF,blocked_road,20,apf_k_att,0.5,curvature,
APF,blocked_road,21,apf_k_att,0.5,curvature,
APF,blocked_road,22,apf_k_att,0.5,curvature,
APF,blocked_road,23,apf_k_att,0.5,curvature,
APF,blocked_road,24,apf_k_att,0.5,curvature,
APF,blocked_road,25,apf_k_att,0.5,curvature,
APF,blocked_road,26,apf_k_att,0.5,curvature,
APF,blocked_road,27,apf_k_att,0.5,curvature,
APF,blocked_road,28,apf_k_att,0.5,curvature,
APF,blocked_road,29,apf_k_att,0.5,curvature,
APF,dense_city,0,apf_k_att,0.5,curvature,
APF,dense_city,1,apf_k_att,0.5,curvature,
APF,dense_city,2,apf_k_att,0.5,curvature,
APF,dense_city,3,apf_k_att,0.5,curvature,
APF,dense_city,4,apf_k_att,0.5,curvature,
APF,dense_city,5,apf_k_att,0.5,curvature,
APF,dense_city,6,apf_k_att,0.5,curvature,
APF,dense_city,7,apf_k_att,0.5,curvature,
APF,dense_city,8,apf_k_att,0.5,curvature,1.8953
APF,dense_city,9,apf_k_att,0.5,curvature,
APF,dense_city,10,apf_k_att,0.5,curvature,1.8111
APF,dense_city,11,apf_k_att,0.5,curvature,
APF,dense_city,12,apf_k_att,0.5,curvature,
APF,dense_city,13,apf_k_att,0.5,curvature,
APF,dense_city,14,apf_k_att,0.5,curvature,
APF,dense_city,15,apf_k_att,0.5,curvature,
APF,dense_city,16,apf_k_att,0.5,curvature,
APF,dense_city,17,apf_k_att,0.5,curvature,
APF,dense_city,18,apf_k_att,0.5,curvature,
APF,dense_city,19,apf_k_att,0.5,curvature,
APF,dense_city,20,apf_k_att,0.5,curvature,1.7903
APF,dense_city,21,apf_k_att,0.5,curvature,1.8463
APF,dense_city,22,apf_k_att,0.5,curvature,
APF,dense_city,23,apf_k_att,0.5,curvature,
APF,dense_city,24,apf_k_att,0.5,curvature,
APF,dense_city,25,apf_k_att,0.5,curvature,
APF,dense_city,26,apf_k_att,0.5,curvature,
APF,dense_city,27,apf_k_att,0.5,curvature,
APF,dense_city,28,apf_k_att,0.5,curvature,
APF,dense_city,29,apf_k_att,0.5,curvature,
APF,normal_city,0,apf_k_att,1.0,curvature,1.103
APF,normal_city,1,apf_k_att,1.0,curvature,1.0713
APF,normal_city,2,apf_k_att,1.0,curvature,1.1158
APF,normal_city,3,apf_k_att,1.0,curvature,1.2066
APF,normal_city,4,apf_k_att,1.0,curvature,1.1226
APF,normal_city,5,apf_k_att,1.0,curvature,1.1345
APF,normal_city,6,apf_k_att,1.0,curvature,
APF,normal_city,7,apf_k_att,1.0,curvature,1.1562
APF,normal_city,8,apf_k_att,1.0,curvature,1.2025
APF,normal_city,9,apf_k_att,1.0,curvature,
APF,normal_city,10,apf_k_att,1.0,curvature,0.9964
APF,normal_city,11,apf_k_att,1.0,curvature,1.2698
APF,normal_city,12,apf_k_att,1.0,curvature,
APF,normal_city,13,apf_k_att,1.0,curvature,1.0704
APF,normal_city,14,apf_k_att,1.0,curvature,1.0393
APF,normal_city,15,apf_k_att,1.0,curvature,1.0973
APF,normal_city,16,apf_k_att,1.0,curvature,0.9981
APF,normal_city,17,apf_k_att,1.0,curvature,
APF,normal_city,18,apf_k_att,1.0,curvature,0.9975
APF,normal_city,19,apf_k_att,1.0,curvature,
APF,normal_city,20,apf_k_att,1.0,curvature,1.0381
APF,normal_city,21,apf_k_att,1.0,curvature,1.1062
APF,normal_city,22,apf_k_att,1.0,curvature,1.2287
APF,normal_city,23,apf_k_att,1.0,curvature,
APF,normal_city,24,apf_k_att,1.0,curvature,1.0885
APF,normal_city,25,apf_k_att,1.0,curvature,1.0472
APF,normal_city,26,apf_k_att,1.0,curvature,1.0486
APF,normal_city,27,apf_k_att,1.0,curvature,1.3511
APF,normal_city,28,apf_k_att,1.0,curvature,1.118
APF,normal_city,29,apf_k_att,1.0,curvature,1.0144
APF,blocked_road,0,apf_k_att,1.0,curvature,
APF,blocked_road,1,apf_k_att,1.0,curvature,
APF,blocked_road,2,apf_k_att,1.0,curvature,
APF,blocked_road,3,apf_k_att,1.0,curvature,
APF,blocked_road,4,apf_k_att,1.0,curvature,
APF,blocked_road,5,apf_k_att,1.0,curvature,
APF,blocked_road,6,apf_k_att,1.0,curvature,
APF,blocked_road,7,apf_k_att,1.0,curvature,1.0018
APF,blocked_road,8,apf_k_att,1.0,curvature,
APF,blocked_road,9,apf_k_att,1.0,curvature,
APF,blocked_road,10,apf_k_att,1.0,curvature,
APF,blocked_road,11,apf_k_att,1.0,curvature,
APF,blocked_road,12,apf_k_att,1.0,curvature,
APF,blocked_road,13,apf_k_att,1.0,curvature,1.0491
APF,blocked_road,14,apf_k_att,1.0,curvature,
APF,blocked_road,15,apf_k_att,1.0,curvature,
APF,blocked_road,16,apf_k_att,1.0,curvature,
APF,blocked_road,17,apf_k_att,1.0,curvature,
APF,blocked_road,18,apf_k_att,1.0,curvature,1.3416
APF,blocked_road,19,apf_k_att,1.0,curvature,
APF,blocked_road,20,apf_k_att,1.0,curvature,
APF,blocked_road,21,apf_k_att,1.0,curvature,
APF,blocked_road,22,apf_k_att,1.0,curvature,
APF,blocked_road,23,apf_k_att,1.0,curvature,
APF,blocked_road,24,apf_k_att,1.0,curvature,
APF,blocked_road,25,apf_k_att,1.0,curvature,0.8534
APF,blocked_road,26,apf_k_att,1.0,curvature,
APF,blocked_road,27,apf_k_att,1.0,curvature,
APF,blocked_road,28,apf_k_att,1.0,curvature,
APF,blocked_road,29,apf_k_att,1.0,curvature,
APF,dense_city,0,apf_k_att,1.0,curvature,
APF,dense_city,1,apf_k_att,1.0,curvature,
APF,dense_city,2,apf_k_att,1.0,curvature,
APF,dense_city,3,apf_k_att,1.0,curvature,
APF,dense_city,4,apf_k_att,1.0,curvature,
APF,dense_city,5,apf_k_att,1.0,curvature,
APF,dense_city,6,apf_k_att,1.0,curvature,
APF,dense_city,7,apf_k_att,1.0,curvature,
APF,dense_city,8,apf_k_att,1.0,curvature,
APF,dense_city,9,apf_k_att,1.0,curvature,
APF,dense_city,10,apf_k_att,1.0,curvature,
APF,dense_city,11,apf_k_att,1.0,curvature,
APF,dense_city,12,apf_k_att,1.0,curvature,
APF,dense_city,13,apf_k_att,1.0,curvature,
APF,dense_city,14,apf_k_att,1.0,curvature,
APF,dense_city,15,apf_k_att,1.0,curvature,
APF,dense_city,16,apf_k_att,1.0,curvature,
APF,dense_city,17,apf_k_att,1.0,curvature,
APF,dense_city,18,apf_k_att,1.0,curvature,
APF,dense_city,19,apf_k_att,1.0,curvature,
APF,dense_city,20,apf_k_att,1.0,curvature,
APF,dense_city,21,apf_k_att,1.0,curvature,
APF,dense_city,22,apf_k_att,1.0,curvature,
APF,dense_city,23,apf_k_att,1.0,curvature,
APF,dense_city,24,apf_k_att,1.0,curvature,
APF,dense_city,25,apf_k_att,1.0,curvature,
APF,dense_city,26,apf_k_att,1.0,curvature,
APF,dense_city,27,apf_k_att,1.0,curvature,
APF,dense_city,28,apf_k_att,1.0,curvature,
APF,dense_city,29,apf_k_att,1.0,curvature,
APF,normal_city,0,apf_k_att,2.0,curvature,
APF,normal_city,1,apf_k_att,2.0,curvature,
APF,normal_city,2,apf_k_att,2.0,curvature,
APF,normal_city,3,apf_k_att,2.0,curvature,
APF,normal_city,4,apf_k_att,2.0,curvature,
APF,normal_city,5,apf_k_att,2.0,curvature,
APF,normal_city,6,apf_k_att,2.0,curvature,
APF,normal_city,7,apf_k_att,2.0,curvature,
APF,normal_city,8,apf_k_att,2.0,curvature,
APF,normal_city,9,apf_k_att,2.0,curvature,
APF,normal_city,10,apf_k_att,2.0,curvature,
APF,normal_city,11,apf_k_att,2.0,curvature,
APF,normal_city,12,apf_k_att,2.0,curvature,
APF,normal_city,13,apf_k_att,2.0,curvature,
APF,normal_city,14,apf_k_att,2.0,curvature,
APF,normal_city,15,apf_k_att,2.0,curvature,
APF,normal_city,16,apf_k_att,2.0,curvature,
APF,normal_city,17,apf_k_att,2.0,curvature,
APF,normal_city,18,apf_k_att,2.0,curvature,
APF,normal_city,19,apf_k_att,2.0,curvature,
APF,normal_city,20,apf_k_att,2.0,curvature,
APF,normal_city,21,apf_k_att,2.0,curvature,
APF,normal_city,22,apf_k_att,2.0,curvature,
APF,normal_city,23,apf_k_att,2.0,curvature,
APF,normal_city,24,apf_k_att,2.0,curvature,
APF,normal_city,25,apf_k_att,2.0,curvature,
APF,normal_city,26,apf_k_att,2.0,curvature,
APF,normal_city,27,apf_k_att,2.0,curvature,
APF,normal_city,28,apf_k_att,2.0,curvature,
APF,normal_city,29,apf_k_att,2.0,curvature,
APF,blocked_road,0,apf_k_att,2.0,curvature,
APF,blocked_road,1,apf_k_att,2.0,curvature,
APF,blocked_road,2,apf_k_att,2.0,curvature,
APF,blocked_road,3,apf_k_att,2.0,curvature,
APF,blocked_road,4,apf_k_att,2.0,curvature,
APF,blocked_road,5,apf_k_att,2.0,curvature,
APF,blocked_road,6,apf_k_att,2.0,curvature,
APF,blocked_road,7,apf_k_att,2.0,curvature,
APF,blocked_road,8,apf_k_att,2.0,curvature,
APF,blocked_road,9,apf_k_att,2.0,curvature,
APF,blocked_road,10,apf_k_att,2.0,curvature,
APF,blocked_road,11,apf_k_att,2.0,curvature,
APF,blocked_road,12,apf_k_att,2.0,curvature,
APF,blocked_road,13,apf_k_att,2.0,curvature,
APF,blocked_road,14,apf_k_att,2.0,curvature,
APF,blocked_road,15,apf_k_att,2.0,curvature,
APF,blocked_road,16,apf_k_att,2.0,curvature,
APF,blocked_road,17,apf_k_att,2.0,curvature,
APF,blocked_road,18,apf_k_att,2.0,curvature,
APF,blocked_road,19,apf_k_att,2.0,curvature,
APF,blocked_road,20,apf_k_att,2.0,curvature,
APF,blocked_road,21,apf_k_att,2.0,curvature,
APF,blocked_road,22,apf_k_att,2.0,curvature,
APF,blocked_road,23,apf_k_att,2.0,curvature,
APF,blocked_road,24,apf_k_att,2.0,curvature,
APF,blocked_road,25,apf_k_att,2.0,curvature,
APF,blocked_road,26,apf_k_att,2.0,curvature,
APF,blocked_road,27,apf_k_att,2.0,curvature,
APF,blocked_road,28,apf_k_att,2.0,curvature,
APF,blocked_road,29,apf_k_att,2.0,curvature,
APF,dense_city,0,apf_k_att,2.0,curvature,
APF,dense_city,1,apf_k_att,2.0,curvature,
APF,dense_city,2,apf_k_att,2.0,curvature,
APF,dense_city,3,apf_k_att,2.0,curvature,
APF,dense_city,4,apf_k_att,2.0,curvature,
APF,dense_city,5,apf_k_att,2.0,curvature,
APF,dense_city,6,apf_k_att,2.0,curvature,
APF,dense_city,7,apf_k_att,2.0,curvature,
APF,dense_city,8,apf_k_att,2.0,curvature,
APF,dense_city,9,apf_k_att,2.0,curvature,
APF,dense_city,10,apf_k_att,2.0,curvature,
APF,dense_city,11,apf_k_att,2.0,curvature,
APF,dense_city,12,apf_k_att,2.0,curvature,
APF,dense_city,13,apf_k_att,2.0,curvature,
APF,dense_city,14,apf_k_att,2.0,curvature,
APF,dense_city,15,apf_k_att,2.0,curvature,
APF,dense_city,16,apf_k_att,2.0,curvature,
APF,dense_city,17,apf_k_att,2.0,curvature,
APF,dense_city,18,apf_k_att,2.0,curvature,
APF,dense_city,19,apf_k_att,2.0,curvature,
APF,dense_city,20,apf_k_att,2.0,curvature,
APF,dense_city,21,apf_k_att,2.0,curvature,
APF,dense_city,22,apf_k_att,2.0,curvature,
APF,dense_city,23,apf_k_att,2.0,curvature,
APF,dense_city,24,apf_k_att,2.0,curvature,
APF,dense_city,25,apf_k_att,2.0,curvature,
APF,dense_city,26,apf_k_att,2.0,curvature,
APF,dense_city,27,apf_k_att,2.0,curvature,
APF,dense_city,28,apf_k_att,2.0,curvature,
APF,dense_city,29,apf_k_att,2.0,curvature,
APF,normal_city,0,apf_k_att,4.0,curvature,
APF,normal_city,1,apf_k_att,4.0,curvature,
APF,normal_city,2,apf_k_att,4.0,curvature,
APF,normal_city,3,apf_k_att,4.0,curvature,
APF,normal_city,4,apf_k_att,4.0,curvature,
APF,normal_city,5,apf_k_att,4.0,curvature,
APF,normal_city,6,apf_k_att,4.0,curvature,
APF,normal_city,7,apf_k_att,4.0,curvature,
APF,normal_city,8,apf_k_att,4.0,curvature,
APF,normal_city,9,apf_k_att,4.0,curvature,
APF,normal_city,10,apf_k_att,4.0,curvature,
APF,normal_city,11,apf_k_att,4.0,curvature,
APF,normal_city,12,apf_k_att,4.0,curvature,
APF,normal_city,13,apf_k_att,4.0,curvature,
APF,normal_city,14,apf_k_att,4.0,curvature,
APF,normal_city,15,apf_k_att,4.0,curvature,
APF,normal_city,16,apf_k_att,4.0,curvature,
APF,normal_city,17,apf_k_att,4.0,curvature,
APF,normal_city,18,apf_k_att,4.0,curvature,
APF,normal_city,19,apf_k_att,4.0,curvature,
APF,normal_city,20,apf_k_att,4.0,curvature,
APF,normal_city,21,apf_k_att,4.0,curvature,
APF,normal_city,22,apf_k_att,4.0,curvature,
APF,normal_city,23,apf_k_att,4.0,curvature,
APF,normal_city,24,apf_k_att,4.0,curvature,
APF,normal_city,25,apf_k_att,4.0,curvature,
APF,normal_city,26,apf_k_att,4.0,curvature,
APF,normal_city,27,apf_k_att,4.0,curvature,
APF,normal_city,28,apf_k_att,4.0,curvature,
APF,normal_city,29,apf_k_att,4.0,curvature,
APF,blocked_road,0,apf_k_att,4.0,curvature,
APF,blocked_road,1,apf_k_att,4.0,curvature,
APF,blocked_road,2,apf_k_att,4.0,curvature,
APF,blocked_road,3,apf_k_att,4.0,curvature,
APF,blocked_road,4,apf_k_att,4.0,curvature,
APF,blocked_road,5,apf_k_att,4.0,curvature,
APF,blocked_road,6,apf_k_att,4.0,curvature,
APF,blocked_road,7,apf_k_att,4.0,curvature,
APF,blocked_road,8,apf_k_att,4.0,curvature,
APF,blocked_road,9,apf_k_att,4.0,curvature,
APF,blocked_road,10,apf_k_att,4.0,curvature,
APF,blocked_road,11,apf_k_att,4.0,curvature,
APF,blocked_road,12,apf_k_att,4.0,curvature,
APF,blocked_road,13,apf_k_att,4.0,curvature,
APF,blocked_road,14,apf_k_att,4.0,curvature,
APF,blocked_road,15,apf_k_att,4.0,curvature,
APF,blocked_road,16,apf_k_att,4.0,curvature,
APF,blocked_road,17,apf_k_att,4.0,curvature,
APF,blocked_road,18,apf_k_att,4.0,curvature,
APF,blocked_road,19,apf_k_att,4.0,curvature,
APF,blocked_road,20,apf_k_att,4.0,curvature,
APF,blocked_road,21,apf_k_att,4.0,curvature,
APF,blocked_road,22,apf_k_att,4.0,curvature,
APF,blocked_road,23,apf_k_att,4.0,curvature,
APF,blocked_road,24,apf_k_att,4.0,curvature,
APF,blocked_road,25,apf_k_att,4.0,curvature,
APF,blocked_road,26,apf_k_att,4.0,curvature,
APF,blocked_road,27,apf_k_att,4.0,curvature,
APF,blocked_road,28,apf_k_att,4.0,curvature,
APF,blocked_road,29,apf_k_att,4.0,curvature,
APF,dense_city,0,apf_k_att,4.0,curvature,
APF,dense_city,1,apf_k_att,4.0,curvature,
APF,dense_city,2,apf_k_att,4.0,curvature,
APF,dense_city,3,apf_k_att,4.0,curvature,
APF,dense_city,4,apf_k_att,4.0,curvature,
APF,dense_city,5,apf_k_att,4.0,curvature,
APF,dense_city,6,apf_k_att,4.0,curvature,
APF,dense_city,7,apf_k_att,4.0,curvature,
APF,dense_city,8,apf_k_att,4.0,curvature,
APF,dense_city,9,apf_k_att,4.0,curvature,
APF,dense_city,10,apf_k_att,4.0,curvature,
APF,dense_city,11,apf_k_att,4.0,curvature,
APF,dense_city,12,apf_k_att,4.0,curvature,
APF,dense_city,13,apf_k_att,4.0,curvature,
APF,dense_city,14,apf_k_att,4.0,curvature,
APF,dense_city,15,apf_k_att,4.0,curvature,
APF,dense_city,16,apf_k_att,4.0,curvature,
APF,dense_city,17,apf_k_att,4.0,curvature,
APF,dense_city,18,apf_k_att,4.0,curvature,
APF,dense_city,19,apf_k_att,4.0,curvature,
APF,dense_city,20,apf_k_att,4.0,curvature,
APF,dense_city,21,apf_k_att,4.0,curvature,
APF,dense_city,22,apf_k_att,4.0,curvature,
APF,dense_city,23,apf_k_att,4.0,curvature,
APF,dense_city,24,apf_k_att,4.0,curvature,
APF,dense_city,25,apf_k_att,4.0,curvature,
APF,dense_city,26,apf_k_att,4.0,curvature,
APF,dense_city,27,apf_k_att,4.0,curvature,
APF,dense_city,28,apf_k_att,4.0,curvature,
APF,dense_city,29,apf_k_att,4.0,curvature,
APF,normal_city,0,apf_k_att,0.5,max_curvature,2.5907
APF,normal_city,1,apf_k_att,0.5,max_curvature,3.334
APF,normal_city,2,apf_k_att,0.5,max_curvature,3.1842
APF,normal_city,3,apf_k_att,0.5,max_curvature,4.6949
APF,normal_city,4,apf_k_att,0.5,max_curvature,4.994
APF,normal_city,5,apf_k_att,0.5,max_curvature,2.9343
APF,normal_city,6,apf_k_att,0.5,max_curvature,
APF,normal_city,7,apf_k_att,0.5,max_curvature,3.028
APF,normal_city,8,apf_k_att,0.5,max_curvature,4.6525
APF,normal_city,9,apf_k_att,0.5,max_curvature,
APF,normal_city,10,apf_k_att,0.5,max_curvature,3.5824
APF,normal_city,11,apf_k_att,0.5,max_curvature,
APF,normal_city,12,apf_k_att,0.5,max_curvature,
APF,normal_city,13,apf_k_att,0.5,max_curvature,2.2048
APF,normal_city,14,apf_k_att,0.5,max_curvature,2.4417
APF,normal_city,15,apf_k_att,0.5,max_curvature,2.856
APF,normal_city,16,apf_k_att,0.5,max_curvature,3.0344
APF,normal_city,17,apf_k_att,0.5,max_curvature,
APF,normal_city,18,apf_k_att,0.5,max_curvature,2.5397
APF,normal_city,19,apf_k_att,0.5,max_curvature,
APF,normal_city,20,apf_k_att,0.5,max_curvature,2.7065
APF,normal_city,21,apf_k_att,0.5,max_curvature,3.728
APF,normal_city,22,apf_k_att,0.5,max_curvature,5.3607
APF,normal_city,23,apf_k_att,0.5,max_curvature,
APF,normal_city,24,apf_k_att,0.5,max_curvature,4.4686
APF,normal_city,25,apf_k_att,0.5,max_curvature,3.1453
APF,normal_city,26,apf_k_att,0.5,max_curvature,6.3436
APF,normal_city,27,apf_k_att,0.5,max_curvature,
APF,normal_city,28,apf_k_att,0.5,max_curvature,2.9725
APF,normal_city,29,apf_k_att,0.5,max_curvature,3.086
APF,blocked_road,0,apf_k_att,0.5,max_curvature,
APF,blocked_road,1,apf_k_att,0.5,max_curvature,
APF,blocked_road,2,apf_k_att,0.5,max_curvature,
APF,blocked_road,3,apf_k_att,0.5,max_curvature,
APF,blocked_road,4,apf_k_att,0.5,max_curvature,
APF,blocked_road,5,apf_k_att,0.5,max_curvature,
APF,blocked_road,6,apf_k_att,0.5,max_curvature,
APF,blocked_road,7,apf_k_att,0.5,max_curvature,4.3375
APF,blocked_road,8,apf_k_att,0.5,max_curvature,
APF,blocked_road,9,apf_k_att,0.5,max_curvature,
APF,blocked_road,10,apf_k_att,0.5,max_curvature,
APF,blocked_road,11,apf_k_att,0.5,max_curvature,
APF,blocked_road,12,apf_k_att,0.5,max_curvature,
APF,blocked_road,13,apf_k_att,0.5,max_curvature,7.2052
APF,blocked_road,14,apf_k_att,0.5,max_curvature,
APF,blocked_road,15,apf_k_att,0.5,max_curvature,
APF,blocked_road,16,apf_k_att,0.5,max_curvature,
APF,blocked_road,17,apf_k_att,0.5,max_curvature,
APF,blocked_road,18,apf_k_att,0.5,max_curvature,7.5031
APF,blocked_road,19,apf_k_att,0.5,max_curvature,
APF,blocked_road,20,apf_k_att,0.5,max_curvature,
APF,blocked_road,21,apf_k_att,0.5,max_curvature,
APF,blocked_road,22,apf_k_att,0.5,max_curvature,
APF,blocked_road,23,apf_k_att,0.5,max_curvature,
APF,blocked_road,24,apf_k_att,0.5,max_curvature,
APF,blocked_road,25,apf_k_att,0.5,max_curvature,
APF,blocked_road,26,apf_k_att,0.5,max_curvature,
APF,blocked_road,27,apf_k_att,0.5,max_curvature,
APF,blocked_road,28,apf_k_att,0.5,max_curvature,
APF,blocked_road,29,apf_k_att,0.5,max_curvature,
APF,dense_city,0,apf_k_att,0.5,max_curvature,
APF,dense_city,1,apf_k_att,0.5,max_curvature,
APF,dense_city,2,apf_k_att,0.5,max_curvature,
APF,dense_city,3,apf_k_att,0.5,max_curvature,
APF,dense_city,4,apf_k_att,0.5,max_curvature,
APF,dense_city,5,apf_k_att,0.5,max_curvature,
APF,dense_city,6,apf_k_att,0.5,max_curvature,
APF,dense_city,7,apf_k_att,0.5,max_curvature,
APF,dense_city,8,apf_k_att,0.5,max_curvature,5.2834
APF,dense_city,9,apf_k_att,0.5,max_curvature,
APF,dense_city,10,apf_k_att,0.5,max_curvature,4.6335
APF,dense_city,11,apf_k_att,0.5,max_curvature,
APF,dense_city,12,apf_k_att,0.5,max_curvature,
APF,dense_city,13,apf_k_att,0.5,max_curvature,
APF,dense_city,14,apf_k_att,0.5,max_curvature,
APF,dense_city,15,apf_k_att,0.5,max_curvature,
APF,dense_city,16,apf_k_att,0.5,max_curvature,
APF,dense_city,17,apf_k_att,0.5,max_curvature,
APF,dense_city,18,apf_k_att,0.5,max_curvature,
APF,dense_city,19,apf_k_att,0.5,max_curvature,
APF,dense_city,20,apf_k_att,0.5,max_curvature,3.5519
APF,dense_city,21,apf_k_att,0.5,max_curvature,4.5793
APF,dense_city,22,apf_k_att,0.5,max_curvature,
APF,dense_city,23,apf_k_att,0.5,max_curvature,
APF,dense_city,24,apf_k_att,0.5,max_curvature,
APF,dense_city,25,apf_k_att,0.5,max_curvature,
APF,dense_city,26,apf_k_att,0.5,max_curvature,
APF,dense_city,27,apf_k_att,0.5,max_curvature,
APF,dense_city,28,apf_k_att,0.5,max_curvature,
APF,dense_city,29,apf_k_att,0.5,max_curvature,
APF,normal_city,0,apf_k_att,1.0,max_curvature,2.4439
APF,normal_city,1,apf_k_att,1.0,max_curvature,3.3413
APF,normal_city,2,apf_k_att,1.0,max_curvature,2.8588
APF,normal_city,3,apf_k_att,1.0,max_curvature,4.4751
APF,normal_city,4,apf_k_att,1.0,max_curvature,4.2543
APF,normal_city,5,apf_k_att,1.0,max_curvature,3.2081
APF,normal_city,6,apf_k_att,1.0,max_curvature,
APF,normal_city,7,apf_k_att,1.0,max_curvature,3.5215
APF,normal_city,8,apf_k_att,1.0,max_curvature,4.3131
APF,normal_city,9,apf_k_att,1.0,max_curvature,
APF,normal_city,10,apf_k_att,1.0,max_curvature,3.3271
APF,normal_city,11,apf_k_att,1.0,max_curvature,6.0017
APF,normal_city,12,apf_k_att,1.0,max_curvature,
APF,normal_city,13,apf_k_att,1.0,max_curvature,2.1
APF,normal_city,14,apf_k_att,1.0,max_curvature,2.2146
APF,normal_city,15,apf_k_att,1.0,max_curvature,2.298
APF,normal_city,16,apf_k_att,1.0,max_curvature,2.4159
APF,normal_city,17,apf_k_att,1.0,max_curvature,
APF,normal_city,18,apf_k_att,1.0,max_curvature,2.1645
APF,normal_city,19,apf_k_att,1.0,max_curvature,
APF,normal_city,20,apf_k_att,1.0,max_curvature,2.6283
APF,normal_city,21,apf_k_att,1.0,max_curvature,3.5381
APF,normal_city,22,apf_k_att,1.0,max_curvature,4.7415
APF,normal_city,23,apf_k_att,1.0,max_curvature,
APF,normal_city,24,apf_k_att,1.0,max_curvature,3.6643
APF,normal_city,25,apf_k_att,1.0,max_curvature,2.727
APF,normal_city,26,apf_k_att,1.0,max_curvature,2.5179
APF,normal_city,27,apf_k_att,1.0,max_curvature,4.3266
APF,normal_city,28,apf_k_att,1.0,max_curvature,3.794
APF,normal_city,29,apf_k_att,1.0,max_curvature,2.5696
APF,blocked_road,0,apf_k_att,1.0,max_curvature,
APF,blocked_road,1,apf_k_att,1.0,max_curvature,
APF,blocked_road,2,apf_k_att,1.0,max_curvature,
APF,blocked_road,3,apf_k_att,1.0,max_curvature,
APF,blocked_road,4,apf_k_att,1.0,max_curvature,
APF,blocked_road,5,apf_k_att,1.0,max_curvature,
APF,blocked_road,6,apf_k_att,1.0,max_curvature,
APF,blocked_road,7,apf_k_att,1.0,max_curvature,3.5412
APF,blocked_road,8,apf_k_att,1.0,max_curvature,
APF,blocked_road,9,apf_k_att,1.0,max_curvature,
APF,blocked_road,10,apf_k_att,1.0,max_curvature,
APF,blocked_road,11,apf_k_att,1.0,max_curvature,
APF,blocked_road,12,apf_k_att,1.0,max_curvature,
APF,blocked_road,13,apf_k_att,1.0,max_curvature,4.0548
APF,blocked_road,14,apf_k_att,1.0,max_curvature,
APF,blocked_road,15,apf_k_att,1.0,max_curvature,
APF,blocked_road,16,apf_k_att,1.0,max_curvature,
APF,blocked_road,17,apf_k_att,1.0,max_curvature,
APF,blocked_road,18,apf_k_att,1.0,max_curvature,7.3153
APF,blocked_road,19,apf_k_att,1.0,max_curvature,
APF,blocked_road,20,apf_k_att,1.0,max_curvature,
APF,blocked_road,21,apf_k_att,1.0,max_curvature,
APF,blocked_road,22,apf_k_att,1.0,max_curvature,
APF,blocked_road,23,apf_k_att,1.0,max_curvature,
APF,blocked_road,24,apf_k_att,1.0,max_curvature,
APF,blocked_road,25,apf_k_att,1.0,max_curvature,2.605
APF,blocked_road,26,apf_k_att,1.0,max_curvature,
APF,blocked_road,27,apf_k_att,1.0,max_curvature,
APF,blocked_road,28,apf_k_att,1.0,max_curvature,
APF,blocked_road,29,apf_k_att,1.0,max_curvature,
APF,dense_city,0,apf_k_att,1.0,max_curvature,
APF,dense_city,1,apf_k_att,1.0,max_curvature,
APF,dense_city,2,apf_k_att,1.0,max_curvature,
APF,dense_city,3,apf_k_att,1.0,max_curvature,
APF,dense_city,4,apf_k_att,1.0,max_curvature,
APF,dense_city,5,apf_k_att,1.0,max_curvature,
APF,dense_city,6,apf_k_att,1.0,max_curvature,
APF,dense_city,7,apf_k_att,1.0,max_curvature,
APF,dense_city,8,apf_k_att,1.0,max_curvature,
APF,dense_city,9,apf_k_att,1.0,max_curvature,
APF,dense_city,10,apf_k_att,1.0,max_curvature,
APF,dense_city,11,apf_k_att,1.0,max_curvature,
APF,dense_city,12,apf_k_att,1.0,max_curvature,
APF,dense_city,13,apf_k_att,1.0,max_curvature,
APF,dense_city,14,apf_k_att,1.0,max_curvature,
APF,dense_city,15,apf_k_att,1.0,max_curvature,
APF,dense_city,16,apf_k_att,1.0,max_curvature,
APF,dense_city,17,apf_k_att,1.0,max_curvature,
APF,dense_city,18,apf_k_att,1.0,max_curvature,
APF,dense_city,19,apf_k_att,1.0,max_curvature,
APF,dense_city,20,apf_k_att,1.0,max_curvature,
APF,dense_city,21,apf_k_att,1.0,max_curvature,
APF,dense_city,22,apf_k_att,1.0,max_curvature,
APF,dense_city,23,apf_k_att,1.0,max_curvature,
APF,dense_city,24,apf_k_att,1.0,max_curvature,
APF,dense_city,25,apf_k_att,1.0,max_curvature,
APF,dense_city,26,apf_k_att,1.0,max_curvature,
APF,dense_city,27,apf_k_att,1.0,max_curvature,
APF,dense_city,28,apf_k_att,1.0,max_curvature,
APF,dense_city,29,apf_k_att,1.0,max_curvature,
APF,normal_city,0,apf_k_att,2.0,max_curvature,
APF,normal_city,1,apf_k_att,2.0,max_curvature,
APF,normal_city,2,apf_k_att,2.0,max_curvature,
APF,normal_city,3,apf_k_att,2.0,max_curvature,
APF,normal_city,4,apf_k_att,2.0,max_curvature,
APF,normal_city,5,apf_k_att,2.0,max_curvature,
APF,normal_city,6,apf_k_att,2.0,max_curvature,
APF,normal_city,7,apf_k_att,2.0,max_curvature,
APF,normal_city,8,apf_k_att,2.0,max_curvature,
APF,normal_city,9,apf_k_att,2.0,max_curvature,
APF,normal_city,10,apf_k_att,2.0,max_curvature,
APF,normal_city,11,apf_k_att,2.0,max_curvature,
APF,normal_city,12,apf_k_att,2.0,max_curvature,
APF,normal_city,13,apf_k_att,2.0,max_curvature,
APF,normal_city,14,apf_k_att,2.0,max_curvature,
APF,normal_city,15,apf_k_att,2.0,max_curvature,
APF,normal_city,16,apf_k_att,2.0,max_curvature,
APF,normal_city,17,apf_k_att,2.0,max_curvature,
APF,normal_city,18,apf_k_att,2.0,max_curvature,
APF,normal_city,19,apf_k_att,2.0,max_curvature,
APF,normal_city,20,apf_k_att,2.0,max_curvature,
APF,normal_city,21,apf_k_att,2.0,max_curvature,
APF,normal_city,22,apf_k_att,2.0,max_curvature,
APF,normal_city,23,apf_k_att,2.0,max_curvature,
APF,normal_city,24,apf_k_att,2.0,max_curvature,
APF,normal_city,25,apf_k_att,2.0,max_curvature,
APF,normal_city,26,apf_k_att,2.0,max_curvature,
APF,normal_city,27,apf_k_att,2.0,max_curvature,
APF,normal_city,28,apf_k_att,2.0,max_curvature,
APF,normal_city,29,apf_k_att,2.0,max_curvature,
APF,blocked_road,0,apf_k_att,2.0,max_curvature,
APF,blocked_road,1,apf_k_att,2.0,max_curvature,
APF,blocked_road,2,apf_k_att,2.0,max_curvature,
APF,blocked_road,3,apf_k_att,2.0,max_curvature,
APF,blocked_road,4,apf_k_att,2.0,max_curvature,
APF,blocked_road,5,apf_k_att,2.0,max_curvature,
APF,blocked_road,6,apf_k_att,2.0,max_curvature,
APF,blocked_road,7,apf_k_att,2.0,max_curvature,
APF,blocked_road,8,apf_k_att,2.0,max_curvature,
APF,blocked_road,9,apf_k_att,2.0,max_curvature,
APF,blocked_road,10,apf_k_att,2.0,max_curvature,
APF,blocked_road,11,apf_k_att,2.0,max_curvature,
APF,blocked_road,12,apf_k_att,2.0,max_curvature,
APF,blocked_road,13,apf_k_att,2.0,max_curvature,
APF,blocked_road,14,apf_k_att,2.0,max_curvature,
APF,blocked_road,15,apf_k_att,2.0,max_curvature,
APF,blocked_road,16,apf_k_att,2.0,max_curvature,
APF,blocked_road,17,apf_k_att,2.0,max_curvature,
APF,blocked_road,18,apf_k_att,2.0,max_curvature,
APF,blocked_road,19,apf_k_att,2.0,max_curvature,
APF,blocked_road,20,apf_k_att,2.0,max_curvature,
APF,blocked_road,21,apf_k_att,2.0,max_curvature,
APF,blocked_road,22,apf_k_att,2.0,max_curvature,
APF,blocked_road,23,apf_k_att,2.0,max_curvature,
APF,blocked_road,24,apf_k_att,2.0,max_curvature,
APF,blocked_road,25,apf_k_att,2.0,max_curvature,
APF,blocked_road,26,apf_k_att,2.0,max_curvature,
APF,blocked_road,27,apf_k_att,2.0,max_curvature,
APF,blocked_road,28,apf_k_att,2.0,max_curvature,
APF,blocked_road,29,apf_k_att,2.0,max_curvature,
APF,dense_city,0,apf_k_att,2.0,max_curvature,
APF,dense_city,1,apf_k_att,2.0,max_curvature,
APF,dense_city,2,apf_k_att,2.0,max_curvature,
APF,dense_city,3,apf_k_att,2.0,max_curvature,
APF,dense_city,4,apf_k_att,2.0,max_curvature,
APF,dense_city,5,apf_k_att,2.0,max_curvature,
APF,dense_city,6,apf_k_att,2.0,max_curvature,
APF,dense_city,7,apf_k_att,2.0,max_curvature,
APF,dense_city,8,apf_k_att,2.0,max_curvature,
APF,dense_city,9,apf_k_att,2.0,max_curvature,
APF,dense_city,10,apf_k_att,2.0,max_curvature,
APF,dense_city,11,apf_k_att,2.0,max_curvature,
APF,dense_city,12,apf_k_att,2.0,max_curvature,
APF,dense_city,13,apf_k_att,2.0,max_curvature,
APF,dense_city,14,apf_k_att,2.0,max_curvature,
APF,dense_city,15,apf_k_att,2.0,max_curvature,
APF,dense_city,16,apf_k_att,2.0,max_curvature,
APF,dense_city,17,apf_k_att,2.0,max_curvature,
APF,dense_city,18,apf_k_att,2.0,max_curvature,
APF,dense_city,19,apf_k_att,2.0,max_curvature,
APF,dense_city,20,apf_k_att,2.0,max_curvature,
APF,dense_city,21,apf_k_att,2.0,max_curvature,
APF,dense_city,22,apf_k_att,2.0,max_curvature,
APF,dense_city,23,apf_k_att,2.0,max_curvature,
APF,dense_city,24,apf_k_att,2.0,max_curvature,
APF,dense_city,25,apf_k_att,2.0,max_curvature,
APF,dense_city,26,apf_k_att,2.0,max_curvature,
APF,dense_city,27,apf_k_att,2.0,max_curvature,
APF,dense_city,28,apf_k_att,2.0,max_curvature,
APF,dense_city,29,apf_k_att,2.0,max_curvature,
APF,normal_city,0,apf_k_att,4.0,max_curvature,
APF,normal_city,1,apf_k_att,4.0,max_curvature,
APF,normal_city,2,apf_k_att,4.0,max_curvature,
APF,normal_city,3,apf_k_att,4.0,max_curvature,
APF,normal_city,4,apf_k_att,4.0,max_curvature,
APF,normal_city,5,apf_k_att,4.0,max_curvature,
APF,normal_city,6,apf_k_att,4.0,max_curvature,
APF,normal_city,7,apf_k_att,4.0,max_curvature,
APF,normal_city,8,apf_k_att,4.0,max_curvature,
APF,normal_city,9,apf_k_att,4.0,max_curvature,
APF,normal_city,10,apf_k_att,4.0,max_curvature,
APF,normal_city,11,apf_k_att,4.0,max_curvature,
APF,normal_city,12,apf_k_att,4.0,max_curvature,
APF,normal_city,13,apf_k_att,4.0,max_curvature,
APF,normal_city,14,apf_k_att,4.0,max_curvature,
APF,normal_city,15,apf_k_att,4.0,max_curvature,
APF,normal_city,16,apf_k_att,4.0,max_curvature,
APF,normal_city,17,apf_k_att,4.0,max_curvature,
APF,normal_city,18,apf_k_att,4.0,max_curvature,
APF,normal_city,19,apf_k_att,4.0,max_curvature,
APF,normal_city,20,apf_k_att,4.0,max_curvature,
APF,normal_city,21,apf_k_att,4.0,max_curvature,
APF,normal_city,22,apf_k_att,4.0,max_curvature,
APF,normal_city,23,apf_k_att,4.0,max_curvature,
APF,normal_city,24,apf_k_att,4.0,max_curvature,
APF,normal_city,25,apf_k_att,4.0,max_curvature,
APF,normal_city,26,apf_k_att,4.0,max_curvature,
APF,normal_city,27,apf_k_att,4.0,max_curvature,
APF,normal_city,28,apf_k_att,4.0,max_curvature,
APF,normal_city,29,apf_k_att,4.0,max_curvature,
APF,blocked_road,0,apf_k_att,4.0,max_curvature,
APF,blocked_road,1,apf_k_att,4.0,max_curvature,
APF,blocked_road,2,apf_k_att,4.0,max_curvature,
APF,blocked_road,3,apf_k_att,4.0,max_curvature,
APF,blocked_road,4,apf_k_att,4.0,max_curvature,
APF,blocked_road,5,apf_k_att,4.0,max_curvature,
APF,blocked_road,6,apf_k_att,4.0,max_curvature,
APF,blocked_road,7,apf_k_att,4.0,max_curvature,
APF,blocked_road,8,apf_k_att,4.0,max_curvature,
APF,blocked_road,9,apf_k_att,4.0,max_curvature,
APF,blocked_road,10,apf_k_att,4.0,max_curvature,
APF,blocked_road,11,apf_k_att,4.0,max_curvature,
APF,blocked_road,12,apf_k_att,4.0,max_curvature,
APF,blocked_road,13,apf_k_att,4.0,max_curvature,
APF,blocked_road,14,apf_k_att,4.0,max_curvature,
APF,blocked_road,15,apf_k_att,4.0,max_curvature,
APF,blocked_road,16,apf_k_att,4.0,max_curvature,
APF,blocked_road,17,apf_k_att,4.0,max_curvature,
APF,blocked_road,18,apf_k_att,4.0,max_curvature,
APF,blocked_road,19,apf_k_att,4.0,max_curvature,
APF,blocked_road,20,apf_k_att,4.0,max_curvature,
APF,blocked_road,21,apf_k_att,4.0,max_curvature,
APF,blocked_road,22,apf_k_att,4.0,max_curvature,
APF,blocked_road,23,apf_k_att,4.0,max_curvature,
APF,blocked_road,24,apf_k_att,4.0,max_curvature,
APF,blocked_road,25,apf_k_att,4.0,max_curvature,
APF,blocked_road,26,apf_k_att,4.0,max_curvature,
APF,blocked_road,27,apf_k_att,4.0,max_curvature,
APF,blocked_road,28,apf_k_att,4.0,max_curvature,
APF,blocked_road,29,apf_k_att,4.0,max_curvature,
APF,dense_city,0,apf_k_att,4.0,max_curvature,
APF,dense_city,1,apf_k_att,4.0,max_curvature,
APF,dense_city,2,apf_k_att,4.0,max_curvature,
APF,dense_city,3,apf_k_att,4.0,max_curvature,
APF,dense_city,4,apf_k_att,4.0,max_curvature,
APF,dense_city,5,apf_k_att,4.0,max_curvature,
APF,dense_city,6,apf_k_att,4.0,max_curvature,
APF,dense_city,7,apf_k_att,4.0,max_curvature,
APF,dense_city,8,apf_k_att,4.0,max_curvature,
APF,dense_city,9,apf_k_att,4.0,max_curvature,
APF,dense_city,10,apf_k_att,4.0,max_curvature,
APF,dense_city,11,apf_k_att,4.0,max_curvature,
APF,dense_city,12,apf_k_att,4.0,max_curvature,
APF,dense_city,13,apf_k_att,4.0,max_curvature,
APF,dense_city,14,apf_k_att,4.0,max_curvature,
APF,dense_city,15,apf_k_att,4.0,max_curvature,
APF,dense_city,16,apf_k_att,4.0,max_curvature,
APF,dense_city,17,apf_k_att,4.0,max_curvature,
APF,dense_city,18,apf_k_att,4.0,max_curvature,
APF,dense_city,19,apf_k_att,4.0,max_curvature,
APF,dense_city,20,apf_k_att,4.0,max_curvature,
APF,dense_city,21,apf_k_att,4.0,max_curvature,
APF,dense_city,22,apf_k_att,4.0,max_curvature,
APF,dense_city,23,apf_k_att,4.0,max_curvature,
APF,dense_city,24,apf_k_att,4.0,max_curvature,
APF,dense_city,25,apf_k_att,4.0,max_curvature,
APF,dense_city,26,apf_k_att,4.0,max_curvature,
APF,dense_city,27,apf_k_att,4.0,max_curvature,
APF,dense_city,28,apf_k_att,4.0,max_curvature,
APF,dense_city,29,apf_k_att,4.0,max_curvature,
APF,normal_city,0,apf_k_att,0.5,drive_time_curved,90.4672
APF,normal_city,1,apf_k_att,0.5,drive_time_curved,90.893
APF,normal_city,2,apf_k_att,0.5,drive_time_curved,95.7095
APF,normal_city,3,apf_k_att,0.5,drive_time_curved,102.1945
APF,normal_city,4,apf_k_att,0.5,drive_time_curved,101.3206
APF,normal_city,5,apf_k_att,0.5,drive_time_curved,91.2672
APF,normal_city,6,apf_k_att,0.5,drive_time_curved,
APF,normal_city,7,apf_k_att,0.5,drive_time_curved,89.8043
APF,normal_city,8,apf_k_att,0.5,drive_time_curved,98.1168
APF,normal_city,9,apf_k_att,0.5,drive_time_curved,
APF,normal_city,10,apf_k_att,0.5,drive_time_curved,90.389
APF,normal_city,11,apf_k_att,0.5,drive_time_curved,
APF,normal_city,12,apf_k_att,0.5,drive_time_curved,
APF,normal_city,13,apf_k_att,0.5,drive_time_curved,94.4261
APF,normal_city,14,apf_k_att,0.5,drive_time_curved,91.6891
APF,normal_city,15,apf_k_att,0.5,drive_time_curved,91.6906
APF,normal_city,16,apf_k_att,0.5,drive_time_curved,92.6208
APF,normal_city,17,apf_k_att,0.5,drive_time_curved,
APF,normal_city,18,apf_k_att,0.5,drive_time_curved,87.5465
APF,normal_city,19,apf_k_att,0.5,drive_time_curved,
APF,normal_city,20,apf_k_att,0.5,drive_time_curved,92.3517
APF,normal_city,21,apf_k_att,0.5,drive_time_curved,96.8261
APF,normal_city,22,apf_k_att,0.5,drive_time_curved,100.6954
APF,normal_city,23,apf_k_att,0.5,drive_time_curved,
APF,normal_city,24,apf_k_att,0.5,drive_time_curved,95.9194
APF,normal_city,25,apf_k_att,0.5,drive_time_curved,96.7716
APF,normal_city,26,apf_k_att,0.5,drive_time_curved,95.1687
APF,normal_city,27,apf_k_att,0.5,drive_time_curved,
APF,normal_city,28,apf_k_att,0.5,drive_time_curved,92.8182
APF,normal_city,29,apf_k_att,0.5,drive_time_curved,91.669
APF,blocked_road,0,apf_k_att,0.5,drive_time_curved,
APF,blocked_road,1,apf_k_att,0.5,drive_time_curved,
APF,blocked_road,2,apf_k_att,0.5,drive_time_curved,
APF,blocked_road,3,apf_k_att,0.5,drive_time_curved,
APF,blocked_road,4,apf_k_att,0.5,drive_time_curved,
APF,blocked_road,5,apf_k_att,0.5,drive_time_curved,
APF,blocked_road,6,apf_k_att,0.5,drive_time_curved,
APF,blocked_road,7,apf_k_att,0.5,drive_time_curved,101.9556
APF,blocked_road,8,apf_k_att,0.5,drive_time_curved,
APF,blocked_road,9,apf_k_att,0.5,drive_time_curved,
APF,blocked_road,10,apf_k_att,0.5,drive_time_curved,
APF,blocked_road,11,apf_k_att,0.5,drive_time_curved,
APF,blocked_road,12,apf_k_att,0.5,drive_time_curved,
APF,blocked_road,13,apf_k_att,0.5,drive_time_curved,117.4779
APF,blocked_road,14,apf_k_att,0.5,drive_time_curved,
APF,blocked_road,15,apf_k_att,0.5,drive_time_curved,
APF,blocked_road,16,apf_k_att,0.5,drive_time_curved,
APF,blocked_road,17,apf_k_att,0.5,drive_time_curved,
APF,blocked_road,18,apf_k_att,0.5,drive_time_curved,111.869
APF,blocked_road,19,apf_k_att,0.5,drive_time_curved,
APF,blocked_road,20,apf_k_att,0.5,drive_time_curved,
APF,blocked_road,21,apf_k_att,0.5,drive_time_curved,
APF,blocked_road,22,apf_k_att,0.5,drive_time_curved,
APF,blocked_road,23,apf_k_att,0.5,drive_time_curved,
APF,blocked_road,24,apf_k_att,0.5,drive_time_curved,
APF,blocked_road,25,apf_k_att,0.5,drive_time_curved,
APF,blocked_road,26,apf_k_att,0.5,drive_time_curved,
APF,blocked_road,27,apf_k_att,0.5,drive_time_curved,
APF,blocked_road,28,apf_k_att,0.5,drive_time_curved,
APF,blocked_road,29,apf_k_att,0.5,drive_time_curved,
APF,dense_city,0,apf_k_att,0.5,drive_time_curved,
APF,dense_city,1,apf_k_att,0.5,drive_time_curved,
APF,dense_city,2,apf_k_att,0.5,drive_time_curved,
APF,dense_city,3,apf_k_att,0.5,drive_time_curved,
APF,dense_city,4,apf_k_att,0.5,drive_time_curved,
APF,dense_city,5,apf_k_att,0.5,drive_time_curved,
APF,dense_city,6,apf_k_att,0.5,drive_time_curved,
APF,dense_city,7,apf_k_att,0.5,drive_time_curved,
APF,dense_city,8,apf_k_att,0.5,drive_time_curved,117.5103
APF,dense_city,9,apf_k_att,0.5,drive_time_curved,
APF,dense_city,10,apf_k_att,0.5,drive_time_curved,121.1044
APF,dense_city,11,apf_k_att,0.5,drive_time_curved,
APF,dense_city,12,apf_k_att,0.5,drive_time_curved,
APF,dense_city,13,apf_k_att,0.5,drive_time_curved,
APF,dense_city,14,apf_k_att,0.5,drive_time_curved,
APF,dense_city,15,apf_k_att,0.5,drive_time_curved,
APF,dense_city,16,apf_k_att,0.5,drive_time_curved,
APF,dense_city,17,apf_k_att,0.5,drive_time_curved,
APF,dense_city,18,apf_k_att,0.5,drive_time_curved,
APF,dense_city,19,apf_k_att,0.5,drive_time_curved,
APF,dense_city,20,apf_k_att,0.5,drive_time_curved,116.8366
APF,dense_city,21,apf_k_att,0.5,drive_time_curved,112.2616
APF,dense_city,22,apf_k_att,0.5,drive_time_curved,
APF,dense_city,23,apf_k_att,0.5,drive_time_curved,
APF,dense_city,24,apf_k_att,0.5,drive_time_curved,
APF,dense_city,25,apf_k_att,0.5,drive_time_curved,
APF,dense_city,26,apf_k_att,0.5,drive_time_curved,
APF,dense_city,27,apf_k_att,0.5,drive_time_curved,
APF,dense_city,28,apf_k_att,0.5,drive_time_curved,
APF,dense_city,29,apf_k_att,0.5,drive_time_curved,
APF,normal_city,0,apf_k_att,1.0,drive_time_curved,73.9379
APF,normal_city,1,apf_k_att,1.0,drive_time_curved,68.2133
APF,normal_city,2,apf_k_att,1.0,drive_time_curved,70.3096
APF,normal_city,3,apf_k_att,1.0,drive_time_curved,68.1822
APF,normal_city,4,apf_k_att,1.0,drive_time_curved,68.8736
APF,normal_city,5,apf_k_att,1.0,drive_time_curved,74.2637
APF,normal_city,6,apf_k_att,1.0,drive_time_curved,
APF,normal_city,7,apf_k_att,1.0,drive_time_curved,74.6543
APF,normal_city,8,apf_k_att,1.0,drive_time_curved,70.9257
APF,normal_city,9,apf_k_att,1.0,drive_time_curved,
APF,normal_city,10,apf_k_att,1.0,drive_time_curved,62.1627
APF,normal_city,11,apf_k_att,1.0,drive_time_curved,78.0522
APF,normal_city,12,apf_k_att,1.0,drive_time_curved,
APF,normal_city,13,apf_k_att,1.0,drive_time_curved,78.6886
APF,normal_city,14,apf_k_att,1.0,drive_time_curved,71.5591
APF,normal_city,15,apf_k_att,1.0,drive_time_curved,71.3762
APF,normal_city,16,apf_k_att,1.0,drive_time_curved,68.1777
APF,normal_city,17,apf_k_att,1.0,drive_time_curved,
APF,normal_city,18,apf_k_att,1.0,drive_time_curved,68.4413
APF,normal_city,19,apf_k_att,1.0,drive_time_curved,
APF,normal_city,20,apf_k_att,1.0,drive_time_curved,67.4884
APF,normal_city,21,apf_k_att,1.0,drive_time_curved,63.8976
APF,normal_city,22,apf_k_att,1.0,drive_time_curved,68.3413
APF,normal_city,23,apf_k_att,1.0,drive_time_curved,
APF,normal_city,24,apf_k_att,1.0,drive_time_curved,63.2702
APF,normal_city,25,apf_k_att,1.0,drive_time_curved,69.7076
APF,normal_city,26,apf_k_att,1.0,drive_time_curved,68.7979
APF,normal_city,27,apf_k_att,1.0,drive_time_curved,83.0692
APF,normal_city,28,apf_k_att,1.0,drive_time_curved,70.3393
APF,normal_city,29,apf_k_att,1.0,drive_time_curved,68.7412
APF,blocked_road,0,apf_k_att,1.0,drive_time_curved,
APF,blocked_road,1,apf_k_att,1.0,drive_time_curved,
APF,blocked_road,2,apf_k_att,1.0,drive_time_curved,
APF,blocked_road,3,apf_k_att,1.0,drive_time_curved,
APF,blocked_road,4,apf_k_att,1.0,drive_time_curved,
APF,blocked_road,5,apf_k_att,1.0,drive_time_curved,
APF,blocked_road,6,apf_k_att,1.0,drive_time_curved,
APF,blocked_road,7,apf_k_att,1.0,drive_time_curved,77.9347
APF,blocked_road,8,apf_k_att,1.0,drive_time_curved,
APF,blocked_road,9,apf_k_att,1.0,drive_time_curved,
APF,blocked_road,10,apf_k_att,1.0,drive_time_curved,
APF,blocked_road,11,apf_k_att,1.0,drive_time_curved,
APF,blocked_road,12,apf_k_att,1.0,drive_time_curved,
APF,blocked_road,13,apf_k_att,1.0,drive_time_curved,67.3026
APF,blocked_road,14,apf_k_att,1.0,drive_time_curved,
APF,blocked_road,15,apf_k_att,1.0,drive_time_curved,
APF,blocked_road,16,apf_k_att,1.0,drive_time_curved,
APF,blocked_road,17,apf_k_att,1.0,drive_time_curved,
APF,blocked_road,18,apf_k_att,1.0,drive_time_curved,80.0766
APF,blocked_road,19,apf_k_att,1.0,drive_time_curved,
APF,blocked_road,20,apf_k_att,1.0,drive_time_curved,
APF,blocked_road,21,apf_k_att,1.0,drive_time_curved,
APF,blocked_road,22,apf_k_att,1.0,drive_time_curved,
APF,blocked_road,23,apf_k_att,1.0,drive_time_curved,
APF,blocked_road,24,apf_k_att,1.0,drive_time_curved,
APF,blocked_road,25,apf_k_att,1.0,drive_time_curved,71.2659
APF,blocked_road,26,apf_k_att,1.0,drive_time_curved,
APF,blocked_road,27,apf_k_att,1.0,drive_time_curved,
APF,blocked_road,28,apf_k_att,1.0,drive_time_curved,
APF,blocked_road,29,apf_k_att,1.0,drive_time_curved,
APF,dense_city,0,apf_k_att,1.0,drive_time_curved,
APF,dense_city,1,apf_k_att,1.0,drive_time_curved,
APF,dense_city,2,apf_k_att,1.0,drive_time_curved,
APF,dense_city,3,apf_k_att,1.0,drive_time_curved,
APF,dense_city,4,apf_k_att,1.0,drive_time_curved,
APF,dense_city,5,apf_k_att,1.0,drive_time_curved,
APF,dense_city,6,apf_k_att,1.0,drive_time_curved,
APF,dense_city,7,apf_k_att,1.0,drive_time_curved,
APF,dense_city,8,apf_k_att,1.0,drive_time_curved,
APF,dense_city,9,apf_k_att,1.0,drive_time_curved,
APF,dense_city,10,apf_k_att,1.0,drive_time_curved,
APF,dense_city,11,apf_k_att,1.0,drive_time_curved,
APF,dense_city,12,apf_k_att,1.0,drive_time_curved,
APF,dense_city,13,apf_k_att,1.0,drive_time_curved,
APF,dense_city,14,apf_k_att,1.0,drive_time_curved,
APF,dense_city,15,apf_k_att,1.0,drive_time_curved,
APF,dense_city,16,apf_k_att,1.0,drive_time_curved,
APF,dense_city,17,apf_k_att,1.0,drive_time_curved,
APF,dense_city,18,apf_k_att,1.0,drive_time_curved,
APF,dense_city,19,apf_k_att,1.0,drive_time_curved,
APF,dense_city,20,apf_k_att,1.0,drive_time_curved,
APF,dense_city,21,apf_k_att,1.0,drive_time_curved,
APF,dense_city,22,apf_k_att,1.0,drive_time_curved,
APF,dense_city,23,apf_k_att,1.0,drive_time_curved,
APF,dense_city,24,apf_k_att,1.0,drive_time_curved,
APF,dense_city,25,apf_k_att,1.0,drive_time_curved,
APF,dense_city,26,apf_k_att,1.0,drive_time_curved,
APF,dense_city,27,apf_k_att,1.0,drive_time_curved,
APF,dense_city,28,apf_k_att,1.0,drive_time_curved,
APF,dense_city,29,apf_k_att,1.0,drive_time_curved,
APF,normal_city,0,apf_k_att,2.0,drive_time_curved,
APF,normal_city,1,apf_k_att,2.0,drive_time_curved,
APF,normal_city,2,apf_k_att,2.0,drive_time_curved,
APF,normal_city,3,apf_k_att,2.0,drive_time_curved,
APF,normal_city,4,apf_k_att,2.0,drive_time_curved,
APF,normal_city,5,apf_k_att,2.0,drive_time_curved,
APF,normal_city,6,apf_k_att,2.0,drive_time_curved,
APF,normal_city,7,apf_k_att,2.0,drive_time_curved,
APF,normal_city,8,apf_k_att,2.0,drive_time_curved,
APF,normal_city,9,apf_k_att,2.0,drive_time_curved,
APF,normal_city,10,apf_k_att,2.0,drive_time_curved,
APF,normal_city,11,apf_k_att,2.0,drive_time_curved,
APF,normal_city,12,apf_k_att,2.0,drive_time_curved,
APF,normal_city,13,apf_k_att,2.0,drive_time_curved,
APF,normal_city,14,apf_k_att,2.0,drive_time_curved,
APF,normal_city,15,apf_k_att,2.0,drive_time_curved,
APF,normal_city,16,apf_k_att,2.0,drive_time_curved,
APF,normal_city,17,apf_k_att,2.0,drive_time_curved,
APF,normal_city,18,apf_k_att,2.0,drive_time_curved,
APF,normal_city,19,apf_k_att,2.0,drive_time_curved,
APF,normal_city,20,apf_k_att,2.0,drive_time_curved,
APF,normal_city,21,apf_k_att,2.0,drive_time_curved,
APF,normal_city,22,apf_k_att,2.0,drive_time_curved,
APF,normal_city,23,apf_k_att,2.0,drive_time_curved,
APF,normal_city,24,apf_k_att,2.0,drive_time_curved,
APF,normal_city,25,apf_k_att,2.0,drive_time_curved,
APF,normal_city,26,apf_k_att,2.0,drive_time_curved,
APF,normal_city,27,apf_k_att,2.0,drive_time_curved,
APF,normal_city,28,apf_k_att,2.0,drive_time_curved,
APF,normal_city,29,apf_k_att,2.0,drive_time_curved,
APF,blocked_road,0,apf_k_att,2.0,drive_time_curved,
APF,blocked_road,1,apf_k_att,2.0,drive_time_curved,
APF,blocked_road,2,apf_k_att,2.0,drive_time_curved,
APF,blocked_road,3,apf_k_att,2.0,drive_time_curved,
APF,blocked_road,4,apf_k_att,2.0,drive_time_curved,
APF,blocked_road,5,apf_k_att,2.0,drive_time_curved,
APF,blocked_road,6,apf_k_att,2.0,drive_time_curved,
APF,blocked_road,7,apf_k_att,2.0,drive_time_curved,
APF,blocked_road,8,apf_k_att,2.0,drive_time_curved,
APF,blocked_road,9,apf_k_att,2.0,drive_time_curved,
APF,blocked_road,10,apf_k_att,2.0,drive_time_curved,
APF,blocked_road,11,apf_k_att,2.0,drive_time_curved,
APF,blocked_road,12,apf_k_att,2.0,drive_time_curved,
APF,blocked_road,13,apf_k_att,2.0,drive_time_curved,
APF,blocked_road,14,apf_k_att,2.0,drive_time_curved,
APF,blocked_road,15,apf_k_att,2.0,drive_time_curved,
APF,blocked_road,16,apf_k_att,2.0,drive_time_curved,
APF,blocked_road,17,apf_k_att,2.0,drive_time_curved,
APF,blocked_road,18,apf_k_att,2.0,drive_time_curved,
APF,blocked_road,19,apf_k_att,2.0,drive_time_curved,
APF,blocked_road,20,apf_k_att,2.0,drive_time_curved,
APF,blocked_road,21,apf_k_att,2.0,drive_time_curved,
APF,blocked_road,22,apf_k_att,2.0,drive_time_curved,
APF,blocked_road,23,apf_k_att,2.0,drive_time_curved,
APF,blocked_road,24,apf_k_att,2.0,drive_time_curved,
APF,blocked_road,25,apf_k_att,2.0,drive_time_curved,
APF,blocked_road,26,apf_k_att,2.0,drive_time_curved,
APF,blocked_road,27,apf_k_att,2.0,drive_time_curved,
APF,blocked_road,28,apf_k_att,2.0,drive_time_curved,
APF,blocked_road,29,apf_k_att,2.0,drive_time_curved,
APF,dense_city,0,apf_k_att,2.0,drive_time_curved,
APF,dense_city,1,apf_k_att,2.0,drive_time_curved,
APF,dense_city,2,apf_k_att,2.0,drive_time_curved,
APF,dense_city,3,apf_k_att,2.0,drive_time_curved,
APF,dense_city,4,apf_k_att,2.0,drive_time_curved,
APF,dense_city,5,apf_k_att,2.0,drive_time_curved,
APF,dense_city,6,apf_k_att,2.0,drive_time_curved,
APF,dense_city,7,apf_k_att,2.0,drive_time_curved,
APF,dense_city,8,apf_k_att,2.0,drive_time_curved,
APF,dense_city,9,apf_k_att,2.0,drive_time_curved,
APF,dense_city,10,apf_k_att,2.0,drive_time_curved,
APF,dense_city,11,apf_k_att,2.0,drive_time_curved,
APF,dense_city,12,apf_k_att,2.0,drive_time_curved,
APF,dense_city,13,apf_k_att,2.0,drive_time_curved,
APF,dense_city,14,apf_k_att,2.0,drive_time_curved,
APF,dense_city,15,apf_k_att,2.0,drive_time_curved,
APF,dense_city,16,apf_k_att,2.0,drive_time_curved,
APF,dense_city,17,apf_k_att,2.0,drive_time_curved,
APF,dense_city,18,apf_k_att,2.0,drive_time_curved,
APF,dense_city,19,apf_k_att,2.0,drive_time_curved,
APF,dense_city,20,apf_k_att,2.0,drive_time_curved,
APF,dense_city,21,apf_k_att,2.0,drive_time_curved,
APF,dense_city,22,apf_k_att,2.0,drive_time_curved,
APF,dense_city,23,apf_k_att,2.0,drive_time_curved,
APF,dense_city,24,apf_k_att,2.0,drive_time_curved,
APF,dense_city,25,apf_k_att,2.0,drive_time_curved,
APF,dense_city,26,apf_k_att,2.0,drive_time_curved,
APF,dense_city,27,apf_k_att,2.0,drive_time_curved,
APF,dense_city,28,apf_k_att,2.0,drive_time_curved,
APF,dense_city,29,apf_k_att,2.0,drive_time_curved,
APF,normal_city,0,apf_k_att,4.0,drive_time_curved,
APF,normal_city,1,apf_k_att,4.0,drive_time_curved,
APF,normal_city,2,apf_k_att,4.0,drive_time_curved,
APF,normal_city,3,apf_k_att,4.0,drive_time_curved,
APF,normal_city,4,apf_k_att,4.0,drive_time_curved,
APF,normal_city,5,apf_k_att,4.0,drive_time_curved,
APF,normal_city,6,apf_k_att,4.0,drive_time_curved,
APF,normal_city,7,apf_k_att,4.0,drive_time_curved,
APF,normal_city,8,apf_k_att,4.0,drive_time_curved,
APF,normal_city,9,apf_k_att,4.0,drive_time_curved,
APF,normal_city,10,apf_k_att,4.0,drive_time_curved,
APF,normal_city,11,apf_k_att,4.0,drive_time_curved,
APF,normal_city,12,apf_k_att,4.0,drive_time_curved,
APF,normal_city,13,apf_k_att,4.0,drive_time_curved,
APF,normal_city,14,apf_k_att,4.0,drive_time_curved,
APF,normal_city,15,apf_k_att,4.0,drive_time_curved,
APF,normal_city,16,apf_k_att,4.0,drive_time_curved,
APF,normal_city,17,apf_k_att,4.0,drive_time_curved,
APF,normal_city,18,apf_k_att,4.0,drive_time_curved,
APF,normal_city,19,apf_k_att,4.0,drive_time_curved,
APF,normal_city,20,apf_k_att,4.0,drive_time_curved,
APF,normal_city,21,apf_k_att,4.0,drive_time_curved,
APF,normal_city,22,apf_k_att,4.0,drive_time_curved,
APF,normal_city,23,apf_k_att,4.0,drive_time_curved,
APF,normal_city,24,apf_k_att,4.0,drive_time_curved,
APF,normal_city,25,apf_k_att,4.0,drive_time_curved,
APF,normal_city,26,apf_k_att,4.0,drive_time_curved,
APF,normal_city,27,apf_k_att,4.0,drive_time_curved,
APF,normal_city,28,apf_k_att,4.0,drive_time_curved,
APF,normal_city,29,apf_k_att,4.0,drive_time_curved,
APF,blocked_road,0,apf_k_att,4.0,drive_time_curved,
APF,blocked_road,1,apf_k_att,4.0,drive_time_curved,
APF,blocked_road,2,apf_k_att,4.0,drive_time_curved,
APF,blocked_road,3,apf_k_att,4.0,drive_time_curved,
APF,blocked_road,4,apf_k_att,4.0,drive_time_curved,
APF,blocked_road,5,apf_k_att,4.0,drive_time_curved,
APF,blocked_road,6,apf_k_att,4.0,drive_time_curved,
APF,blocked_road,7,apf_k_att,4.0,drive_time_curved,
APF,blocked_road,8,apf_k_att,4.0,drive_time_curved,
APF,blocked_road,9,apf_k_att,4.0,drive_time_curved,
APF,blocked_road,10,apf_k_att,4.0,drive_time_curved,
APF,blocked_road,11,apf_k_att,4.0,drive_time_curved,
APF,blocked_road,12,apf_k_att,4.0,drive_time_curved,
APF,blocked_road,13,apf_k_att,4.0,drive_time_curved,
APF,blocked_road,14,apf_k_att,4.0,drive_time_curved,
APF,blocked_road,15,apf_k_att,4.0,drive_time_curved,
APF,blocked_road,16,apf_k_att,4.0,drive_time_curved,
APF,blocked_road,17,apf_k_att,4.0,drive_time_curved,
APF,blocked_road,18,apf_k_att,4.0,drive_time_curved,
APF,blocked_road,19,apf_k_att,4.0,drive_time_curved,
APF,blocked_road,20,apf_k_att,4.0,drive_time_curved,
APF,blocked_road,21,apf_k_att,4.0,drive_time_curved,
APF,blocked_road,22,apf_k_att,4.0,drive_time_curved,
APF,blocked_road,23,apf_k_att,4.0,drive_time_curved,
APF,blocked_road,24,apf_k_att,4.0,drive_time_curved,
APF,blocked_road,25,apf_k_att,4.0,drive_time_curved,
APF,blocked_road,26,apf_k_att,4.0,drive_time_curved,
APF,blocked_road,27,apf_k_att,4.0,drive_time_curved,
APF,blocked_road,28,apf_k_att,4.0,drive_time_curved,
APF,blocked_road,29,apf_k_att,4.0,drive_time_curved,
APF,dense_city,0,apf_k_att,4.0,drive_time_curved,
APF,dense_city,1,apf_k_att,4.0,drive_time_curved,
APF,dense_city,2,apf_k_att,4.0,drive_time_curved,
APF,dense_city,3,apf_k_att,4.0,drive_time_curved,
APF,dense_city,4,apf_k_att,4.0,drive_time_curved,
APF,dense_city,5,apf_k_att,4.0,drive_time_curved,
APF,dense_city,6,apf_k_att,4.0,drive_time_curved,
APF,dense_city,7,apf_k_att,4.0,drive_time_curved,
APF,dense_city,8,apf_k_att,4.0,drive_time_curved,
APF,dense_city,9,apf_k_att,4.0,drive_time_curved,
APF,dense_city,10,apf_k_att,4.0,drive_time_curved,
APF,dense_city,11,apf_k_att,4.0,drive_time_curved,
APF,dense_city,12,apf_k_att,4.0,drive_time_curved,
APF,dense_city,13,apf_k_att,4.0,drive_time_curved,
APF,dense_city,14,apf_k_att,4.0,drive_time_curved,
APF,dense_city,15,apf_k_att,4.0,drive_time_curved,
APF,dense_city,16,apf_k_att,4.0,drive_time_curved,
APF,dense_city,17,apf_k_att,4.0,drive_time_curved,
APF,dense_city,18,apf_k_att,4.0,drive_time_curved,
APF,dense_city,19,apf_k_att,4.0,drive_time_curved,
APF,dense_city,20,apf_k_att,4.0,drive_time_curved,
APF,dense_city,21,apf_k_att,4.0,drive_time_curved,
APF,dense_city,22,apf_k_att,4.0,drive_time_curved,
APF,dense_city,23,apf_k_att,4.0,drive_time_curved,
APF,dense_city,24,apf_k_att,4.0,drive_time_curved,
APF,dense_city,25,apf_k_att,4.0,drive_time_curved,
APF,dense_city,26,apf_k_att,4.0,drive_time_curved,
APF,dense_city,27,apf_k_att,4.0,drive_time_curved,
APF,dense_city,28,apf_k_att,4.0,drive_time_curved,
APF,dense_city,29,apf_k_att,4.0,drive_time_curved,
APF,normal_city,0,apf_k_att,0.5,comp_time,0.0526
APF,normal_city,1,apf_k_att,0.5,comp_time,0.04836
APF,normal_city,2,apf_k_att,0.5,comp_time,0.08276
APF,normal_city,3,apf_k_att,0.5,comp_time,0.04522
APF,normal_city,4,apf_k_att,0.5,comp_time,0.05239
APF,normal_city,5,apf_k_att,0.5,comp_time,0.04812
APF,normal_city,6,apf_k_att,0.5,comp_time,0.02978
APF,normal_city,7,apf_k_att,0.5,comp_time,0.04909
APF,normal_city,8,apf_k_att,0.5,comp_time,0.0545
APF,normal_city,9,apf_k_att,0.5,comp_time,0.61394
APF,normal_city,10,apf_k_att,0.5,comp_time,0.05224
APF,normal_city,11,apf_k_att,0.5,comp_time,0.58766
APF,normal_city,12,apf_k_att,0.5,comp_time,0.5432
APF,normal_city,13,apf_k_att,0.5,comp_time,0.04475
APF,normal_city,14,apf_k_att,0.5,comp_time,0.0477
APF,normal_city,15,apf_k_att,0.5,comp_time,0.04342
APF,normal_city,16,apf_k_att,0.5,comp_time,0.04426
APF,normal_city,17,apf_k_att,0.5,comp_time,0.00951
APF,normal_city,18,apf_k_att,0.5,comp_time,0.04097
APF,normal_city,19,apf_k_att,0.5,comp_time,0.55541
APF,normal_city,20,apf_k_att,0.5,comp_time,0.04601
APF,normal_city,21,apf_k_att,0.5,comp_time,0.04381
APF,normal_city,22,apf_k_att,0.5,comp_time,0.04681
APF,normal_city,23,apf_k_att,0.5,comp_time,0.55515
APF,normal_city,24,apf_k_att,0.5,comp_time,0.04496
APF,normal_city,25,apf_k_att,0.5,comp_time,0.04604
APF,normal_city,26,apf_k_att,0.5,comp_time,0.05667
APF,normal_city,27,apf_k_att,0.5,comp_time,0.56934
APF,normal_city,28,apf_k_att,0.5,comp_time,0.04899
APF,normal_city,29,apf_k_att,0.5,comp_time,0.05118
APF,blocked_road,0,apf_k_att,0.5,comp_time,0.52984
APF,blocked_road,1,apf_k_att,0.5,comp_time,0.53979
APF,blocked_road,2,apf_k_att,0.5,comp_time,0.55671
APF,blocked_road,3,apf_k_att,0.5,comp_time,0.55739
APF,blocked_road,4,apf_k_att,0.5,comp_time,0.54384
APF,blocked_road,5,apf_k_att,0.5,comp_time,0.52887
APF,blocked_road,6,apf_k_att,0.5,comp_time,0.53912
APF,blocked_road,7,apf_k_att,0.5,comp_time,0.04869
APF,blocked_road,8,apf_k_att,0.5,comp_time,0.5279
APF,blocked_road,9,apf_k_att,0.5,comp_time,0.53738
APF,blocked_road,10,apf_k_att,0.5,comp_time,0.52624
APF,blocked_road,11,apf_k_att,0.5,comp_time,0.54901
APF,blocked_road,12,apf_k_att,0.5,comp_time,0.5504
APF,blocked_road,13,apf_k_att,0.5,comp_time,0.05394
APF,blocked_road,14,apf_k_att,0.5,comp_time,0.52896
APF,blocked_road,15,apf_k_att,0.5,comp_time,0.55505
APF,blocked_road,16,apf_k_att,0.5,comp_time,0.5733
APF,blocked_road,17,apf_k_att,0.5,comp_time,0.53672
APF,blocked_road,18,apf_k_att,0.5,comp_time,0.0504
APF,blocked_road,19,apf_k_att,0.5,comp_time,0.53278
APF,blocked_road,20,apf_k_att,0.5,comp_time,0.53807
APF,blocked_road,21,apf_k_att,0.5,comp_time,0.01417
APF,blocked_road,22,apf_k_att,0.5,comp_time,0.01863
APF,blocked_road,23,apf_k_att,0.5,comp_time,0.53821
APF,blocked_road,24,apf_k_att,0.5,comp_time,0.5284
APF,blocked_road,25,apf_k_att,0.5,comp_time,0.02009
APF,blocked_road,26,apf_k_att,0.5,comp_time,0.5382
APF,blocked_road,27,apf_k_att,0.5,comp_time,0.61313
APF,blocked_road,28,apf_k_att,0.5,comp_time,0.57933
APF,blocked_road,29,apf_k_att,0.5,comp_time,0.54813
APF,dense_city,0,apf_k_att,0.5,comp_time,0.56151
APF,dense_city,1,apf_k_att,0.5,comp_time,0.56261
APF,dense_city,2,apf_k_att,0.5,comp_time,0.56489
APF,dense_city,3,apf_k_att,0.5,comp_time,0.52475
APF,dense_city,4,apf_k_att,0.5,comp_time,0.53822
APF,dense_city,5,apf_k_att,0.5,comp_time,0.02316
APF,dense_city,6,apf_k_att,0.5,comp_time,0.5498
APF,dense_city,7,apf_k_att,0.5,comp_time,0.56178
APF,dense_city,8,apf_k_att,0.5,comp_time,0.05292
APF,dense_city,9,apf_k_att,0.5,comp_time,0.04663
APF,dense_city,10,apf_k_att,0.5,comp_time,0.05818
APF,dense_city,11,apf_k_att,0.5,comp_time,0.04382
APF,dense_city,12,apf_k_att,0.5,comp_time,0.55205
APF,dense_city,13,apf_k_att,0.5,comp_time,0.01358
APF,dense_city,14,apf_k_att,0.5,comp_time,0.56364
APF,dense_city,15,apf_k_att,0.5,comp_time,0.54046
APF,dense_city,16,apf_k_att,0.5,comp_time,0.05679
APF,dense_city,17,apf_k_att,0.5,comp_time,0.55748
APF,dense_city,18,apf_k_att,0.5,comp_time,0.5289
APF,dense_city,19,apf_k_att,0.5,comp_time,0.53877
APF,dense_city,20,apf_k_att,0.5,comp_time,0.05346
APF,dense_city,21,apf_k_att,0.5,comp_time,0.0537
APF,dense_city,22,apf_k_att,0.5,comp_time,0.55466
APF,dense_city,23,apf_k_att,0.5,comp_time,0.55708
APF,dense_city,24,apf_k_att,0.5,comp_time,0.54644
APF,dense_city,25,apf_k_att,0.5,comp_time,0.55507
APF,dense_city,26,apf_k_att,0.5,comp_time,0.53821
APF,dense_city,27,apf_k_att,0.5,comp_time,0.51524
APF,dense_city,28,apf_k_att,0.5,comp_time,0.02317
APF,dense_city,29,apf_k_att,0.5,comp_time,0.4945
APF,normal_city,0,apf_k_att,1.0,comp_time,0.0409
APF,normal_city,1,apf_k_att,1.0,comp_time,0.04251
APF,normal_city,2,apf_k_att,1.0,comp_time,0.04289
APF,normal_city,3,apf_k_att,1.0,comp_time,0.04009
APF,normal_city,4,apf_k_att,1.0,comp_time,0.04133
APF,normal_city,5,apf_k_att,1.0,comp_time,0.03942
APF,normal_city,6,apf_k_att,1.0,comp_time,0.01521
APF,normal_city,7,apf_k_att,1.0,comp_time,0.04312
APF,normal_city,8,apf_k_att,1.0,comp_time,0.03941
APF,normal_city,9,apf_k_att,1.0,comp_time,0.01441
APF,normal_city,10,apf_k_att,1.0,comp_time,0.03639
APF,normal_city,11,apf_k_att,1.0,comp_time,0.06107
APF,normal_city,12,apf_k_att,1.0,comp_time,0.54656
APF,normal_city,13,apf_k_att,1.0,comp_time,0.0387
APF,normal_city,14,apf_k_att,1.0,comp_time,0.03825
APF,normal_city,15,apf_k_att,1.0,comp_time,0.03923
APF,normal_city,16,apf_k_att,1.0,comp_time,0.05135
APF,normal_city,17,apf_k_att,1.0,comp_time,0.00967
APF,normal_city,18,apf_k_att,1.0,comp_time,0.04589
APF,normal_city,19,apf_k_att,1.0,comp_time,0.58966
APF,normal_city,20,apf_k_att,1.0,comp_time,0.03787
APF,normal_city,21,apf_k_att,1.0,comp_time,0.03911
APF,normal_city,22,apf_k_att,1.0,comp_time,0.04574
APF,normal_city,23,apf_k_att,1.0,comp_time,0.01555
APF,normal_city,24,apf_k_att,1.0,comp_time,0.03623
APF,normal_city,25,apf_k_att,1.0,comp_time,0.0398
APF,normal_city,26,apf_k_att,1.0,comp_time,0.03822
APF,normal_city,27,apf_k_att,1.0,comp_time,0.04413
APF,normal_city,28,apf_k_att,1.0,comp_time,0.04074
APF,normal_city,29,apf_k_att,1.0,comp_time,0.04052
APF,blocked_road,0,apf_k_att,1.0,comp_time,0.56424
APF,blocked_road,1,apf_k_att,1.0,comp_time,0.53924
APF,blocked_road,2,apf_k_att,1.0,comp_time,0.01282
APF,blocked_road,3,apf_k_att,1.0,comp_time,0.01454
APF,blocked_road,4,apf_k_att,1.0,comp_time,0.54207
APF,blocked_road,5,apf_k_att,1.0,comp_time,0.54073
APF,blocked_road,6,apf_k_att,1.0,comp_time,0.52525
APF,blocked_road,7,apf_k_att,1.0,comp_time,0.04053
APF,blocked_road,8,apf_k_att,1.0,comp_time,0.01284
APF,blocked_road,9,apf_k_att,1.0,comp_time,0.57697
APF,blocked_road,10,apf_k_att,1.0,comp_time,0.01699
APF,blocked_road,11,apf_k_att,1.0,comp_time,0.01477
APF,blocked_road,12,apf_k_att,1.0,comp_time,0.55115
APF,blocked_road,13,apf_k_att,1.0,comp_time,0.03784
APF,blocked_road,14,apf_k_att,1.0,comp_time,0.52256
APF,blocked_road,15,apf_k_att,1.0,comp_time,0.54057
APF,blocked_road,16,apf_k_att,1.0,comp_time,0.54196
APF,blocked_road,17,apf_k_att,1.0,comp_time,0.01566
APF,blocked_road,18,apf_k_att,1.0,comp_time,0.04283
APF,blocked_road,19,apf_k_att,1.0,comp_time,0.02364
APF,blocked_road,20,apf_k_att,1.0,comp_time,0.53756
APF,blocked_road,21,apf_k_att,1.0,comp_time,0.00784
APF,blocked_road,22,apf_k_att,1.0,comp_time,0.01518
APF,blocked_road,23,apf_k_att,1.0,comp_time,0.01344
APF,blocked_road,24,apf_k_att,1.0,comp_time,0.01646
APF,blocked_road,25,apf_k_att,1.0,comp_time,0.04023
APF,blocked_road,26,apf_k_att,1.0,comp_time,0.53505
APF,blocked_road,27,apf_k_att,1.0,comp_time,0.0159
APF,blocked_road,28,apf_k_att,1.0,comp_time,0.01492
APF,blocked_road,29,apf_k_att,1.0,comp_time,0.01713
APF,dense_city,0,apf_k_att,1.0,comp_time,0.01938
APF,dense_city,1,apf_k_att,1.0,comp_time,0.01347
APF,dense_city,2,apf_k_att,1.0,comp_time,0.01405
APF,dense_city,3,apf_k_att,1.0,comp_time,0.01337
APF,dense_city,4,apf_k_att,1.0,comp_time,0.0149
APF,dense_city,5,apf_k_att,1.0,comp_time,0.05291
APF,dense_city,6,apf_k_att,1.0,comp_time,0.0172
APF,dense_city,7,apf_k_att,1.0,comp_time,0.57556
APF,dense_city,8,apf_k_att,1.0,comp_time,0.01362
APF,dense_city,9,apf_k_att,1.0,comp_time,0.01989
APF,dense_city,10,apf_k_att,1.0,comp_time,0.0162
APF,dense_city,11,apf_k_att,1.0,comp_time,0.01676
APF,dense_city,12,apf_k_att,1.0,comp_time,0.56196
APF,dense_city,13,apf_k_att,1.0,comp_time,0.01191
APF,dense_city,14,apf_k_att,1.0,comp_time,0.01372
APF,dense_city,15,apf_k_att,1.0,comp_time,0.02477
APF,dense_city,16,apf_k_att,1.0,comp_time,0.01483
APF,dense_city,17,apf_k_att,1.0,comp_time,0.01434
APF,dense_city,18,apf_k_att,1.0,comp_time,0.01382
APF,dense_city,19,apf_k_att,1.0,comp_time,0.01361
APF,dense_city,20,apf_k_att,1.0,comp_time,0.01432
APF,dense_city,21,apf_k_att,1.0,comp_time,0.01511
APF,dense_city,22,apf_k_att,1.0,comp_time,0.01413
APF,dense_city,23,apf_k_att,1.0,comp_time,0.01206
APF,dense_city,24,apf_k_att,1.0,comp_time,0.01305
APF,dense_city,25,apf_k_att,1.0,comp_time,0.01593
APF,dense_city,26,apf_k_att,1.0,comp_time,0.01345
APF,dense_city,27,apf_k_att,1.0,comp_time,0.01511
APF,dense_city,28,apf_k_att,1.0,comp_time,0.0134
APF,dense_city,29,apf_k_att,1.0,comp_time,0.01265
APF,normal_city,0,apf_k_att,2.0,comp_time,0.01098
APF,normal_city,1,apf_k_att,2.0,comp_time,0.01123
APF,normal_city,2,apf_k_att,2.0,comp_time,0.01117
APF,normal_city,3,apf_k_att,2.0,comp_time,0.00732
APF,normal_city,4,apf_k_att,2.0,comp_time,0.01026
APF,normal_city,5,apf_k_att,2.0,comp_time,0.00993
APF,normal_city,6,apf_k_att,2.0,comp_time,0.01211
APF,normal_city,7,apf_k_att,2.0,comp_time,0.01342
APF,normal_city,8,apf_k_att,2.0,comp_time,0.00906
APF,normal_city,9,apf_k_att,2.0,comp_time,0.01077
APF,normal_city,10,apf_k_att,2.0,comp_time,0.00729
APF,normal_city,11,apf_k_att,2.0,comp_time,0.0112
APF,normal_city,12,apf_k_att,2.0,comp_time,0.01149
APF,normal_city,13,apf_k_att,2.0,comp_time,0.01119
APF,normal_city,14,apf_k_att,2.0,comp_time,0.00897
APF,normal_city,15,apf_k_att,2.0,comp_time,0.00846
APF,normal_city,16,apf_k_att,2.0,comp_time,0.00941
APF,normal_city,17,apf_k_att,2.0,comp_time,0.00857
APF,normal_city,18,apf_k_att,2.0,comp_time,0.00842
APF,normal_city,19,apf_k_att,2.0,comp_time,0.00906
APF,normal_city,20,apf_k_att,2.0,comp_time,0.01095
APF,normal_city,21,apf_k_att,2.0,comp_time,0.00857
APF,normal_city,22,apf_k_att,2.0,comp_time,0.01058
APF,normal_city,23,apf_k_att,2.0,comp_time,0.0107
APF,normal_city,24,apf_k_att,2.0,comp_time,0.00822
APF,normal_city,25,apf_k_att,2.0,comp_time,0.0119
APF,normal_city,26,apf_k_att,2.0,comp_time,0.00882
APF,normal_city,27,apf_k_att,2.0,comp_time,0.00828
APF,normal_city,28,apf_k_att,2.0,comp_time,0.01161
APF,normal_city,29,apf_k_att,2.0,comp_time,0.01162
APF,blocked_road,0,apf_k_att,2.0,comp_time,0.00851
APF,blocked_road,1,apf_k_att,2.0,comp_time,0.00834
APF,blocked_road,2,apf_k_att,2.0,comp_time,0.0095
APF,blocked_road,3,apf_k_att,2.0,comp_time,0.00658
APF,blocked_road,4,apf_k_att,2.0,comp_time,0.00797
APF,blocked_road,5,apf_k_att,2.0,comp_time,0.00811
APF,blocked_road,6,apf_k_att,2.0,comp_time,0.00833
APF,blocked_road,7,apf_k_att,2.0,comp_time,0.01113
APF,blocked_road,8,apf_k_att,2.0,comp_time,0.00718
APF,blocked_road,9,apf_k_att,2.0,comp_time,0.00702
APF,blocked_road,10,apf_k_att,2.0,comp_time,0.00738
APF,blocked_road,11,apf_k_att,2.0,comp_time,0.00809
APF,blocked_road,12,apf_k_att,2.0,comp_time,0.00926
APF,blocked_road,13,apf_k_att,2.0,comp_time,0.01039
APF,blocked_road,14,apf_k_att,2.0,comp_time,0.00704
APF,blocked_road,15,apf_k_att,2.0,comp_time,0.00821
APF,blocked_road,16,apf_k_att,2.0,comp_time,0.01129
APF,blocked_road,17,apf_k_att,2.0,comp_time,0.00838
APF,blocked_road,18,apf_k_att,2.0,comp_time,0.00793
APF,blocked_road,19,apf_k_att,2.0,comp_time,0.00684
APF,blocked_road,20,apf_k_att,2.0,comp_time,0.01191
APF,blocked_road,21,apf_k_att,2.0,comp_time,0.00699
APF,blocked_road,22,apf_k_att,2.0,comp_time,0.00825
APF,blocked_road,23,apf_k_att,2.0,comp_time,0.01184
APF,blocked_road,24,apf_k_att,2.0,comp_time,0.01231
APF,blocked_road,25,apf_k_att,2.0,comp_time,0.01009
APF,blocked_road,26,apf_k_att,2.0,comp_time,0.00683
APF,blocked_road,27,apf_k_att,2.0,comp_time,0.00779
APF,blocked_road,28,apf_k_att,2.0,comp_time,0.01213
APF,blocked_road,29,apf_k_att,2.0,comp_time,0.01018
APF,dense_city,0,apf_k_att,2.0,comp_time,0.01184
APF,dense_city,1,apf_k_att,2.0,comp_time,0.01593
APF,dense_city,2,apf_k_att,2.0,comp_time,0.01278
APF,dense_city,3,apf_k_att,2.0,comp_time,0.0107
APF,dense_city,4,apf_k_att,2.0,comp_time,0.01235
APF,dense_city,5,apf_k_att,2.0,comp_time,0.01433
APF,dense_city,6,apf_k_att,2.0,comp_time,0.01268
APF,dense_city,7,apf_k_att,2.0,comp_time,0.01326
APF,dense_city,8,apf_k_att,2.0,comp_time,0.01097
APF,dense_city,9,apf_k_att,2.0,comp_time,0.01428
APF,dense_city,10,apf_k_att,2.0,comp_time,0.0143
APF,dense_city,11,apf_k_att,2.0,comp_time,0.0145
APF,dense_city,12,apf_k_att,2.0,comp_time,0.01449
APF,dense_city,13,apf_k_att,2.0,comp_time,0.01261
APF,dense_city,14,apf_k_att,2.0,comp_time,0.01231
APF,dense_city,15,apf_k_att,2.0,comp_time,0.0107
APF,dense_city,16,apf_k_att,2.0,comp_time,0.01276
APF,dense_city,17,apf_k_att,2.0,comp_time,0.0127
APF,dense_city,18,apf_k_att,2.0,comp_time,0.0121
APF,dense_city,19,apf_k_att,2.0,comp_time,0.01178
APF,dense_city,20,apf_k_att,2.0,comp_time,0.01244
APF,dense_city,21,apf_k_att,2.0,comp_time,0.01197
APF,dense_city,22,apf_k_att,2.0,comp_time,0.01244
APF,dense_city,23,apf_k_att,2.0,comp_time,0.01268
APF,dense_city,24,apf_k_att,2.0,comp_time,0.01103
APF,dense_city,25,apf_k_att,2.0,comp_time,0.01275
APF,dense_city,26,apf_k_att,2.0,comp_time,0.01124
APF,dense_city,27,apf_k_att,2.0,comp_time,0.00961
APF,dense_city,28,apf_k_att,2.0,comp_time,0.01132
APF,dense_city,29,apf_k_att,2.0,comp_time,0.01118
APF,normal_city,0,apf_k_att,4.0,comp_time,0.01117
APF,normal_city,1,apf_k_att,4.0,comp_time,0.01125
APF,normal_city,2,apf_k_att,4.0,comp_time,0.01128
APF,normal_city,3,apf_k_att,4.0,comp_time,0.0076
APF,normal_city,4,apf_k_att,4.0,comp_time,0.01058
APF,normal_city,5,apf_k_att,4.0,comp_time,0.00963
APF,normal_city,6,apf_k_att,4.0,comp_time,0.01234
APF,normal_city,7,apf_k_att,4.0,comp_time,0.01305
APF,normal_city,8,apf_k_att,4.0,comp_time,0.01002
APF,normal_city,9,apf_k_att,4.0,comp_time,0.00988
APF,normal_city,10,apf_k_att,4.0,comp_time,0.00732
APF,normal_city,11,apf_k_att,4.0,comp_time,0.01193
APF,normal_city,12,apf_k_att,4.0,comp_time,0.01323
APF,normal_city,13,apf_k_att,4.0,comp_time,0.00896
APF,normal_city,14,apf_k_att,4.0,comp_time,0.00908
APF,normal_city,15,apf_k_att,4.0,comp_time,0.00849
APF,normal_city,16,apf_k_att,4.0,comp_time,0.00932
APF,normal_city,17,apf_k_att,4.0,comp_time,0.0092
APF,normal_city,18,apf_k_att,4.0,comp_time,0.00824
APF,normal_city,19,apf_k_att,4.0,comp_time,0.00992
APF,normal_city,20,apf_k_att,4.0,comp_time,0.00882
APF,normal_city,21,apf_k_att,4.0,comp_time,0.00859
APF,normal_city,22,apf_k_att,4.0,comp_time,0.00968
APF,normal_city,23,apf_k_att,4.0,comp_time,0.01116
APF,normal_city,24,apf_k_att,4.0,comp_time,0.00828
APF,normal_city,25,apf_k_att,4.0,comp_time,0.01014
APF,normal_city,26,apf_k_att,4.0,comp_time,0.00871
APF,normal_city,27,apf_k_att,4.0,comp_time,0.00809
APF,normal_city,28,apf_k_att,4.0,comp_time,0.01101
APF,normal_city,29,apf_k_att,4.0,comp_time,0.00997
APF,blocked_road,0,apf_k_att,4.0,comp_time,0.00852
APF,blocked_road,1,apf_k_att,4.0,comp_time,0.0122
APF,blocked_road,2,apf_k_att,4.0,comp_time,0.00987
APF,blocked_road,3,apf_k_att,4.0,comp_time,0.00668
APF,blocked_road,4,apf_k_att,4.0,comp_time,0.00812
APF,blocked_road,5,apf_k_att,4.0,comp_time,0.00802
APF,blocked_road,6,apf_k_att,4.0,comp_time,0.0088
APF,blocked_road,7,apf_k_att,4.0,comp_time,0.01024
APF,blocked_road,8,apf_k_att,4.0,comp_time,0.00723
APF,blocked_road,9,apf_k_att,4.0,comp_time,0.00714
APF,blocked_road,10,apf_k_att,4.0,comp_time,0.00688
APF,blocked_road,11,apf_k_att,4.0,comp_time,0.00833
APF,blocked_road,12,apf_k_att,4.0,comp_time,0.00802
APF,blocked_road,13,apf_k_att,4.0,comp_time,0.00846
APF,blocked_road,14,apf_k_att,4.0,comp_time,0.00629
APF,blocked_road,15,apf_k_att,4.0,comp_time,0.00717
APF,blocked_road,16,apf_k_att,4.0,comp_time,0.00671
APF,blocked_road,17,apf_k_att,4.0,comp_time,0.00853
APF,blocked_road,18,apf_k_att,4.0,comp_time,0.00836
APF,blocked_road,19,apf_k_att,4.0,comp_time,0.00792
APF,blocked_road,20,apf_k_att,4.0,comp_time,0.00693
APF,blocked_road,21,apf_k_att,4.0,comp_time,0.00591
APF,blocked_road,22,apf_k_att,4.0,comp_time,0.007
APF,blocked_road,23,apf_k_att,4.0,comp_time,0.01047
APF,blocked_road,24,apf_k_att,4.0,comp_time,0.00883
APF,blocked_road,25,apf_k_att,4.0,comp_time,0.0095
APF,blocked_road,26,apf_k_att,4.0,comp_time,0.0068
APF,blocked_road,27,apf_k_att,4.0,comp_time,0.00777
APF,blocked_road,28,apf_k_att,4.0,comp_time,0.00946
APF,blocked_road,29,apf_k_att,4.0,comp_time,0.00904
APF,dense_city,0,apf_k_att,4.0,comp_time,0.01171
APF,dense_city,1,apf_k_att,4.0,comp_time,0.01166
APF,dense_city,2,apf_k_att,4.0,comp_time,0.01211
APF,dense_city,3,apf_k_att,4.0,comp_time,0.00895
APF,dense_city,4,apf_k_att,4.0,comp_time,0.01299
APF,dense_city,5,apf_k_att,4.0,comp_time,0.01354
APF,dense_city,6,apf_k_att,4.0,comp_time,0.01354
APF,dense_city,7,apf_k_att,4.0,comp_time,0.01279
APF,dense_city,8,apf_k_att,4.0,comp_time,0.01102
APF,dense_city,9,apf_k_att,4.0,comp_time,0.01413
APF,dense_city,10,apf_k_att,4.0,comp_time,0.01373
APF,dense_city,11,apf_k_att,4.0,comp_time,0.0137
APF,dense_city,12,apf_k_att,4.0,comp_time,0.01663
APF,dense_city,13,apf_k_att,4.0,comp_time,0.01239
APF,dense_city,14,apf_k_att,4.0,comp_time,0.01222
APF,dense_city,15,apf_k_att,4.0,comp_time,0.00977
APF,dense_city,16,apf_k_att,4.0,comp_time,0.01297
APF,dense_city,17,apf_k_att,4.0,comp_time,0.01258
APF,dense_city,18,apf_k_att,4.0,comp_time,0.01094
APF,dense_city,19,apf_k_att,4.0,comp_time,0.01107
APF,dense_city,20,apf_k_att,4.0,comp_time,0.01272
APF,dense_city,21,apf_k_att,4.0,comp_time,0.01217
APF,dense_city,22,apf_k_att,4.0,comp_time,0.01274
APF,dense_city,23,apf_k_att,4.0,comp_time,0.01197
APF,dense_city,24,apf_k_att,4.0,comp_time,0.01118
APF,dense_city,25,apf_k_att,4.0,comp_time,0.01278
APF,dense_city,26,apf_k_att,4.0,comp_time,0.01144
APF,dense_city,27,apf_k_att,4.0,comp_time,0.00941
APF,dense_city,28,apf_k_att,4.0,comp_time,0.01051
APF,dense_city,29,apf_k_att,4.0,comp_time,0.01051
