planner,scenario,instance,parameter,value,metric,result
RRT*,normal_city,0,rrt_step,2.0,success,1.0
RRT*,normal_city,1,rrt_step,2.0,success,1.0
RRT*,normal_city,2,rrt_step,2.0,success,1.0
RRT*,normal_city,3,rrt_step,2.0,success,1.0
RRT*,normal_city,4,rrt_step,2.0,success,1.0
RRT*,normal_city,5,rrt_step,2.0,success,1.0
RRT*,normal_city,6,rrt_step,2.0,success,1.0
RRT*,normal_city,7,rrt_step,2.0,success,1.0
RRT*,normal_city,8,rrt_step,2.0,success,1.0
RRT*,normal_city,9,rrt_step,2.0,success,1.0
RRT*,normal_city,10,rrt_step,2.0,success,1.0
RRT*,normal_city,11,rrt_step,2.0,success,1.0
RRT*,normal_city,12,rrt_step,2.0,success,1.0
RRT*,normal_city,13,rrt_step,2.0,success,1.0
RRT*,normal_city,14,rrt_step,2.0,success,1.0
RRT*,normal_city,15,rrt_step,2.0,success,1.0
RRT*,normal_city,16,rrt_step,2.0,success,1.0
RRT*,normal_city,17,rrt_step,2.0,success,1.0
RRT*,normal_city,18,rrt_step,2.0,success,1.0
RRT*,normal_city,19,rrt_step,2.0,success,1.0
RRT*,normal_city,20,rrt_step,2.0,success,1.0
RRT*,normal_city,21,rrt_step,2.0,success,1.0
RRT*,normal_city,22,rrt_step,2.0,success,1.0
RRT*,normal_city,23,rrt_step,2.0,success,1.0
RRT*,normal_city,24,rrt_step,2.0,success,1.0
RRT*,normal_city,25,rrt_step,2.0,success,1.0
RRT*,normal_city,26,rrt_step,2.0,success,1.0
RRT*,normal_city,27,rrt_step,2.0,success,1.0
RRT*,normal_city,28,rrt_step,2.0,success,1.0
RRT*,normal_city,29,rrt_step,2.0,success,1.0
RRT*,blocked_road,0,rrt_step,2.0,success,1.0
RRT*,blocked_road,1,rrt_step,2.0,success,1.0
RRT*,blocked_road,2,rrt_step,2.0,success,1.0
RRT*,blocked_road,3,rrt_step,2.0,success,1.0
RRT*,blocked_road,4,rrt_step,2.0,success,1.0
RRT*,blocked_road,5,rrt_step,2.0,success,1.0
RRT*,blocked_road,6,rrt_step,2.0,success,1.0
RRT*,blocked_road,7,rrt_step,2.0,success,1.0
RRT*,blocked_road,8,rrt_step,2.0,success,1.0
RRT*,blocked_road,9,rrt_step,2.0,success,1.0
RRT*,blocked_road,10,rrt_step,2.0,success,1.0
RRT*,blocked_road,11,rrt_step,2.0,success,1.0
RRT*,blocked_road,12,rrt_step,2.0,success,1.0
RRT*,blocked_road,13,rrt_step,2.0,success,1.0
RRT*,blocked_road,14,rrt_step,2.0,success,1.0
RRT*,blocked_road,15,rrt_step,2.0,success,1.0
RRT*,blocked_road,16,rrt_step,2.0,success,1.0
RRT*,blocked_road,17,rrt_step,2.0,success,1.0
RRT*,blocked_road,18,rrt_step,2.0,success,1.0
RRT*,blocked_road,19,rrt_step,2.0,success,1.0
RRT*,blocked_road,20,rrt_step,2.0,success,1.0
RRT*,blocked_road,21,rrt_step,2.0,success,1.0
RRT*,blocked_road,22,rrt_step,2.0,success,1.0
RRT*,blocked_road,23,rrt_step,2.0,success,1.0
RRT*,blocked_road,24,rrt_step,2.0,success,1.0
RRT*,blocked_road,25,rrt_step,2.0,success,1.0
RRT*,blocked_road,26,rrt_step,2.0,success,1.0
RRT*,blocked_road,27,rrt_step,2.0,success,1.0
RRT*,blocked_road,28,rrt_step,2.0,success,1.0
RRT*,blocked_road,29,rrt_step,2.0,success,1.0
RRT*,dense_city,0,rrt_step,2.0,success,1.0
RRT*,dense_city,1,rrt_step,2.0,success,0.0
RRT*,dense_city,2,rrt_step,2.0,success,1.0
RRT*,dense_city,3,rrt_step,2.0,success,1.0
RRT*,dense_city,4,rrt_step,2.0,success,1.0
RRT*,dense_city,5,rrt_step,2.0,success,1.0
RRT*,dense_city,6,rrt_step,2.0,success,1.0
RRT*,dense_city,7,rrt_step,2.0,success,0.0
RRT*,dense_city,8,rrt_step,2.0,success,1.0
RRT*,dense_city,9,rrt_step,2.0,success,0.0
RRT*,dense_city,10,rrt_step,2.0,success,1.0
RRT*,dense_city,11,rrt_step,2.0,success,1.0
RRT*,dense_city,12,rrt_step,2.0,success,1.0
RRT*,dense_city,13,rrt_step,2.0,success,1.0
RRT*,dense_city,14,rrt_step,2.0,success,1.0
RRT*,dense_city,15,rrt_step,2.0,success,1.0
RRT*,dense_city,16,rrt_step,2.0,success,1.0
RRT*,dense_city,17,rrt_step,2.0,success,1.0
RRT*,dense_city,18,rrt_step,2.0,success,1.0
RRT*,dense_city,19,rrt_step,2.0,success,1.0
RRT*,dense_city,20,rrt_step,2.0,success,1.0
RRT*,dense_city,21,rrt_step,2.0,success,1.0
RRT*,dense_city,22,rrt_step,2.0,success,1.0
RRT*,dense_city,23,rrt_step,2.0,success,1.0
RRT*,dense_city,24,rrt_step,2.0,success,1.0
RRT*,dense_city,25,rrt_step,2.0,success,1.0
RRT*,dense_city,26,rrt_step,2.0,success,1.0
RRT*,dense_city,27,rrt_step,2.0,success,1.0
RRT*,dense_city,28,rrt_step,2.0,success,1.0
RRT*,dense_city,29,rrt_step,2.0,success,1.0
RRT*,normal_city,0,rrt_step,3.0,success,1.0
RRT*,normal_city,1,rrt_step,3.0,success,1.0
RRT*,normal_city,2,rrt_step,3.0,success,1.0
RRT*,normal_city,3,rrt_step,3.0,success,1.0
RRT*,normal_city,4,rrt_step,3.0,success,1.0
RRT*,normal_city,5,rrt_step,3.0,success,1.0
RRT*,normal_city,6,rrt_step,3.0,success,1.0
RRT*,normal_city,7,rrt_step,3.0,success,1.0
RRT*,normal_city,8,rrt_step,3.0,success,1.0
RRT*,normal_city,9,rrt_step,3.0,success,1.0
RRT*,normal_city,10,rrt_step,3.0,success,1.0
RRT*,normal_city,11,rrt_step,3.0,success,1.0
RRT*,normal_city,12,rrt_step,3.0,success,1.0
RRT*,normal_city,13,rrt_step,3.0,success,1.0
RRT*,normal_city,14,rrt_step,3.0,success,1.0
RRT*,normal_city,15,rrt_step,3.0,success,1.0
RRT*,normal_city,16,rrt_step,3.0,success,1.0
RRT*,normal_city,17,rrt_step,3.0,success,1.0
RRT*,normal_city,18,rrt_step,3.0,success,1.0
RRT*,normal_city,19,rrt_step,3.0,success,1.0
RRT*,normal_city,20,rrt_step,3.0,success,1.0
RRT*,normal_city,21,rrt_step,3.0,success,1.0
RRT*,normal_city,22,rrt_step,3.0,success,1.0
RRT*,normal_city,23,rrt_step,3.0,success,1.0
RRT*,normal_city,24,rrt_step,3.0,success,1.0
RRT*,normal_city,25,rrt_step,3.0,success,1.0
RRT*,normal_city,26,rrt_step,3.0,success,1.0
RRT*,normal_city,27,rrt_step,3.0,success,1.0
RRT*,normal_city,28,rrt_step,3.0,success,1.0
RRT*,normal_city,29,rrt_step,3.0,success,1.0
RRT*,blocked_road,0,rrt_step,3.0,success,1.0
RRT*,blocked_road,1,rrt_step,3.0,success,1.0
RRT*,blocked_road,2,rrt_step,3.0,success,1.0
RRT*,blocked_road,3,rrt_step,3.0,success,1.0
RRT*,blocked_road,4,rrt_step,3.0,success,1.0
RRT*,blocked_road,5,rrt_step,3.0,success,1.0
RRT*,blocked_road,6,rrt_step,3.0,success,1.0
RRT*,blocked_road,7,rrt_step,3.0,success,1.0
RRT*,blocked_road,8,rrt_step,3.0,success,1.0
RRT*,blocked_road,9,rrt_step,3.0,success,1.0
RRT*,blocked_road,10,rrt_step,3.0,success,1.0
RRT*,blocked_road,11,rrt_step,3.0,success,1.0
RRT*,blocked_road,12,rrt_step,3.0,success,1.0
RRT*,blocked_road,13,rrt_step,3.0,success,1.0
RRT*,blocked_road,14,rrt_step,3.0,success,1.0
RRT*,blocked_road,15,rrt_step,3.0,success,1.0
RRT*,blocked_road,16,rrt_step,3.0,success,1.0
RRT*,blocked_road,17,rrt_step,3.0,success,1.0
RRT*,blocked_road,18,rrt_step,3.0,success,1.0
RRT*,blocked_road,19,rrt_step,3.0,success,1.0
RRT*,blocked_road,20,rrt_step,3.0,success,1.0
RRT*,blocked_road,21,rrt_step,3.0,success,1.0
RRT*,blocked_road,22,rrt_step,3.0,success,1.0
RRT*,blocked_road,23,rrt_step,3.0,success,1.0
RRT*,blocked_road,24,rrt_step,3.0,success,1.0
RRT*,blocked_road,25,rrt_step,3.0,success,1.0
RRT*,blocked_road,26,rrt_step,3.0,success,1.0
RRT*,blocked_road,27,rrt_step,3.0,success,1.0
RRT*,blocked_road,28,rrt_step,3.0,success,1.0
RRT*,blocked_road,29,rrt_step,3.0,success,1.0
RRT*,dense_city,0,rrt_step,3.0,success,1.0
RRT*,dense_city,1,rrt_step,3.0,success,1.0
RRT*,dense_city,2,rrt_step,3.0,success,1.0
RRT*,dense_city,3,rrt_step,3.0,success,1.0
RRT*,dense_city,4,rrt_step,3.0,success,1.0
RRT*,dense_city,5,rrt_step,3.0,success,1.0
RRT*,dense_city,6,rrt_step,3.0,success,1.0
RRT*,dense_city,7,rrt_step,3.0,success,1.0
RRT*,dense_city,8,rrt_step,3.0,success,1.0
RRT*,dense_city,9,rrt_step,3.0,success,0.0
RRT*,dense_city,10,rrt_step,3.0,success,1.0
RRT*,dense_city,11,rrt_step,3.0,success,1.0
RRT*,dense_city,12,rrt_step,3.0,success,1.0
RRT*,dense_city,13,rrt_step,3.0,success,1.0
RRT*,dense_city,14,rrt_step,3.0,success,1.0
RRT*,dense_city,15,rrt_step,3.0,success,1.0
RRT*,dense_city,16,rrt_step,3.0,success,1.0
RRT*,dense_city,17,rrt_step,3.0,success,1.0
RRT*,dense_city,18,rrt_step,3.0,success,1.0
RRT*,dense_city,19,rrt_step,3.0,success,1.0
RRT*,dense_city,20,rrt_step,3.0,success,1.0
RRT*,dense_city,21,rrt_step,3.0,success,1.0
RRT*,dense_city,22,rrt_step,3.0,success,0.0
RRT*,dense_city,23,rrt_step,3.0,success,1.0
RRT*,dense_city,24,rrt_step,3.0,success,1.0
RRT*,dense_city,25,rrt_step,3.0,success,1.0
RRT*,dense_city,26,rrt_step,3.0,success,1.0
RRT*,dense_city,27,rrt_step,3.0,success,1.0
RRT*,dense_city,28,rrt_step,3.0,success,1.0
RRT*,dense_city,29,rrt_step,3.0,success,1.0
RRT*,normal_city,0,rrt_step,4.0,success,1.0
RRT*,normal_city,1,rrt_step,4.0,success,1.0
RRT*,normal_city,2,rrt_step,4.0,success,1.0
RRT*,normal_city,3,rrt_step,4.0,success,1.0
RRT*,normal_city,4,rrt_step,4.0,success,1.0
RRT*,normal_city,5,rrt_step,4.0,success,1.0
RRT*,normal_city,6,rrt_step,4.0,success,1.0
RRT*,normal_city,7,rrt_step,4.0,success,1.0
RRT*,normal_city,8,rrt_step,4.0,success,1.0
RRT*,normal_city,9,rrt_step,4.0,success,1.0
RRT*,normal_city,10,rrt_step,4.0,success,1.0
RRT*,normal_city,11,rrt_step,4.0,success,1.0
RRT*,normal_city,12,rrt_step,4.0,success,1.0
RRT*,normal_city,13,rrt_step,4.0,success,1.0
RRT*,normal_city,14,rrt_step,4.0,success,1.0
RRT*,normal_city,15,rrt_step,4.0,success,1.0
RRT*,normal_city,16,rrt_step,4.0,success,1.0
RRT*,normal_city,17,rrt_step,4.0,success,1.0
RRT*,normal_city,18,rrt_step,4.0,success,1.0
RRT*,normal_city,19,rrt_step,4.0,success,1.0
RRT*,normal_city,20,rrt_step,4.0,success,1.0
RRT*,normal_city,21,rrt_step,4.0,success,1.0
RRT*,normal_city,22,rrt_step,4.0,success,1.0
RRT*,normal_city,23,rrt_step,4.0,success,1.0
RRT*,normal_city,24,rrt_step,4.0,success,1.0
RRT*,normal_city,25,rrt_step,4.0,success,1.0
RRT*,normal_city,26,rrt_step,4.0,success,1.0
RRT*,normal_city,27,rrt_step,4.0,success,1.0
RRT*,normal_city,28,rrt_step,4.0,success,1.0
RRT*,normal_city,29,rrt_step,4.0,success,1.0
RRT*,blocked_road,0,rrt_step,4.0,success,1.0
RRT*,blocked_road,1,rrt_step,4.0,success,1.0
RRT*,blocked_road,2,rrt_step,4.0,success,1.0
RRT*,blocked_road,3,rrt_step,4.0,success,1.0
RRT*,blocked_road,4,rrt_step,4.0,success,1.0
RRT*,blocked_road,5,rrt_step,4.0,success,1.0
RRT*,blocked_road,6,rrt_step,4.0,success,1.0
RRT*,blocked_road,7,rrt_step,4.0,success,1.0
RRT*,blocked_road,8,rrt_step,4.0,success,1.0
RRT*,blocked_road,9,rrt_step,4.0,success,1.0
RRT*,blocked_road,10,rrt_step,4.0,success,1.0
RRT*,blocked_road,11,rrt_step,4.0,success,1.0
RRT*,blocked_road,12,rrt_step,4.0,success,1.0
RRT*,blocked_road,13,rrt_step,4.0,success,1.0
RRT*,blocked_road,14,rrt_step,4.0,success,1.0
RRT*,blocked_road,15,rrt_step,4.0,success,1.0
RRT*,blocked_road,16,rrt_step,4.0,success,1.0
RRT*,blocked_road,17,rrt_step,4.0,success,1.0
RRT*,blocked_road,18,rrt_step,4.0,success,1.0
RRT*,blocked_road,19,rrt_step,4.0,success,1.0
RRT*,blocked_road,20,rrt_step,4.0,success,1.0
RRT*,blocked_road,21,rrt_step,4.0,success,1.0
RRT*,blocked_road,22,rrt_step,4.0,success,1.0
RRT*,blocked_road,23,rrt_step,4.0,success,1.0
RRT*,blocked_road,24,rrt_step,4.0,success,1.0
RRT*,blocked_road,25,rrt_step,4.0,success,1.0
RRT*,blocked_road,26,rrt_step,4.0,success,1.0
RRT*,blocked_road,27,rrt_step,4.0,success,1.0
RRT*,blocked_road,28,rrt_step,4.0,success,1.0
RRT*,blocked_road,29,rrt_step,4.0,success,1.0
RRT*,dense_city,0,rrt_step,4.0,success,1.0
RRT*,dense_city,1,rrt_step,4.0,success,1.0
RRT*,dense_city,2,rrt_step,4.0,success,1.0
RRT*,dense_city,3,rrt_step,4.0,success,1.0
RRT*,dense_city,4,rrt_step,4.0,success,1.0
RRT*,dense_city,5,rrt_step,4.0,success,1.0
RRT*,dense_city,6,rrt_step,4.0,success,1.0
RRT*,dense_city,7,rrt_step,4.0,success,1.0
RRT*,dense_city,8,rrt_step,4.0,success,1.0
RRT*,dense_city,9,rrt_step,4.0,success,0.0
RRT*,dense_city,10,rrt_step,4.0,success,1.0
RRT*,dense_city,11,rrt_step,4.0,success,1.0
RRT*,dense_city,12,rrt_step,4.0,success,1.0
RRT*,dense_city,13,rrt_step,4.0,success,1.0
RRT*,dense_city,14,rrt_step,4.0,success,1.0
RRT*,dense_city,15,rrt_step,4.0,success,1.0
RRT*,dense_city,16,rrt_step,4.0,success,1.0
RRT*,dense_city,17,rrt_step,4.0,success,1.0
RRT*,dense_city,18,rrt_step,4.0,success,1.0
RRT*,dense_city,19,rrt_step,4.0,success,1.0
RRT*,dense_city,20,rrt_step,4.0,success,1.0
RRT*,dense_city,21,rrt_step,4.0,success,1.0
RRT*,dense_city,22,rrt_step,4.0,success,1.0
RRT*,dense_city,23,rrt_step,4.0,success,1.0
RRT*,dense_city,24,rrt_step,4.0,success,1.0
RRT*,dense_city,25,rrt_step,4.0,success,1.0
RRT*,dense_city,26,rrt_step,4.0,success,1.0
RRT*,dense_city,27,rrt_step,4.0,success,1.0
RRT*,dense_city,28,rrt_step,4.0,success,1.0
RRT*,dense_city,29,rrt_step,4.0,success,1.0
RRT*,normal_city,0,rrt_step,6.0,success,1.0
RRT*,normal_city,1,rrt_step,6.0,success,1.0
RRT*,normal_city,2,rrt_step,6.0,success,1.0
RRT*,normal_city,3,rrt_step,6.0,success,1.0
RRT*,normal_city,4,rrt_step,6.0,success,1.0
RRT*,normal_city,5,rrt_step,6.0,success,1.0
RRT*,normal_city,6,rrt_step,6.0,success,1.0
RRT*,normal_city,7,rrt_step,6.0,success,1.0
RRT*,normal_city,8,rrt_step,6.0,success,1.0
RRT*,normal_city,9,rrt_step,6.0,success,1.0
RRT*,normal_city,10,rrt_step,6.0,success,1.0
RRT*,normal_city,11,rrt_step,6.0,success,1.0
RRT*,normal_city,12,rrt_step,6.0,success,1.0
RRT*,normal_city,13,rrt_step,6.0,success,1.0
RRT*,normal_city,14,rrt_step,6.0,success,1.0
RRT*,normal_city,15,rrt_step,6.0,success,1.0
RRT*,normal_city,16,rrt_step,6.0,success,1.0
RRT*,normal_city,17,rrt_step,6.0,success,1.0
RRT*,normal_city,18,rrt_step,6.0,success,1.0
RRT*,normal_city,19,rrt_step,6.0,success,1.0
RRT*,normal_city,20,rrt_step,6.0,success,1.0
RRT*,normal_city,21,rrt_step,6.0,success,1.0
RRT*,normal_city,22,rrt_step,6.0,success,1.0
RRT*,normal_city,23,rrt_step,6.0,success,1.0
RRT*,normal_city,24,rrt_step,6.0,success,1.0
RRT*,normal_city,25,rrt_step,6.0,success,1.0
RRT*,normal_city,26,rrt_step,6.0,success,1.0
RRT*,normal_city,27,rrt_step,6.0,success,1.0
RRT*,normal_city,28,rrt_step,6.0,success,1.0
RRT*,normal_city,29,rrt_step,6.0,success,1.0
RRT*,blocked_road,0,rrt_step,6.0,success,1.0
RRT*,blocked_road,1,rrt_step,6.0,success,1.0
RRT*,blocked_road,2,rrt_step,6.0,success,1.0
RRT*,blocked_road,3,rrt_step,6.0,success,1.0
RRT*,blocked_road,4,rrt_step,6.0,success,1.0
RRT*,blocked_road,5,rrt_step,6.0,success,1.0
RRT*,blocked_road,6,rrt_step,6.0,success,1.0
RRT*,blocked_road,7,rrt_step,6.0,success,1.0
RRT*,blocked_road,8,rrt_step,6.0,success,1.0
RRT*,blocked_road,9,rrt_step,6.0,success,1.0
RRT*,blocked_road,10,rrt_step,6.0,success,1.0
RRT*,blocked_road,11,rrt_step,6.0,success,1.0
RRT*,blocked_road,12,rrt_step,6.0,success,1.0
RRT*,blocked_road,13,rrt_step,6.0,success,1.0
RRT*,blocked_road,14,rrt_step,6.0,success,1.0
RRT*,blocked_road,15,rrt_step,6.0,success,1.0
RRT*,blocked_road,16,rrt_step,6.0,success,1.0
RRT*,blocked_road,17,rrt_step,6.0,success,1.0
RRT*,blocked_road,18,rrt_step,6.0,success,1.0
RRT*,blocked_road,19,rrt_step,6.0,success,1.0
RRT*,blocked_road,20,rrt_step,6.0,success,1.0
RRT*,blocked_road,21,rrt_step,6.0,success,1.0
RRT*,blocked_road,22,rrt_step,6.0,success,1.0
RRT*,blocked_road,23,rrt_step,6.0,success,1.0
RRT*,blocked_road,24,rrt_step,6.0,success,1.0
RRT*,blocked_road,25,rrt_step,6.0,success,1.0
RRT*,blocked_road,26,rrt_step,6.0,success,1.0
RRT*,blocked_road,27,rrt_step,6.0,success,1.0
RRT*,blocked_road,28,rrt_step,6.0,success,1.0
RRT*,blocked_road,29,rrt_step,6.0,success,1.0
RRT*,dense_city,0,rrt_step,6.0,success,1.0
RRT*,dense_city,1,rrt_step,6.0,success,1.0
RRT*,dense_city,2,rrt_step,6.0,success,1.0
RRT*,dense_city,3,rrt_step,6.0,success,1.0
RRT*,dense_city,4,rrt_step,6.0,success,1.0
RRT*,dense_city,5,rrt_step,6.0,success,1.0
RRT*,dense_city,6,rrt_step,6.0,success,1.0
RRT*,dense_city,7,rrt_step,6.0,success,1.0
RRT*,dense_city,8,rrt_step,6.0,success,1.0
RRT*,dense_city,9,rrt_step,6.0,success,0.0
RRT*,dense_city,10,rrt_step,6.0,success,1.0
RRT*,dense_city,11,rrt_step,6.0,success,1.0
RRT*,dense_city,12,rrt_step,6.0,success,1.0
RRT*,dense_city,13,rrt_step,6.0,success,1.0
RRT*,dense_city,14,rrt_step,6.0,success,1.0
RRT*,dense_city,15,rrt_step,6.0,success,1.0
RRT*,dense_city,16,rrt_step,6.0,success,1.0
RRT*,dense_city,17,rrt_step,6.0,success,1.0
RRT*,dense_city,18,rrt_step,6.0,success,1.0
RRT*,dense_city,19,rrt_step,6.0,success,1.0
RRT*,dense_city,20,rrt_step,6.0,success,1.0
RRT*,dense_city,21,rrt_step,6.0,success,1.0
RRT*,dense_city,22,rrt_step,6.0,success,1.0
RRT*,dense_city,23,rrt_step,6.0,success,1.0
RRT*,dense_city,24,rrt_step,6.0,success,1.0
RRT*,dense_city,25,rrt_step,6.0,success,1.0
RRT*,dense_city,26,rrt_step,6.0,success,1.0
RRT*,dense_city,27,rrt_step,6.0,success,1.0
RRT*,dense_city,28,rrt_step,6.0,success,1.0
RRT*,dense_city,29,rrt_step,6.0,success,1.0
RRT*,normal_city,0,rrt_step,9.0,success,1.0
RRT*,normal_city,1,rrt_step,9.0,success,1.0
RRT*,normal_city,2,rrt_step,9.0,success,1.0
RRT*,normal_city,3,rrt_step,9.0,success,1.0
RRT*,normal_city,4,rrt_step,9.0,success,1.0
RRT*,normal_city,5,rrt_step,9.0,success,1.0
RRT*,normal_city,6,rrt_step,9.0,success,1.0
RRT*,normal_city,7,rrt_step,9.0,success,1.0
RRT*,normal_city,8,rrt_step,9.0,success,1.0
RRT*,normal_city,9,rrt_step,9.0,success,1.0
RRT*,normal_city,10,rrt_step,9.0,success,1.0
RRT*,normal_city,11,rrt_step,9.0,success,1.0
RRT*,normal_city,12,rrt_step,9.0,success,1.0
RRT*,normal_city,13,rrt_step,9.0,success,1.0
RRT*,normal_city,14,rrt_step,9.0,success,1.0
RRT*,normal_city,15,rrt_step,9.0,success,1.0
RRT*,normal_city,16,rrt_step,9.0,success,1.0
RRT*,normal_city,17,rrt_step,9.0,success,1.0
RRT*,normal_city,18,rrt_step,9.0,success,1.0
RRT*,normal_city,19,rrt_step,9.0,success,1.0
RRT*,normal_city,20,rrt_step,9.0,success,1.0
RRT*,normal_city,21,rrt_step,9.0,success,1.0
RRT*,normal_city,22,rrt_step,9.0,success,1.0
RRT*,normal_city,23,rrt_step,9.0,success,1.0
RRT*,normal_city,24,rrt_step,9.0,success,1.0
RRT*,normal_city,25,rrt_step,9.0,success,1.0
RRT*,normal_city,26,rrt_step,9.0,success,1.0
RRT*,normal_city,27,rrt_step,9.0,success,1.0
RRT*,normal_city,28,rrt_step,9.0,success,1.0
RRT*,normal_city,29,rrt_step,9.0,success,1.0
RRT*,blocked_road,0,rrt_step,9.0,success,1.0
RRT*,blocked_road,1,rrt_step,9.0,success,1.0
RRT*,blocked_road,2,rrt_step,9.0,success,1.0
RRT*,blocked_road,3,rrt_step,9.0,success,1.0
RRT*,blocked_road,4,rrt_step,9.0,success,1.0
RRT*,blocked_road,5,rrt_step,9.0,success,1.0
RRT*,blocked_road,6,rrt_step,9.0,success,1.0
RRT*,blocked_road,7,rrt_step,9.0,success,1.0
RRT*,blocked_road,8,rrt_step,9.0,success,1.0
RRT*,blocked_road,9,rrt_step,9.0,success,1.0
RRT*,blocked_road,10,rrt_step,9.0,success,1.0
RRT*,blocked_road,11,rrt_step,9.0,success,1.0
RRT*,blocked_road,12,rrt_step,9.0,success,1.0
RRT*,blocked_road,13,rrt_step,9.0,success,1.0
RRT*,blocked_road,14,rrt_step,9.0,success,1.0
RRT*,blocked_road,15,rrt_step,9.0,success,1.0
RRT*,blocked_road,16,rrt_step,9.0,success,1.0
RRT*,blocked_road,17,rrt_step,9.0,success,1.0
RRT*,blocked_road,18,rrt_step,9.0,success,1.0
RRT*,blocked_road,19,rrt_step,9.0,success,1.0
RRT*,blocked_road,20,rrt_step,9.0,success,1.0
RRT*,blocked_road,21,rrt_step,9.0,success,1.0
RRT*,blocked_road,22,rrt_step,9.0,success,1.0
RRT*,blocked_road,23,rrt_step,9.0,success,1.0
RRT*,blocked_road,24,rrt_step,9.0,success,1.0
RRT*,blocked_road,25,rrt_step,9.0,success,1.0
RRT*,blocked_road,26,rrt_step,9.0,success,1.0
RRT*,blocked_road,27,rrt_step,9.0,success,1.0
RRT*,blocked_road,28,rrt_step,9.0,success,1.0
RRT*,blocked_road,29,rrt_step,9.0,success,1.0
RRT*,dense_city,0,rrt_step,9.0,success,1.0
RRT*,dense_city,1,rrt_step,9.0,success,1.0
RRT*,dense_city,2,rrt_step,9.0,success,1.0
RRT*,dense_city,3,rrt_step,9.0,success,1.0
RRT*,dense_city,4,rrt_step,9.0,success,1.0
RRT*,dense_city,5,rrt_step,9.0,success,1.0
RRT*,dense_city,6,rrt_step,9.0,success,1.0
RRT*,dense_city,7,rrt_step,9.0,success,1.0
RRT*,dense_city,8,rrt_step,9.0,success,1.0
RRT*,dense_city,9,rrt_step,9.0,success,0.0
RRT*,dense_city,10,rrt_step,9.0,success,1.0
RRT*,dense_city,11,rrt_step,9.0,success,1.0
RRT*,dense_city,12,rrt_step,9.0,success,1.0
RRT*,dense_city,13,rrt_step,9.0,success,1.0
RRT*,dense_city,14,rrt_step,9.0,success,1.0
RRT*,dense_city,15,rrt_step,9.0,success,1.0
RRT*,dense_city,16,rrt_step,9.0,success,1.0
RRT*,dense_city,17,rrt_step,9.0,success,1.0
RRT*,dense_city,18,rrt_step,9.0,success,1.0
RRT*,dense_city,19,rrt_step,9.0,success,1.0
RRT*,dense_city,20,rrt_step,9.0,success,1.0
RRT*,dense_city,21,rrt_step,9.0,success,1.0
RRT*,dense_city,22,rrt_step,9.0,success,1.0
RRT*,dense_city,23,rrt_step,9.0,success,1.0
RRT*,dense_city,24,rrt_step,9.0,success,1.0
RRT*,dense_city,25,rrt_step,9.0,success,1.0
RRT*,dense_city,26,rrt_step,9.0,success,1.0
RRT*,dense_city,27,rrt_step,9.0,success,1.0
RRT*,dense_city,28,rrt_step,9.0,success,1.0
RRT*,dense_city,29,rrt_step,9.0,success,1.0
RRT*,normal_city,0,rrt_step,2.0,path_length,140.992
RRT*,normal_city,1,rrt_step,2.0,path_length,151.199
RRT*,normal_city,2,rrt_step,2.0,path_length,144.055
RRT*,normal_city,3,rrt_step,2.0,path_length,141.744
RRT*,normal_city,4,rrt_step,2.0,path_length,137.177
RRT*,normal_city,5,rrt_step,2.0,path_length,140.326
RRT*,normal_city,6,rrt_step,2.0,path_length,144.222
RRT*,normal_city,7,rrt_step,2.0,path_length,145.169
RRT*,normal_city,8,rrt_step,2.0,path_length,141.685
RRT*,normal_city,9,rrt_step,2.0,path_length,150.457
RRT*,normal_city,10,rrt_step,2.0,path_length,138.986
RRT*,normal_city,11,rrt_step,2.0,path_length,143.803
RRT*,normal_city,12,rrt_step,2.0,path_length,137.126
RRT*,normal_city,13,rrt_step,2.0,path_length,143.082
RRT*,normal_city,14,rrt_step,2.0,path_length,144.6
RRT*,normal_city,15,rrt_step,2.0,path_length,138.042
RRT*,normal_city,16,rrt_step,2.0,path_length,146.576
RRT*,normal_city,17,rrt_step,2.0,path_length,139.454
RRT*,normal_city,18,rrt_step,2.0,path_length,138.219
RRT*,normal_city,19,rrt_step,2.0,path_length,137.977
RRT*,normal_city,20,rrt_step,2.0,path_length,145.088
RRT*,normal_city,21,rrt_step,2.0,path_length,141.737
RRT*,normal_city,22,rrt_step,2.0,path_length,141.654
RRT*,normal_city,23,rrt_step,2.0,path_length,141.738
RRT*,normal_city,24,rrt_step,2.0,path_length,148.055
RRT*,normal_city,25,rrt_step,2.0,path_length,139.657
RRT*,normal_city,26,rrt_step,2.0,path_length,137.88
RRT*,normal_city,27,rrt_step,2.0,path_length,139.571
RRT*,normal_city,28,rrt_step,2.0,path_length,146.459
RRT*,normal_city,29,rrt_step,2.0,path_length,138.994
RRT*,blocked_road,0,rrt_step,2.0,path_length,146.651
RRT*,blocked_road,1,rrt_step,2.0,path_length,152.476
RRT*,blocked_road,2,rrt_step,2.0,path_length,144.583
RRT*,blocked_road,3,rrt_step,2.0,path_length,158.347
RRT*,blocked_road,4,rrt_step,2.0,path_length,143.892
RRT*,blocked_road,5,rrt_step,2.0,path_length,146.203
RRT*,blocked_road,6,rrt_step,2.0,path_length,154.574
RRT*,blocked_road,7,rrt_step,2.0,path_length,145.062
RRT*,blocked_road,8,rrt_step,2.0,path_length,147.712
RRT*,blocked_road,9,rrt_step,2.0,path_length,148.985
RRT*,blocked_road,10,rrt_step,2.0,path_length,150.468
RRT*,blocked_road,11,rrt_step,2.0,path_length,149.603
RRT*,blocked_road,12,rrt_step,2.0,path_length,149.8
RRT*,blocked_road,13,rrt_step,2.0,path_length,149.891
RRT*,blocked_road,14,rrt_step,2.0,path_length,149.6
RRT*,blocked_road,15,rrt_step,2.0,path_length,151.829
RRT*,blocked_road,16,rrt_step,2.0,path_length,147.619
RRT*,blocked_road,17,rrt_step,2.0,path_length,149.731
RRT*,blocked_road,18,rrt_step,2.0,path_length,150.718
RRT*,blocked_road,19,rrt_step,2.0,path_length,149.322
RRT*,blocked_road,20,rrt_step,2.0,path_length,149.108
RRT*,blocked_road,21,rrt_step,2.0,path_length,145.559
RRT*,blocked_road,22,rrt_step,2.0,path_length,152.931
RRT*,blocked_road,23,rrt_step,2.0,path_length,147.464
RRT*,blocked_road,24,rrt_step,2.0,path_length,151.271
RRT*,blocked_road,25,rrt_step,2.0,path_length,154.204
RRT*,blocked_road,26,rrt_step,2.0,path_length,148.66
RRT*,blocked_road,27,rrt_step,2.0,path_length,153.155
RRT*,blocked_road,28,rrt_step,2.0,path_length,145.297
RRT*,blocked_road,29,rrt_step,2.0,path_length,159.131
RRT*,dense_city,0,rrt_step,2.0,path_length,150.982
RRT*,dense_city,1,rrt_step,2.0,path_length,
RRT*,dense_city,2,rrt_step,2.0,path_length,150.059
RRT*,dense_city,3,rrt_step,2.0,path_length,150.195
RRT*,dense_city,4,rrt_step,2.0,path_length,149.842
RRT*,dense_city,5,rrt_step,2.0,path_length,142.873
RRT*,dense_city,6,rrt_step,2.0,path_length,147.52
RRT*,dense_city,7,rrt_step,2.0,path_length,
RRT*,dense_city,8,rrt_step,2.0,path_length,155.577
RRT*,dense_city,9,rrt_step,2.0,path_length,
RRT*,dense_city,10,rrt_step,2.0,path_length,148.037
RRT*,dense_city,11,rrt_step,2.0,path_length,143.085
RRT*,dense_city,12,rrt_step,2.0,path_length,150.318
RRT*,dense_city,13,rrt_step,2.0,path_length,156.213
RRT*,dense_city,14,rrt_step,2.0,path_length,156.145
RRT*,dense_city,15,rrt_step,2.0,path_length,156.748
RRT*,dense_city,16,rrt_step,2.0,path_length,142.069
RRT*,dense_city,17,rrt_step,2.0,path_length,155.567
RRT*,dense_city,18,rrt_step,2.0,path_length,147.276
RRT*,dense_city,19,rrt_step,2.0,path_length,150.957
RRT*,dense_city,20,rrt_step,2.0,path_length,143.944
RRT*,dense_city,21,rrt_step,2.0,path_length,154.873
RRT*,dense_city,22,rrt_step,2.0,path_length,151.927
RRT*,dense_city,23,rrt_step,2.0,path_length,149.862
RRT*,dense_city,24,rrt_step,2.0,path_length,147.456
RRT*,dense_city,25,rrt_step,2.0,path_length,147.242
RRT*,dense_city,26,rrt_step,2.0,path_length,153.901
RRT*,dense_city,27,rrt_step,2.0,path_length,152.288
RRT*,dense_city,28,rrt_step,2.0,path_length,156.328
RRT*,dense_city,29,rrt_step,2.0,path_length,143.845
RRT*,normal_city,0,rrt_step,3.0,path_length,141.823
RRT*,normal_city,1,rrt_step,3.0,path_length,137.569
RRT*,normal_city,2,rrt_step,3.0,path_length,148.774
RRT*,normal_city,3,rrt_step,3.0,path_length,142.96
RRT*,normal_city,4,rrt_step,3.0,path_length,139.305
RRT*,normal_city,5,rrt_step,3.0,path_length,136.986
RRT*,normal_city,6,rrt_step,3.0,path_length,144.963
RRT*,normal_city,7,rrt_step,3.0,path_length,142.616
RRT*,normal_city,8,rrt_step,3.0,path_length,152.333
RRT*,normal_city,9,rrt_step,3.0,path_length,149.994
RRT*,normal_city,10,rrt_step,3.0,path_length,149.913
RRT*,normal_city,11,rrt_step,3.0,path_length,150.132
RRT*,normal_city,12,rrt_step,3.0,path_length,138.473
RRT*,normal_city,13,rrt_step,3.0,path_length,144.204
RRT*,normal_city,14,rrt_step,3.0,path_length,149.218
RRT*,normal_city,15,rrt_step,3.0,path_length,146.825
RRT*,normal_city,16,rrt_step,3.0,path_length,147.983
RRT*,normal_city,17,rrt_step,3.0,path_length,143.772
RRT*,normal_city,18,rrt_step,3.0,path_length,137.646
RRT*,normal_city,19,rrt_step,3.0,path_length,151.266
RRT*,normal_city,20,rrt_step,3.0,path_length,140.077
RRT*,normal_city,21,rrt_step,3.0,path_length,141.836
RRT*,normal_city,22,rrt_step,3.0,path_length,151.774
RRT*,normal_city,23,rrt_step,3.0,path_length,145.595
RRT*,normal_city,24,rrt_step,3.0,path_length,140.477
RRT*,normal_city,25,rrt_step,3.0,path_length,146.063
RRT*,normal_city,26,rrt_step,3.0,path_length,149.546
RRT*,normal_city,27,rrt_step,3.0,path_length,147.522
RRT*,normal_city,28,rrt_step,3.0,path_length,148.693
RRT*,normal_city,29,rrt_step,3.0,path_length,148.084
RRT*,blocked_road,0,rrt_step,3.0,path_length,147.352
RRT*,blocked_road,1,rrt_step,3.0,path_length,146.993
RRT*,blocked_road,2,rrt_step,3.0,path_length,146.098
RRT*,blocked_road,3,rrt_step,3.0,path_length,158.981
RRT*,blocked_road,4,rrt_step,3.0,path_length,147.668
RRT*,blocked_road,5,rrt_step,3.0,path_length,156.873
RRT*,blocked_road,6,rrt_step,3.0,path_length,149.484
RRT*,blocked_road,7,rrt_step,3.0,path_length,147.81
RRT*,blocked_road,8,rrt_step,3.0,path_length,147.791
RRT*,blocked_road,9,rrt_step,3.0,path_length,148.963
RRT*,blocked_road,10,rrt_step,3.0,path_length,152.834
RRT*,blocked_road,11,rrt_step,3.0,path_length,148.561
RRT*,blocked_road,12,rrt_step,3.0,path_length,153.07
RRT*,blocked_road,13,rrt_step,3.0,path_length,156.594
RRT*,blocked_road,14,rrt_step,3.0,path_length,152.272
RRT*,blocked_road,15,rrt_step,3.0,path_length,156.76
RRT*,blocked_road,16,rrt_step,3.0,path_length,149.82
RRT*,blocked_road,17,rrt_step,3.0,path_length,150.313
RRT*,blocked_road,18,rrt_step,3.0,path_length,145.428
RRT*,blocked_road,19,rrt_step,3.0,path_length,147.574
RRT*,blocked_road,20,rrt_step,3.0,path_length,146.826
RRT*,blocked_road,21,rrt_step,3.0,path_length,149.179
RRT*,blocked_road,22,rrt_step,3.0,path_length,159.124
RRT*,blocked_road,23,rrt_step,3.0,path_length,151.954
RRT*,blocked_road,24,rrt_step,3.0,path_length,156.755
RRT*,blocked_road,25,rrt_step,3.0,path_length,150.648
RRT*,blocked_road,26,rrt_step,3.0,path_length,151.29
RRT*,blocked_road,27,rrt_step,3.0,path_length,154.173
RRT*,blocked_road,28,rrt_step,3.0,path_length,147.176
RRT*,blocked_road,29,rrt_step,3.0,path_length,146.995
RRT*,dense_city,0,rrt_step,3.0,path_length,150.577
RRT*,dense_city,1,rrt_step,3.0,path_length,149.329
RRT*,dense_city,2,rrt_step,3.0,path_length,158.476
RRT*,dense_city,3,rrt_step,3.0,path_length,155.109
RRT*,dense_city,4,rrt_step,3.0,path_length,151.127
RRT*,dense_city,5,rrt_step,3.0,path_length,144.739
RRT*,dense_city,6,rrt_step,3.0,path_length,155.293
RRT*,dense_city,7,rrt_step,3.0,path_length,149.169
RRT*,dense_city,8,rrt_step,3.0,path_length,151.399
RRT*,dense_city,9,rrt_step,3.0,path_length,
RRT*,dense_city,10,rrt_step,3.0,path_length,145.997
RRT*,dense_city,11,rrt_step,3.0,path_length,154.048
RRT*,dense_city,12,rrt_step,3.0,path_length,159.632
RRT*,dense_city,13,rrt_step,3.0,path_length,155.02
RRT*,dense_city,14,rrt_step,3.0,path_length,144.528
RRT*,dense_city,15,rrt_step,3.0,path_length,154.469
RRT*,dense_city,16,rrt_step,3.0,path_length,147.679
RRT*,dense_city,17,rrt_step,3.0,path_length,154.594
RRT*,dense_city,18,rrt_step,3.0,path_length,150.209
RRT*,dense_city,19,rrt_step,3.0,path_length,156.398
RRT*,dense_city,20,rrt_step,3.0,path_length,145.846
RRT*,dense_city,21,rrt_step,3.0,path_length,155.41
RRT*,dense_city,22,rrt_step,3.0,path_length,
RRT*,dense_city,23,rrt_step,3.0,path_length,161.51
RRT*,dense_city,24,rrt_step,3.0,path_length,155.059
RRT*,dense_city,25,rrt_step,3.0,path_length,148.61
RRT*,dense_city,26,rrt_step,3.0,path_length,151.065
RRT*,dense_city,27,rrt_step,3.0,path_length,155.547
RRT*,dense_city,28,rrt_step,3.0,path_length,155.591
RRT*,dense_city,29,rrt_step,3.0,path_length,147.844
RRT*,normal_city,0,rrt_step,4.0,path_length,147.909
RRT*,normal_city,1,rrt_step,4.0,path_length,148.241
RRT*,normal_city,2,rrt_step,4.0,path_length,144.447
RRT*,normal_city,3,rrt_step,4.0,path_length,154.421
RRT*,normal_city,4,rrt_step,4.0,path_length,152.805
RRT*,normal_city,5,rrt_step,4.0,path_length,147.857
RRT*,normal_city,6,rrt_step,4.0,path_length,148.175
RRT*,normal_city,7,rrt_step,4.0,path_length,149.094
RRT*,normal_city,8,rrt_step,4.0,path_length,142.655
RRT*,normal_city,9,rrt_step,4.0,path_length,141.328
RRT*,normal_city,10,rrt_step,4.0,path_length,145.69
RRT*,normal_city,11,rrt_step,4.0,path_length,149.815
RRT*,normal_city,12,rrt_step,4.0,path_length,141.511
RRT*,normal_city,13,rrt_step,4.0,path_length,142.244
RRT*,normal_city,14,rrt_step,4.0,path_length,148.34
RRT*,normal_city,15,rrt_step,4.0,path_length,146.404
RRT*,normal_city,16,rrt_step,4.0,path_length,152.981
RRT*,normal_city,17,rrt_step,4.0,path_length,151.188
RRT*,normal_city,18,rrt_step,4.0,path_length,145.727
RRT*,normal_city,19,rrt_step,4.0,path_length,154.461
RRT*,normal_city,20,rrt_step,4.0,path_length,140.283
RRT*,normal_city,21,rrt_step,4.0,path_length,152.753
RRT*,normal_city,22,rrt_step,4.0,path_length,146.314
RRT*,normal_city,23,rrt_step,4.0,path_length,141.875
RRT*,normal_city,24,rrt_step,4.0,path_length,146.73
RRT*,normal_city,25,rrt_step,4.0,path_length,143.495
RRT*,normal_city,26,rrt_step,4.0,path_length,154.085
RRT*,normal_city,27,rrt_step,4.0,path_length,149.356
RRT*,normal_city,28,rrt_step,4.0,path_length,144.747
RRT*,normal_city,29,rrt_step,4.0,path_length,147.655
RRT*,blocked_road,0,rrt_step,4.0,path_length,151.586
RRT*,blocked_road,1,rrt_step,4.0,path_length,155.55
RRT*,blocked_road,2,rrt_step,4.0,path_length,152.739
RRT*,blocked_road,3,rrt_step,4.0,path_length,157.873
RRT*,blocked_road,4,rrt_step,4.0,path_length,146.571
RRT*,blocked_road,5,rrt_step,4.0,path_length,155.575
RRT*,blocked_road,6,rrt_step,4.0,path_length,150.889
RRT*,blocked_road,7,rrt_step,4.0,path_length,155.01
RRT*,blocked_road,8,rrt_step,4.0,path_length,148.171
RRT*,blocked_road,9,rrt_step,4.0,path_length,150.448
RRT*,blocked_road,10,rrt_step,4.0,path_length,150.363
RRT*,blocked_road,11,rrt_step,4.0,path_length,154.403
RRT*,blocked_road,12,rrt_step,4.0,path_length,147.402
RRT*,blocked_road,13,rrt_step,4.0,path_length,148.441
RRT*,blocked_road,14,rrt_step,4.0,path_length,152.974
RRT*,blocked_road,15,rrt_step,4.0,path_length,155.137
RRT*,blocked_road,16,rrt_step,4.0,path_length,152.012
RRT*,blocked_road,17,rrt_step,4.0,path_length,153.334
RRT*,blocked_road,18,rrt_step,4.0,path_length,148.072
RRT*,blocked_road,19,rrt_step,4.0,path_length,152.294
RRT*,blocked_road,20,rrt_step,4.0,path_length,152.408
RRT*,blocked_road,21,rrt_step,4.0,path_length,150.287
RRT*,blocked_road,22,rrt_step,4.0,path_length,157.213
RRT*,blocked_road,23,rrt_step,4.0,path_length,149.379
RRT*,blocked_road,24,rrt_step,4.0,path_length,152.548
RRT*,blocked_road,25,rrt_step,4.0,path_length,151.536
RRT*,blocked_road,26,rrt_step,4.0,path_length,154.562
RRT*,blocked_road,27,rrt_step,4.0,path_length,152.749
RRT*,blocked_road,28,rrt_step,4.0,path_length,147.165
RRT*,blocked_road,29,rrt_step,4.0,path_length,148.176
RRT*,dense_city,0,rrt_step,4.0,path_length,155.024
RRT*,dense_city,1,rrt_step,4.0,path_length,148.791
RRT*,dense_city,2,rrt_step,4.0,path_length,159.452
RRT*,dense_city,3,rrt_step,4.0,path_length,159.071
RRT*,dense_city,4,rrt_step,4.0,path_length,155.196
RRT*,dense_city,5,rrt_step,4.0,path_length,143.618
RRT*,dense_city,6,rrt_step,4.0,path_length,156.296
RRT*,dense_city,7,rrt_step,4.0,path_length,149.164
RRT*,dense_city,8,rrt_step,4.0,path_length,153.483
RRT*,dense_city,9,rrt_step,4.0,path_length,
RRT*,dense_city,10,rrt_step,4.0,path_length,154.978
RRT*,dense_city,11,rrt_step,4.0,path_length,157.552
RRT*,dense_city,12,rrt_step,4.0,path_length,151.529
RRT*,dense_city,13,rrt_step,4.0,path_length,159.934
RRT*,dense_city,14,rrt_step,4.0,path_length,148.633
RRT*,dense_city,15,rrt_step,4.0,path_length,163.463
RRT*,dense_city,16,rrt_step,4.0,path_length,148.105
RRT*,dense_city,17,rrt_step,4.0,path_length,162.043
RRT*,dense_city,18,rrt_step,4.0,path_length,155.004
RRT*,dense_city,19,rrt_step,4.0,path_length,154.753
RRT*,dense_city,20,rrt_step,4.0,path_length,146.439
RRT*,dense_city,21,rrt_step,4.0,path_length,155.166
RRT*,dense_city,22,rrt_step,4.0,path_length,161.974
RRT*,dense_city,23,rrt_step,4.0,path_length,159.289
RRT*,dense_city,24,rrt_step,4.0,path_length,158.765
RRT*,dense_city,25,rrt_step,4.0,path_length,152.453
RRT*,dense_city,26,rrt_step,4.0,path_length,154.712
RRT*,dense_city,27,rrt_step,4.0,path_length,159.677
RRT*,dense_city,28,rrt_step,4.0,path_length,154.189
RRT*,dense_city,29,rrt_step,4.0,path_length,155.4
RRT*,normal_city,0,rrt_step,6.0,path_length,153.524
RRT*,normal_city,1,rrt_step,6.0,path_length,151.176
RRT*,normal_city,2,rrt_step,6.0,path_length,152.153
RRT*,normal_city,3,rrt_step,6.0,path_length,145.523
RRT*,normal_city,4,rrt_step,6.0,path_length,144.61
RRT*,normal_city,5,rrt_step,6.0,path_length,153.602
RRT*,normal_city,6,rrt_step,6.0,path_length,151.727
RRT*,normal_city,7,rrt_step,6.0,path_length,154.215
RRT*,normal_city,8,rrt_step,6.0,path_length,149.604
RRT*,normal_city,9,rrt_step,6.0,path_length,152.208
RRT*,normal_city,10,rrt_step,6.0,path_length,149.689
RRT*,normal_city,11,rrt_step,6.0,path_length,145.805
RRT*,normal_city,12,rrt_step,6.0,path_length,146.696
RRT*,normal_city,13,rrt_step,6.0,path_length,149.221
RRT*,normal_city,14,rrt_step,6.0,path_length,148.685
RRT*,normal_city,15,rrt_step,6.0,path_length,154.018
RRT*,normal_city,16,rrt_step,6.0,path_length,154.144
RRT*,normal_city,17,rrt_step,6.0,path_length,145.537
RRT*,normal_city,18,rrt_step,6.0,path_length,152.213
RRT*,normal_city,19,rrt_step,6.0,path_length,151.954
RRT*,normal_city,20,rrt_step,6.0,path_length,151.205
RRT*,normal_city,21,rrt_step,6.0,path_length,155.598
RRT*,normal_city,22,rrt_step,6.0,path_length,158.183
RRT*,normal_city,23,rrt_step,6.0,path_length,155.696
RRT*,normal_city,24,rrt_step,6.0,path_length,144.629
RRT*,normal_city,25,rrt_step,6.0,path_length,150.854
RRT*,normal_city,26,rrt_step,6.0,path_length,150.426
RRT*,normal_city,27,rrt_step,6.0,path_length,154.516
RRT*,normal_city,28,rrt_step,6.0,path_length,150.847
RRT*,normal_city,29,rrt_step,6.0,path_length,141.573
RRT*,blocked_road,0,rrt_step,6.0,path_length,157.752
RRT*,blocked_road,1,rrt_step,6.0,path_length,157.791
RRT*,blocked_road,2,rrt_step,6.0,path_length,155.021
RRT*,blocked_road,3,rrt_step,6.0,path_length,161.444
RRT*,blocked_road,4,rrt_step,6.0,path_length,157.212
RRT*,blocked_road,5,rrt_step,6.0,path_length,160.242
RRT*,blocked_road,6,rrt_step,6.0,path_length,158.925
RRT*,blocked_road,7,rrt_step,6.0,path_length,162.692
RRT*,blocked_road,8,rrt_step,6.0,path_length,165.448
RRT*,blocked_road,9,rrt_step,6.0,path_length,160.898
RRT*,blocked_road,10,rrt_step,6.0,path_length,149.525
RRT*,blocked_road,11,rrt_step,6.0,path_length,160.509
RRT*,blocked_road,12,rrt_step,6.0,path_length,157.373
RRT*,blocked_road,13,rrt_step,6.0,path_length,152.844
RRT*,blocked_road,14,rrt_step,6.0,path_length,156.942
RRT*,blocked_road,15,rrt_step,6.0,path_length,160.496
RRT*,blocked_road,16,rrt_step,6.0,path_length,150.566
RRT*,blocked_road,17,rrt_step,6.0,path_length,157.056
RRT*,blocked_road,18,rrt_step,6.0,path_length,156.845
RRT*,blocked_road,19,rrt_step,6.0,path_length,154.082
RRT*,blocked_road,20,rrt_step,6.0,path_length,147.49
RRT*,blocked_road,21,rrt_step,6.0,path_length,150.761
RRT*,blocked_road,22,rrt_step,6.0,path_length,162.968
RRT*,blocked_road,23,rrt_step,6.0,path_length,148.455
RRT*,blocked_road,24,rrt_step,6.0,path_length,158.187
RRT*,blocked_road,25,rrt_step,6.0,path_length,155.458
RRT*,blocked_road,26,rrt_step,6.0,path_length,151.55
RRT*,blocked_road,27,rrt_step,6.0,path_length,149.102
RRT*,blocked_road,28,rrt_step,6.0,path_length,153.705
RRT*,blocked_road,29,rrt_step,6.0,path_length,151.3
RRT*,dense_city,0,rrt_step,6.0,path_length,153.154
RRT*,dense_city,1,rrt_step,6.0,path_length,162.105
RRT*,dense_city,2,rrt_step,6.0,path_length,164.981
RRT*,dense_city,3,rrt_step,6.0,path_length,158.747
RRT*,dense_city,4,rrt_step,6.0,path_length,153.322
RRT*,dense_city,5,rrt_step,6.0,path_length,143.618
RRT*,dense_city,6,rrt_step,6.0,path_length,155.979
RRT*,dense_city,7,rrt_step,6.0,path_length,149.164
RRT*,dense_city,8,rrt_step,6.0,path_length,155.964
RRT*,dense_city,9,rrt_step,6.0,path_length,
RRT*,dense_city,10,rrt_step,6.0,path_length,154.124
RRT*,dense_city,11,rrt_step,6.0,path_length,159.261
RRT*,dense_city,12,rrt_step,6.0,path_length,157.045
RRT*,dense_city,13,rrt_step,6.0,path_length,158.863
RRT*,dense_city,14,rrt_step,6.0,path_length,162.672
RRT*,dense_city,15,rrt_step,6.0,path_length,163.027
RRT*,dense_city,16,rrt_step,6.0,path_length,157.982
RRT*,dense_city,17,rrt_step,6.0,path_length,157.128
RRT*,dense_city,18,rrt_step,6.0,path_length,157.218
RRT*,dense_city,19,rrt_step,6.0,path_length,155.005
RRT*,dense_city,20,rrt_step,6.0,path_length,150.196
RRT*,dense_city,21,rrt_step,6.0,path_length,160.403
RRT*,dense_city,22,rrt_step,6.0,path_length,152.475
RRT*,dense_city,23,rrt_step,6.0,path_length,155.448
RRT*,dense_city,24,rrt_step,6.0,path_length,161.741
RRT*,dense_city,25,rrt_step,6.0,path_length,164.279
RRT*,dense_city,26,rrt_step,6.0,path_length,159.525
RRT*,dense_city,27,rrt_step,6.0,path_length,157.139
RRT*,dense_city,28,rrt_step,6.0,path_length,162.595
RRT*,dense_city,29,rrt_step,6.0,path_length,160.634
RRT*,normal_city,0,rrt_step,9.0,path_length,150.459
RRT*,normal_city,1,rrt_step,9.0,path_length,146.698
RRT*,normal_city,2,rrt_step,9.0,path_length,158.752
RRT*,normal_city,3,rrt_step,9.0,path_length,152.865
RRT*,normal_city,4,rrt_step,9.0,path_length,157.492
RRT*,normal_city,5,rrt_step,9.0,path_length,151.781
RRT*,normal_city,6,rrt_step,9.0,path_length,150.15
RRT*,normal_city,7,rrt_step,9.0,path_length,152.536
RRT*,normal_city,8,rrt_step,9.0,path_length,158.168
RRT*,normal_city,9,rrt_step,9.0,path_length,162.051
RRT*,normal_city,10,rrt_step,9.0,path_length,156.028
RRT*,normal_city,11,rrt_step,9.0,path_length,153.013
RRT*,normal_city,12,rrt_step,9.0,path_length,153.486
RRT*,normal_city,13,rrt_step,9.0,path_length,155.672
RRT*,normal_city,14,rrt_step,9.0,path_length,163.984
RRT*,normal_city,15,rrt_step,9.0,path_length,156.867
RRT*,normal_city,16,rrt_step,9.0,path_length,154.303
RRT*,normal_city,17,rrt_step,9.0,path_length,165.718
RRT*,normal_city,18,rrt_step,9.0,path_length,159.524
RRT*,normal_city,19,rrt_step,9.0,path_length,160.558
RRT*,normal_city,20,rrt_step,9.0,path_length,159.024
RRT*,normal_city,21,rrt_step,9.0,path_length,167.095
RRT*,normal_city,22,rrt_step,9.0,path_length,157.943
RRT*,normal_city,23,rrt_step,9.0,path_length,164.947
RRT*,normal_city,24,rrt_step,9.0,path_length,158.189
RRT*,normal_city,25,rrt_step,9.0,path_length,158.312
RRT*,normal_city,26,rrt_step,9.0,path_length,153.231
RRT*,normal_city,27,rrt_step,9.0,path_length,168.698
RRT*,normal_city,28,rrt_step,9.0,path_length,168.273
RRT*,normal_city,29,rrt_step,9.0,path_length,158.128
RRT*,blocked_road,0,rrt_step,9.0,path_length,169.683
RRT*,blocked_road,1,rrt_step,9.0,path_length,153.91
RRT*,blocked_road,2,rrt_step,9.0,path_length,168.4
RRT*,blocked_road,3,rrt_step,9.0,path_length,153.962
RRT*,blocked_road,4,rrt_step,9.0,path_length,156.046
RRT*,blocked_road,5,rrt_step,9.0,path_length,167.942
RRT*,blocked_road,6,rrt_step,9.0,path_length,163.274
RRT*,blocked_road,7,rrt_step,9.0,path_length,147.369
RRT*,blocked_road,8,rrt_step,9.0,path_length,155.319
RRT*,blocked_road,9,rrt_step,9.0,path_length,156.415
RRT*,blocked_road,10,rrt_step,9.0,path_length,150.852
RRT*,blocked_road,11,rrt_step,9.0,path_length,158.86
RRT*,blocked_road,12,rrt_step,9.0,path_length,159.182
RRT*,blocked_road,13,rrt_step,9.0,path_length,163.846
RRT*,blocked_road,14,rrt_step,9.0,path_length,153.285
RRT*,blocked_road,15,rrt_step,9.0,path_length,156.965
RRT*,blocked_road,16,rrt_step,9.0,path_length,156.224
RRT*,blocked_road,17,rrt_step,9.0,path_length,163.425
RRT*,blocked_road,18,rrt_step,9.0,path_length,154.067
RRT*,blocked_road,19,rrt_step,9.0,path_length,154.351
RRT*,blocked_road,20,rrt_step,9.0,path_length,155.646
RRT*,blocked_road,21,rrt_step,9.0,path_length,164.387
RRT*,blocked_road,22,rrt_step,9.0,path_length,163.739
RRT*,blocked_road,23,rrt_step,9.0,path_length,158.664
RRT*,blocked_road,24,rrt_step,9.0,path_length,164.132
RRT*,blocked_road,25,rrt_step,9.0,path_length,163.018
RRT*,blocked_road,26,rrt_step,9.0,path_length,157.626
RRT*,blocked_road,27,rrt_step,9.0,path_length,203.894
RRT*,blocked_road,28,rrt_step,9.0,path_length,159.806
RRT*,blocked_road,29,rrt_step,9.0,path_length,152.224
RRT*,dense_city,0,rrt_step,9.0,path_length,163.823
RRT*,dense_city,1,rrt_step,9.0,path_length,167.867
RRT*,dense_city,2,rrt_step,9.0,path_length,190.033
RRT*,dense_city,3,rrt_step,9.0,path_length,164.982
RRT*,dense_city,4,rrt_step,9.0,path_length,163.445
RRT*,dense_city,5,rrt_step,9.0,path_length,143.618
RRT*,dense_city,6,rrt_step,9.0,path_length,160.157
RRT*,dense_city,7,rrt_step,9.0,path_length,149.265
RRT*,dense_city,8,rrt_step,9.0,path_length,165.898
RRT*,dense_city,9,rrt_step,9.0,path_length,
RRT*,dense_city,10,rrt_step,9.0,path_length,161.652
RRT*,dense_city,11,rrt_step,9.0,path_length,156.968
RRT*,dense_city,12,rrt_step,9.0,path_length,164.273
RRT*,dense_city,13,rrt_step,9.0,path_length,164.387
RRT*,dense_city,14,rrt_step,9.0,path_length,166.115
RRT*,dense_city,15,rrt_step,9.0,path_length,162.024
RRT*,dense_city,16,rrt_step,9.0,path_length,157.787
RRT*,dense_city,17,rrt_step,9.0,path_length,160.879
RRT*,dense_city,18,rrt_step,9.0,path_length,155.533
RRT*,dense_city,19,rrt_step,9.0,path_length,160.192
RRT*,dense_city,20,rrt_step,9.0,path_length,164.198
RRT*,dense_city,21,rrt_step,9.0,path_length,161.327
RRT*,dense_city,22,rrt_step,9.0,path_length,170.181
RRT*,dense_city,23,rrt_step,9.0,path_length,152.66
RRT*,dense_city,24,rrt_step,9.0,path_length,156.969
RRT*,dense_city,25,rrt_step,9.0,path_length,158.278
RRT*,dense_city,26,rrt_step,9.0,path_length,164.941
RRT*,dense_city,27,rrt_step,9.0,path_length,158.302
RRT*,dense_city,28,rrt_step,9.0,path_length,157.847
RRT*,dense_city,29,rrt_step,9.0,path_length,157.731
RRT*,normal_city,0,rrt_step,2.0,length_ratio,0.993
RRT*,normal_city,1,rrt_step,2.0,length_ratio,1.0738
RRT*,normal_city,2,rrt_step,2.0,length_ratio,1.023
RRT*,normal_city,3,rrt_step,2.0,length_ratio,0.9861
RRT*,normal_city,4,rrt_step,2.0,length_ratio,0.9622
RRT*,normal_city,5,rrt_step,2.0,length_ratio,0.9966
RRT*,normal_city,6,rrt_step,2.0,length_ratio,1.0242
RRT*,normal_city,7,rrt_step,2.0,length_ratio,1.031
RRT*,normal_city,8,rrt_step,2.0,length_ratio,0.9938
RRT*,normal_city,9,rrt_step,2.0,length_ratio,1.0597
RRT*,normal_city,10,rrt_step,2.0,length_ratio,0.9709
RRT*,normal_city,11,rrt_step,2.0,length_ratio,1.0128
RRT*,normal_city,12,rrt_step,2.0,length_ratio,0.9738
RRT*,normal_city,13,rrt_step,2.0,length_ratio,0.9995
RRT*,normal_city,14,rrt_step,2.0,length_ratio,1.0184
RRT*,normal_city,15,rrt_step,2.0,length_ratio,0.9683
RRT*,normal_city,16,rrt_step,2.0,length_ratio,1.0366
RRT*,normal_city,17,rrt_step,2.0,length_ratio,0.9822
RRT*,normal_city,18,rrt_step,2.0,length_ratio,0.9898
RRT*,normal_city,19,rrt_step,2.0,length_ratio,0.9599
RRT*,normal_city,20,rrt_step,2.0,length_ratio,1.0177
RRT*,normal_city,21,rrt_step,2.0,length_ratio,0.9942
RRT*,normal_city,22,rrt_step,2.0,length_ratio,0.9936
RRT*,normal_city,23,rrt_step,2.0,length_ratio,1.0066
RRT*,normal_city,24,rrt_step,2.0,length_ratio,1.0385
RRT*,normal_city,25,rrt_step,2.0,length_ratio,0.9796
RRT*,normal_city,26,rrt_step,2.0,length_ratio,0.9711
RRT*,normal_city,27,rrt_step,2.0,length_ratio,0.975
RRT*,normal_city,28,rrt_step,2.0,length_ratio,1.0401
RRT*,normal_city,29,rrt_step,2.0,length_ratio,0.9749
RRT*,blocked_road,0,rrt_step,2.0,length_ratio,0.9842
RRT*,blocked_road,1,rrt_step,2.0,length_ratio,1.0314
RRT*,blocked_road,2,rrt_step,2.0,length_ratio,0.978
RRT*,blocked_road,3,rrt_step,2.0,length_ratio,1.0503
RRT*,blocked_road,4,rrt_step,2.0,length_ratio,0.9733
RRT*,blocked_road,5,rrt_step,2.0,length_ratio,0.9889
RRT*,blocked_road,6,rrt_step,2.0,length_ratio,1.0455
RRT*,blocked_road,7,rrt_step,2.0,length_ratio,0.9812
RRT*,blocked_road,8,rrt_step,2.0,length_ratio,0.9913
RRT*,blocked_road,9,rrt_step,2.0,length_ratio,1.0077
RRT*,blocked_road,10,rrt_step,2.0,length_ratio,1.0019
RRT*,blocked_road,11,rrt_step,2.0,length_ratio,1.0
RRT*,blocked_road,12,rrt_step,2.0,length_ratio,1.0093
RRT*,blocked_road,13,rrt_step,2.0,length_ratio,1.0139
RRT*,blocked_road,14,rrt_step,2.0,length_ratio,0.9771
RRT*,blocked_road,15,rrt_step,2.0,length_ratio,0.9878
RRT*,blocked_road,16,rrt_step,2.0,length_ratio,0.9829
RRT*,blocked_road,17,rrt_step,2.0,length_ratio,1.0048
RRT*,blocked_road,18,rrt_step,2.0,length_ratio,1.0276
RRT*,blocked_road,19,rrt_step,2.0,length_ratio,0.9904
RRT*,blocked_road,20,rrt_step,2.0,length_ratio,0.9928
RRT*,blocked_road,21,rrt_step,2.0,length_ratio,0.973
RRT*,blocked_road,22,rrt_step,2.0,length_ratio,1.0344
RRT*,blocked_road,23,rrt_step,2.0,length_ratio,0.9975
RRT*,blocked_road,24,rrt_step,2.0,length_ratio,1.0152
RRT*,blocked_road,25,rrt_step,2.0,length_ratio,1.0308
RRT*,blocked_road,26,rrt_step,2.0,length_ratio,0.9899
RRT*,blocked_road,27,rrt_step,2.0,length_ratio,1.0319
RRT*,blocked_road,28,rrt_step,2.0,length_ratio,0.9828
RRT*,blocked_road,29,rrt_step,2.0,length_ratio,1.0637
RRT*,dense_city,0,rrt_step,2.0,length_ratio,1.0053
RRT*,dense_city,1,rrt_step,2.0,length_ratio,
RRT*,dense_city,2,rrt_step,2.0,length_ratio,0.9992
RRT*,dense_city,3,rrt_step,2.0,length_ratio,1.0119
RRT*,dense_city,4,rrt_step,2.0,length_ratio,0.9977
RRT*,dense_city,5,rrt_step,2.0,length_ratio,0.9686
RRT*,dense_city,6,rrt_step,2.0,length_ratio,0.9823
RRT*,dense_city,7,rrt_step,2.0,length_ratio,
RRT*,dense_city,8,rrt_step,2.0,length_ratio,1.0607
RRT*,dense_city,9,rrt_step,2.0,length_ratio,
RRT*,dense_city,10,rrt_step,2.0,length_ratio,1.0175
RRT*,dense_city,11,rrt_step,2.0,length_ratio,0.9834
RRT*,dense_city,12,rrt_step,2.0,length_ratio,1.0331
RRT*,dense_city,13,rrt_step,2.0,length_ratio,1.0281
RRT*,dense_city,14,rrt_step,2.0,length_ratio,1.0732
RRT*,dense_city,15,rrt_step,2.0,length_ratio,1.0121
RRT*,dense_city,16,rrt_step,2.0,length_ratio,0.9764
RRT*,dense_city,17,rrt_step,2.0,length_ratio,1.0523
RRT*,dense_city,18,rrt_step,2.0,length_ratio,0.9806
RRT*,dense_city,19,rrt_step,2.0,length_ratio,1.0051
RRT*,dense_city,20,rrt_step,2.0,length_ratio,0.9893
RRT*,dense_city,21,rrt_step,2.0,length_ratio,1.0517
RRT*,dense_city,22,rrt_step,2.0,length_ratio,1.0038
RRT*,dense_city,23,rrt_step,2.0,length_ratio,1.0137
RRT*,dense_city,24,rrt_step,2.0,length_ratio,1.0014
RRT*,dense_city,25,rrt_step,2.0,length_ratio,1.0006
RRT*,dense_city,26,rrt_step,2.0,length_ratio,1.0248
RRT*,dense_city,27,rrt_step,2.0,length_ratio,0.9984
RRT*,dense_city,28,rrt_step,2.0,length_ratio,1.0409
RRT*,dense_city,29,rrt_step,2.0,length_ratio,0.9768
RRT*,normal_city,0,rrt_step,3.0,length_ratio,0.9989
RRT*,normal_city,1,rrt_step,3.0,length_ratio,0.977
RRT*,normal_city,2,rrt_step,3.0,length_ratio,1.0566
RRT*,normal_city,3,rrt_step,3.0,length_ratio,0.9946
RRT*,normal_city,4,rrt_step,3.0,length_ratio,0.9771
RRT*,normal_city,5,rrt_step,3.0,length_ratio,0.9728
RRT*,normal_city,6,rrt_step,3.0,length_ratio,1.0295
RRT*,normal_city,7,rrt_step,3.0,length_ratio,1.0128
RRT*,normal_city,8,rrt_step,3.0,length_ratio,1.0685
RRT*,normal_city,9,rrt_step,3.0,length_ratio,1.0564
RRT*,normal_city,10,rrt_step,3.0,length_ratio,1.0472
RRT*,normal_city,11,rrt_step,3.0,length_ratio,1.0574
RRT*,normal_city,12,rrt_step,3.0,length_ratio,0.9834
RRT*,normal_city,13,rrt_step,3.0,length_ratio,1.0073
RRT*,normal_city,14,rrt_step,3.0,length_ratio,1.051
RRT*,normal_city,15,rrt_step,3.0,length_ratio,1.0299
RRT*,normal_city,16,rrt_step,3.0,length_ratio,1.0466
RRT*,normal_city,17,rrt_step,3.0,length_ratio,1.0126
RRT*,normal_city,18,rrt_step,3.0,length_ratio,0.9857
RRT*,normal_city,19,rrt_step,3.0,length_ratio,1.0524
RRT*,normal_city,20,rrt_step,3.0,length_ratio,0.9825
RRT*,normal_city,21,rrt_step,3.0,length_ratio,0.9949
RRT*,normal_city,22,rrt_step,3.0,length_ratio,1.0646
RRT*,normal_city,23,rrt_step,3.0,length_ratio,1.034
RRT*,normal_city,24,rrt_step,3.0,length_ratio,0.9853
RRT*,normal_city,25,rrt_step,3.0,length_ratio,1.0245
RRT*,normal_city,26,rrt_step,3.0,length_ratio,1.0533
RRT*,normal_city,27,rrt_step,3.0,length_ratio,1.0305
RRT*,normal_city,28,rrt_step,3.0,length_ratio,1.056
RRT*,normal_city,29,rrt_step,3.0,length_ratio,1.0387
RRT*,blocked_road,0,rrt_step,3.0,length_ratio,0.9889
RRT*,blocked_road,1,rrt_step,3.0,length_ratio,0.9943
RRT*,blocked_road,2,rrt_step,3.0,length_ratio,0.9882
RRT*,blocked_road,3,rrt_step,3.0,length_ratio,1.0545
RRT*,blocked_road,4,rrt_step,3.0,length_ratio,0.9988
RRT*,blocked_road,5,rrt_step,3.0,length_ratio,1.0611
RRT*,blocked_road,6,rrt_step,3.0,length_ratio,1.0111
RRT*,blocked_road,7,rrt_step,3.0,length_ratio,0.9998
RRT*,blocked_road,8,rrt_step,3.0,length_ratio,0.9918
RRT*,blocked_road,9,rrt_step,3.0,length_ratio,1.0076
RRT*,blocked_road,10,rrt_step,3.0,length_ratio,1.0176
RRT*,blocked_road,11,rrt_step,3.0,length_ratio,0.9931
RRT*,blocked_road,12,rrt_step,3.0,length_ratio,1.0313
RRT*,blocked_road,13,rrt_step,3.0,length_ratio,1.0592
RRT*,blocked_road,14,rrt_step,3.0,length_ratio,0.9945
RRT*,blocked_road,15,rrt_step,3.0,length_ratio,1.0199
RRT*,blocked_road,16,rrt_step,3.0,length_ratio,0.9976
RRT*,blocked_road,17,rrt_step,3.0,length_ratio,1.0087
RRT*,blocked_road,18,rrt_step,3.0,length_ratio,0.9915
RRT*,blocked_road,19,rrt_step,3.0,length_ratio,0.9788
RRT*,blocked_road,20,rrt_step,3.0,length_ratio,0.9776
RRT*,blocked_road,21,rrt_step,3.0,length_ratio,0.9972
RRT*,blocked_road,22,rrt_step,3.0,length_ratio,1.0763
RRT*,blocked_road,23,rrt_step,3.0,length_ratio,1.0278
RRT*,blocked_road,24,rrt_step,3.0,length_ratio,1.052
RRT*,blocked_road,25,rrt_step,3.0,length_ratio,1.007
RRT*,blocked_road,26,rrt_step,3.0,length_ratio,1.0074
RRT*,blocked_road,27,rrt_step,3.0,length_ratio,1.0387
RRT*,blocked_road,28,rrt_step,3.0,length_ratio,0.9955
RRT*,blocked_road,29,rrt_step,3.0,length_ratio,0.9826
RRT*,dense_city,0,rrt_step,3.0,length_ratio,1.0026
RRT*,dense_city,1,rrt_step,3.0,length_ratio,0.9943
RRT*,dense_city,2,rrt_step,3.0,length_ratio,1.0552
RRT*,dense_city,3,rrt_step,3.0,length_ratio,1.045
RRT*,dense_city,4,rrt_step,3.0,length_ratio,1.0063
RRT*,dense_city,5,rrt_step,3.0,length_ratio,0.9813
RRT*,dense_city,6,rrt_step,3.0,length_ratio,1.034
RRT*,dense_city,7,rrt_step,3.0,length_ratio,0.9867
RRT*,dense_city,8,rrt_step,3.0,length_ratio,1.0323
RRT*,dense_city,9,rrt_step,3.0,length_ratio,
RRT*,dense_city,10,rrt_step,3.0,length_ratio,1.0034
RRT*,dense_city,11,rrt_step,3.0,length_ratio,1.0588
RRT*,dense_city,12,rrt_step,3.0,length_ratio,1.0971
RRT*,dense_city,13,rrt_step,3.0,length_ratio,1.0203
RRT*,dense_city,14,rrt_step,3.0,length_ratio,0.9933
RRT*,dense_city,15,rrt_step,3.0,length_ratio,0.9974
RRT*,dense_city,16,rrt_step,3.0,length_ratio,1.015
RRT*,dense_city,17,rrt_step,3.0,length_ratio,1.0457
RRT*,dense_city,18,rrt_step,3.0,length_ratio,1.0002
RRT*,dense_city,19,rrt_step,3.0,length_ratio,1.0414
RRT*,dense_city,20,rrt_step,3.0,length_ratio,1.0024
RRT*,dense_city,21,rrt_step,3.0,length_ratio,1.0554
RRT*,dense_city,22,rrt_step,3.0,length_ratio,
RRT*,dense_city,23,rrt_step,3.0,length_ratio,1.0925
RRT*,dense_city,24,rrt_step,3.0,length_ratio,1.053
RRT*,dense_city,25,rrt_step,3.0,length_ratio,1.0099
RRT*,dense_city,26,rrt_step,3.0,length_ratio,1.0059
RRT*,dense_city,27,rrt_step,3.0,length_ratio,1.0198
RRT*,dense_city,28,rrt_step,3.0,length_ratio,1.036
RRT*,dense_city,29,rrt_step,3.0,length_ratio,1.004
RRT*,normal_city,0,rrt_step,4.0,length_ratio,1.0417
RRT*,normal_city,1,rrt_step,4.0,length_ratio,1.0528
RRT*,normal_city,2,rrt_step,4.0,length_ratio,1.0258
RRT*,normal_city,3,rrt_step,4.0,length_ratio,1.0743
RRT*,normal_city,4,rrt_step,4.0,length_ratio,1.0718
RRT*,normal_city,5,rrt_step,4.0,length_ratio,1.05
RRT*,normal_city,6,rrt_step,4.0,length_ratio,1.0523
RRT*,normal_city,7,rrt_step,4.0,length_ratio,1.0588
RRT*,normal_city,8,rrt_step,4.0,length_ratio,1.0006
RRT*,normal_city,9,rrt_step,4.0,length_ratio,0.9954
RRT*,normal_city,10,rrt_step,4.0,length_ratio,1.0177
RRT*,normal_city,11,rrt_step,4.0,length_ratio,1.0552
RRT*,normal_city,12,rrt_step,4.0,length_ratio,1.005
RRT*,normal_city,13,rrt_step,4.0,length_ratio,0.9936
RRT*,normal_city,14,rrt_step,4.0,length_ratio,1.0448
RRT*,normal_city,15,rrt_step,4.0,length_ratio,1.0269
RRT*,normal_city,16,rrt_step,4.0,length_ratio,1.0819
RRT*,normal_city,17,rrt_step,4.0,length_ratio,1.0648
RRT*,normal_city,18,rrt_step,4.0,length_ratio,1.0436
RRT*,normal_city,19,rrt_step,4.0,length_ratio,1.0746
RRT*,normal_city,20,rrt_step,4.0,length_ratio,0.984
RRT*,normal_city,21,rrt_step,4.0,length_ratio,1.0714
RRT*,normal_city,22,rrt_step,4.0,length_ratio,1.0263
RRT*,normal_city,23,rrt_step,4.0,length_ratio,1.0076
RRT*,normal_city,24,rrt_step,4.0,length_ratio,1.0292
RRT*,normal_city,25,rrt_step,4.0,length_ratio,1.0065
RRT*,normal_city,26,rrt_step,4.0,length_ratio,1.0852
RRT*,normal_city,27,rrt_step,4.0,length_ratio,1.0433
RRT*,normal_city,28,rrt_step,4.0,length_ratio,1.0279
RRT*,normal_city,29,rrt_step,4.0,length_ratio,1.0357
RRT*,blocked_road,0,rrt_step,4.0,length_ratio,1.0173
RRT*,blocked_road,1,rrt_step,4.0,length_ratio,1.0521
RRT*,blocked_road,2,rrt_step,4.0,length_ratio,1.0331
RRT*,blocked_road,3,rrt_step,4.0,length_ratio,1.0471
RRT*,blocked_road,4,rrt_step,4.0,length_ratio,0.9914
RRT*,blocked_road,5,rrt_step,4.0,length_ratio,1.0523
RRT*,blocked_road,6,rrt_step,4.0,length_ratio,1.0206
RRT*,blocked_road,7,rrt_step,4.0,length_ratio,1.0485
RRT*,blocked_road,8,rrt_step,4.0,length_ratio,0.9944
RRT*,blocked_road,9,rrt_step,4.0,length_ratio,1.0176
RRT*,blocked_road,10,rrt_step,4.0,length_ratio,1.0012
RRT*,blocked_road,11,rrt_step,4.0,length_ratio,1.0321
RRT*,blocked_road,12,rrt_step,4.0,length_ratio,0.9931
RRT*,blocked_road,13,rrt_step,4.0,length_ratio,1.0041
RRT*,blocked_road,14,rrt_step,4.0,length_ratio,0.9991
RRT*,blocked_road,15,rrt_step,4.0,length_ratio,1.0094
RRT*,blocked_road,16,rrt_step,4.0,length_ratio,1.0122
RRT*,blocked_road,17,rrt_step,4.0,length_ratio,1.029
RRT*,blocked_road,18,rrt_step,4.0,length_ratio,1.0096
RRT*,blocked_road,19,rrt_step,4.0,length_ratio,1.0101
RRT*,blocked_road,20,rrt_step,4.0,length_ratio,1.0148
RRT*,blocked_road,21,rrt_step,4.0,length_ratio,1.0046
RRT*,blocked_road,22,rrt_step,4.0,length_ratio,1.0634
RRT*,blocked_road,23,rrt_step,4.0,length_ratio,1.0104
RRT*,blocked_road,24,rrt_step,4.0,length_ratio,1.0237
RRT*,blocked_road,25,rrt_step,4.0,length_ratio,1.013
RRT*,blocked_road,26,rrt_step,4.0,length_ratio,1.0292
RRT*,blocked_road,27,rrt_step,4.0,length_ratio,1.0291
RRT*,blocked_road,28,rrt_step,4.0,length_ratio,0.9954
RRT*,blocked_road,29,rrt_step,4.0,length_ratio,0.9905
RRT*,dense_city,0,rrt_step,4.0,length_ratio,1.0322
RRT*,dense_city,1,rrt_step,4.0,length_ratio,0.9907
RRT*,dense_city,2,rrt_step,4.0,length_ratio,1.0617
RRT*,dense_city,3,rrt_step,4.0,length_ratio,1.0717
RRT*,dense_city,4,rrt_step,4.0,length_ratio,1.0334
RRT*,dense_city,5,rrt_step,4.0,length_ratio,0.9737
RRT*,dense_city,6,rrt_step,4.0,length_ratio,1.0407
RRT*,dense_city,7,rrt_step,4.0,length_ratio,0.9866
RRT*,dense_city,8,rrt_step,4.0,length_ratio,1.0465
RRT*,dense_city,9,rrt_step,4.0,length_ratio,
RRT*,dense_city,10,rrt_step,4.0,length_ratio,1.0652
RRT*,dense_city,11,rrt_step,4.0,length_ratio,1.0829
RRT*,dense_city,12,rrt_step,4.0,length_ratio,1.0415
RRT*,dense_city,13,rrt_step,4.0,length_ratio,1.0526
RRT*,dense_city,14,rrt_step,4.0,length_ratio,1.0216
RRT*,dense_city,15,rrt_step,4.0,length_ratio,1.0555
RRT*,dense_city,16,rrt_step,4.0,length_ratio,1.0179
RRT*,dense_city,17,rrt_step,4.0,length_ratio,1.0961
RRT*,dense_city,18,rrt_step,4.0,length_ratio,1.0321
RRT*,dense_city,19,rrt_step,4.0,length_ratio,1.0304
RRT*,dense_city,20,rrt_step,4.0,length_ratio,1.0065
RRT*,dense_city,21,rrt_step,4.0,length_ratio,1.0537
RRT*,dense_city,22,rrt_step,4.0,length_ratio,1.0702
RRT*,dense_city,23,rrt_step,4.0,length_ratio,1.0774
RRT*,dense_city,24,rrt_step,4.0,length_ratio,1.0782
RRT*,dense_city,25,rrt_step,4.0,length_ratio,1.036
RRT*,dense_city,26,rrt_step,4.0,length_ratio,1.0302
RRT*,dense_city,27,rrt_step,4.0,length_ratio,1.0469
RRT*,dense_city,28,rrt_step,4.0,length_ratio,1.0267
RRT*,dense_city,29,rrt_step,4.0,length_ratio,1.0553
RRT*,normal_city,0,rrt_step,6.0,length_ratio,1.0813
RRT*,normal_city,1,rrt_step,6.0,length_ratio,1.0736
RRT*,normal_city,2,rrt_step,6.0,length_ratio,1.0805
RRT*,normal_city,3,rrt_step,6.0,length_ratio,1.0124
RRT*,normal_city,4,rrt_step,6.0,length_ratio,1.0143
RRT*,normal_city,5,rrt_step,6.0,length_ratio,1.0908
RRT*,normal_city,6,rrt_step,6.0,length_ratio,1.0775
RRT*,normal_city,7,rrt_step,6.0,length_ratio,1.0952
RRT*,normal_city,8,rrt_step,6.0,length_ratio,1.0493
RRT*,normal_city,9,rrt_step,6.0,length_ratio,1.072
RRT*,normal_city,10,rrt_step,6.0,length_ratio,1.0456
RRT*,normal_city,11,rrt_step,6.0,length_ratio,1.0269
RRT*,normal_city,12,rrt_step,6.0,length_ratio,1.0418
RRT*,normal_city,13,rrt_step,6.0,length_ratio,1.0424
RRT*,normal_city,14,rrt_step,6.0,length_ratio,1.0472
RRT*,normal_city,15,rrt_step,6.0,length_ratio,1.0803
RRT*,normal_city,16,rrt_step,6.0,length_ratio,1.0902
RRT*,normal_city,17,rrt_step,6.0,length_ratio,1.025
RRT*,normal_city,18,rrt_step,6.0,length_ratio,1.09
RRT*,normal_city,19,rrt_step,6.0,length_ratio,1.0571
RRT*,normal_city,20,rrt_step,6.0,length_ratio,1.0606
RRT*,normal_city,21,rrt_step,6.0,length_ratio,1.0914
RRT*,normal_city,22,rrt_step,6.0,length_ratio,1.1095
RRT*,normal_city,23,rrt_step,6.0,length_ratio,1.1057
RRT*,normal_city,24,rrt_step,6.0,length_ratio,1.0144
RRT*,normal_city,25,rrt_step,6.0,length_ratio,1.0581
RRT*,normal_city,26,rrt_step,6.0,length_ratio,1.0595
RRT*,normal_city,27,rrt_step,6.0,length_ratio,1.0794
RRT*,normal_city,28,rrt_step,6.0,length_ratio,1.0713
RRT*,normal_city,29,rrt_step,6.0,length_ratio,0.993
RRT*,blocked_road,0,rrt_step,6.0,length_ratio,1.0587
RRT*,blocked_road,1,rrt_step,6.0,length_ratio,1.0673
RRT*,blocked_road,2,rrt_step,6.0,length_ratio,1.0486
RRT*,blocked_road,3,rrt_step,6.0,length_ratio,1.0708
RRT*,blocked_road,4,rrt_step,6.0,length_ratio,1.0634
RRT*,blocked_road,5,rrt_step,6.0,length_ratio,1.0839
RRT*,blocked_road,6,rrt_step,6.0,length_ratio,1.075
RRT*,blocked_road,7,rrt_step,6.0,length_ratio,1.1005
RRT*,blocked_road,8,rrt_step,6.0,length_ratio,1.1103
RRT*,blocked_road,9,rrt_step,6.0,length_ratio,1.0883
RRT*,blocked_road,10,rrt_step,6.0,length_ratio,0.9956
RRT*,blocked_road,11,rrt_step,6.0,length_ratio,1.0729
RRT*,blocked_road,12,rrt_step,6.0,length_ratio,1.0603
RRT*,blocked_road,13,rrt_step,6.0,length_ratio,1.0338
RRT*,blocked_road,14,rrt_step,6.0,length_ratio,1.025
RRT*,blocked_road,15,rrt_step,6.0,length_ratio,1.0442
RRT*,blocked_road,16,rrt_step,6.0,length_ratio,1.0025
RRT*,blocked_road,17,rrt_step,6.0,length_ratio,1.054
RRT*,blocked_road,18,rrt_step,6.0,length_ratio,1.0694
RRT*,blocked_road,19,rrt_step,6.0,length_ratio,1.022
RRT*,blocked_road,20,rrt_step,6.0,length_ratio,0.9821
RRT*,blocked_road,21,rrt_step,6.0,length_ratio,1.0078
RRT*,blocked_road,22,rrt_step,6.0,length_ratio,1.1023
RRT*,blocked_road,23,rrt_step,6.0,length_ratio,1.0042
RRT*,blocked_road,24,rrt_step,6.0,length_ratio,1.0616
RRT*,blocked_road,25,rrt_step,6.0,length_ratio,1.0392
RRT*,blocked_road,26,rrt_step,6.0,length_ratio,1.0091
RRT*,blocked_road,27,rrt_step,6.0,length_ratio,1.0045
RRT*,blocked_road,28,rrt_step,6.0,length_ratio,1.0397
RRT*,blocked_road,29,rrt_step,6.0,length_ratio,1.0114
RRT*,dense_city,0,rrt_step,6.0,length_ratio,1.0198
RRT*,dense_city,1,rrt_step,6.0,length_ratio,1.0794
RRT*,dense_city,2,rrt_step,6.0,length_ratio,1.0985
RRT*,dense_city,3,rrt_step,6.0,length_ratio,1.0695
RRT*,dense_city,4,rrt_step,6.0,length_ratio,1.0209
RRT*,dense_city,5,rrt_step,6.0,length_ratio,0.9737
RRT*,dense_city,6,rrt_step,6.0,length_ratio,1.0386
RRT*,dense_city,7,rrt_step,6.0,length_ratio,0.9866
RRT*,dense_city,8,rrt_step,6.0,length_ratio,1.0634
RRT*,dense_city,9,rrt_step,6.0,length_ratio,
RRT*,dense_city,10,rrt_step,6.0,length_ratio,1.0593
RRT*,dense_city,11,rrt_step,6.0,length_ratio,1.0946
RRT*,dense_city,12,rrt_step,6.0,length_ratio,1.0794
RRT*,dense_city,13,rrt_step,6.0,length_ratio,1.0456
RRT*,dense_city,14,rrt_step,6.0,length_ratio,1.118
RRT*,dense_city,15,rrt_step,6.0,length_ratio,1.0527
RRT*,dense_city,16,rrt_step,6.0,length_ratio,1.0858
RRT*,dense_city,17,rrt_step,6.0,length_ratio,1.0628
RRT*,dense_city,18,rrt_step,6.0,length_ratio,1.0468
RRT*,dense_city,19,rrt_step,6.0,length_ratio,1.0321
RRT*,dense_city,20,rrt_step,6.0,length_ratio,1.0323
RRT*,dense_city,21,rrt_step,6.0,length_ratio,1.0893
RRT*,dense_city,22,rrt_step,6.0,length_ratio,1.0074
RRT*,dense_city,23,rrt_step,6.0,length_ratio,1.0515
RRT*,dense_city,24,rrt_step,6.0,length_ratio,1.0984
RRT*,dense_city,25,rrt_step,6.0,length_ratio,1.1164
RRT*,dense_city,26,rrt_step,6.0,length_ratio,1.0622
RRT*,dense_city,27,rrt_step,6.0,length_ratio,1.0302
RRT*,dense_city,28,rrt_step,6.0,length_ratio,1.0826
RRT*,dense_city,29,rrt_step,6.0,length_ratio,1.0909
RRT*,normal_city,0,rrt_step,9.0,length_ratio,1.0597
RRT*,normal_city,1,rrt_step,9.0,length_ratio,1.0418
RRT*,normal_city,2,rrt_step,9.0,length_ratio,1.1274
RRT*,normal_city,3,rrt_step,9.0,length_ratio,1.0635
RRT*,normal_city,4,rrt_step,9.0,length_ratio,1.1047
RRT*,normal_city,5,rrt_step,9.0,length_ratio,1.0779
RRT*,normal_city,6,rrt_step,9.0,length_ratio,1.0663
RRT*,normal_city,7,rrt_step,9.0,length_ratio,1.0833
RRT*,normal_city,8,rrt_step,9.0,length_ratio,1.1094
RRT*,normal_city,9,rrt_step,9.0,length_ratio,1.1413
RRT*,normal_city,10,rrt_step,9.0,length_ratio,1.0899
RRT*,normal_city,11,rrt_step,9.0,length_ratio,1.0777
RRT*,normal_city,12,rrt_step,9.0,length_ratio,1.09
RRT*,normal_city,13,rrt_step,9.0,length_ratio,1.0874
RRT*,normal_city,14,rrt_step,9.0,length_ratio,1.155
RRT*,normal_city,15,rrt_step,9.0,length_ratio,1.1003
RRT*,normal_city,16,rrt_step,9.0,length_ratio,1.0913
RRT*,normal_city,17,rrt_step,9.0,length_ratio,1.1672
RRT*,normal_city,18,rrt_step,9.0,length_ratio,1.1424
RRT*,normal_city,19,rrt_step,9.0,length_ratio,1.117
RRT*,normal_city,20,rrt_step,9.0,length_ratio,1.1154
RRT*,normal_city,21,rrt_step,9.0,length_ratio,1.172
RRT*,normal_city,22,rrt_step,9.0,length_ratio,1.1078
RRT*,normal_city,23,rrt_step,9.0,length_ratio,1.1714
RRT*,normal_city,24,rrt_step,9.0,length_ratio,1.1096
RRT*,normal_city,25,rrt_step,9.0,length_ratio,1.1104
RRT*,normal_city,26,rrt_step,9.0,length_ratio,1.0792
RRT*,normal_city,27,rrt_step,9.0,length_ratio,1.1784
RRT*,normal_city,28,rrt_step,9.0,length_ratio,1.195
RRT*,normal_city,29,rrt_step,9.0,length_ratio,1.1091
RRT*,blocked_road,0,rrt_step,9.0,length_ratio,1.1387
RRT*,blocked_road,1,rrt_step,9.0,length_ratio,1.0411
RRT*,blocked_road,2,rrt_step,9.0,length_ratio,1.1391
RRT*,blocked_road,3,rrt_step,9.0,length_ratio,1.0212
RRT*,blocked_road,4,rrt_step,9.0,length_ratio,1.0555
RRT*,blocked_road,5,rrt_step,9.0,length_ratio,1.136
RRT*,blocked_road,6,rrt_step,9.0,length_ratio,1.1044
RRT*,blocked_road,7,rrt_step,9.0,length_ratio,0.9968
RRT*,blocked_road,8,rrt_step,9.0,length_ratio,1.0423
RRT*,blocked_road,9,rrt_step,9.0,length_ratio,1.058
RRT*,blocked_road,10,rrt_step,9.0,length_ratio,1.0044
RRT*,blocked_road,11,rrt_step,9.0,length_ratio,1.0619
RRT*,blocked_road,12,rrt_step,9.0,length_ratio,1.0725
RRT*,blocked_road,13,rrt_step,9.0,length_ratio,1.1083
RRT*,blocked_road,14,rrt_step,9.0,length_ratio,1.0011
RRT*,blocked_road,15,rrt_step,9.0,length_ratio,1.0213
RRT*,blocked_road,16,rrt_step,9.0,length_ratio,1.0402
RRT*,blocked_road,17,rrt_step,9.0,length_ratio,1.0967
RRT*,blocked_road,18,rrt_step,9.0,length_ratio,1.0504
RRT*,blocked_road,19,rrt_step,9.0,length_ratio,1.0238
RRT*,blocked_road,20,rrt_step,9.0,length_ratio,1.0364
RRT*,blocked_road,21,rrt_step,9.0,length_ratio,1.0989
RRT*,blocked_road,22,rrt_step,9.0,length_ratio,1.1075
RRT*,blocked_road,23,rrt_step,9.0,length_ratio,1.0732
RRT*,blocked_road,24,rrt_step,9.0,length_ratio,1.1015
RRT*,blocked_road,25,rrt_step,9.0,length_ratio,1.0897
RRT*,blocked_road,26,rrt_step,9.0,length_ratio,1.0496
RRT*,blocked_road,27,rrt_step,9.0,length_ratio,1.3737
RRT*,blocked_road,28,rrt_step,9.0,length_ratio,1.0809
RRT*,blocked_road,29,rrt_step,9.0,length_ratio,1.0176
RRT*,dense_city,0,rrt_step,9.0,length_ratio,1.0908
RRT*,dense_city,1,rrt_step,9.0,length_ratio,1.1177
RRT*,dense_city,2,rrt_step,9.0,length_ratio,1.2653
RRT*,dense_city,3,rrt_step,9.0,length_ratio,1.1115
RRT*,dense_city,4,rrt_step,9.0,length_ratio,1.0883
RRT*,dense_city,5,rrt_step,9.0,length_ratio,0.9737
RRT*,dense_city,6,rrt_step,9.0,length_ratio,1.0664
RRT*,dense_city,7,rrt_step,9.0,length_ratio,0.9873
RRT*,dense_city,8,rrt_step,9.0,length_ratio,1.1311
RRT*,dense_city,9,rrt_step,9.0,length_ratio,
RRT*,dense_city,10,rrt_step,9.0,length_ratio,1.111
RRT*,dense_city,11,rrt_step,9.0,length_ratio,1.0788
RRT*,dense_city,12,rrt_step,9.0,length_ratio,1.129
RRT*,dense_city,13,rrt_step,9.0,length_ratio,1.0819
RRT*,dense_city,14,rrt_step,9.0,length_ratio,1.1417
RRT*,dense_city,15,rrt_step,9.0,length_ratio,1.0462
RRT*,dense_city,16,rrt_step,9.0,length_ratio,1.0845
RRT*,dense_city,17,rrt_step,9.0,length_ratio,1.0882
RRT*,dense_city,18,rrt_step,9.0,length_ratio,1.0356
RRT*,dense_city,19,rrt_step,9.0,length_ratio,1.0666
RRT*,dense_city,20,rrt_step,9.0,length_ratio,1.1285
RRT*,dense_city,21,rrt_step,9.0,length_ratio,1.0956
RRT*,dense_city,22,rrt_step,9.0,length_ratio,1.1244
RRT*,dense_city,23,rrt_step,9.0,length_ratio,1.0326
RRT*,dense_city,24,rrt_step,9.0,length_ratio,1.066
RRT*,dense_city,25,rrt_step,9.0,length_ratio,1.0756
RRT*,dense_city,26,rrt_step,9.0,length_ratio,1.0983
RRT*,dense_city,27,rrt_step,9.0,length_ratio,1.0379
RRT*,dense_city,28,rrt_step,9.0,length_ratio,1.051
RRT*,dense_city,29,rrt_step,9.0,length_ratio,1.0711
RRT*,normal_city,0,rrt_step,2.0,curvature,0.0464
RRT*,normal_city,1,rrt_step,2.0,curvature,0.0485
RRT*,normal_city,2,rrt_step,2.0,curvature,0.0687
RRT*,normal_city,3,rrt_step,2.0,curvature,0.049
RRT*,normal_city,4,rrt_step,2.0,curvature,0.0518
RRT*,normal_city,5,rrt_step,2.0,curvature,0.056
RRT*,normal_city,6,rrt_step,2.0,curvature,0.0439
RRT*,normal_city,7,rrt_step,2.0,curvature,0.0401
RRT*,normal_city,8,rrt_step,2.0,curvature,0.0567
RRT*,normal_city,9,rrt_step,2.0,curvature,0.0431
RRT*,normal_city,10,rrt_step,2.0,curvature,0.0476
RRT*,normal_city,11,rrt_step,2.0,curvature,0.0669
RRT*,normal_city,12,rrt_step,2.0,curvature,0.0625
RRT*,normal_city,13,rrt_step,2.0,curvature,0.0455
RRT*,normal_city,14,rrt_step,2.0,curvature,0.0557
RRT*,normal_city,15,rrt_step,2.0,curvature,0.0527
RRT*,normal_city,16,rrt_step,2.0,curvature,0.0332
RRT*,normal_city,17,rrt_step,2.0,curvature,0.0559
RRT*,normal_city,18,rrt_step,2.0,curvature,0.0536
RRT*,normal_city,19,rrt_step,2.0,curvature,0.0452
RRT*,normal_city,20,rrt_step,2.0,curvature,0.0377
RRT*,normal_city,21,rrt_step,2.0,curvature,0.0426
RRT*,normal_city,22,rrt_step,2.0,curvature,0.0479
RRT*,normal_city,23,rrt_step,2.0,curvature,0.053
RRT*,normal_city,24,rrt_step,2.0,curvature,0.0378
RRT*,normal_city,25,rrt_step,2.0,curvature,0.0499
RRT*,normal_city,26,rrt_step,2.0,curvature,0.0585
RRT*,normal_city,27,rrt_step,2.0,curvature,0.0475
RRT*,normal_city,28,rrt_step,2.0,curvature,0.0396
RRT*,normal_city,29,rrt_step,2.0,curvature,0.0511
RRT*,blocked_road,0,rrt_step,2.0,curvature,0.0356
RRT*,blocked_road,1,rrt_step,2.0,curvature,0.0331
RRT*,blocked_road,2,rrt_step,2.0,curvature,0.0472
RRT*,blocked_road,3,rrt_step,2.0,curvature,0.0163
RRT*,blocked_road,4,rrt_step,2.0,curvature,0.0416
RRT*,blocked_road,5,rrt_step,2.0,curvature,0.0444
RRT*,blocked_road,6,rrt_step,2.0,curvature,0.0331
RRT*,blocked_road,7,rrt_step,2.0,curvature,0.0475
RRT*,blocked_road,8,rrt_step,2.0,curvature,0.0412
RRT*,blocked_road,9,rrt_step,2.0,curvature,0.0341
RRT*,blocked_road,10,rrt_step,2.0,curvature,0.0317
RRT*,blocked_road,11,rrt_step,2.0,curvature,0.0413
RRT*,blocked_road,12,rrt_step,2.0,curvature,0.0601
RRT*,blocked_road,13,rrt_step,2.0,curvature,0.0491
RRT*,blocked_road,14,rrt_step,2.0,curvature,0.0325
RRT*,blocked_road,15,rrt_step,2.0,curvature,0.0374
RRT*,blocked_road,16,rrt_step,2.0,curvature,0.0365
RRT*,blocked_road,17,rrt_step,2.0,curvature,0.0281
RRT*,blocked_road,18,rrt_step,2.0,curvature,0.0448
RRT*,blocked_road,19,rrt_step,2.0,curvature,0.027
RRT*,blocked_road,20,rrt_step,2.0,curvature,0.039
RRT*,blocked_road,21,rrt_step,2.0,curvature,0.0346
RRT*,blocked_road,22,rrt_step,2.0,curvature,0.0477
RRT*,blocked_road,23,rrt_step,2.0,curvature,0.0508
RRT*,blocked_road,24,rrt_step,2.0,curvature,0.0334
RRT*,blocked_road,25,rrt_step,2.0,curvature,0.0209
RRT*,blocked_road,26,rrt_step,2.0,curvature,0.041
RRT*,blocked_road,27,rrt_step,2.0,curvature,0.0442
RRT*,blocked_road,28,rrt_step,2.0,curvature,0.0415
RRT*,blocked_road,29,rrt_step,2.0,curvature,0.0232
RRT*,dense_city,0,rrt_step,2.0,curvature,0.063
RRT*,dense_city,1,rrt_step,2.0,curvature,
RRT*,dense_city,2,rrt_step,2.0,curvature,0.0609
RRT*,dense_city,3,rrt_step,2.0,curvature,0.0473
RRT*,dense_city,4,rrt_step,2.0,curvature,0.0568
RRT*,dense_city,5,rrt_step,2.0,curvature,0.0886
RRT*,dense_city,6,rrt_step,2.0,curvature,0.0627
RRT*,dense_city,7,rrt_step,2.0,curvature,
RRT*,dense_city,8,rrt_step,2.0,curvature,0.0382
RRT*,dense_city,9,rrt_step,2.0,curvature,
RRT*,dense_city,10,rrt_step,2.0,curvature,0.0656
RRT*,dense_city,11,rrt_step,2.0,curvature,0.0793
RRT*,dense_city,12,rrt_step,2.0,curvature,0.0723
RRT*,dense_city,13,rrt_step,2.0,curvature,0.0459
RRT*,dense_city,14,rrt_step,2.0,curvature,0.0481
RRT*,dense_city,15,rrt_step,2.0,curvature,0.0388
RRT*,dense_city,16,rrt_step,2.0,curvature,0.0766
RRT*,dense_city,17,rrt_step,2.0,curvature,0.0392
RRT*,dense_city,18,rrt_step,2.0,curvature,0.062
RRT*,dense_city,19,rrt_step,2.0,curvature,0.0851
RRT*,dense_city,20,rrt_step,2.0,curvature,0.072
RRT*,dense_city,21,rrt_step,2.0,curvature,0.0337
RRT*,dense_city,22,rrt_step,2.0,curvature,0.0498
RRT*,dense_city,23,rrt_step,2.0,curvature,0.0486
RRT*,dense_city,24,rrt_step,2.0,curvature,0.045
RRT*,dense_city,25,rrt_step,2.0,curvature,0.0805
RRT*,dense_city,26,rrt_step,2.0,curvature,0.0478
RRT*,dense_city,27,rrt_step,2.0,curvature,0.0566
RRT*,dense_city,28,rrt_step,2.0,curvature,0.0493
RRT*,dense_city,29,rrt_step,2.0,curvature,0.0707
RRT*,normal_city,0,rrt_step,3.0,curvature,0.0571
RRT*,normal_city,1,rrt_step,3.0,curvature,0.06
RRT*,normal_city,2,rrt_step,3.0,curvature,0.0379
RRT*,normal_city,3,rrt_step,3.0,curvature,0.0446
RRT*,normal_city,4,rrt_step,3.0,curvature,0.0541
RRT*,normal_city,5,rrt_step,3.0,curvature,0.0551
RRT*,normal_city,6,rrt_step,3.0,curvature,0.0469
RRT*,normal_city,7,rrt_step,3.0,curvature,0.0594
RRT*,normal_city,8,rrt_step,3.0,curvature,0.0339
RRT*,normal_city,9,rrt_step,3.0,curvature,0.0393
RRT*,normal_city,10,rrt_step,3.0,curvature,0.0463
RRT*,normal_city,11,rrt_step,3.0,curvature,0.0361
RRT*,normal_city,12,rrt_step,3.0,curvature,0.0664
RRT*,normal_city,13,rrt_step,3.0,curvature,0.0527
RRT*,normal_city,14,rrt_step,3.0,curvature,0.0666
RRT*,normal_city,15,rrt_step,3.0,curvature,0.0406
RRT*,normal_city,16,rrt_step,3.0,curvature,0.0408
RRT*,normal_city,17,rrt_step,3.0,curvature,0.0511
RRT*,normal_city,18,rrt_step,3.0,curvature,0.0534
RRT*,normal_city,19,rrt_step,3.0,curvature,0.0293
RRT*,normal_city,20,rrt_step,3.0,curvature,0.0486
RRT*,normal_city,21,rrt_step,3.0,curvature,0.0575
RRT*,normal_city,22,rrt_step,3.0,curvature,0.0338
RRT*,normal_city,23,rrt_step,3.0,curvature,0.0573
RRT*,normal_city,24,rrt_step,3.0,curvature,0.0524
RRT*,normal_city,25,rrt_step,3.0,curvature,0.0493
RRT*,normal_city,26,rrt_step,3.0,curvature,0.0506
RRT*,normal_city,27,rrt_step,3.0,curvature,0.0531
RRT*,normal_city,28,rrt_step,3.0,curvature,0.0453
RRT*,normal_city,29,rrt_step,3.0,curvature,0.04
RRT*,blocked_road,0,rrt_step,3.0,curvature,0.0367
RRT*,blocked_road,1,rrt_step,3.0,curvature,0.0583
RRT*,blocked_road,2,rrt_step,3.0,curvature,0.0523
RRT*,blocked_road,3,rrt_step,3.0,curvature,0.0217
RRT*,blocked_road,4,rrt_step,3.0,curvature,0.0549
RRT*,blocked_road,5,rrt_step,3.0,curvature,0.0324
RRT*,blocked_road,6,rrt_step,3.0,curvature,0.036
RRT*,blocked_road,7,rrt_step,3.0,curvature,0.0523
RRT*,blocked_road,8,rrt_step,3.0,curvature,0.0409
RRT*,blocked_road,9,rrt_step,3.0,curvature,0.0305
RRT*,blocked_road,10,rrt_step,3.0,curvature,0.0383
RRT*,blocked_road,11,rrt_step,3.0,curvature,0.0376
RRT*,blocked_road,12,rrt_step,3.0,curvature,0.0402
RRT*,blocked_road,13,rrt_step,3.0,curvature,0.0228
RRT*,blocked_road,14,rrt_step,3.0,curvature,0.0367
RRT*,blocked_road,15,rrt_step,3.0,curvature,0.0291
RRT*,blocked_road,16,rrt_step,3.0,curvature,0.0571
RRT*,blocked_road,17,rrt_step,3.0,curvature,0.0288
RRT*,blocked_road,18,rrt_step,3.0,curvature,0.0413
RRT*,blocked_road,19,rrt_step,3.0,curvature,0.0302
RRT*,blocked_road,20,rrt_step,3.0,curvature,0.0323
RRT*,blocked_road,21,rrt_step,3.0,curvature,0.0403
RRT*,blocked_road,22,rrt_step,3.0,curvature,0.0198
RRT*,blocked_road,23,rrt_step,3.0,curvature,0.0359
RRT*,blocked_road,24,rrt_step,3.0,curvature,0.0254
RRT*,blocked_road,25,rrt_step,3.0,curvature,0.0472
RRT*,blocked_road,26,rrt_step,3.0,curvature,0.0395
RRT*,blocked_road,27,rrt_step,3.0,curvature,0.0301
RRT*,blocked_road,28,rrt_step,3.0,curvature,0.05
RRT*,blocked_road,29,rrt_step,3.0,curvature,0.0381
RRT*,dense_city,0,rrt_step,3.0,curvature,0.0645
RRT*,dense_city,1,rrt_step,3.0,curvature,0.0627
RRT*,dense_city,2,rrt_step,3.0,curvature,0.0398
RRT*,dense_city,3,rrt_step,3.0,curvature,0.0333
RRT*,dense_city,4,rrt_step,3.0,curvature,0.0771
RRT*,dense_city,5,rrt_step,3.0,curvature,0.0871
RRT*,dense_city,6,rrt_step,3.0,curvature,0.0444
RRT*,dense_city,7,rrt_step,3.0,curvature,0.0571
RRT*,dense_city,8,rrt_step,3.0,curvature,0.0665
RRT*,dense_city,9,rrt_step,3.0,curvature,
RRT*,dense_city,10,rrt_step,3.0,curvature,0.085
RRT*,dense_city,11,rrt_step,3.0,curvature,0.0613
RRT*,dense_city,12,rrt_step,3.0,curvature,0.0423
RRT*,dense_city,13,rrt_step,3.0,curvature,0.0618
RRT*,dense_city,14,rrt_step,3.0,curvature,0.0769
RRT*,dense_city,15,rrt_step,3.0,curvature,0.0469
RRT*,dense_city,16,rrt_step,3.0,curvature,0.0723
RRT*,dense_city,17,rrt_step,3.0,curvature,0.0346
RRT*,dense_city,18,rrt_step,3.0,curvature,0.0732
RRT*,dense_city,19,rrt_step,3.0,curvature,0.0532
RRT*,dense_city,20,rrt_step,3.0,curvature,0.0797
RRT*,dense_city,21,rrt_step,3.0,curvature,0.0306
RRT*,dense_city,22,rrt_step,3.0,curvature,
RRT*,dense_city,23,rrt_step,3.0,curvature,0.0626
RRT*,dense_city,24,rrt_step,3.0,curvature,0.056
RRT*,dense_city,25,rrt_step,3.0,curvature,0.0733
RRT*,dense_city,26,rrt_step,3.0,curvature,0.0594
RRT*,dense_city,27,rrt_step,3.0,curvature,0.0452
RRT*,dense_city,28,rrt_step,3.0,curvature,0.0445
RRT*,dense_city,29,rrt_step,3.0,curvature,0.0734
RRT*,normal_city,0,rrt_step,4.0,curvature,0.046
RRT*,normal_city,1,rrt_step,4.0,curvature,0.0537
RRT*,normal_city,2,rrt_step,4.0,curvature,0.0626
RRT*,normal_city,3,rrt_step,4.0,curvature,0.0428
RRT*,normal_city,4,rrt_step,4.0,curvature,0.0451
RRT*,normal_city,5,rrt_step,4.0,curvature,0.0415
RRT*,normal_city,6,rrt_step,4.0,curvature,0.0477
RRT*,normal_city,7,rrt_step,4.0,curvature,0.0436
RRT*,normal_city,8,rrt_step,4.0,curvature,0.0538
RRT*,normal_city,9,rrt_step,4.0,curvature,0.056
RRT*,normal_city,10,rrt_step,4.0,curvature,0.0445
RRT*,normal_city,11,rrt_step,4.0,curvature,0.0494
RRT*,normal_city,12,rrt_step,4.0,curvature,0.0724
RRT*,normal_city,13,rrt_step,4.0,curvature,0.0624
RRT*,normal_city,14,rrt_step,4.0,curvature,0.0477
RRT*,normal_city,15,rrt_step,4.0,curvature,0.0362
RRT*,normal_city,16,rrt_step,4.0,curvature,0.0405
RRT*,normal_city,17,rrt_step,4.0,curvature,0.0563
RRT*,normal_city,18,rrt_step,4.0,curvature,0.0471
RRT*,normal_city,19,rrt_step,4.0,curvature,0.03
RRT*,normal_city,20,rrt_step,4.0,curvature,0.0549
RRT*,normal_city,21,rrt_step,4.0,curvature,0.0325
RRT*,normal_city,22,rrt_step,4.0,curvature,0.0543
RRT*,normal_city,23,rrt_step,4.0,curvature,0.0714
RRT*,normal_city,24,rrt_step,4.0,curvature,0.0429
RRT*,normal_city,25,rrt_step,4.0,curvature,0.0573
RRT*,normal_city,26,rrt_step,4.0,curvature,0.0309
RRT*,normal_city,27,rrt_step,4.0,curvature,0.0631
RRT*,normal_city,28,rrt_step,4.0,curvature,0.0602
RRT*,normal_city,29,rrt_step,4.0,curvature,0.0618
RRT*,blocked_road,0,rrt_step,4.0,curvature,0.0481
RRT*,blocked_road,1,rrt_step,4.0,curvature,0.0269
RRT*,blocked_road,2,rrt_step,4.0,curvature,0.046
RRT*,blocked_road,3,rrt_step,4.0,curvature,0.0206
RRT*,blocked_road,4,rrt_step,4.0,curvature,0.0484
RRT*,blocked_road,5,rrt_step,4.0,curvature,0.0413
RRT*,blocked_road,6,rrt_step,4.0,curvature,0.0378
RRT*,blocked_road,7,rrt_step,4.0,curvature,0.0504
RRT*,blocked_road,8,rrt_step,4.0,curvature,0.0415
RRT*,blocked_road,9,rrt_step,4.0,curvature,0.0453
RRT*,blocked_road,10,rrt_step,4.0,curvature,0.0346
RRT*,blocked_road,11,rrt_step,4.0,curvature,0.0235
RRT*,blocked_road,12,rrt_step,4.0,curvature,0.0438
RRT*,blocked_road,13,rrt_step,4.0,curvature,0.0395
RRT*,blocked_road,14,rrt_step,4.0,curvature,0.0429
RRT*,blocked_road,15,rrt_step,4.0,curvature,0.0323
RRT*,blocked_road,16,rrt_step,4.0,curvature,0.0498
RRT*,blocked_road,17,rrt_step,4.0,curvature,0.0462
RRT*,blocked_road,18,rrt_step,4.0,curvature,0.0346
RRT*,blocked_road,19,rrt_step,4.0,curvature,0.0261
RRT*,blocked_road,20,rrt_step,4.0,curvature,0.0486
RRT*,blocked_road,21,rrt_step,4.0,curvature,0.0431
RRT*,blocked_road,22,rrt_step,4.0,curvature,0.0262
RRT*,blocked_road,23,rrt_step,4.0,curvature,0.057
RRT*,blocked_road,24,rrt_step,4.0,curvature,0.0439
RRT*,blocked_road,25,rrt_step,4.0,curvature,0.0319
RRT*,blocked_road,26,rrt_step,4.0,curvature,0.0197
RRT*,blocked_road,27,rrt_step,4.0,curvature,0.0378
RRT*,blocked_road,28,rrt_step,4.0,curvature,0.0503
RRT*,blocked_road,29,rrt_step,4.0,curvature,0.039
RRT*,dense_city,0,rrt_step,4.0,curvature,0.0506
RRT*,dense_city,1,rrt_step,4.0,curvature,0.0635
RRT*,dense_city,2,rrt_step,4.0,curvature,0.0503
RRT*,dense_city,3,rrt_step,4.0,curvature,0.0458
RRT*,dense_city,4,rrt_step,4.0,curvature,0.0594
RRT*,dense_city,5,rrt_step,4.0,curvature,0.0839
RRT*,dense_city,6,rrt_step,4.0,curvature,0.0472
RRT*,dense_city,7,rrt_step,4.0,curvature,0.0622
RRT*,dense_city,8,rrt_step,4.0,curvature,0.0728
RRT*,dense_city,9,rrt_step,4.0,curvature,
RRT*,dense_city,10,rrt_step,4.0,curvature,0.0653
RRT*,dense_city,11,rrt_step,4.0,curvature,0.097
RRT*,dense_city,12,rrt_step,4.0,curvature,0.0873
RRT*,dense_city,13,rrt_step,4.0,curvature,0.0401
RRT*,dense_city,14,rrt_step,4.0,curvature,0.0866
RRT*,dense_city,15,rrt_step,4.0,curvature,0.0555
RRT*,dense_city,16,rrt_step,4.0,curvature,0.0791
RRT*,dense_city,17,rrt_step,4.0,curvature,0.0271
RRT*,dense_city,18,rrt_step,4.0,curvature,0.0531
RRT*,dense_city,19,rrt_step,4.0,curvature,0.0515
RRT*,dense_city,20,rrt_step,4.0,curvature,0.0783
RRT*,dense_city,21,rrt_step,4.0,curvature,0.0442
RRT*,dense_city,22,rrt_step,4.0,curvature,0.0353
RRT*,dense_city,23,rrt_step,4.0,curvature,0.05
RRT*,dense_city,24,rrt_step,4.0,curvature,0.0341
RRT*,dense_city,25,rrt_step,4.0,curvature,0.055
RRT*,dense_city,26,rrt_step,4.0,curvature,0.0448
RRT*,dense_city,27,rrt_step,4.0,curvature,0.0436
RRT*,dense_city,28,rrt_step,4.0,curvature,0.065
RRT*,dense_city,29,rrt_step,4.0,curvature,0.0681
RRT*,normal_city,0,rrt_step,6.0,curvature,0.0647
RRT*,normal_city,1,rrt_step,6.0,curvature,0.045
RRT*,normal_city,2,rrt_step,6.0,curvature,0.0411
RRT*,normal_city,3,rrt_step,6.0,curvature,0.0425
RRT*,normal_city,4,rrt_step,6.0,curvature,0.0619
RRT*,normal_city,5,rrt_step,6.0,curvature,0.058
RRT*,normal_city,6,rrt_step,6.0,curvature,0.058
RRT*,normal_city,7,rrt_step,6.0,curvature,0.0483
RRT*,normal_city,8,rrt_step,6.0,curvature,0.0544
RRT*,normal_city,9,rrt_step,6.0,curvature,0.074
RRT*,normal_city,10,rrt_step,6.0,curvature,0.046
RRT*,normal_city,11,rrt_step,6.0,curvature,0.0482
RRT*,normal_city,12,rrt_step,6.0,curvature,0.0735
RRT*,normal_city,13,rrt_step,6.0,curvature,0.0606
RRT*,normal_city,14,rrt_step,6.0,curvature,0.0429
RRT*,normal_city,15,rrt_step,6.0,curvature,0.0466
RRT*,normal_city,16,rrt_step,6.0,curvature,0.0356
RRT*,normal_city,17,rrt_step,6.0,curvature,0.0613
RRT*,normal_city,18,rrt_step,6.0,curvature,0.0581
RRT*,normal_city,19,rrt_step,6.0,curvature,0.0528
RRT*,normal_city,20,rrt_step,6.0,curvature,0.0543
RRT*,normal_city,21,rrt_step,6.0,curvature,0.0372
RRT*,normal_city,22,rrt_step,6.0,curvature,0.0405
RRT*,normal_city,23,rrt_step,6.0,curvature,0.0329
RRT*,normal_city,24,rrt_step,6.0,curvature,0.0397
RRT*,normal_city,25,rrt_step,6.0,curvature,0.0694
RRT*,normal_city,26,rrt_step,6.0,curvature,0.0571
RRT*,normal_city,27,rrt_step,6.0,curvature,0.0423
RRT*,normal_city,28,rrt_step,6.0,curvature,0.0442
RRT*,normal_city,29,rrt_step,6.0,curvature,0.0588
RRT*,blocked_road,0,rrt_step,6.0,curvature,0.0425
RRT*,blocked_road,1,rrt_step,6.0,curvature,0.0356
RRT*,blocked_road,2,rrt_step,6.0,curvature,0.0638
RRT*,blocked_road,3,rrt_step,6.0,curvature,0.0541
RRT*,blocked_road,4,rrt_step,6.0,curvature,0.0381
RRT*,blocked_road,5,rrt_step,6.0,curvature,0.0532
RRT*,blocked_road,6,rrt_step,6.0,curvature,0.0438
RRT*,blocked_road,7,rrt_step,6.0,curvature,0.0286
RRT*,blocked_road,8,rrt_step,6.0,curvature,0.0505
RRT*,blocked_road,9,rrt_step,6.0,curvature,0.0368
RRT*,blocked_road,10,rrt_step,6.0,curvature,0.0394
RRT*,blocked_road,11,rrt_step,6.0,curvature,0.0363
RRT*,blocked_road,12,rrt_step,6.0,curvature,0.0417
RRT*,blocked_road,13,rrt_step,6.0,curvature,0.0465
RRT*,blocked_road,14,rrt_step,6.0,curvature,0.024
RRT*,blocked_road,15,rrt_step,6.0,curvature,0.0335
RRT*,blocked_road,16,rrt_step,6.0,curvature,0.0463
RRT*,blocked_road,17,rrt_step,6.0,curvature,0.038
RRT*,blocked_road,18,rrt_step,6.0,curvature,0.0451
RRT*,blocked_road,19,rrt_step,6.0,curvature,0.0384
RRT*,blocked_road,20,rrt_step,6.0,curvature,0.0371
RRT*,blocked_road,21,rrt_step,6.0,curvature,0.041
RRT*,blocked_road,22,rrt_step,6.0,curvature,0.0483
RRT*,blocked_road,23,rrt_step,6.0,curvature,0.0464
RRT*,blocked_road,24,rrt_step,6.0,curvature,0.0342
RRT*,blocked_road,25,rrt_step,6.0,curvature,0.0347
RRT*,blocked_road,26,rrt_step,6.0,curvature,0.0495
RRT*,blocked_road,27,rrt_step,6.0,curvature,0.0435
RRT*,blocked_road,28,rrt_step,6.0,curvature,0.0448
RRT*,blocked_road,29,rrt_step,6.0,curvature,0.0482
RRT*,dense_city,0,rrt_step,6.0,curvature,0.0632
RRT*,dense_city,1,rrt_step,6.0,curvature,0.0237
RRT*,dense_city,2,rrt_step,6.0,curvature,0.0473
RRT*,dense_city,3,rrt_step,6.0,curvature,0.0458
RRT*,dense_city,4,rrt_step,6.0,curvature,0.0618
RRT*,dense_city,5,rrt_step,6.0,curvature,0.0839
RRT*,dense_city,6,rrt_step,6.0,curvature,0.0426
RRT*,dense_city,7,rrt_step,6.0,curvature,0.0596
RRT*,dense_city,8,rrt_step,6.0,curvature,0.0434
RRT*,dense_city,9,rrt_step,6.0,curvature,
RRT*,dense_city,10,rrt_step,6.0,curvature,0.0685
RRT*,dense_city,11,rrt_step,6.0,curvature,0.0733
RRT*,dense_city,12,rrt_step,6.0,curvature,0.0585
RRT*,dense_city,13,rrt_step,6.0,curvature,0.0492
RRT*,dense_city,14,rrt_step,6.0,curvature,0.061
RRT*,dense_city,15,rrt_step,6.0,curvature,0.0358
RRT*,dense_city,16,rrt_step,6.0,curvature,0.0609
RRT*,dense_city,17,rrt_step,6.0,curvature,0.0406
RRT*,dense_city,18,rrt_step,6.0,curvature,0.0552
RRT*,dense_city,19,rrt_step,6.0,curvature,0.0704
RRT*,dense_city,20,rrt_step,6.0,curvature,0.0884
RRT*,dense_city,21,rrt_step,6.0,curvature,0.0429
RRT*,dense_city,22,rrt_step,6.0,curvature,0.0646
RRT*,dense_city,23,rrt_step,6.0,curvature,0.0546
RRT*,dense_city,24,rrt_step,6.0,curvature,0.043
RRT*,dense_city,25,rrt_step,6.0,curvature,0.0566
RRT*,dense_city,26,rrt_step,6.0,curvature,0.0515
RRT*,dense_city,27,rrt_step,6.0,curvature,0.0472
RRT*,dense_city,28,rrt_step,6.0,curvature,0.0541
RRT*,dense_city,29,rrt_step,6.0,curvature,0.042
RRT*,normal_city,0,rrt_step,9.0,curvature,0.0638
RRT*,normal_city,1,rrt_step,9.0,curvature,0.0752
RRT*,normal_city,2,rrt_step,9.0,curvature,0.0536
RRT*,normal_city,3,rrt_step,9.0,curvature,0.0391
RRT*,normal_city,4,rrt_step,9.0,curvature,0.069
RRT*,normal_city,5,rrt_step,9.0,curvature,0.0566
RRT*,normal_city,6,rrt_step,9.0,curvature,0.09
RRT*,normal_city,7,rrt_step,9.0,curvature,0.0488
RRT*,normal_city,8,rrt_step,9.0,curvature,0.0665
RRT*,normal_city,9,rrt_step,9.0,curvature,0.0642
RRT*,normal_city,10,rrt_step,9.0,curvature,0.0786
RRT*,normal_city,11,rrt_step,9.0,curvature,0.0692
RRT*,normal_city,12,rrt_step,9.0,curvature,0.0743
RRT*,normal_city,13,rrt_step,9.0,curvature,0.0439
RRT*,normal_city,14,rrt_step,9.0,curvature,0.065
RRT*,normal_city,15,rrt_step,9.0,curvature,0.0473
RRT*,normal_city,16,rrt_step,9.0,curvature,0.0628
RRT*,normal_city,17,rrt_step,9.0,curvature,0.0542
RRT*,normal_city,18,rrt_step,9.0,curvature,0.0796
RRT*,normal_city,19,rrt_step,9.0,curvature,0.0564
RRT*,normal_city,20,rrt_step,9.0,curvature,0.0597
RRT*,normal_city,21,rrt_step,9.0,curvature,0.0553
RRT*,normal_city,22,rrt_step,9.0,curvature,0.0432
RRT*,normal_city,23,rrt_step,9.0,curvature,0.0466
RRT*,normal_city,24,rrt_step,9.0,curvature,0.0539
RRT*,normal_city,25,rrt_step,9.0,curvature,0.0426
RRT*,normal_city,26,rrt_step,9.0,curvature,0.0602
RRT*,normal_city,27,rrt_step,9.0,curvature,0.0692
RRT*,normal_city,28,rrt_step,9.0,curvature,0.068
RRT*,normal_city,29,rrt_step,9.0,curvature,0.0673
RRT*,blocked_road,0,rrt_step,9.0,curvature,0.0538
RRT*,blocked_road,1,rrt_step,9.0,curvature,0.0523
RRT*,blocked_road,2,rrt_step,9.0,curvature,0.0211
RRT*,blocked_road,3,rrt_step,9.0,curvature,0.0471
RRT*,blocked_road,4,rrt_step,9.0,curvature,0.0382
RRT*,blocked_road,5,rrt_step,9.0,curvature,0.0313
RRT*,blocked_road,6,rrt_step,9.0,curvature,0.0761
RRT*,blocked_road,7,rrt_step,9.0,curvature,0.0422
RRT*,blocked_road,8,rrt_step,9.0,curvature,0.0541
RRT*,blocked_road,9,rrt_step,9.0,curvature,0.0257
RRT*,blocked_road,10,rrt_step,9.0,curvature,0.0427
RRT*,blocked_road,11,rrt_step,9.0,curvature,0.0345
RRT*,blocked_road,12,rrt_step,9.0,curvature,0.0374
RRT*,blocked_road,13,rrt_step,9.0,curvature,0.0469
RRT*,blocked_road,14,rrt_step,9.0,curvature,0.0414
RRT*,blocked_road,15,rrt_step,9.0,curvature,0.0407
RRT*,blocked_road,16,rrt_step,9.0,curvature,0.0458
RRT*,blocked_road,17,rrt_step,9.0,curvature,0.0272
RRT*,blocked_road,18,rrt_step,9.0,curvature,0.0553
RRT*,blocked_road,19,rrt_step,9.0,curvature,0.0293
RRT*,blocked_road,20,rrt_step,9.0,curvature,0.0523
RRT*,blocked_road,21,rrt_step,9.0,curvature,0.0327
RRT*,blocked_road,22,rrt_step,9.0,curvature,0.0535
RRT*,blocked_road,23,rrt_step,9.0,curvature,0.0595
RRT*,blocked_road,24,rrt_step,9.0,curvature,0.0473
RRT*,blocked_road,25,rrt_step,9.0,curvature,0.0567
RRT*,blocked_road,26,rrt_step,9.0,curvature,0.0269
RRT*,blocked_road,27,rrt_step,9.0,curvature,0.0713
RRT*,blocked_road,28,rrt_step,9.0,curvature,0.0412
RRT*,blocked_road,29,rrt_step,9.0,curvature,0.0508
RRT*,dense_city,0,rrt_step,9.0,curvature,0.0396
RRT*,dense_city,1,rrt_step,9.0,curvature,0.0201
RRT*,dense_city,2,rrt_step,9.0,curvature,0.0726
RRT*,dense_city,3,rrt_step,9.0,curvature,0.0405
RRT*,dense_city,4,rrt_step,9.0,curvature,0.0381
RRT*,dense_city,5,rrt_step,9.0,curvature,0.0839
RRT*,dense_city,6,rrt_step,9.0,curvature,0.0721
RRT*,dense_city,7,rrt_step,9.0,curvature,0.0594
RRT*,dense_city,8,rrt_step,9.0,curvature,0.0681
RRT*,dense_city,9,rrt_step,9.0,curvature,
RRT*,dense_city,10,rrt_step,9.0,curvature,0.0713
RRT*,dense_city,11,rrt_step,9.0,curvature,0.0907
RRT*,dense_city,12,rrt_step,9.0,curvature,0.0575
RRT*,dense_city,13,rrt_step,9.0,curvature,0.0355
RRT*,dense_city,14,rrt_step,9.0,curvature,0.0271
RRT*,dense_city,15,rrt_step,9.0,curvature,0.0356
RRT*,dense_city,16,rrt_step,9.0,curvature,0.0673
RRT*,dense_city,17,rrt_step,9.0,curvature,0.0423
RRT*,dense_city,18,rrt_step,9.0,curvature,0.0826
RRT*,dense_city,19,rrt_step,9.0,curvature,0.06
RRT*,dense_city,20,rrt_step,9.0,curvature,0.0807
RRT*,dense_city,21,rrt_step,9.0,curvature,0.0705
RRT*,dense_city,22,rrt_step,9.0,curvature,0.0346
RRT*,dense_city,23,rrt_step,9.0,curvature,0.0762
RRT*,dense_city,24,rrt_step,9.0,curvature,0.0587
RRT*,dense_city,25,rrt_step,9.0,curvature,0.0622
RRT*,dense_city,26,rrt_step,9.0,curvature,0.0547
RRT*,dense_city,27,rrt_step,9.0,curvature,0.0347
RRT*,dense_city,28,rrt_step,9.0,curvature,0.0541
RRT*,dense_city,29,rrt_step,9.0,curvature,0.0767
RRT*,normal_city,0,rrt_step,2.0,max_curvature,0.8016
RRT*,normal_city,1,rrt_step,2.0,max_curvature,1.0339
RRT*,normal_city,2,rrt_step,2.0,max_curvature,1.3625
RRT*,normal_city,3,rrt_step,2.0,max_curvature,1.2088
RRT*,normal_city,4,rrt_step,2.0,max_curvature,0.7944
RRT*,normal_city,5,rrt_step,2.0,max_curvature,1.222
RRT*,normal_city,6,rrt_step,2.0,max_curvature,0.9591
RRT*,normal_city,7,rrt_step,2.0,max_curvature,0.7567
RRT*,normal_city,8,rrt_step,2.0,max_curvature,1.2498
RRT*,normal_city,9,rrt_step,2.0,max_curvature,0.8297
RRT*,normal_city,10,rrt_step,2.0,max_curvature,1.1479
RRT*,normal_city,11,rrt_step,2.0,max_curvature,1.627
RRT*,normal_city,12,rrt_step,2.0,max_curvature,1.2188
RRT*,normal_city,13,rrt_step,2.0,max_curvature,0.9365
RRT*,normal_city,14,rrt_step,2.0,max_curvature,1.1736
RRT*,normal_city,15,rrt_step,2.0,max_curvature,0.995
RRT*,normal_city,16,rrt_step,2.0,max_curvature,0.9618
RRT*,normal_city,17,rrt_step,2.0,max_curvature,1.2719
RRT*,normal_city,18,rrt_step,2.0,max_curvature,0.8472
RRT*,normal_city,19,rrt_step,2.0,max_curvature,0.9494
RRT*,normal_city,20,rrt_step,2.0,max_curvature,0.5031
RRT*,normal_city,21,rrt_step,2.0,max_curvature,1.0865
RRT*,normal_city,22,rrt_step,2.0,max_curvature,1.1678
RRT*,normal_city,23,rrt_step,2.0,max_curvature,0.977
RRT*,normal_city,24,rrt_step,2.0,max_curvature,1.0357
RRT*,normal_city,25,rrt_step,2.0,max_curvature,1.1558
RRT*,normal_city,26,rrt_step,2.0,max_curvature,1.3268
RRT*,normal_city,27,rrt_step,2.0,max_curvature,0.9621
RRT*,normal_city,28,rrt_step,2.0,max_curvature,1.0671
RRT*,normal_city,29,rrt_step,2.0,max_curvature,0.9444
RRT*,blocked_road,0,rrt_step,2.0,max_curvature,1.0555
RRT*,blocked_road,1,rrt_step,2.0,max_curvature,1.0478
RRT*,blocked_road,2,rrt_step,2.0,max_curvature,0.8688
RRT*,blocked_road,3,rrt_step,2.0,max_curvature,0.4902
RRT*,blocked_road,4,rrt_step,2.0,max_curvature,0.8164
RRT*,blocked_road,5,rrt_step,2.0,max_curvature,0.7981
RRT*,blocked_road,6,rrt_step,2.0,max_curvature,1.2099
RRT*,blocked_road,7,rrt_step,2.0,max_curvature,0.8064
RRT*,blocked_road,8,rrt_step,2.0,max_curvature,1.2056
RRT*,blocked_road,9,rrt_step,2.0,max_curvature,0.8643
RRT*,blocked_road,10,rrt_step,2.0,max_curvature,0.8686
RRT*,blocked_road,11,rrt_step,2.0,max_curvature,1.2189
RRT*,blocked_road,12,rrt_step,2.0,max_curvature,1.4069
RRT*,blocked_road,13,rrt_step,2.0,max_curvature,1.4477
RRT*,blocked_road,14,rrt_step,2.0,max_curvature,1.1039
RRT*,blocked_road,15,rrt_step,2.0,max_curvature,1.297
RRT*,blocked_road,16,rrt_step,2.0,max_curvature,1.183
RRT*,blocked_road,17,rrt_step,2.0,max_curvature,0.9567
RRT*,blocked_road,18,rrt_step,2.0,max_curvature,0.6552
RRT*,blocked_road,19,rrt_step,2.0,max_curvature,0.7999
RRT*,blocked_road,20,rrt_step,2.0,max_curvature,1.1377
RRT*,blocked_road,21,rrt_step,2.0,max_curvature,0.9594
RRT*,blocked_road,22,rrt_step,2.0,max_curvature,1.0922
RRT*,blocked_road,23,rrt_step,2.0,max_curvature,0.804
RRT*,blocked_road,24,rrt_step,2.0,max_curvature,1.0955
RRT*,blocked_road,25,rrt_step,2.0,max_curvature,0.9179
RRT*,blocked_road,26,rrt_step,2.0,max_curvature,1.1764
RRT*,blocked_road,27,rrt_step,2.0,max_curvature,1.312
RRT*,blocked_road,28,rrt_step,2.0,max_curvature,1.1149
RRT*,blocked_road,29,rrt_step,2.0,max_curvature,0.8333
RRT*,dense_city,0,rrt_step,2.0,max_curvature,1.1185
RRT*,dense_city,1,rrt_step,2.0,max_curvature,
RRT*,dense_city,2,rrt_step,2.0,max_curvature,1.4282
RRT*,dense_city,3,rrt_step,2.0,max_curvature,1.2919
RRT*,dense_city,4,rrt_step,2.0,max_curvature,1.2588
RRT*,dense_city,5,rrt_step,2.0,max_curvature,1.1638
RRT*,dense_city,6,rrt_step,2.0,max_curvature,1.0891
RRT*,dense_city,7,rrt_step,2.0,max_curvature,
RRT*,dense_city,8,rrt_step,2.0,max_curvature,1.1652
RRT*,dense_city,9,rrt_step,2.0,max_curvature,
RRT*,dense_city,10,rrt_step,2.0,max_curvature,1.0217
RRT*,dense_city,11,rrt_step,2.0,max_curvature,1.0971
RRT*,dense_city,12,rrt_step,2.0,max_curvature,1.2913
RRT*,dense_city,13,rrt_step,2.0,max_curvature,1.2847
RRT*,dense_city,14,rrt_step,2.0,max_curvature,1.0623
RRT*,dense_city,15,rrt_step,2.0,max_curvature,1.3235
RRT*,dense_city,16,rrt_step,2.0,max_curvature,1.1303
RRT*,dense_city,17,rrt_step,2.0,max_curvature,1.0214
RRT*,dense_city,18,rrt_step,2.0,max_curvature,1.3116
RRT*,dense_city,19,rrt_step,2.0,max_curvature,1.4693
RRT*,dense_city,20,rrt_step,2.0,max_curvature,1.1084
RRT*,dense_city,21,rrt_step,2.0,max_curvature,1.3419
RRT*,dense_city,22,rrt_step,2.0,max_curvature,1.1048
RRT*,dense_city,23,rrt_step,2.0,max_curvature,1.1969
RRT*,dense_city,24,rrt_step,2.0,max_curvature,1.0732
RRT*,dense_city,25,rrt_step,2.0,max_curvature,1.4385
RRT*,dense_city,26,rrt_step,2.0,max_curvature,1.3219
RRT*,dense_city,27,rrt_step,2.0,max_curvature,1.1545
RRT*,dense_city,28,rrt_step,2.0,max_curvature,1.2408
RRT*,dense_city,29,rrt_step,2.0,max_curvature,1.258
RRT*,normal_city,0,rrt_step,3.0,max_curvature,1.3494
RRT*,normal_city,1,rrt_step,3.0,max_curvature,1.1896
RRT*,normal_city,2,rrt_step,3.0,max_curvature,1.1349
RRT*,normal_city,3,rrt_step,3.0,max_curvature,1.0228
RRT*,normal_city,4,rrt_step,3.0,max_curvature,1.2773
RRT*,normal_city,5,rrt_step,3.0,max_curvature,1.4655
RRT*,normal_city,6,rrt_step,3.0,max_curvature,1.1239
RRT*,normal_city,7,rrt_step,3.0,max_curvature,1.3432
RRT*,normal_city,8,rrt_step,3.0,max_curvature,1.3074
RRT*,normal_city,9,rrt_step,3.0,max_curvature,0.7587
RRT*,normal_city,10,rrt_step,3.0,max_curvature,1.1436
RRT*,normal_city,11,rrt_step,3.0,max_curvature,1.3964
RRT*,normal_city,12,rrt_step,3.0,max_curvature,1.1601
RRT*,normal_city,13,rrt_step,3.0,max_curvature,1.0953
RRT*,normal_city,14,rrt_step,3.0,max_curvature,1.0759
RRT*,normal_city,15,rrt_step,3.0,max_curvature,1.129
RRT*,normal_city,16,rrt_step,3.0,max_curvature,0.841
RRT*,normal_city,17,rrt_step,3.0,max_curvature,1.1509
RRT*,normal_city,18,rrt_step,3.0,max_curvature,1.0624
RRT*,normal_city,19,rrt_step,3.0,max_curvature,0.9448
RRT*,normal_city,20,rrt_step,3.0,max_curvature,0.8248
RRT*,normal_city,21,rrt_step,3.0,max_curvature,1.1077
RRT*,normal_city,22,rrt_step,3.0,max_curvature,1.504
RRT*,normal_city,23,rrt_step,3.0,max_curvature,1.2544
RRT*,normal_city,24,rrt_step,3.0,max_curvature,1.1797
RRT*,normal_city,25,rrt_step,3.0,max_curvature,0.9245
RRT*,normal_city,26,rrt_step,3.0,max_curvature,1.4645
RRT*,normal_city,27,rrt_step,3.0,max_curvature,1.378
RRT*,normal_city,28,rrt_step,3.0,max_curvature,1.0701
RRT*,normal_city,29,rrt_step,3.0,max_curvature,1.1416
RRT*,blocked_road,0,rrt_step,3.0,max_curvature,0.8115
RRT*,blocked_road,1,rrt_step,3.0,max_curvature,1.0691
RRT*,blocked_road,2,rrt_step,3.0,max_curvature,1.3275
RRT*,blocked_road,3,rrt_step,3.0,max_curvature,0.6109
RRT*,blocked_road,4,rrt_step,3.0,max_curvature,1.5932
RRT*,blocked_road,5,rrt_step,3.0,max_curvature,1.2302
RRT*,blocked_road,6,rrt_step,3.0,max_curvature,1.3245
RRT*,blocked_road,7,rrt_step,3.0,max_curvature,0.9621
RRT*,blocked_road,8,rrt_step,3.0,max_curvature,1.1712
RRT*,blocked_road,9,rrt_step,3.0,max_curvature,1.0601
RRT*,blocked_road,10,rrt_step,3.0,max_curvature,1.4181
RRT*,blocked_road,11,rrt_step,3.0,max_curvature,1.537
RRT*,blocked_road,12,rrt_step,3.0,max_curvature,1.2658
RRT*,blocked_road,13,rrt_step,3.0,max_curvature,0.8649
RRT*,blocked_road,14,rrt_step,3.0,max_curvature,1.0874
RRT*,blocked_road,15,rrt_step,3.0,max_curvature,1.2197
RRT*,blocked_road,16,rrt_step,3.0,max_curvature,0.8956
RRT*,blocked_road,17,rrt_step,3.0,max_curvature,1.1226
RRT*,blocked_road,18,rrt_step,3.0,max_curvature,0.9723
RRT*,blocked_road,19,rrt_step,3.0,max_curvature,1.0836
RRT*,blocked_road,20,rrt_step,3.0,max_curvature,1.2062
RRT*,blocked_road,21,rrt_step,3.0,max_curvature,0.8791
RRT*,blocked_road,22,rrt_step,3.0,max_curvature,1.3471
RRT*,blocked_road,23,rrt_step,3.0,max_curvature,1.1076
RRT*,blocked_road,24,rrt_step,3.0,max_curvature,0.9804
RRT*,blocked_road,25,rrt_step,3.0,max_curvature,0.9153
RRT*,blocked_road,26,rrt_step,3.0,max_curvature,1.0096
RRT*,blocked_road,27,rrt_step,3.0,max_curvature,1.2514
RRT*,blocked_road,28,rrt_step,3.0,max_curvature,0.9251
RRT*,blocked_road,29,rrt_step,3.0,max_curvature,1.1842
RRT*,dense_city,0,rrt_step,3.0,max_curvature,1.404
RRT*,dense_city,1,rrt_step,3.0,max_curvature,1.3011
RRT*,dense_city,2,rrt_step,3.0,max_curvature,1.2834
RRT*,dense_city,3,rrt_step,3.0,max_curvature,1.5935
RRT*,dense_city,4,rrt_step,3.0,max_curvature,1.093
RRT*,dense_city,5,rrt_step,3.0,max_curvature,1.1323
RRT*,dense_city,6,rrt_step,3.0,max_curvature,0.9985
RRT*,dense_city,7,rrt_step,3.0,max_curvature,1.0506
RRT*,dense_city,8,rrt_step,3.0,max_curvature,1.3085
RRT*,dense_city,9,rrt_step,3.0,max_curvature,
RRT*,dense_city,10,rrt_step,3.0,max_curvature,1.1766
RRT*,dense_city,11,rrt_step,3.0,max_curvature,1.5555
RRT*,dense_city,12,rrt_step,3.0,max_curvature,1.3761
RRT*,dense_city,13,rrt_step,3.0,max_curvature,1.2397
RRT*,dense_city,14,rrt_step,3.0,max_curvature,1.3528
RRT*,dense_city,15,rrt_step,3.0,max_curvature,1.1713
RRT*,dense_city,16,rrt_step,3.0,max_curvature,1.2699
RRT*,dense_city,17,rrt_step,3.0,max_curvature,1.1383
RRT*,dense_city,18,rrt_step,3.0,max_curvature,1.6606
RRT*,dense_city,19,rrt_step,3.0,max_curvature,1.3184
RRT*,dense_city,20,rrt_step,3.0,max_curvature,1.1199
RRT*,dense_city,21,rrt_step,3.0,max_curvature,0.8217
RRT*,dense_city,22,rrt_step,3.0,max_curvature,
RRT*,dense_city,23,rrt_step,3.0,max_curvature,1.8898
RRT*,dense_city,24,rrt_step,3.0,max_curvature,1.4398
RRT*,dense_city,25,rrt_step,3.0,max_curvature,1.1557
RRT*,dense_city,26,rrt_step,3.0,max_curvature,1.5494
RRT*,dense_city,27,rrt_step,3.0,max_curvature,1.419
RRT*,dense_city,28,rrt_step,3.0,max_curvature,1.1725
RRT*,dense_city,29,rrt_step,3.0,max_curvature,1.3253
RRT*,normal_city,0,rrt_step,4.0,max_curvature,1.5556
RRT*,normal_city,1,rrt_step,4.0,max_curvature,1.0368
RRT*,normal_city,2,rrt_step,4.0,max_curvature,1.2002
RRT*,normal_city,3,rrt_step,4.0,max_curvature,1.3413
RRT*,normal_city,4,rrt_step,4.0,max_curvature,1.4386
RRT*,normal_city,5,rrt_step,4.0,max_curvature,1.3036
RRT*,normal_city,6,rrt_step,4.0,max_curvature,1.2022
RRT*,normal_city,7,rrt_step,4.0,max_curvature,1.3449
RRT*,normal_city,8,rrt_step,4.0,max_curvature,1.0592
RRT*,normal_city,9,rrt_step,4.0,max_curvature,1.225
RRT*,normal_city,10,rrt_step,4.0,max_curvature,1.1395
RRT*,normal_city,11,rrt_step,4.0,max_curvature,1.0871
RRT*,normal_city,12,rrt_step,4.0,max_curvature,1.1701
RRT*,normal_city,13,rrt_step,4.0,max_curvature,1.0988
RRT*,normal_city,14,rrt_step,4.0,max_curvature,1.1765
RRT*,normal_city,15,rrt_step,4.0,max_curvature,0.9736
RRT*,normal_city,16,rrt_step,4.0,max_curvature,1.55
RRT*,normal_city,17,rrt_step,4.0,max_curvature,1.2499
RRT*,normal_city,18,rrt_step,4.0,max_curvature,1.2704
RRT*,normal_city,19,rrt_step,4.0,max_curvature,0.7674
RRT*,normal_city,20,rrt_step,4.0,max_curvature,1.1361
RRT*,normal_city,21,rrt_step,4.0,max_curvature,0.9829
RRT*,normal_city,22,rrt_step,4.0,max_curvature,1.1498
RRT*,normal_city,23,rrt_step,4.0,max_curvature,1.0945
RRT*,normal_city,24,rrt_step,4.0,max_curvature,1.3193
RRT*,normal_city,25,rrt_step,4.0,max_curvature,1.3907
RRT*,normal_city,26,rrt_step,4.0,max_curvature,0.9537
RRT*,normal_city,27,rrt_step,4.0,max_curvature,1.3493
RRT*,normal_city,28,rrt_step,4.0,max_curvature,1.334
RRT*,normal_city,29,rrt_step,4.0,max_curvature,1.3403
RRT*,blocked_road,0,rrt_step,4.0,max_curvature,0.9886
RRT*,blocked_road,1,rrt_step,4.0,max_curvature,1.24
RRT*,blocked_road,2,rrt_step,4.0,max_curvature,1.0655
RRT*,blocked_road,3,rrt_step,4.0,max_curvature,1.1135
RRT*,blocked_road,4,rrt_step,4.0,max_curvature,1.3246
RRT*,blocked_road,5,rrt_step,4.0,max_curvature,1.5193
RRT*,blocked_road,6,rrt_step,4.0,max_curvature,1.0972
RRT*,blocked_road,7,rrt_step,4.0,max_curvature,1.1505
RRT*,blocked_road,8,rrt_step,4.0,max_curvature,0.7466
RRT*,blocked_road,9,rrt_step,4.0,max_curvature,0.9788
RRT*,blocked_road,10,rrt_step,4.0,max_curvature,1.1502
RRT*,blocked_road,11,rrt_step,4.0,max_curvature,0.918
RRT*,blocked_road,12,rrt_step,4.0,max_curvature,1.3032
RRT*,blocked_road,13,rrt_step,4.0,max_curvature,0.8644
RRT*,blocked_road,14,rrt_step,4.0,max_curvature,1.1488
RRT*,blocked_road,15,rrt_step,4.0,max_curvature,1.1316
RRT*,blocked_road,16,rrt_step,4.0,max_curvature,1.1579
RRT*,blocked_road,17,rrt_step,4.0,max_curvature,1.2083
RRT*,blocked_road,18,rrt_step,4.0,max_curvature,1.1583
RRT*,blocked_road,19,rrt_step,4.0,max_curvature,1.3125
RRT*,blocked_road,20,rrt_step,4.0,max_curvature,1.111
RRT*,blocked_road,21,rrt_step,4.0,max_curvature,1.0843
RRT*,blocked_road,22,rrt_step,4.0,max_curvature,1.1742
RRT*,blocked_road,23,rrt_step,4.0,max_curvature,1.548
RRT*,blocked_road,24,rrt_step,4.0,max_curvature,0.9365
RRT*,blocked_road,25,rrt_step,4.0,max_curvature,0.8765
RRT*,blocked_road,26,rrt_step,4.0,max_curvature,0.9789
RRT*,blocked_road,27,rrt_step,4.0,max_curvature,1.3844
RRT*,blocked_road,28,rrt_step,4.0,max_curvature,1.4274
RRT*,blocked_road,29,rrt_step,4.0,max_curvature,1.0875
RRT*,dense_city,0,rrt_step,4.0,max_curvature,1.3509
RRT*,dense_city,1,rrt_step,4.0,max_curvature,1.287
RRT*,dense_city,2,rrt_step,4.0,max_curvature,1.2663
RRT*,dense_city,3,rrt_step,4.0,max_curvature,1.1565
RRT*,dense_city,4,rrt_step,4.0,max_curvature,1.2661
RRT*,dense_city,5,rrt_step,4.0,max_curvature,1.0535
RRT*,dense_city,6,rrt_step,4.0,max_curvature,1.1544
RRT*,dense_city,7,rrt_step,4.0,max_curvature,1.2396
RRT*,dense_city,8,rrt_step,4.0,max_curvature,1.5101
RRT*,dense_city,9,rrt_step,4.0,max_curvature,
RRT*,dense_city,10,rrt_step,4.0,max_curvature,1.3715
RRT*,dense_city,11,rrt_step,4.0,max_curvature,1.4791
RRT*,dense_city,12,rrt_step,4.0,max_curvature,2.3965
RRT*,dense_city,13,rrt_step,4.0,max_curvature,1.2101
RRT*,dense_city,14,rrt_step,4.0,max_curvature,1.4535
RRT*,dense_city,15,rrt_step,4.0,max_curvature,1.5745
RRT*,dense_city,16,rrt_step,4.0,max_curvature,1.0028
RRT*,dense_city,17,rrt_step,4.0,max_curvature,1.5114
RRT*,dense_city,18,rrt_step,4.0,max_curvature,1.0916
RRT*,dense_city,19,rrt_step,4.0,max_curvature,1.281
RRT*,dense_city,20,rrt_step,4.0,max_curvature,1.134
RRT*,dense_city,21,rrt_step,4.0,max_curvature,1.2357
RRT*,dense_city,22,rrt_step,4.0,max_curvature,0.944
RRT*,dense_city,23,rrt_step,4.0,max_curvature,1.3378
RRT*,dense_city,24,rrt_step,4.0,max_curvature,0.6607
RRT*,dense_city,25,rrt_step,4.0,max_curvature,1.2405
RRT*,dense_city,26,rrt_step,4.0,max_curvature,1.341
RRT*,dense_city,27,rrt_step,4.0,max_curvature,1.3099
RRT*,dense_city,28,rrt_step,4.0,max_curvature,1.1556
RRT*,dense_city,29,rrt_step,4.0,max_curvature,2.0435
RRT*,normal_city,0,rrt_step,6.0,max_curvature,1.4719
RRT*,normal_city,1,rrt_step,6.0,max_curvature,0.9908
RRT*,normal_city,2,rrt_step,6.0,max_curvature,1.3783
RRT*,normal_city,3,rrt_step,6.0,max_curvature,1.0271
RRT*,normal_city,4,rrt_step,6.0,max_curvature,1.6458
RRT*,normal_city,5,rrt_step,6.0,max_curvature,1.3525
RRT*,normal_city,6,rrt_step,6.0,max_curvature,1.4093
RRT*,normal_city,7,rrt_step,6.0,max_curvature,1.3782
RRT*,normal_city,8,rrt_step,6.0,max_curvature,1.2114
RRT*,normal_city,9,rrt_step,6.0,max_curvature,1.3101
RRT*,normal_city,10,rrt_step,6.0,max_curvature,1.2141
RRT*,normal_city,11,rrt_step,6.0,max_curvature,1.1353
RRT*,normal_city,12,rrt_step,6.0,max_curvature,1.3497
RRT*,normal_city,13,rrt_step,6.0,max_curvature,0.9469
RRT*,normal_city,14,rrt_step,6.0,max_curvature,1.4119
RRT*,normal_city,15,rrt_step,6.0,max_curvature,1.1445
RRT*,normal_city,16,rrt_step,6.0,max_curvature,0.945
RRT*,normal_city,17,rrt_step,6.0,max_curvature,1.2501
RRT*,normal_city,18,rrt_step,6.0,max_curvature,1.3178
RRT*,normal_city,19,rrt_step,6.0,max_curvature,1.4554
RRT*,normal_city,20,rrt_step,6.0,max_curvature,1.2352
RRT*,normal_city,21,rrt_step,6.0,max_curvature,1.0246
RRT*,normal_city,22,rrt_step,6.0,max_curvature,1.4057
RRT*,normal_city,23,rrt_step,6.0,max_curvature,0.9021
RRT*,normal_city,24,rrt_step,6.0,max_curvature,1.2314
RRT*,normal_city,25,rrt_step,6.0,max_curvature,1.5175
RRT*,normal_city,26,rrt_step,6.0,max_curvature,1.4432
RRT*,normal_city,27,rrt_step,6.0,max_curvature,1.5503
RRT*,normal_city,28,rrt_step,6.0,max_curvature,1.2863
RRT*,normal_city,29,rrt_step,6.0,max_curvature,1.021
RRT*,blocked_road,0,rrt_step,6.0,max_curvature,1.2887
RRT*,blocked_road,1,rrt_step,6.0,max_curvature,0.9407
RRT*,blocked_road,2,rrt_step,6.0,max_curvature,1.7916
RRT*,blocked_road,3,rrt_step,6.0,max_curvature,1.5952
RRT*,blocked_road,4,rrt_step,6.0,max_curvature,1.3606
RRT*,blocked_road,5,rrt_step,6.0,max_curvature,1.2929
RRT*,blocked_road,6,rrt_step,6.0,max_curvature,0.9506
RRT*,blocked_road,7,rrt_step,6.0,max_curvature,1.3477
RRT*,blocked_road,8,rrt_step,6.0,max_curvature,1.0011
RRT*,blocked_road,9,rrt_step,6.0,max_curvature,1.174
RRT*,blocked_road,10,rrt_step,6.0,max_curvature,1.0809
RRT*,blocked_road,11,rrt_step,6.0,max_curvature,1.2772
RRT*,blocked_road,12,rrt_step,6.0,max_curvature,1.3223
RRT*,blocked_road,13,rrt_step,6.0,max_curvature,1.1727
RRT*,blocked_road,14,rrt_step,6.0,max_curvature,1.2526
RRT*,blocked_road,15,rrt_step,6.0,max_curvature,1.1015
RRT*,blocked_road,16,rrt_step,6.0,max_curvature,0.9681
RRT*,blocked_road,17,rrt_step,6.0,max_curvature,1.2673
RRT*,blocked_road,18,rrt_step,6.0,max_curvature,1.258
RRT*,blocked_road,19,rrt_step,6.0,max_curvature,1.4944
RRT*,blocked_road,20,rrt_step,6.0,max_curvature,0.958
RRT*,blocked_road,21,rrt_step,6.0,max_curvature,0.7513
RRT*,blocked_road,22,rrt_step,6.0,max_curvature,1.5722
RRT*,blocked_road,23,rrt_step,6.0,max_curvature,1.1206
RRT*,blocked_road,24,rrt_step,6.0,max_curvature,1.521
RRT*,blocked_road,25,rrt_step,6.0,max_curvature,1.1632
RRT*,blocked_road,26,rrt_step,6.0,max_curvature,0.7344
RRT*,blocked_road,27,rrt_step,6.0,max_curvature,1.3062
RRT*,blocked_road,28,rrt_step,6.0,max_curvature,1.0695
RRT*,blocked_road,29,rrt_step,6.0,max_curvature,1.6607
RRT*,dense_city,0,rrt_step,6.0,max_curvature,1.2236
RRT*,dense_city,1,rrt_step,6.0,max_curvature,1.0627
RRT*,dense_city,2,rrt_step,6.0,max_curvature,1.2191
RRT*,dense_city,3,rrt_step,6.0,max_curvature,1.5774
RRT*,dense_city,4,rrt_step,6.0,max_curvature,1.2775
RRT*,dense_city,5,rrt_step,6.0,max_curvature,1.0535
RRT*,dense_city,6,rrt_step,6.0,max_curvature,1.4773
RRT*,dense_city,7,rrt_step,6.0,max_curvature,1.2397
RRT*,dense_city,8,rrt_step,6.0,max_curvature,1.1681
RRT*,dense_city,9,rrt_step,6.0,max_curvature,
RRT*,dense_city,10,rrt_step,6.0,max_curvature,1.4063
RRT*,dense_city,11,rrt_step,6.0,max_curvature,1.4288
RRT*,dense_city,12,rrt_step,6.0,max_curvature,1.351
RRT*,dense_city,13,rrt_step,6.0,max_curvature,1.5332
RRT*,dense_city,14,rrt_step,6.0,max_curvature,1.4804
RRT*,dense_city,15,rrt_step,6.0,max_curvature,1.4367
RRT*,dense_city,16,rrt_step,6.0,max_curvature,1.0683
RRT*,dense_city,17,rrt_step,6.0,max_curvature,0.9698
RRT*,dense_city,18,rrt_step,6.0,max_curvature,1.0285
RRT*,dense_city,19,rrt_step,6.0,max_curvature,1.5181
RRT*,dense_city,20,rrt_step,6.0,max_curvature,1.7358
RRT*,dense_city,21,rrt_step,6.0,max_curvature,1.5042
RRT*,dense_city,22,rrt_step,6.0,max_curvature,1.4245
RRT*,dense_city,23,rrt_step,6.0,max_curvature,1.0536
RRT*,dense_city,24,rrt_step,6.0,max_curvature,1.3833
RRT*,dense_city,25,rrt_step,6.0,max_curvature,1.7816
RRT*,dense_city,26,rrt_step,6.0,max_curvature,1.5051
RRT*,dense_city,27,rrt_step,6.0,max_curvature,1.3412
RRT*,dense_city,28,rrt_step,6.0,max_curvature,1.6365
RRT*,dense_city,29,rrt_step,6.0,max_curvature,1.5141
RRT*,normal_city,0,rrt_step,9.0,max_curvature,1.12
RRT*,normal_city,1,rrt_step,9.0,max_curvature,1.5769
RRT*,normal_city,2,rrt_step,9.0,max_curvature,1.2706
RRT*,normal_city,3,rrt_step,9.0,max_curvature,0.8464
RRT*,normal_city,4,rrt_step,9.0,max_curvature,1.2362
RRT*,normal_city,5,rrt_step,9.0,max_curvature,1.3566
RRT*,normal_city,6,rrt_step,9.0,max_curvature,2.1936
RRT*,normal_city,7,rrt_step,9.0,max_curvature,1.0533
RRT*,normal_city,8,rrt_step,9.0,max_curvature,1.593
RRT*,normal_city,9,rrt_step,9.0,max_curvature,1.3232
RRT*,normal_city,10,rrt_step,9.0,max_curvature,1.4925
RRT*,normal_city,11,rrt_step,9.0,max_curvature,1.4197
RRT*,normal_city,12,rrt_step,9.0,max_curvature,1.9824
RRT*,normal_city,13,rrt_step,9.0,max_curvature,1.409
RRT*,normal_city,14,rrt_step,9.0,max_curvature,2.1261
RRT*,normal_city,15,rrt_step,9.0,max_curvature,0.8956
RRT*,normal_city,16,rrt_step,9.0,max_curvature,1.3703
RRT*,normal_city,17,rrt_step,9.0,max_curvature,1.12
RRT*,normal_city,18,rrt_step,9.0,max_curvature,1.3611
RRT*,normal_city,19,rrt_step,9.0,max_curvature,1.1128
RRT*,normal_city,20,rrt_step,9.0,max_curvature,1.4415
RRT*,normal_city,21,rrt_step,9.0,max_curvature,1.5889
RRT*,normal_city,22,rrt_step,9.0,max_curvature,1.247
RRT*,normal_city,23,rrt_step,9.0,max_curvature,1.9527
RRT*,normal_city,24,rrt_step,9.0,max_curvature,1.6105
RRT*,normal_city,25,rrt_step,9.0,max_curvature,1.1263
RRT*,normal_city,26,rrt_step,9.0,max_curvature,1.2469
RRT*,normal_city,27,rrt_step,9.0,max_curvature,1.4544
RRT*,normal_city,28,rrt_step,9.0,max_curvature,1.6123
RRT*,normal_city,29,rrt_step,9.0,max_curvature,1.2739
RRT*,blocked_road,0,rrt_step,9.0,max_curvature,1.183
RRT*,blocked_road,1,rrt_step,9.0,max_curvature,1.3501
RRT*,blocked_road,2,rrt_step,9.0,max_curvature,0.8675
RRT*,blocked_road,3,rrt_step,9.0,max_curvature,1.0144
RRT*,blocked_road,4,rrt_step,9.0,max_curvature,1.0039
RRT*,blocked_road,5,rrt_step,9.0,max_curvature,1.1508
RRT*,blocked_road,6,rrt_step,9.0,max_curvature,1.1645
RRT*,blocked_road,7,rrt_step,9.0,max_curvature,0.9586
RRT*,blocked_road,8,rrt_step,9.0,max_curvature,0.9102
RRT*,blocked_road,9,rrt_step,9.0,max_curvature,1.0662
RRT*,blocked_road,10,rrt_step,9.0,max_curvature,1.4
RRT*,blocked_road,11,rrt_step,9.0,max_curvature,1.1809
RRT*,blocked_road,12,rrt_step,9.0,max_curvature,1.6125
RRT*,blocked_road,13,rrt_step,9.0,max_curvature,0.8687
RRT*,blocked_road,14,rrt_step,9.0,max_curvature,1.171
RRT*,blocked_road,15,rrt_step,9.0,max_curvature,1.0887
RRT*,blocked_road,16,rrt_step,9.0,max_curvature,1.2086
RRT*,blocked_road,17,rrt_step,9.0,max_curvature,0.6332
RRT*,blocked_road,18,rrt_step,9.0,max_curvature,1.0626
RRT*,blocked_road,19,rrt_step,9.0,max_curvature,1.4053
RRT*,blocked_road,20,rrt_step,9.0,max_curvature,1.4872
RRT*,blocked_road,21,rrt_step,9.0,max_curvature,0.7385
RRT*,blocked_road,22,rrt_step,9.0,max_curvature,1.3138
RRT*,blocked_road,23,rrt_step,9.0,max_curvature,1.3974
RRT*,blocked_road,24,rrt_step,9.0,max_curvature,1.8816
RRT*,blocked_road,25,rrt_step,9.0,max_curvature,1.8257
RRT*,blocked_road,26,rrt_step,9.0,max_curvature,1.1301
RRT*,blocked_road,27,rrt_step,9.0,max_curvature,1.8055
RRT*,blocked_road,28,rrt_step,9.0,max_curvature,1.4465
RRT*,blocked_road,29,rrt_step,9.0,max_curvature,1.2
RRT*,dense_city,0,rrt_step,9.0,max_curvature,1.5203
RRT*,dense_city,1,rrt_step,9.0,max_curvature,1.3959
RRT*,dense_city,2,rrt_step,9.0,max_curvature,1.587
RRT*,dense_city,3,rrt_step,9.0,max_curvature,1.2916
RRT*,dense_city,4,rrt_step,9.0,max_curvature,0.9271
RRT*,dense_city,5,rrt_step,9.0,max_curvature,1.0535
RRT*,dense_city,6,rrt_step,9.0,max_curvature,1.698
RRT*,dense_city,7,rrt_step,9.0,max_curvature,1.2651
RRT*,dense_city,8,rrt_step,9.0,max_curvature,1.3981
RRT*,dense_city,9,rrt_step,9.0,max_curvature,
RRT*,dense_city,10,rrt_step,9.0,max_curvature,1.8022
RRT*,dense_city,11,rrt_step,9.0,max_curvature,1.7377
RRT*,dense_city,12,rrt_step,9.0,max_curvature,1.4256
RRT*,dense_city,13,rrt_step,9.0,max_curvature,1.5596
RRT*,dense_city,14,rrt_step,9.0,max_curvature,0.9802
RRT*,dense_city,15,rrt_step,9.0,max_curvature,1.3777
RRT*,dense_city,16,rrt_step,9.0,max_curvature,1.3352
RRT*,dense_city,17,rrt_step,9.0,max_curvature,1.5133
RRT*,dense_city,18,rrt_step,9.0,max_curvature,1.3809
RRT*,dense_city,19,rrt_step,9.0,max_curvature,1.5312
RRT*,dense_city,20,rrt_step,9.0,max_curvature,1.4772
RRT*,dense_city,21,rrt_step,9.0,max_curvature,1.2065
RRT*,dense_city,22,rrt_step,9.0,max_curvature,1.6096
RRT*,dense_city,23,rrt_step,9.0,max_curvature,1.2101
RRT*,dense_city,24,rrt_step,9.0,max_curvature,1.4401
RRT*,dense_city,25,rrt_step,9.0,max_curvature,1.6817
RRT*,dense_city,26,rrt_step,9.0,max_curvature,1.5962
RRT*,dense_city,27,rrt_step,9.0,max_curvature,1.1849
RRT*,dense_city,28,rrt_step,9.0,max_curvature,1.3727
RRT*,dense_city,29,rrt_step,9.0,max_curvature,1.4117
RRT*,normal_city,0,rrt_step,2.0,drive_time_curved,24.8589
RRT*,normal_city,1,rrt_step,2.0,drive_time_curved,27.5355
RRT*,normal_city,2,rrt_step,2.0,drive_time_curved,29.4804
RRT*,normal_city,3,rrt_step,2.0,drive_time_curved,25.9037
RRT*,normal_city,4,rrt_step,2.0,drive_time_curved,25.3426
RRT*,normal_city,5,rrt_step,2.0,drive_time_curved,26.3413
RRT*,normal_city,6,rrt_step,2.0,drive_time_curved,25.4029
RRT*,normal_city,7,rrt_step,2.0,drive_time_curved,24.6541
RRT*,normal_city,8,rrt_step,2.0,drive_time_curved,27.1909
RRT*,normal_city,9,rrt_step,2.0,drive_time_curved,27.0788
RRT*,normal_city,10,rrt_step,2.0,drive_time_curved,25.5451
RRT*,normal_city,11,rrt_step,2.0,drive_time_curved,27.928
RRT*,normal_city,12,rrt_step,2.0,drive_time_curved,28.2427
RRT*,normal_city,13,rrt_step,2.0,drive_time_curved,25.5055
RRT*,normal_city,14,rrt_step,2.0,drive_time_curved,27.6707
RRT*,normal_city,15,rrt_step,2.0,drive_time_curved,25.7912
RRT*,normal_city,16,rrt_step,2.0,drive_time_curved,23.563
RRT*,normal_city,17,rrt_step,2.0,drive_time_curved,26.373
RRT*,normal_city,18,rrt_step,2.0,drive_time_curved,26.0708
RRT*,normal_city,19,rrt_step,2.0,drive_time_curved,24.668
RRT*,normal_city,20,rrt_step,2.0,drive_time_curved,23.9616
RRT*,normal_city,21,rrt_step,2.0,drive_time_curved,24.5968
RRT*,normal_city,22,rrt_step,2.0,drive_time_curved,25.8206
RRT*,normal_city,23,rrt_step,2.0,drive_time_curved,27.3889
RRT*,normal_city,24,rrt_step,2.0,drive_time_curved,24.7007
RRT*,normal_city,25,rrt_step,2.0,drive_time_curved,25.3823
RRT*,normal_city,26,rrt_step,2.0,drive_time_curved,27.2365
RRT*,normal_city,27,rrt_step,2.0,drive_time_curved,25.2338
RRT*,normal_city,28,rrt_step,2.0,drive_time_curved,24.8591
RRT*,normal_city,29,rrt_step,2.0,drive_time_curved,25.5975
RRT*,blocked_road,0,rrt_step,2.0,drive_time_curved,24.2374
RRT*,blocked_road,1,rrt_step,2.0,drive_time_curved,24.6385
RRT*,blocked_road,2,rrt_step,2.0,drive_time_curved,25.9613
RRT*,blocked_road,3,rrt_step,2.0,drive_time_curved,22.4724
RRT*,blocked_road,4,rrt_step,2.0,drive_time_curved,24.635
RRT*,blocked_road,5,rrt_step,2.0,drive_time_curved,26.099
RRT*,blocked_road,6,rrt_step,2.0,drive_time_curved,24.9982
RRT*,blocked_road,7,rrt_step,2.0,drive_time_curved,26.5501
RRT*,blocked_road,8,rrt_step,2.0,drive_time_curved,25.0726
RRT*,blocked_road,9,rrt_step,2.0,drive_time_curved,24.5612
RRT*,blocked_road,10,rrt_step,2.0,drive_time_curved,24.4842
RRT*,blocked_road,11,rrt_step,2.0,drive_time_curved,25.5666
RRT*,blocked_road,12,rrt_step,2.0,drive_time_curved,27.7535
RRT*,blocked_road,13,rrt_step,2.0,drive_time_curved,26.7605
RRT*,blocked_road,14,rrt_step,2.0,drive_time_curved,24.0756
RRT*,blocked_road,15,rrt_step,2.0,drive_time_curved,25.6309
RRT*,blocked_road,16,rrt_step,2.0,drive_time_curved,25.0462
RRT*,blocked_road,17,rrt_step,2.0,drive_time_curved,23.0424
RRT*,blocked_road,18,rrt_step,2.0,drive_time_curved,27.6691
RRT*,blocked_road,19,rrt_step,2.0,drive_time_curved,23.1102
RRT*,blocked_road,20,rrt_step,2.0,drive_time_curved,25.6881
RRT*,blocked_road,21,rrt_step,2.0,drive_time_curved,23.9282
RRT*,blocked_road,22,rrt_step,2.0,drive_time_curved,27.1571
RRT*,blocked_road,23,rrt_step,2.0,drive_time_curved,27.1793
RRT*,blocked_road,24,rrt_step,2.0,drive_time_curved,25.1309
RRT*,blocked_road,25,rrt_step,2.0,drive_time_curved,22.7606
RRT*,blocked_road,26,rrt_step,2.0,drive_time_curved,25.5197
RRT*,blocked_road,27,rrt_step,2.0,drive_time_curved,26.2935
RRT*,blocked_road,28,rrt_step,2.0,drive_time_curved,25.4161
RRT*,blocked_road,29,rrt_step,2.0,drive_time_curved,23.8367
RRT*,dense_city,0,rrt_step,2.0,drive_time_curved,29.6039
RRT*,dense_city,1,rrt_step,2.0,drive_time_curved,
RRT*,dense_city,2,rrt_step,2.0,drive_time_curved,28.5666
RRT*,dense_city,3,rrt_step,2.0,drive_time_curved,26.3207
RRT*,dense_city,4,rrt_step,2.0,drive_time_curved,28.2833
RRT*,dense_city,5,rrt_step,2.0,drive_time_curved,32.1248
RRT*,dense_city,6,rrt_step,2.0,drive_time_curved,28.3289
RRT*,dense_city,7,rrt_step,2.0,drive_time_curved,
RRT*,dense_city,8,rrt_step,2.0,drive_time_curved,25.5777
RRT*,dense_city,9,rrt_step,2.0,drive_time_curved,
RRT*,dense_city,10,rrt_step,2.0,drive_time_curved,29.6244
RRT*,dense_city,11,rrt_step,2.0,drive_time_curved,31.6229
RRT*,dense_city,12,rrt_step,2.0,drive_time_curved,31.6952
RRT*,dense_city,13,rrt_step,2.0,drive_time_curved,27.4638
RRT*,dense_city,14,rrt_step,2.0,drive_time_curved,27.9543
RRT*,dense_city,15,rrt_step,2.0,drive_time_curved,25.922
RRT*,dense_city,16,rrt_step,2.0,drive_time_curved,30.1108
RRT*,dense_city,17,rrt_step,2.0,drive_time_curved,25.6352
RRT*,dense_city,18,rrt_step,2.0,drive_time_curved,28.1172
RRT*,dense_city,19,rrt_step,2.0,drive_time_curved,31.9904
RRT*,dense_city,20,rrt_step,2.0,drive_time_curved,29.9675
RRT*,dense_city,21,rrt_step,2.0,drive_time_curved,24.3569
RRT*,dense_city,22,rrt_step,2.0,drive_time_curved,27.3127
RRT*,dense_city,23,rrt_step,2.0,drive_time_curved,27.5936
RRT*,dense_city,24,rrt_step,2.0,drive_time_curved,25.5655
RRT*,dense_city,25,rrt_step,2.0,drive_time_curved,31.2116
RRT*,dense_city,26,rrt_step,2.0,drive_time_curved,27.2835
RRT*,dense_city,27,rrt_step,2.0,drive_time_curved,28.7012
RRT*,dense_city,28,rrt_step,2.0,drive_time_curved,27.5442
RRT*,dense_city,29,rrt_step,2.0,drive_time_curved,29.652
RRT*,normal_city,0,rrt_step,3.0,drive_time_curved,26.9221
RRT*,normal_city,1,rrt_step,3.0,drive_time_curved,27.3699
RRT*,normal_city,2,rrt_step,3.0,drive_time_curved,25.4023
RRT*,normal_city,3,rrt_step,3.0,drive_time_curved,25.3906
RRT*,normal_city,4,rrt_step,3.0,drive_time_curved,26.4689
RRT*,normal_city,5,rrt_step,3.0,drive_time_curved,26.1564
RRT*,normal_city,6,rrt_step,3.0,drive_time_curved,26.148
RRT*,normal_city,7,rrt_step,3.0,drive_time_curved,27.58
RRT*,normal_city,8,rrt_step,3.0,drive_time_curved,25.0114
RRT*,normal_city,9,rrt_step,3.0,drive_time_curved,25.9391
RRT*,normal_city,10,rrt_step,3.0,drive_time_curved,27.0294
RRT*,normal_city,11,rrt_step,3.0,drive_time_curved,24.1021
RRT*,normal_city,12,rrt_step,3.0,drive_time_curved,28.4814
RRT*,normal_city,13,rrt_step,3.0,drive_time_curved,25.471
RRT*,normal_city,14,rrt_step,3.0,drive_time_curved,30.7775
RRT*,normal_city,15,rrt_step,3.0,drive_time_curved,24.6525
RRT*,normal_city,16,rrt_step,3.0,drive_time_curved,25.8398
RRT*,normal_city,17,rrt_step,3.0,drive_time_curved,26.4587
RRT*,normal_city,18,rrt_step,3.0,drive_time_curved,25.9631
RRT*,normal_city,19,rrt_step,3.0,drive_time_curved,24.0922
RRT*,normal_city,20,rrt_step,3.0,drive_time_curved,25.2781
RRT*,normal_city,21,rrt_step,3.0,drive_time_curved,27.3913
RRT*,normal_city,22,rrt_step,3.0,drive_time_curved,24.1297
RRT*,normal_city,23,rrt_step,3.0,drive_time_curved,27.3866
RRT*,normal_city,24,rrt_step,3.0,drive_time_curved,26.3943
RRT*,normal_city,25,rrt_step,3.0,drive_time_curved,26.4253
RRT*,normal_city,26,rrt_step,3.0,drive_time_curved,27.2181
RRT*,normal_city,27,rrt_step,3.0,drive_time_curved,27.2024
RRT*,normal_city,28,rrt_step,3.0,drive_time_curved,26.7156
RRT*,normal_city,29,rrt_step,3.0,drive_time_curved,25.7724
RRT*,blocked_road,0,rrt_step,3.0,drive_time_curved,24.6809
RRT*,blocked_road,1,rrt_step,3.0,drive_time_curved,28.6929
RRT*,blocked_road,2,rrt_step,3.0,drive_time_curved,26.6251
RRT*,blocked_road,3,rrt_step,3.0,drive_time_curved,24.1376
RRT*,blocked_road,4,rrt_step,3.0,drive_time_curved,27.7857
RRT*,blocked_road,5,rrt_step,3.0,drive_time_curved,24.7639
RRT*,blocked_road,6,rrt_step,3.0,drive_time_curved,24.665
RRT*,blocked_road,7,rrt_step,3.0,drive_time_curved,28.2081
RRT*,blocked_road,8,rrt_step,3.0,drive_time_curved,25.6747
RRT*,blocked_road,9,rrt_step,3.0,drive_time_curved,23.4808
RRT*,blocked_road,10,rrt_step,3.0,drive_time_curved,26.0873
RRT*,blocked_road,11,rrt_step,3.0,drive_time_curved,24.5135
RRT*,blocked_road,12,rrt_step,3.0,drive_time_curved,25.5672
RRT*,blocked_road,13,rrt_step,3.0,drive_time_curved,23.4043
RRT*,blocked_road,14,rrt_step,3.0,drive_time_curved,25.1992
RRT*,blocked_road,15,rrt_step,3.0,drive_time_curved,24.3737
RRT*,blocked_road,16,rrt_step,3.0,drive_time_curved,29.235
RRT*,blocked_road,17,rrt_step,3.0,drive_time_curved,23.6464
RRT*,blocked_road,18,rrt_step,3.0,drive_time_curved,25.4458
RRT*,blocked_road,19,rrt_step,3.0,drive_time_curved,23.2101
RRT*,blocked_road,20,rrt_step,3.0,drive_time_curved,22.989
RRT*,blocked_road,21,rrt_step,3.0,drive_time_curved,25.9686
RRT*,blocked_road,22,rrt_step,3.0,drive_time_curved,23.1461
RRT*,blocked_road,23,rrt_step,3.0,drive_time_curved,25.4459
RRT*,blocked_road,24,rrt_step,3.0,drive_time_curved,24.2052
RRT*,blocked_road,25,rrt_step,3.0,drive_time_curved,27.5572
RRT*,blocked_road,26,rrt_step,3.0,drive_time_curved,25.9738
RRT*,blocked_road,27,rrt_step,3.0,drive_time_curved,24.4347
RRT*,blocked_road,28,rrt_step,3.0,drive_time_curved,27.0504
RRT*,blocked_road,29,rrt_step,3.0,drive_time_curved,24.6053
RRT*,dense_city,0,rrt_step,3.0,drive_time_curved,29.4127
RRT*,dense_city,1,rrt_step,3.0,drive_time_curved,28.727
RRT*,dense_city,2,rrt_step,3.0,drive_time_curved,26.3042
RRT*,dense_city,3,rrt_step,3.0,drive_time_curved,25.0268
RRT*,dense_city,4,rrt_step,3.0,drive_time_curved,32.5449
RRT*,dense_city,5,rrt_step,3.0,drive_time_curved,32.5291
RRT*,dense_city,6,rrt_step,3.0,drive_time_curved,27.3624
RRT*,dense_city,7,rrt_step,3.0,drive_time_curved,28.7558
RRT*,dense_city,8,rrt_step,3.0,drive_time_curved,29.4062
RRT*,dense_city,9,rrt_step,3.0,drive_time_curved,
RRT*,dense_city,10,rrt_step,3.0,drive_time_curved,32.3365
RRT*,dense_city,11,rrt_step,3.0,drive_time_curved,29.7131
RRT*,dense_city,12,rrt_step,3.0,drive_time_curved,26.908
RRT*,dense_city,13,rrt_step,3.0,drive_time_curved,30.1341
RRT*,dense_city,14,rrt_step,3.0,drive_time_curved,31.3862
RRT*,dense_city,15,rrt_step,3.0,drive_time_curved,27.4783
RRT*,dense_city,16,rrt_step,3.0,drive_time_curved,30.5788
RRT*,dense_city,17,rrt_step,3.0,drive_time_curved,24.561
RRT*,dense_city,18,rrt_step,3.0,drive_time_curved,30.6434
RRT*,dense_city,19,rrt_step,3.0,drive_time_curved,28.2578
RRT*,dense_city,20,rrt_step,3.0,drive_time_curved,32.2142
RRT*,dense_city,21,rrt_step,3.0,drive_time_curved,23.7749
RRT*,dense_city,22,rrt_step,3.0,drive_time_curved,
RRT*,dense_city,23,rrt_step,3.0,drive_time_curved,30.7
RRT*,dense_city,24,rrt_step,3.0,drive_time_curved,29.4286
RRT*,dense_city,25,rrt_step,3.0,drive_time_curved,30.9158
RRT*,dense_city,26,rrt_step,3.0,drive_time_curved,28.9042
RRT*,dense_city,27,rrt_step,3.0,drive_time_curved,26.8575
RRT*,dense_city,28,rrt_step,3.0,drive_time_curved,27.306
RRT*,dense_city,29,rrt_step,3.0,drive_time_curved,30.9432
RRT*,normal_city,0,rrt_step,4.0,drive_time_curved,26.3754
RRT*,normal_city,1,rrt_step,4.0,drive_time_curved,28.2993
RRT*,normal_city,2,rrt_step,4.0,drive_time_curved,28.6809
RRT*,normal_city,3,rrt_step,4.0,drive_time_curved,26.6886
RRT*,normal_city,4,rrt_step,4.0,drive_time_curved,27.0162
RRT*,normal_city,5,rrt_step,4.0,drive_time_curved,25.68
RRT*,normal_city,6,rrt_step,4.0,drive_time_curved,27.388
RRT*,normal_city,7,rrt_step,4.0,drive_time_curved,25.659
RRT*,normal_city,8,rrt_step,4.0,drive_time_curved,27.6608
RRT*,normal_city,9,rrt_step,4.0,drive_time_curved,26.4254
RRT*,normal_city,10,rrt_step,4.0,drive_time_curved,25.3039
RRT*,normal_city,11,rrt_step,4.0,drive_time_curved,27.893
RRT*,normal_city,12,rrt_step,4.0,drive_time_curved,30.0556
RRT*,normal_city,13,rrt_step,4.0,drive_time_curved,28.1387
RRT*,normal_city,14,rrt_step,4.0,drive_time_curved,26.6068
RRT*,normal_city,15,rrt_step,4.0,drive_time_curved,23.9544
RRT*,normal_city,16,rrt_step,4.0,drive_time_curved,26.2365
RRT*,normal_city,17,rrt_step,4.0,drive_time_curved,28.6565
RRT*,normal_city,18,rrt_step,4.0,drive_time_curved,26.0127
RRT*,normal_city,19,rrt_step,4.0,drive_time_curved,24.9149
RRT*,normal_city,20,rrt_step,4.0,drive_time_curved,26.5707
RRT*,normal_city,21,rrt_step,4.0,drive_time_curved,24.7005
RRT*,normal_city,22,rrt_step,4.0,drive_time_curved,27.6761
RRT*,normal_city,23,rrt_step,4.0,drive_time_curved,29.647
RRT*,normal_city,24,rrt_step,4.0,drive_time_curved,25.6147
RRT*,normal_city,25,rrt_step,4.0,drive_time_curved,26.9836
RRT*,normal_city,26,rrt_step,4.0,drive_time_curved,25.1901
RRT*,normal_city,27,rrt_step,4.0,drive_time_curved,29.8428
RRT*,normal_city,28,rrt_step,4.0,drive_time_curved,27.9754
RRT*,normal_city,29,rrt_step,4.0,drive_time_curved,28.543
RRT*,blocked_road,0,rrt_step,4.0,drive_time_curved,27.8717
RRT*,blocked_road,1,rrt_step,4.0,drive_time_curved,24.3781
RRT*,blocked_road,2,rrt_step,4.0,drive_time_curved,27.2172
RRT*,blocked_road,3,rrt_step,4.0,drive_time_curved,23.4124
RRT*,blocked_road,4,rrt_step,4.0,drive_time_curved,26.5476
RRT*,blocked_road,5,rrt_step,4.0,drive_time_curved,26.5486
RRT*,blocked_road,6,rrt_step,4.0,drive_time_curved,25.6534
RRT*,blocked_road,7,rrt_step,4.0,drive_time_curved,28.6577
RRT*,blocked_road,8,rrt_step,4.0,drive_time_curved,25.9444
RRT*,blocked_road,9,rrt_step,4.0,drive_time_curved,27.1329
RRT*,blocked_road,10,rrt_step,4.0,drive_time_curved,24.1639
RRT*,blocked_road,11,rrt_step,4.0,drive_time_curved,23.1675
RRT*,blocked_road,12,rrt_step,4.0,drive_time_curved,25.5645
RRT*,blocked_road,13,rrt_step,4.0,drive_time_curved,25.3783
RRT*,blocked_road,14,rrt_step,4.0,drive_time_curved,27.001
RRT*,blocked_road,15,rrt_step,4.0,drive_time_curved,24.2351
RRT*,blocked_road,16,rrt_step,4.0,drive_time_curved,28.6442
RRT*,blocked_road,17,rrt_step,4.0,drive_time_curved,27.267
RRT*,blocked_road,18,rrt_step,4.0,drive_time_curved,24.3999
RRT*,blocked_road,19,rrt_step,4.0,drive_time_curved,23.5088
RRT*,blocked_road,20,rrt_step,4.0,drive_time_curved,28.2643
RRT*,blocked_road,21,rrt_step,4.0,drive_time_curved,26.4429
RRT*,blocked_road,22,rrt_step,4.0,drive_time_curved,23.9155
RRT*,blocked_road,23,rrt_step,4.0,drive_time_curved,27.8729
RRT*,blocked_road,24,rrt_step,4.0,drive_time_curved,27.1766
RRT*,blocked_road,25,rrt_step,4.0,drive_time_curved,25.1304
RRT*,blocked_road,26,rrt_step,4.0,drive_time_curved,22.2755
RRT*,blocked_road,27,rrt_step,4.0,drive_time_curved,25.8246
RRT*,blocked_road,28,rrt_step,4.0,drive_time_curved,27.0924
RRT*,blocked_road,29,rrt_step,4.0,drive_time_curved,25.7938
RRT*,dense_city,0,rrt_step,4.0,drive_time_curved,27.9852
RRT*,dense_city,1,rrt_step,4.0,drive_time_curved,29.5443
RRT*,dense_city,2,rrt_step,4.0,drive_time_curved,28.264
RRT*,dense_city,3,rrt_step,4.0,drive_time_curved,27.9436
RRT*,dense_city,4,rrt_step,4.0,drive_time_curved,29.3205
RRT*,dense_city,5,rrt_step,4.0,drive_time_curved,31.8653
RRT*,dense_city,6,rrt_step,4.0,drive_time_curved,28.1049
RRT*,dense_city,7,rrt_step,4.0,drive_time_curved,29.4924
RRT*,dense_city,8,rrt_step,4.0,drive_time_curved,31.6512
RRT*,dense_city,9,rrt_step,4.0,drive_time_curved,
RRT*,dense_city,10,rrt_step,4.0,drive_time_curved,30.9796
RRT*,dense_city,11,rrt_step,4.0,drive_time_curved,35.8148
RRT*,dense_city,12,rrt_step,4.0,drive_time_curved,32.1893
RRT*,dense_city,13,rrt_step,4.0,drive_time_curved,27.4742
RRT*,dense_city,14,rrt_step,4.0,drive_time_curved,32.9069
RRT*,dense_city,15,rrt_step,4.0,drive_time_curved,30.1354
RRT*,dense_city,16,rrt_step,4.0,drive_time_curved,31.5702
RRT*,dense_city,17,rrt_step,4.0,drive_time_curved,24.6711
RRT*,dense_city,18,rrt_step,4.0,drive_time_curved,29.25
RRT*,dense_city,19,rrt_step,4.0,drive_time_curved,27.9261
RRT*,dense_city,20,rrt_step,4.0,drive_time_curved,32.3205
RRT*,dense_city,21,rrt_step,4.0,drive_time_curved,26.4545
RRT*,dense_city,22,rrt_step,4.0,drive_time_curved,26.3112
RRT*,dense_city,23,rrt_step,4.0,drive_time_curved,28.1593
RRT*,dense_city,24,rrt_step,4.0,drive_time_curved,26.2531
RRT*,dense_city,25,rrt_step,4.0,drive_time_curved,28.2506
RRT*,dense_city,26,rrt_step,4.0,drive_time_curved,27.0161
RRT*,dense_city,27,rrt_step,4.0,drive_time_curved,27.8113
RRT*,dense_city,28,rrt_step,4.0,drive_time_curved,30.2986
RRT*,dense_city,29,rrt_step,4.0,drive_time_curved,30.4091
RRT*,normal_city,0,rrt_step,6.0,drive_time_curved,30.3603
RRT*,normal_city,1,rrt_step,6.0,drive_time_curved,26.9692
RRT*,normal_city,2,rrt_step,6.0,drive_time_curved,25.6761
RRT*,normal_city,3,rrt_step,6.0,drive_time_curved,25.393
RRT*,normal_city,4,rrt_step,6.0,drive_time_curved,28.376
RRT*,normal_city,5,rrt_step,6.0,drive_time_curved,28.9041
RRT*,normal_city,6,rrt_step,6.0,drive_time_curved,29.2319
RRT*,normal_city,7,rrt_step,6.0,drive_time_curved,27.6829
RRT*,normal_city,8,rrt_step,6.0,drive_time_curved,27.678
RRT*,normal_city,9,rrt_step,6.0,drive_time_curved,31.8779
RRT*,normal_city,10,rrt_step,6.0,drive_time_curved,27.1118
RRT*,normal_city,11,rrt_step,6.0,drive_time_curved,26.1558
RRT*,normal_city,12,rrt_step,6.0,drive_time_curved,29.5369
RRT*,normal_city,13,rrt_step,6.0,drive_time_curved,29.8518
RRT*,normal_city,14,rrt_step,6.0,drive_time_curved,26.2392
RRT*,normal_city,15,rrt_step,6.0,drive_time_curved,27.3228
RRT*,normal_city,16,rrt_step,6.0,drive_time_curved,25.1862
RRT*,normal_city,17,rrt_step,6.0,drive_time_curved,28.6477
RRT*,normal_city,18,rrt_step,6.0,drive_time_curved,29.5332
RRT*,normal_city,19,rrt_step,6.0,drive_time_curved,27.4912
RRT*,normal_city,20,rrt_step,6.0,drive_time_curved,28.8063
RRT*,normal_city,21,rrt_step,6.0,drive_time_curved,27.0073
RRT*,normal_city,22,rrt_step,6.0,drive_time_curved,26.8817
RRT*,normal_city,23,rrt_step,6.0,drive_time_curved,26.0277
RRT*,normal_city,24,rrt_step,6.0,drive_time_curved,24.3643
RRT*,normal_city,25,rrt_step,6.0,drive_time_curved,30.3953
RRT*,normal_city,26,rrt_step,6.0,drive_time_curved,28.7172
RRT*,normal_city,27,rrt_step,6.0,drive_time_curved,26.162
RRT*,normal_city,28,rrt_step,6.0,drive_time_curved,26.6081
RRT*,normal_city,29,rrt_step,6.0,drive_time_curved,27.3195
RRT*,blocked_road,0,rrt_step,6.0,drive_time_curved,27.5817
RRT*,blocked_road,1,rrt_step,6.0,drive_time_curved,26.5893
RRT*,blocked_road,2,rrt_step,6.0,drive_time_curved,30.5244
RRT*,blocked_road,3,rrt_step,6.0,drive_time_curved,29.9836
RRT*,blocked_road,4,rrt_step,6.0,drive_time_curved,26.024
RRT*,blocked_road,5,rrt_step,6.0,drive_time_curved,30.3375
RRT*,blocked_road,6,rrt_step,6.0,drive_time_curved,28.5425
RRT*,blocked_road,7,rrt_step,6.0,drive_time_curved,25.4023
RRT*,blocked_road,8,rrt_step,6.0,drive_time_curved,30.2787
RRT*,blocked_road,9,rrt_step,6.0,drive_time_curved,26.6679
RRT*,blocked_road,10,rrt_step,6.0,drive_time_curved,25.5747
RRT*,blocked_road,11,rrt_step,6.0,drive_time_curved,26.062
RRT*,blocked_road,12,rrt_step,6.0,drive_time_curved,27.2438
RRT*,blocked_road,13,rrt_step,6.0,drive_time_curved,27.4093
RRT*,blocked_road,14,rrt_step,6.0,drive_time_curved,23.7098
RRT*,blocked_road,15,rrt_step,6.0,drive_time_curved,26.0383
RRT*,blocked_road,16,rrt_step,6.0,drive_time_curved,27.3406
RRT*,blocked_road,17,rrt_step,6.0,drive_time_curved,26.1862
RRT*,blocked_road,18,rrt_step,6.0,drive_time_curved,27.5932
RRT*,blocked_road,19,rrt_step,6.0,drive_time_curved,26.4791
RRT*,blocked_road,20,rrt_step,6.0,drive_time_curved,24.7129
RRT*,blocked_road,21,rrt_step,6.0,drive_time_curved,26.2273
RRT*,blocked_road,22,rrt_step,6.0,drive_time_curved,29.2039
RRT*,blocked_road,23,rrt_step,6.0,drive_time_curved,26.9571
RRT*,blocked_road,24,rrt_step,6.0,drive_time_curved,25.5214
RRT*,blocked_road,25,rrt_step,6.0,drive_time_curved,25.4593
RRT*,blocked_road,26,rrt_step,6.0,drive_time_curved,28.788
RRT*,blocked_road,27,rrt_step,6.0,drive_time_curved,26.0233
RRT*,blocked_road,28,rrt_step,6.0,drive_time_curved,26.7533
RRT*,blocked_road,29,rrt_step,6.0,drive_time_curved,27.6971
RRT*,dense_city,0,rrt_step,6.0,drive_time_curved,29.6951
RRT*,dense_city,1,rrt_step,6.0,drive_time_curved,23.771
RRT*,dense_city,2,rrt_step,6.0,drive_time_curved,29.8231
RRT*,dense_city,3,rrt_step,6.0,drive_time_curved,28.4565
RRT*,dense_city,4,rrt_step,6.0,drive_time_curved,30.1937
RRT*,dense_city,5,rrt_step,6.0,drive_time_curved,31.8653
RRT*,dense_city,6,rrt_step,6.0,drive_time_curved,26.8401
RRT*,dense_city,7,rrt_step,6.0,drive_time_curved,29.2309
RRT*,dense_city,8,rrt_step,6.0,drive_time_curved,26.7798
RRT*,dense_city,9,rrt_step,6.0,drive_time_curved,
RRT*,dense_city,10,rrt_step,6.0,drive_time_curved,30.585
RRT*,dense_city,11,rrt_step,6.0,drive_time_curved,32.572
RRT*,dense_city,12,rrt_step,6.0,drive_time_curved,29.2331
RRT*,dense_city,13,rrt_step,6.0,drive_time_curved,27.3998
RRT*,dense_city,14,rrt_step,6.0,drive_time_curved,30.7558
RRT*,dense_city,15,rrt_step,6.0,drive_time_curved,26.2413
RRT*,dense_city,16,rrt_step,6.0,drive_time_curved,30.7001
RRT*,dense_city,17,rrt_step,6.0,drive_time_curved,27.0088
RRT*,dense_city,18,rrt_step,6.0,drive_time_curved,29.9104
RRT*,dense_city,19,rrt_step,6.0,drive_time_curved,30.9918
RRT*,dense_city,20,rrt_step,6.0,drive_time_curved,34.0521
RRT*,dense_city,21,rrt_step,6.0,drive_time_curved,27.309
RRT*,dense_city,22,rrt_step,6.0,drive_time_curved,30.3194
RRT*,dense_city,23,rrt_step,6.0,drive_time_curved,29.6597
RRT*,dense_city,24,rrt_step,6.0,drive_time_curved,28.5829
RRT*,dense_city,25,rrt_step,6.0,drive_time_curved,31.3755
RRT*,dense_city,26,rrt_step,6.0,drive_time_curved,28.4362
RRT*,dense_city,27,rrt_step,6.0,drive_time_curved,28.0575
RRT*,dense_city,28,rrt_step,6.0,drive_time_curved,29.2797
RRT*,dense_city,29,rrt_step,6.0,drive_time_curved,26.7961
RRT*,normal_city,0,rrt_step,9.0,drive_time_curved,30.5793
RRT*,normal_city,1,rrt_step,9.0,drive_time_curved,31.163
RRT*,normal_city,2,rrt_step,9.0,drive_time_curved,29.8195
RRT*,normal_city,3,rrt_step,9.0,drive_time_curved,26.7562
RRT*,normal_city,4,rrt_step,9.0,drive_time_curved,32.0616
RRT*,normal_city,5,rrt_step,9.0,drive_time_curved,28.8549
RRT*,normal_city,6,rrt_step,9.0,drive_time_curved,34.0375
RRT*,normal_city,7,rrt_step,9.0,drive_time_curved,28.5001
RRT*,normal_city,8,rrt_step,9.0,drive_time_curved,31.933
RRT*,normal_city,9,rrt_step,9.0,drive_time_curved,32.9549
RRT*,normal_city,10,rrt_step,9.0,drive_time_curved,33.3968
RRT*,normal_city,11,rrt_step,9.0,drive_time_curved,31.1522
RRT*,normal_city,12,rrt_step,9.0,drive_time_curved,31.6708
RRT*,normal_city,13,rrt_step,9.0,drive_time_curved,27.5736
RRT*,normal_city,14,rrt_step,9.0,drive_time_curved,32.931
RRT*,normal_city,15,rrt_step,9.0,drive_time_curved,28.6268
RRT*,normal_city,16,rrt_step,9.0,drive_time_curved,30.6344
RRT*,normal_city,17,rrt_step,9.0,drive_time_curved,31.3296
RRT*,normal_city,18,rrt_step,9.0,drive_time_curved,34.7348
RRT*,normal_city,19,rrt_step,9.0,drive_time_curved,30.759
RRT*,normal_city,20,rrt_step,9.0,drive_time_curved,31.3618
RRT*,normal_city,21,rrt_step,9.0,drive_time_curved,31.9595
RRT*,normal_city,22,rrt_step,9.0,drive_time_curved,27.6278
RRT*,normal_city,23,rrt_step,9.0,drive_time_curved,28.5575
RRT*,normal_city,24,rrt_step,9.0,drive_time_curved,29.6447
RRT*,normal_city,25,rrt_step,9.0,drive_time_curved,27.4497
RRT*,normal_city,26,rrt_step,9.0,drive_time_curved,30.2048
RRT*,normal_city,27,rrt_step,9.0,drive_time_curved,35.0605
RRT*,normal_city,28,rrt_step,9.0,drive_time_curved,34.5841
RRT*,normal_city,29,rrt_step,9.0,drive_time_curved,31.8407
RRT*,blocked_road,0,rrt_step,9.0,drive_time_curved,32.0378
RRT*,blocked_road,1,rrt_step,9.0,drive_time_curved,28.7704
RRT*,blocked_road,2,rrt_step,9.0,drive_time_curved,25.0711
RRT*,blocked_road,3,rrt_step,9.0,drive_time_curved,27.989
RRT*,blocked_road,4,rrt_step,9.0,drive_time_curved,26.248
RRT*,blocked_road,5,rrt_step,9.0,drive_time_curved,27.7599
RRT*,blocked_road,6,rrt_step,9.0,drive_time_curved,34.9355
RRT*,blocked_road,7,rrt_step,9.0,drive_time_curved,26.0051
RRT*,blocked_road,8,rrt_step,9.0,drive_time_curved,29.6227
RRT*,blocked_road,9,rrt_step,9.0,drive_time_curved,24.2266
RRT*,blocked_road,10,rrt_step,9.0,drive_time_curved,26.542
RRT*,blocked_road,11,rrt_step,9.0,drive_time_curved,26.0112
RRT*,blocked_road,12,rrt_step,9.0,drive_time_curved,26.6466
RRT*,blocked_road,13,rrt_step,9.0,drive_time_curved,29.8323
RRT*,blocked_road,14,rrt_step,9.0,drive_time_curved,27.0968
RRT*,blocked_road,15,rrt_step,9.0,drive_time_curved,26.9716
RRT*,blocked_road,16,rrt_step,9.0,drive_time_curved,27.8162
RRT*,blocked_road,17,rrt_step,9.0,drive_time_curved,25.8838
RRT*,blocked_road,18,rrt_step,9.0,drive_time_curved,29.2584
RRT*,blocked_road,19,rrt_step,9.0,drive_time_curved,24.4546
RRT*,blocked_road,20,rrt_step,9.0,drive_time_curved,29.1596
RRT*,blocked_road,21,rrt_step,9.0,drive_time_curved,27.1065
RRT*,blocked_road,22,rrt_step,9.0,drive_time_curved,31.2834
RRT*,blocked_road,23,rrt_step,9.0,drive_time_curved,30.3251
RRT*,blocked_road,24,rrt_step,9.0,drive_time_curved,29.5251
RRT*,blocked_road,25,rrt_step,9.0,drive_time_curved,29.5413
RRT*,blocked_road,26,rrt_step,9.0,drive_time_curved,24.589
RRT*,blocked_road,27,rrt_step,9.0,drive_time_curved,41.6858
RRT*,blocked_road,28,rrt_step,9.0,drive_time_curved,27.6931
RRT*,blocked_road,29,rrt_step,9.0,drive_time_curved,28.2135
RRT*,dense_city,0,rrt_step,9.0,drive_time_curved,26.5675
RRT*,dense_city,1,rrt_step,9.0,drive_time_curved,24.5096
RRT*,dense_city,2,rrt_step,9.0,drive_time_curved,38.5774
RRT*,dense_city,3,rrt_step,9.0,drive_time_curved,28.2403
RRT*,dense_city,4,rrt_step,9.0,drive_time_curved,27.69
RRT*,dense_city,5,rrt_step,9.0,drive_time_curved,31.8653
RRT*,dense_city,6,rrt_step,9.0,drive_time_curved,33.1462
RRT*,dense_city,7,rrt_step,9.0,drive_time_curved,29.0916
RRT*,dense_city,8,rrt_step,9.0,drive_time_curved,32.4436
RRT*,dense_city,9,rrt_step,9.0,drive_time_curved,
RRT*,dense_city,10,rrt_step,9.0,drive_time_curved,33.5004
RRT*,dense_city,11,rrt_step,9.0,drive_time_curved,35.8684
RRT*,dense_city,12,rrt_step,9.0,drive_time_curved,30.5076
RRT*,dense_city,13,rrt_step,9.0,drive_time_curved,26.5414
RRT*,dense_city,14,rrt_step,9.0,drive_time_curved,25.5994
RRT*,dense_city,15,rrt_step,9.0,drive_time_curved,26.9018
RRT*,dense_city,16,rrt_step,9.0,drive_time_curved,32.3256
RRT*,dense_city,17,rrt_step,9.0,drive_time_curved,26.9658
RRT*,dense_city,18,rrt_step,9.0,drive_time_curved,33.5432
RRT*,dense_city,19,rrt_step,9.0,drive_time_curved,31.0357
RRT*,dense_city,20,rrt_step,9.0,drive_time_curved,34.9052
RRT*,dense_city,21,rrt_step,9.0,drive_time_curved,32.8827
RRT*,dense_city,22,rrt_step,9.0,drive_time_curved,27.6091
RRT*,dense_city,23,rrt_step,9.0,drive_time_curved,32.5464
RRT*,dense_city,24,rrt_step,9.0,drive_time_curved,29.6611
RRT*,dense_city,25,rrt_step,9.0,drive_time_curved,30.376
RRT*,dense_city,26,rrt_step,9.0,drive_time_curved,30.2838
RRT*,dense_city,27,rrt_step,9.0,drive_time_curved,25.8735
RRT*,dense_city,28,rrt_step,9.0,drive_time_curved,28.3979
RRT*,dense_city,29,rrt_step,9.0,drive_time_curved,33.487
RRT*,normal_city,0,rrt_step,2.0,comp_time,1.52169
RRT*,normal_city,1,rrt_step,2.0,comp_time,1.75435
RRT*,normal_city,2,rrt_step,2.0,comp_time,4.61778
RRT*,normal_city,3,rrt_step,2.0,comp_time,0.56545
RRT*,normal_city,4,rrt_step,2.0,comp_time,3.00046
RRT*,normal_city,5,rrt_step,2.0,comp_time,3.57539
RRT*,normal_city,6,rrt_step,2.0,comp_time,0.51807
RRT*,normal_city,7,rrt_step,2.0,comp_time,2.01441
RRT*,normal_city,8,rrt_step,2.0,comp_time,3.61917
RRT*,normal_city,9,rrt_step,2.0,comp_time,0.70552
RRT*,normal_city,10,rrt_step,2.0,comp_time,0.6243
RRT*,normal_city,11,rrt_step,2.0,comp_time,0.80388
RRT*,normal_city,12,rrt_step,2.0,comp_time,2.30814
RRT*,normal_city,13,rrt_step,2.0,comp_time,3.44174
RRT*,normal_city,14,rrt_step,2.0,comp_time,1.46077
RRT*,normal_city,15,rrt_step,2.0,comp_time,2.41691
RRT*,normal_city,16,rrt_step,2.0,comp_time,0.66097
RRT*,normal_city,17,rrt_step,2.0,comp_time,1.34716
RRT*,normal_city,18,rrt_step,2.0,comp_time,1.18607
RRT*,normal_city,19,rrt_step,2.0,comp_time,1.84836
RRT*,normal_city,20,rrt_step,2.0,comp_time,1.65304
RRT*,normal_city,21,rrt_step,2.0,comp_time,1.99264
RRT*,normal_city,22,rrt_step,2.0,comp_time,3.70679
RRT*,normal_city,23,rrt_step,2.0,comp_time,2.63185
RRT*,normal_city,24,rrt_step,2.0,comp_time,1.44218
RRT*,normal_city,25,rrt_step,2.0,comp_time,2.4242
RRT*,normal_city,26,rrt_step,2.0,comp_time,1.82272
RRT*,normal_city,27,rrt_step,2.0,comp_time,2.05377
RRT*,normal_city,28,rrt_step,2.0,comp_time,1.78974
RRT*,normal_city,29,rrt_step,2.0,comp_time,3.31023
RRT*,blocked_road,0,rrt_step,2.0,comp_time,1.57031
RRT*,blocked_road,1,rrt_step,2.0,comp_time,3.01194
RRT*,blocked_road,2,rrt_step,2.0,comp_time,9.00172
RRT*,blocked_road,3,rrt_step,2.0,comp_time,8.21526
RRT*,blocked_road,4,rrt_step,2.0,comp_time,17.67266
RRT*,blocked_road,5,rrt_step,2.0,comp_time,12.43521
RRT*,blocked_road,6,rrt_step,2.0,comp_time,3.45235
RRT*,blocked_road,7,rrt_step,2.0,comp_time,3.97493
RRT*,blocked_road,8,rrt_step,2.0,comp_time,5.5595
RRT*,blocked_road,9,rrt_step,2.0,comp_time,3.09634
RRT*,blocked_road,10,rrt_step,2.0,comp_time,1.91631
RRT*,blocked_road,11,rrt_step,2.0,comp_time,2.38151
RRT*,blocked_road,12,rrt_step,2.0,comp_time,7.66275
RRT*,blocked_road,13,rrt_step,2.0,comp_time,2.20426
RRT*,blocked_road,14,rrt_step,2.0,comp_time,1.27752
RRT*,blocked_road,15,rrt_step,2.0,comp_time,3.07433
RRT*,blocked_road,16,rrt_step,2.0,comp_time,4.5149
RRT*,blocked_road,17,rrt_step,2.0,comp_time,2.29584
RRT*,blocked_road,18,rrt_step,2.0,comp_time,1.88065
RRT*,blocked_road,19,rrt_step,2.0,comp_time,1.16704
RRT*,blocked_road,20,rrt_step,2.0,comp_time,2.66257
RRT*,blocked_road,21,rrt_step,2.0,comp_time,0.9348
RRT*,blocked_road,22,rrt_step,2.0,comp_time,3.17411
RRT*,blocked_road,23,rrt_step,2.0,comp_time,3.65345
RRT*,blocked_road,24,rrt_step,2.0,comp_time,1.04278
RRT*,blocked_road,25,rrt_step,2.0,comp_time,5.54978
RRT*,blocked_road,26,rrt_step,2.0,comp_time,3.22033
RRT*,blocked_road,27,rrt_step,2.0,comp_time,9.20252
RRT*,blocked_road,28,rrt_step,2.0,comp_time,2.92117
RRT*,blocked_road,29,rrt_step,2.0,comp_time,6.66188
RRT*,dense_city,0,rrt_step,2.0,comp_time,2.56946
RRT*,dense_city,1,rrt_step,2.0,comp_time,47.11864
RRT*,dense_city,2,rrt_step,2.0,comp_time,6.65939
RRT*,dense_city,3,rrt_step,2.0,comp_time,3.53717
RRT*,dense_city,4,rrt_step,2.0,comp_time,7.13875
RRT*,dense_city,5,rrt_step,2.0,comp_time,44.11956
RRT*,dense_city,6,rrt_step,2.0,comp_time,7.41364
RRT*,dense_city,7,rrt_step,2.0,comp_time,58.90183
RRT*,dense_city,8,rrt_step,2.0,comp_time,1.87192
RRT*,dense_city,9,rrt_step,2.0,comp_time,1.03617
RRT*,dense_city,10,rrt_step,2.0,comp_time,1.46501
RRT*,dense_city,11,rrt_step,2.0,comp_time,3.35838
RRT*,dense_city,12,rrt_step,2.0,comp_time,5.88138
RRT*,dense_city,13,rrt_step,2.0,comp_time,3.3018
RRT*,dense_city,14,rrt_step,2.0,comp_time,1.88184
RRT*,dense_city,15,rrt_step,2.0,comp_time,8.93535
RRT*,dense_city,16,rrt_step,2.0,comp_time,22.28884
RRT*,dense_city,17,rrt_step,2.0,comp_time,1.91474
RRT*,dense_city,18,rrt_step,2.0,comp_time,13.80905
RRT*,dense_city,19,rrt_step,2.0,comp_time,3.09527
RRT*,dense_city,20,rrt_step,2.0,comp_time,6.69324
RRT*,dense_city,21,rrt_step,2.0,comp_time,5.10325
RRT*,dense_city,22,rrt_step,2.0,comp_time,1.93746
RRT*,dense_city,23,rrt_step,2.0,comp_time,1.56683
RRT*,dense_city,24,rrt_step,2.0,comp_time,3.4426
RRT*,dense_city,25,rrt_step,2.0,comp_time,2.76672
RRT*,dense_city,26,rrt_step,2.0,comp_time,2.10831
RRT*,dense_city,27,rrt_step,2.0,comp_time,5.11303
RRT*,dense_city,28,rrt_step,2.0,comp_time,5.47555
RRT*,dense_city,29,rrt_step,2.0,comp_time,12.69838
RRT*,normal_city,0,rrt_step,3.0,comp_time,2.43723
RRT*,normal_city,1,rrt_step,3.0,comp_time,0.61994
RRT*,normal_city,2,rrt_step,3.0,comp_time,1.23795
RRT*,normal_city,3,rrt_step,3.0,comp_time,0.41712
RRT*,normal_city,4,rrt_step,3.0,comp_time,0.3279
RRT*,normal_city,5,rrt_step,3.0,comp_time,2.66161
RRT*,normal_city,6,rrt_step,3.0,comp_time,3.7538
RRT*,normal_city,7,rrt_step,3.0,comp_time,4.40478
RRT*,normal_city,8,rrt_step,3.0,comp_time,0.65019
RRT*,normal_city,9,rrt_step,3.0,comp_time,1.12183
RRT*,normal_city,10,rrt_step,3.0,comp_time,0.50799
RRT*,normal_city,11,rrt_step,3.0,comp_time,1.83553
RRT*,normal_city,12,rrt_step,3.0,comp_time,1.73524
RRT*,normal_city,13,rrt_step,3.0,comp_time,2.65597
RRT*,normal_city,14,rrt_step,3.0,comp_time,0.97226
RRT*,normal_city,15,rrt_step,3.0,comp_time,1.46668
RRT*,normal_city,16,rrt_step,3.0,comp_time,0.66824
RRT*,normal_city,17,rrt_step,3.0,comp_time,1.49816
RRT*,normal_city,18,rrt_step,3.0,comp_time,0.31018
RRT*,normal_city,19,rrt_step,3.0,comp_time,0.61965
RRT*,normal_city,20,rrt_step,3.0,comp_time,0.52177
RRT*,normal_city,21,rrt_step,3.0,comp_time,0.67423
RRT*,normal_city,22,rrt_step,3.0,comp_time,0.53372
RRT*,normal_city,23,rrt_step,3.0,comp_time,2.95345
RRT*,normal_city,24,rrt_step,3.0,comp_time,0.99591
RRT*,normal_city,25,rrt_step,3.0,comp_time,0.87188
RRT*,normal_city,26,rrt_step,3.0,comp_time,0.52224
RRT*,normal_city,27,rrt_step,3.0,comp_time,1.52981
RRT*,normal_city,28,rrt_step,3.0,comp_time,2.29159
RRT*,normal_city,29,rrt_step,3.0,comp_time,0.73829
RRT*,blocked_road,0,rrt_step,3.0,comp_time,1.02159
RRT*,blocked_road,1,rrt_step,3.0,comp_time,3.27652
RRT*,blocked_road,2,rrt_step,3.0,comp_time,30.75863
RRT*,blocked_road,3,rrt_step,3.0,comp_time,1.49839
RRT*,blocked_road,4,rrt_step,3.0,comp_time,2.06164
RRT*,blocked_road,5,rrt_step,3.0,comp_time,1.20469
RRT*,blocked_road,6,rrt_step,3.0,comp_time,1.73055
RRT*,blocked_road,7,rrt_step,3.0,comp_time,2.83593
RRT*,blocked_road,8,rrt_step,3.0,comp_time,0.96086
RRT*,blocked_road,9,rrt_step,3.0,comp_time,10.50828
RRT*,blocked_road,10,rrt_step,3.0,comp_time,0.8257
RRT*,blocked_road,11,rrt_step,3.0,comp_time,0.64104
RRT*,blocked_road,12,rrt_step,3.0,comp_time,1.09101
RRT*,blocked_road,13,rrt_step,3.0,comp_time,1.87367
RRT*,blocked_road,14,rrt_step,3.0,comp_time,0.82755
RRT*,blocked_road,15,rrt_step,3.0,comp_time,1.54657
RRT*,blocked_road,16,rrt_step,3.0,comp_time,1.16539
RRT*,blocked_road,17,rrt_step,3.0,comp_time,1.41766
RRT*,blocked_road,18,rrt_step,3.0,comp_time,1.08983
RRT*,blocked_road,19,rrt_step,3.0,comp_time,1.70734
RRT*,blocked_road,20,rrt_step,3.0,comp_time,1.74789
RRT*,blocked_road,21,rrt_step,3.0,comp_time,0.54891
RRT*,blocked_road,22,rrt_step,3.0,comp_time,2.00669
RRT*,blocked_road,23,rrt_step,3.0,comp_time,0.94208
RRT*,blocked_road,24,rrt_step,3.0,comp_time,1.33251
RRT*,blocked_road,25,rrt_step,3.0,comp_time,2.63044
RRT*,blocked_road,26,rrt_step,3.0,comp_time,0.97426
RRT*,blocked_road,27,rrt_step,3.0,comp_time,1.83414
RRT*,blocked_road,28,rrt_step,3.0,comp_time,2.59314
RRT*,blocked_road,29,rrt_step,3.0,comp_time,1.83887
RRT*,dense_city,0,rrt_step,3.0,comp_time,3.66843
RRT*,dense_city,1,rrt_step,3.0,comp_time,2.36373
RRT*,dense_city,2,rrt_step,3.0,comp_time,1.35852
RRT*,dense_city,3,rrt_step,3.0,comp_time,4.28011
RRT*,dense_city,4,rrt_step,3.0,comp_time,6.48912
RRT*,dense_city,5,rrt_step,3.0,comp_time,39.4406
RRT*,dense_city,6,rrt_step,3.0,comp_time,26.6452
RRT*,dense_city,7,rrt_step,3.0,comp_time,45.89684
RRT*,dense_city,8,rrt_step,3.0,comp_time,0.4711
RRT*,dense_city,9,rrt_step,3.0,comp_time,1.32246
RRT*,dense_city,10,rrt_step,3.0,comp_time,6.44053
RRT*,dense_city,11,rrt_step,3.0,comp_time,2.11735
RRT*,dense_city,12,rrt_step,3.0,comp_time,1.63228
RRT*,dense_city,13,rrt_step,3.0,comp_time,2.5453
RRT*,dense_city,14,rrt_step,3.0,comp_time,3.14872
RRT*,dense_city,15,rrt_step,3.0,comp_time,2.25893
RRT*,dense_city,16,rrt_step,3.0,comp_time,2.60458
RRT*,dense_city,17,rrt_step,3.0,comp_time,1.12416
RRT*,dense_city,18,rrt_step,3.0,comp_time,3.91265
RRT*,dense_city,19,rrt_step,3.0,comp_time,5.06146
RRT*,dense_city,20,rrt_step,3.0,comp_time,1.87299
RRT*,dense_city,21,rrt_step,3.0,comp_time,0.6472
RRT*,dense_city,22,rrt_step,3.0,comp_time,36.1947
RRT*,dense_city,23,rrt_step,3.0,comp_time,2.98577
RRT*,dense_city,24,rrt_step,3.0,comp_time,0.59717
RRT*,dense_city,25,rrt_step,3.0,comp_time,2.23642
RRT*,dense_city,26,rrt_step,3.0,comp_time,0.96972
RRT*,dense_city,27,rrt_step,3.0,comp_time,3.73316
RRT*,dense_city,28,rrt_step,3.0,comp_time,1.91936
RRT*,dense_city,29,rrt_step,3.0,comp_time,6.92769
RRT*,normal_city,0,rrt_step,4.0,comp_time,0.31506
RRT*,normal_city,1,rrt_step,4.0,comp_time,0.54982
RRT*,normal_city,2,rrt_step,4.0,comp_time,1.06493
RRT*,normal_city,3,rrt_step,4.0,comp_time,0.25659
RRT*,normal_city,4,rrt_step,4.0,comp_time,0.21182
RRT*,normal_city,5,rrt_step,4.0,comp_time,0.41156
RRT*,normal_city,6,rrt_step,4.0,comp_time,0.41929
RRT*,normal_city,7,rrt_step,4.0,comp_time,0.42485
RRT*,normal_city,8,rrt_step,4.0,comp_time,0.74423
RRT*,normal_city,9,rrt_step,4.0,comp_time,0.15888
RRT*,normal_city,10,rrt_step,4.0,comp_time,0.75866
RRT*,normal_city,11,rrt_step,4.0,comp_time,1.12475
RRT*,normal_city,12,rrt_step,4.0,comp_time,1.05833
RRT*,normal_city,13,rrt_step,4.0,comp_time,0.24984
RRT*,normal_city,14,rrt_step,4.0,comp_time,0.38114
RRT*,normal_city,15,rrt_step,4.0,comp_time,0.42838
RRT*,normal_city,16,rrt_step,4.0,comp_time,0.31775
RRT*,normal_city,17,rrt_step,4.0,comp_time,0.68442
RRT*,normal_city,18,rrt_step,4.0,comp_time,0.46022
RRT*,normal_city,19,rrt_step,4.0,comp_time,0.21303
RRT*,normal_city,20,rrt_step,4.0,comp_time,0.17794
RRT*,normal_city,21,rrt_step,4.0,comp_time,0.27312
RRT*,normal_city,22,rrt_step,4.0,comp_time,0.5859
RRT*,normal_city,23,rrt_step,4.0,comp_time,5.44818
RRT*,normal_city,24,rrt_step,4.0,comp_time,0.38056
RRT*,normal_city,25,rrt_step,4.0,comp_time,1.51136
RRT*,normal_city,26,rrt_step,4.0,comp_time,0.44818
RRT*,normal_city,27,rrt_step,4.0,comp_time,0.43911
RRT*,normal_city,28,rrt_step,4.0,comp_time,1.64499
RRT*,normal_city,29,rrt_step,4.0,comp_time,0.4497
RRT*,blocked_road,0,rrt_step,4.0,comp_time,0.97506
RRT*,blocked_road,1,rrt_step,4.0,comp_time,1.41754
RRT*,blocked_road,2,rrt_step,4.0,comp_time,0.72015
RRT*,blocked_road,3,rrt_step,4.0,comp_time,2.04418
RRT*,blocked_road,4,rrt_step,4.0,comp_time,1.87178
RRT*,blocked_road,5,rrt_step,4.0,comp_time,0.90263
RRT*,blocked_road,6,rrt_step,4.0,comp_time,0.73119
RRT*,blocked_road,7,rrt_step,4.0,comp_time,0.93909
RRT*,blocked_road,8,rrt_step,4.0,comp_time,0.34953
RRT*,blocked_road,9,rrt_step,4.0,comp_time,2.10698
RRT*,blocked_road,10,rrt_step,4.0,comp_time,0.30409
RRT*,blocked_road,11,rrt_step,4.0,comp_time,1.39649
RRT*,blocked_road,12,rrt_step,4.0,comp_time,1.03552
RRT*,blocked_road,13,rrt_step,4.0,comp_time,1.30449
RRT*,blocked_road,14,rrt_step,4.0,comp_time,0.54418
RRT*,blocked_road,15,rrt_step,4.0,comp_time,0.93909
RRT*,blocked_road,16,rrt_step,4.0,comp_time,0.95032
RRT*,blocked_road,17,rrt_step,4.0,comp_time,0.4178
RRT*,blocked_road,18,rrt_step,4.0,comp_time,0.30655
RRT*,blocked_road,19,rrt_step,4.0,comp_time,0.14753
RRT*,blocked_road,20,rrt_step,4.0,comp_time,1.48061
RRT*,blocked_road,21,rrt_step,4.0,comp_time,0.32231
RRT*,blocked_road,22,rrt_step,4.0,comp_time,0.57379
RRT*,blocked_road,23,rrt_step,4.0,comp_time,1.50805
RRT*,blocked_road,24,rrt_step,4.0,comp_time,1.25271
RRT*,blocked_road,25,rrt_step,4.0,comp_time,0.64166
RRT*,blocked_road,26,rrt_step,4.0,comp_time,0.28225
RRT*,blocked_road,27,rrt_step,4.0,comp_time,0.58227
RRT*,blocked_road,28,rrt_step,4.0,comp_time,1.23466
RRT*,blocked_road,29,rrt_step,4.0,comp_time,0.23821
RRT*,dense_city,0,rrt_step,4.0,comp_time,0.69092
RRT*,dense_city,1,rrt_step,4.0,comp_time,18.424
RRT*,dense_city,2,rrt_step,4.0,comp_time,0.35536
RRT*,dense_city,3,rrt_step,4.0,comp_time,0.25222
RRT*,dense_city,4,rrt_step,4.0,comp_time,1.23064
RRT*,dense_city,5,rrt_step,4.0,comp_time,38.56865
RRT*,dense_city,6,rrt_step,4.0,comp_time,6.73439
RRT*,dense_city,7,rrt_step,4.0,comp_time,41.35736
RRT*,dense_city,8,rrt_step,4.0,comp_time,0.34708
RRT*,dense_city,9,rrt_step,4.0,comp_time,0.84825
RRT*,dense_city,10,rrt_step,4.0,comp_time,0.22527
RRT*,dense_city,11,rrt_step,4.0,comp_time,0.65879
RRT*,dense_city,12,rrt_step,4.0,comp_time,4.74178
RRT*,dense_city,13,rrt_step,4.0,comp_time,0.80743
RRT*,dense_city,14,rrt_step,4.0,comp_time,1.96888
RRT*,dense_city,15,rrt_step,4.0,comp_time,1.60914
RRT*,dense_city,16,rrt_step,4.0,comp_time,3.10083
RRT*,dense_city,17,rrt_step,4.0,comp_time,0.61527
RRT*,dense_city,18,rrt_step,4.0,comp_time,1.4535
RRT*,dense_city,19,rrt_step,4.0,comp_time,9.83642
RRT*,dense_city,20,rrt_step,4.0,comp_time,1.88347
RRT*,dense_city,21,rrt_step,4.0,comp_time,0.35308
RRT*,dense_city,22,rrt_step,4.0,comp_time,1.04375
RRT*,dense_city,23,rrt_step,4.0,comp_time,1.10654
RRT*,dense_city,24,rrt_step,4.0,comp_time,0.90366
RRT*,dense_city,25,rrt_step,4.0,comp_time,2.0932
RRT*,dense_city,26,rrt_step,4.0,comp_time,1.50677
RRT*,dense_city,27,rrt_step,4.0,comp_time,1.23491
RRT*,dense_city,28,rrt_step,4.0,comp_time,1.27229
RRT*,dense_city,29,rrt_step,4.0,comp_time,1.62666
RRT*,normal_city,0,rrt_step,6.0,comp_time,0.12107
RRT*,normal_city,1,rrt_step,6.0,comp_time,0.28139
RRT*,normal_city,2,rrt_step,6.0,comp_time,0.12828
RRT*,normal_city,3,rrt_step,6.0,comp_time,0.21262
RRT*,normal_city,4,rrt_step,6.0,comp_time,1.39742
RRT*,normal_city,5,rrt_step,6.0,comp_time,0.14479
RRT*,normal_city,6,rrt_step,6.0,comp_time,0.2058
RRT*,normal_city,7,rrt_step,6.0,comp_time,0.78248
RRT*,normal_city,8,rrt_step,6.0,comp_time,0.10909
RRT*,normal_city,9,rrt_step,6.0,comp_time,0.08724
RRT*,normal_city,10,rrt_step,6.0,comp_time,0.2287
RRT*,normal_city,11,rrt_step,6.0,comp_time,0.13652
RRT*,normal_city,12,rrt_step,6.0,comp_time,0.3778
RRT*,normal_city,13,rrt_step,6.0,comp_time,0.16526
RRT*,normal_city,14,rrt_step,6.0,comp_time,0.12818
RRT*,normal_city,15,rrt_step,6.0,comp_time,0.32449
RRT*,normal_city,16,rrt_step,6.0,comp_time,0.09811
RRT*,normal_city,17,rrt_step,6.0,comp_time,0.69428
RRT*,normal_city,18,rrt_step,6.0,comp_time,0.1022
RRT*,normal_city,19,rrt_step,6.0,comp_time,0.12639
RRT*,normal_city,20,rrt_step,6.0,comp_time,0.14434
RRT*,normal_city,21,rrt_step,6.0,comp_time,0.09496
RRT*,normal_city,22,rrt_step,6.0,comp_time,0.30315
RRT*,normal_city,23,rrt_step,6.0,comp_time,0.22849
RRT*,normal_city,24,rrt_step,6.0,comp_time,0.20655
RRT*,normal_city,25,rrt_step,6.0,comp_time,0.19204
RRT*,normal_city,26,rrt_step,6.0,comp_time,0.08893
RRT*,normal_city,27,rrt_step,6.0,comp_time,0.09477
RRT*,normal_city,28,rrt_step,6.0,comp_time,0.21394
RRT*,normal_city,29,rrt_step,6.0,comp_time,0.19582
RRT*,blocked_road,0,rrt_step,6.0,comp_time,0.77662
RRT*,blocked_road,1,rrt_step,6.0,comp_time,0.86381
RRT*,blocked_road,2,rrt_step,6.0,comp_time,3.03973
RRT*,blocked_road,3,rrt_step,6.0,comp_time,0.11154
RRT*,blocked_road,4,rrt_step,6.0,comp_time,0.35287
RRT*,blocked_road,5,rrt_step,6.0,comp_time,1.30343
RRT*,blocked_road,6,rrt_step,6.0,comp_time,0.64084
RRT*,blocked_road,7,rrt_step,6.0,comp_time,0.34538
RRT*,blocked_road,8,rrt_step,6.0,comp_time,0.48339
RRT*,blocked_road,9,rrt_step,6.0,comp_time,0.16647
RRT*,blocked_road,10,rrt_step,6.0,comp_time,0.27073
RRT*,blocked_road,11,rrt_step,6.0,comp_time,0.42879
RRT*,blocked_road,12,rrt_step,6.0,comp_time,0.4925
RRT*,blocked_road,13,rrt_step,6.0,comp_time,0.21211
RRT*,blocked_road,14,rrt_step,6.0,comp_time,0.35661
RRT*,blocked_road,15,rrt_step,6.0,comp_time,0.2521
RRT*,blocked_road,16,rrt_step,6.0,comp_time,0.65659
RRT*,blocked_road,17,rrt_step,6.0,comp_time,0.14111
RRT*,blocked_road,18,rrt_step,6.0,comp_time,0.27086
RRT*,blocked_road,19,rrt_step,6.0,comp_time,0.09483
RRT*,blocked_road,20,rrt_step,6.0,comp_time,0.20324
RRT*,blocked_road,21,rrt_step,6.0,comp_time,0.19163
RRT*,blocked_road,22,rrt_step,6.0,comp_time,0.18011
RRT*,blocked_road,23,rrt_step,6.0,comp_time,0.7039
RRT*,blocked_road,24,rrt_step,6.0,comp_time,0.29957
RRT*,blocked_road,25,rrt_step,6.0,comp_time,0.24185
RRT*,blocked_road,26,rrt_step,6.0,comp_time,0.26471
RRT*,blocked_road,27,rrt_step,6.0,comp_time,0.40373
RRT*,blocked_road,28,rrt_step,6.0,comp_time,0.142
RRT*,blocked_road,29,rrt_step,6.0,comp_time,0.16153
RRT*,dense_city,0,rrt_step,6.0,comp_time,2.17509
RRT*,dense_city,1,rrt_step,6.0,comp_time,2.97914
RRT*,dense_city,2,rrt_step,6.0,comp_time,0.36447
RRT*,dense_city,3,rrt_step,6.0,comp_time,0.35819
RRT*,dense_city,4,rrt_step,6.0,comp_time,0.61976
RRT*,dense_city,5,rrt_step,6.0,comp_time,33.56497
RRT*,dense_city,6,rrt_step,6.0,comp_time,6.62643
RRT*,dense_city,7,rrt_step,6.0,comp_time,38.60026
RRT*,dense_city,8,rrt_step,6.0,comp_time,0.224
RRT*,dense_city,9,rrt_step,6.0,comp_time,0.75388
RRT*,dense_city,10,rrt_step,6.0,comp_time,0.16548
RRT*,dense_city,11,rrt_step,6.0,comp_time,0.73685
RRT*,dense_city,12,rrt_step,6.0,comp_time,1.23808
RRT*,dense_city,13,rrt_step,6.0,comp_time,1.29588
RRT*,dense_city,14,rrt_step,6.0,comp_time,0.38959
RRT*,dense_city,15,rrt_step,6.0,comp_time,2.49755
RRT*,dense_city,16,rrt_step,6.0,comp_time,0.33804
RRT*,dense_city,17,rrt_step,6.0,comp_time,0.47458
RRT*,dense_city,18,rrt_step,6.0,comp_time,6.06065
RRT*,dense_city,19,rrt_step,6.0,comp_time,1.77191
RRT*,dense_city,20,rrt_step,6.0,comp_time,1.27391
RRT*,dense_city,21,rrt_step,6.0,comp_time,0.16838
RRT*,dense_city,22,rrt_step,6.0,comp_time,9.62123
RRT*,dense_city,23,rrt_step,6.0,comp_time,0.46055
RRT*,dense_city,24,rrt_step,6.0,comp_time,0.44746
RRT*,dense_city,25,rrt_step,6.0,comp_time,0.61769
RRT*,dense_city,26,rrt_step,6.0,comp_time,0.16408
RRT*,dense_city,27,rrt_step,6.0,comp_time,2.07421
RRT*,dense_city,28,rrt_step,6.0,comp_time,0.72431
RRT*,dense_city,29,rrt_step,6.0,comp_time,0.73423
RRT*,normal_city,0,rrt_step,9.0,comp_time,0.56817
RRT*,normal_city,1,rrt_step,9.0,comp_time,0.20008
RRT*,normal_city,2,rrt_step,9.0,comp_time,0.53937
RRT*,normal_city,3,rrt_step,9.0,comp_time,0.05386
RRT*,normal_city,4,rrt_step,9.0,comp_time,0.20984
RRT*,normal_city,5,rrt_step,9.0,comp_time,0.37566
RRT*,normal_city,6,rrt_step,9.0,comp_time,0.44778
RRT*,normal_city,7,rrt_step,9.0,comp_time,0.24993
RRT*,normal_city,8,rrt_step,9.0,comp_time,0.07689
RRT*,normal_city,9,rrt_step,9.0,comp_time,0.07198
RRT*,normal_city,10,rrt_step,9.0,comp_time,0.03706
RRT*,normal_city,11,rrt_step,9.0,comp_time,0.12741
RRT*,normal_city,12,rrt_step,9.0,comp_time,0.29378
RRT*,normal_city,13,rrt_step,9.0,comp_time,0.09998
RRT*,normal_city,14,rrt_step,9.0,comp_time,0.14352
RRT*,normal_city,15,rrt_step,9.0,comp_time,0.21853
RRT*,normal_city,16,rrt_step,9.0,comp_time,0.32963
RRT*,normal_city,17,rrt_step,9.0,comp_time,0.12295
RRT*,normal_city,18,rrt_step,9.0,comp_time,0.06937
RRT*,normal_city,19,rrt_step,9.0,comp_time,0.07266
RRT*,normal_city,20,rrt_step,9.0,comp_time,0.06888
RRT*,normal_city,21,rrt_step,9.0,comp_time,0.16699
RRT*,normal_city,22,rrt_step,9.0,comp_time,0.22927
RRT*,normal_city,23,rrt_step,9.0,comp_time,0.1212
RRT*,normal_city,24,rrt_step,9.0,comp_time,0.08155
RRT*,normal_city,25,rrt_step,9.0,comp_time,0.16627
RRT*,normal_city,26,rrt_step,9.0,comp_time,0.16977
RRT*,normal_city,27,rrt_step,9.0,comp_time,0.06878
RRT*,normal_city,28,rrt_step,9.0,comp_time,0.08963
RRT*,normal_city,29,rrt_step,9.0,comp_time,0.31287
RRT*,blocked_road,0,rrt_step,9.0,comp_time,1.15808
RRT*,blocked_road,1,rrt_step,9.0,comp_time,0.46387
RRT*,blocked_road,2,rrt_step,9.0,comp_time,0.58267
RRT*,blocked_road,3,rrt_step,9.0,comp_time,0.06127
RRT*,blocked_road,4,rrt_step,9.0,comp_time,0.41344
RRT*,blocked_road,5,rrt_step,9.0,comp_time,0.79784
RRT*,blocked_road,6,rrt_step,9.0,comp_time,0.07413
RRT*,blocked_road,7,rrt_step,9.0,comp_time,0.79749
RRT*,blocked_road,8,rrt_step,9.0,comp_time,0.20216
RRT*,blocked_road,9,rrt_step,9.0,comp_time,0.16353
RRT*,blocked_road,10,rrt_step,9.0,comp_time,0.09892
RRT*,blocked_road,11,rrt_step,9.0,comp_time,0.31041
RRT*,blocked_road,12,rrt_step,9.0,comp_time,0.12239
RRT*,blocked_road,13,rrt_step,9.0,comp_time,0.07966
RRT*,blocked_road,14,rrt_step,9.0,comp_time,0.14122
RRT*,blocked_road,15,rrt_step,9.0,comp_time,0.26809
RRT*,blocked_road,16,rrt_step,9.0,comp_time,0.55375
RRT*,blocked_road,17,rrt_step,9.0,comp_time,0.25696
RRT*,blocked_road,18,rrt_step,9.0,comp_time,0.05753
RRT*,blocked_road,19,rrt_step,9.0,comp_time,0.10097
RRT*,blocked_road,20,rrt_step,9.0,comp_time,0.08204
RRT*,blocked_road,21,rrt_step,9.0,comp_time,0.05952
RRT*,blocked_road,22,rrt_step,9.0,comp_time,0.16176
RRT*,blocked_road,23,rrt_step,9.0,comp_time,0.71911
RRT*,blocked_road,24,rrt_step,9.0,comp_time,0.21734
RRT*,blocked_road,25,rrt_step,9.0,comp_time,0.17547
RRT*,blocked_road,26,rrt_step,9.0,comp_time,0.19821
RRT*,blocked_road,27,rrt_step,9.0,comp_time,0.21539
RRT*,blocked_road,28,rrt_step,9.0,comp_time,0.10225
RRT*,blocked_road,29,rrt_step,9.0,comp_time,0.05052
RRT*,dense_city,0,rrt_step,9.0,comp_time,0.87572
RRT*,dense_city,1,rrt_step,9.0,comp_time,0.27722
RRT*,dense_city,2,rrt_step,9.0,comp_time,0.33233
RRT*,dense_city,3,rrt_step,9.0,comp_time,0.31242
RRT*,dense_city,4,rrt_step,9.0,comp_time,1.5028
RRT*,dense_city,5,rrt_step,9.0,comp_time,35.74325
RRT*,dense_city,6,rrt_step,9.0,comp_time,0.69705
RRT*,dense_city,7,rrt_step,9.0,comp_time,37.43599
RRT*,dense_city,8,rrt_step,9.0,comp_time,0.57517
RRT*,dense_city,9,rrt_step,9.0,comp_time,0.74172
RRT*,dense_city,10,rrt_step,9.0,comp_time,0.23476
RRT*,dense_city,11,rrt_step,9.0,comp_time,1.29531
RRT*,dense_city,12,rrt_step,9.0,comp_time,0.52741
RRT*,dense_city,13,rrt_step,9.0,comp_time,0.66563
RRT*,dense_city,14,rrt_step,9.0,comp_time,0.53092
RRT*,dense_city,15,rrt_step,9.0,comp_time,0.14162
RRT*,dense_city,16,rrt_step,9.0,comp_time,1.25659
RRT*,dense_city,17,rrt_step,9.0,comp_time,0.57995
RRT*,dense_city,18,rrt_step,9.0,comp_time,5.95048
RRT*,dense_city,19,rrt_step,9.0,comp_time,0.36876
RRT*,dense_city,20,rrt_step,9.0,comp_time,0.52561
RRT*,dense_city,21,rrt_step,9.0,comp_time,1.38105
RRT*,dense_city,22,rrt_step,9.0,comp_time,1.428
RRT*,dense_city,23,rrt_step,9.0,comp_time,5.51306
RRT*,dense_city,24,rrt_step,9.0,comp_time,0.39994
RRT*,dense_city,25,rrt_step,9.0,comp_time,0.8109
RRT*,dense_city,26,rrt_step,9.0,comp_time,0.25958
RRT*,dense_city,27,rrt_step,9.0,comp_time,0.14429
RRT*,dense_city,28,rrt_step,9.0,comp_time,1.49627
RRT*,dense_city,29,rrt_step,9.0,comp_time,0.94943
