planner,scenario,instance,parameter,value,metric,result
APF,normal_city,0,apf_rho0,1.5,success,0.0
APF,normal_city,1,apf_rho0,1.5,success,0.0
APF,normal_city,2,apf_rho0,1.5,success,0.0
APF,normal_city,3,apf_rho0,1.5,success,0.0
APF,normal_city,4,apf_rho0,1.5,success,0.0
APF,normal_city,5,apf_rho0,1.5,success,0.0
APF,normal_city,6,apf_rho0,1.5,success,0.0
APF,normal_city,7,apf_rho0,1.5,success,0.0
APF,normal_city,8,apf_rho0,1.5,success,0.0
APF,normal_city,9,apf_rho0,1.5,success,0.0
APF,normal_city,10,apf_rho0,1.5,success,0.0
APF,normal_city,11,apf_rho0,1.5,success,0.0
APF,normal_city,12,apf_rho0,1.5,success,0.0
APF,normal_city,13,apf_rho0,1.5,success,0.0
APF,normal_city,14,apf_rho0,1.5,success,0.0
APF,normal_city,15,apf_rho0,1.5,success,0.0
APF,normal_city,16,apf_rho0,1.5,success,0.0
APF,normal_city,17,apf_rho0,1.5,success,0.0
APF,normal_city,18,apf_rho0,1.5,success,0.0
APF,normal_city,19,apf_rho0,1.5,success,0.0
APF,normal_city,20,apf_rho0,1.5,success,0.0
APF,normal_city,21,apf_rho0,1.5,success,0.0
APF,normal_city,22,apf_rho0,1.5,success,0.0
APF,normal_city,23,apf_rho0,1.5,success,0.0
APF,normal_city,24,apf_rho0,1.5,success,0.0
APF,normal_city,25,apf_rho0,1.5,success,0.0
APF,normal_city,26,apf_rho0,1.5,success,0.0
APF,normal_city,27,apf_rho0,1.5,success,0.0
APF,normal_city,28,apf_rho0,1.5,success,0.0
APF,normal_city,29,apf_rho0,1.5,success,0.0
APF,blocked_road,0,apf_rho0,1.5,success,0.0
APF,blocked_road,1,apf_rho0,1.5,success,0.0
APF,blocked_road,2,apf_rho0,1.5,success,0.0
APF,blocked_road,3,apf_rho0,1.5,success,0.0
APF,blocked_road,4,apf_rho0,1.5,success,0.0
APF,blocked_road,5,apf_rho0,1.5,success,0.0
APF,blocked_road,6,apf_rho0,1.5,success,0.0
APF,blocked_road,7,apf_rho0,1.5,success,0.0
APF,blocked_road,8,apf_rho0,1.5,success,0.0
APF,blocked_road,9,apf_rho0,1.5,success,0.0
APF,blocked_road,10,apf_rho0,1.5,success,0.0
APF,blocked_road,11,apf_rho0,1.5,success,0.0
APF,blocked_road,12,apf_rho0,1.5,success,0.0
APF,blocked_road,13,apf_rho0,1.5,success,0.0
APF,blocked_road,14,apf_rho0,1.5,success,0.0
APF,blocked_road,15,apf_rho0,1.5,success,0.0
APF,blocked_road,16,apf_rho0,1.5,success,0.0
APF,blocked_road,17,apf_rho0,1.5,success,0.0
APF,blocked_road,18,apf_rho0,1.5,success,0.0
APF,blocked_road,19,apf_rho0,1.5,success,0.0
APF,blocked_road,20,apf_rho0,1.5,success,0.0
APF,blocked_road,21,apf_rho0,1.5,success,0.0
APF,blocked_road,22,apf_rho0,1.5,success,0.0
APF,blocked_road,23,apf_rho0,1.5,success,0.0
APF,blocked_road,24,apf_rho0,1.5,success,0.0
APF,blocked_road,25,apf_rho0,1.5,success,0.0
APF,blocked_road,26,apf_rho0,1.5,success,0.0
APF,blocked_road,27,apf_rho0,1.5,success,0.0
APF,blocked_road,28,apf_rho0,1.5,success,0.0
APF,blocked_road,29,apf_rho0,1.5,success,0.0
APF,dense_city,0,apf_rho0,1.5,success,0.0
APF,dense_city,1,apf_rho0,1.5,success,0.0
APF,dense_city,2,apf_rho0,1.5,success,0.0
APF,dense_city,3,apf_rho0,1.5,success,0.0
APF,dense_city,4,apf_rho0,1.5,success,0.0
APF,dense_city,5,apf_rho0,1.5,success,0.0
APF,dense_city,6,apf_rho0,1.5,success,0.0
APF,dense_city,7,apf_rho0,1.5,success,0.0
APF,dense_city,8,apf_rho0,1.5,success,0.0
APF,dense_city,9,apf_rho0,1.5,success,0.0
APF,dense_city,10,apf_rho0,1.5,success,0.0
APF,dense_city,11,apf_rho0,1.5,success,0.0
APF,dense_city,12,apf_rho0,1.5,success,0.0
APF,dense_city,13,apf_rho0,1.5,success,0.0
APF,dense_city,14,apf_rho0,1.5,success,0.0
APF,dense_city,15,apf_rho0,1.5,success,0.0
APF,dense_city,16,apf_rho0,1.5,success,0.0
APF,dense_city,17,apf_rho0,1.5,success,0.0
APF,dense_city,18,apf_rho0,1.5,success,0.0
APF,dense_city,19,apf_rho0,1.5,success,0.0
APF,dense_city,20,apf_rho0,1.5,success,0.0
APF,dense_city,21,apf_rho0,1.5,success,0.0
APF,dense_city,22,apf_rho0,1.5,success,0.0
APF,dense_city,23,apf_rho0,1.5,success,0.0
APF,dense_city,24,apf_rho0,1.5,success,0.0
APF,dense_city,25,apf_rho0,1.5,success,0.0
APF,dense_city,26,apf_rho0,1.5,success,0.0
APF,dense_city,27,apf_rho0,1.5,success,0.0
APF,dense_city,28,apf_rho0,1.5,success,0.0
APF,dense_city,29,apf_rho0,1.5,success,0.0
APF,normal_city,0,apf_rho0,2.0,success,0.0
APF,normal_city,1,apf_rho0,2.0,success,0.0
APF,normal_city,2,apf_rho0,2.0,success,0.0
APF,normal_city,3,apf_rho0,2.0,success,0.0
APF,normal_city,4,apf_rho0,2.0,success,0.0
APF,normal_city,5,apf_rho0,2.0,success,0.0
APF,normal_city,6,apf_rho0,2.0,success,0.0
APF,normal_city,7,apf_rho0,2.0,success,0.0
APF,normal_city,8,apf_rho0,2.0,success,0.0
APF,normal_city,9,apf_rho0,2.0,success,0.0
APF,normal_city,10,apf_rho0,2.0,success,0.0
APF,normal_city,11,apf_rho0,2.0,success,0.0
APF,normal_city,12,apf_rho0,2.0,success,0.0
APF,normal_city,13,apf_rho0,2.0,success,0.0
APF,normal_city,14,apf_rho0,2.0,success,0.0
APF,normal_city,15,apf_rho0,2.0,success,0.0
APF,normal_city,16,apf_rho0,2.0,success,0.0
APF,normal_city,17,apf_rho0,2.0,success,0.0
APF,normal_city,18,apf_rho0,2.0,success,0.0
APF,normal_city,19,apf_rho0,2.0,success,0.0
APF,normal_city,20,apf_rho0,2.0,success,0.0
APF,normal_city,21,apf_rho0,2.0,success,0.0
APF,normal_city,22,apf_rho0,2.0,success,0.0
APF,normal_city,23,apf_rho0,2.0,success,0.0
APF,normal_city,24,apf_rho0,2.0,success,0.0
APF,normal_city,25,apf_rho0,2.0,success,0.0
APF,normal_city,26,apf_rho0,2.0,success,0.0
APF,normal_city,27,apf_rho0,2.0,success,0.0
APF,normal_city,28,apf_rho0,2.0,success,0.0
APF,normal_city,29,apf_rho0,2.0,success,0.0
APF,blocked_road,0,apf_rho0,2.0,success,0.0
APF,blocked_road,1,apf_rho0,2.0,success,0.0
APF,blocked_road,2,apf_rho0,2.0,success,0.0
APF,blocked_road,3,apf_rho0,2.0,success,0.0
APF,blocked_road,4,apf_rho0,2.0,success,0.0
APF,blocked_road,5,apf_rho0,2.0,success,0.0
APF,blocked_road,6,apf_rho0,2.0,success,0.0
APF,blocked_road,7,apf_rho0,2.0,success,0.0
APF,blocked_road,8,apf_rho0,2.0,success,0.0
APF,blocked_road,9,apf_rho0,2.0,success,0.0
APF,blocked_road,10,apf_rho0,2.0,success,0.0
APF,blocked_road,11,apf_rho0,2.0,success,0.0
APF,blocked_road,12,apf_rho0,2.0,success,0.0
APF,blocked_road,13,apf_rho0,2.0,success,0.0
APF,blocked_road,14,apf_rho0,2.0,success,0.0
APF,blocked_road,15,apf_rho0,2.0,success,0.0
APF,blocked_road,16,apf_rho0,2.0,success,0.0
APF,blocked_road,17,apf_rho0,2.0,success,0.0
APF,blocked_road,18,apf_rho0,2.0,success,0.0
APF,blocked_road,19,apf_rho0,2.0,success,0.0
APF,blocked_road,20,apf_rho0,2.0,success,0.0
APF,blocked_road,21,apf_rho0,2.0,success,0.0
APF,blocked_road,22,apf_rho0,2.0,success,0.0
APF,blocked_road,23,apf_rho0,2.0,success,0.0
APF,blocked_road,24,apf_rho0,2.0,success,0.0
APF,blocked_road,25,apf_rho0,2.0,success,0.0
APF,blocked_road,26,apf_rho0,2.0,success,0.0
APF,blocked_road,27,apf_rho0,2.0,success,0.0
APF,blocked_road,28,apf_rho0,2.0,success,0.0
APF,blocked_road,29,apf_rho0,2.0,success,0.0
APF,dense_city,0,apf_rho0,2.0,success,0.0
APF,dense_city,1,apf_rho0,2.0,success,0.0
APF,dense_city,2,apf_rho0,2.0,success,0.0
APF,dense_city,3,apf_rho0,2.0,success,0.0
APF,dense_city,4,apf_rho0,2.0,success,0.0
APF,dense_city,5,apf_rho0,2.0,success,0.0
APF,dense_city,6,apf_rho0,2.0,success,0.0
APF,dense_city,7,apf_rho0,2.0,success,0.0
APF,dense_city,8,apf_rho0,2.0,success,0.0
APF,dense_city,9,apf_rho0,2.0,success,0.0
APF,dense_city,10,apf_rho0,2.0,success,0.0
APF,dense_city,11,apf_rho0,2.0,success,0.0
APF,dense_city,12,apf_rho0,2.0,success,0.0
APF,dense_city,13,apf_rho0,2.0,success,0.0
APF,dense_city,14,apf_rho0,2.0,success,0.0
APF,dense_city,15,apf_rho0,2.0,success,0.0
APF,dense_city,16,apf_rho0,2.0,success,0.0
APF,dense_city,17,apf_rho0,2.0,success,0.0
APF,dense_city,18,apf_rho0,2.0,success,0.0
APF,dense_city,19,apf_rho0,2.0,success,0.0
APF,dense_city,20,apf_rho0,2.0,success,0.0
APF,dense_city,21,apf_rho0,2.0,success,0.0
APF,dense_city,22,apf_rho0,2.0,success,0.0
APF,dense_city,23,apf_rho0,2.0,success,0.0
APF,dense_city,24,apf_rho0,2.0,success,0.0
APF,dense_city,25,apf_rho0,2.0,success,0.0
APF,dense_city,26,apf_rho0,2.0,success,0.0
APF,dense_city,27,apf_rho0,2.0,success,0.0
APF,dense_city,28,apf_rho0,2.0,success,0.0
APF,dense_city,29,apf_rho0,2.0,success,0.0
APF,normal_city,0,apf_rho0,3.0,success,1.0
APF,normal_city,1,apf_rho0,3.0,success,1.0
APF,normal_city,2,apf_rho0,3.0,success,1.0
APF,normal_city,3,apf_rho0,3.0,success,1.0
APF,normal_city,4,apf_rho0,3.0,success,1.0
APF,normal_city,5,apf_rho0,3.0,success,1.0
APF,normal_city,6,apf_rho0,3.0,success,0.0
APF,normal_city,7,apf_rho0,3.0,success,1.0
APF,normal_city,8,apf_rho0,3.0,success,1.0
APF,normal_city,9,apf_rho0,3.0,success,0.0
APF,normal_city,10,apf_rho0,3.0,success,1.0
APF,normal_city,11,apf_rho0,3.0,success,1.0
APF,normal_city,12,apf_rho0,3.0,success,0.0
APF,normal_city,13,apf_rho0,3.0,success,1.0
APF,normal_city,14,apf_rho0,3.0,success,1.0
APF,normal_city,15,apf_rho0,3.0,success,1.0
APF,normal_city,16,apf_rho0,3.0,success,1.0
APF,normal_city,17,apf_rho0,3.0,success,0.0
APF,normal_city,18,apf_rho0,3.0,success,1.0
APF,normal_city,19,apf_rho0,3.0,success,0.0
APF,normal_city,20,apf_rho0,3.0,success,1.0
APF,normal_city,21,apf_rho0,3.0,success,1.0
APF,normal_city,22,apf_rho0,3.0,success,1.0
APF,normal_city,23,apf_rho0,3.0,success,0.0
APF,normal_city,24,apf_rho0,3.0,success,1.0
APF,normal_city,25,apf_rho0,3.0,success,1.0
APF,normal_city,26,apf_rho0,3.0,success,1.0
APF,normal_city,27,apf_rho0,3.0,success,1.0
APF,normal_city,28,apf_rho0,3.0,success,1.0
APF,normal_city,29,apf_rho0,3.0,success,1.0
APF,blocked_road,0,apf_rho0,3.0,success,0.0
APF,blocked_road,1,apf_rho0,3.0,success,0.0
APF,blocked_road,2,apf_rho0,3.0,success,0.0
APF,blocked_road,3,apf_rho0,3.0,success,0.0
APF,blocked_road,4,apf_rho0,3.0,success,0.0
APF,blocked_road,5,apf_rho0,3.0,success,0.0
APF,blocked_road,6,apf_rho0,3.0,success,0.0
APF,blocked_road,7,apf_rho0,3.0,success,1.0
APF,blocked_road,8,apf_rho0,3.0,success,0.0
APF,blocked_road,9,apf_rho0,3.0,success,0.0
APF,blocked_road,10,apf_rho0,3.0,success,0.0
APF,blocked_road,11,apf_rho0,3.0,success,0.0
APF,blocked_road,12,apf_rho0,3.0,success,0.0
APF,blocked_road,13,apf_rho0,3.0,success,1.0
APF,blocked_road,14,apf_rho0,3.0,success,0.0
APF,blocked_road,15,apf_rho0,3.0,success,0.0
APF,blocked_road,16,apf_rho0,3.0,success,0.0
APF,blocked_road,17,apf_rho0,3.0,success,0.0
APF,blocked_road,18,apf_rho0,3.0,success,1.0
APF,blocked_road,19,apf_rho0,3.0,success,0.0
APF,blocked_road,20,apf_rho0,3.0,success,0.0
APF,blocked_road,21,apf_rho0,3.0,success,0.0
APF,blocked_road,22,apf_rho0,3.0,success,0.0
APF,blocked_road,23,apf_rho0,3.0,success,0.0
APF,blocked_road,24,apf_rho0,3.0,success,0.0
APF,blocked_road,25,apf_rho0,3.0,success,1.0
APF,blocked_road,26,apf_rho0,3.0,success,0.0
APF,blocked_road,27,apf_rho0,3.0,success,0.0
APF,blocked_road,28,apf_rho0,3.0,success,0.0
APF,blocked_road,29,apf_rho0,3.0,success,0.0
APF,dense_city,0,apf_rho0,3.0,success,0.0
APF,dense_city,1,apf_rho0,3.0,success,0.0
APF,dense_city,2,apf_rho0,3.0,success,0.0
APF,dense_city,3,apf_rho0,3.0,success,0.0
APF,dense_city,4,apf_rho0,3.0,success,0.0
APF,dense_city,5,apf_rho0,3.0,success,0.0
APF,dense_city,6,apf_rho0,3.0,success,0.0
APF,dense_city,7,apf_rho0,3.0,success,0.0
APF,dense_city,8,apf_rho0,3.0,success,0.0
APF,dense_city,9,apf_rho0,3.0,success,0.0
APF,dense_city,10,apf_rho0,3.0,success,0.0
APF,dense_city,11,apf_rho0,3.0,success,0.0
APF,dense_city,12,apf_rho0,3.0,success,0.0
APF,dense_city,13,apf_rho0,3.0,success,0.0
APF,dense_city,14,apf_rho0,3.0,success,0.0
APF,dense_city,15,apf_rho0,3.0,success,0.0
APF,dense_city,16,apf_rho0,3.0,success,0.0
APF,dense_city,17,apf_rho0,3.0,success,0.0
APF,dense_city,18,apf_rho0,3.0,success,0.0
APF,dense_city,19,apf_rho0,3.0,success,0.0
APF,dense_city,20,apf_rho0,3.0,success,0.0
APF,dense_city,21,apf_rho0,3.0,success,0.0
APF,dense_city,22,apf_rho0,3.0,success,0.0
APF,dense_city,23,apf_rho0,3.0,success,0.0
APF,dense_city,24,apf_rho0,3.0,success,0.0
APF,dense_city,25,apf_rho0,3.0,success,0.0
APF,dense_city,26,apf_rho0,3.0,success,0.0
APF,dense_city,27,apf_rho0,3.0,success,0.0
APF,dense_city,28,apf_rho0,3.0,success,0.0
APF,dense_city,29,apf_rho0,3.0,success,0.0
APF,normal_city,0,apf_rho0,4.5,success,1.0
APF,normal_city,1,apf_rho0,4.5,success,1.0
APF,normal_city,2,apf_rho0,4.5,success,1.0
APF,normal_city,3,apf_rho0,4.5,success,1.0
APF,normal_city,4,apf_rho0,4.5,success,1.0
APF,normal_city,5,apf_rho0,4.5,success,1.0
APF,normal_city,6,apf_rho0,4.5,success,0.0
APF,normal_city,7,apf_rho0,4.5,success,1.0
APF,normal_city,8,apf_rho0,4.5,success,1.0
APF,normal_city,9,apf_rho0,4.5,success,0.0
APF,normal_city,10,apf_rho0,4.5,success,1.0
APF,normal_city,11,apf_rho0,4.5,success,1.0
APF,normal_city,12,apf_rho0,4.5,success,0.0
APF,normal_city,13,apf_rho0,4.5,success,1.0
APF,normal_city,14,apf_rho0,4.5,success,1.0
APF,normal_city,15,apf_rho0,4.5,success,1.0
APF,normal_city,16,apf_rho0,4.5,success,1.0
APF,normal_city,17,apf_rho0,4.5,success,0.0
APF,normal_city,18,apf_rho0,4.5,success,1.0
APF,normal_city,19,apf_rho0,4.5,success,0.0
APF,normal_city,20,apf_rho0,4.5,success,1.0
APF,normal_city,21,apf_rho0,4.5,success,1.0
APF,normal_city,22,apf_rho0,4.5,success,1.0
APF,normal_city,23,apf_rho0,4.5,success,0.0
APF,normal_city,24,apf_rho0,4.5,success,1.0
APF,normal_city,25,apf_rho0,4.5,success,1.0
APF,normal_city,26,apf_rho0,4.5,success,1.0
APF,normal_city,27,apf_rho0,4.5,success,1.0
APF,normal_city,28,apf_rho0,4.5,success,1.0
APF,normal_city,29,apf_rho0,4.5,success,1.0
APF,blocked_road,0,apf_rho0,4.5,success,0.0
APF,blocked_road,1,apf_rho0,4.5,success,0.0
APF,blocked_road,2,apf_rho0,4.5,success,0.0
APF,blocked_road,3,apf_rho0,4.5,success,0.0
APF,blocked_road,4,apf_rho0,4.5,success,0.0
APF,blocked_road,5,apf_rho0,4.5,success,0.0
APF,blocked_road,6,apf_rho0,4.5,success,0.0
APF,blocked_road,7,apf_rho0,4.5,success,1.0
APF,blocked_road,8,apf_rho0,4.5,success,0.0
APF,blocked_road,9,apf_rho0,4.5,success,0.0
APF,blocked_road,10,apf_rho0,4.5,success,0.0
APF,blocked_road,11,apf_rho0,4.5,success,0.0
APF,blocked_road,12,apf_rho0,4.5,success,0.0
APF,blocked_road,13,apf_rho0,4.5,success,1.0
APF,blocked_road,14,apf_rho0,4.5,success,0.0
APF,blocked_road,15,apf_rho0,4.5,success,0.0
APF,blocked_road,16,apf_rho0,4.5,success,0.0
APF,blocked_road,17,apf_rho0,4.5,success,0.0
APF,blocked_road,18,apf_rho0,4.5,success,1.0
APF,blocked_road,19,apf_rho0,4.5,success,0.0
APF,blocked_road,20,apf_rho0,4.5,success,0.0
APF,blocked_road,21,apf_rho0,4.5,success,0.0
APF,blocked_road,22,apf_rho0,4.5,success,0.0
APF,blocked_road,23,apf_rho0,4.5,success,0.0
APF,blocked_road,24,apf_rho0,4.5,success,0.0
APF,blocked_road,25,apf_rho0,4.5,success,0.0
APF,blocked_road,26,apf_rho0,4.5,success,0.0
APF,blocked_road,27,apf_rho0,4.5,success,0.0
APF,blocked_road,28,apf_rho0,4.5,success,0.0
APF,blocked_road,29,apf_rho0,4.5,success,0.0
APF,dense_city,0,apf_rho0,4.5,success,0.0
APF,dense_city,1,apf_rho0,4.5,success,0.0
APF,dense_city,2,apf_rho0,4.5,success,0.0
APF,dense_city,3,apf_rho0,4.5,success,0.0
APF,dense_city,4,apf_rho0,4.5,success,0.0
APF,dense_city,5,apf_rho0,4.5,success,0.0
APF,dense_city,6,apf_rho0,4.5,success,0.0
APF,dense_city,7,apf_rho0,4.5,success,0.0
APF,dense_city,8,apf_rho0,4.5,success,1.0
APF,dense_city,9,apf_rho0,4.5,success,0.0
APF,dense_city,10,apf_rho0,4.5,success,1.0
APF,dense_city,11,apf_rho0,4.5,success,0.0
APF,dense_city,12,apf_rho0,4.5,success,0.0
APF,dense_city,13,apf_rho0,4.5,success,0.0
APF,dense_city,14,apf_rho0,4.5,success,0.0
APF,dense_city,15,apf_rho0,4.5,success,0.0
APF,dense_city,16,apf_rho0,4.5,success,0.0
APF,dense_city,17,apf_rho0,4.5,success,0.0
APF,dense_city,18,apf_rho0,4.5,success,0.0
APF,dense_city,19,apf_rho0,4.5,success,0.0
APF,dense_city,20,apf_rho0,4.5,success,1.0
APF,dense_city,21,apf_rho0,4.5,success,1.0
APF,dense_city,22,apf_rho0,4.5,success,0.0
APF,dense_city,23,apf_rho0,4.5,success,0.0
APF,dense_city,24,apf_rho0,4.5,success,0.0
APF,dense_city,25,apf_rho0,4.5,success,0.0
APF,dense_city,26,apf_rho0,4.5,success,0.0
APF,dense_city,27,apf_rho0,4.5,success,0.0
APF,dense_city,28,apf_rho0,4.5,success,0.0
APF,dense_city,29,apf_rho0,4.5,success,0.0
APF,normal_city,0,apf_rho0,6.0,success,1.0
APF,normal_city,1,apf_rho0,6.0,success,1.0
APF,normal_city,2,apf_rho0,6.0,success,1.0
APF,normal_city,3,apf_rho0,6.0,success,1.0
APF,normal_city,4,apf_rho0,6.0,success,1.0
APF,normal_city,5,apf_rho0,6.0,success,1.0
APF,normal_city,6,apf_rho0,6.0,success,0.0
APF,normal_city,7,apf_rho0,6.0,success,1.0
APF,normal_city,8,apf_rho0,6.0,success,1.0
APF,normal_city,9,apf_rho0,6.0,success,0.0
APF,normal_city,10,apf_rho0,6.0,success,1.0
APF,normal_city,11,apf_rho0,6.0,success,1.0
APF,normal_city,12,apf_rho0,6.0,success,0.0
APF,normal_city,13,apf_rho0,6.0,success,1.0
APF,normal_city,14,apf_rho0,6.0,success,1.0
APF,normal_city,15,apf_rho0,6.0,success,1.0
APF,normal_city,16,apf_rho0,6.0,success,1.0
APF,normal_city,17,apf_rho0,6.0,success,0.0
APF,normal_city,18,apf_rho0,6.0,success,1.0
APF,normal_city,19,apf_rho0,6.0,success,0.0
APF,normal_city,20,apf_rho0,6.0,success,1.0
APF,normal_city,21,apf_rho0,6.0,success,1.0
APF,normal_city,22,apf_rho0,6.0,success,1.0
APF,normal_city,23,apf_rho0,6.0,success,0.0
APF,normal_city,24,apf_rho0,6.0,success,1.0
APF,normal_city,25,apf_rho0,6.0,success,1.0
APF,normal_city,26,apf_rho0,6.0,success,1.0
APF,normal_city,27,apf_rho0,6.0,success,1.0
APF,normal_city,28,apf_rho0,6.0,success,1.0
APF,normal_city,29,apf_rho0,6.0,success,1.0
APF,blocked_road,0,apf_rho0,6.0,success,0.0
APF,blocked_road,1,apf_rho0,6.0,success,0.0
APF,blocked_road,2,apf_rho0,6.0,success,0.0
APF,blocked_road,3,apf_rho0,6.0,success,0.0
APF,blocked_road,4,apf_rho0,6.0,success,0.0
APF,blocked_road,5,apf_rho0,6.0,success,0.0
APF,blocked_road,6,apf_rho0,6.0,success,0.0
APF,blocked_road,7,apf_rho0,6.0,success,1.0
APF,blocked_road,8,apf_rho0,6.0,success,0.0
APF,blocked_road,9,apf_rho0,6.0,success,0.0
APF,blocked_road,10,apf_rho0,6.0,success,0.0
APF,blocked_road,11,apf_rho0,6.0,success,0.0
APF,blocked_road,12,apf_rho0,6.0,success,0.0
APF,blocked_road,13,apf_rho0,6.0,success,1.0
APF,blocked_road,14,apf_rho0,6.0,success,0.0
APF,blocked_road,15,apf_rho0,6.0,success,0.0
APF,blocked_road,16,apf_rho0,6.0,success,0.0
APF,blocked_road,17,apf_rho0,6.0,success,0.0
APF,blocked_road,18,apf_rho0,6.0,success,1.0
APF,blocked_road,19,apf_rho0,6.0,success,0.0
APF,blocked_road,20,apf_rho0,6.0,success,0.0
APF,blocked_road,21,apf_rho0,6.0,success,0.0
APF,blocked_road,22,apf_rho0,6.0,success,0.0
APF,blocked_road,23,apf_rho0,6.0,success,0.0
APF,blocked_road,24,apf_rho0,6.0,success,0.0
APF,blocked_road,25,apf_rho0,6.0,success,0.0
APF,blocked_road,26,apf_rho0,6.0,success,0.0
APF,blocked_road,27,apf_rho0,6.0,success,0.0
APF,blocked_road,28,apf_rho0,6.0,success,0.0
APF,blocked_road,29,apf_rho0,6.0,success,0.0
APF,dense_city,0,apf_rho0,6.0,success,0.0
APF,dense_city,1,apf_rho0,6.0,success,0.0
APF,dense_city,2,apf_rho0,6.0,success,0.0
APF,dense_city,3,apf_rho0,6.0,success,0.0
APF,dense_city,4,apf_rho0,6.0,success,0.0
APF,dense_city,5,apf_rho0,6.0,success,0.0
APF,dense_city,6,apf_rho0,6.0,success,0.0
APF,dense_city,7,apf_rho0,6.0,success,0.0
APF,dense_city,8,apf_rho0,6.0,success,1.0
APF,dense_city,9,apf_rho0,6.0,success,0.0
APF,dense_city,10,apf_rho0,6.0,success,1.0
APF,dense_city,11,apf_rho0,6.0,success,0.0
APF,dense_city,12,apf_rho0,6.0,success,0.0
APF,dense_city,13,apf_rho0,6.0,success,0.0
APF,dense_city,14,apf_rho0,6.0,success,0.0
APF,dense_city,15,apf_rho0,6.0,success,0.0
APF,dense_city,16,apf_rho0,6.0,success,0.0
APF,dense_city,17,apf_rho0,6.0,success,0.0
APF,dense_city,18,apf_rho0,6.0,success,0.0
APF,dense_city,19,apf_rho0,6.0,success,0.0
APF,dense_city,20,apf_rho0,6.0,success,1.0
APF,dense_city,21,apf_rho0,6.0,success,1.0
APF,dense_city,22,apf_rho0,6.0,success,0.0
APF,dense_city,23,apf_rho0,6.0,success,0.0
APF,dense_city,24,apf_rho0,6.0,success,0.0
APF,dense_city,25,apf_rho0,6.0,success,0.0
APF,dense_city,26,apf_rho0,6.0,success,0.0
APF,dense_city,27,apf_rho0,6.0,success,0.0
APF,dense_city,28,apf_rho0,6.0,success,0.0
APF,dense_city,29,apf_rho0,6.0,success,0.0
APF,normal_city,0,apf_rho0,1.5,path_length,
APF,normal_city,1,apf_rho0,1.5,path_length,
APF,normal_city,2,apf_rho0,1.5,path_length,
APF,normal_city,3,apf_rho0,1.5,path_length,
APF,normal_city,4,apf_rho0,1.5,path_length,
APF,normal_city,5,apf_rho0,1.5,path_length,
APF,normal_city,6,apf_rho0,1.5,path_length,
APF,normal_city,7,apf_rho0,1.5,path_length,
APF,normal_city,8,apf_rho0,1.5,path_length,
APF,normal_city,9,apf_rho0,1.5,path_length,
APF,normal_city,10,apf_rho0,1.5,path_length,
APF,normal_city,11,apf_rho0,1.5,path_length,
APF,normal_city,12,apf_rho0,1.5,path_length,
APF,normal_city,13,apf_rho0,1.5,path_length,
APF,normal_city,14,apf_rho0,1.5,path_length,
APF,normal_city,15,apf_rho0,1.5,path_length,
APF,normal_city,16,apf_rho0,1.5,path_length,
APF,normal_city,17,apf_rho0,1.5,path_length,
APF,normal_city,18,apf_rho0,1.5,path_length,
APF,normal_city,19,apf_rho0,1.5,path_length,
APF,normal_city,20,apf_rho0,1.5,path_length,
APF,normal_city,21,apf_rho0,1.5,path_length,
APF,normal_city,22,apf_rho0,1.5,path_length,
APF,normal_city,23,apf_rho0,1.5,path_length,
APF,normal_city,24,apf_rho0,1.5,path_length,
APF,normal_city,25,apf_rho0,1.5,path_length,
APF,normal_city,26,apf_rho0,1.5,path_length,
APF,normal_city,27,apf_rho0,1.5,path_length,
APF,normal_city,28,apf_rho0,1.5,path_length,
APF,normal_city,29,apf_rho0,1.5,path_length,
APF,blocked_road,0,apf_rho0,1.5,path_length,
APF,blocked_road,1,apf_rho0,1.5,path_length,
APF,blocked_road,2,apf_rho0,1.5,path_length,
APF,blocked_road,3,apf_rho0,1.5,path_length,
APF,blocked_road,4,apf_rho0,1.5,path_length,
APF,blocked_road,5,apf_rho0,1.5,path_length,
APF,blocked_road,6,apf_rho0,1.5,path_length,
APF,blocked_road,7,apf_rho0,1.5,path_length,
APF,blocked_road,8,apf_rho0,1.5,path_length,
APF,blocked_road,9,apf_rho0,1.5,path_length,
APF,blocked_road,10,apf_rho0,1.5,path_length,
APF,blocked_road,11,apf_rho0,1.5,path_length,
APF,blocked_road,12,apf_rho0,1.5,path_length,
APF,blocked_road,13,apf_rho0,1.5,path_length,
APF,blocked_road,14,apf_rho0,1.5,path_length,
APF,blocked_road,15,apf_rho0,1.5,path_length,
APF,blocked_road,16,apf_rho0,1.5,path_length,
APF,blocked_road,17,apf_rho0,1.5,path_length,
APF,blocked_road,18,apf_rho0,1.5,path_length,
APF,blocked_road,19,apf_rho0,1.5,path_length,
APF,blocked_road,20,apf_rho0,1.5,path_length,
APF,blocked_road,21,apf_rho0,1.5,path_length,
APF,blocked_road,22,apf_rho0,1.5,path_length,
APF,blocked_road,23,apf_rho0,1.5,path_length,
APF,blocked_road,24,apf_rho0,1.5,path_length,
APF,blocked_road,25,apf_rho0,1.5,path_length,
APF,blocked_road,26,apf_rho0,1.5,path_length,
APF,blocked_road,27,apf_rho0,1.5,path_length,
APF,blocked_road,28,apf_rho0,1.5,path_length,
APF,blocked_road,29,apf_rho0,1.5,path_length,
APF,dense_city,0,apf_rho0,1.5,path_length,
APF,dense_city,1,apf_rho0,1.5,path_length,
APF,dense_city,2,apf_rho0,1.5,path_length,
APF,dense_city,3,apf_rho0,1.5,path_length,
APF,dense_city,4,apf_rho0,1.5,path_length,
APF,dense_city,5,apf_rho0,1.5,path_length,
APF,dense_city,6,apf_rho0,1.5,path_length,
APF,dense_city,7,apf_rho0,1.5,path_length,
APF,dense_city,8,apf_rho0,1.5,path_length,
APF,dense_city,9,apf_rho0,1.5,path_length,
APF,dense_city,10,apf_rho0,1.5,path_length,
APF,dense_city,11,apf_rho0,1.5,path_length,
APF,dense_city,12,apf_rho0,1.5,path_length,
APF,dense_city,13,apf_rho0,1.5,path_length,
APF,dense_city,14,apf_rho0,1.5,path_length,
APF,dense_city,15,apf_rho0,1.5,path_length,
APF,dense_city,16,apf_rho0,1.5,path_length,
APF,dense_city,17,apf_rho0,1.5,path_length,
APF,dense_city,18,apf_rho0,1.5,path_length,
APF,dense_city,19,apf_rho0,1.5,path_length,
APF,dense_city,20,apf_rho0,1.5,path_length,
APF,dense_city,21,apf_rho0,1.5,path_length,
APF,dense_city,22,apf_rho0,1.5,path_length,
APF,dense_city,23,apf_rho0,1.5,path_length,
APF,dense_city,24,apf_rho0,1.5,path_length,
APF,dense_city,25,apf_rho0,1.5,path_length,
APF,dense_city,26,apf_rho0,1.5,path_length,
APF,dense_city,27,apf_rho0,1.5,path_length,
APF,dense_city,28,apf_rho0,1.5,path_length,
APF,dense_city,29,apf_rho0,1.5,path_length,
APF,normal_city,0,apf_rho0,2.0,path_length,
APF,normal_city,1,apf_rho0,2.0,path_length,
APF,normal_city,2,apf_rho0,2.0,path_length,
APF,normal_city,3,apf_rho0,2.0,path_length,
APF,normal_city,4,apf_rho0,2.0,path_length,
APF,normal_city,5,apf_rho0,2.0,path_length,
APF,normal_city,6,apf_rho0,2.0,path_length,
APF,normal_city,7,apf_rho0,2.0,path_length,
APF,normal_city,8,apf_rho0,2.0,path_length,
APF,normal_city,9,apf_rho0,2.0,path_length,
APF,normal_city,10,apf_rho0,2.0,path_length,
APF,normal_city,11,apf_rho0,2.0,path_length,
APF,normal_city,12,apf_rho0,2.0,path_length,
APF,normal_city,13,apf_rho0,2.0,path_length,
APF,normal_city,14,apf_rho0,2.0,path_length,
APF,normal_city,15,apf_rho0,2.0,path_length,
APF,normal_city,16,apf_rho0,2.0,path_length,
APF,normal_city,17,apf_rho0,2.0,path_length,
APF,normal_city,18,apf_rho0,2.0,path_length,
APF,normal_city,19,apf_rho0,2.0,path_length,
APF,normal_city,20,apf_rho0,2.0,path_length,
APF,normal_city,21,apf_rho0,2.0,path_length,
APF,normal_city,22,apf_rho0,2.0,path_length,
APF,normal_city,23,apf_rho0,2.0,path_length,
APF,normal_city,24,apf_rho0,2.0,path_length,
APF,normal_city,25,apf_rho0,2.0,path_length,
APF,normal_city,26,apf_rho0,2.0,path_length,
APF,normal_city,27,apf_rho0,2.0,path_length,
APF,normal_city,28,apf_rho0,2.0,path_length,
APF,normal_city,29,apf_rho0,2.0,path_length,
APF,blocked_road,0,apf_rho0,2.0,path_length,
APF,blocked_road,1,apf_rho0,2.0,path_length,
APF,blocked_road,2,apf_rho0,2.0,path_length,
APF,blocked_road,3,apf_rho0,2.0,path_length,
APF,blocked_road,4,apf_rho0,2.0,path_length,
APF,blocked_road,5,apf_rho0,2.0,path_length,
APF,blocked_road,6,apf_rho0,2.0,path_length,
APF,blocked_road,7,apf_rho0,2.0,path_length,
APF,blocked_road,8,apf_rho0,2.0,path_length,
APF,blocked_road,9,apf_rho0,2.0,path_length,
APF,blocked_road,10,apf_rho0,2.0,path_length,
APF,blocked_road,11,apf_rho0,2.0,path_length,
APF,blocked_road,12,apf_rho0,2.0,path_length,
APF,blocked_road,13,apf_rho0,2.0,path_length,
APF,blocked_road,14,apf_rho0,2.0,path_length,
APF,blocked_road,15,apf_rho0,2.0,path_length,
APF,blocked_road,16,apf_rho0,2.0,path_length,
APF,blocked_road,17,apf_rho0,2.0,path_length,
APF,blocked_road,18,apf_rho0,2.0,path_length,
APF,blocked_road,19,apf_rho0,2.0,path_length,
APF,blocked_road,20,apf_rho0,2.0,path_length,
APF,blocked_road,21,apf_rho0,2.0,path_length,
APF,blocked_road,22,apf_rho0,2.0,path_length,
APF,blocked_road,23,apf_rho0,2.0,path_length,
APF,blocked_road,24,apf_rho0,2.0,path_length,
APF,blocked_road,25,apf_rho0,2.0,path_length,
APF,blocked_road,26,apf_rho0,2.0,path_length,
APF,blocked_road,27,apf_rho0,2.0,path_length,
APF,blocked_road,28,apf_rho0,2.0,path_length,
APF,blocked_road,29,apf_rho0,2.0,path_length,
APF,dense_city,0,apf_rho0,2.0,path_length,
APF,dense_city,1,apf_rho0,2.0,path_length,
APF,dense_city,2,apf_rho0,2.0,path_length,
APF,dense_city,3,apf_rho0,2.0,path_length,
APF,dense_city,4,apf_rho0,2.0,path_length,
APF,dense_city,5,apf_rho0,2.0,path_length,
APF,dense_city,6,apf_rho0,2.0,path_length,
APF,dense_city,7,apf_rho0,2.0,path_length,
APF,dense_city,8,apf_rho0,2.0,path_length,
APF,dense_city,9,apf_rho0,2.0,path_length,
APF,dense_city,10,apf_rho0,2.0,path_length,
APF,dense_city,11,apf_rho0,2.0,path_length,
APF,dense_city,12,apf_rho0,2.0,path_length,
APF,dense_city,13,apf_rho0,2.0,path_length,
APF,dense_city,14,apf_rho0,2.0,path_length,
APF,dense_city,15,apf_rho0,2.0,path_length,
APF,dense_city,16,apf_rho0,2.0,path_length,
APF,dense_city,17,apf_rho0,2.0,path_length,
APF,dense_city,18,apf_rho0,2.0,path_length,
APF,dense_city,19,apf_rho0,2.0,path_length,
APF,dense_city,20,apf_rho0,2.0,path_length,
APF,dense_city,21,apf_rho0,2.0,path_length,
APF,dense_city,22,apf_rho0,2.0,path_length,
APF,dense_city,23,apf_rho0,2.0,path_length,
APF,dense_city,24,apf_rho0,2.0,path_length,
APF,dense_city,25,apf_rho0,2.0,path_length,
APF,dense_city,26,apf_rho0,2.0,path_length,
APF,dense_city,27,apf_rho0,2.0,path_length,
APF,dense_city,28,apf_rho0,2.0,path_length,
APF,dense_city,29,apf_rho0,2.0,path_length,
APF,normal_city,0,apf_rho0,3.0,path_length,175.7
APF,normal_city,1,apf_rho0,3.0,path_length,177.1
APF,normal_city,2,apf_rho0,3.0,path_length,175.0
APF,normal_city,3,apf_rho0,3.0,path_length,182.7
APF,normal_city,4,apf_rho0,3.0,path_length,178.5
APF,normal_city,5,apf_rho0,3.0,path_length,177.1
APF,normal_city,6,apf_rho0,3.0,path_length,
APF,normal_city,7,apf_rho0,3.0,path_length,177.8
APF,normal_city,8,apf_rho0,3.0,path_length,183.4
APF,normal_city,9,apf_rho0,3.0,path_length,
APF,normal_city,10,apf_rho0,3.0,path_length,169.4
APF,normal_city,11,apf_rho0,3.0,path_length,184.8
APF,normal_city,12,apf_rho0,3.0,path_length,
APF,normal_city,13,apf_rho0,3.0,path_length,179.2
APF,normal_city,14,apf_rho0,3.0,path_length,172.2
APF,normal_city,15,apf_rho0,3.0,path_length,174.3
APF,normal_city,16,apf_rho0,3.0,path_length,168.7
APF,normal_city,17,apf_rho0,3.0,path_length,
APF,normal_city,18,apf_rho0,3.0,path_length,168.0
APF,normal_city,19,apf_rho0,3.0,path_length,
APF,normal_city,20,apf_rho0,3.0,path_length,171.5
APF,normal_city,21,apf_rho0,3.0,path_length,176.4
APF,normal_city,22,apf_rho0,3.0,path_length,184.8
APF,normal_city,23,apf_rho0,3.0,path_length,
APF,normal_city,24,apf_rho0,3.0,path_length,176.4
APF,normal_city,25,apf_rho0,3.0,path_length,174.3
APF,normal_city,26,apf_rho0,3.0,path_length,170.8
APF,normal_city,27,apf_rho0,3.0,path_length,186.9
APF,normal_city,28,apf_rho0,3.0,path_length,177.8
APF,normal_city,29,apf_rho0,3.0,path_length,170.8
APF,blocked_road,0,apf_rho0,3.0,path_length,
APF,blocked_road,1,apf_rho0,3.0,path_length,
APF,blocked_road,2,apf_rho0,3.0,path_length,
APF,blocked_road,3,apf_rho0,3.0,path_length,
APF,blocked_road,4,apf_rho0,3.0,path_length,
APF,blocked_road,5,apf_rho0,3.0,path_length,
APF,blocked_road,6,apf_rho0,3.0,path_length,
APF,blocked_road,7,apf_rho0,3.0,path_length,182.0
APF,blocked_road,8,apf_rho0,3.0,path_length,
APF,blocked_road,9,apf_rho0,3.0,path_length,
APF,blocked_road,10,apf_rho0,3.0,path_length,
APF,blocked_road,11,apf_rho0,3.0,path_length,
APF,blocked_road,12,apf_rho0,3.0,path_length,
APF,blocked_road,13,apf_rho0,3.0,path_length,187.6
APF,blocked_road,14,apf_rho0,3.0,path_length,
APF,blocked_road,15,apf_rho0,3.0,path_length,
APF,blocked_road,16,apf_rho0,3.0,path_length,
APF,blocked_road,17,apf_rho0,3.0,path_length,
APF,blocked_road,18,apf_rho0,3.0,path_length,200.9
APF,blocked_road,19,apf_rho0,3.0,path_length,
APF,blocked_road,20,apf_rho0,3.0,path_length,
APF,blocked_road,21,apf_rho0,3.0,path_length,
APF,blocked_road,22,apf_rho0,3.0,path_length,
APF,blocked_road,23,apf_rho0,3.0,path_length,
APF,blocked_road,24,apf_rho0,3.0,path_length,
APF,blocked_road,25,apf_rho0,3.0,path_length,177.1
APF,blocked_road,26,apf_rho0,3.0,path_length,
APF,blocked_road,27,apf_rho0,3.0,path_length,
APF,blocked_road,28,apf_rho0,3.0,path_length,
APF,blocked_road,29,apf_rho0,3.0,path_length,
APF,dense_city,0,apf_rho0,3.0,path_length,
APF,dense_city,1,apf_rho0,3.0,path_length,
APF,dense_city,2,apf_rho0,3.0,path_length,
APF,dense_city,3,apf_rho0,3.0,path_length,
APF,dense_city,4,apf_rho0,3.0,path_length,
APF,dense_city,5,apf_rho0,3.0,path_length,
APF,dense_city,6,apf_rho0,3.0,path_length,
APF,dense_city,7,apf_rho0,3.0,path_length,
APF,dense_city,8,apf_rho0,3.0,path_length,
APF,dense_city,9,apf_rho0,3.0,path_length,
APF,dense_city,10,apf_rho0,3.0,path_length,
APF,dense_city,11,apf_rho0,3.0,path_length,
APF,dense_city,12,apf_rho0,3.0,path_length,
APF,dense_city,13,apf_rho0,3.0,path_length,
APF,dense_city,14,apf_rho0,3.0,path_length,
APF,dense_city,15,apf_rho0,3.0,path_length,
APF,dense_city,16,apf_rho0,3.0,path_length,
APF,dense_city,17,apf_rho0,3.0,path_length,
APF,dense_city,18,apf_rho0,3.0,path_length,
APF,dense_city,19,apf_rho0,3.0,path_length,
APF,dense_city,20,apf_rho0,3.0,path_length,
APF,dense_city,21,apf_rho0,3.0,path_length,
APF,dense_city,22,apf_rho0,3.0,path_length,
APF,dense_city,23,apf_rho0,3.0,path_length,
APF,dense_city,24,apf_rho0,3.0,path_length,
APF,dense_city,25,apf_rho0,3.0,path_length,
APF,dense_city,26,apf_rho0,3.0,path_length,
APF,dense_city,27,apf_rho0,3.0,path_length,
APF,dense_city,28,apf_rho0,3.0,path_length,
APF,dense_city,29,apf_rho0,3.0,path_length,
APF,normal_city,0,apf_rho0,4.5,path_length,177.1
APF,normal_city,1,apf_rho0,4.5,path_length,179.9
APF,normal_city,2,apf_rho0,4.5,path_length,179.9
APF,normal_city,3,apf_rho0,4.5,path_length,187.6
APF,normal_city,4,apf_rho0,4.5,path_length,182.0
APF,normal_city,5,apf_rho0,4.5,path_length,177.8
APF,normal_city,6,apf_rho0,4.5,path_length,
APF,normal_city,7,apf_rho0,4.5,path_length,179.2
APF,normal_city,8,apf_rho0,4.5,path_length,190.4
APF,normal_city,9,apf_rho0,4.5,path_length,
APF,normal_city,10,apf_rho0,4.5,path_length,175.7
APF,normal_city,11,apf_rho0,4.5,path_length,194.6
APF,normal_city,12,apf_rho0,4.5,path_length,
APF,normal_city,13,apf_rho0,4.5,path_length,177.8
APF,normal_city,14,apf_rho0,4.5,path_length,174.3
APF,normal_city,15,apf_rho0,4.5,path_length,177.1
APF,normal_city,16,apf_rho0,4.5,path_length,170.8
APF,normal_city,17,apf_rho0,4.5,path_length,
APF,normal_city,18,apf_rho0,4.5,path_length,169.4
APF,normal_city,19,apf_rho0,4.5,path_length,
APF,normal_city,20,apf_rho0,4.5,path_length,175.7
APF,normal_city,21,apf_rho0,4.5,path_length,182.7
APF,normal_city,22,apf_rho0,4.5,path_length,193.2
APF,normal_city,23,apf_rho0,4.5,path_length,
APF,normal_city,24,apf_rho0,4.5,path_length,182.7
APF,normal_city,25,apf_rho0,4.5,path_length,177.1
APF,normal_city,26,apf_rho0,4.5,path_length,173.6
APF,normal_city,27,apf_rho0,4.5,path_length,192.5
APF,normal_city,28,apf_rho0,4.5,path_length,178.5
APF,normal_city,29,apf_rho0,4.5,path_length,174.3
APF,blocked_road,0,apf_rho0,4.5,path_length,
APF,blocked_road,1,apf_rho0,4.5,path_length,
APF,blocked_road,2,apf_rho0,4.5,path_length,
APF,blocked_road,3,apf_rho0,4.5,path_length,
APF,blocked_road,4,apf_rho0,4.5,path_length,
APF,blocked_road,5,apf_rho0,4.5,path_length,
APF,blocked_road,6,apf_rho0,4.5,path_length,
APF,blocked_road,7,apf_rho0,4.5,path_length,187.6
APF,blocked_road,8,apf_rho0,4.5,path_length,
APF,blocked_road,9,apf_rho0,4.5,path_length,
APF,blocked_road,10,apf_rho0,4.5,path_length,
APF,blocked_road,11,apf_rho0,4.5,path_length,
APF,blocked_road,12,apf_rho0,4.5,path_length,
APF,blocked_road,13,apf_rho0,4.5,path_length,206.5
APF,blocked_road,14,apf_rho0,4.5,path_length,
APF,blocked_road,15,apf_rho0,4.5,path_length,
APF,blocked_road,16,apf_rho0,4.5,path_length,
APF,blocked_road,17,apf_rho0,4.5,path_length,
APF,blocked_road,18,apf_rho0,4.5,path_length,214.2
APF,blocked_road,19,apf_rho0,4.5,path_length,
APF,blocked_road,20,apf_rho0,4.5,path_length,
APF,blocked_road,21,apf_rho0,4.5,path_length,
APF,blocked_road,22,apf_rho0,4.5,path_length,
APF,blocked_road,23,apf_rho0,4.5,path_length,
APF,blocked_road,24,apf_rho0,4.5,path_length,
APF,blocked_road,25,apf_rho0,4.5,path_length,
APF,blocked_road,26,apf_rho0,4.5,path_length,
APF,blocked_road,27,apf_rho0,4.5,path_length,
APF,blocked_road,28,apf_rho0,4.5,path_length,
APF,blocked_road,29,apf_rho0,4.5,path_length,
APF,dense_city,0,apf_rho0,4.5,path_length,
APF,dense_city,1,apf_rho0,4.5,path_length,
APF,dense_city,2,apf_rho0,4.5,path_length,
APF,dense_city,3,apf_rho0,4.5,path_length,
APF,dense_city,4,apf_rho0,4.5,path_length,
APF,dense_city,5,apf_rho0,4.5,path_length,
APF,dense_city,6,apf_rho0,4.5,path_length,
APF,dense_city,7,apf_rho0,4.5,path_length,
APF,dense_city,8,apf_rho0,4.5,path_length,210.0
APF,dense_city,9,apf_rho0,4.5,path_length,
APF,dense_city,10,apf_rho0,4.5,path_length,197.4
APF,dense_city,11,apf_rho0,4.5,path_length,
APF,dense_city,12,apf_rho0,4.5,path_length,
APF,dense_city,13,apf_rho0,4.5,path_length,
APF,dense_city,14,apf_rho0,4.5,path_length,
APF,dense_city,15,apf_rho0,4.5,path_length,
APF,dense_city,16,apf_rho0,4.5,path_length,
APF,dense_city,17,apf_rho0,4.5,path_length,
APF,dense_city,18,apf_rho0,4.5,path_length,
APF,dense_city,19,apf_rho0,4.5,path_length,
APF,dense_city,20,apf_rho0,4.5,path_length,197.4
APF,dense_city,21,apf_rho0,4.5,path_length,201.6
APF,dense_city,22,apf_rho0,4.5,path_length,
APF,dense_city,23,apf_rho0,4.5,path_length,
APF,dense_city,24,apf_rho0,4.5,path_length,
APF,dense_city,25,apf_rho0,4.5,path_length,
APF,dense_city,26,apf_rho0,4.5,path_length,
APF,dense_city,27,apf_rho0,4.5,path_length,
APF,dense_city,28,apf_rho0,4.5,path_length,
APF,dense_city,29,apf_rho0,4.5,path_length,
APF,normal_city,0,apf_rho0,6.0,path_length,177.1
APF,normal_city,1,apf_rho0,6.0,path_length,183.4
APF,normal_city,2,apf_rho0,6.0,path_length,181.3
APF,normal_city,3,apf_rho0,6.0,path_length,189.7
APF,normal_city,4,apf_rho0,6.0,path_length,184.1
APF,normal_city,5,apf_rho0,6.0,path_length,177.1
APF,normal_city,6,apf_rho0,6.0,path_length,
APF,normal_city,7,apf_rho0,6.0,path_length,179.2
APF,normal_city,8,apf_rho0,6.0,path_length,191.1
APF,normal_city,9,apf_rho0,6.0,path_length,
APF,normal_city,10,apf_rho0,6.0,path_length,177.8
APF,normal_city,11,apf_rho0,6.0,path_length,205.1
APF,normal_city,12,apf_rho0,6.0,path_length,
APF,normal_city,13,apf_rho0,6.0,path_length,180.6
APF,normal_city,14,apf_rho0,6.0,path_length,175.7
APF,normal_city,15,apf_rho0,6.0,path_length,178.5
APF,normal_city,16,apf_rho0,6.0,path_length,173.6
APF,normal_city,17,apf_rho0,6.0,path_length,
APF,normal_city,18,apf_rho0,6.0,path_length,172.2
APF,normal_city,19,apf_rho0,6.0,path_length,
APF,normal_city,20,apf_rho0,6.0,path_length,177.1
APF,normal_city,21,apf_rho0,6.0,path_length,184.1
APF,normal_city,22,apf_rho0,6.0,path_length,196.0
APF,normal_city,23,apf_rho0,6.0,path_length,
APF,normal_city,24,apf_rho0,6.0,path_length,185.5
APF,normal_city,25,apf_rho0,6.0,path_length,179.9
APF,normal_city,26,apf_rho0,6.0,path_length,176.4
APF,normal_city,27,apf_rho0,6.0,path_length,197.4
APF,normal_city,28,apf_rho0,6.0,path_length,181.3
APF,normal_city,29,apf_rho0,6.0,path_length,178.5
APF,blocked_road,0,apf_rho0,6.0,path_length,
APF,blocked_road,1,apf_rho0,6.0,path_length,
APF,blocked_road,2,apf_rho0,6.0,path_length,
APF,blocked_road,3,apf_rho0,6.0,path_length,
APF,blocked_road,4,apf_rho0,6.0,path_length,
APF,blocked_road,5,apf_rho0,6.0,path_length,
APF,blocked_road,6,apf_rho0,6.0,path_length,
APF,blocked_road,7,apf_rho0,6.0,path_length,189.7
APF,blocked_road,8,apf_rho0,6.0,path_length,
APF,blocked_road,9,apf_rho0,6.0,path_length,
APF,blocked_road,10,apf_rho0,6.0,path_length,
APF,blocked_road,11,apf_rho0,6.0,path_length,
APF,blocked_road,12,apf_rho0,6.0,path_length,
APF,blocked_road,13,apf_rho0,6.0,path_length,214.2
APF,blocked_road,14,apf_rho0,6.0,path_length,
APF,blocked_road,15,apf_rho0,6.0,path_length,
APF,blocked_road,16,apf_rho0,6.0,path_length,
APF,blocked_road,17,apf_rho0,6.0,path_length,
APF,blocked_road,18,apf_rho0,6.0,path_length,214.9
APF,blocked_road,19,apf_rho0,6.0,path_length,
APF,blocked_road,20,apf_rho0,6.0,path_length,
APF,blocked_road,21,apf_rho0,6.0,path_length,
APF,blocked_road,22,apf_rho0,6.0,path_length,
APF,blocked_road,23,apf_rho0,6.0,path_length,
APF,blocked_road,24,apf_rho0,6.0,path_length,
APF,blocked_road,25,apf_rho0,6.0,path_length,
APF,blocked_road,26,apf_rho0,6.0,path_length,
APF,blocked_road,27,apf_rho0,6.0,path_length,
APF,blocked_road,28,apf_rho0,6.0,path_length,
APF,blocked_road,29,apf_rho0,6.0,path_length,
APF,dense_city,0,apf_rho0,6.0,path_length,
APF,dense_city,1,apf_rho0,6.0,path_length,
APF,dense_city,2,apf_rho0,6.0,path_length,
APF,dense_city,3,apf_rho0,6.0,path_length,
APF,dense_city,4,apf_rho0,6.0,path_length,
APF,dense_city,5,apf_rho0,6.0,path_length,
APF,dense_city,6,apf_rho0,6.0,path_length,
APF,dense_city,7,apf_rho0,6.0,path_length,
APF,dense_city,8,apf_rho0,6.0,path_length,212.8
APF,dense_city,9,apf_rho0,6.0,path_length,
APF,dense_city,10,apf_rho0,6.0,path_length,200.9
APF,dense_city,11,apf_rho0,6.0,path_length,
APF,dense_city,12,apf_rho0,6.0,path_length,
APF,dense_city,13,apf_rho0,6.0,path_length,
APF,dense_city,14,apf_rho0,6.0,path_length,
APF,dense_city,15,apf_rho0,6.0,path_length,
APF,dense_city,16,apf_rho0,6.0,path_length,
APF,dense_city,17,apf_rho0,6.0,path_length,
APF,dense_city,18,apf_rho0,6.0,path_length,
APF,dense_city,19,apf_rho0,6.0,path_length,
APF,dense_city,20,apf_rho0,6.0,path_length,200.9
APF,dense_city,21,apf_rho0,6.0,path_length,205.8
APF,dense_city,22,apf_rho0,6.0,path_length,
APF,dense_city,23,apf_rho0,6.0,path_length,
APF,dense_city,24,apf_rho0,6.0,path_length,
APF,dense_city,25,apf_rho0,6.0,path_length,
APF,dense_city,26,apf_rho0,6.0,path_length,
APF,dense_city,27,apf_rho0,6.0,path_length,
APF,dense_city,28,apf_rho0,6.0,path_length,
APF,dense_city,29,apf_rho0,6.0,path_length,
APF,normal_city,0,apf_rho0,1.5,length_ratio,
APF,normal_city,1,apf_rho0,1.5,length_ratio,
APF,normal_city,2,apf_rho0,1.5,length_ratio,
APF,normal_city,3,apf_rho0,1.5,length_ratio,
APF,normal_city,4,apf_rho0,1.5,length_ratio,
APF,normal_city,5,apf_rho0,1.5,length_ratio,
APF,normal_city,6,apf_rho0,1.5,length_ratio,
APF,normal_city,7,apf_rho0,1.5,length_ratio,
APF,normal_city,8,apf_rho0,1.5,length_ratio,
APF,normal_city,9,apf_rho0,1.5,length_ratio,
APF,normal_city,10,apf_rho0,1.5,length_ratio,
APF,normal_city,11,apf_rho0,1.5,length_ratio,
APF,normal_city,12,apf_rho0,1.5,length_ratio,
APF,normal_city,13,apf_rho0,1.5,length_ratio,
APF,normal_city,14,apf_rho0,1.5,length_ratio,
APF,normal_city,15,apf_rho0,1.5,length_ratio,
APF,normal_city,16,apf_rho0,1.5,length_ratio,
APF,normal_city,17,apf_rho0,1.5,length_ratio,
APF,normal_city,18,apf_rho0,1.5,length_ratio,
APF,normal_city,19,apf_rho0,1.5,length_ratio,
APF,normal_city,20,apf_rho0,1.5,length_ratio,
APF,normal_city,21,apf_rho0,1.5,length_ratio,
APF,normal_city,22,apf_rho0,1.5,length_ratio,
APF,normal_city,23,apf_rho0,1.5,length_ratio,
APF,normal_city,24,apf_rho0,1.5,length_ratio,
APF,normal_city,25,apf_rho0,1.5,length_ratio,
APF,normal_city,26,apf_rho0,1.5,length_ratio,
APF,normal_city,27,apf_rho0,1.5,length_ratio,
APF,normal_city,28,apf_rho0,1.5,length_ratio,
APF,normal_city,29,apf_rho0,1.5,length_ratio,
APF,blocked_road,0,apf_rho0,1.5,length_ratio,
APF,blocked_road,1,apf_rho0,1.5,length_ratio,
APF,blocked_road,2,apf_rho0,1.5,length_ratio,
APF,blocked_road,3,apf_rho0,1.5,length_ratio,
APF,blocked_road,4,apf_rho0,1.5,length_ratio,
APF,blocked_road,5,apf_rho0,1.5,length_ratio,
APF,blocked_road,6,apf_rho0,1.5,length_ratio,
APF,blocked_road,7,apf_rho0,1.5,length_ratio,
APF,blocked_road,8,apf_rho0,1.5,length_ratio,
APF,blocked_road,9,apf_rho0,1.5,length_ratio,
APF,blocked_road,10,apf_rho0,1.5,length_ratio,
APF,blocked_road,11,apf_rho0,1.5,length_ratio,
APF,blocked_road,12,apf_rho0,1.5,length_ratio,
APF,blocked_road,13,apf_rho0,1.5,length_ratio,
APF,blocked_road,14,apf_rho0,1.5,length_ratio,
APF,blocked_road,15,apf_rho0,1.5,length_ratio,
APF,blocked_road,16,apf_rho0,1.5,length_ratio,
APF,blocked_road,17,apf_rho0,1.5,length_ratio,
APF,blocked_road,18,apf_rho0,1.5,length_ratio,
APF,blocked_road,19,apf_rho0,1.5,length_ratio,
APF,blocked_road,20,apf_rho0,1.5,length_ratio,
APF,blocked_road,21,apf_rho0,1.5,length_ratio,
APF,blocked_road,22,apf_rho0,1.5,length_ratio,
APF,blocked_road,23,apf_rho0,1.5,length_ratio,
APF,blocked_road,24,apf_rho0,1.5,length_ratio,
APF,blocked_road,25,apf_rho0,1.5,length_ratio,
APF,blocked_road,26,apf_rho0,1.5,length_ratio,
APF,blocked_road,27,apf_rho0,1.5,length_ratio,
APF,blocked_road,28,apf_rho0,1.5,length_ratio,
APF,blocked_road,29,apf_rho0,1.5,length_ratio,
APF,dense_city,0,apf_rho0,1.5,length_ratio,
APF,dense_city,1,apf_rho0,1.5,length_ratio,
APF,dense_city,2,apf_rho0,1.5,length_ratio,
APF,dense_city,3,apf_rho0,1.5,length_ratio,
APF,dense_city,4,apf_rho0,1.5,length_ratio,
APF,dense_city,5,apf_rho0,1.5,length_ratio,
APF,dense_city,6,apf_rho0,1.5,length_ratio,
APF,dense_city,7,apf_rho0,1.5,length_ratio,
APF,dense_city,8,apf_rho0,1.5,length_ratio,
APF,dense_city,9,apf_rho0,1.5,length_ratio,
APF,dense_city,10,apf_rho0,1.5,length_ratio,
APF,dense_city,11,apf_rho0,1.5,length_ratio,
APF,dense_city,12,apf_rho0,1.5,length_ratio,
APF,dense_city,13,apf_rho0,1.5,length_ratio,
APF,dense_city,14,apf_rho0,1.5,length_ratio,
APF,dense_city,15,apf_rho0,1.5,length_ratio,
APF,dense_city,16,apf_rho0,1.5,length_ratio,
APF,dense_city,17,apf_rho0,1.5,length_ratio,
APF,dense_city,18,apf_rho0,1.5,length_ratio,
APF,dense_city,19,apf_rho0,1.5,length_ratio,
APF,dense_city,20,apf_rho0,1.5,length_ratio,
APF,dense_city,21,apf_rho0,1.5,length_ratio,
APF,dense_city,22,apf_rho0,1.5,length_ratio,
APF,dense_city,23,apf_rho0,1.5,length_ratio,
APF,dense_city,24,apf_rho0,1.5,length_ratio,
APF,dense_city,25,apf_rho0,1.5,length_ratio,
APF,dense_city,26,apf_rho0,1.5,length_ratio,
APF,dense_city,27,apf_rho0,1.5,length_ratio,
APF,dense_city,28,apf_rho0,1.5,length_ratio,
APF,dense_city,29,apf_rho0,1.5,length_ratio,
APF,normal_city,0,apf_rho0,2.0,length_ratio,
APF,normal_city,1,apf_rho0,2.0,length_ratio,
APF,normal_city,2,apf_rho0,2.0,length_ratio,
APF,normal_city,3,apf_rho0,2.0,length_ratio,
APF,normal_city,4,apf_rho0,2.0,length_ratio,
APF,normal_city,5,apf_rho0,2.0,length_ratio,
APF,normal_city,6,apf_rho0,2.0,length_ratio,
APF,normal_city,7,apf_rho0,2.0,length_ratio,
APF,normal_city,8,apf_rho0,2.0,length_ratio,
APF,normal_city,9,apf_rho0,2.0,length_ratio,
APF,normal_city,10,apf_rho0,2.0,length_ratio,
APF,normal_city,11,apf_rho0,2.0,length_ratio,
APF,normal_city,12,apf_rho0,2.0,length_ratio,
APF,normal_city,13,apf_rho0,2.0,length_ratio,
APF,normal_city,14,apf_rho0,2.0,length_ratio,
APF,normal_city,15,apf_rho0,2.0,length_ratio,
APF,normal_city,16,apf_rho0,2.0,length_ratio,
APF,normal_city,17,apf_rho0,2.0,length_ratio,
APF,normal_city,18,apf_rho0,2.0,length_ratio,
APF,normal_city,19,apf_rho0,2.0,length_ratio,
APF,normal_city,20,apf_rho0,2.0,length_ratio,
APF,normal_city,21,apf_rho0,2.0,length_ratio,
APF,normal_city,22,apf_rho0,2.0,length_ratio,
APF,normal_city,23,apf_rho0,2.0,length_ratio,
APF,normal_city,24,apf_rho0,2.0,length_ratio,
APF,normal_city,25,apf_rho0,2.0,length_ratio,
APF,normal_city,26,apf_rho0,2.0,length_ratio,
APF,normal_city,27,apf_rho0,2.0,length_ratio,
APF,normal_city,28,apf_rho0,2.0,length_ratio,
APF,normal_city,29,apf_rho0,2.0,length_ratio,
APF,blocked_road,0,apf_rho0,2.0,length_ratio,
APF,blocked_road,1,apf_rho0,2.0,length_ratio,
APF,blocked_road,2,apf_rho0,2.0,length_ratio,
APF,blocked_road,3,apf_rho0,2.0,length_ratio,
APF,blocked_road,4,apf_rho0,2.0,length_ratio,
APF,blocked_road,5,apf_rho0,2.0,length_ratio,
APF,blocked_road,6,apf_rho0,2.0,length_ratio,
APF,blocked_road,7,apf_rho0,2.0,length_ratio,
APF,blocked_road,8,apf_rho0,2.0,length_ratio,
APF,blocked_road,9,apf_rho0,2.0,length_ratio,
APF,blocked_road,10,apf_rho0,2.0,length_ratio,
APF,blocked_road,11,apf_rho0,2.0,length_ratio,
APF,blocked_road,12,apf_rho0,2.0,length_ratio,
APF,blocked_road,13,apf_rho0,2.0,length_ratio,
APF,blocked_road,14,apf_rho0,2.0,length_ratio,
APF,blocked_road,15,apf_rho0,2.0,length_ratio,
APF,blocked_road,16,apf_rho0,2.0,length_ratio,
APF,blocked_road,17,apf_rho0,2.0,length_ratio,
APF,blocked_road,18,apf_rho0,2.0,length_ratio,
APF,blocked_road,19,apf_rho0,2.0,length_ratio,
APF,blocked_road,20,apf_rho0,2.0,length_ratio,
APF,blocked_road,21,apf_rho0,2.0,length_ratio,
APF,blocked_road,22,apf_rho0,2.0,length_ratio,
APF,blocked_road,23,apf_rho0,2.0,length_ratio,
APF,blocked_road,24,apf_rho0,2.0,length_ratio,
APF,blocked_road,25,apf_rho0,2.0,length_ratio,
APF,blocked_road,26,apf_rho0,2.0,length_ratio,
APF,blocked_road,27,apf_rho0,2.0,length_ratio,
APF,blocked_road,28,apf_rho0,2.0,length_ratio,
APF,blocked_road,29,apf_rho0,2.0,length_ratio,
APF,dense_city,0,apf_rho0,2.0,length_ratio,
APF,dense_city,1,apf_rho0,2.0,length_ratio,
APF,dense_city,2,apf_rho0,2.0,length_ratio,
APF,dense_city,3,apf_rho0,2.0,length_ratio,
APF,dense_city,4,apf_rho0,2.0,length_ratio,
APF,dense_city,5,apf_rho0,2.0,length_ratio,
APF,dense_city,6,apf_rho0,2.0,length_ratio,
APF,dense_city,7,apf_rho0,2.0,length_ratio,
APF,dense_city,8,apf_rho0,2.0,length_ratio,
APF,dense_city,9,apf_rho0,2.0,length_ratio,
APF,dense_city,10,apf_rho0,2.0,length_ratio,
APF,dense_city,11,apf_rho0,2.0,length_ratio,
APF,dense_city,12,apf_rho0,2.0,length_ratio,
APF,dense_city,13,apf_rho0,2.0,length_ratio,
APF,dense_city,14,apf_rho0,2.0,length_ratio,
APF,dense_city,15,apf_rho0,2.0,length_ratio,
APF,dense_city,16,apf_rho0,2.0,length_ratio,
APF,dense_city,17,apf_rho0,2.0,length_ratio,
APF,dense_city,18,apf_rho0,2.0,length_ratio,
APF,dense_city,19,apf_rho0,2.0,length_ratio,
APF,dense_city,20,apf_rho0,2.0,length_ratio,
APF,dense_city,21,apf_rho0,2.0,length_ratio,
APF,dense_city,22,apf_rho0,2.0,length_ratio,
APF,dense_city,23,apf_rho0,2.0,length_ratio,
APF,dense_city,24,apf_rho0,2.0,length_ratio,
APF,dense_city,25,apf_rho0,2.0,length_ratio,
APF,dense_city,26,apf_rho0,2.0,length_ratio,
APF,dense_city,27,apf_rho0,2.0,length_ratio,
APF,dense_city,28,apf_rho0,2.0,length_ratio,
APF,dense_city,29,apf_rho0,2.0,length_ratio,
APF,normal_city,0,apf_rho0,3.0,length_ratio,1.2375
APF,normal_city,1,apf_rho0,3.0,length_ratio,1.2577
APF,normal_city,2,apf_rho0,3.0,length_ratio,1.2428
APF,normal_city,3,apf_rho0,3.0,length_ratio,1.271
APF,normal_city,4,apf_rho0,3.0,length_ratio,1.252
APF,normal_city,5,apf_rho0,3.0,length_ratio,1.2577
APF,normal_city,6,apf_rho0,3.0,length_ratio,
APF,normal_city,7,apf_rho0,3.0,length_ratio,1.2627
APF,normal_city,8,apf_rho0,3.0,length_ratio,1.2864
APF,normal_city,9,apf_rho0,3.0,length_ratio,
APF,normal_city,10,apf_rho0,3.0,length_ratio,1.1833
APF,normal_city,11,apf_rho0,3.0,length_ratio,1.3016
APF,normal_city,12,apf_rho0,3.0,length_ratio,
APF,normal_city,13,apf_rho0,3.0,length_ratio,1.2518
APF,normal_city,14,apf_rho0,3.0,length_ratio,1.2128
APF,normal_city,15,apf_rho0,3.0,length_ratio,1.2226
APF,normal_city,16,apf_rho0,3.0,length_ratio,1.1931
APF,normal_city,17,apf_rho0,3.0,length_ratio,
APF,normal_city,18,apf_rho0,3.0,length_ratio,1.2031
APF,normal_city,19,apf_rho0,3.0,length_ratio,
APF,normal_city,20,apf_rho0,3.0,length_ratio,1.2029
APF,normal_city,21,apf_rho0,3.0,length_ratio,1.2373
APF,normal_city,22,apf_rho0,3.0,length_ratio,1.2962
APF,normal_city,23,apf_rho0,3.0,length_ratio,
APF,normal_city,24,apf_rho0,3.0,length_ratio,1.2373
APF,normal_city,25,apf_rho0,3.0,length_ratio,1.2226
APF,normal_city,26,apf_rho0,3.0,length_ratio,1.203
APF,normal_city,27,apf_rho0,3.0,length_ratio,1.3056
APF,normal_city,28,apf_rho0,3.0,length_ratio,1.2627
APF,normal_city,29,apf_rho0,3.0,length_ratio,1.198
APF,blocked_road,0,apf_rho0,3.0,length_ratio,
APF,blocked_road,1,apf_rho0,3.0,length_ratio,
APF,blocked_road,2,apf_rho0,3.0,length_ratio,
APF,blocked_road,3,apf_rho0,3.0,length_ratio,
APF,blocked_road,4,apf_rho0,3.0,length_ratio,
APF,blocked_road,5,apf_rho0,3.0,length_ratio,
APF,blocked_road,6,apf_rho0,3.0,length_ratio,
APF,blocked_road,7,apf_rho0,3.0,length_ratio,1.2311
APF,blocked_road,8,apf_rho0,3.0,length_ratio,
APF,blocked_road,9,apf_rho0,3.0,length_ratio,
APF,blocked_road,10,apf_rho0,3.0,length_ratio,
APF,blocked_road,11,apf_rho0,3.0,length_ratio,
APF,blocked_road,12,apf_rho0,3.0,length_ratio,
APF,blocked_road,13,apf_rho0,3.0,length_ratio,1.2689
APF,blocked_road,14,apf_rho0,3.0,length_ratio,
APF,blocked_road,15,apf_rho0,3.0,length_ratio,
APF,blocked_road,16,apf_rho0,3.0,length_ratio,
APF,blocked_road,17,apf_rho0,3.0,length_ratio,
APF,blocked_road,18,apf_rho0,3.0,length_ratio,1.3698
APF,blocked_road,19,apf_rho0,3.0,length_ratio,
APF,blocked_road,20,apf_rho0,3.0,length_ratio,
APF,blocked_road,21,apf_rho0,3.0,length_ratio,
APF,blocked_road,22,apf_rho0,3.0,length_ratio,
APF,blocked_road,23,apf_rho0,3.0,length_ratio,
APF,blocked_road,24,apf_rho0,3.0,length_ratio,
APF,blocked_road,25,apf_rho0,3.0,length_ratio,1.1838
APF,blocked_road,26,apf_rho0,3.0,length_ratio,
APF,blocked_road,27,apf_rho0,3.0,length_ratio,
APF,blocked_road,28,apf_rho0,3.0,length_ratio,
APF,blocked_road,29,apf_rho0,3.0,length_ratio,
APF,dense_city,0,apf_rho0,3.0,length_ratio,
APF,dense_city,1,apf_rho0,3.0,length_ratio,
APF,dense_city,2,apf_rho0,3.0,length_ratio,
APF,dense_city,3,apf_rho0,3.0,length_ratio,
APF,dense_city,4,apf_rho0,3.0,length_ratio,
APF,dense_city,5,apf_rho0,3.0,length_ratio,
APF,dense_city,6,apf_rho0,3.0,length_ratio,
APF,dense_city,7,apf_rho0,3.0,length_ratio,
APF,dense_city,8,apf_rho0,3.0,length_ratio,
APF,dense_city,9,apf_rho0,3.0,length_ratio,
APF,dense_city,10,apf_rho0,3.0,length_ratio,
APF,dense_city,11,apf_rho0,3.0,length_ratio,
APF,dense_city,12,apf_rho0,3.0,length_ratio,
APF,dense_city,13,apf_rho0,3.0,length_ratio,
APF,dense_city,14,apf_rho0,3.0,length_ratio,
APF,dense_city,15,apf_rho0,3.0,length_ratio,
APF,dense_city,16,apf_rho0,3.0,length_ratio,
APF,dense_city,17,apf_rho0,3.0,length_ratio,
APF,dense_city,18,apf_rho0,3.0,length_ratio,
APF,dense_city,19,apf_rho0,3.0,length_ratio,
APF,dense_city,20,apf_rho0,3.0,length_ratio,
APF,dense_city,21,apf_rho0,3.0,length_ratio,
APF,dense_city,22,apf_rho0,3.0,length_ratio,
APF,dense_city,23,apf_rho0,3.0,length_ratio,
APF,dense_city,24,apf_rho0,3.0,length_ratio,
APF,dense_city,25,apf_rho0,3.0,length_ratio,
APF,dense_city,26,apf_rho0,3.0,length_ratio,
APF,dense_city,27,apf_rho0,3.0,length_ratio,
APF,dense_city,28,apf_rho0,3.0,length_ratio,
APF,dense_city,29,apf_rho0,3.0,length_ratio,
APF,normal_city,0,apf_rho0,4.5,length_ratio,1.2473
APF,normal_city,1,apf_rho0,4.5,length_ratio,1.2776
APF,normal_city,2,apf_rho0,4.5,length_ratio,1.2776
APF,normal_city,3,apf_rho0,4.5,length_ratio,1.3051
APF,normal_city,4,apf_rho0,4.5,length_ratio,1.2766
APF,normal_city,5,apf_rho0,4.5,length_ratio,1.2627
APF,normal_city,6,apf_rho0,4.5,length_ratio,
APF,normal_city,7,apf_rho0,4.5,length_ratio,1.2726
APF,normal_city,8,apf_rho0,4.5,length_ratio,1.3355
APF,normal_city,9,apf_rho0,4.5,length_ratio,
APF,normal_city,10,apf_rho0,4.5,length_ratio,1.2273
APF,normal_city,11,apf_rho0,4.5,length_ratio,1.3706
APF,normal_city,12,apf_rho0,4.5,length_ratio,
APF,normal_city,13,apf_rho0,4.5,length_ratio,1.242
APF,normal_city,14,apf_rho0,4.5,length_ratio,1.2276
APF,normal_city,15,apf_rho0,4.5,length_ratio,1.2422
APF,normal_city,16,apf_rho0,4.5,length_ratio,1.2079
APF,normal_city,17,apf_rho0,4.5,length_ratio,
APF,normal_city,18,apf_rho0,4.5,length_ratio,1.2131
APF,normal_city,19,apf_rho0,4.5,length_ratio,
APF,normal_city,20,apf_rho0,4.5,length_ratio,1.2324
APF,normal_city,21,apf_rho0,4.5,length_ratio,1.2815
APF,normal_city,22,apf_rho0,4.5,length_ratio,1.3551
APF,normal_city,23,apf_rho0,4.5,length_ratio,
APF,normal_city,24,apf_rho0,4.5,length_ratio,1.2815
APF,normal_city,25,apf_rho0,4.5,length_ratio,1.2422
APF,normal_city,26,apf_rho0,4.5,length_ratio,1.2227
APF,normal_city,27,apf_rho0,4.5,length_ratio,1.3447
APF,normal_city,28,apf_rho0,4.5,length_ratio,1.2677
APF,normal_city,29,apf_rho0,4.5,length_ratio,1.2226
APF,blocked_road,0,apf_rho0,4.5,length_ratio,
APF,blocked_road,1,apf_rho0,4.5,length_ratio,
APF,blocked_road,2,apf_rho0,4.5,length_ratio,
APF,blocked_road,3,apf_rho0,4.5,length_ratio,
APF,blocked_road,4,apf_rho0,4.5,length_ratio,
APF,blocked_road,5,apf_rho0,4.5,length_ratio,
APF,blocked_road,6,apf_rho0,4.5,length_ratio,
APF,blocked_road,7,apf_rho0,4.5,length_ratio,1.2689
APF,blocked_road,8,apf_rho0,4.5,length_ratio,
APF,blocked_road,9,apf_rho0,4.5,length_ratio,
APF,blocked_road,10,apf_rho0,4.5,length_ratio,
APF,blocked_road,11,apf_rho0,4.5,length_ratio,
APF,blocked_road,12,apf_rho0,4.5,length_ratio,
APF,blocked_road,13,apf_rho0,4.5,length_ratio,1.3968
APF,blocked_road,14,apf_rho0,4.5,length_ratio,
APF,blocked_road,15,apf_rho0,4.5,length_ratio,
APF,blocked_road,16,apf_rho0,4.5,length_ratio,
APF,blocked_road,17,apf_rho0,4.5,length_ratio,
APF,blocked_road,18,apf_rho0,4.5,length_ratio,1.4604
APF,blocked_road,19,apf_rho0,4.5,length_ratio,
APF,blocked_road,20,apf_rho0,4.5,length_ratio,
APF,blocked_road,21,apf_rho0,4.5,length_ratio,
APF,blocked_road,22,apf_rho0,4.5,length_ratio,
APF,blocked_road,23,apf_rho0,4.5,length_ratio,
APF,blocked_road,24,apf_rho0,4.5,length_ratio,
APF,blocked_road,25,apf_rho0,4.5,length_ratio,
APF,blocked_road,26,apf_rho0,4.5,length_ratio,
APF,blocked_road,27,apf_rho0,4.5,length_ratio,
APF,blocked_road,28,apf_rho0,4.5,length_ratio,
APF,blocked_road,29,apf_rho0,4.5,length_ratio,
APF,dense_city,0,apf_rho0,4.5,length_ratio,
APF,dense_city,1,apf_rho0,4.5,length_ratio,
APF,dense_city,2,apf_rho0,4.5,length_ratio,
APF,dense_city,3,apf_rho0,4.5,length_ratio,
APF,dense_city,4,apf_rho0,4.5,length_ratio,
APF,dense_city,5,apf_rho0,4.5,length_ratio,
APF,dense_city,6,apf_rho0,4.5,length_ratio,
APF,dense_city,7,apf_rho0,4.5,length_ratio,
APF,dense_city,8,apf_rho0,4.5,length_ratio,1.4318
APF,dense_city,9,apf_rho0,4.5,length_ratio,
APF,dense_city,10,apf_rho0,4.5,length_ratio,1.3567
APF,dense_city,11,apf_rho0,4.5,length_ratio,
APF,dense_city,12,apf_rho0,4.5,length_ratio,
APF,dense_city,13,apf_rho0,4.5,length_ratio,
APF,dense_city,14,apf_rho0,4.5,length_ratio,
APF,dense_city,15,apf_rho0,4.5,length_ratio,
APF,dense_city,16,apf_rho0,4.5,length_ratio,
APF,dense_city,17,apf_rho0,4.5,length_ratio,
APF,dense_city,18,apf_rho0,4.5,length_ratio,
APF,dense_city,19,apf_rho0,4.5,length_ratio,
APF,dense_city,20,apf_rho0,4.5,length_ratio,1.3567
APF,dense_city,21,apf_rho0,4.5,length_ratio,1.3691
APF,dense_city,22,apf_rho0,4.5,length_ratio,
APF,dense_city,23,apf_rho0,4.5,length_ratio,
APF,dense_city,24,apf_rho0,4.5,length_ratio,
APF,dense_city,25,apf_rho0,4.5,length_ratio,
APF,dense_city,26,apf_rho0,4.5,length_ratio,
APF,dense_city,27,apf_rho0,4.5,length_ratio,
APF,dense_city,28,apf_rho0,4.5,length_ratio,
APF,dense_city,29,apf_rho0,4.5,length_ratio,
APF,normal_city,0,apf_rho0,6.0,length_ratio,1.2473
APF,normal_city,1,apf_rho0,6.0,length_ratio,1.3025
APF,normal_city,2,apf_rho0,6.0,length_ratio,1.2875
APF,normal_city,3,apf_rho0,6.0,length_ratio,1.3197
APF,normal_city,4,apf_rho0,6.0,length_ratio,1.2913
APF,normal_city,5,apf_rho0,6.0,length_ratio,1.2577
APF,normal_city,6,apf_rho0,6.0,length_ratio,
APF,normal_city,7,apf_rho0,6.0,length_ratio,1.2726
APF,normal_city,8,apf_rho0,6.0,length_ratio,1.3404
APF,normal_city,9,apf_rho0,6.0,length_ratio,
APF,normal_city,10,apf_rho0,6.0,length_ratio,1.242
APF,normal_city,11,apf_rho0,6.0,length_ratio,1.4445
APF,normal_city,12,apf_rho0,6.0,length_ratio,
APF,normal_city,13,apf_rho0,6.0,length_ratio,1.2616
APF,normal_city,14,apf_rho0,6.0,length_ratio,1.2375
APF,normal_city,15,apf_rho0,6.0,length_ratio,1.252
APF,normal_city,16,apf_rho0,6.0,length_ratio,1.2277
APF,normal_city,17,apf_rho0,6.0,length_ratio,
APF,normal_city,18,apf_rho0,6.0,length_ratio,1.2332
APF,normal_city,19,apf_rho0,6.0,length_ratio,
APF,normal_city,20,apf_rho0,6.0,length_ratio,1.2422
APF,normal_city,21,apf_rho0,6.0,length_ratio,1.2913
APF,normal_city,22,apf_rho0,6.0,length_ratio,1.3748
APF,normal_city,23,apf_rho0,6.0,length_ratio,
APF,normal_city,24,apf_rho0,6.0,length_ratio,1.3011
APF,normal_city,25,apf_rho0,6.0,length_ratio,1.2618
APF,normal_city,26,apf_rho0,6.0,length_ratio,1.2424
APF,normal_city,27,apf_rho0,6.0,length_ratio,1.3789
APF,normal_city,28,apf_rho0,6.0,length_ratio,1.2875
APF,normal_city,29,apf_rho0,6.0,length_ratio,1.252
APF,blocked_road,0,apf_rho0,6.0,length_ratio,
APF,blocked_road,1,apf_rho0,6.0,length_ratio,
APF,blocked_road,2,apf_rho0,6.0,length_ratio,
APF,blocked_road,3,apf_rho0,6.0,length_ratio,
APF,blocked_road,4,apf_rho0,6.0,length_ratio,
APF,blocked_road,5,apf_rho0,6.0,length_ratio,
APF,blocked_road,6,apf_rho0,6.0,length_ratio,
APF,blocked_road,7,apf_rho0,6.0,length_ratio,1.2831
APF,blocked_road,8,apf_rho0,6.0,length_ratio,
APF,blocked_road,9,apf_rho0,6.0,length_ratio,
APF,blocked_road,10,apf_rho0,6.0,length_ratio,
APF,blocked_road,11,apf_rho0,6.0,length_ratio,
APF,blocked_road,12,apf_rho0,6.0,length_ratio,
APF,blocked_road,13,apf_rho0,6.0,length_ratio,1.4489
APF,blocked_road,14,apf_rho0,6.0,length_ratio,
APF,blocked_road,15,apf_rho0,6.0,length_ratio,
APF,blocked_road,16,apf_rho0,6.0,length_ratio,
APF,blocked_road,17,apf_rho0,6.0,length_ratio,
APF,blocked_road,18,apf_rho0,6.0,length_ratio,1.4652
APF,blocked_road,19,apf_rho0,6.0,length_ratio,
APF,blocked_road,20,apf_rho0,6.0,length_ratio,
APF,blocked_road,21,apf_rho0,6.0,length_ratio,
APF,blocked_road,22,apf_rho0,6.0,length_ratio,
APF,blocked_road,23,apf_rho0,6.0,length_ratio,
APF,blocked_road,24,apf_rho0,6.0,length_ratio,
APF,blocked_road,25,apf_rho0,6.0,length_ratio,
APF,blocked_road,26,apf_rho0,6.0,length_ratio,
APF,blocked_road,27,apf_rho0,6.0,length_ratio,
APF,blocked_road,28,apf_rho0,6.0,length_ratio,
APF,blocked_road,29,apf_rho0,6.0,length_ratio,
APF,dense_city,0,apf_rho0,6.0,length_ratio,
APF,dense_city,1,apf_rho0,6.0,length_ratio,
APF,dense_city,2,apf_rho0,6.0,length_ratio,
APF,dense_city,3,apf_rho0,6.0,length_ratio,
APF,dense_city,4,apf_rho0,6.0,length_ratio,
APF,dense_city,5,apf_rho0,6.0,length_ratio,
APF,dense_city,6,apf_rho0,6.0,length_ratio,
APF,dense_city,7,apf_rho0,6.0,length_ratio,
APF,dense_city,8,apf_rho0,6.0,length_ratio,1.4509
APF,dense_city,9,apf_rho0,6.0,length_ratio,
APF,dense_city,10,apf_rho0,6.0,length_ratio,1.3808
APF,dense_city,11,apf_rho0,6.0,length_ratio,
APF,dense_city,12,apf_rho0,6.0,length_ratio,
APF,dense_city,13,apf_rho0,6.0,length_ratio,
APF,dense_city,14,apf_rho0,6.0,length_ratio,
APF,dense_city,15,apf_rho0,6.0,length_ratio,
APF,dense_city,16,apf_rho0,6.0,length_ratio,
APF,dense_city,17,apf_rho0,6.0,length_ratio,
APF,dense_city,18,apf_rho0,6.0,length_ratio,
APF,dense_city,19,apf_rho0,6.0,length_ratio,
APF,dense_city,20,apf_rho0,6.0,length_ratio,1.3808
APF,dense_city,21,apf_rho0,6.0,length_ratio,1.3976
APF,dense_city,22,apf_rho0,6.0,length_ratio,
APF,dense_city,23,apf_rho0,6.0,length_ratio,
APF,dense_city,24,apf_rho0,6.0,length_ratio,
APF,dense_city,25,apf_rho0,6.0,length_ratio,
APF,dense_city,26,apf_rho0,6.0,length_ratio,
APF,dense_city,27,apf_rho0,6.0,length_ratio,
APF,dense_city,28,apf_rho0,6.0,length_ratio,
APF,dense_city,29,apf_rho0,6.0,length_ratio,
APF,normal_city,0,apf_rho0,1.5,curvature,
APF,normal_city,1,apf_rho0,1.5,curvature,
APF,normal_city,2,apf_rho0,1.5,curvature,
APF,normal_city,3,apf_rho0,1.5,curvature,
APF,normal_city,4,apf_rho0,1.5,curvature,
APF,normal_city,5,apf_rho0,1.5,curvature,
APF,normal_city,6,apf_rho0,1.5,curvature,
APF,normal_city,7,apf_rho0,1.5,curvature,
APF,normal_city,8,apf_rho0,1.5,curvature,
APF,normal_city,9,apf_rho0,1.5,curvature,
APF,normal_city,10,apf_rho0,1.5,curvature,
APF,normal_city,11,apf_rho0,1.5,curvature,
APF,normal_city,12,apf_rho0,1.5,curvature,
APF,normal_city,13,apf_rho0,1.5,curvature,
APF,normal_city,14,apf_rho0,1.5,curvature,
APF,normal_city,15,apf_rho0,1.5,curvature,
APF,normal_city,16,apf_rho0,1.5,curvature,
APF,normal_city,17,apf_rho0,1.5,curvature,
APF,normal_city,18,apf_rho0,1.5,curvature,
APF,normal_city,19,apf_rho0,1.5,curvature,
APF,normal_city,20,apf_rho0,1.5,curvature,
APF,normal_city,21,apf_rho0,1.5,curvature,
APF,normal_city,22,apf_rho0,1.5,curvature,
APF,normal_city,23,apf_rho0,1.5,curvature,
APF,normal_city,24,apf_rho0,1.5,curvature,
APF,normal_city,25,apf_rho0,1.5,curvature,
APF,normal_city,26,apf_rho0,1.5,curvature,
APF,normal_city,27,apf_rho0,1.5,curvature,
APF,normal_city,28,apf_rho0,1.5,curvature,
APF,normal_city,29,apf_rho0,1.5,curvature,
APF,blocked_road,0,apf_rho0,1.5,curvature,
APF,blocked_road,1,apf_rho0,1.5,curvature,
APF,blocked_road,2,apf_rho0,1.5,curvature,
APF,blocked_road,3,apf_rho0,1.5,curvature,
APF,blocked_road,4,apf_rho0,1.5,curvature,
APF,blocked_road,5,apf_rho0,1.5,curvature,
APF,blocked_road,6,apf_rho0,1.5,curvature,
APF,blocked_road,7,apf_rho0,1.5,curvature,
APF,blocked_road,8,apf_rho0,1.5,curvature,
APF,blocked_road,9,apf_rho0,1.5,curvature,
APF,blocked_road,10,apf_rho0,1.5,curvature,
APF,blocked_road,11,apf_rho0,1.5,curvature,
APF,blocked_road,12,apf_rho0,1.5,curvature,
APF,blocked_road,13,apf_rho0,1.5,curvature,
APF,blocked_road,14,apf_rho0,1.5,curvature,
APF,blocked_road,15,apf_rho0,1.5,curvature,
APF,blocked_road,16,apf_rho0,1.5,curvature,
APF,blocked_road,17,apf_rho0,1.5,curvature,
APF,blocked_road,18,apf_rho0,1.5,curvature,
APF,blocked_road,19,apf_rho0,1.5,curvature,
APF,blocked_road,20,apf_rho0,1.5,curvature,
APF,blocked_road,21,apf_rho0,1.5,curvature,
APF,blocked_road,22,apf_rho0,1.5,curvature,
APF,blocked_road,23,apf_rho0,1.5,curvature,
APF,blocked_road,24,apf_rho0,1.5,curvature,
APF,blocked_road,25,apf_rho0,1.5,curvature,
APF,blocked_road,26,apf_rho0,1.5,curvature,
APF,blocked_road,27,apf_rho0,1.5,curvature,
APF,blocked_road,28,apf_rho0,1.5,curvature,
APF,blocked_road,29,apf_rho0,1.5,curvature,
APF,dense_city,0,apf_rho0,1.5,curvature,
APF,dense_city,1,apf_rho0,1.5,curvature,
APF,dense_city,2,apf_rho0,1.5,curvature,
APF,dense_city,3,apf_rho0,1.5,curvature,
APF,dense_city,4,apf_rho0,1.5,curvature,
APF,dense_city,5,apf_rho0,1.5,curvature,
APF,dense_city,6,apf_rho0,1.5,curvature,
APF,dense_city,7,apf_rho0,1.5,curvature,
APF,dense_city,8,apf_rho0,1.5,curvature,
APF,dense_city,9,apf_rho0,1.5,curvature,
APF,dense_city,10,apf_rho0,1.5,curvature,
APF,dense_city,11,apf_rho0,1.5,curvature,
APF,dense_city,12,apf_rho0,1.5,curvature,
APF,dense_city,13,apf_rho0,1.5,curvature,
APF,dense_city,14,apf_rho0,1.5,curvature,
APF,dense_city,15,apf_rho0,1.5,curvature,
APF,dense_city,16,apf_rho0,1.5,curvature,
APF,dense_city,17,apf_rho0,1.5,curvature,
APF,dense_city,18,apf_rho0,1.5,curvature,
APF,dense_city,19,apf_rho0,1.5,curvature,
APF,dense_city,20,apf_rho0,1.5,curvature,
APF,dense_city,21,apf_rho0,1.5,curvature,
APF,dense_city,22,apf_rho0,1.5,curvature,
APF,dense_city,23,apf_rho0,1.5,curvature,
APF,dense_city,24,apf_rho0,1.5,curvature,
APF,dense_city,25,apf_rho0,1.5,curvature,
APF,dense_city,26,apf_rho0,1.5,curvature,
APF,dense_city,27,apf_rho0,1.5,curvature,
APF,dense_city,28,apf_rho0,1.5,curvature,
APF,dense_city,29,apf_rho0,1.5,curvature,
APF,normal_city,0,apf_rho0,2.0,curvature,
APF,normal_city,1,apf_rho0,2.0,curvature,
APF,normal_city,2,apf_rho0,2.0,curvature,
APF,normal_city,3,apf_rho0,2.0,curvature,
APF,normal_city,4,apf_rho0,2.0,curvature,
APF,normal_city,5,apf_rho0,2.0,curvature,
APF,normal_city,6,apf_rho0,2.0,curvature,
APF,normal_city,7,apf_rho0,2.0,curvature,
APF,normal_city,8,apf_rho0,2.0,curvature,
APF,normal_city,9,apf_rho0,2.0,curvature,
APF,normal_city,10,apf_rho0,2.0,curvature,
APF,normal_city,11,apf_rho0,2.0,curvature,
APF,normal_city,12,apf_rho0,2.0,curvature,
APF,normal_city,13,apf_rho0,2.0,curvature,
APF,normal_city,14,apf_rho0,2.0,curvature,
APF,normal_city,15,apf_rho0,2.0,curvature,
APF,normal_city,16,apf_rho0,2.0,curvature,
APF,normal_city,17,apf_rho0,2.0,curvature,
APF,normal_city,18,apf_rho0,2.0,curvature,
APF,normal_city,19,apf_rho0,2.0,curvature,
APF,normal_city,20,apf_rho0,2.0,curvature,
APF,normal_city,21,apf_rho0,2.0,curvature,
APF,normal_city,22,apf_rho0,2.0,curvature,
APF,normal_city,23,apf_rho0,2.0,curvature,
APF,normal_city,24,apf_rho0,2.0,curvature,
APF,normal_city,25,apf_rho0,2.0,curvature,
APF,normal_city,26,apf_rho0,2.0,curvature,
APF,normal_city,27,apf_rho0,2.0,curvature,
APF,normal_city,28,apf_rho0,2.0,curvature,
APF,normal_city,29,apf_rho0,2.0,curvature,
APF,blocked_road,0,apf_rho0,2.0,curvature,
APF,blocked_road,1,apf_rho0,2.0,curvature,
APF,blocked_road,2,apf_rho0,2.0,curvature,
APF,blocked_road,3,apf_rho0,2.0,curvature,
APF,blocked_road,4,apf_rho0,2.0,curvature,
APF,blocked_road,5,apf_rho0,2.0,curvature,
APF,blocked_road,6,apf_rho0,2.0,curvature,
APF,blocked_road,7,apf_rho0,2.0,curvature,
APF,blocked_road,8,apf_rho0,2.0,curvature,
APF,blocked_road,9,apf_rho0,2.0,curvature,
APF,blocked_road,10,apf_rho0,2.0,curvature,
APF,blocked_road,11,apf_rho0,2.0,curvature,
APF,blocked_road,12,apf_rho0,2.0,curvature,
APF,blocked_road,13,apf_rho0,2.0,curvature,
APF,blocked_road,14,apf_rho0,2.0,curvature,
APF,blocked_road,15,apf_rho0,2.0,curvature,
APF,blocked_road,16,apf_rho0,2.0,curvature,
APF,blocked_road,17,apf_rho0,2.0,curvature,
APF,blocked_road,18,apf_rho0,2.0,curvature,
APF,blocked_road,19,apf_rho0,2.0,curvature,
APF,blocked_road,20,apf_rho0,2.0,curvature,
APF,blocked_road,21,apf_rho0,2.0,curvature,
APF,blocked_road,22,apf_rho0,2.0,curvature,
APF,blocked_road,23,apf_rho0,2.0,curvature,
APF,blocked_road,24,apf_rho0,2.0,curvature,
APF,blocked_road,25,apf_rho0,2.0,curvature,
APF,blocked_road,26,apf_rho0,2.0,curvature,
APF,blocked_road,27,apf_rho0,2.0,curvature,
APF,blocked_road,28,apf_rho0,2.0,curvature,
APF,blocked_road,29,apf_rho0,2.0,curvature,
APF,dense_city,0,apf_rho0,2.0,curvature,
APF,dense_city,1,apf_rho0,2.0,curvature,
APF,dense_city,2,apf_rho0,2.0,curvature,
APF,dense_city,3,apf_rho0,2.0,curvature,
APF,dense_city,4,apf_rho0,2.0,curvature,
APF,dense_city,5,apf_rho0,2.0,curvature,
APF,dense_city,6,apf_rho0,2.0,curvature,
APF,dense_city,7,apf_rho0,2.0,curvature,
APF,dense_city,8,apf_rho0,2.0,curvature,
APF,dense_city,9,apf_rho0,2.0,curvature,
APF,dense_city,10,apf_rho0,2.0,curvature,
APF,dense_city,11,apf_rho0,2.0,curvature,
APF,dense_city,12,apf_rho0,2.0,curvature,
APF,dense_city,13,apf_rho0,2.0,curvature,
APF,dense_city,14,apf_rho0,2.0,curvature,
APF,dense_city,15,apf_rho0,2.0,curvature,
APF,dense_city,16,apf_rho0,2.0,curvature,
APF,dense_city,17,apf_rho0,2.0,curvature,
APF,dense_city,18,apf_rho0,2.0,curvature,
APF,dense_city,19,apf_rho0,2.0,curvature,
APF,dense_city,20,apf_rho0,2.0,curvature,
APF,dense_city,21,apf_rho0,2.0,curvature,
APF,dense_city,22,apf_rho0,2.0,curvature,
APF,dense_city,23,apf_rho0,2.0,curvature,
APF,dense_city,24,apf_rho0,2.0,curvature,
APF,dense_city,25,apf_rho0,2.0,curvature,
APF,dense_city,26,apf_rho0,2.0,curvature,
APF,dense_city,27,apf_rho0,2.0,curvature,
APF,dense_city,28,apf_rho0,2.0,curvature,
APF,dense_city,29,apf_rho0,2.0,curvature,
APF,normal_city,0,apf_rho0,3.0,curvature,1.103
APF,normal_city,1,apf_rho0,3.0,curvature,1.0713
APF,normal_city,2,apf_rho0,3.0,curvature,1.1158
APF,normal_city,3,apf_rho0,3.0,curvature,1.2066
APF,normal_city,4,apf_rho0,3.0,curvature,1.1226
APF,normal_city,5,apf_rho0,3.0,curvature,1.1345
APF,normal_city,6,apf_rho0,3.0,curvature,
APF,normal_city,7,apf_rho0,3.0,curvature,1.1562
APF,normal_city,8,apf_rho0,3.0,curvature,1.2025
APF,normal_city,9,apf_rho0,3.0,curvature,
APF,normal_city,10,apf_rho0,3.0,curvature,0.9964
APF,normal_city,11,apf_rho0,3.0,curvature,1.2698
APF,normal_city,12,apf_rho0,3.0,curvature,
APF,normal_city,13,apf_rho0,3.0,curvature,1.0704
APF,normal_city,14,apf_rho0,3.0,curvature,1.0393
APF,normal_city,15,apf_rho0,3.0,curvature,1.0973
APF,normal_city,16,apf_rho0,3.0,curvature,0.9981
APF,normal_city,17,apf_rho0,3.0,curvature,
APF,normal_city,18,apf_rho0,3.0,curvature,0.9975
APF,normal_city,19,apf_rho0,3.0,curvature,
APF,normal_city,20,apf_rho0,3.0,curvature,1.0381
APF,normal_city,21,apf_rho0,3.0,curvature,1.1062
APF,normal_city,22,apf_rho0,3.0,curvature,1.2287
APF,normal_city,23,apf_rho0,3.0,curvature,
APF,normal_city,24,apf_rho0,3.0,curvature,1.0885
APF,normal_city,25,apf_rho0,3.0,curvature,1.0472
APF,normal_city,26,apf_rho0,3.0,curvature,1.0486
APF,normal_city,27,apf_rho0,3.0,curvature,1.3511
APF,normal_city,28,apf_rho0,3.0,curvature,1.118
APF,normal_city,29,apf_rho0,3.0,curvature,1.0144
APF,blocked_road,0,apf_rho0,3.0,curvature,
APF,blocked_road,1,apf_rho0,3.0,curvature,
APF,blocked_road,2,apf_rho0,3.0,curvature,
APF,blocked_road,3,apf_rho0,3.0,curvature,
APF,blocked_road,4,apf_rho0,3.0,curvature,
APF,blocked_road,5,apf_rho0,3.0,curvature,
APF,blocked_road,6,apf_rho0,3.0,curvature,
APF,blocked_road,7,apf_rho0,3.0,curvature,1.0018
APF,blocked_road,8,apf_rho0,3.0,curvature,
APF,blocked_road,9,apf_rho0,3.0,curvature,
APF,blocked_road,10,apf_rho0,3.0,curvature,
APF,blocked_road,11,apf_rho0,3.0,curvature,
APF,blocked_road,12,apf_rho0,3.0,curvature,
APF,blocked_road,13,apf_rho0,3.0,curvature,1.0491
APF,blocked_road,14,apf_rho0,3.0,curvature,
APF,blocked_road,15,apf_rho0,3.0,curvature,
APF,blocked_road,16,apf_rho0,3.0,curvature,
APF,blocked_road,17,apf_rho0,3.0,curvature,
APF,blocked_road,18,apf_rho0,3.0,curvature,1.3416
APF,blocked_road,19,apf_rho0,3.0,curvature,
APF,blocked_road,20,apf_rho0,3.0,curvature,
APF,blocked_road,21,apf_rho0,3.0,curvature,
APF,blocked_road,22,apf_rho0,3.0,curvature,
APF,blocked_road,23,apf_rho0,3.0,curvature,
APF,blocked_road,24,apf_rho0,3.0,curvature,
APF,blocked_road,25,apf_rho0,3.0,curvature,0.8534
APF,blocked_road,26,apf_rho0,3.0,curvature,
APF,blocked_road,27,apf_rho0,3.0,curvature,
APF,blocked_road,28,apf_rho0,3.0,curvature,
APF,blocked_road,29,apf_rho0,3.0,curvature,
APF,dense_city,0,apf_rho0,3.0,curvature,
APF,dense_city,1,apf_rho0,3.0,curvature,
APF,dense_city,2,apf_rho0,3.0,curvature,
APF,dense_city,3,apf_rho0,3.0,curvature,
APF,dense_city,4,apf_rho0,3.0,curvature,
APF,dense_city,5,apf_rho0,3.0,curvature,
APF,dense_city,6,apf_rho0,3.0,curvature,
APF,dense_city,7,apf_rho0,3.0,curvature,
APF,dense_city,8,apf_rho0,3.0,curvature,
APF,dense_city,9,apf_rho0,3.0,curvature,
APF,dense_city,10,apf_rho0,3.0,curvature,
APF,dense_city,11,apf_rho0,3.0,curvature,
APF,dense_city,12,apf_rho0,3.0,curvature,
APF,dense_city,13,apf_rho0,3.0,curvature,
APF,dense_city,14,apf_rho0,3.0,curvature,
APF,dense_city,15,apf_rho0,3.0,curvature,
APF,dense_city,16,apf_rho0,3.0,curvature,
APF,dense_city,17,apf_rho0,3.0,curvature,
APF,dense_city,18,apf_rho0,3.0,curvature,
APF,dense_city,19,apf_rho0,3.0,curvature,
APF,dense_city,20,apf_rho0,3.0,curvature,
APF,dense_city,21,apf_rho0,3.0,curvature,
APF,dense_city,22,apf_rho0,3.0,curvature,
APF,dense_city,23,apf_rho0,3.0,curvature,
APF,dense_city,24,apf_rho0,3.0,curvature,
APF,dense_city,25,apf_rho0,3.0,curvature,
APF,dense_city,26,apf_rho0,3.0,curvature,
APF,dense_city,27,apf_rho0,3.0,curvature,
APF,dense_city,28,apf_rho0,3.0,curvature,
APF,dense_city,29,apf_rho0,3.0,curvature,
APF,normal_city,0,apf_rho0,4.5,curvature,1.1485
APF,normal_city,1,apf_rho0,4.5,curvature,1.1733
APF,normal_city,2,apf_rho0,4.5,curvature,1.1907
APF,normal_city,3,apf_rho0,4.5,curvature,1.3055
APF,normal_city,4,apf_rho0,4.5,curvature,1.2057
APF,normal_city,5,apf_rho0,4.5,curvature,1.1618
APF,normal_city,6,apf_rho0,4.5,curvature,
APF,normal_city,7,apf_rho0,4.5,curvature,1.1841
APF,normal_city,8,apf_rho0,4.5,curvature,1.3621
APF,normal_city,9,apf_rho0,4.5,curvature,
APF,normal_city,10,apf_rho0,4.5,curvature,1.1356
APF,normal_city,11,apf_rho0,4.5,curvature,1.4719
APF,normal_city,12,apf_rho0,4.5,curvature,
APF,normal_city,13,apf_rho0,4.5,curvature,1.0564
APF,normal_city,14,apf_rho0,4.5,curvature,1.0892
APF,normal_city,15,apf_rho0,4.5,curvature,1.1413
APF,normal_city,16,apf_rho0,4.5,curvature,1.0843
APF,normal_city,17,apf_rho0,4.5,curvature,
APF,normal_city,18,apf_rho0,4.5,curvature,1.0351
APF,normal_city,19,apf_rho0,4.5,curvature,
APF,normal_city,20,apf_rho0,4.5,curvature,1.135
APF,normal_city,21,apf_rho0,4.5,curvature,1.2913
APF,normal_city,22,apf_rho0,4.5,curvature,1.398
APF,normal_city,23,apf_rho0,4.5,curvature,
APF,normal_city,24,apf_rho0,4.5,curvature,1.2431
APF,normal_city,25,apf_rho0,4.5,curvature,1.1408
APF,normal_city,26,apf_rho0,4.5,curvature,1.0771
APF,normal_city,27,apf_rho0,4.5,curvature,1.4442
APF,normal_city,28,apf_rho0,4.5,curvature,1.182
APF,normal_city,29,apf_rho0,4.5,curvature,1.1205
APF,blocked_road,0,apf_rho0,4.5,curvature,
APF,blocked_road,1,apf_rho0,4.5,curvature,
APF,blocked_road,2,apf_rho0,4.5,curvature,
APF,blocked_road,3,apf_rho0,4.5,curvature,
APF,blocked_road,4,apf_rho0,4.5,curvature,
APF,blocked_road,5,apf_rho0,4.5,curvature,
APF,blocked_road,6,apf_rho0,4.5,curvature,
APF,blocked_road,7,apf_rho0,4.5,curvature,1.2071
APF,blocked_road,8,apf_rho0,4.5,curvature,
APF,blocked_road,9,apf_rho0,4.5,curvature,
APF,blocked_road,10,apf_rho0,4.5,curvature,
APF,blocked_road,11,apf_rho0,4.5,curvature,
APF,blocked_road,12,apf_rho0,4.5,curvature,
APF,blocked_road,13,apf_rho0,4.5,curvature,1.4588
APF,blocked_road,14,apf_rho0,4.5,curvature,
APF,blocked_road,15,apf_rho0,4.5,curvature,
APF,blocked_road,16,apf_rho0,4.5,curvature,
APF,blocked_road,17,apf_rho0,4.5,curvature,
APF,blocked_road,18,apf_rho0,4.5,curvature,1.6089
APF,blocked_road,19,apf_rho0,4.5,curvature,
APF,blocked_road,20,apf_rho0,4.5,curvature,
APF,blocked_road,21,apf_rho0,4.5,curvature,
APF,blocked_road,22,apf_rho0,4.5,curvature,
APF,blocked_road,23,apf_rho0,4.5,curvature,
APF,blocked_road,24,apf_rho0,4.5,curvature,
APF,blocked_road,25,apf_rho0,4.5,curvature,
APF,blocked_road,26,apf_rho0,4.5,curvature,
APF,blocked_road,27,apf_rho0,4.5,curvature,
APF,blocked_road,28,apf_rho0,4.5,curvature,
APF,blocked_road,29,apf_rho0,4.5,curvature,
APF,dense_city,0,apf_rho0,4.5,curvature,
APF,dense_city,1,apf_rho0,4.5,curvature,
APF,dense_city,2,apf_rho0,4.5,curvature,
APF,dense_city,3,apf_rho0,4.5,curvature,
APF,dense_city,4,apf_rho0,4.5,curvature,
APF,dense_city,5,apf_rho0,4.5,curvature,
APF,dense_city,6,apf_rho0,4.5,curvature,
APF,dense_city,7,apf_rho0,4.5,curvature,
APF,dense_city,8,apf_rho0,4.5,curvature,1.5954
APF,dense_city,9,apf_rho0,4.5,curvature,
APF,dense_city,10,apf_rho0,4.5,curvature,1.3874
APF,dense_city,11,apf_rho0,4.5,curvature,
APF,dense_city,12,apf_rho0,4.5,curvature,
APF,dense_city,13,apf_rho0,4.5,curvature,
APF,dense_city,14,apf_rho0,4.5,curvature,
APF,dense_city,15,apf_rho0,4.5,curvature,
APF,dense_city,16,apf_rho0,4.5,curvature,
APF,dense_city,17,apf_rho0,4.5,curvature,
APF,dense_city,18,apf_rho0,4.5,curvature,
APF,dense_city,19,apf_rho0,4.5,curvature,
APF,dense_city,20,apf_rho0,4.5,curvature,1.3878
APF,dense_city,21,apf_rho0,4.5,curvature,1.5272
APF,dense_city,22,apf_rho0,4.5,curvature,
APF,dense_city,23,apf_rho0,4.5,curvature,
APF,dense_city,24,apf_rho0,4.5,curvature,
APF,dense_city,25,apf_rho0,4.5,curvature,
APF,dense_city,26,apf_rho0,4.5,curvature,
APF,dense_city,27,apf_rho0,4.5,curvature,
APF,dense_city,28,apf_rho0,4.5,curvature,
APF,dense_city,29,apf_rho0,4.5,curvature,
APF,normal_city,0,apf_rho0,6.0,curvature,1.154
APF,normal_city,1,apf_rho0,6.0,curvature,1.2528
APF,normal_city,2,apf_rho0,6.0,curvature,1.2053
APF,normal_city,3,apf_rho0,6.0,curvature,1.3637
APF,normal_city,4,apf_rho0,6.0,curvature,1.2581
APF,normal_city,5,apf_rho0,6.0,curvature,1.1551
APF,normal_city,6,apf_rho0,6.0,curvature,
APF,normal_city,7,apf_rho0,6.0,curvature,1.2034
APF,normal_city,8,apf_rho0,6.0,curvature,1.4089
APF,normal_city,9,apf_rho0,6.0,curvature,
APF,normal_city,10,apf_rho0,6.0,curvature,1.2068
APF,normal_city,11,apf_rho0,6.0,curvature,1.6185
APF,normal_city,12,apf_rho0,6.0,curvature,
APF,normal_city,13,apf_rho0,6.0,curvature,1.1229
APF,normal_city,14,apf_rho0,6.0,curvature,1.1625
APF,normal_city,15,apf_rho0,6.0,curvature,1.206
APF,normal_city,16,apf_rho0,6.0,curvature,1.1383
APF,normal_city,17,apf_rho0,6.0,curvature,
APF,normal_city,18,apf_rho0,6.0,curvature,1.0806
APF,normal_city,19,apf_rho0,6.0,curvature,
APF,normal_city,20,apf_rho0,6.0,curvature,1.1881
APF,normal_city,21,apf_rho0,6.0,curvature,1.3129
APF,normal_city,22,apf_rho0,6.0,curvature,1.4712
APF,normal_city,23,apf_rho0,6.0,curvature,
APF,normal_city,24,apf_rho0,6.0,curvature,1.3036
APF,normal_city,25,apf_rho0,6.0,curvature,1.1912
APF,normal_city,26,apf_rho0,6.0,curvature,1.1856
APF,normal_city,27,apf_rho0,6.0,curvature,1.5112
APF,normal_city,28,apf_rho0,6.0,curvature,1.2075
APF,normal_city,29,apf_rho0,6.0,curvature,1.2017
APF,blocked_road,0,apf_rho0,6.0,curvature,
APF,blocked_road,1,apf_rho0,6.0,curvature,
APF,blocked_road,2,apf_rho0,6.0,curvature,
APF,blocked_road,3,apf_rho0,6.0,curvature,
APF,blocked_road,4,apf_rho0,6.0,curvature,
APF,blocked_road,5,apf_rho0,6.0,curvature,
APF,blocked_road,6,apf_rho0,6.0,curvature,
APF,blocked_road,7,apf_rho0,6.0,curvature,1.2958
APF,blocked_road,8,apf_rho0,6.0,curvature,
APF,blocked_road,9,apf_rho0,6.0,curvature,
APF,blocked_road,10,apf_rho0,6.0,curvature,
APF,blocked_road,11,apf_rho0,6.0,curvature,
APF,blocked_road,12,apf_rho0,6.0,curvature,
APF,blocked_road,13,apf_rho0,6.0,curvature,1.6152
APF,blocked_road,14,apf_rho0,6.0,curvature,
APF,blocked_road,15,apf_rho0,6.0,curvature,
APF,blocked_road,16,apf_rho0,6.0,curvature,
APF,blocked_road,17,apf_rho0,6.0,curvature,
APF,blocked_road,18,apf_rho0,6.0,curvature,1.6759
APF,blocked_road,19,apf_rho0,6.0,curvature,
APF,blocked_road,20,apf_rho0,6.0,curvature,
APF,blocked_road,21,apf_rho0,6.0,curvature,
APF,blocked_road,22,apf_rho0,6.0,curvature,
APF,blocked_road,23,apf_rho0,6.0,curvature,
APF,blocked_road,24,apf_rho0,6.0,curvature,
APF,blocked_road,25,apf_rho0,6.0,curvature,
APF,blocked_road,26,apf_rho0,6.0,curvature,
APF,blocked_road,27,apf_rho0,6.0,curvature,
APF,blocked_road,28,apf_rho0,6.0,curvature,
APF,blocked_road,29,apf_rho0,6.0,curvature,
APF,dense_city,0,apf_rho0,6.0,curvature,
APF,dense_city,1,apf_rho0,6.0,curvature,
APF,dense_city,2,apf_rho0,6.0,curvature,
APF,dense_city,3,apf_rho0,6.0,curvature,
APF,dense_city,4,apf_rho0,6.0,curvature,
APF,dense_city,5,apf_rho0,6.0,curvature,
APF,dense_city,6,apf_rho0,6.0,curvature,
APF,dense_city,7,apf_rho0,6.0,curvature,
APF,dense_city,8,apf_rho0,6.0,curvature,1.6499
APF,dense_city,9,apf_rho0,6.0,curvature,
APF,dense_city,10,apf_rho0,6.0,curvature,1.4233
APF,dense_city,11,apf_rho0,6.0,curvature,
APF,dense_city,12,apf_rho0,6.0,curvature,
APF,dense_city,13,apf_rho0,6.0,curvature,
APF,dense_city,14,apf_rho0,6.0,curvature,
APF,dense_city,15,apf_rho0,6.0,curvature,
APF,dense_city,16,apf_rho0,6.0,curvature,
APF,dense_city,17,apf_rho0,6.0,curvature,
APF,dense_city,18,apf_rho0,6.0,curvature,
APF,dense_city,19,apf_rho0,6.0,curvature,
APF,dense_city,20,apf_rho0,6.0,curvature,1.4495
APF,dense_city,21,apf_rho0,6.0,curvature,1.6054
APF,dense_city,22,apf_rho0,6.0,curvature,
APF,dense_city,23,apf_rho0,6.0,curvature,
APF,dense_city,24,apf_rho0,6.0,curvature,
APF,dense_city,25,apf_rho0,6.0,curvature,
APF,dense_city,26,apf_rho0,6.0,curvature,
APF,dense_city,27,apf_rho0,6.0,curvature,
APF,dense_city,28,apf_rho0,6.0,curvature,
APF,dense_city,29,apf_rho0,6.0,curvature,
APF,normal_city,0,apf_rho0,1.5,max_curvature,
APF,normal_city,1,apf_rho0,1.5,max_curvature,
APF,normal_city,2,apf_rho0,1.5,max_curvature,
APF,normal_city,3,apf_rho0,1.5,max_curvature,
APF,normal_city,4,apf_rho0,1.5,max_curvature,
APF,normal_city,5,apf_rho0,1.5,max_curvature,
APF,normal_city,6,apf_rho0,1.5,max_curvature,
APF,normal_city,7,apf_rho0,1.5,max_curvature,
APF,normal_city,8,apf_rho0,1.5,max_curvature,
APF,normal_city,9,apf_rho0,1.5,max_curvature,
APF,normal_city,10,apf_rho0,1.5,max_curvature,
APF,normal_city,11,apf_rho0,1.5,max_curvature,
APF,normal_city,12,apf_rho0,1.5,max_curvature,
APF,normal_city,13,apf_rho0,1.5,max_curvature,
APF,normal_city,14,apf_rho0,1.5,max_curvature,
APF,normal_city,15,apf_rho0,1.5,max_curvature,
APF,normal_city,16,apf_rho0,1.5,max_curvature,
APF,normal_city,17,apf_rho0,1.5,max_curvature,
APF,normal_city,18,apf_rho0,1.5,max_curvature,
APF,normal_city,19,apf_rho0,1.5,max_curvature,
APF,normal_city,20,apf_rho0,1.5,max_curvature,
APF,normal_city,21,apf_rho0,1.5,max_curvature,
APF,normal_city,22,apf_rho0,1.5,max_curvature,
APF,normal_city,23,apf_rho0,1.5,max_curvature,
APF,normal_city,24,apf_rho0,1.5,max_curvature,
APF,normal_city,25,apf_rho0,1.5,max_curvature,
APF,normal_city,26,apf_rho0,1.5,max_curvature,
APF,normal_city,27,apf_rho0,1.5,max_curvature,
APF,normal_city,28,apf_rho0,1.5,max_curvature,
APF,normal_city,29,apf_rho0,1.5,max_curvature,
APF,blocked_road,0,apf_rho0,1.5,max_curvature,
APF,blocked_road,1,apf_rho0,1.5,max_curvature,
APF,blocked_road,2,apf_rho0,1.5,max_curvature,
APF,blocked_road,3,apf_rho0,1.5,max_curvature,
APF,blocked_road,4,apf_rho0,1.5,max_curvature,
APF,blocked_road,5,apf_rho0,1.5,max_curvature,
APF,blocked_road,6,apf_rho0,1.5,max_curvature,
APF,blocked_road,7,apf_rho0,1.5,max_curvature,
APF,blocked_road,8,apf_rho0,1.5,max_curvature,
APF,blocked_road,9,apf_rho0,1.5,max_curvature,
APF,blocked_road,10,apf_rho0,1.5,max_curvature,
APF,blocked_road,11,apf_rho0,1.5,max_curvature,
APF,blocked_road,12,apf_rho0,1.5,max_curvature,
APF,blocked_road,13,apf_rho0,1.5,max_curvature,
APF,blocked_road,14,apf_rho0,1.5,max_curvature,
APF,blocked_road,15,apf_rho0,1.5,max_curvature,
APF,blocked_road,16,apf_rho0,1.5,max_curvature,
APF,blocked_road,17,apf_rho0,1.5,max_curvature,
APF,blocked_road,18,apf_rho0,1.5,max_curvature,
APF,blocked_road,19,apf_rho0,1.5,max_curvature,
APF,blocked_road,20,apf_rho0,1.5,max_curvature,
APF,blocked_road,21,apf_rho0,1.5,max_curvature,
APF,blocked_road,22,apf_rho0,1.5,max_curvature,
APF,blocked_road,23,apf_rho0,1.5,max_curvature,
APF,blocked_road,24,apf_rho0,1.5,max_curvature,
APF,blocked_road,25,apf_rho0,1.5,max_curvature,
APF,blocked_road,26,apf_rho0,1.5,max_curvature,
APF,blocked_road,27,apf_rho0,1.5,max_curvature,
APF,blocked_road,28,apf_rho0,1.5,max_curvature,
APF,blocked_road,29,apf_rho0,1.5,max_curvature,
APF,dense_city,0,apf_rho0,1.5,max_curvature,
APF,dense_city,1,apf_rho0,1.5,max_curvature,
APF,dense_city,2,apf_rho0,1.5,max_curvature,
APF,dense_city,3,apf_rho0,1.5,max_curvature,
APF,dense_city,4,apf_rho0,1.5,max_curvature,
APF,dense_city,5,apf_rho0,1.5,max_curvature,
APF,dense_city,6,apf_rho0,1.5,max_curvature,
APF,dense_city,7,apf_rho0,1.5,max_curvature,
APF,dense_city,8,apf_rho0,1.5,max_curvature,
APF,dense_city,9,apf_rho0,1.5,max_curvature,
APF,dense_city,10,apf_rho0,1.5,max_curvature,
APF,dense_city,11,apf_rho0,1.5,max_curvature,
APF,dense_city,12,apf_rho0,1.5,max_curvature,
APF,dense_city,13,apf_rho0,1.5,max_curvature,
APF,dense_city,14,apf_rho0,1.5,max_curvature,
APF,dense_city,15,apf_rho0,1.5,max_curvature,
APF,dense_city,16,apf_rho0,1.5,max_curvature,
APF,dense_city,17,apf_rho0,1.5,max_curvature,
APF,dense_city,18,apf_rho0,1.5,max_curvature,
APF,dense_city,19,apf_rho0,1.5,max_curvature,
APF,dense_city,20,apf_rho0,1.5,max_curvature,
APF,dense_city,21,apf_rho0,1.5,max_curvature,
APF,dense_city,22,apf_rho0,1.5,max_curvature,
APF,dense_city,23,apf_rho0,1.5,max_curvature,
APF,dense_city,24,apf_rho0,1.5,max_curvature,
APF,dense_city,25,apf_rho0,1.5,max_curvature,
APF,dense_city,26,apf_rho0,1.5,max_curvature,
APF,dense_city,27,apf_rho0,1.5,max_curvature,
APF,dense_city,28,apf_rho0,1.5,max_curvature,
APF,dense_city,29,apf_rho0,1.5,max_curvature,
APF,normal_city,0,apf_rho0,2.0,max_curvature,
APF,normal_city,1,apf_rho0,2.0,max_curvature,
APF,normal_city,2,apf_rho0,2.0,max_curvature,
APF,normal_city,3,apf_rho0,2.0,max_curvature,
APF,normal_city,4,apf_rho0,2.0,max_curvature,
APF,normal_city,5,apf_rho0,2.0,max_curvature,
APF,normal_city,6,apf_rho0,2.0,max_curvature,
APF,normal_city,7,apf_rho0,2.0,max_curvature,
APF,normal_city,8,apf_rho0,2.0,max_curvature,
APF,normal_city,9,apf_rho0,2.0,max_curvature,
APF,normal_city,10,apf_rho0,2.0,max_curvature,
APF,normal_city,11,apf_rho0,2.0,max_curvature,
APF,normal_city,12,apf_rho0,2.0,max_curvature,
APF,normal_city,13,apf_rho0,2.0,max_curvature,
APF,normal_city,14,apf_rho0,2.0,max_curvature,
APF,normal_city,15,apf_rho0,2.0,max_curvature,
APF,normal_city,16,apf_rho0,2.0,max_curvature,
APF,normal_city,17,apf_rho0,2.0,max_curvature,
APF,normal_city,18,apf_rho0,2.0,max_curvature,
APF,normal_city,19,apf_rho0,2.0,max_curvature,
APF,normal_city,20,apf_rho0,2.0,max_curvature,
APF,normal_city,21,apf_rho0,2.0,max_curvature,
APF,normal_city,22,apf_rho0,2.0,max_curvature,
APF,normal_city,23,apf_rho0,2.0,max_curvature,
APF,normal_city,24,apf_rho0,2.0,max_curvature,
APF,normal_city,25,apf_rho0,2.0,max_curvature,
APF,normal_city,26,apf_rho0,2.0,max_curvature,
APF,normal_city,27,apf_rho0,2.0,max_curvature,
APF,normal_city,28,apf_rho0,2.0,max_curvature,
APF,normal_city,29,apf_rho0,2.0,max_curvature,
APF,blocked_road,0,apf_rho0,2.0,max_curvature,
APF,blocked_road,1,apf_rho0,2.0,max_curvature,
APF,blocked_road,2,apf_rho0,2.0,max_curvature,
APF,blocked_road,3,apf_rho0,2.0,max_curvature,
APF,blocked_road,4,apf_rho0,2.0,max_curvature,
APF,blocked_road,5,apf_rho0,2.0,max_curvature,
APF,blocked_road,6,apf_rho0,2.0,max_curvature,
APF,blocked_road,7,apf_rho0,2.0,max_curvature,
APF,blocked_road,8,apf_rho0,2.0,max_curvature,
APF,blocked_road,9,apf_rho0,2.0,max_curvature,
APF,blocked_road,10,apf_rho0,2.0,max_curvature,
APF,blocked_road,11,apf_rho0,2.0,max_curvature,
APF,blocked_road,12,apf_rho0,2.0,max_curvature,
APF,blocked_road,13,apf_rho0,2.0,max_curvature,
APF,blocked_road,14,apf_rho0,2.0,max_curvature,
APF,blocked_road,15,apf_rho0,2.0,max_curvature,
APF,blocked_road,16,apf_rho0,2.0,max_curvature,
APF,blocked_road,17,apf_rho0,2.0,max_curvature,
APF,blocked_road,18,apf_rho0,2.0,max_curvature,
APF,blocked_road,19,apf_rho0,2.0,max_curvature,
APF,blocked_road,20,apf_rho0,2.0,max_curvature,
APF,blocked_road,21,apf_rho0,2.0,max_curvature,
APF,blocked_road,22,apf_rho0,2.0,max_curvature,
APF,blocked_road,23,apf_rho0,2.0,max_curvature,
APF,blocked_road,24,apf_rho0,2.0,max_curvature,
APF,blocked_road,25,apf_rho0,2.0,max_curvature,
APF,blocked_road,26,apf_rho0,2.0,max_curvature,
APF,blocked_road,27,apf_rho0,2.0,max_curvature,
APF,blocked_road,28,apf_rho0,2.0,max_curvature,
APF,blocked_road,29,apf_rho0,2.0,max_curvature,
APF,dense_city,0,apf_rho0,2.0,max_curvature,
APF,dense_city,1,apf_rho0,2.0,max_curvature,
APF,dense_city,2,apf_rho0,2.0,max_curvature,
APF,dense_city,3,apf_rho0,2.0,max_curvature,
APF,dense_city,4,apf_rho0,2.0,max_curvature,
APF,dense_city,5,apf_rho0,2.0,max_curvature,
APF,dense_city,6,apf_rho0,2.0,max_curvature,
APF,dense_city,7,apf_rho0,2.0,max_curvature,
APF,dense_city,8,apf_rho0,2.0,max_curvature,
APF,dense_city,9,apf_rho0,2.0,max_curvature,
APF,dense_city,10,apf_rho0,2.0,max_curvature,
APF,dense_city,11,apf_rho0,2.0,max_curvature,
APF,dense_city,12,apf_rho0,2.0,max_curvature,
APF,dense_city,13,apf_rho0,2.0,max_curvature,
APF,dense_city,14,apf_rho0,2.0,max_curvature,
APF,dense_city,15,apf_rho0,2.0,max_curvature,
APF,dense_city,16,apf_rho0,2.0,max_curvature,
APF,dense_city,17,apf_rho0,2.0,max_curvature,
APF,dense_city,18,apf_rho0,2.0,max_curvature,
APF,dense_city,19,apf_rho0,2.0,max_curvature,
APF,dense_city,20,apf_rho0,2.0,max_curvature,
APF,dense_city,21,apf_rho0,2.0,max_curvature,
APF,dense_city,22,apf_rho0,2.0,max_curvature,
APF,dense_city,23,apf_rho0,2.0,max_curvature,
APF,dense_city,24,apf_rho0,2.0,max_curvature,
APF,dense_city,25,apf_rho0,2.0,max_curvature,
APF,dense_city,26,apf_rho0,2.0,max_curvature,
APF,dense_city,27,apf_rho0,2.0,max_curvature,
APF,dense_city,28,apf_rho0,2.0,max_curvature,
APF,dense_city,29,apf_rho0,2.0,max_curvature,
APF,normal_city,0,apf_rho0,3.0,max_curvature,2.4439
APF,normal_city,1,apf_rho0,3.0,max_curvature,3.3413
APF,normal_city,2,apf_rho0,3.0,max_curvature,2.8588
APF,normal_city,3,apf_rho0,3.0,max_curvature,4.4751
APF,normal_city,4,apf_rho0,3.0,max_curvature,4.2543
APF,normal_city,5,apf_rho0,3.0,max_curvature,3.2081
APF,normal_city,6,apf_rho0,3.0,max_curvature,
APF,normal_city,7,apf_rho0,3.0,max_curvature,3.5215
APF,normal_city,8,apf_rho0,3.0,max_curvature,4.3131
APF,normal_city,9,apf_rho0,3.0,max_curvature,
APF,normal_city,10,apf_rho0,3.0,max_curvature,3.3271
APF,normal_city,11,apf_rho0,3.0,max_curvature,6.0017
APF,normal_city,12,apf_rho0,3.0,max_curvature,
APF,normal_city,13,apf_rho0,3.0,max_curvature,2.1
APF,normal_city,14,apf_rho0,3.0,max_curvature,2.2146
APF,normal_city,15,apf_rho0,3.0,max_curvature,2.298
APF,normal_city,16,apf_rho0,3.0,max_curvature,2.4159
APF,normal_city,17,apf_rho0,3.0,max_curvature,
APF,normal_city,18,apf_rho0,3.0,max_curvature,2.1645
APF,normal_city,19,apf_rho0,3.0,max_curvature,
APF,normal_city,20,apf_rho0,3.0,max_curvature,2.6283
APF,normal_city,21,apf_rho0,3.0,max_curvature,3.5381
APF,normal_city,22,apf_rho0,3.0,max_curvature,4.7415
APF,normal_city,23,apf_rho0,3.0,max_curvature,
APF,normal_city,24,apf_rho0,3.0,max_curvature,3.6643
APF,normal_city,25,apf_rho0,3.0,max_curvature,2.727
APF,normal_city,26,apf_rho0,3.0,max_curvature,2.5179
APF,normal_city,27,apf_rho0,3.0,max_curvature,4.3266
APF,normal_city,28,apf_rho0,3.0,max_curvature,3.794
APF,normal_city,29,apf_rho0,3.0,max_curvature,2.5696
APF,blocked_road,0,apf_rho0,3.0,max_curvature,
APF,blocked_road,1,apf_rho0,3.0,max_curvature,
APF,blocked_road,2,apf_rho0,3.0,max_curvature,
APF,blocked_road,3,apf_rho0,3.0,max_curvature,
APF,blocked_road,4,apf_rho0,3.0,max_curvature,
APF,blocked_road,5,apf_rho0,3.0,max_curvature,
APF,blocked_road,6,apf_rho0,3.0,max_curvature,
APF,blocked_road,7,apf_rho0,3.0,max_curvature,3.5412
APF,blocked_road,8,apf_rho0,3.0,max_curvature,
APF,blocked_road,9,apf_rho0,3.0,max_curvature,
APF,blocked_road,10,apf_rho0,3.0,max_curvature,
APF,blocked_road,11,apf_rho0,3.0,max_curvature,
APF,blocked_road,12,apf_rho0,3.0,max_curvature,
APF,blocked_road,13,apf_rho0,3.0,max_curvature,4.0548
APF,blocked_road,14,apf_rho0,3.0,max_curvature,
APF,blocked_road,15,apf_rho0,3.0,max_curvature,
APF,blocked_road,16,apf_rho0,3.0,max_curvature,
APF,blocked_road,17,apf_rho0,3.0,max_curvature,
APF,blocked_road,18,apf_rho0,3.0,max_curvature,7.3153
APF,blocked_road,19,apf_rho0,3.0,max_curvature,
APF,blocked_road,20,apf_rho0,3.0,max_curvature,
APF,blocked_road,21,apf_rho0,3.0,max_curvature,
APF,blocked_road,22,apf_rho0,3.0,max_curvature,
APF,blocked_road,23,apf_rho0,3.0,max_curvature,
APF,blocked_road,24,apf_rho0,3.0,max_curvature,
APF,blocked_road,25,apf_rho0,3.0,max_curvature,2.605
APF,blocked_road,26,apf_rho0,3.0,max_curvature,
APF,blocked_road,27,apf_rho0,3.0,max_curvature,
APF,blocked_road,28,apf_rho0,3.0,max_curvature,
APF,blocked_road,29,apf_rho0,3.0,max_curvature,
APF,dense_city,0,apf_rho0,3.0,max_curvature,
APF,dense_city,1,apf_rho0,3.0,max_curvature,
APF,dense_city,2,apf_rho0,3.0,max_curvature,
APF,dense_city,3,apf_rho0,3.0,max_curvature,
APF,dense_city,4,apf_rho0,3.0,max_curvature,
APF,dense_city,5,apf_rho0,3.0,max_curvature,
APF,dense_city,6,apf_rho0,3.0,max_curvature,
APF,dense_city,7,apf_rho0,3.0,max_curvature,
APF,dense_city,8,apf_rho0,3.0,max_curvature,
APF,dense_city,9,apf_rho0,3.0,max_curvature,
APF,dense_city,10,apf_rho0,3.0,max_curvature,
APF,dense_city,11,apf_rho0,3.0,max_curvature,
APF,dense_city,12,apf_rho0,3.0,max_curvature,
APF,dense_city,13,apf_rho0,3.0,max_curvature,
APF,dense_city,14,apf_rho0,3.0,max_curvature,
APF,dense_city,15,apf_rho0,3.0,max_curvature,
APF,dense_city,16,apf_rho0,3.0,max_curvature,
APF,dense_city,17,apf_rho0,3.0,max_curvature,
APF,dense_city,18,apf_rho0,3.0,max_curvature,
APF,dense_city,19,apf_rho0,3.0,max_curvature,
APF,dense_city,20,apf_rho0,3.0,max_curvature,
APF,dense_city,21,apf_rho0,3.0,max_curvature,
APF,dense_city,22,apf_rho0,3.0,max_curvature,
APF,dense_city,23,apf_rho0,3.0,max_curvature,
APF,dense_city,24,apf_rho0,3.0,max_curvature,
APF,dense_city,25,apf_rho0,3.0,max_curvature,
APF,dense_city,26,apf_rho0,3.0,max_curvature,
APF,dense_city,27,apf_rho0,3.0,max_curvature,
APF,dense_city,28,apf_rho0,3.0,max_curvature,
APF,dense_city,29,apf_rho0,3.0,max_curvature,
APF,normal_city,0,apf_rho0,4.5,max_curvature,2.5216
APF,normal_city,1,apf_rho0,4.5,max_curvature,2.9528
APF,normal_city,2,apf_rho0,4.5,max_curvature,2.7305
APF,normal_city,3,apf_rho0,4.5,max_curvature,4.0188
APF,normal_city,4,apf_rho0,4.5,max_curvature,4.2525
APF,normal_city,5,apf_rho0,4.5,max_curvature,2.5999
APF,normal_city,6,apf_rho0,4.5,max_curvature,
APF,normal_city,7,apf_rho0,4.5,max_curvature,2.4052
APF,normal_city,8,apf_rho0,4.5,max_curvature,4.3327
APF,normal_city,9,apf_rho0,4.5,max_curvature,
APF,normal_city,10,apf_rho0,4.5,max_curvature,3.2224
APF,normal_city,11,apf_rho0,4.5,max_curvature,7.0319
APF,normal_city,12,apf_rho0,4.5,max_curvature,
APF,normal_city,13,apf_rho0,4.5,max_curvature,2.0206
APF,normal_city,14,apf_rho0,4.5,max_curvature,2.2932
APF,normal_city,15,apf_rho0,4.5,max_curvature,2.217
APF,normal_city,16,apf_rho0,4.5,max_curvature,2.5184
APF,normal_city,17,apf_rho0,4.5,max_curvature,
APF,normal_city,18,apf_rho0,4.5,max_curvature,2.2267
APF,normal_city,19,apf_rho0,4.5,max_curvature,
APF,normal_city,20,apf_rho0,4.5,max_curvature,2.5216
APF,normal_city,21,apf_rho0,4.5,max_curvature,3.2998
APF,normal_city,22,apf_rho0,4.5,max_curvature,4.8616
APF,normal_city,23,apf_rho0,4.5,max_curvature,
APF,normal_city,24,apf_rho0,4.5,max_curvature,4.0239
APF,normal_city,25,apf_rho0,4.5,max_curvature,3.1224
APF,normal_city,26,apf_rho0,4.5,max_curvature,2.9089
APF,normal_city,27,apf_rho0,4.5,max_curvature,6.1638
APF,normal_city,28,apf_rho0,4.5,max_curvature,2.6454
APF,normal_city,29,apf_rho0,4.5,max_curvature,2.4358
APF,blocked_road,0,apf_rho0,4.5,max_curvature,
APF,blocked_road,1,apf_rho0,4.5,max_curvature,
APF,blocked_road,2,apf_rho0,4.5,max_curvature,
APF,blocked_road,3,apf_rho0,4.5,max_curvature,
APF,blocked_road,4,apf_rho0,4.5,max_curvature,
APF,blocked_road,5,apf_rho0,4.5,max_curvature,
APF,blocked_road,6,apf_rho0,4.5,max_curvature,
APF,blocked_road,7,apf_rho0,4.5,max_curvature,2.6919
APF,blocked_road,8,apf_rho0,4.5,max_curvature,
APF,blocked_road,9,apf_rho0,4.5,max_curvature,
APF,blocked_road,10,apf_rho0,4.5,max_curvature,
APF,blocked_road,11,apf_rho0,4.5,max_curvature,
APF,blocked_road,12,apf_rho0,4.5,max_curvature,
APF,blocked_road,13,apf_rho0,4.5,max_curvature,5.1924
APF,blocked_road,14,apf_rho0,4.5,max_curvature,
APF,blocked_road,15,apf_rho0,4.5,max_curvature,
APF,blocked_road,16,apf_rho0,4.5,max_curvature,
APF,blocked_road,17,apf_rho0,4.5,max_curvature,
APF,blocked_road,18,apf_rho0,4.5,max_curvature,7.0462
APF,blocked_road,19,apf_rho0,4.5,max_curvature,
APF,blocked_road,20,apf_rho0,4.5,max_curvature,
APF,blocked_road,21,apf_rho0,4.5,max_curvature,
APF,blocked_road,22,apf_rho0,4.5,max_curvature,
APF,blocked_road,23,apf_rho0,4.5,max_curvature,
APF,blocked_road,24,apf_rho0,4.5,max_curvature,
APF,blocked_road,25,apf_rho0,4.5,max_curvature,
APF,blocked_road,26,apf_rho0,4.5,max_curvature,
APF,blocked_road,27,apf_rho0,4.5,max_curvature,
APF,blocked_road,28,apf_rho0,4.5,max_curvature,
APF,blocked_road,29,apf_rho0,4.5,max_curvature,
APF,dense_city,0,apf_rho0,4.5,max_curvature,
APF,dense_city,1,apf_rho0,4.5,max_curvature,
APF,dense_city,2,apf_rho0,4.5,max_curvature,
APF,dense_city,3,apf_rho0,4.5,max_curvature,
APF,dense_city,4,apf_rho0,4.5,max_curvature,
APF,dense_city,5,apf_rho0,4.5,max_curvature,
APF,dense_city,6,apf_rho0,4.5,max_curvature,
APF,dense_city,7,apf_rho0,4.5,max_curvature,
APF,dense_city,8,apf_rho0,4.5,max_curvature,5.3788
APF,dense_city,9,apf_rho0,4.5,max_curvature,
APF,dense_city,10,apf_rho0,4.5,max_curvature,3.4125
APF,dense_city,11,apf_rho0,4.5,max_curvature,
APF,dense_city,12,apf_rho0,4.5,max_curvature,
APF,dense_city,13,apf_rho0,4.5,max_curvature,
APF,dense_city,14,apf_rho0,4.5,max_curvature,
APF,dense_city,15,apf_rho0,4.5,max_curvature,
APF,dense_city,16,apf_rho0,4.5,max_curvature,
APF,dense_city,17,apf_rho0,4.5,max_curvature,
APF,dense_city,18,apf_rho0,4.5,max_curvature,
APF,dense_city,19,apf_rho0,4.5,max_curvature,
APF,dense_city,20,apf_rho0,4.5,max_curvature,3.446
APF,dense_city,21,apf_rho0,4.5,max_curvature,4.6776
APF,dense_city,22,apf_rho0,4.5,max_curvature,
APF,dense_city,23,apf_rho0,4.5,max_curvature,
APF,dense_city,24,apf_rho0,4.5,max_curvature,
APF,dense_city,25,apf_rho0,4.5,max_curvature,
APF,dense_city,26,apf_rho0,4.5,max_curvature,
APF,dense_city,27,apf_rho0,4.5,max_curvature,
APF,dense_city,28,apf_rho0,4.5,max_curvature,
APF,dense_city,29,apf_rho0,4.5,max_curvature,
APF,normal_city,0,apf_rho0,6.0,max_curvature,2.4521
APF,normal_city,1,apf_rho0,6.0,max_curvature,3.7679
APF,normal_city,2,apf_rho0,6.0,max_curvature,3.0931
APF,normal_city,3,apf_rho0,6.0,max_curvature,3.744
APF,normal_city,4,apf_rho0,6.0,max_curvature,4.1681
APF,normal_city,5,apf_rho0,6.0,max_curvature,2.3853
APF,normal_city,6,apf_rho0,6.0,max_curvature,
APF,normal_city,7,apf_rho0,6.0,max_curvature,2.4448
APF,normal_city,8,apf_rho0,6.0,max_curvature,4.2554
APF,normal_city,9,apf_rho0,6.0,max_curvature,
APF,normal_city,10,apf_rho0,6.0,max_curvature,2.9378
APF,normal_city,11,apf_rho0,6.0,max_curvature,9.3683
APF,normal_city,12,apf_rho0,6.0,max_curvature,
APF,normal_city,13,apf_rho0,6.0,max_curvature,1.9071
APF,normal_city,14,apf_rho0,6.0,max_curvature,2.1718
APF,normal_city,15,apf_rho0,6.0,max_curvature,2.2721
APF,normal_city,16,apf_rho0,6.0,max_curvature,2.4471
APF,normal_city,17,apf_rho0,6.0,max_curvature,
APF,normal_city,18,apf_rho0,6.0,max_curvature,2.0375
APF,normal_city,19,apf_rho0,6.0,max_curvature,
APF,normal_city,20,apf_rho0,6.0,max_curvature,2.5196
APF,normal_city,21,apf_rho0,6.0,max_curvature,3.0891
APF,normal_city,22,apf_rho0,6.0,max_curvature,4.8421
APF,normal_city,23,apf_rho0,6.0,max_curvature,
APF,normal_city,24,apf_rho0,6.0,max_curvature,3.5894
APF,normal_city,25,apf_rho0,6.0,max_curvature,2.8117
APF,normal_city,26,apf_rho0,6.0,max_curvature,3.1053
APF,normal_city,27,apf_rho0,6.0,max_curvature,8.1691
APF,normal_city,28,apf_rho0,6.0,max_curvature,2.5028
APF,normal_city,29,apf_rho0,6.0,max_curvature,2.3347
APF,blocked_road,0,apf_rho0,6.0,max_curvature,
APF,blocked_road,1,apf_rho0,6.0,max_curvature,
APF,blocked_road,2,apf_rho0,6.0,max_curvature,
APF,blocked_road,3,apf_rho0,6.0,max_curvature,
APF,blocked_road,4,apf_rho0,6.0,max_curvature,
APF,blocked_road,5,apf_rho0,6.0,max_curvature,
APF,blocked_road,6,apf_rho0,6.0,max_curvature,
APF,blocked_road,7,apf_rho0,6.0,max_curvature,3.1386
APF,blocked_road,8,apf_rho0,6.0,max_curvature,
APF,blocked_road,9,apf_rho0,6.0,max_curvature,
APF,blocked_road,10,apf_rho0,6.0,max_curvature,
APF,blocked_road,11,apf_rho0,6.0,max_curvature,
APF,blocked_road,12,apf_rho0,6.0,max_curvature,
APF,blocked_road,13,apf_rho0,6.0,max_curvature,5.7723
APF,blocked_road,14,apf_rho0,6.0,max_curvature,
APF,blocked_road,15,apf_rho0,6.0,max_curvature,
APF,blocked_road,16,apf_rho0,6.0,max_curvature,
APF,blocked_road,17,apf_rho0,6.0,max_curvature,
APF,blocked_road,18,apf_rho0,6.0,max_curvature,7.0141
APF,blocked_road,19,apf_rho0,6.0,max_curvature,
APF,blocked_road,20,apf_rho0,6.0,max_curvature,
APF,blocked_road,21,apf_rho0,6.0,max_curvature,
APF,blocked_road,22,apf_rho0,6.0,max_curvature,
APF,blocked_road,23,apf_rho0,6.0,max_curvature,
APF,blocked_road,24,apf_rho0,6.0,max_curvature,
APF,blocked_road,25,apf_rho0,6.0,max_curvature,
APF,blocked_road,26,apf_rho0,6.0,max_curvature,
APF,blocked_road,27,apf_rho0,6.0,max_curvature,
APF,blocked_road,28,apf_rho0,6.0,max_curvature,
APF,blocked_road,29,apf_rho0,6.0,max_curvature,
APF,dense_city,0,apf_rho0,6.0,max_curvature,
APF,dense_city,1,apf_rho0,6.0,max_curvature,
APF,dense_city,2,apf_rho0,6.0,max_curvature,
APF,dense_city,3,apf_rho0,6.0,max_curvature,
APF,dense_city,4,apf_rho0,6.0,max_curvature,
APF,dense_city,5,apf_rho0,6.0,max_curvature,
APF,dense_city,6,apf_rho0,6.0,max_curvature,
APF,dense_city,7,apf_rho0,6.0,max_curvature,
APF,dense_city,8,apf_rho0,6.0,max_curvature,5.3147
APF,dense_city,9,apf_rho0,6.0,max_curvature,
APF,dense_city,10,apf_rho0,6.0,max_curvature,3.226
APF,dense_city,11,apf_rho0,6.0,max_curvature,
APF,dense_city,12,apf_rho0,6.0,max_curvature,
APF,dense_city,13,apf_rho0,6.0,max_curvature,
APF,dense_city,14,apf_rho0,6.0,max_curvature,
APF,dense_city,15,apf_rho0,6.0,max_curvature,
APF,dense_city,16,apf_rho0,6.0,max_curvature,
APF,dense_city,17,apf_rho0,6.0,max_curvature,
APF,dense_city,18,apf_rho0,6.0,max_curvature,
APF,dense_city,19,apf_rho0,6.0,max_curvature,
APF,dense_city,20,apf_rho0,6.0,max_curvature,3.7192
APF,dense_city,21,apf_rho0,6.0,max_curvature,4.6755
APF,dense_city,22,apf_rho0,6.0,max_curvature,
APF,dense_city,23,apf_rho0,6.0,max_curvature,
APF,dense_city,24,apf_rho0,6.0,max_curvature,
APF,dense_city,25,apf_rho0,6.0,max_curvature,
APF,dense_city,26,apf_rho0,6.0,max_curvature,
APF,dense_city,27,apf_rho0,6.0,max_curvature,
APF,dense_city,28,apf_rho0,6.0,max_curvature,
APF,dense_city,29,apf_rho0,6.0,max_curvature,
APF,normal_city,0,apf_rho0,1.5,drive_time_curved,
APF,normal_city,1,apf_rho0,1.5,drive_time_curved,
APF,normal_city,2,apf_rho0,1.5,drive_time_curved,
APF,normal_city,3,apf_rho0,1.5,drive_time_curved,
APF,normal_city,4,apf_rho0,1.5,drive_time_curved,
APF,normal_city,5,apf_rho0,1.5,drive_time_curved,
APF,normal_city,6,apf_rho0,1.5,drive_time_curved,
APF,normal_city,7,apf_rho0,1.5,drive_time_curved,
APF,normal_city,8,apf_rho0,1.5,drive_time_curved,
APF,normal_city,9,apf_rho0,1.5,drive_time_curved,
APF,normal_city,10,apf_rho0,1.5,drive_time_curved,
APF,normal_city,11,apf_rho0,1.5,drive_time_curved,
APF,normal_city,12,apf_rho0,1.5,drive_time_curved,
APF,normal_city,13,apf_rho0,1.5,drive_time_curved,
APF,normal_city,14,apf_rho0,1.5,drive_time_curved,
APF,normal_city,15,apf_rho0,1.5,drive_time_curved,
APF,normal_city,16,apf_rho0,1.5,drive_time_curved,
APF,normal_city,17,apf_rho0,1.5,drive_time_curved,
APF,normal_city,18,apf_rho0,1.5,drive_time_curved,
APF,normal_city,19,apf_rho0,1.5,drive_time_curved,
APF,normal_city,20,apf_rho0,1.5,drive_time_curved,
APF,normal_city,21,apf_rho0,1.5,drive_time_curved,
APF,normal_city,22,apf_rho0,1.5,drive_time_curved,
APF,normal_city,23,apf_rho0,1.5,drive_time_curved,
APF,normal_city,24,apf_rho0,1.5,drive_time_curved,
APF,normal_city,25,apf_rho0,1.5,drive_time_curved,
APF,normal_city,26,apf_rho0,1.5,drive_time_curved,
APF,normal_city,27,apf_rho0,1.5,drive_time_curved,
APF,normal_city,28,apf_rho0,1.5,drive_time_curved,
APF,normal_city,29,apf_rho0,1.5,drive_time_curved,
APF,blocked_road,0,apf_rho0,1.5,drive_time_curved,
APF,blocked_road,1,apf_rho0,1.5,drive_time_curved,
APF,blocked_road,2,apf_rho0,1.5,drive_time_curved,
APF,blocked_road,3,apf_rho0,1.5,drive_time_curved,
APF,blocked_road,4,apf_rho0,1.5,drive_time_curved,
APF,blocked_road,5,apf_rho0,1.5,drive_time_curved,
APF,blocked_road,6,apf_rho0,1.5,drive_time_curved,
APF,blocked_road,7,apf_rho0,1.5,drive_time_curved,
APF,blocked_road,8,apf_rho0,1.5,drive_time_curved,
APF,blocked_road,9,apf_rho0,1.5,drive_time_curved,
APF,blocked_road,10,apf_rho0,1.5,drive_time_curved,
APF,blocked_road,11,apf_rho0,1.5,drive_time_curved,
APF,blocked_road,12,apf_rho0,1.5,drive_time_curved,
APF,blocked_road,13,apf_rho0,1.5,drive_time_curved,
APF,blocked_road,14,apf_rho0,1.5,drive_time_curved,
APF,blocked_road,15,apf_rho0,1.5,drive_time_curved,
APF,blocked_road,16,apf_rho0,1.5,drive_time_curved,
APF,blocked_road,17,apf_rho0,1.5,drive_time_curved,
APF,blocked_road,18,apf_rho0,1.5,drive_time_curved,
APF,blocked_road,19,apf_rho0,1.5,drive_time_curved,
APF,blocked_road,20,apf_rho0,1.5,drive_time_curved,
APF,blocked_road,21,apf_rho0,1.5,drive_time_curved,
APF,blocked_road,22,apf_rho0,1.5,drive_time_curved,
APF,blocked_road,23,apf_rho0,1.5,drive_time_curved,
APF,blocked_road,24,apf_rho0,1.5,drive_time_curved,
APF,blocked_road,25,apf_rho0,1.5,drive_time_curved,
APF,blocked_road,26,apf_rho0,1.5,drive_time_curved,
APF,blocked_road,27,apf_rho0,1.5,drive_time_curved,
APF,blocked_road,28,apf_rho0,1.5,drive_time_curved,
APF,blocked_road,29,apf_rho0,1.5,drive_time_curved,
APF,dense_city,0,apf_rho0,1.5,drive_time_curved,
APF,dense_city,1,apf_rho0,1.5,drive_time_curved,
APF,dense_city,2,apf_rho0,1.5,drive_time_curved,
APF,dense_city,3,apf_rho0,1.5,drive_time_curved,
APF,dense_city,4,apf_rho0,1.5,drive_time_curved,
APF,dense_city,5,apf_rho0,1.5,drive_time_curved,
APF,dense_city,6,apf_rho0,1.5,drive_time_curved,
APF,dense_city,7,apf_rho0,1.5,drive_time_curved,
APF,dense_city,8,apf_rho0,1.5,drive_time_curved,
APF,dense_city,9,apf_rho0,1.5,drive_time_curved,
APF,dense_city,10,apf_rho0,1.5,drive_time_curved,
APF,dense_city,11,apf_rho0,1.5,drive_time_curved,
APF,dense_city,12,apf_rho0,1.5,drive_time_curved,
APF,dense_city,13,apf_rho0,1.5,drive_time_curved,
APF,dense_city,14,apf_rho0,1.5,drive_time_curved,
APF,dense_city,15,apf_rho0,1.5,drive_time_curved,
APF,dense_city,16,apf_rho0,1.5,drive_time_curved,
APF,dense_city,17,apf_rho0,1.5,drive_time_curved,
APF,dense_city,18,apf_rho0,1.5,drive_time_curved,
APF,dense_city,19,apf_rho0,1.5,drive_time_curved,
APF,dense_city,20,apf_rho0,1.5,drive_time_curved,
APF,dense_city,21,apf_rho0,1.5,drive_time_curved,
APF,dense_city,22,apf_rho0,1.5,drive_time_curved,
APF,dense_city,23,apf_rho0,1.5,drive_time_curved,
APF,dense_city,24,apf_rho0,1.5,drive_time_curved,
APF,dense_city,25,apf_rho0,1.5,drive_time_curved,
APF,dense_city,26,apf_rho0,1.5,drive_time_curved,
APF,dense_city,27,apf_rho0,1.5,drive_time_curved,
APF,dense_city,28,apf_rho0,1.5,drive_time_curved,
APF,dense_city,29,apf_rho0,1.5,drive_time_curved,
APF,normal_city,0,apf_rho0,2.0,drive_time_curved,
APF,normal_city,1,apf_rho0,2.0,drive_time_curved,
APF,normal_city,2,apf_rho0,2.0,drive_time_curved,
APF,normal_city,3,apf_rho0,2.0,drive_time_curved,
APF,normal_city,4,apf_rho0,2.0,drive_time_curved,
APF,normal_city,5,apf_rho0,2.0,drive_time_curved,
APF,normal_city,6,apf_rho0,2.0,drive_time_curved,
APF,normal_city,7,apf_rho0,2.0,drive_time_curved,
APF,normal_city,8,apf_rho0,2.0,drive_time_curved,
APF,normal_city,9,apf_rho0,2.0,drive_time_curved,
APF,normal_city,10,apf_rho0,2.0,drive_time_curved,
APF,normal_city,11,apf_rho0,2.0,drive_time_curved,
APF,normal_city,12,apf_rho0,2.0,drive_time_curved,
APF,normal_city,13,apf_rho0,2.0,drive_time_curved,
APF,normal_city,14,apf_rho0,2.0,drive_time_curved,
APF,normal_city,15,apf_rho0,2.0,drive_time_curved,
APF,normal_city,16,apf_rho0,2.0,drive_time_curved,
APF,normal_city,17,apf_rho0,2.0,drive_time_curved,
APF,normal_city,18,apf_rho0,2.0,drive_time_curved,
APF,normal_city,19,apf_rho0,2.0,drive_time_curved,
APF,normal_city,20,apf_rho0,2.0,drive_time_curved,
APF,normal_city,21,apf_rho0,2.0,drive_time_curved,
APF,normal_city,22,apf_rho0,2.0,drive_time_curved,
APF,normal_city,23,apf_rho0,2.0,drive_time_curved,
APF,normal_city,24,apf_rho0,2.0,drive_time_curved,
APF,normal_city,25,apf_rho0,2.0,drive_time_curved,
APF,normal_city,26,apf_rho0,2.0,drive_time_curved,
APF,normal_city,27,apf_rho0,2.0,drive_time_curved,
APF,normal_city,28,apf_rho0,2.0,drive_time_curved,
APF,normal_city,29,apf_rho0,2.0,drive_time_curved,
APF,blocked_road,0,apf_rho0,2.0,drive_time_curved,
APF,blocked_road,1,apf_rho0,2.0,drive_time_curved,
APF,blocked_road,2,apf_rho0,2.0,drive_time_curved,
APF,blocked_road,3,apf_rho0,2.0,drive_time_curved,
APF,blocked_road,4,apf_rho0,2.0,drive_time_curved,
APF,blocked_road,5,apf_rho0,2.0,drive_time_curved,
APF,blocked_road,6,apf_rho0,2.0,drive_time_curved,
APF,blocked_road,7,apf_rho0,2.0,drive_time_curved,
APF,blocked_road,8,apf_rho0,2.0,drive_time_curved,
APF,blocked_road,9,apf_rho0,2.0,drive_time_curved,
APF,blocked_road,10,apf_rho0,2.0,drive_time_curved,
APF,blocked_road,11,apf_rho0,2.0,drive_time_curved,
APF,blocked_road,12,apf_rho0,2.0,drive_time_curved,
APF,blocked_road,13,apf_rho0,2.0,drive_time_curved,
APF,blocked_road,14,apf_rho0,2.0,drive_time_curved,
APF,blocked_road,15,apf_rho0,2.0,drive_time_curved,
APF,blocked_road,16,apf_rho0,2.0,drive_time_curved,
APF,blocked_road,17,apf_rho0,2.0,drive_time_curved,
APF,blocked_road,18,apf_rho0,2.0,drive_time_curved,
APF,blocked_road,19,apf_rho0,2.0,drive_time_curved,
APF,blocked_road,20,apf_rho0,2.0,drive_time_curved,
APF,blocked_road,21,apf_rho0,2.0,drive_time_curved,
APF,blocked_road,22,apf_rho0,2.0,drive_time_curved,
APF,blocked_road,23,apf_rho0,2.0,drive_time_curved,
APF,blocked_road,24,apf_rho0,2.0,drive_time_curved,
APF,blocked_road,25,apf_rho0,2.0,drive_time_curved,
APF,blocked_road,26,apf_rho0,2.0,drive_time_curved,
APF,blocked_road,27,apf_rho0,2.0,drive_time_curved,
APF,blocked_road,28,apf_rho0,2.0,drive_time_curved,
APF,blocked_road,29,apf_rho0,2.0,drive_time_curved,
APF,dense_city,0,apf_rho0,2.0,drive_time_curved,
APF,dense_city,1,apf_rho0,2.0,drive_time_curved,
APF,dense_city,2,apf_rho0,2.0,drive_time_curved,
APF,dense_city,3,apf_rho0,2.0,drive_time_curved,
APF,dense_city,4,apf_rho0,2.0,drive_time_curved,
APF,dense_city,5,apf_rho0,2.0,drive_time_curved,
APF,dense_city,6,apf_rho0,2.0,drive_time_curved,
APF,dense_city,7,apf_rho0,2.0,drive_time_curved,
APF,dense_city,8,apf_rho0,2.0,drive_time_curved,
APF,dense_city,9,apf_rho0,2.0,drive_time_curved,
APF,dense_city,10,apf_rho0,2.0,drive_time_curved,
APF,dense_city,11,apf_rho0,2.0,drive_time_curved,
APF,dense_city,12,apf_rho0,2.0,drive_time_curved,
APF,dense_city,13,apf_rho0,2.0,drive_time_curved,
APF,dense_city,14,apf_rho0,2.0,drive_time_curved,
APF,dense_city,15,apf_rho0,2.0,drive_time_curved,
APF,dense_city,16,apf_rho0,2.0,drive_time_curved,
APF,dense_city,17,apf_rho0,2.0,drive_time_curved,
APF,dense_city,18,apf_rho0,2.0,drive_time_curved,
APF,dense_city,19,apf_rho0,2.0,drive_time_curved,
APF,dense_city,20,apf_rho0,2.0,drive_time_curved,
APF,dense_city,21,apf_rho0,2.0,drive_time_curved,
APF,dense_city,22,apf_rho0,2.0,drive_time_curved,
APF,dense_city,23,apf_rho0,2.0,drive_time_curved,
APF,dense_city,24,apf_rho0,2.0,drive_time_curved,
APF,dense_city,25,apf_rho0,2.0,drive_time_curved,
APF,dense_city,26,apf_rho0,2.0,drive_time_curved,
APF,dense_city,27,apf_rho0,2.0,drive_time_curved,
APF,dense_city,28,apf_rho0,2.0,drive_time_curved,
APF,dense_city,29,apf_rho0,2.0,drive_time_curved,
APF,normal_city,0,apf_rho0,3.0,drive_time_curved,73.9379
APF,normal_city,1,apf_rho0,3.0,drive_time_curved,68.2133
APF,normal_city,2,apf_rho0,3.0,drive_time_curved,70.3096
APF,normal_city,3,apf_rho0,3.0,drive_time_curved,68.1822
APF,normal_city,4,apf_rho0,3.0,drive_time_curved,68.8736
APF,normal_city,5,apf_rho0,3.0,drive_time_curved,74.2637
APF,normal_city,6,apf_rho0,3.0,drive_time_curved,
APF,normal_city,7,apf_rho0,3.0,drive_time_curved,74.6543
APF,normal_city,8,apf_rho0,3.0,drive_time_curved,70.9257
APF,normal_city,9,apf_rho0,3.0,drive_time_curved,
APF,normal_city,10,apf_rho0,3.0,drive_time_curved,62.1627
APF,normal_city,11,apf_rho0,3.0,drive_time_curved,78.0522
APF,normal_city,12,apf_rho0,3.0,drive_time_curved,
APF,normal_city,13,apf_rho0,3.0,drive_time_curved,78.6886
APF,normal_city,14,apf_rho0,3.0,drive_time_curved,71.5591
APF,normal_city,15,apf_rho0,3.0,drive_time_curved,71.3762
APF,normal_city,16,apf_rho0,3.0,drive_time_curved,68.1777
APF,normal_city,17,apf_rho0,3.0,drive_time_curved,
APF,normal_city,18,apf_rho0,3.0,drive_time_curved,68.4413
APF,normal_city,19,apf_rho0,3.0,drive_time_curved,
APF,normal_city,20,apf_rho0,3.0,drive_time_curved,67.4884
APF,normal_city,21,apf_rho0,3.0,drive_time_curved,63.8976
APF,normal_city,22,apf_rho0,3.0,drive_time_curved,68.3413
APF,normal_city,23,apf_rho0,3.0,drive_time_curved,
APF,normal_city,24,apf_rho0,3.0,drive_time_curved,63.2702
APF,normal_city,25,apf_rho0,3.0,drive_time_curved,69.7076
APF,normal_city,26,apf_rho0,3.0,drive_time_curved,68.7979
APF,normal_city,27,apf_rho0,3.0,drive_time_curved,83.0692
APF,normal_city,28,apf_rho0,3.0,drive_time_curved,70.3393
APF,normal_city,29,apf_rho0,3.0,drive_time_curved,68.7412
APF,blocked_road,0,apf_rho0,3.0,drive_time_curved,
APF,blocked_road,1,apf_rho0,3.0,drive_time_curved,
APF,blocked_road,2,apf_rho0,3.0,drive_time_curved,
APF,blocked_road,3,apf_rho0,3.0,drive_time_curved,
APF,blocked_road,4,apf_rho0,3.0,drive_time_curved,
APF,blocked_road,5,apf_rho0,3.0,drive_time_curved,
APF,blocked_road,6,apf_rho0,3.0,drive_time_curved,
APF,blocked_road,7,apf_rho0,3.0,drive_time_curved,77.9347
APF,blocked_road,8,apf_rho0,3.0,drive_time_curved,
APF,blocked_road,9,apf_rho0,3.0,drive_time_curved,
APF,blocked_road,10,apf_rho0,3.0,drive_time_curved,
APF,blocked_road,11,apf_rho0,3.0,drive_time_curved,
APF,blocked_road,12,apf_rho0,3.0,drive_time_curved,
APF,blocked_road,13,apf_rho0,3.0,drive_time_curved,67.3026
APF,blocked_road,14,apf_rho0,3.0,drive_time_curved,
APF,blocked_road,15,apf_rho0,3.0,drive_time_curved,
APF,blocked_road,16,apf_rho0,3.0,drive_time_curved,
APF,blocked_road,17,apf_rho0,3.0,drive_time_curved,
APF,blocked_road,18,apf_rho0,3.0,drive_time_curved,80.0766
APF,blocked_road,19,apf_rho0,3.0,drive_time_curved,
APF,blocked_road,20,apf_rho0,3.0,drive_time_curved,
APF,blocked_road,21,apf_rho0,3.0,drive_time_curved,
APF,blocked_road,22,apf_rho0,3.0,drive_time_curved,
APF,blocked_road,23,apf_rho0,3.0,drive_time_curved,
APF,blocked_road,24,apf_rho0,3.0,drive_time_curved,
APF,blocked_road,25,apf_rho0,3.0,drive_time_curved,71.2659
APF,blocked_road,26,apf_rho0,3.0,drive_time_curved,
APF,blocked_road,27,apf_rho0,3.0,drive_time_curved,
APF,blocked_road,28,apf_rho0,3.0,drive_time_curved,
APF,blocked_road,29,apf_rho0,3.0,drive_time_curved,
APF,dense_city,0,apf_rho0,3.0,drive_time_curved,
APF,dense_city,1,apf_rho0,3.0,drive_time_curved,
APF,dense_city,2,apf_rho0,3.0,drive_time_curved,
APF,dense_city,3,apf_rho0,3.0,drive_time_curved,
APF,dense_city,4,apf_rho0,3.0,drive_time_curved,
APF,dense_city,5,apf_rho0,3.0,drive_time_curved,
APF,dense_city,6,apf_rho0,3.0,drive_time_curved,
APF,dense_city,7,apf_rho0,3.0,drive_time_curved,
APF,dense_city,8,apf_rho0,3.0,drive_time_curved,
APF,dense_city,9,apf_rho0,3.0,drive_time_curved,
APF,dense_city,10,apf_rho0,3.0,drive_time_curved,
APF,dense_city,11,apf_rho0,3.0,drive_time_curved,
APF,dense_city,12,apf_rho0,3.0,drive_time_curved,
APF,dense_city,13,apf_rho0,3.0,drive_time_curved,
APF,dense_city,14,apf_rho0,3.0,drive_time_curved,
APF,dense_city,15,apf_rho0,3.0,drive_time_curved,
APF,dense_city,16,apf_rho0,3.0,drive_time_curved,
APF,dense_city,17,apf_rho0,3.0,drive_time_curved,
APF,dense_city,18,apf_rho0,3.0,drive_time_curved,
APF,dense_city,19,apf_rho0,3.0,drive_time_curved,
APF,dense_city,20,apf_rho0,3.0,drive_time_curved,
APF,dense_city,21,apf_rho0,3.0,drive_time_curved,
APF,dense_city,22,apf_rho0,3.0,drive_time_curved,
APF,dense_city,23,apf_rho0,3.0,drive_time_curved,
APF,dense_city,24,apf_rho0,3.0,drive_time_curved,
APF,dense_city,25,apf_rho0,3.0,drive_time_curved,
APF,dense_city,26,apf_rho0,3.0,drive_time_curved,
APF,dense_city,27,apf_rho0,3.0,drive_time_curved,
APF,dense_city,28,apf_rho0,3.0,drive_time_curved,
APF,dense_city,29,apf_rho0,3.0,drive_time_curved,
APF,normal_city,0,apf_rho0,4.5,drive_time_curved,74.0329
APF,normal_city,1,apf_rho0,4.5,drive_time_curved,74.4285
APF,normal_city,2,apf_rho0,4.5,drive_time_curved,77.1445
APF,normal_city,3,apf_rho0,4.5,drive_time_curved,78.3084
APF,normal_city,4,apf_rho0,4.5,drive_time_curved,75.0295
APF,normal_city,5,apf_rho0,4.5,drive_time_curved,76.2945
APF,normal_city,6,apf_rho0,4.5,drive_time_curved,
APF,normal_city,7,apf_rho0,4.5,drive_time_curved,76.3028
APF,normal_city,8,apf_rho0,4.5,drive_time_curved,77.877
APF,normal_city,9,apf_rho0,4.5,drive_time_curved,
APF,normal_city,10,apf_rho0,4.5,drive_time_curved,70.8344
APF,normal_city,11,apf_rho0,4.5,drive_time_curved,87.3066
APF,normal_city,12,apf_rho0,4.5,drive_time_curved,
APF,normal_city,13,apf_rho0,4.5,drive_time_curved,83.6076
APF,normal_city,14,apf_rho0,4.5,drive_time_curved,70.7124
APF,normal_city,15,apf_rho0,4.5,drive_time_curved,73.3791
APF,normal_city,16,apf_rho0,4.5,drive_time_curved,72.4299
APF,normal_city,17,apf_rho0,4.5,drive_time_curved,
APF,normal_city,18,apf_rho0,4.5,drive_time_curved,71.6336
APF,normal_city,19,apf_rho0,4.5,drive_time_curved,
APF,normal_city,20,apf_rho0,4.5,drive_time_curved,72.8878
APF,normal_city,21,apf_rho0,4.5,drive_time_curved,75.1975
APF,normal_city,22,apf_rho0,4.5,drive_time_curved,80.0713
APF,normal_city,23,apf_rho0,4.5,drive_time_curved,
APF,normal_city,24,apf_rho0,4.5,drive_time_curved,71.228
APF,normal_city,25,apf_rho0,4.5,drive_time_curved,75.8062
APF,normal_city,26,apf_rho0,4.5,drive_time_curved,72.6798
APF,normal_city,27,apf_rho0,4.5,drive_time_curved,86.5615
APF,normal_city,28,apf_rho0,4.5,drive_time_curved,71.7651
APF,normal_city,29,apf_rho0,4.5,drive_time_curved,70.9061
APF,blocked_road,0,apf_rho0,4.5,drive_time_curved,
APF,blocked_road,1,apf_rho0,4.5,drive_time_curved,
APF,blocked_road,2,apf_rho0,4.5,drive_time_curved,
APF,blocked_road,3,apf_rho0,4.5,drive_time_curved,
APF,blocked_road,4,apf_rho0,4.5,drive_time_curved,
APF,blocked_road,5,apf_rho0,4.5,drive_time_curved,
APF,blocked_road,6,apf_rho0,4.5,drive_time_curved,
APF,blocked_road,7,apf_rho0,4.5,drive_time_curved,74.9255
APF,blocked_road,8,apf_rho0,4.5,drive_time_curved,
APF,blocked_road,9,apf_rho0,4.5,drive_time_curved,
APF,blocked_road,10,apf_rho0,4.5,drive_time_curved,
APF,blocked_road,11,apf_rho0,4.5,drive_time_curved,
APF,blocked_road,12,apf_rho0,4.5,drive_time_curved,
APF,blocked_road,13,apf_rho0,4.5,drive_time_curved,78.2323
APF,blocked_road,14,apf_rho0,4.5,drive_time_curved,
APF,blocked_road,15,apf_rho0,4.5,drive_time_curved,
APF,blocked_road,16,apf_rho0,4.5,drive_time_curved,
APF,blocked_road,17,apf_rho0,4.5,drive_time_curved,
APF,blocked_road,18,apf_rho0,4.5,drive_time_curved,87.187
APF,blocked_road,19,apf_rho0,4.5,drive_time_curved,
APF,blocked_road,20,apf_rho0,4.5,drive_time_curved,
APF,blocked_road,21,apf_rho0,4.5,drive_time_curved,
APF,blocked_road,22,apf_rho0,4.5,drive_time_curved,
APF,blocked_road,23,apf_rho0,4.5,drive_time_curved,
APF,blocked_road,24,apf_rho0,4.5,drive_time_curved,
APF,blocked_road,25,apf_rho0,4.5,drive_time_curved,
APF,blocked_road,26,apf_rho0,4.5,drive_time_curved,
APF,blocked_road,27,apf_rho0,4.5,drive_time_curved,
APF,blocked_road,28,apf_rho0,4.5,drive_time_curved,
APF,blocked_road,29,apf_rho0,4.5,drive_time_curved,
APF,dense_city,0,apf_rho0,4.5,drive_time_curved,
APF,dense_city,1,apf_rho0,4.5,drive_time_curved,
APF,dense_city,2,apf_rho0,4.5,drive_time_curved,
APF,dense_city,3,apf_rho0,4.5,drive_time_curved,
APF,dense_city,4,apf_rho0,4.5,drive_time_curved,
APF,dense_city,5,apf_rho0,4.5,drive_time_curved,
APF,dense_city,6,apf_rho0,4.5,drive_time_curved,
APF,dense_city,7,apf_rho0,4.5,drive_time_curved,
APF,dense_city,8,apf_rho0,4.5,drive_time_curved,92.8895
APF,dense_city,9,apf_rho0,4.5,drive_time_curved,
APF,dense_city,10,apf_rho0,4.5,drive_time_curved,95.056
APF,dense_city,11,apf_rho0,4.5,drive_time_curved,
APF,dense_city,12,apf_rho0,4.5,drive_time_curved,
APF,dense_city,13,apf_rho0,4.5,drive_time_curved,
APF,dense_city,14,apf_rho0,4.5,drive_time_curved,
APF,dense_city,15,apf_rho0,4.5,drive_time_curved,
APF,dense_city,16,apf_rho0,4.5,drive_time_curved,
APF,dense_city,17,apf_rho0,4.5,drive_time_curved,
APF,dense_city,18,apf_rho0,4.5,drive_time_curved,
APF,dense_city,19,apf_rho0,4.5,drive_time_curved,
APF,dense_city,20,apf_rho0,4.5,drive_time_curved,90.4245
APF,dense_city,21,apf_rho0,4.5,drive_time_curved,94.7074
APF,dense_city,22,apf_rho0,4.5,drive_time_curved,
APF,dense_city,23,apf_rho0,4.5,drive_time_curved,
APF,dense_city,24,apf_rho0,4.5,drive_time_curved,
APF,dense_city,25,apf_rho0,4.5,drive_time_curved,
APF,dense_city,26,apf_rho0,4.5,drive_time_curved,
APF,dense_city,27,apf_rho0,4.5,drive_time_curved,
APF,dense_city,28,apf_rho0,4.5,drive_time_curved,
APF,dense_city,29,apf_rho0,4.5,drive_time_curved,
APF,normal_city,0,apf_rho0,6.0,drive_time_curved,77.1225
APF,normal_city,1,apf_rho0,6.0,drive_time_curved,81.0655
APF,normal_city,2,apf_rho0,6.0,drive_time_curved,80.1751
APF,normal_city,3,apf_rho0,6.0,drive_time_curved,80.1072
APF,normal_city,4,apf_rho0,6.0,drive_time_curved,84.4263
APF,normal_city,5,apf_rho0,6.0,drive_time_curved,74.5785
APF,normal_city,6,apf_rho0,6.0,drive_time_curved,
APF,normal_city,7,apf_rho0,6.0,drive_time_curved,79.4807
APF,normal_city,8,apf_rho0,6.0,drive_time_curved,80.8183
APF,normal_city,9,apf_rho0,6.0,drive_time_curved,
APF,normal_city,10,apf_rho0,6.0,drive_time_curved,71.3978
APF,normal_city,11,apf_rho0,6.0,drive_time_curved,96.6783
APF,normal_city,12,apf_rho0,6.0,drive_time_curved,
APF,normal_city,13,apf_rho0,6.0,drive_time_curved,80.6364
APF,normal_city,14,apf_rho0,6.0,drive_time_curved,75.8884
APF,normal_city,15,apf_rho0,6.0,drive_time_curved,76.8325
APF,normal_city,16,apf_rho0,6.0,drive_time_curved,73.8765
APF,normal_city,17,apf_rho0,6.0,drive_time_curved,
APF,normal_city,18,apf_rho0,6.0,drive_time_curved,73.5557
APF,normal_city,19,apf_rho0,6.0,drive_time_curved,
APF,normal_city,20,apf_rho0,6.0,drive_time_curved,77.9577
APF,normal_city,21,apf_rho0,6.0,drive_time_curved,77.1448
APF,normal_city,22,apf_rho0,6.0,drive_time_curved,80.0873
APF,normal_city,23,apf_rho0,6.0,drive_time_curved,
APF,normal_city,24,apf_rho0,6.0,drive_time_curved,78.4955
APF,normal_city,25,apf_rho0,6.0,drive_time_curved,80.9364
APF,normal_city,26,apf_rho0,6.0,drive_time_curved,75.0828
APF,normal_city,27,apf_rho0,6.0,drive_time_curved,91.1252
APF,normal_city,28,apf_rho0,6.0,drive_time_curved,78.2528
APF,normal_city,29,apf_rho0,6.0,drive_time_curved,78.6848
APF,blocked_road,0,apf_rho0,6.0,drive_time_curved,
APF,blocked_road,1,apf_rho0,6.0,drive_time_curved,
APF,blocked_road,2,apf_rho0,6.0,drive_time_curved,
APF,blocked_road,3,apf_rho0,6.0,drive_time_curved,
APF,blocked_road,4,apf_rho0,6.0,drive_time_curved,
APF,blocked_road,5,apf_rho0,6.0,drive_time_curved,
APF,blocked_road,6,apf_rho0,6.0,drive_time_curved,
APF,blocked_road,7,apf_rho0,6.0,drive_time_curved,78.8275
APF,blocked_road,8,apf_rho0,6.0,drive_time_curved,
APF,blocked_road,9,apf_rho0,6.0,drive_time_curved,
APF,blocked_road,10,apf_rho0,6.0,drive_time_curved,
APF,blocked_road,11,apf_rho0,6.0,drive_time_curved,
APF,blocked_road,12,apf_rho0,6.0,drive_time_curved,
APF,blocked_road,13,apf_rho0,6.0,drive_time_curved,88.8994
APF,blocked_road,14,apf_rho0,6.0,drive_time_curved,
APF,blocked_road,15,apf_rho0,6.0,drive_time_curved,
APF,blocked_road,16,apf_rho0,6.0,drive_time_curved,
APF,blocked_road,17,apf_rho0,6.0,drive_time_curved,
APF,blocked_road,18,apf_rho0,6.0,drive_time_curved,87.3233
APF,blocked_road,19,apf_rho0,6.0,drive_time_curved,
APF,blocked_road,20,apf_rho0,6.0,drive_time_curved,
APF,blocked_road,21,apf_rho0,6.0,drive_time_curved,
APF,blocked_road,22,apf_rho0,6.0,drive_time_curved,
APF,blocked_road,23,apf_rho0,6.0,drive_time_curved,
APF,blocked_road,24,apf_rho0,6.0,drive_time_curved,
APF,blocked_road,25,apf_rho0,6.0,drive_time_curved,
APF,blocked_road,26,apf_rho0,6.0,drive_time_curved,
APF,blocked_road,27,apf_rho0,6.0,drive_time_curved,
APF,blocked_road,28,apf_rho0,6.0,drive_time_curved,
APF,blocked_road,29,apf_rho0,6.0,drive_time_curved,
APF,dense_city,0,apf_rho0,6.0,drive_time_curved,
APF,dense_city,1,apf_rho0,6.0,drive_time_curved,
APF,dense_city,2,apf_rho0,6.0,drive_time_curved,
APF,dense_city,3,apf_rho0,6.0,drive_time_curved,
APF,dense_city,4,apf_rho0,6.0,drive_time_curved,
APF,dense_city,5,apf_rho0,6.0,drive_time_curved,
APF,dense_city,6,apf_rho0,6.0,drive_time_curved,
APF,dense_city,7,apf_rho0,6.0,drive_time_curved,
APF,dense_city,8,apf_rho0,6.0,drive_time_curved,108.2947
APF,dense_city,9,apf_rho0,6.0,drive_time_curved,
APF,dense_city,10,apf_rho0,6.0,drive_time_curved,94.7266
APF,dense_city,11,apf_rho0,6.0,drive_time_curved,
APF,dense_city,12,apf_rho0,6.0,drive_time_curved,
APF,dense_city,13,apf_rho0,6.0,drive_time_curved,
APF,dense_city,14,apf_rho0,6.0,drive_time_curved,
APF,dense_city,15,apf_rho0,6.0,drive_time_curved,
APF,dense_city,16,apf_rho0,6.0,drive_time_curved,
APF,dense_city,17,apf_rho0,6.0,drive_time_curved,
APF,dense_city,18,apf_rho0,6.0,drive_time_curved,
APF,dense_city,19,apf_rho0,6.0,drive_time_curved,
APF,dense_city,20,apf_rho0,6.0,drive_time_curved,96.116
APF,dense_city,21,apf_rho0,6.0,drive_time_curved,96.3383
APF,dense_city,22,apf_rho0,6.0,drive_time_curved,
APF,dense_city,23,apf_rho0,6.0,drive_time_curved,
APF,dense_city,24,apf_rho0,6.0,drive_time_curved,
APF,dense_city,25,apf_rho0,6.0,drive_time_curved,
APF,dense_city,26,apf_rho0,6.0,drive_time_curved,
APF,dense_city,27,apf_rho0,6.0,drive_time_curved,
APF,dense_city,28,apf_rho0,6.0,drive_time_curved,
APF,dense_city,29,apf_rho0,6.0,drive_time_curved,
APF,normal_city,0,apf_rho0,1.5,comp_time,0.01155
APF,normal_city,1,apf_rho0,1.5,comp_time,0.01175
APF,normal_city,2,apf_rho0,1.5,comp_time,0.01149
APF,normal_city,3,apf_rho0,1.5,comp_time,0.00764
APF,normal_city,4,apf_rho0,1.5,comp_time,0.01057
APF,normal_city,5,apf_rho0,1.5,comp_time,0.01069
APF,normal_city,6,apf_rho0,1.5,comp_time,0.01071
APF,normal_city,7,apf_rho0,1.5,comp_time,0.01187
APF,normal_city,8,apf_rho0,1.5,comp_time,0.00899
APF,normal_city,9,apf_rho0,1.5,comp_time,0.00829
APF,normal_city,10,apf_rho0,1.5,comp_time,0.00856
APF,normal_city,11,apf_rho0,1.5,comp_time,0.01124
APF,normal_city,12,apf_rho0,1.5,comp_time,0.0102
APF,normal_city,13,apf_rho0,1.5,comp_time,0.00835
APF,normal_city,14,apf_rho0,1.5,comp_time,0.00872
APF,normal_city,15,apf_rho0,1.5,comp_time,0.00858
APF,normal_city,16,apf_rho0,1.5,comp_time,0.00957
APF,normal_city,17,apf_rho0,1.5,comp_time,0.00901
APF,normal_city,18,apf_rho0,1.5,comp_time,0.00898
APF,normal_city,19,apf_rho0,1.5,comp_time,0.00886
APF,normal_city,20,apf_rho0,1.5,comp_time,0.009
APF,normal_city,21,apf_rho0,1.5,comp_time,0.00808
APF,normal_city,22,apf_rho0,1.5,comp_time,0.00996
APF,normal_city,23,apf_rho0,1.5,comp_time,0.01209
APF,normal_city,24,apf_rho0,1.5,comp_time,0.0079
APF,normal_city,25,apf_rho0,1.5,comp_time,0.01015
APF,normal_city,26,apf_rho0,1.5,comp_time,0.00855
APF,normal_city,27,apf_rho0,1.5,comp_time,0.0086
APF,normal_city,28,apf_rho0,1.5,comp_time,0.01054
APF,normal_city,29,apf_rho0,1.5,comp_time,0.01023
APF,blocked_road,0,apf_rho0,1.5,comp_time,0.01017
APF,blocked_road,1,apf_rho0,1.5,comp_time,0.00821
APF,blocked_road,2,apf_rho0,1.5,comp_time,0.00973
APF,blocked_road,3,apf_rho0,1.5,comp_time,0.00659
APF,blocked_road,4,apf_rho0,1.5,comp_time,0.00813
APF,blocked_road,5,apf_rho0,1.5,comp_time,0.00873
APF,blocked_road,6,apf_rho0,1.5,comp_time,0.00813
APF,blocked_road,7,apf_rho0,1.5,comp_time,0.01001
APF,blocked_road,8,apf_rho0,1.5,comp_time,0.00706
APF,blocked_road,9,apf_rho0,1.5,comp_time,0.00673
APF,blocked_road,10,apf_rho0,1.5,comp_time,0.0072
APF,blocked_road,11,apf_rho0,1.5,comp_time,0.00807
APF,blocked_road,12,apf_rho0,1.5,comp_time,0.01371
APF,blocked_road,13,apf_rho0,1.5,comp_time,0.00831
APF,blocked_road,14,apf_rho0,1.5,comp_time,0.00634
APF,blocked_road,15,apf_rho0,1.5,comp_time,0.00635
APF,blocked_road,16,apf_rho0,1.5,comp_time,0.00643
APF,blocked_road,17,apf_rho0,1.5,comp_time,0.00803
APF,blocked_road,18,apf_rho0,1.5,comp_time,0.00828
APF,blocked_road,19,apf_rho0,1.5,comp_time,0.00655
APF,blocked_road,20,apf_rho0,1.5,comp_time,0.00685
APF,blocked_road,21,apf_rho0,1.5,comp_time,0.00612
APF,blocked_road,22,apf_rho0,1.5,comp_time,0.00708
APF,blocked_road,23,apf_rho0,1.5,comp_time,0.00938
APF,blocked_road,24,apf_rho0,1.5,comp_time,0.00728
APF,blocked_road,25,apf_rho0,1.5,comp_time,0.01009
APF,blocked_road,26,apf_rho0,1.5,comp_time,0.00681
APF,blocked_road,27,apf_rho0,1.5,comp_time,0.0075
APF,blocked_road,28,apf_rho0,1.5,comp_time,0.00945
APF,blocked_road,29,apf_rho0,1.5,comp_time,0.00889
APF,dense_city,0,apf_rho0,1.5,comp_time,0.01125
APF,dense_city,1,apf_rho0,1.5,comp_time,0.01162
APF,dense_city,2,apf_rho0,1.5,comp_time,0.0123
APF,dense_city,3,apf_rho0,1.5,comp_time,0.00913
APF,dense_city,4,apf_rho0,1.5,comp_time,0.01278
APF,dense_city,5,apf_rho0,1.5,comp_time,0.01348
APF,dense_city,6,apf_rho0,1.5,comp_time,0.01214
APF,dense_city,7,apf_rho0,1.5,comp_time,0.01275
APF,dense_city,8,apf_rho0,1.5,comp_time,0.01091
APF,dense_city,9,apf_rho0,1.5,comp_time,0.01409
APF,dense_city,10,apf_rho0,1.5,comp_time,0.01385
APF,dense_city,11,apf_rho0,1.5,comp_time,0.01497
APF,dense_city,12,apf_rho0,1.5,comp_time,0.01612
APF,dense_city,13,apf_rho0,1.5,comp_time,0.01206
APF,dense_city,14,apf_rho0,1.5,comp_time,0.01133
APF,dense_city,15,apf_rho0,1.5,comp_time,0.01011
APF,dense_city,16,apf_rho0,1.5,comp_time,0.01293
APF,dense_city,17,apf_rho0,1.5,comp_time,0.01356
APF,dense_city,18,apf_rho0,1.5,comp_time,0.01021
APF,dense_city,19,apf_rho0,1.5,comp_time,0.01336
APF,dense_city,20,apf_rho0,1.5,comp_time,0.01479
APF,dense_city,21,apf_rho0,1.5,comp_time,0.01224
APF,dense_city,22,apf_rho0,1.5,comp_time,0.01217
APF,dense_city,23,apf_rho0,1.5,comp_time,0.01241
APF,dense_city,24,apf_rho0,1.5,comp_time,0.01144
APF,dense_city,25,apf_rho0,1.5,comp_time,0.01259
APF,dense_city,26,apf_rho0,1.5,comp_time,0.01147
APF,dense_city,27,apf_rho0,1.5,comp_time,0.01019
APF,dense_city,28,apf_rho0,1.5,comp_time,0.01088
APF,dense_city,29,apf_rho0,1.5,comp_time,0.01069
APF,normal_city,0,apf_rho0,2.0,comp_time,0.01125
APF,normal_city,1,apf_rho0,2.0,comp_time,0.0111
APF,normal_city,2,apf_rho0,2.0,comp_time,0.01158
APF,normal_city,3,apf_rho0,2.0,comp_time,0.00764
APF,normal_city,4,apf_rho0,2.0,comp_time,0.01081
APF,normal_city,5,apf_rho0,2.0,comp_time,0.01065
APF,normal_city,6,apf_rho0,2.0,comp_time,0.01314
APF,normal_city,7,apf_rho0,2.0,comp_time,0.01443
APF,normal_city,8,apf_rho0,2.0,comp_time,0.00922
APF,normal_city,9,apf_rho0,2.0,comp_time,0.00884
APF,normal_city,10,apf_rho0,2.0,comp_time,0.00726
APF,normal_city,11,apf_rho0,2.0,comp_time,0.01104
APF,normal_city,12,apf_rho0,2.0,comp_time,0.01037
APF,normal_city,13,apf_rho0,2.0,comp_time,0.00915
APF,normal_city,14,apf_rho0,2.0,comp_time,0.00889
APF,normal_city,15,apf_rho0,2.0,comp_time,0.00867
APF,normal_city,16,apf_rho0,2.0,comp_time,0.00965
APF,normal_city,17,apf_rho0,2.0,comp_time,0.009
APF,normal_city,18,apf_rho0,2.0,comp_time,0.00832
APF,normal_city,19,apf_rho0,2.0,comp_time,0.00865
APF,normal_city,20,apf_rho0,2.0,comp_time,0.00901
APF,normal_city,21,apf_rho0,2.0,comp_time,0.00839
APF,normal_city,22,apf_rho0,2.0,comp_time,0.00953
APF,normal_city,23,apf_rho0,2.0,comp_time,0.01101
APF,normal_city,24,apf_rho0,2.0,comp_time,0.00804
APF,normal_city,25,apf_rho0,2.0,comp_time,0.01091
APF,normal_city,26,apf_rho0,2.0,comp_time,0.00846
APF,normal_city,27,apf_rho0,2.0,comp_time,0.00858
APF,normal_city,28,apf_rho0,2.0,comp_time,0.01072
APF,normal_city,29,apf_rho0,2.0,comp_time,0.01129
APF,blocked_road,0,apf_rho0,2.0,comp_time,0.00814
APF,blocked_road,1,apf_rho0,2.0,comp_time,0.00853
APF,blocked_road,2,apf_rho0,2.0,comp_time,0.00986
APF,blocked_road,3,apf_rho0,2.0,comp_time,0.00698
APF,blocked_road,4,apf_rho0,2.0,comp_time,0.00909
APF,blocked_road,5,apf_rho0,2.0,comp_time,0.01042
APF,blocked_road,6,apf_rho0,2.0,comp_time,0.008
APF,blocked_road,7,apf_rho0,2.0,comp_time,0.01081
APF,blocked_road,8,apf_rho0,2.0,comp_time,0.00702
APF,blocked_road,9,apf_rho0,2.0,comp_time,0.00774
APF,blocked_road,10,apf_rho0,2.0,comp_time,0.00681
APF,blocked_road,11,apf_rho0,2.0,comp_time,0.00809
APF,blocked_road,12,apf_rho0,2.0,comp_time,0.00897
APF,blocked_road,13,apf_rho0,2.0,comp_time,0.00864
APF,blocked_road,14,apf_rho0,2.0,comp_time,0.00632
APF,blocked_road,15,apf_rho0,2.0,comp_time,0.00659
APF,blocked_road,16,apf_rho0,2.0,comp_time,0.00652
APF,blocked_road,17,apf_rho0,2.0,comp_time,0.00835
APF,blocked_road,18,apf_rho0,2.0,comp_time,0.0081
APF,blocked_road,19,apf_rho0,2.0,comp_time,0.0067
APF,blocked_road,20,apf_rho0,2.0,comp_time,0.00693
APF,blocked_road,21,apf_rho0,2.0,comp_time,0.00618
APF,blocked_road,22,apf_rho0,2.0,comp_time,0.00718
APF,blocked_road,23,apf_rho0,2.0,comp_time,0.00933
APF,blocked_road,24,apf_rho0,2.0,comp_time,0.00971
APF,blocked_road,25,apf_rho0,2.0,comp_time,0.00963
APF,blocked_road,26,apf_rho0,2.0,comp_time,0.0067
APF,blocked_road,27,apf_rho0,2.0,comp_time,0.00795
APF,blocked_road,28,apf_rho0,2.0,comp_time,0.0099
APF,blocked_road,29,apf_rho0,2.0,comp_time,0.01066
APF,dense_city,0,apf_rho0,2.0,comp_time,0.01207
APF,dense_city,1,apf_rho0,2.0,comp_time,0.01115
APF,dense_city,2,apf_rho0,2.0,comp_time,0.0116
APF,dense_city,3,apf_rho0,2.0,comp_time,0.01027
APF,dense_city,4,apf_rho0,2.0,comp_time,0.01239
APF,dense_city,5,apf_rho0,2.0,comp_time,0.01458
APF,dense_city,6,apf_rho0,2.0,comp_time,0.01346
APF,dense_city,7,apf_rho0,2.0,comp_time,0.01321
APF,dense_city,8,apf_rho0,2.0,comp_time,0.01107
APF,dense_city,9,apf_rho0,2.0,comp_time,0.01378
APF,dense_city,10,apf_rho0,2.0,comp_time,0.01482
APF,dense_city,11,apf_rho0,2.0,comp_time,0.01494
APF,dense_city,12,apf_rho0,2.0,comp_time,0.01346
APF,dense_city,13,apf_rho0,2.0,comp_time,0.01181
APF,dense_city,14,apf_rho0,2.0,comp_time,0.01141
APF,dense_city,15,apf_rho0,2.0,comp_time,0.01093
APF,dense_city,16,apf_rho0,2.0,comp_time,0.0168
APF,dense_city,17,apf_rho0,2.0,comp_time,0.01339
APF,dense_city,18,apf_rho0,2.0,comp_time,0.01054
APF,dense_city,19,apf_rho0,2.0,comp_time,0.01182
APF,dense_city,20,apf_rho0,2.0,comp_time,0.01259
APF,dense_city,21,apf_rho0,2.0,comp_time,0.0123
APF,dense_city,22,apf_rho0,2.0,comp_time,0.013
APF,dense_city,23,apf_rho0,2.0,comp_time,0.01323
APF,dense_city,24,apf_rho0,2.0,comp_time,0.01174
APF,dense_city,25,apf_rho0,2.0,comp_time,0.01293
APF,dense_city,26,apf_rho0,2.0,comp_time,0.01078
APF,dense_city,27,apf_rho0,2.0,comp_time,0.01067
APF,dense_city,28,apf_rho0,2.0,comp_time,0.01181
APF,dense_city,29,apf_rho0,2.0,comp_time,0.01268
APF,normal_city,0,apf_rho0,3.0,comp_time,0.04582
APF,normal_city,1,apf_rho0,3.0,comp_time,0.04262
APF,normal_city,2,apf_rho0,3.0,comp_time,0.04282
APF,normal_city,3,apf_rho0,3.0,comp_time,0.03881
APF,normal_city,4,apf_rho0,3.0,comp_time,0.04141
APF,normal_city,5,apf_rho0,3.0,comp_time,0.0415
APF,normal_city,6,apf_rho0,3.0,comp_time,0.01587
APF,normal_city,7,apf_rho0,3.0,comp_time,0.04502
APF,normal_city,8,apf_rho0,3.0,comp_time,0.04004
APF,normal_city,9,apf_rho0,3.0,comp_time,0.01505
APF,normal_city,10,apf_rho0,3.0,comp_time,0.03602
APF,normal_city,11,apf_rho0,3.0,comp_time,0.04407
APF,normal_city,12,apf_rho0,3.0,comp_time,0.54063
APF,normal_city,13,apf_rho0,3.0,comp_time,0.04014
APF,normal_city,14,apf_rho0,3.0,comp_time,0.03883
APF,normal_city,15,apf_rho0,3.0,comp_time,0.03826
APF,normal_city,16,apf_rho0,3.0,comp_time,0.03799
APF,normal_city,17,apf_rho0,3.0,comp_time,0.0087
APF,normal_city,18,apf_rho0,3.0,comp_time,0.03627
APF,normal_city,19,apf_rho0,3.0,comp_time,0.55652
APF,normal_city,20,apf_rho0,3.0,comp_time,0.03836
APF,normal_city,21,apf_rho0,3.0,comp_time,0.03841
APF,normal_city,22,apf_rho0,3.0,comp_time,0.04034
APF,normal_city,23,apf_rho0,3.0,comp_time,0.01503
APF,normal_city,24,apf_rho0,3.0,comp_time,0.03848
APF,normal_city,25,apf_rho0,3.0,comp_time,0.04143
APF,normal_city,26,apf_rho0,3.0,comp_time,0.03955
APF,normal_city,27,apf_rho0,3.0,comp_time,0.0421
APF,normal_city,28,apf_rho0,3.0,comp_time,0.04174
APF,normal_city,29,apf_rho0,3.0,comp_time,0.04241
APF,blocked_road,0,apf_rho0,3.0,comp_time,0.56314
APF,blocked_road,1,apf_rho0,3.0,comp_time,0.55898
APF,blocked_road,2,apf_rho0,3.0,comp_time,0.01306
APF,blocked_road,3,apf_rho0,3.0,comp_time,0.01434
APF,blocked_road,4,apf_rho0,3.0,comp_time,0.59694
APF,blocked_road,5,apf_rho0,3.0,comp_time,0.57853
APF,blocked_road,6,apf_rho0,3.0,comp_time,0.5318
APF,blocked_road,7,apf_rho0,3.0,comp_time,0.04261
APF,blocked_road,8,apf_rho0,3.0,comp_time,0.01248
APF,blocked_road,9,apf_rho0,3.0,comp_time,0.5495
APF,blocked_road,10,apf_rho0,3.0,comp_time,0.01381
APF,blocked_road,11,apf_rho0,3.0,comp_time,0.01573
APF,blocked_road,12,apf_rho0,3.0,comp_time,0.53112
APF,blocked_road,13,apf_rho0,3.0,comp_time,0.03874
APF,blocked_road,14,apf_rho0,3.0,comp_time,0.51775
APF,blocked_road,15,apf_rho0,3.0,comp_time,0.55655
APF,blocked_road,16,apf_rho0,3.0,comp_time,0.53495
APF,blocked_road,17,apf_rho0,3.0,comp_time,0.01574
APF,blocked_road,18,apf_rho0,3.0,comp_time,0.04139
APF,blocked_road,19,apf_rho0,3.0,comp_time,0.02468
APF,blocked_road,20,apf_rho0,3.0,comp_time,0.51504
APF,blocked_road,21,apf_rho0,3.0,comp_time,0.00675
APF,blocked_road,22,apf_rho0,3.0,comp_time,0.01521
APF,blocked_road,23,apf_rho0,3.0,comp_time,0.01325
APF,blocked_road,24,apf_rho0,3.0,comp_time,0.01663
APF,blocked_road,25,apf_rho0,3.0,comp_time,0.03972
APF,blocked_road,26,apf_rho0,3.0,comp_time,0.53559
APF,blocked_road,27,apf_rho0,3.0,comp_time,0.01682
APF,blocked_road,28,apf_rho0,3.0,comp_time,0.01543
APF,blocked_road,29,apf_rho0,3.0,comp_time,0.01814
APF,dense_city,0,apf_rho0,3.0,comp_time,0.01946
APF,dense_city,1,apf_rho0,3.0,comp_time,0.01404
APF,dense_city,2,apf_rho0,3.0,comp_time,0.0131
APF,dense_city,3,apf_rho0,3.0,comp_time,0.01314
APF,dense_city,4,apf_rho0,3.0,comp_time,0.01513
APF,dense_city,5,apf_rho0,3.0,comp_time,0.0535
APF,dense_city,6,apf_rho0,3.0,comp_time,0.01829
APF,dense_city,7,apf_rho0,3.0,comp_time,0.56039
APF,dense_city,8,apf_rho0,3.0,comp_time,0.01306
APF,dense_city,9,apf_rho0,3.0,comp_time,0.0151
APF,dense_city,10,apf_rho0,3.0,comp_time,0.01624
APF,dense_city,11,apf_rho0,3.0,comp_time,0.01622
APF,dense_city,12,apf_rho0,3.0,comp_time,0.54986
APF,dense_city,13,apf_rho0,3.0,comp_time,0.01191
APF,dense_city,14,apf_rho0,3.0,comp_time,0.01398
APF,dense_city,15,apf_rho0,3.0,comp_time,0.02458
APF,dense_city,16,apf_rho0,3.0,comp_time,0.01652
APF,dense_city,17,apf_rho0,3.0,comp_time,0.01455
APF,dense_city,18,apf_rho0,3.0,comp_time,0.01446
APF,dense_city,19,apf_rho0,3.0,comp_time,0.01353
APF,dense_city,20,apf_rho0,3.0,comp_time,0.01439
APF,dense_city,21,apf_rho0,3.0,comp_time,0.01478
APF,dense_city,22,apf_rho0,3.0,comp_time,0.01499
APF,dense_city,23,apf_rho0,3.0,comp_time,0.01238
APF,dense_city,24,apf_rho0,3.0,comp_time,0.01386
APF,dense_city,25,apf_rho0,3.0,comp_time,0.0147
APF,dense_city,26,apf_rho0,3.0,comp_time,0.01401
APF,dense_city,27,apf_rho0,3.0,comp_time,0.0158
APF,dense_city,28,apf_rho0,3.0,comp_time,0.01422
APF,dense_city,29,apf_rho0,3.0,comp_time,0.01343
APF,normal_city,0,apf_rho0,4.5,comp_time,0.04271
APF,normal_city,1,apf_rho0,4.5,comp_time,0.04333
APF,normal_city,2,apf_rho0,4.5,comp_time,0.04356
APF,normal_city,3,apf_rho0,4.5,comp_time,0.04022
APF,normal_city,4,apf_rho0,4.5,comp_time,0.04843
APF,normal_city,5,apf_rho0,4.5,comp_time,0.04377
APF,normal_city,6,apf_rho0,4.5,comp_time,0.01603
APF,normal_city,7,apf_rho0,4.5,comp_time,0.04649
APF,normal_city,8,apf_rho0,4.5,comp_time,0.04368
APF,normal_city,9,apf_rho0,4.5,comp_time,0.54631
APF,normal_city,10,apf_rho0,4.5,comp_time,0.03674
APF,normal_city,11,apf_rho0,4.5,comp_time,0.04566
APF,normal_city,12,apf_rho0,4.5,comp_time,0.54216
APF,normal_city,13,apf_rho0,4.5,comp_time,0.04073
APF,normal_city,14,apf_rho0,4.5,comp_time,0.04053
APF,normal_city,15,apf_rho0,4.5,comp_time,0.04083
APF,normal_city,16,apf_rho0,4.5,comp_time,0.05239
APF,normal_city,17,apf_rho0,4.5,comp_time,0.01075
APF,normal_city,18,apf_rho0,4.5,comp_time,0.03813
APF,normal_city,19,apf_rho0,4.5,comp_time,0.54488
APF,normal_city,20,apf_rho0,4.5,comp_time,0.04013
APF,normal_city,21,apf_rho0,4.5,comp_time,0.04058
APF,normal_city,22,apf_rho0,4.5,comp_time,0.04423
APF,normal_city,23,apf_rho0,4.5,comp_time,0.01555
APF,normal_city,24,apf_rho0,4.5,comp_time,0.03984
APF,normal_city,25,apf_rho0,4.5,comp_time,0.04213
APF,normal_city,26,apf_rho0,4.5,comp_time,0.03857
APF,normal_city,27,apf_rho0,4.5,comp_time,0.0447
APF,normal_city,28,apf_rho0,4.5,comp_time,0.04359
APF,normal_city,29,apf_rho0,4.5,comp_time,0.04459
APF,blocked_road,0,apf_rho0,4.5,comp_time,0.53073
APF,blocked_road,1,apf_rho0,4.5,comp_time,0.52203
APF,blocked_road,2,apf_rho0,4.5,comp_time,0.54381
APF,blocked_road,3,apf_rho0,4.5,comp_time,0.53818
APF,blocked_road,4,apf_rho0,4.5,comp_time,0.55344
APF,blocked_road,5,apf_rho0,4.5,comp_time,0.52929
APF,blocked_road,6,apf_rho0,4.5,comp_time,0.57862
APF,blocked_road,7,apf_rho0,4.5,comp_time,0.04663
APF,blocked_road,8,apf_rho0,4.5,comp_time,0.01428
APF,blocked_road,9,apf_rho0,4.5,comp_time,0.5192
APF,blocked_road,10,apf_rho0,4.5,comp_time,0.53081
APF,blocked_road,11,apf_rho0,4.5,comp_time,0.53765
APF,blocked_road,12,apf_rho0,4.5,comp_time,0.53885
APF,blocked_road,13,apf_rho0,4.5,comp_time,0.04449
APF,blocked_road,14,apf_rho0,4.5,comp_time,0.50539
APF,blocked_road,15,apf_rho0,4.5,comp_time,0.54031
APF,blocked_road,16,apf_rho0,4.5,comp_time,0.5534
APF,blocked_road,17,apf_rho0,4.5,comp_time,0.52879
APF,blocked_road,18,apf_rho0,4.5,comp_time,0.04503
APF,blocked_road,19,apf_rho0,4.5,comp_time,0.03773
APF,blocked_road,20,apf_rho0,4.5,comp_time,0.52692
APF,blocked_road,21,apf_rho0,4.5,comp_time,0.00729
APF,blocked_road,22,apf_rho0,4.5,comp_time,0.01637
APF,blocked_road,23,apf_rho0,4.5,comp_time,0.01468
APF,blocked_road,24,apf_rho0,4.5,comp_time,0.01678
APF,blocked_road,25,apf_rho0,4.5,comp_time,0.01859
APF,blocked_road,26,apf_rho0,4.5,comp_time,0.54163
APF,blocked_road,27,apf_rho0,4.5,comp_time,0.0173
APF,blocked_road,28,apf_rho0,4.5,comp_time,0.01538
APF,blocked_road,29,apf_rho0,4.5,comp_time,0.0183
APF,dense_city,0,apf_rho0,4.5,comp_time,0.56615
APF,dense_city,1,apf_rho0,4.5,comp_time,0.01676
APF,dense_city,2,apf_rho0,4.5,comp_time,0.01398
APF,dense_city,3,apf_rho0,4.5,comp_time,0.01356
APF,dense_city,4,apf_rho0,4.5,comp_time,0.01798
APF,dense_city,5,apf_rho0,4.5,comp_time,0.05295
APF,dense_city,6,apf_rho0,4.5,comp_time,0.01762
APF,dense_city,7,apf_rho0,4.5,comp_time,0.55013
APF,dense_city,8,apf_rho0,4.5,comp_time,0.05166
APF,dense_city,9,apf_rho0,4.5,comp_time,0.01443
APF,dense_city,10,apf_rho0,4.5,comp_time,0.05037
APF,dense_city,11,apf_rho0,4.5,comp_time,0.03504
APF,dense_city,12,apf_rho0,4.5,comp_time,0.55848
APF,dense_city,13,apf_rho0,4.5,comp_time,0.01316
APF,dense_city,14,apf_rho0,4.5,comp_time,0.015
APF,dense_city,15,apf_rho0,4.5,comp_time,0.02979
APF,dense_city,16,apf_rho0,4.5,comp_time,0.05055
APF,dense_city,17,apf_rho0,4.5,comp_time,0.0156
APF,dense_city,18,apf_rho0,4.5,comp_time,0.01449
APF,dense_city,19,apf_rho0,4.5,comp_time,0.5736
APF,dense_city,20,apf_rho0,4.5,comp_time,0.0478
APF,dense_city,21,apf_rho0,4.5,comp_time,0.04875
APF,dense_city,22,apf_rho0,4.5,comp_time,0.55466
APF,dense_city,23,apf_rho0,4.5,comp_time,0.01336
APF,dense_city,24,apf_rho0,4.5,comp_time,0.54571
APF,dense_city,25,apf_rho0,4.5,comp_time,0.5357
APF,dense_city,26,apf_rho0,4.5,comp_time,0.57085
APF,dense_city,27,apf_rho0,4.5,comp_time,0.01707
APF,dense_city,28,apf_rho0,4.5,comp_time,0.01802
APF,dense_city,29,apf_rho0,4.5,comp_time,0.39563
APF,normal_city,0,apf_rho0,6.0,comp_time,0.04679
APF,normal_city,1,apf_rho0,6.0,comp_time,0.04639
APF,normal_city,2,apf_rho0,6.0,comp_time,0.04657
APF,normal_city,3,apf_rho0,6.0,comp_time,0.04235
APF,normal_city,4,apf_rho0,6.0,comp_time,0.04494
APF,normal_city,5,apf_rho0,6.0,comp_time,0.04137
APF,normal_city,6,apf_rho0,6.0,comp_time,0.01581
APF,normal_city,7,apf_rho0,6.0,comp_time,0.0471
APF,normal_city,8,apf_rho0,6.0,comp_time,0.04442
APF,normal_city,9,apf_rho0,6.0,comp_time,0.5602
APF,normal_city,10,apf_rho0,6.0,comp_time,0.04151
APF,normal_city,11,apf_rho0,6.0,comp_time,0.05214
APF,normal_city,12,apf_rho0,6.0,comp_time,0.55366
APF,normal_city,13,apf_rho0,6.0,comp_time,0.04295
APF,normal_city,14,apf_rho0,6.0,comp_time,0.04195
APF,normal_city,15,apf_rho0,6.0,comp_time,0.04145
APF,normal_city,16,apf_rho0,6.0,comp_time,0.04099
APF,normal_city,17,apf_rho0,6.0,comp_time,0.00996
APF,normal_city,18,apf_rho0,6.0,comp_time,0.03715
APF,normal_city,19,apf_rho0,6.0,comp_time,0.5693
APF,normal_city,20,apf_rho0,6.0,comp_time,0.04281
APF,normal_city,21,apf_rho0,6.0,comp_time,0.04186
APF,normal_city,22,apf_rho0,6.0,comp_time,0.04317
APF,normal_city,23,apf_rho0,6.0,comp_time,0.018
APF,normal_city,24,apf_rho0,6.0,comp_time,0.04192
APF,normal_city,25,apf_rho0,6.0,comp_time,0.04382
APF,normal_city,26,apf_rho0,6.0,comp_time,0.03986
APF,normal_city,27,apf_rho0,6.0,comp_time,0.04378
APF,normal_city,28,apf_rho0,6.0,comp_time,0.04664
APF,normal_city,29,apf_rho0,6.0,comp_time,0.04505
APF,blocked_road,0,apf_rho0,6.0,comp_time,0.5253
APF,blocked_road,1,apf_rho0,6.0,comp_time,0.53618
APF,blocked_road,2,apf_rho0,6.0,comp_time,0.52415
APF,blocked_road,3,apf_rho0,6.0,comp_time,0.54427
APF,blocked_road,4,apf_rho0,6.0,comp_time,0.52736
APF,blocked_road,5,apf_rho0,6.0,comp_time,0.53377
APF,blocked_road,6,apf_rho0,6.0,comp_time,0.5349
APF,blocked_road,7,apf_rho0,6.0,comp_time,0.04792
APF,blocked_road,8,apf_rho0,6.0,comp_time,0.0133
APF,blocked_road,9,apf_rho0,6.0,comp_time,0.53119
APF,blocked_road,10,apf_rho0,6.0,comp_time,0.51942
APF,blocked_road,11,apf_rho0,6.0,comp_time,0.5346
APF,blocked_road,12,apf_rho0,6.0,comp_time,0.51718
APF,blocked_road,13,apf_rho0,6.0,comp_time,0.04585
APF,blocked_road,14,apf_rho0,6.0,comp_time,0.53381
APF,blocked_road,15,apf_rho0,6.0,comp_time,0.52545
APF,blocked_road,16,apf_rho0,6.0,comp_time,0.51799
APF,blocked_road,17,apf_rho0,6.0,comp_time,0.54005
APF,blocked_road,18,apf_rho0,6.0,comp_time,0.04854
APF,blocked_road,19,apf_rho0,6.0,comp_time,0.02605
APF,blocked_road,20,apf_rho0,6.0,comp_time,0.53941
APF,blocked_road,21,apf_rho0,6.0,comp_time,0.00681
APF,blocked_road,22,apf_rho0,6.0,comp_time,0.01834
APF,blocked_road,23,apf_rho0,6.0,comp_time,0.01609
APF,blocked_road,24,apf_rho0,6.0,comp_time,0.01752
APF,blocked_road,25,apf_rho0,6.0,comp_time,0.01917
APF,blocked_road,26,apf_rho0,6.0,comp_time,0.52419
APF,blocked_road,27,apf_rho0,6.0,comp_time,0.01742
APF,blocked_road,28,apf_rho0,6.0,comp_time,0.0163
APF,blocked_road,29,apf_rho0,6.0,comp_time,0.02036
APF,dense_city,0,apf_rho0,6.0,comp_time,0.54719
APF,dense_city,1,apf_rho0,6.0,comp_time,0.01612
APF,dense_city,2,apf_rho0,6.0,comp_time,0.01479
APF,dense_city,3,apf_rho0,6.0,comp_time,0.01419
APF,dense_city,4,apf_rho0,6.0,comp_time,0.01819
APF,dense_city,5,apf_rho0,6.0,comp_time,0.05337
APF,dense_city,6,apf_rho0,6.0,comp_time,0.01993
APF,dense_city,7,apf_rho0,6.0,comp_time,0.62784
APF,dense_city,8,apf_rho0,6.0,comp_time,0.05393
APF,dense_city,9,apf_rho0,6.0,comp_time,0.01523
APF,dense_city,10,apf_rho0,6.0,comp_time,0.06102
APF,dense_city,11,apf_rho0,6.0,comp_time,0.04691
APF,dense_city,12,apf_rho0,6.0,comp_time,0.56612
APF,dense_city,13,apf_rho0,6.0,comp_time,0.01214
APF,dense_city,14,apf_rho0,6.0,comp_time,0.0154
APF,dense_city,15,apf_rho0,6.0,comp_time,0.53911
APF,dense_city,16,apf_rho0,6.0,comp_time,0.04993
APF,dense_city,17,apf_rho0,6.0,comp_time,0.01468
APF,dense_city,18,apf_rho0,6.0,comp_time,0.01427
APF,dense_city,19,apf_rho0,6.0,comp_time,0.55497
APF,dense_city,20,apf_rho0,6.0,comp_time,0.04926
APF,dense_city,21,apf_rho0,6.0,comp_time,0.05163
APF,dense_city,22,apf_rho0,6.0,comp_time,0.55269
APF,dense_city,23,apf_rho0,6.0,comp_time,0.01198
APF,dense_city,24,apf_rho0,6.0,comp_time,0.55336
APF,dense_city,25,apf_rho0,6.0,comp_time,0.53983
APF,dense_city,26,apf_rho0,6.0,comp_time,0.54902
APF,dense_city,27,apf_rho0,6.0,comp_time,0.01667
APF,dense_city,28,apf_rho0,6.0,comp_time,0.01719
APF,dense_city,29,apf_rho0,6.0,comp_time,0.38334
