planner,scenario,instance,parameter,value,metric,result
RRT*,normal_city,0,rrt_goal_bias,0.02,success,1.0
RRT*,normal_city,1,rrt_goal_bias,0.02,success,1.0
RRT*,normal_city,2,rrt_goal_bias,0.02,success,1.0
RRT*,normal_city,3,rrt_goal_bias,0.02,success,1.0
RRT*,normal_city,4,rrt_goal_bias,0.02,success,1.0
RRT*,normal_city,5,rrt_goal_bias,0.02,success,1.0
RRT*,normal_city,6,rrt_goal_bias,0.02,success,1.0
RRT*,normal_city,7,rrt_goal_bias,0.02,success,1.0
RRT*,normal_city,8,rrt_goal_bias,0.02,success,1.0
RRT*,normal_city,9,rrt_goal_bias,0.02,success,1.0
RRT*,normal_city,10,rrt_goal_bias,0.02,success,1.0
RRT*,normal_city,11,rrt_goal_bias,0.02,success,1.0
RRT*,normal_city,12,rrt_goal_bias,0.02,success,1.0
RRT*,normal_city,13,rrt_goal_bias,0.02,success,1.0
RRT*,normal_city,14,rrt_goal_bias,0.02,success,1.0
RRT*,normal_city,15,rrt_goal_bias,0.02,success,1.0
RRT*,normal_city,16,rrt_goal_bias,0.02,success,1.0
RRT*,normal_city,17,rrt_goal_bias,0.02,success,1.0
RRT*,normal_city,18,rrt_goal_bias,0.02,success,1.0
RRT*,normal_city,19,rrt_goal_bias,0.02,success,1.0
RRT*,normal_city,20,rrt_goal_bias,0.02,success,1.0
RRT*,normal_city,21,rrt_goal_bias,0.02,success,1.0
RRT*,normal_city,22,rrt_goal_bias,0.02,success,1.0
RRT*,normal_city,23,rrt_goal_bias,0.02,success,1.0
RRT*,normal_city,24,rrt_goal_bias,0.02,success,1.0
RRT*,normal_city,25,rrt_goal_bias,0.02,success,1.0
RRT*,normal_city,26,rrt_goal_bias,0.02,success,1.0
RRT*,normal_city,27,rrt_goal_bias,0.02,success,1.0
RRT*,normal_city,28,rrt_goal_bias,0.02,success,1.0
RRT*,normal_city,29,rrt_goal_bias,0.02,success,1.0
RRT*,blocked_road,0,rrt_goal_bias,0.02,success,1.0
RRT*,blocked_road,1,rrt_goal_bias,0.02,success,1.0
RRT*,blocked_road,2,rrt_goal_bias,0.02,success,1.0
RRT*,blocked_road,3,rrt_goal_bias,0.02,success,1.0
RRT*,blocked_road,4,rrt_goal_bias,0.02,success,1.0
RRT*,blocked_road,5,rrt_goal_bias,0.02,success,1.0
RRT*,blocked_road,6,rrt_goal_bias,0.02,success,1.0
RRT*,blocked_road,7,rrt_goal_bias,0.02,success,1.0
RRT*,blocked_road,8,rrt_goal_bias,0.02,success,1.0
RRT*,blocked_road,9,rrt_goal_bias,0.02,success,1.0
RRT*,blocked_road,10,rrt_goal_bias,0.02,success,1.0
RRT*,blocked_road,11,rrt_goal_bias,0.02,success,1.0
RRT*,blocked_road,12,rrt_goal_bias,0.02,success,1.0
RRT*,blocked_road,13,rrt_goal_bias,0.02,success,1.0
RRT*,blocked_road,14,rrt_goal_bias,0.02,success,1.0
RRT*,blocked_road,15,rrt_goal_bias,0.02,success,1.0
RRT*,blocked_road,16,rrt_goal_bias,0.02,success,1.0
RRT*,blocked_road,17,rrt_goal_bias,0.02,success,1.0
RRT*,blocked_road,18,rrt_goal_bias,0.02,success,1.0
RRT*,blocked_road,19,rrt_goal_bias,0.02,success,1.0
RRT*,blocked_road,20,rrt_goal_bias,0.02,success,1.0
RRT*,blocked_road,21,rrt_goal_bias,0.02,success,1.0
RRT*,blocked_road,22,rrt_goal_bias,0.02,success,1.0
RRT*,blocked_road,23,rrt_goal_bias,0.02,success,1.0
RRT*,blocked_road,24,rrt_goal_bias,0.02,success,1.0
RRT*,blocked_road,25,rrt_goal_bias,0.02,success,1.0
RRT*,blocked_road,26,rrt_goal_bias,0.02,success,1.0
RRT*,blocked_road,27,rrt_goal_bias,0.02,success,1.0
RRT*,blocked_road,28,rrt_goal_bias,0.02,success,1.0
RRT*,blocked_road,29,rrt_goal_bias,0.02,success,1.0
RRT*,dense_city,0,rrt_goal_bias,0.02,success,1.0
RRT*,dense_city,1,rrt_goal_bias,0.02,success,1.0
RRT*,dense_city,2,rrt_goal_bias,0.02,success,1.0
RRT*,dense_city,3,rrt_goal_bias,0.02,success,1.0
RRT*,dense_city,4,rrt_goal_bias,0.02,success,1.0
RRT*,dense_city,5,rrt_goal_bias,0.02,success,1.0
RRT*,dense_city,6,rrt_goal_bias,0.02,success,1.0
RRT*,dense_city,7,rrt_goal_bias,0.02,success,1.0
RRT*,dense_city,8,rrt_goal_bias,0.02,success,1.0
RRT*,dense_city,9,rrt_goal_bias,0.02,success,0.0
RRT*,dense_city,10,rrt_goal_bias,0.02,success,1.0
RRT*,dense_city,11,rrt_goal_bias,0.02,success,1.0
RRT*,dense_city,12,rrt_goal_bias,0.02,success,1.0
RRT*,dense_city,13,rrt_goal_bias,0.02,success,1.0
RRT*,dense_city,14,rrt_goal_bias,0.02,success,1.0
RRT*,dense_city,15,rrt_goal_bias,0.02,success,1.0
RRT*,dense_city,16,rrt_goal_bias,0.02,success,1.0
RRT*,dense_city,17,rrt_goal_bias,0.02,success,1.0
RRT*,dense_city,18,rrt_goal_bias,0.02,success,1.0
RRT*,dense_city,19,rrt_goal_bias,0.02,success,1.0
RRT*,dense_city,20,rrt_goal_bias,0.02,success,1.0
RRT*,dense_city,21,rrt_goal_bias,0.02,success,1.0
RRT*,dense_city,22,rrt_goal_bias,0.02,success,1.0
RRT*,dense_city,23,rrt_goal_bias,0.02,success,1.0
RRT*,dense_city,24,rrt_goal_bias,0.02,success,1.0
RRT*,dense_city,25,rrt_goal_bias,0.02,success,1.0
RRT*,dense_city,26,rrt_goal_bias,0.02,success,1.0
RRT*,dense_city,27,rrt_goal_bias,0.02,success,1.0
RRT*,dense_city,28,rrt_goal_bias,0.02,success,1.0
RRT*,dense_city,29,rrt_goal_bias,0.02,success,1.0
RRT*,normal_city,0,rrt_goal_bias,0.05,success,1.0
RRT*,normal_city,1,rrt_goal_bias,0.05,success,1.0
RRT*,normal_city,2,rrt_goal_bias,0.05,success,1.0
RRT*,normal_city,3,rrt_goal_bias,0.05,success,1.0
RRT*,normal_city,4,rrt_goal_bias,0.05,success,1.0
RRT*,normal_city,5,rrt_goal_bias,0.05,success,1.0
RRT*,normal_city,6,rrt_goal_bias,0.05,success,1.0
RRT*,normal_city,7,rrt_goal_bias,0.05,success,1.0
RRT*,normal_city,8,rrt_goal_bias,0.05,success,1.0
RRT*,normal_city,9,rrt_goal_bias,0.05,success,1.0
RRT*,normal_city,10,rrt_goal_bias,0.05,success,1.0
RRT*,normal_city,11,rrt_goal_bias,0.05,success,1.0
RRT*,normal_city,12,rrt_goal_bias,0.05,success,1.0
RRT*,normal_city,13,rrt_goal_bias,0.05,success,1.0
RRT*,normal_city,14,rrt_goal_bias,0.05,success,1.0
RRT*,normal_city,15,rrt_goal_bias,0.05,success,1.0
RRT*,normal_city,16,rrt_goal_bias,0.05,success,1.0
RRT*,normal_city,17,rrt_goal_bias,0.05,success,1.0
RRT*,normal_city,18,rrt_goal_bias,0.05,success,1.0
RRT*,normal_city,19,rrt_goal_bias,0.05,success,1.0
RRT*,normal_city,20,rrt_goal_bias,0.05,success,1.0
RRT*,normal_city,21,rrt_goal_bias,0.05,success,1.0
RRT*,normal_city,22,rrt_goal_bias,0.05,success,1.0
RRT*,normal_city,23,rrt_goal_bias,0.05,success,1.0
RRT*,normal_city,24,rrt_goal_bias,0.05,success,1.0
RRT*,normal_city,25,rrt_goal_bias,0.05,success,1.0
RRT*,normal_city,26,rrt_goal_bias,0.05,success,1.0
RRT*,normal_city,27,rrt_goal_bias,0.05,success,1.0
RRT*,normal_city,28,rrt_goal_bias,0.05,success,1.0
RRT*,normal_city,29,rrt_goal_bias,0.05,success,1.0
RRT*,blocked_road,0,rrt_goal_bias,0.05,success,1.0
RRT*,blocked_road,1,rrt_goal_bias,0.05,success,1.0
RRT*,blocked_road,2,rrt_goal_bias,0.05,success,1.0
RRT*,blocked_road,3,rrt_goal_bias,0.05,success,1.0
RRT*,blocked_road,4,rrt_goal_bias,0.05,success,1.0
RRT*,blocked_road,5,rrt_goal_bias,0.05,success,1.0
RRT*,blocked_road,6,rrt_goal_bias,0.05,success,1.0
RRT*,blocked_road,7,rrt_goal_bias,0.05,success,1.0
RRT*,blocked_road,8,rrt_goal_bias,0.05,success,1.0
RRT*,blocked_road,9,rrt_goal_bias,0.05,success,1.0
RRT*,blocked_road,10,rrt_goal_bias,0.05,success,1.0
RRT*,blocked_road,11,rrt_goal_bias,0.05,success,1.0
RRT*,blocked_road,12,rrt_goal_bias,0.05,success,1.0
RRT*,blocked_road,13,rrt_goal_bias,0.05,success,1.0
RRT*,blocked_road,14,rrt_goal_bias,0.05,success,1.0
RRT*,blocked_road,15,rrt_goal_bias,0.05,success,1.0
RRT*,blocked_road,16,rrt_goal_bias,0.05,success,1.0
RRT*,blocked_road,17,rrt_goal_bias,0.05,success,1.0
RRT*,blocked_road,18,rrt_goal_bias,0.05,success,1.0
RRT*,blocked_road,19,rrt_goal_bias,0.05,success,1.0
RRT*,blocked_road,20,rrt_goal_bias,0.05,success,1.0
RRT*,blocked_road,21,rrt_goal_bias,0.05,success,1.0
RRT*,blocked_road,22,rrt_goal_bias,0.05,success,1.0
RRT*,blocked_road,23,rrt_goal_bias,0.05,success,1.0
RRT*,blocked_road,24,rrt_goal_bias,0.05,success,1.0
RRT*,blocked_road,25,rrt_goal_bias,0.05,success,1.0
RRT*,blocked_road,26,rrt_goal_bias,0.05,success,1.0
RRT*,blocked_road,27,rrt_goal_bias,0.05,success,1.0
RRT*,blocked_road,28,rrt_goal_bias,0.05,success,1.0
RRT*,blocked_road,29,rrt_goal_bias,0.05,success,1.0
RRT*,dense_city,0,rrt_goal_bias,0.05,success,1.0
RRT*,dense_city,1,rrt_goal_bias,0.05,success,1.0
RRT*,dense_city,2,rrt_goal_bias,0.05,success,1.0
RRT*,dense_city,3,rrt_goal_bias,0.05,success,1.0
RRT*,dense_city,4,rrt_goal_bias,0.05,success,1.0
RRT*,dense_city,5,rrt_goal_bias,0.05,success,1.0
RRT*,dense_city,6,rrt_goal_bias,0.05,success,1.0
RRT*,dense_city,7,rrt_goal_bias,0.05,success,1.0
RRT*,dense_city,8,rrt_goal_bias,0.05,success,1.0
RRT*,dense_city,9,rrt_goal_bias,0.05,success,0.0
RRT*,dense_city,10,rrt_goal_bias,0.05,success,1.0
RRT*,dense_city,11,rrt_goal_bias,0.05,success,1.0
RRT*,dense_city,12,rrt_goal_bias,0.05,success,1.0
RRT*,dense_city,13,rrt_goal_bias,0.05,success,1.0
RRT*,dense_city,14,rrt_goal_bias,0.05,success,1.0
RRT*,dense_city,15,rrt_goal_bias,0.05,success,1.0
RRT*,dense_city,16,rrt_goal_bias,0.05,success,1.0
RRT*,dense_city,17,rrt_goal_bias,0.05,success,1.0
RRT*,dense_city,18,rrt_goal_bias,0.05,success,1.0
RRT*,dense_city,19,rrt_goal_bias,0.05,success,1.0
RRT*,dense_city,20,rrt_goal_bias,0.05,success,1.0
RRT*,dense_city,21,rrt_goal_bias,0.05,success,1.0
RRT*,dense_city,22,rrt_goal_bias,0.05,success,1.0
RRT*,dense_city,23,rrt_goal_bias,0.05,success,1.0
RRT*,dense_city,24,rrt_goal_bias,0.05,success,1.0
RRT*,dense_city,25,rrt_goal_bias,0.05,success,1.0
RRT*,dense_city,26,rrt_goal_bias,0.05,success,1.0
RRT*,dense_city,27,rrt_goal_bias,0.05,success,1.0
RRT*,dense_city,28,rrt_goal_bias,0.05,success,1.0
RRT*,dense_city,29,rrt_goal_bias,0.05,success,1.0
RRT*,normal_city,0,rrt_goal_bias,0.1,success,1.0
RRT*,normal_city,1,rrt_goal_bias,0.1,success,1.0
RRT*,normal_city,2,rrt_goal_bias,0.1,success,1.0
RRT*,normal_city,3,rrt_goal_bias,0.1,success,1.0
RRT*,normal_city,4,rrt_goal_bias,0.1,success,1.0
RRT*,normal_city,5,rrt_goal_bias,0.1,success,1.0
RRT*,normal_city,6,rrt_goal_bias,0.1,success,1.0
RRT*,normal_city,7,rrt_goal_bias,0.1,success,1.0
RRT*,normal_city,8,rrt_goal_bias,0.1,success,1.0
RRT*,normal_city,9,rrt_goal_bias,0.1,success,1.0
RRT*,normal_city,10,rrt_goal_bias,0.1,success,1.0
RRT*,normal_city,11,rrt_goal_bias,0.1,success,1.0
RRT*,normal_city,12,rrt_goal_bias,0.1,success,1.0
RRT*,normal_city,13,rrt_goal_bias,0.1,success,1.0
RRT*,normal_city,14,rrt_goal_bias,0.1,success,1.0
RRT*,normal_city,15,rrt_goal_bias,0.1,success,1.0
RRT*,normal_city,16,rrt_goal_bias,0.1,success,1.0
RRT*,normal_city,17,rrt_goal_bias,0.1,success,1.0
RRT*,normal_city,18,rrt_goal_bias,0.1,success,1.0
RRT*,normal_city,19,rrt_goal_bias,0.1,success,1.0
RRT*,normal_city,20,rrt_goal_bias,0.1,success,1.0
RRT*,normal_city,21,rrt_goal_bias,0.1,success,1.0
RRT*,normal_city,22,rrt_goal_bias,0.1,success,1.0
RRT*,normal_city,23,rrt_goal_bias,0.1,success,1.0
RRT*,normal_city,24,rrt_goal_bias,0.1,success,1.0
RRT*,normal_city,25,rrt_goal_bias,0.1,success,1.0
RRT*,normal_city,26,rrt_goal_bias,0.1,success,1.0
RRT*,normal_city,27,rrt_goal_bias,0.1,success,1.0
RRT*,normal_city,28,rrt_goal_bias,0.1,success,1.0
RRT*,normal_city,29,rrt_goal_bias,0.1,success,1.0
RRT*,blocked_road,0,rrt_goal_bias,0.1,success,1.0
RRT*,blocked_road,1,rrt_goal_bias,0.1,success,1.0
RRT*,blocked_road,2,rrt_goal_bias,0.1,success,1.0
RRT*,blocked_road,3,rrt_goal_bias,0.1,success,1.0
RRT*,blocked_road,4,rrt_goal_bias,0.1,success,1.0
RRT*,blocked_road,5,rrt_goal_bias,0.1,success,1.0
RRT*,blocked_road,6,rrt_goal_bias,0.1,success,1.0
RRT*,blocked_road,7,rrt_goal_bias,0.1,success,1.0
RRT*,blocked_road,8,rrt_goal_bias,0.1,success,1.0
RRT*,blocked_road,9,rrt_goal_bias,0.1,success,1.0
RRT*,blocked_road,10,rrt_goal_bias,0.1,success,1.0
RRT*,blocked_road,11,rrt_goal_bias,0.1,success,1.0
RRT*,blocked_road,12,rrt_goal_bias,0.1,success,1.0
RRT*,blocked_road,13,rrt_goal_bias,0.1,success,1.0
RRT*,blocked_road,14,rrt_goal_bias,0.1,success,1.0
RRT*,blocked_road,15,rrt_goal_bias,0.1,success,1.0
RRT*,blocked_road,16,rrt_goal_bias,0.1,success,1.0
RRT*,blocked_road,17,rrt_goal_bias,0.1,success,1.0
RRT*,blocked_road,18,rrt_goal_bias,0.1,success,1.0
RRT*,blocked_road,19,rrt_goal_bias,0.1,success,1.0
RRT*,blocked_road,20,rrt_goal_bias,0.1,success,1.0
RRT*,blocked_road,21,rrt_goal_bias,0.1,success,1.0
RRT*,blocked_road,22,rrt_goal_bias,0.1,success,1.0
RRT*,blocked_road,23,rrt_goal_bias,0.1,success,1.0
RRT*,blocked_road,24,rrt_goal_bias,0.1,success,1.0
RRT*,blocked_road,25,rrt_goal_bias,0.1,success,1.0
RRT*,blocked_road,26,rrt_goal_bias,0.1,success,1.0
RRT*,blocked_road,27,rrt_goal_bias,0.1,success,1.0
RRT*,blocked_road,28,rrt_goal_bias,0.1,success,1.0
RRT*,blocked_road,29,rrt_goal_bias,0.1,success,1.0
RRT*,dense_city,0,rrt_goal_bias,0.1,success,1.0
RRT*,dense_city,1,rrt_goal_bias,0.1,success,1.0
RRT*,dense_city,2,rrt_goal_bias,0.1,success,1.0
RRT*,dense_city,3,rrt_goal_bias,0.1,success,1.0
RRT*,dense_city,4,rrt_goal_bias,0.1,success,1.0
RRT*,dense_city,5,rrt_goal_bias,0.1,success,1.0
RRT*,dense_city,6,rrt_goal_bias,0.1,success,1.0
RRT*,dense_city,7,rrt_goal_bias,0.1,success,1.0
RRT*,dense_city,8,rrt_goal_bias,0.1,success,1.0
RRT*,dense_city,9,rrt_goal_bias,0.1,success,0.0
RRT*,dense_city,10,rrt_goal_bias,0.1,success,1.0
RRT*,dense_city,11,rrt_goal_bias,0.1,success,1.0
RRT*,dense_city,12,rrt_goal_bias,0.1,success,1.0
RRT*,dense_city,13,rrt_goal_bias,0.1,success,1.0
RRT*,dense_city,14,rrt_goal_bias,0.1,success,1.0
RRT*,dense_city,15,rrt_goal_bias,0.1,success,1.0
RRT*,dense_city,16,rrt_goal_bias,0.1,success,1.0
RRT*,dense_city,17,rrt_goal_bias,0.1,success,1.0
RRT*,dense_city,18,rrt_goal_bias,0.1,success,1.0
RRT*,dense_city,19,rrt_goal_bias,0.1,success,1.0
RRT*,dense_city,20,rrt_goal_bias,0.1,success,1.0
RRT*,dense_city,21,rrt_goal_bias,0.1,success,1.0
RRT*,dense_city,22,rrt_goal_bias,0.1,success,1.0
RRT*,dense_city,23,rrt_goal_bias,0.1,success,1.0
RRT*,dense_city,24,rrt_goal_bias,0.1,success,1.0
RRT*,dense_city,25,rrt_goal_bias,0.1,success,1.0
RRT*,dense_city,26,rrt_goal_bias,0.1,success,1.0
RRT*,dense_city,27,rrt_goal_bias,0.1,success,1.0
RRT*,dense_city,28,rrt_goal_bias,0.1,success,1.0
RRT*,dense_city,29,rrt_goal_bias,0.1,success,1.0
RRT*,normal_city,0,rrt_goal_bias,0.2,success,1.0
RRT*,normal_city,1,rrt_goal_bias,0.2,success,1.0
RRT*,normal_city,2,rrt_goal_bias,0.2,success,1.0
RRT*,normal_city,3,rrt_goal_bias,0.2,success,1.0
RRT*,normal_city,4,rrt_goal_bias,0.2,success,1.0
RRT*,normal_city,5,rrt_goal_bias,0.2,success,1.0
RRT*,normal_city,6,rrt_goal_bias,0.2,success,1.0
RRT*,normal_city,7,rrt_goal_bias,0.2,success,1.0
RRT*,normal_city,8,rrt_goal_bias,0.2,success,1.0
RRT*,normal_city,9,rrt_goal_bias,0.2,success,1.0
RRT*,normal_city,10,rrt_goal_bias,0.2,success,1.0
RRT*,normal_city,11,rrt_goal_bias,0.2,success,1.0
RRT*,normal_city,12,rrt_goal_bias,0.2,success,1.0
RRT*,normal_city,13,rrt_goal_bias,0.2,success,1.0
RRT*,normal_city,14,rrt_goal_bias,0.2,success,1.0
RRT*,normal_city,15,rrt_goal_bias,0.2,success,1.0
RRT*,normal_city,16,rrt_goal_bias,0.2,success,1.0
RRT*,normal_city,17,rrt_goal_bias,0.2,success,1.0
RRT*,normal_city,18,rrt_goal_bias,0.2,success,1.0
RRT*,normal_city,19,rrt_goal_bias,0.2,success,1.0
RRT*,normal_city,20,rrt_goal_bias,0.2,success,1.0
RRT*,normal_city,21,rrt_goal_bias,0.2,success,1.0
RRT*,normal_city,22,rrt_goal_bias,0.2,success,1.0
RRT*,normal_city,23,rrt_goal_bias,0.2,success,1.0
RRT*,normal_city,24,rrt_goal_bias,0.2,success,1.0
RRT*,normal_city,25,rrt_goal_bias,0.2,success,1.0
RRT*,normal_city,26,rrt_goal_bias,0.2,success,1.0
RRT*,normal_city,27,rrt_goal_bias,0.2,success,1.0
RRT*,normal_city,28,rrt_goal_bias,0.2,success,1.0
RRT*,normal_city,29,rrt_goal_bias,0.2,success,1.0
RRT*,blocked_road,0,rrt_goal_bias,0.2,success,1.0
RRT*,blocked_road,1,rrt_goal_bias,0.2,success,1.0
RRT*,blocked_road,2,rrt_goal_bias,0.2,success,1.0
RRT*,blocked_road,3,rrt_goal_bias,0.2,success,1.0
RRT*,blocked_road,4,rrt_goal_bias,0.2,success,1.0
RRT*,blocked_road,5,rrt_goal_bias,0.2,success,1.0
RRT*,blocked_road,6,rrt_goal_bias,0.2,success,1.0
RRT*,blocked_road,7,rrt_goal_bias,0.2,success,1.0
RRT*,blocked_road,8,rrt_goal_bias,0.2,success,1.0
RRT*,blocked_road,9,rrt_goal_bias,0.2,success,1.0
RRT*,blocked_road,10,rrt_goal_bias,0.2,success,1.0
RRT*,blocked_road,11,rrt_goal_bias,0.2,success,1.0
RRT*,blocked_road,12,rrt_goal_bias,0.2,success,1.0
RRT*,blocked_road,13,rrt_goal_bias,0.2,success,1.0
RRT*,blocked_road,14,rrt_goal_bias,0.2,success,1.0
RRT*,blocked_road,15,rrt_goal_bias,0.2,success,1.0
RRT*,blocked_road,16,rrt_goal_bias,0.2,success,1.0
RRT*,blocked_road,17,rrt_goal_bias,0.2,success,1.0
RRT*,blocked_road,18,rrt_goal_bias,0.2,success,1.0
RRT*,blocked_road,19,rrt_goal_bias,0.2,success,1.0
RRT*,blocked_road,20,rrt_goal_bias,0.2,success,1.0
RRT*,blocked_road,21,rrt_goal_bias,0.2,success,1.0
RRT*,blocked_road,22,rrt_goal_bias,0.2,success,1.0
RRT*,blocked_road,23,rrt_goal_bias,0.2,success,1.0
RRT*,blocked_road,24,rrt_goal_bias,0.2,success,1.0
RRT*,blocked_road,25,rrt_goal_bias,0.2,success,1.0
RRT*,blocked_road,26,rrt_goal_bias,0.2,success,1.0
RRT*,blocked_road,27,rrt_goal_bias,0.2,success,1.0
RRT*,blocked_road,28,rrt_goal_bias,0.2,success,1.0
RRT*,blocked_road,29,rrt_goal_bias,0.2,success,1.0
RRT*,dense_city,0,rrt_goal_bias,0.2,success,1.0
RRT*,dense_city,1,rrt_goal_bias,0.2,success,1.0
RRT*,dense_city,2,rrt_goal_bias,0.2,success,1.0
RRT*,dense_city,3,rrt_goal_bias,0.2,success,1.0
RRT*,dense_city,4,rrt_goal_bias,0.2,success,1.0
RRT*,dense_city,5,rrt_goal_bias,0.2,success,1.0
RRT*,dense_city,6,rrt_goal_bias,0.2,success,1.0
RRT*,dense_city,7,rrt_goal_bias,0.2,success,1.0
RRT*,dense_city,8,rrt_goal_bias,0.2,success,1.0
RRT*,dense_city,9,rrt_goal_bias,0.2,success,0.0
RRT*,dense_city,10,rrt_goal_bias,0.2,success,1.0
RRT*,dense_city,11,rrt_goal_bias,0.2,success,1.0
RRT*,dense_city,12,rrt_goal_bias,0.2,success,1.0
RRT*,dense_city,13,rrt_goal_bias,0.2,success,1.0
RRT*,dense_city,14,rrt_goal_bias,0.2,success,1.0
RRT*,dense_city,15,rrt_goal_bias,0.2,success,1.0
RRT*,dense_city,16,rrt_goal_bias,0.2,success,1.0
RRT*,dense_city,17,rrt_goal_bias,0.2,success,1.0
RRT*,dense_city,18,rrt_goal_bias,0.2,success,1.0
RRT*,dense_city,19,rrt_goal_bias,0.2,success,1.0
RRT*,dense_city,20,rrt_goal_bias,0.2,success,1.0
RRT*,dense_city,21,rrt_goal_bias,0.2,success,1.0
RRT*,dense_city,22,rrt_goal_bias,0.2,success,1.0
RRT*,dense_city,23,rrt_goal_bias,0.2,success,1.0
RRT*,dense_city,24,rrt_goal_bias,0.2,success,1.0
RRT*,dense_city,25,rrt_goal_bias,0.2,success,1.0
RRT*,dense_city,26,rrt_goal_bias,0.2,success,1.0
RRT*,dense_city,27,rrt_goal_bias,0.2,success,1.0
RRT*,dense_city,28,rrt_goal_bias,0.2,success,1.0
RRT*,dense_city,29,rrt_goal_bias,0.2,success,1.0
RRT*,normal_city,0,rrt_goal_bias,0.4,success,1.0
RRT*,normal_city,1,rrt_goal_bias,0.4,success,1.0
RRT*,normal_city,2,rrt_goal_bias,0.4,success,1.0
RRT*,normal_city,3,rrt_goal_bias,0.4,success,1.0
RRT*,normal_city,4,rrt_goal_bias,0.4,success,1.0
RRT*,normal_city,5,rrt_goal_bias,0.4,success,1.0
RRT*,normal_city,6,rrt_goal_bias,0.4,success,1.0
RRT*,normal_city,7,rrt_goal_bias,0.4,success,1.0
RRT*,normal_city,8,rrt_goal_bias,0.4,success,1.0
RRT*,normal_city,9,rrt_goal_bias,0.4,success,1.0
RRT*,normal_city,10,rrt_goal_bias,0.4,success,1.0
RRT*,normal_city,11,rrt_goal_bias,0.4,success,1.0
RRT*,normal_city,12,rrt_goal_bias,0.4,success,1.0
RRT*,normal_city,13,rrt_goal_bias,0.4,success,1.0
RRT*,normal_city,14,rrt_goal_bias,0.4,success,1.0
RRT*,normal_city,15,rrt_goal_bias,0.4,success,1.0
RRT*,normal_city,16,rrt_goal_bias,0.4,success,1.0
RRT*,normal_city,17,rrt_goal_bias,0.4,success,1.0
RRT*,normal_city,18,rrt_goal_bias,0.4,success,1.0
RRT*,normal_city,19,rrt_goal_bias,0.4,success,1.0
RRT*,normal_city,20,rrt_goal_bias,0.4,success,1.0
RRT*,normal_city,21,rrt_goal_bias,0.4,success,1.0
RRT*,normal_city,22,rrt_goal_bias,0.4,success,1.0
RRT*,normal_city,23,rrt_goal_bias,0.4,success,1.0
RRT*,normal_city,24,rrt_goal_bias,0.4,success,1.0
RRT*,normal_city,25,rrt_goal_bias,0.4,success,1.0
RRT*,normal_city,26,rrt_goal_bias,0.4,success,1.0
RRT*,normal_city,27,rrt_goal_bias,0.4,success,1.0
RRT*,normal_city,28,rrt_goal_bias,0.4,success,1.0
RRT*,normal_city,29,rrt_goal_bias,0.4,success,1.0
RRT*,blocked_road,0,rrt_goal_bias,0.4,success,1.0
RRT*,blocked_road,1,rrt_goal_bias,0.4,success,1.0
RRT*,blocked_road,2,rrt_goal_bias,0.4,success,1.0
RRT*,blocked_road,3,rrt_goal_bias,0.4,success,1.0
RRT*,blocked_road,4,rrt_goal_bias,0.4,success,1.0
RRT*,blocked_road,5,rrt_goal_bias,0.4,success,1.0
RRT*,blocked_road,6,rrt_goal_bias,0.4,success,1.0
RRT*,blocked_road,7,rrt_goal_bias,0.4,success,1.0
RRT*,blocked_road,8,rrt_goal_bias,0.4,success,1.0
RRT*,blocked_road,9,rrt_goal_bias,0.4,success,1.0
RRT*,blocked_road,10,rrt_goal_bias,0.4,success,1.0
RRT*,blocked_road,11,rrt_goal_bias,0.4,success,1.0
RRT*,blocked_road,12,rrt_goal_bias,0.4,success,1.0
RRT*,blocked_road,13,rrt_goal_bias,0.4,success,1.0
RRT*,blocked_road,14,rrt_goal_bias,0.4,success,1.0
RRT*,blocked_road,15,rrt_goal_bias,0.4,success,1.0
RRT*,blocked_road,16,rrt_goal_bias,0.4,success,1.0
RRT*,blocked_road,17,rrt_goal_bias,0.4,success,1.0
RRT*,blocked_road,18,rrt_goal_bias,0.4,success,1.0
RRT*,blocked_road,19,rrt_goal_bias,0.4,success,1.0
RRT*,blocked_road,20,rrt_goal_bias,0.4,success,1.0
RRT*,blocked_road,21,rrt_goal_bias,0.4,success,1.0
RRT*,blocked_road,22,rrt_goal_bias,0.4,success,1.0
RRT*,blocked_road,23,rrt_goal_bias,0.4,success,1.0
RRT*,blocked_road,24,rrt_goal_bias,0.4,success,1.0
RRT*,blocked_road,25,rrt_goal_bias,0.4,success,1.0
RRT*,blocked_road,26,rrt_goal_bias,0.4,success,1.0
RRT*,blocked_road,27,rrt_goal_bias,0.4,success,1.0
RRT*,blocked_road,28,rrt_goal_bias,0.4,success,1.0
RRT*,blocked_road,29,rrt_goal_bias,0.4,success,1.0
RRT*,dense_city,0,rrt_goal_bias,0.4,success,1.0
RRT*,dense_city,1,rrt_goal_bias,0.4,success,1.0
RRT*,dense_city,2,rrt_goal_bias,0.4,success,1.0
RRT*,dense_city,3,rrt_goal_bias,0.4,success,1.0
RRT*,dense_city,4,rrt_goal_bias,0.4,success,1.0
RRT*,dense_city,5,rrt_goal_bias,0.4,success,1.0
RRT*,dense_city,6,rrt_goal_bias,0.4,success,1.0
RRT*,dense_city,7,rrt_goal_bias,0.4,success,0.0
RRT*,dense_city,8,rrt_goal_bias,0.4,success,1.0
RRT*,dense_city,9,rrt_goal_bias,0.4,success,0.0
RRT*,dense_city,10,rrt_goal_bias,0.4,success,1.0
RRT*,dense_city,11,rrt_goal_bias,0.4,success,1.0
RRT*,dense_city,12,rrt_goal_bias,0.4,success,1.0
RRT*,dense_city,13,rrt_goal_bias,0.4,success,1.0
RRT*,dense_city,14,rrt_goal_bias,0.4,success,1.0
RRT*,dense_city,15,rrt_goal_bias,0.4,success,1.0
RRT*,dense_city,16,rrt_goal_bias,0.4,success,1.0
RRT*,dense_city,17,rrt_goal_bias,0.4,success,1.0
RRT*,dense_city,18,rrt_goal_bias,0.4,success,1.0
RRT*,dense_city,19,rrt_goal_bias,0.4,success,1.0
RRT*,dense_city,20,rrt_goal_bias,0.4,success,1.0
RRT*,dense_city,21,rrt_goal_bias,0.4,success,1.0
RRT*,dense_city,22,rrt_goal_bias,0.4,success,1.0
RRT*,dense_city,23,rrt_goal_bias,0.4,success,1.0
RRT*,dense_city,24,rrt_goal_bias,0.4,success,1.0
RRT*,dense_city,25,rrt_goal_bias,0.4,success,1.0
RRT*,dense_city,26,rrt_goal_bias,0.4,success,1.0
RRT*,dense_city,27,rrt_goal_bias,0.4,success,1.0
RRT*,dense_city,28,rrt_goal_bias,0.4,success,1.0
RRT*,dense_city,29,rrt_goal_bias,0.4,success,1.0
RRT*,normal_city,0,rrt_goal_bias,0.02,path_length,142.722
RRT*,normal_city,1,rrt_goal_bias,0.02,path_length,151.494
RRT*,normal_city,2,rrt_goal_bias,0.02,path_length,140.584
RRT*,normal_city,3,rrt_goal_bias,0.02,path_length,143.734
RRT*,normal_city,4,rrt_goal_bias,0.02,path_length,140.784
RRT*,normal_city,5,rrt_goal_bias,0.02,path_length,144.67
RRT*,normal_city,6,rrt_goal_bias,0.02,path_length,139.84
RRT*,normal_city,7,rrt_goal_bias,0.02,path_length,149.329
RRT*,normal_city,8,rrt_goal_bias,0.02,path_length,145.267
RRT*,normal_city,9,rrt_goal_bias,0.02,path_length,141.245
RRT*,normal_city,10,rrt_goal_bias,0.02,path_length,140.76
RRT*,normal_city,11,rrt_goal_bias,0.02,path_length,141.713
RRT*,normal_city,12,rrt_goal_bias,0.02,path_length,139.322
RRT*,normal_city,13,rrt_goal_bias,0.02,path_length,149.382
RRT*,normal_city,14,rrt_goal_bias,0.02,path_length,149.039
RRT*,normal_city,15,rrt_goal_bias,0.02,path_length,154.899
RRT*,normal_city,16,rrt_goal_bias,0.02,path_length,152.296
RRT*,normal_city,17,rrt_goal_bias,0.02,path_length,145.66
RRT*,normal_city,18,rrt_goal_bias,0.02,path_length,148.418
RRT*,normal_city,19,rrt_goal_bias,0.02,path_length,146.708
RRT*,normal_city,20,rrt_goal_bias,0.02,path_length,140.284
RRT*,normal_city,21,rrt_goal_bias,0.02,path_length,146.64
RRT*,normal_city,22,rrt_goal_bias,0.02,path_length,146.472
RRT*,normal_city,23,rrt_goal_bias,0.02,path_length,139.284
RRT*,normal_city,24,rrt_goal_bias,0.02,path_length,149.708
RRT*,normal_city,25,rrt_goal_bias,0.02,path_length,148.566
RRT*,normal_city,26,rrt_goal_bias,0.02,path_length,147.245
RRT*,normal_city,27,rrt_goal_bias,0.02,path_length,148.261
RRT*,normal_city,28,rrt_goal_bias,0.02,path_length,148.857
RRT*,normal_city,29,rrt_goal_bias,0.02,path_length,150.672
RRT*,blocked_road,0,rrt_goal_bias,0.02,path_length,151.146
RRT*,blocked_road,1,rrt_goal_bias,0.02,path_length,148.424
RRT*,blocked_road,2,rrt_goal_bias,0.02,path_length,148.05
RRT*,blocked_road,3,rrt_goal_bias,0.02,path_length,148.131
RRT*,blocked_road,4,rrt_goal_bias,0.02,path_length,153.4
RRT*,blocked_road,5,rrt_goal_bias,0.02,path_length,153.22
RRT*,blocked_road,6,rrt_goal_bias,0.02,path_length,148.347
RRT*,blocked_road,7,rrt_goal_bias,0.02,path_length,154.814
RRT*,blocked_road,8,rrt_goal_bias,0.02,path_length,152.541
RRT*,blocked_road,9,rrt_goal_bias,0.02,path_length,149.037
RRT*,blocked_road,10,rrt_goal_bias,0.02,path_length,162.182
RRT*,blocked_road,11,rrt_goal_bias,0.02,path_length,147.726
RRT*,blocked_road,12,rrt_goal_bias,0.02,path_length,151.151
RRT*,blocked_road,13,rrt_goal_bias,0.02,path_length,167.469
RRT*,blocked_road,14,rrt_goal_bias,0.02,path_length,152.357
RRT*,blocked_road,15,rrt_goal_bias,0.02,path_length,154.339
RRT*,blocked_road,16,rrt_goal_bias,0.02,path_length,154.813
RRT*,blocked_road,17,rrt_goal_bias,0.02,path_length,152.383
RRT*,blocked_road,18,rrt_goal_bias,0.02,path_length,145.755
RRT*,blocked_road,19,rrt_goal_bias,0.02,path_length,153.43
RRT*,blocked_road,20,rrt_goal_bias,0.02,path_length,147.89
RRT*,blocked_road,21,rrt_goal_bias,0.02,path_length,149.177
RRT*,blocked_road,22,rrt_goal_bias,0.02,path_length,151.725
RRT*,blocked_road,23,rrt_goal_bias,0.02,path_length,152.683
RRT*,blocked_road,24,rrt_goal_bias,0.02,path_length,151.105
RRT*,blocked_road,25,rrt_goal_bias,0.02,path_length,156.007
RRT*,blocked_road,26,rrt_goal_bias,0.02,path_length,149.226
RRT*,blocked_road,27,rrt_goal_bias,0.02,path_length,153.893
RRT*,blocked_road,28,rrt_goal_bias,0.02,path_length,157.807
RRT*,blocked_road,29,rrt_goal_bias,0.02,path_length,153.957
RRT*,dense_city,0,rrt_goal_bias,0.02,path_length,152.286
RRT*,dense_city,1,rrt_goal_bias,0.02,path_length,151.065
RRT*,dense_city,2,rrt_goal_bias,0.02,path_length,152.758
RRT*,dense_city,3,rrt_goal_bias,0.02,path_length,158.432
RRT*,dense_city,4,rrt_goal_bias,0.02,path_length,149.861
RRT*,dense_city,5,rrt_goal_bias,0.02,path_length,144.654
RRT*,dense_city,6,rrt_goal_bias,0.02,path_length,158.573
RRT*,dense_city,7,rrt_goal_bias,0.02,path_length,148.894
RRT*,dense_city,8,rrt_goal_bias,0.02,path_length,156.855
RRT*,dense_city,9,rrt_goal_bias,0.02,path_length,
RRT*,dense_city,10,rrt_goal_bias,0.02,path_length,148.432
RRT*,dense_city,11,rrt_goal_bias,0.02,path_length,152.697
RRT*,dense_city,12,rrt_goal_bias,0.02,path_length,149.287
RRT*,dense_city,13,rrt_goal_bias,0.02,path_length,162.187
RRT*,dense_city,14,rrt_goal_bias,0.02,path_length,155.973
RRT*,dense_city,15,rrt_goal_bias,0.02,path_length,160.64
RRT*,dense_city,16,rrt_goal_bias,0.02,path_length,150.182
RRT*,dense_city,17,rrt_goal_bias,0.02,path_length,155.893
RRT*,dense_city,18,rrt_goal_bias,0.02,path_length,159.663
RRT*,dense_city,19,rrt_goal_bias,0.02,path_length,158.065
RRT*,dense_city,20,rrt_goal_bias,0.02,path_length,156.675
RRT*,dense_city,21,rrt_goal_bias,0.02,path_length,152.331
RRT*,dense_city,22,rrt_goal_bias,0.02,path_length,154.771
RRT*,dense_city,23,rrt_goal_bias,0.02,path_length,158.822
RRT*,dense_city,24,rrt_goal_bias,0.02,path_length,160.827
RRT*,dense_city,25,rrt_goal_bias,0.02,path_length,153.723
RRT*,dense_city,26,rrt_goal_bias,0.02,path_length,152.0
RRT*,dense_city,27,rrt_goal_bias,0.02,path_length,155.954
RRT*,dense_city,28,rrt_goal_bias,0.02,path_length,155.546
RRT*,dense_city,29,rrt_goal_bias,0.02,path_length,156.903
RRT*,normal_city,0,rrt_goal_bias,0.05,path_length,151.553
RRT*,normal_city,1,rrt_goal_bias,0.05,path_length,153.885
RRT*,normal_city,2,rrt_goal_bias,0.05,path_length,149.744
RRT*,normal_city,3,rrt_goal_bias,0.05,path_length,152.887
RRT*,normal_city,4,rrt_goal_bias,0.05,path_length,155.386
RRT*,normal_city,5,rrt_goal_bias,0.05,path_length,150.989
RRT*,normal_city,6,rrt_goal_bias,0.05,path_length,148.711
RRT*,normal_city,7,rrt_goal_bias,0.05,path_length,144.278
RRT*,normal_city,8,rrt_goal_bias,0.05,path_length,145.164
RRT*,normal_city,9,rrt_goal_bias,0.05,path_length,141.004
RRT*,normal_city,10,rrt_goal_bias,0.05,path_length,149.688
RRT*,normal_city,11,rrt_goal_bias,0.05,path_length,147.644
RRT*,normal_city,12,rrt_goal_bias,0.05,path_length,144.998
RRT*,normal_city,13,rrt_goal_bias,0.05,path_length,145.981
RRT*,normal_city,14,rrt_goal_bias,0.05,path_length,148.698
RRT*,normal_city,15,rrt_goal_bias,0.05,path_length,142.781
RRT*,normal_city,16,rrt_goal_bias,0.05,path_length,154.002
RRT*,normal_city,17,rrt_goal_bias,0.05,path_length,144.19
RRT*,normal_city,18,rrt_goal_bias,0.05,path_length,150.776
RRT*,normal_city,19,rrt_goal_bias,0.05,path_length,146.131
RRT*,normal_city,20,rrt_goal_bias,0.05,path_length,140.019
RRT*,normal_city,21,rrt_goal_bias,0.05,path_length,146.835
RRT*,normal_city,22,rrt_goal_bias,0.05,path_length,148.822
RRT*,normal_city,23,rrt_goal_bias,0.05,path_length,151.306
RRT*,normal_city,24,rrt_goal_bias,0.05,path_length,150.897
RRT*,normal_city,25,rrt_goal_bias,0.05,path_length,145.562
RRT*,normal_city,26,rrt_goal_bias,0.05,path_length,146.095
RRT*,normal_city,27,rrt_goal_bias,0.05,path_length,152.114
RRT*,normal_city,28,rrt_goal_bias,0.05,path_length,147.724
RRT*,normal_city,29,rrt_goal_bias,0.05,path_length,156.852
RRT*,blocked_road,0,rrt_goal_bias,0.05,path_length,146.928
RRT*,blocked_road,1,rrt_goal_bias,0.05,path_length,155.401
RRT*,blocked_road,2,rrt_goal_bias,0.05,path_length,151.631
RRT*,blocked_road,3,rrt_goal_bias,0.05,path_length,149.398
RRT*,blocked_road,4,rrt_goal_bias,0.05,path_length,152.095
RRT*,blocked_road,5,rrt_goal_bias,0.05,path_length,155.583
RRT*,blocked_road,6,rrt_goal_bias,0.05,path_length,149.469
RRT*,blocked_road,7,rrt_goal_bias,0.05,path_length,146.78
RRT*,blocked_road,8,rrt_goal_bias,0.05,path_length,150.164
RRT*,blocked_road,9,rrt_goal_bias,0.05,path_length,148.677
RRT*,blocked_road,10,rrt_goal_bias,0.05,path_length,156.225
RRT*,blocked_road,11,rrt_goal_bias,0.05,path_length,147.646
RRT*,blocked_road,12,rrt_goal_bias,0.05,path_length,151.296
RRT*,blocked_road,13,rrt_goal_bias,0.05,path_length,150.261
RRT*,blocked_road,14,rrt_goal_bias,0.05,path_length,151.481
RRT*,blocked_road,15,rrt_goal_bias,0.05,path_length,156.535
RRT*,blocked_road,16,rrt_goal_bias,0.05,path_length,149.283
RRT*,blocked_road,17,rrt_goal_bias,0.05,path_length,149.04
RRT*,blocked_road,18,rrt_goal_bias,0.05,path_length,148.007
RRT*,blocked_road,19,rrt_goal_bias,0.05,path_length,153.876
RRT*,blocked_road,20,rrt_goal_bias,0.05,path_length,151.679
RRT*,blocked_road,21,rrt_goal_bias,0.05,path_length,147.096
RRT*,blocked_road,22,rrt_goal_bias,0.05,path_length,160.686
RRT*,blocked_road,23,rrt_goal_bias,0.05,path_length,145.589
RRT*,blocked_road,24,rrt_goal_bias,0.05,path_length,149.423
RRT*,blocked_road,25,rrt_goal_bias,0.05,path_length,155.582
RRT*,blocked_road,26,rrt_goal_bias,0.05,path_length,156.179
RRT*,blocked_road,27,rrt_goal_bias,0.05,path_length,150.898
RRT*,blocked_road,28,rrt_goal_bias,0.05,path_length,153.813
RRT*,blocked_road,29,rrt_goal_bias,0.05,path_length,150.503
RRT*,dense_city,0,rrt_goal_bias,0.05,path_length,153.448
RRT*,dense_city,1,rrt_goal_bias,0.05,path_length,150.751
RRT*,dense_city,2,rrt_goal_bias,0.05,path_length,151.584
RRT*,dense_city,3,rrt_goal_bias,0.05,path_length,192.496
RRT*,dense_city,4,rrt_goal_bias,0.05,path_length,158.038
RRT*,dense_city,5,rrt_goal_bias,0.05,path_length,143.641
RRT*,dense_city,6,rrt_goal_bias,0.05,path_length,153.869
RRT*,dense_city,7,rrt_goal_bias,0.05,path_length,149.021
RRT*,dense_city,8,rrt_goal_bias,0.05,path_length,156.081
RRT*,dense_city,9,rrt_goal_bias,0.05,path_length,
RRT*,dense_city,10,rrt_goal_bias,0.05,path_length,151.185
RRT*,dense_city,11,rrt_goal_bias,0.05,path_length,149.402
RRT*,dense_city,12,rrt_goal_bias,0.05,path_length,156.962
RRT*,dense_city,13,rrt_goal_bias,0.05,path_length,154.068
RRT*,dense_city,14,rrt_goal_bias,0.05,path_length,151.422
RRT*,dense_city,15,rrt_goal_bias,0.05,path_length,190.185
RRT*,dense_city,16,rrt_goal_bias,0.05,path_length,157.311
RRT*,dense_city,17,rrt_goal_bias,0.05,path_length,153.173
RRT*,dense_city,18,rrt_goal_bias,0.05,path_length,153.354
RRT*,dense_city,19,rrt_goal_bias,0.05,path_length,154.09
RRT*,dense_city,20,rrt_goal_bias,0.05,path_length,148.908
RRT*,dense_city,21,rrt_goal_bias,0.05,path_length,159.804
RRT*,dense_city,22,rrt_goal_bias,0.05,path_length,151.606
RRT*,dense_city,23,rrt_goal_bias,0.05,path_length,157.64
RRT*,dense_city,24,rrt_goal_bias,0.05,path_length,159.131
RRT*,dense_city,25,rrt_goal_bias,0.05,path_length,153.905
RRT*,dense_city,26,rrt_goal_bias,0.05,path_length,148.521
RRT*,dense_city,27,rrt_goal_bias,0.05,path_length,193.158
RRT*,dense_city,28,rrt_goal_bias,0.05,path_length,161.183
RRT*,dense_city,29,rrt_goal_bias,0.05,path_length,152.369
RRT*,normal_city,0,rrt_goal_bias,0.1,path_length,147.909
RRT*,normal_city,1,rrt_goal_bias,0.1,path_length,148.241
RRT*,normal_city,2,rrt_goal_bias,0.1,path_length,144.447
RRT*,normal_city,3,rrt_goal_bias,0.1,path_length,154.421
RRT*,normal_city,4,rrt_goal_bias,0.1,path_length,152.805
RRT*,normal_city,5,rrt_goal_bias,0.1,path_length,147.857
RRT*,normal_city,6,rrt_goal_bias,0.1,path_length,148.175
RRT*,normal_city,7,rrt_goal_bias,0.1,path_length,149.094
RRT*,normal_city,8,rrt_goal_bias,0.1,path_length,142.655
RRT*,normal_city,9,rrt_goal_bias,0.1,path_length,141.328
RRT*,normal_city,10,rrt_goal_bias,0.1,path_length,145.69
RRT*,normal_city,11,rrt_goal_bias,0.1,path_length,149.815
RRT*,normal_city,12,rrt_goal_bias,0.1,path_length,141.511
RRT*,normal_city,13,rrt_goal_bias,0.1,path_length,142.244
RRT*,normal_city,14,rrt_goal_bias,0.1,path_length,148.34
RRT*,normal_city,15,rrt_goal_bias,0.1,path_length,146.404
RRT*,normal_city,16,rrt_goal_bias,0.1,path_length,152.981
RRT*,normal_city,17,rrt_goal_bias,0.1,path_length,151.188
RRT*,normal_city,18,rrt_goal_bias,0.1,path_length,145.727
RRT*,normal_city,19,rrt_goal_bias,0.1,path_length,154.461
RRT*,normal_city,20,rrt_goal_bias,0.1,path_length,140.283
RRT*,normal_city,21,rrt_goal_bias,0.1,path_length,152.753
RRT*,normal_city,22,rrt_goal_bias,0.1,path_length,146.314
RRT*,normal_city,23,rrt_goal_bias,0.1,path_length,141.875
RRT*,normal_city,24,rrt_goal_bias,0.1,path_length,146.73
RRT*,normal_city,25,rrt_goal_bias,0.1,path_length,143.495
RRT*,normal_city,26,rrt_goal_bias,0.1,path_length,154.085
RRT*,normal_city,27,rrt_goal_bias,0.1,path_length,149.356
RRT*,normal_city,28,rrt_goal_bias,0.1,path_length,144.747
RRT*,normal_city,29,rrt_goal_bias,0.1,path_length,147.655
RRT*,blocked_road,0,rrt_goal_bias,0.1,path_length,151.586
RRT*,blocked_road,1,rrt_goal_bias,0.1,path_length,155.55
RRT*,blocked_road,2,rrt_goal_bias,0.1,path_length,152.739
RRT*,blocked_road,3,rrt_goal_bias,0.1,path_length,157.873
RRT*,blocked_road,4,rrt_goal_bias,0.1,path_length,146.571
RRT*,blocked_road,5,rrt_goal_bias,0.1,path_length,155.575
RRT*,blocked_road,6,rrt_goal_bias,0.1,path_length,150.889
RRT*,blocked_road,7,rrt_goal_bias,0.1,path_length,155.01
RRT*,blocked_road,8,rrt_goal_bias,0.1,path_length,148.171
RRT*,blocked_road,9,rrt_goal_bias,0.1,path_length,150.448
RRT*,blocked_road,10,rrt_goal_bias,0.1,path_length,150.363
RRT*,blocked_road,11,rrt_goal_bias,0.1,path_length,154.403
RRT*,blocked_road,12,rrt_goal_bias,0.1,path_length,147.402
RRT*,blocked_road,13,rrt_goal_bias,0.1,path_length,148.441
RRT*,blocked_road,14,rrt_goal_bias,0.1,path_length,152.974
RRT*,blocked_road,15,rrt_goal_bias,0.1,path_length,155.137
RRT*,blocked_road,16,rrt_goal_bias,0.1,path_length,152.012
RRT*,blocked_road,17,rrt_goal_bias,0.1,path_length,153.334
RRT*,blocked_road,18,rrt_goal_bias,0.1,path_length,148.072
RRT*,blocked_road,19,rrt_goal_bias,0.1,path_length,152.294
RRT*,blocked_road,20,rrt_goal_bias,0.1,path_length,152.408
RRT*,blocked_road,21,rrt_goal_bias,0.1,path_length,150.287
RRT*,blocked_road,22,rrt_goal_bias,0.1,path_length,157.213
RRT*,blocked_road,23,rrt_goal_bias,0.1,path_length,149.379
RRT*,blocked_road,24,rrt_goal_bias,0.1,path_length,152.548
RRT*,blocked_road,25,rrt_goal_bias,0.1,path_length,151.536
RRT*,blocked_road,26,rrt_goal_bias,0.1,path_length,154.562
RRT*,blocked_road,27,rrt_goal_bias,0.1,path_length,152.749
RRT*,blocked_road,28,rrt_goal_bias,0.1,path_length,147.165
RRT*,blocked_road,29,rrt_goal_bias,0.1,path_length,148.176
RRT*,dense_city,0,rrt_goal_bias,0.1,path_length,155.024
RRT*,dense_city,1,rrt_goal_bias,0.1,path_length,148.791
RRT*,dense_city,2,rrt_goal_bias,0.1,path_length,159.452
RRT*,dense_city,3,rrt_goal_bias,0.1,path_length,159.071
RRT*,dense_city,4,rrt_goal_bias,0.1,path_length,155.196
RRT*,dense_city,5,rrt_goal_bias,0.1,path_length,143.618
RRT*,dense_city,6,rrt_goal_bias,0.1,path_length,156.296
RRT*,dense_city,7,rrt_goal_bias,0.1,path_length,149.164
RRT*,dense_city,8,rrt_goal_bias,0.1,path_length,153.483
RRT*,dense_city,9,rrt_goal_bias,0.1,path_length,
RRT*,dense_city,10,rrt_goal_bias,0.1,path_length,154.978
RRT*,dense_city,11,rrt_goal_bias,0.1,path_length,157.552
RRT*,dense_city,12,rrt_goal_bias,0.1,path_length,151.529
RRT*,dense_city,13,rrt_goal_bias,0.1,path_length,159.934
RRT*,dense_city,14,rrt_goal_bias,0.1,path_length,148.633
RRT*,dense_city,15,rrt_goal_bias,0.1,path_length,163.463
RRT*,dense_city,16,rrt_goal_bias,0.1,path_length,148.105
RRT*,dense_city,17,rrt_goal_bias,0.1,path_length,162.043
RRT*,dense_city,18,rrt_goal_bias,0.1,path_length,155.004
RRT*,dense_city,19,rrt_goal_bias,0.1,path_length,154.753
RRT*,dense_city,20,rrt_goal_bias,0.1,path_length,146.439
RRT*,dense_city,21,rrt_goal_bias,0.1,path_length,155.166
RRT*,dense_city,22,rrt_goal_bias,0.1,path_length,161.974
RRT*,dense_city,23,rrt_goal_bias,0.1,path_length,159.289
RRT*,dense_city,24,rrt_goal_bias,0.1,path_length,158.765
RRT*,dense_city,25,rrt_goal_bias,0.1,path_length,152.453
RRT*,dense_city,26,rrt_goal_bias,0.1,path_length,154.712
RRT*,dense_city,27,rrt_goal_bias,0.1,path_length,159.677
RRT*,dense_city,28,rrt_goal_bias,0.1,path_length,154.189
RRT*,dense_city,29,rrt_goal_bias,0.1,path_length,155.4
RRT*,normal_city,0,rrt_goal_bias,0.2,path_length,147.383
RRT*,normal_city,1,rrt_goal_bias,0.2,path_length,142.533
RRT*,normal_city,2,rrt_goal_bias,0.2,path_length,144.164
RRT*,normal_city,3,rrt_goal_bias,0.2,path_length,144.392
RRT*,normal_city,4,rrt_goal_bias,0.2,path_length,147.266
RRT*,normal_city,5,rrt_goal_bias,0.2,path_length,138.755
RRT*,normal_city,6,rrt_goal_bias,0.2,path_length,148.24
RRT*,normal_city,7,rrt_goal_bias,0.2,path_length,141.057
RRT*,normal_city,8,rrt_goal_bias,0.2,path_length,153.453
RRT*,normal_city,9,rrt_goal_bias,0.2,path_length,150.611
RRT*,normal_city,10,rrt_goal_bias,0.2,path_length,149.08
RRT*,normal_city,11,rrt_goal_bias,0.2,path_length,145.977
RRT*,normal_city,12,rrt_goal_bias,0.2,path_length,149.57
RRT*,normal_city,13,rrt_goal_bias,0.2,path_length,148.84
RRT*,normal_city,14,rrt_goal_bias,0.2,path_length,144.009
RRT*,normal_city,15,rrt_goal_bias,0.2,path_length,147.014
RRT*,normal_city,16,rrt_goal_bias,0.2,path_length,143.772
RRT*,normal_city,17,rrt_goal_bias,0.2,path_length,139.732
RRT*,normal_city,18,rrt_goal_bias,0.2,path_length,143.583
RRT*,normal_city,19,rrt_goal_bias,0.2,path_length,143.959
RRT*,normal_city,20,rrt_goal_bias,0.2,path_length,150.719
RRT*,normal_city,21,rrt_goal_bias,0.2,path_length,149.777
RRT*,normal_city,22,rrt_goal_bias,0.2,path_length,153.659
RRT*,normal_city,23,rrt_goal_bias,0.2,path_length,153.914
RRT*,normal_city,24,rrt_goal_bias,0.2,path_length,149.531
RRT*,normal_city,25,rrt_goal_bias,0.2,path_length,144.234
RRT*,normal_city,26,rrt_goal_bias,0.2,path_length,146.234
RRT*,normal_city,27,rrt_goal_bias,0.2,path_length,152.648
RRT*,normal_city,28,rrt_goal_bias,0.2,path_length,142.49
RRT*,normal_city,29,rrt_goal_bias,0.2,path_length,152.863
RRT*,blocked_road,0,rrt_goal_bias,0.2,path_length,153.719
RRT*,blocked_road,1,rrt_goal_bias,0.2,path_length,144.912
RRT*,blocked_road,2,rrt_goal_bias,0.2,path_length,158.505
RRT*,blocked_road,3,rrt_goal_bias,0.2,path_length,155.512
RRT*,blocked_road,4,rrt_goal_bias,0.2,path_length,150.063
RRT*,blocked_road,5,rrt_goal_bias,0.2,path_length,152.247
RRT*,blocked_road,6,rrt_goal_bias,0.2,path_length,156.577
RRT*,blocked_road,7,rrt_goal_bias,0.2,path_length,156.115
RRT*,blocked_road,8,rrt_goal_bias,0.2,path_length,149.994
RRT*,blocked_road,9,rrt_goal_bias,0.2,path_length,146.983
RRT*,blocked_road,10,rrt_goal_bias,0.2,path_length,150.026
RRT*,blocked_road,11,rrt_goal_bias,0.2,path_length,151.43
RRT*,blocked_road,12,rrt_goal_bias,0.2,path_length,155.929
RRT*,blocked_road,13,rrt_goal_bias,0.2,path_length,152.805
RRT*,blocked_road,14,rrt_goal_bias,0.2,path_length,151.317
RRT*,blocked_road,15,rrt_goal_bias,0.2,path_length,154.895
RRT*,blocked_road,16,rrt_goal_bias,0.2,path_length,150.703
RRT*,blocked_road,17,rrt_goal_bias,0.2,path_length,154.937
RRT*,blocked_road,18,rrt_goal_bias,0.2,path_length,148.926
RRT*,blocked_road,19,rrt_goal_bias,0.2,path_length,155.588
RRT*,blocked_road,20,rrt_goal_bias,0.2,path_length,149.143
RRT*,blocked_road,21,rrt_goal_bias,0.2,path_length,153.699
RRT*,blocked_road,22,rrt_goal_bias,0.2,path_length,149.443
RRT*,blocked_road,23,rrt_goal_bias,0.2,path_length,150.985
RRT*,blocked_road,24,rrt_goal_bias,0.2,path_length,148.405
RRT*,blocked_road,25,rrt_goal_bias,0.2,path_length,153.09
RRT*,blocked_road,26,rrt_goal_bias,0.2,path_length,151.158
RRT*,blocked_road,27,rrt_goal_bias,0.2,path_length,152.164
RRT*,blocked_road,28,rrt_goal_bias,0.2,path_length,145.851
RRT*,blocked_road,29,rrt_goal_bias,0.2,path_length,155.285
RRT*,dense_city,0,rrt_goal_bias,0.2,path_length,151.917
RRT*,dense_city,1,rrt_goal_bias,0.2,path_length,149.094
RRT*,dense_city,2,rrt_goal_bias,0.2,path_length,155.252
RRT*,dense_city,3,rrt_goal_bias,0.2,path_length,155.641
RRT*,dense_city,4,rrt_goal_bias,0.2,path_length,158.336
RRT*,dense_city,5,rrt_goal_bias,0.2,path_length,147.146
RRT*,dense_city,6,rrt_goal_bias,0.2,path_length,150.543
RRT*,dense_city,7,rrt_goal_bias,0.2,path_length,151.336
RRT*,dense_city,8,rrt_goal_bias,0.2,path_length,154.686
RRT*,dense_city,9,rrt_goal_bias,0.2,path_length,
RRT*,dense_city,10,rrt_goal_bias,0.2,path_length,155.711
RRT*,dense_city,11,rrt_goal_bias,0.2,path_length,151.003
RRT*,dense_city,12,rrt_goal_bias,0.2,path_length,154.228
RRT*,dense_city,13,rrt_goal_bias,0.2,path_length,157.39
RRT*,dense_city,14,rrt_goal_bias,0.2,path_length,150.79
RRT*,dense_city,15,rrt_goal_bias,0.2,path_length,158.546
RRT*,dense_city,16,rrt_goal_bias,0.2,path_length,151.191
RRT*,dense_city,17,rrt_goal_bias,0.2,path_length,152.331
RRT*,dense_city,18,rrt_goal_bias,0.2,path_length,158.896
RRT*,dense_city,19,rrt_goal_bias,0.2,path_length,159.277
RRT*,dense_city,20,rrt_goal_bias,0.2,path_length,147.054
RRT*,dense_city,21,rrt_goal_bias,0.2,path_length,151.158
RRT*,dense_city,22,rrt_goal_bias,0.2,path_length,159.324
RRT*,dense_city,23,rrt_goal_bias,0.2,path_length,151.264
RRT*,dense_city,24,rrt_goal_bias,0.2,path_length,155.941
RRT*,dense_city,25,rrt_goal_bias,0.2,path_length,150.669
RRT*,dense_city,26,rrt_goal_bias,0.2,path_length,154.82
RRT*,dense_city,27,rrt_goal_bias,0.2,path_length,161.417
RRT*,dense_city,28,rrt_goal_bias,0.2,path_length,155.201
RRT*,dense_city,29,rrt_goal_bias,0.2,path_length,157.773
RRT*,normal_city,0,rrt_goal_bias,0.4,path_length,143.452
RRT*,normal_city,1,rrt_goal_bias,0.4,path_length,147.485
RRT*,normal_city,2,rrt_goal_bias,0.4,path_length,141.874
RRT*,normal_city,3,rrt_goal_bias,0.4,path_length,144.34
RRT*,normal_city,4,rrt_goal_bias,0.4,path_length,142.418
RRT*,normal_city,5,rrt_goal_bias,0.4,path_length,147.963
RRT*,normal_city,6,rrt_goal_bias,0.4,path_length,147.736
RRT*,normal_city,7,rrt_goal_bias,0.4,path_length,149.782
RRT*,normal_city,8,rrt_goal_bias,0.4,path_length,145.61
RRT*,normal_city,9,rrt_goal_bias,0.4,path_length,149.919
RRT*,normal_city,10,rrt_goal_bias,0.4,path_length,146.413
RRT*,normal_city,11,rrt_goal_bias,0.4,path_length,149.953
RRT*,normal_city,12,rrt_goal_bias,0.4,path_length,151.74
RRT*,normal_city,13,rrt_goal_bias,0.4,path_length,146.135
RRT*,normal_city,14,rrt_goal_bias,0.4,path_length,143.405
RRT*,normal_city,15,rrt_goal_bias,0.4,path_length,147.578
RRT*,normal_city,16,rrt_goal_bias,0.4,path_length,151.253
RRT*,normal_city,17,rrt_goal_bias,0.4,path_length,152.904
RRT*,normal_city,18,rrt_goal_bias,0.4,path_length,139.358
RRT*,normal_city,19,rrt_goal_bias,0.4,path_length,147.502
RRT*,normal_city,20,rrt_goal_bias,0.4,path_length,148.382
RRT*,normal_city,21,rrt_goal_bias,0.4,path_length,155.804
RRT*,normal_city,22,rrt_goal_bias,0.4,path_length,158.119
RRT*,normal_city,23,rrt_goal_bias,0.4,path_length,156.563
RRT*,normal_city,24,rrt_goal_bias,0.4,path_length,150.716
RRT*,normal_city,25,rrt_goal_bias,0.4,path_length,140.648
RRT*,normal_city,26,rrt_goal_bias,0.4,path_length,149.576
RRT*,normal_city,27,rrt_goal_bias,0.4,path_length,148.532
RRT*,normal_city,28,rrt_goal_bias,0.4,path_length,143.756
RRT*,normal_city,29,rrt_goal_bias,0.4,path_length,148.295
RRT*,blocked_road,0,rrt_goal_bias,0.4,path_length,151.332
RRT*,blocked_road,1,rrt_goal_bias,0.4,path_length,157.053
RRT*,blocked_road,2,rrt_goal_bias,0.4,path_length,149.479
RRT*,blocked_road,3,rrt_goal_bias,0.4,path_length,153.16
RRT*,blocked_road,4,rrt_goal_bias,0.4,path_length,147.747
RRT*,blocked_road,5,rrt_goal_bias,0.4,path_length,155.643
RRT*,blocked_road,6,rrt_goal_bias,0.4,path_length,149.494
RRT*,blocked_road,7,rrt_goal_bias,0.4,path_length,149.97
RRT*,blocked_road,8,rrt_goal_bias,0.4,path_length,154.384
RRT*,blocked_road,9,rrt_goal_bias,0.4,path_length,148.321
RRT*,blocked_road,10,rrt_goal_bias,0.4,path_length,148.145
RRT*,blocked_road,11,rrt_goal_bias,0.4,path_length,149.014
RRT*,blocked_road,12,rrt_goal_bias,0.4,path_length,158.104
RRT*,blocked_road,13,rrt_goal_bias,0.4,path_length,146.967
RRT*,blocked_road,14,rrt_goal_bias,0.4,path_length,153.016
RRT*,blocked_road,15,rrt_goal_bias,0.4,path_length,154.135
RRT*,blocked_road,16,rrt_goal_bias,0.4,path_length,152.064
RRT*,blocked_road,17,rrt_goal_bias,0.4,path_length,152.381
RRT*,blocked_road,18,rrt_goal_bias,0.4,path_length,146.291
RRT*,blocked_road,19,rrt_goal_bias,0.4,path_length,151.546
RRT*,blocked_road,20,rrt_goal_bias,0.4,path_length,149.65
RRT*,blocked_road,21,rrt_goal_bias,0.4,path_length,150.609
RRT*,blocked_road,22,rrt_goal_bias,0.4,path_length,160.34
RRT*,blocked_road,23,rrt_goal_bias,0.4,path_length,147.077
RRT*,blocked_road,24,rrt_goal_bias,0.4,path_length,150.405
RRT*,blocked_road,25,rrt_goal_bias,0.4,path_length,153.606
RRT*,blocked_road,26,rrt_goal_bias,0.4,path_length,149.379
RRT*,blocked_road,27,rrt_goal_bias,0.4,path_length,155.6
RRT*,blocked_road,28,rrt_goal_bias,0.4,path_length,159.55
RRT*,blocked_road,29,rrt_goal_bias,0.4,path_length,146.226
RRT*,dense_city,0,rrt_goal_bias,0.4,path_length,150.618
RRT*,dense_city,1,rrt_goal_bias,0.4,path_length,156.723
RRT*,dense_city,2,rrt_goal_bias,0.4,path_length,162.531
RRT*,dense_city,3,rrt_goal_bias,0.4,path_length,158.966
RRT*,dense_city,4,rrt_goal_bias,0.4,path_length,152.629
RRT*,dense_city,5,rrt_goal_bias,0.4,path_length,146.361
RRT*,dense_city,6,rrt_goal_bias,0.4,path_length,150.846
RRT*,dense_city,7,rrt_goal_bias,0.4,path_length,
RRT*,dense_city,8,rrt_goal_bias,0.4,path_length,156.106
RRT*,dense_city,9,rrt_goal_bias,0.4,path_length,
RRT*,dense_city,10,rrt_goal_bias,0.4,path_length,152.238
RRT*,dense_city,11,rrt_goal_bias,0.4,path_length,154.3
RRT*,dense_city,12,rrt_goal_bias,0.4,path_length,159.868
RRT*,dense_city,13,rrt_goal_bias,0.4,path_length,158.644
RRT*,dense_city,14,rrt_goal_bias,0.4,path_length,149.221
RRT*,dense_city,15,rrt_goal_bias,0.4,path_length,157.955
RRT*,dense_city,16,rrt_goal_bias,0.4,path_length,156.862
RRT*,dense_city,17,rrt_goal_bias,0.4,path_length,158.485
RRT*,dense_city,18,rrt_goal_bias,0.4,path_length,158.089
RRT*,dense_city,19,rrt_goal_bias,0.4,path_length,151.364
RRT*,dense_city,20,rrt_goal_bias,0.4,path_length,148.374
RRT*,dense_city,21,rrt_goal_bias,0.4,path_length,157.379
RRT*,dense_city,22,rrt_goal_bias,0.4,path_length,155.406
RRT*,dense_city,23,rrt_goal_bias,0.4,path_length,164.703
RRT*,dense_city,24,rrt_goal_bias,0.4,path_length,151.069
RRT*,dense_city,25,rrt_goal_bias,0.4,path_length,152.065
RRT*,dense_city,26,rrt_goal_bias,0.4,path_length,150.881
RRT*,dense_city,27,rrt_goal_bias,0.4,path_length,159.035
RRT*,dense_city,28,rrt_goal_bias,0.4,path_length,160.222
RRT*,dense_city,29,rrt_goal_bias,0.4,path_length,155.76
RRT*,normal_city,0,rrt_goal_bias,0.02,length_ratio,1.0052
RRT*,normal_city,1,rrt_goal_bias,0.02,length_ratio,1.0759
RRT*,normal_city,2,rrt_goal_bias,0.02,length_ratio,0.9984
RRT*,normal_city,3,rrt_goal_bias,0.02,length_ratio,1.0
RRT*,normal_city,4,rrt_goal_bias,0.02,length_ratio,0.9875
RRT*,normal_city,5,rrt_goal_bias,0.02,length_ratio,1.0274
RRT*,normal_city,6,rrt_goal_bias,0.02,length_ratio,0.9931
RRT*,normal_city,7,rrt_goal_bias,0.02,length_ratio,1.0605
RRT*,normal_city,8,rrt_goal_bias,0.02,length_ratio,1.0189
RRT*,normal_city,9,rrt_goal_bias,0.02,length_ratio,0.9948
RRT*,normal_city,10,rrt_goal_bias,0.02,length_ratio,0.9833
RRT*,normal_city,11,rrt_goal_bias,0.02,length_ratio,0.9981
RRT*,normal_city,12,rrt_goal_bias,0.02,length_ratio,0.9894
RRT*,normal_city,13,rrt_goal_bias,0.02,length_ratio,1.0435
RRT*,normal_city,14,rrt_goal_bias,0.02,length_ratio,1.0497
RRT*,normal_city,15,rrt_goal_bias,0.02,length_ratio,1.0865
RRT*,normal_city,16,rrt_goal_bias,0.02,length_ratio,1.0771
RRT*,normal_city,17,rrt_goal_bias,0.02,length_ratio,1.0259
RRT*,normal_city,18,rrt_goal_bias,0.02,length_ratio,1.0629
RRT*,normal_city,19,rrt_goal_bias,0.02,length_ratio,1.0206
RRT*,normal_city,20,rrt_goal_bias,0.02,length_ratio,0.984
RRT*,normal_city,21,rrt_goal_bias,0.02,length_ratio,1.0286
RRT*,normal_city,22,rrt_goal_bias,0.02,length_ratio,1.0274
RRT*,normal_city,23,rrt_goal_bias,0.02,length_ratio,0.9892
RRT*,normal_city,24,rrt_goal_bias,0.02,length_ratio,1.0501
RRT*,normal_city,25,rrt_goal_bias,0.02,length_ratio,1.0421
RRT*,normal_city,26,rrt_goal_bias,0.02,length_ratio,1.0371
RRT*,normal_city,27,rrt_goal_bias,0.02,length_ratio,1.0357
RRT*,normal_city,28,rrt_goal_bias,0.02,length_ratio,1.0571
RRT*,normal_city,29,rrt_goal_bias,0.02,length_ratio,1.0568
RRT*,blocked_road,0,rrt_goal_bias,0.02,length_ratio,1.0143
RRT*,blocked_road,1,rrt_goal_bias,0.02,length_ratio,1.0039
RRT*,blocked_road,2,rrt_goal_bias,0.02,length_ratio,1.0014
RRT*,blocked_road,3,rrt_goal_bias,0.02,length_ratio,0.9825
RRT*,blocked_road,4,rrt_goal_bias,0.02,length_ratio,1.0376
RRT*,blocked_road,5,rrt_goal_bias,0.02,length_ratio,1.0364
RRT*,blocked_road,6,rrt_goal_bias,0.02,length_ratio,1.0034
RRT*,blocked_road,7,rrt_goal_bias,0.02,length_ratio,1.0472
RRT*,blocked_road,8,rrt_goal_bias,0.02,length_ratio,1.0237
RRT*,blocked_road,9,rrt_goal_bias,0.02,length_ratio,1.0081
RRT*,blocked_road,10,rrt_goal_bias,0.02,length_ratio,1.0799
RRT*,blocked_road,11,rrt_goal_bias,0.02,length_ratio,0.9875
RRT*,blocked_road,12,rrt_goal_bias,0.02,length_ratio,1.0184
RRT*,blocked_road,13,rrt_goal_bias,0.02,length_ratio,1.1328
RRT*,blocked_road,14,rrt_goal_bias,0.02,length_ratio,0.9951
RRT*,blocked_road,15,rrt_goal_bias,0.02,length_ratio,1.0042
RRT*,blocked_road,16,rrt_goal_bias,0.02,length_ratio,1.0308
RRT*,blocked_road,17,rrt_goal_bias,0.02,length_ratio,1.0226
RRT*,blocked_road,18,rrt_goal_bias,0.02,length_ratio,0.9938
RRT*,blocked_road,19,rrt_goal_bias,0.02,length_ratio,1.0176
RRT*,blocked_road,20,rrt_goal_bias,0.02,length_ratio,0.9847
RRT*,blocked_road,21,rrt_goal_bias,0.02,length_ratio,0.9972
RRT*,blocked_road,22,rrt_goal_bias,0.02,length_ratio,1.0263
RRT*,blocked_road,23,rrt_goal_bias,0.02,length_ratio,1.0328
RRT*,blocked_road,24,rrt_goal_bias,0.02,length_ratio,1.014
RRT*,blocked_road,25,rrt_goal_bias,0.02,length_ratio,1.0428
RRT*,blocked_road,26,rrt_goal_bias,0.02,length_ratio,0.9936
RRT*,blocked_road,27,rrt_goal_bias,0.02,length_ratio,1.0368
RRT*,blocked_road,28,rrt_goal_bias,0.02,length_ratio,1.0674
RRT*,blocked_road,29,rrt_goal_bias,0.02,length_ratio,1.0291
RRT*,dense_city,0,rrt_goal_bias,0.02,length_ratio,1.014
RRT*,dense_city,1,rrt_goal_bias,0.02,length_ratio,1.0059
RRT*,dense_city,2,rrt_goal_bias,0.02,length_ratio,1.0171
RRT*,dense_city,3,rrt_goal_bias,0.02,length_ratio,1.0674
RRT*,dense_city,4,rrt_goal_bias,0.02,length_ratio,0.9978
RRT*,dense_city,5,rrt_goal_bias,0.02,length_ratio,0.9807
RRT*,dense_city,6,rrt_goal_bias,0.02,length_ratio,1.0559
RRT*,dense_city,7,rrt_goal_bias,0.02,length_ratio,0.9849
RRT*,dense_city,8,rrt_goal_bias,0.02,length_ratio,1.0694
RRT*,dense_city,9,rrt_goal_bias,0.02,length_ratio,
RRT*,dense_city,10,rrt_goal_bias,0.02,length_ratio,1.0202
RRT*,dense_city,11,rrt_goal_bias,0.02,length_ratio,1.0495
RRT*,dense_city,12,rrt_goal_bias,0.02,length_ratio,1.026
RRT*,dense_city,13,rrt_goal_bias,0.02,length_ratio,1.0674
RRT*,dense_city,14,rrt_goal_bias,0.02,length_ratio,1.072
RRT*,dense_city,15,rrt_goal_bias,0.02,length_ratio,1.0373
RRT*,dense_city,16,rrt_goal_bias,0.02,length_ratio,1.0322
RRT*,dense_city,17,rrt_goal_bias,0.02,length_ratio,1.0545
RRT*,dense_city,18,rrt_goal_bias,0.02,length_ratio,1.0631
RRT*,dense_city,19,rrt_goal_bias,0.02,length_ratio,1.0525
RRT*,dense_city,20,rrt_goal_bias,0.02,length_ratio,1.0768
RRT*,dense_city,21,rrt_goal_bias,0.02,length_ratio,1.0345
RRT*,dense_city,22,rrt_goal_bias,0.02,length_ratio,1.0226
RRT*,dense_city,23,rrt_goal_bias,0.02,length_ratio,1.0743
RRT*,dense_city,24,rrt_goal_bias,0.02,length_ratio,1.0922
RRT*,dense_city,25,rrt_goal_bias,0.02,length_ratio,1.0446
RRT*,dense_city,26,rrt_goal_bias,0.02,length_ratio,1.0121
RRT*,dense_city,27,rrt_goal_bias,0.02,length_ratio,1.0225
RRT*,dense_city,28,rrt_goal_bias,0.02,length_ratio,1.0357
RRT*,dense_city,29,rrt_goal_bias,0.02,length_ratio,1.0655
RRT*,normal_city,0,rrt_goal_bias,0.05,length_ratio,1.0674
RRT*,normal_city,1,rrt_goal_bias,0.05,length_ratio,1.0928
RRT*,normal_city,2,rrt_goal_bias,0.05,length_ratio,1.0634
RRT*,normal_city,3,rrt_goal_bias,0.05,length_ratio,1.0636
RRT*,normal_city,4,rrt_goal_bias,0.05,length_ratio,1.0899
RRT*,normal_city,5,rrt_goal_bias,0.05,length_ratio,1.0723
RRT*,normal_city,6,rrt_goal_bias,0.05,length_ratio,1.0561
RRT*,normal_city,7,rrt_goal_bias,0.05,length_ratio,1.0246
RRT*,normal_city,8,rrt_goal_bias,0.05,length_ratio,1.0182
RRT*,normal_city,9,rrt_goal_bias,0.05,length_ratio,0.9931
RRT*,normal_city,10,rrt_goal_bias,0.05,length_ratio,1.0456
RRT*,normal_city,11,rrt_goal_bias,0.05,length_ratio,1.0399
RRT*,normal_city,12,rrt_goal_bias,0.05,length_ratio,1.0297
RRT*,normal_city,13,rrt_goal_bias,0.05,length_ratio,1.0197
RRT*,normal_city,14,rrt_goal_bias,0.05,length_ratio,1.0473
RRT*,normal_city,15,rrt_goal_bias,0.05,length_ratio,1.0015
RRT*,normal_city,16,rrt_goal_bias,0.05,length_ratio,1.0891
RRT*,normal_city,17,rrt_goal_bias,0.05,length_ratio,1.0155
RRT*,normal_city,18,rrt_goal_bias,0.05,length_ratio,1.0798
RRT*,normal_city,19,rrt_goal_bias,0.05,length_ratio,1.0166
RRT*,normal_city,20,rrt_goal_bias,0.05,length_ratio,0.9821
RRT*,normal_city,21,rrt_goal_bias,0.05,length_ratio,1.0299
RRT*,normal_city,22,rrt_goal_bias,0.05,length_ratio,1.0439
RRT*,normal_city,23,rrt_goal_bias,0.05,length_ratio,1.0745
RRT*,normal_city,24,rrt_goal_bias,0.05,length_ratio,1.0584
RRT*,normal_city,25,rrt_goal_bias,0.05,length_ratio,1.021
RRT*,normal_city,26,rrt_goal_bias,0.05,length_ratio,1.029
RRT*,normal_city,27,rrt_goal_bias,0.05,length_ratio,1.0626
RRT*,normal_city,28,rrt_goal_bias,0.05,length_ratio,1.0491
RRT*,normal_city,29,rrt_goal_bias,0.05,length_ratio,1.1002
RRT*,blocked_road,0,rrt_goal_bias,0.05,length_ratio,0.986
RRT*,blocked_road,1,rrt_goal_bias,0.05,length_ratio,1.0511
RRT*,blocked_road,2,rrt_goal_bias,0.05,length_ratio,1.0256
RRT*,blocked_road,3,rrt_goal_bias,0.05,length_ratio,0.9909
RRT*,blocked_road,4,rrt_goal_bias,0.05,length_ratio,1.0288
RRT*,blocked_road,5,rrt_goal_bias,0.05,length_ratio,1.0524
RRT*,blocked_road,6,rrt_goal_bias,0.05,length_ratio,1.011
RRT*,blocked_road,7,rrt_goal_bias,0.05,length_ratio,0.9928
RRT*,blocked_road,8,rrt_goal_bias,0.05,length_ratio,1.0077
RRT*,blocked_road,9,rrt_goal_bias,0.05,length_ratio,1.0057
RRT*,blocked_road,10,rrt_goal_bias,0.05,length_ratio,1.0402
RRT*,blocked_road,11,rrt_goal_bias,0.05,length_ratio,0.987
RRT*,blocked_road,12,rrt_goal_bias,0.05,length_ratio,1.0193
RRT*,blocked_road,13,rrt_goal_bias,0.05,length_ratio,1.0164
RRT*,blocked_road,14,rrt_goal_bias,0.05,length_ratio,0.9893
RRT*,blocked_road,15,rrt_goal_bias,0.05,length_ratio,1.0185
RRT*,blocked_road,16,rrt_goal_bias,0.05,length_ratio,0.994
RRT*,blocked_road,17,rrt_goal_bias,0.05,length_ratio,1.0002
RRT*,blocked_road,18,rrt_goal_bias,0.05,length_ratio,1.0091
RRT*,blocked_road,19,rrt_goal_bias,0.05,length_ratio,1.0206
RRT*,blocked_road,20,rrt_goal_bias,0.05,length_ratio,1.01
RRT*,blocked_road,21,rrt_goal_bias,0.05,length_ratio,0.9833
RRT*,blocked_road,22,rrt_goal_bias,0.05,length_ratio,1.0869
RRT*,blocked_road,23,rrt_goal_bias,0.05,length_ratio,0.9848
RRT*,blocked_road,24,rrt_goal_bias,0.05,length_ratio,1.0028
RRT*,blocked_road,25,rrt_goal_bias,0.05,length_ratio,1.04
RRT*,blocked_road,26,rrt_goal_bias,0.05,length_ratio,1.0399
RRT*,blocked_road,27,rrt_goal_bias,0.05,length_ratio,1.0167
RRT*,blocked_road,28,rrt_goal_bias,0.05,length_ratio,1.0404
RRT*,blocked_road,29,rrt_goal_bias,0.05,length_ratio,1.006
RRT*,dense_city,0,rrt_goal_bias,0.05,length_ratio,1.0217
RRT*,dense_city,1,rrt_goal_bias,0.05,length_ratio,1.0038
RRT*,dense_city,2,rrt_goal_bias,0.05,length_ratio,1.0093
RRT*,dense_city,3,rrt_goal_bias,0.05,length_ratio,1.2969
RRT*,dense_city,4,rrt_goal_bias,0.05,length_ratio,1.0523
RRT*,dense_city,5,rrt_goal_bias,0.05,length_ratio,0.9739
RRT*,dense_city,6,rrt_goal_bias,0.05,length_ratio,1.0245
RRT*,dense_city,7,rrt_goal_bias,0.05,length_ratio,0.9857
RRT*,dense_city,8,rrt_goal_bias,0.05,length_ratio,1.0642
RRT*,dense_city,9,rrt_goal_bias,0.05,length_ratio,
RRT*,dense_city,10,rrt_goal_bias,0.05,length_ratio,1.0391
RRT*,dense_city,11,rrt_goal_bias,0.05,length_ratio,1.0268
RRT*,dense_city,12,rrt_goal_bias,0.05,length_ratio,1.0788
RRT*,dense_city,13,rrt_goal_bias,0.05,length_ratio,1.014
RRT*,dense_city,14,rrt_goal_bias,0.05,length_ratio,1.0407
RRT*,dense_city,15,rrt_goal_bias,0.05,length_ratio,1.228
RRT*,dense_city,16,rrt_goal_bias,0.05,length_ratio,1.0812
RRT*,dense_city,17,rrt_goal_bias,0.05,length_ratio,1.0361
RRT*,dense_city,18,rrt_goal_bias,0.05,length_ratio,1.0211
RRT*,dense_city,19,rrt_goal_bias,0.05,length_ratio,1.026
RRT*,dense_city,20,rrt_goal_bias,0.05,length_ratio,1.0234
RRT*,dense_city,21,rrt_goal_bias,0.05,length_ratio,1.0852
RRT*,dense_city,22,rrt_goal_bias,0.05,length_ratio,1.0017
RRT*,dense_city,23,rrt_goal_bias,0.05,length_ratio,1.0663
RRT*,dense_city,24,rrt_goal_bias,0.05,length_ratio,1.0807
RRT*,dense_city,25,rrt_goal_bias,0.05,length_ratio,1.0459
RRT*,dense_city,26,rrt_goal_bias,0.05,length_ratio,0.9889
RRT*,dense_city,27,rrt_goal_bias,0.05,length_ratio,1.2664
RRT*,dense_city,28,rrt_goal_bias,0.05,length_ratio,1.0732
RRT*,dense_city,29,rrt_goal_bias,0.05,length_ratio,1.0347
RRT*,normal_city,0,rrt_goal_bias,0.1,length_ratio,1.0417
RRT*,normal_city,1,rrt_goal_bias,0.1,length_ratio,1.0528
RRT*,normal_city,2,rrt_goal_bias,0.1,length_ratio,1.0258
RRT*,normal_city,3,rrt_goal_bias,0.1,length_ratio,1.0743
RRT*,normal_city,4,rrt_goal_bias,0.1,length_ratio,1.0718
RRT*,normal_city,5,rrt_goal_bias,0.1,length_ratio,1.05
RRT*,normal_city,6,rrt_goal_bias,0.1,length_ratio,1.0523
RRT*,normal_city,7,rrt_goal_bias,0.1,length_ratio,1.0588
RRT*,normal_city,8,rrt_goal_bias,0.1,length_ratio,1.0006
RRT*,normal_city,9,rrt_goal_bias,0.1,length_ratio,0.9954
RRT*,normal_city,10,rrt_goal_bias,0.1,length_ratio,1.0177
RRT*,normal_city,11,rrt_goal_bias,0.1,length_ratio,1.0552
RRT*,normal_city,12,rrt_goal_bias,0.1,length_ratio,1.005
RRT*,normal_city,13,rrt_goal_bias,0.1,length_ratio,0.9936
RRT*,normal_city,14,rrt_goal_bias,0.1,length_ratio,1.0448
RRT*,normal_city,15,rrt_goal_bias,0.1,length_ratio,1.0269
RRT*,normal_city,16,rrt_goal_bias,0.1,length_ratio,1.0819
RRT*,normal_city,17,rrt_goal_bias,0.1,length_ratio,1.0648
RRT*,normal_city,18,rrt_goal_bias,0.1,length_ratio,1.0436
RRT*,normal_city,19,rrt_goal_bias,0.1,length_ratio,1.0746
RRT*,normal_city,20,rrt_goal_bias,0.1,length_ratio,0.984
RRT*,normal_city,21,rrt_goal_bias,0.1,length_ratio,1.0714
RRT*,normal_city,22,rrt_goal_bias,0.1,length_ratio,1.0263
RRT*,normal_city,23,rrt_goal_bias,0.1,length_ratio,1.0076
RRT*,normal_city,24,rrt_goal_bias,0.1,length_ratio,1.0292
RRT*,normal_city,25,rrt_goal_bias,0.1,length_ratio,1.0065
RRT*,normal_city,26,rrt_goal_bias,0.1,length_ratio,1.0852
RRT*,normal_city,27,rrt_goal_bias,0.1,length_ratio,1.0433
RRT*,normal_city,28,rrt_goal_bias,0.1,length_ratio,1.0279
RRT*,normal_city,29,rrt_goal_bias,0.1,length_ratio,1.0357
RRT*,blocked_road,0,rrt_goal_bias,0.1,length_ratio,1.0173
RRT*,blocked_road,1,rrt_goal_bias,0.1,length_ratio,1.0521
RRT*,blocked_road,2,rrt_goal_bias,0.1,length_ratio,1.0331
RRT*,blocked_road,3,rrt_goal_bias,0.1,length_ratio,1.0471
RRT*,blocked_road,4,rrt_goal_bias,0.1,length_ratio,0.9914
RRT*,blocked_road,5,rrt_goal_bias,0.1,length_ratio,1.0523
RRT*,blocked_road,6,rrt_goal_bias,0.1,length_ratio,1.0206
RRT*,blocked_road,7,rrt_goal_bias,0.1,length_ratio,1.0485
RRT*,blocked_road,8,rrt_goal_bias,0.1,length_ratio,0.9944
RRT*,blocked_road,9,rrt_goal_bias,0.1,length_ratio,1.0176
RRT*,blocked_road,10,rrt_goal_bias,0.1,length_ratio,1.0012
RRT*,blocked_road,11,rrt_goal_bias,0.1,length_ratio,1.0321
RRT*,blocked_road,12,rrt_goal_bias,0.1,length_ratio,0.9931
RRT*,blocked_road,13,rrt_goal_bias,0.1,length_ratio,1.0041
RRT*,blocked_road,14,rrt_goal_bias,0.1,length_ratio,0.9991
RRT*,blocked_road,15,rrt_goal_bias,0.1,length_ratio,1.0094
RRT*,blocked_road,16,rrt_goal_bias,0.1,length_ratio,1.0122
RRT*,blocked_road,17,rrt_goal_bias,0.1,length_ratio,1.029
RRT*,blocked_road,18,rrt_goal_bias,0.1,length_ratio,1.0096
RRT*,blocked_road,19,rrt_goal_bias,0.1,length_ratio,1.0101
RRT*,blocked_road,20,rrt_goal_bias,0.1,length_ratio,1.0148
RRT*,blocked_road,21,rrt_goal_bias,0.1,length_ratio,1.0046
RRT*,blocked_road,22,rrt_goal_bias,0.1,length_ratio,1.0634
RRT*,blocked_road,23,rrt_goal_bias,0.1,length_ratio,1.0104
RRT*,blocked_road,24,rrt_goal_bias,0.1,length_ratio,1.0237
RRT*,blocked_road,25,rrt_goal_bias,0.1,length_ratio,1.013
RRT*,blocked_road,26,rrt_goal_bias,0.1,length_ratio,1.0292
RRT*,blocked_road,27,rrt_goal_bias,0.1,length_ratio,1.0291
RRT*,blocked_road,28,rrt_goal_bias,0.1,length_ratio,0.9954
RRT*,blocked_road,29,rrt_goal_bias,0.1,length_ratio,0.9905
RRT*,dense_city,0,rrt_goal_bias,0.1,length_ratio,1.0322
RRT*,dense_city,1,rrt_goal_bias,0.1,length_ratio,0.9907
RRT*,dense_city,2,rrt_goal_bias,0.1,length_ratio,1.0617
RRT*,dense_city,3,rrt_goal_bias,0.1,length_ratio,1.0717
RRT*,dense_city,4,rrt_goal_bias,0.1,length_ratio,1.0334
RRT*,dense_city,5,rrt_goal_bias,0.1,length_ratio,0.9737
RRT*,dense_city,6,rrt_goal_bias,0.1,length_ratio,1.0407
RRT*,dense_city,7,rrt_goal_bias,0.1,length_ratio,0.9866
RRT*,dense_city,8,rrt_goal_bias,0.1,length_ratio,1.0465
RRT*,dense_city,9,rrt_goal_bias,0.1,length_ratio,
RRT*,dense_city,10,rrt_goal_bias,0.1,length_ratio,1.0652
RRT*,dense_city,11,rrt_goal_bias,0.1,length_ratio,1.0829
RRT*,dense_city,12,rrt_goal_bias,0.1,length_ratio,1.0415
RRT*,dense_city,13,rrt_goal_bias,0.1,length_ratio,1.0526
RRT*,dense_city,14,rrt_goal_bias,0.1,length_ratio,1.0216
RRT*,dense_city,15,rrt_goal_bias,0.1,length_ratio,1.0555
RRT*,dense_city,16,rrt_goal_bias,0.1,length_ratio,1.0179
RRT*,dense_city,17,rrt_goal_bias,0.1,length_ratio,1.0961
RRT*,dense_city,18,rrt_goal_bias,0.1,length_ratio,1.0321
RRT*,dense_city,19,rrt_goal_bias,0.1,length_ratio,1.0304
RRT*,dense_city,20,rrt_goal_bias,0.1,length_ratio,1.0065
RRT*,dense_city,21,rrt_goal_bias,0.1,length_ratio,1.0537
RRT*,dense_city,22,rrt_goal_bias,0.1,length_ratio,1.0702
RRT*,dense_city,23,rrt_goal_bias,0.1,length_ratio,1.0774
RRT*,dense_city,24,rrt_goal_bias,0.1,length_ratio,1.0782
RRT*,dense_city,25,rrt_goal_bias,0.1,length_ratio,1.036
RRT*,dense_city,26,rrt_goal_bias,0.1,length_ratio,1.0302
RRT*,dense_city,27,rrt_goal_bias,0.1,length_ratio,1.0469
RRT*,dense_city,28,rrt_goal_bias,0.1,length_ratio,1.0267
RRT*,dense_city,29,rrt_goal_bias,0.1,length_ratio,1.0553
RRT*,normal_city,0,rrt_goal_bias,0.2,length_ratio,1.038
RRT*,normal_city,1,rrt_goal_bias,0.2,length_ratio,1.0122
RRT*,normal_city,2,rrt_goal_bias,0.2,length_ratio,1.0238
RRT*,normal_city,3,rrt_goal_bias,0.2,length_ratio,1.0045
RRT*,normal_city,4,rrt_goal_bias,0.2,length_ratio,1.0329
RRT*,normal_city,5,rrt_goal_bias,0.2,length_ratio,0.9854
RRT*,normal_city,6,rrt_goal_bias,0.2,length_ratio,1.0528
RRT*,normal_city,7,rrt_goal_bias,0.2,length_ratio,1.0017
RRT*,normal_city,8,rrt_goal_bias,0.2,length_ratio,1.0763
RRT*,normal_city,9,rrt_goal_bias,0.2,length_ratio,1.0608
RRT*,normal_city,10,rrt_goal_bias,0.2,length_ratio,1.0414
RRT*,normal_city,11,rrt_goal_bias,0.2,length_ratio,1.0281
RRT*,normal_city,12,rrt_goal_bias,0.2,length_ratio,1.0622
RRT*,normal_city,13,rrt_goal_bias,0.2,length_ratio,1.0397
RRT*,normal_city,14,rrt_goal_bias,0.2,length_ratio,1.0143
RRT*,normal_city,15,rrt_goal_bias,0.2,length_ratio,1.0312
RRT*,normal_city,16,rrt_goal_bias,0.2,length_ratio,1.0168
RRT*,normal_city,17,rrt_goal_bias,0.2,length_ratio,0.9842
RRT*,normal_city,18,rrt_goal_bias,0.2,length_ratio,1.0282
RRT*,normal_city,19,rrt_goal_bias,0.2,length_ratio,1.0015
RRT*,normal_city,20,rrt_goal_bias,0.2,length_ratio,1.0572
RRT*,normal_city,21,rrt_goal_bias,0.2,length_ratio,1.0506
RRT*,normal_city,22,rrt_goal_bias,0.2,length_ratio,1.0778
RRT*,normal_city,23,rrt_goal_bias,0.2,length_ratio,1.0931
RRT*,normal_city,24,rrt_goal_bias,0.2,length_ratio,1.0488
RRT*,normal_city,25,rrt_goal_bias,0.2,length_ratio,1.0117
RRT*,normal_city,26,rrt_goal_bias,0.2,length_ratio,1.0299
RRT*,normal_city,27,rrt_goal_bias,0.2,length_ratio,1.0663
RRT*,normal_city,28,rrt_goal_bias,0.2,length_ratio,1.0119
RRT*,normal_city,29,rrt_goal_bias,0.2,length_ratio,1.0722
RRT*,blocked_road,0,rrt_goal_bias,0.2,length_ratio,1.0316
RRT*,blocked_road,1,rrt_goal_bias,0.2,length_ratio,0.9802
RRT*,blocked_road,2,rrt_goal_bias,0.2,length_ratio,1.0721
RRT*,blocked_road,3,rrt_goal_bias,0.2,length_ratio,1.0315
RRT*,blocked_road,4,rrt_goal_bias,0.2,length_ratio,1.015
RRT*,blocked_road,5,rrt_goal_bias,0.2,length_ratio,1.0298
RRT*,blocked_road,6,rrt_goal_bias,0.2,length_ratio,1.0591
RRT*,blocked_road,7,rrt_goal_bias,0.2,length_ratio,1.056
RRT*,blocked_road,8,rrt_goal_bias,0.2,length_ratio,1.0066
RRT*,blocked_road,9,rrt_goal_bias,0.2,length_ratio,0.9942
RRT*,blocked_road,10,rrt_goal_bias,0.2,length_ratio,0.9989
RRT*,blocked_road,11,rrt_goal_bias,0.2,length_ratio,1.0122
RRT*,blocked_road,12,rrt_goal_bias,0.2,length_ratio,1.0505
RRT*,blocked_road,13,rrt_goal_bias,0.2,length_ratio,1.0336
RRT*,blocked_road,14,rrt_goal_bias,0.2,length_ratio,0.9883
RRT*,blocked_road,15,rrt_goal_bias,0.2,length_ratio,1.0078
RRT*,blocked_road,16,rrt_goal_bias,0.2,length_ratio,1.0035
RRT*,blocked_road,17,rrt_goal_bias,0.2,length_ratio,1.0398
RRT*,blocked_road,18,rrt_goal_bias,0.2,length_ratio,1.0154
RRT*,blocked_road,19,rrt_goal_bias,0.2,length_ratio,1.032
RRT*,blocked_road,20,rrt_goal_bias,0.2,length_ratio,0.9931
RRT*,blocked_road,21,rrt_goal_bias,0.2,length_ratio,1.0274
RRT*,blocked_road,22,rrt_goal_bias,0.2,length_ratio,1.0108
RRT*,blocked_road,23,rrt_goal_bias,0.2,length_ratio,1.0213
RRT*,blocked_road,24,rrt_goal_bias,0.2,length_ratio,0.9959
RRT*,blocked_road,25,rrt_goal_bias,0.2,length_ratio,1.0233
RRT*,blocked_road,26,rrt_goal_bias,0.2,length_ratio,1.0065
RRT*,blocked_road,27,rrt_goal_bias,0.2,length_ratio,1.0252
RRT*,blocked_road,28,rrt_goal_bias,0.2,length_ratio,0.9865
RRT*,blocked_road,29,rrt_goal_bias,0.2,length_ratio,1.038
RRT*,dense_city,0,rrt_goal_bias,0.2,length_ratio,1.0115
RRT*,dense_city,1,rrt_goal_bias,0.2,length_ratio,0.9927
RRT*,dense_city,2,rrt_goal_bias,0.2,length_ratio,1.0337
RRT*,dense_city,3,rrt_goal_bias,0.2,length_ratio,1.0486
RRT*,dense_city,4,rrt_goal_bias,0.2,length_ratio,1.0543
RRT*,dense_city,5,rrt_goal_bias,0.2,length_ratio,0.9976
RRT*,dense_city,6,rrt_goal_bias,0.2,length_ratio,1.0024
RRT*,dense_city,7,rrt_goal_bias,0.2,length_ratio,1.001
RRT*,dense_city,8,rrt_goal_bias,0.2,length_ratio,1.0547
RRT*,dense_city,9,rrt_goal_bias,0.2,length_ratio,
RRT*,dense_city,10,rrt_goal_bias,0.2,length_ratio,1.0702
RRT*,dense_city,11,rrt_goal_bias,0.2,length_ratio,1.0378
RRT*,dense_city,12,rrt_goal_bias,0.2,length_ratio,1.06
RRT*,dense_city,13,rrt_goal_bias,0.2,length_ratio,1.0359
RRT*,dense_city,14,rrt_goal_bias,0.2,length_ratio,1.0364
RRT*,dense_city,15,rrt_goal_bias,0.2,length_ratio,1.0237
RRT*,dense_city,16,rrt_goal_bias,0.2,length_ratio,1.0391
RRT*,dense_city,17,rrt_goal_bias,0.2,length_ratio,1.0304
RRT*,dense_city,18,rrt_goal_bias,0.2,length_ratio,1.058
RRT*,dense_city,19,rrt_goal_bias,0.2,length_ratio,1.0605
RRT*,dense_city,20,rrt_goal_bias,0.2,length_ratio,1.0107
RRT*,dense_city,21,rrt_goal_bias,0.2,length_ratio,1.0265
RRT*,dense_city,22,rrt_goal_bias,0.2,length_ratio,1.0526
RRT*,dense_city,23,rrt_goal_bias,0.2,length_ratio,1.0232
RRT*,dense_city,24,rrt_goal_bias,0.2,length_ratio,1.059
RRT*,dense_city,25,rrt_goal_bias,0.2,length_ratio,1.0239
RRT*,dense_city,26,rrt_goal_bias,0.2,length_ratio,1.0309
RRT*,dense_city,27,rrt_goal_bias,0.2,length_ratio,1.0583
RRT*,dense_city,28,rrt_goal_bias,0.2,length_ratio,1.0334
RRT*,dense_city,29,rrt_goal_bias,0.2,length_ratio,1.0714
RRT*,normal_city,0,rrt_goal_bias,0.4,length_ratio,1.0103
RRT*,normal_city,1,rrt_goal_bias,0.4,length_ratio,1.0474
RRT*,normal_city,2,rrt_goal_bias,0.4,length_ratio,1.0076
RRT*,normal_city,3,rrt_goal_bias,0.4,length_ratio,1.0042
RRT*,normal_city,4,rrt_goal_bias,0.4,length_ratio,0.9989
RRT*,normal_city,5,rrt_goal_bias,0.4,length_ratio,1.0508
RRT*,normal_city,6,rrt_goal_bias,0.4,length_ratio,1.0492
RRT*,normal_city,7,rrt_goal_bias,0.4,length_ratio,1.0637
RRT*,normal_city,8,rrt_goal_bias,0.4,length_ratio,1.0213
RRT*,normal_city,9,rrt_goal_bias,0.4,length_ratio,1.0559
RRT*,normal_city,10,rrt_goal_bias,0.4,length_ratio,1.0228
RRT*,normal_city,11,rrt_goal_bias,0.4,length_ratio,1.0561
RRT*,normal_city,12,rrt_goal_bias,0.4,length_ratio,1.0776
RRT*,normal_city,13,rrt_goal_bias,0.4,length_ratio,1.0208
RRT*,normal_city,14,rrt_goal_bias,0.4,length_ratio,1.01
RRT*,normal_city,15,rrt_goal_bias,0.4,length_ratio,1.0351
RRT*,normal_city,16,rrt_goal_bias,0.4,length_ratio,1.0697
RRT*,normal_city,17,rrt_goal_bias,0.4,length_ratio,1.0769
RRT*,normal_city,18,rrt_goal_bias,0.4,length_ratio,0.998
RRT*,normal_city,19,rrt_goal_bias,0.4,length_ratio,1.0262
RRT*,normal_city,20,rrt_goal_bias,0.4,length_ratio,1.0408
RRT*,normal_city,21,rrt_goal_bias,0.4,length_ratio,1.0928
RRT*,normal_city,22,rrt_goal_bias,0.4,length_ratio,1.1091
RRT*,normal_city,23,rrt_goal_bias,0.4,length_ratio,1.1119
RRT*,normal_city,24,rrt_goal_bias,0.4,length_ratio,1.0572
RRT*,normal_city,25,rrt_goal_bias,0.4,length_ratio,0.9865
RRT*,normal_city,26,rrt_goal_bias,0.4,length_ratio,1.0535
RRT*,normal_city,27,rrt_goal_bias,0.4,length_ratio,1.0376
RRT*,normal_city,28,rrt_goal_bias,0.4,length_ratio,1.0209
RRT*,normal_city,29,rrt_goal_bias,0.4,length_ratio,1.0402
RRT*,blocked_road,0,rrt_goal_bias,0.4,length_ratio,1.0156
RRT*,blocked_road,1,rrt_goal_bias,0.4,length_ratio,1.0623
RRT*,blocked_road,2,rrt_goal_bias,0.4,length_ratio,1.0111
RRT*,blocked_road,3,rrt_goal_bias,0.4,length_ratio,1.0159
RRT*,blocked_road,4,rrt_goal_bias,0.4,length_ratio,0.9994
RRT*,blocked_road,5,rrt_goal_bias,0.4,length_ratio,1.0528
RRT*,blocked_road,6,rrt_goal_bias,0.4,length_ratio,1.0112
RRT*,blocked_road,7,rrt_goal_bias,0.4,length_ratio,1.0144
RRT*,blocked_road,8,rrt_goal_bias,0.4,length_ratio,1.036
RRT*,blocked_road,9,rrt_goal_bias,0.4,length_ratio,1.0032
RRT*,blocked_road,10,rrt_goal_bias,0.4,length_ratio,0.9864
RRT*,blocked_road,11,rrt_goal_bias,0.4,length_ratio,0.9961
RRT*,blocked_road,12,rrt_goal_bias,0.4,length_ratio,1.0652
RRT*,blocked_road,13,rrt_goal_bias,0.4,length_ratio,0.9941
RRT*,blocked_road,14,rrt_goal_bias,0.4,length_ratio,0.9994
RRT*,blocked_road,15,rrt_goal_bias,0.4,length_ratio,1.0028
RRT*,blocked_road,16,rrt_goal_bias,0.4,length_ratio,1.0125
RRT*,blocked_road,17,rrt_goal_bias,0.4,length_ratio,1.0226
RRT*,blocked_road,18,rrt_goal_bias,0.4,length_ratio,0.9974
RRT*,blocked_road,19,rrt_goal_bias,0.4,length_ratio,1.0052
RRT*,blocked_road,20,rrt_goal_bias,0.4,length_ratio,0.9964
RRT*,blocked_road,21,rrt_goal_bias,0.4,length_ratio,1.0068
RRT*,blocked_road,22,rrt_goal_bias,0.4,length_ratio,1.0845
RRT*,blocked_road,23,rrt_goal_bias,0.4,length_ratio,0.9948
RRT*,blocked_road,24,rrt_goal_bias,0.4,length_ratio,1.0093
RRT*,blocked_road,25,rrt_goal_bias,0.4,length_ratio,1.0268
RRT*,blocked_road,26,rrt_goal_bias,0.4,length_ratio,0.9946
RRT*,blocked_road,27,rrt_goal_bias,0.4,length_ratio,1.0483
RRT*,blocked_road,28,rrt_goal_bias,0.4,length_ratio,1.0792
RRT*,blocked_road,29,rrt_goal_bias,0.4,length_ratio,0.9775
RRT*,dense_city,0,rrt_goal_bias,0.4,length_ratio,1.0029
RRT*,dense_city,1,rrt_goal_bias,0.4,length_ratio,1.0435
RRT*,dense_city,2,rrt_goal_bias,0.4,length_ratio,1.0822
RRT*,dense_city,3,rrt_goal_bias,0.4,length_ratio,1.071
RRT*,dense_city,4,rrt_goal_bias,0.4,length_ratio,1.0163
RRT*,dense_city,5,rrt_goal_bias,0.4,length_ratio,0.9923
RRT*,dense_city,6,rrt_goal_bias,0.4,length_ratio,1.0044
RRT*,dense_city,7,rrt_goal_bias,0.4,length_ratio,
RRT*,dense_city,8,rrt_goal_bias,0.4,length_ratio,1.0643
RRT*,dense_city,9,rrt_goal_bias,0.4,length_ratio,
RRT*,dense_city,10,rrt_goal_bias,0.4,length_ratio,1.0463
RRT*,dense_city,11,rrt_goal_bias,0.4,length_ratio,1.0605
RRT*,dense_city,12,rrt_goal_bias,0.4,length_ratio,1.0988
RRT*,dense_city,13,rrt_goal_bias,0.4,length_ratio,1.0441
RRT*,dense_city,14,rrt_goal_bias,0.4,length_ratio,1.0256
RRT*,dense_city,15,rrt_goal_bias,0.4,length_ratio,1.0199
RRT*,dense_city,16,rrt_goal_bias,0.4,length_ratio,1.0781
RRT*,dense_city,17,rrt_goal_bias,0.4,length_ratio,1.072
RRT*,dense_city,18,rrt_goal_bias,0.4,length_ratio,1.0526
RRT*,dense_city,19,rrt_goal_bias,0.4,length_ratio,1.0079
RRT*,dense_city,20,rrt_goal_bias,0.4,length_ratio,1.0198
RRT*,dense_city,21,rrt_goal_bias,0.4,length_ratio,1.0688
RRT*,dense_city,22,rrt_goal_bias,0.4,length_ratio,1.0268
RRT*,dense_city,23,rrt_goal_bias,0.4,length_ratio,1.1141
RRT*,dense_city,24,rrt_goal_bias,0.4,length_ratio,1.0259
RRT*,dense_city,25,rrt_goal_bias,0.4,length_ratio,1.0334
RRT*,dense_city,26,rrt_goal_bias,0.4,length_ratio,1.0046
RRT*,dense_city,27,rrt_goal_bias,0.4,length_ratio,1.0427
RRT*,dense_city,28,rrt_goal_bias,0.4,length_ratio,1.0668
RRT*,dense_city,29,rrt_goal_bias,0.4,length_ratio,1.0578
RRT*,normal_city,0,rrt_goal_bias,0.02,curvature,0.0569
RRT*,normal_city,1,rrt_goal_bias,0.02,curvature,0.0554
RRT*,normal_city,2,rrt_goal_bias,0.02,curvature,0.0576
RRT*,normal_city,3,rrt_goal_bias,0.02,curvature,0.044
RRT*,normal_city,4,rrt_goal_bias,0.02,curvature,0.0634
RRT*,normal_city,5,rrt_goal_bias,0.02,curvature,0.0637
RRT*,normal_city,6,rrt_goal_bias,0.02,curvature,0.0629
RRT*,normal_city,7,rrt_goal_bias,0.02,curvature,0.0483
RRT*,normal_city,8,rrt_goal_bias,0.02,curvature,0.0584
RRT*,normal_city,9,rrt_goal_bias,0.02,curvature,0.0603
RRT*,normal_city,10,rrt_goal_bias,0.02,curvature,0.0562
RRT*,normal_city,11,rrt_goal_bias,0.02,curvature,0.0681
RRT*,normal_city,12,rrt_goal_bias,0.02,curvature,0.0822
RRT*,normal_city,13,rrt_goal_bias,0.02,curvature,0.0385
RRT*,normal_city,14,rrt_goal_bias,0.02,curvature,0.0522
RRT*,normal_city,15,rrt_goal_bias,0.02,curvature,0.0413
RRT*,normal_city,16,rrt_goal_bias,0.02,curvature,0.0388
RRT*,normal_city,17,rrt_goal_bias,0.02,curvature,0.0538
RRT*,normal_city,18,rrt_goal_bias,0.02,curvature,0.0526
RRT*,normal_city,19,rrt_goal_bias,0.02,curvature,0.0476
RRT*,normal_city,20,rrt_goal_bias,0.02,curvature,0.0608
RRT*,normal_city,21,rrt_goal_bias,0.02,curvature,0.0615
RRT*,normal_city,22,rrt_goal_bias,0.02,curvature,0.0655
RRT*,normal_city,23,rrt_goal_bias,0.02,curvature,0.0764
RRT*,normal_city,24,rrt_goal_bias,0.02,curvature,0.0462
RRT*,normal_city,25,rrt_goal_bias,0.02,curvature,0.0619
RRT*,normal_city,26,rrt_goal_bias,0.02,curvature,0.0402
RRT*,normal_city,27,rrt_goal_bias,0.02,curvature,0.062
RRT*,normal_city,28,rrt_goal_bias,0.02,curvature,0.0532
RRT*,normal_city,29,rrt_goal_bias,0.02,curvature,0.0577
RRT*,blocked_road,0,rrt_goal_bias,0.02,curvature,0.0636
RRT*,blocked_road,1,rrt_goal_bias,0.02,curvature,0.0507
RRT*,blocked_road,2,rrt_goal_bias,0.02,curvature,0.0521
RRT*,blocked_road,3,rrt_goal_bias,0.02,curvature,0.0404
RRT*,blocked_road,4,rrt_goal_bias,0.02,curvature,0.0463
RRT*,blocked_road,5,rrt_goal_bias,0.02,curvature,0.0448
RRT*,blocked_road,6,rrt_goal_bias,0.02,curvature,0.0544
RRT*,blocked_road,7,rrt_goal_bias,0.02,curvature,0.0466
RRT*,blocked_road,8,rrt_goal_bias,0.02,curvature,0.043
RRT*,blocked_road,9,rrt_goal_bias,0.02,curvature,0.0442
RRT*,blocked_road,10,rrt_goal_bias,0.02,curvature,0.0344
RRT*,blocked_road,11,rrt_goal_bias,0.02,curvature,0.0483
RRT*,blocked_road,12,rrt_goal_bias,0.02,curvature,0.0348
RRT*,blocked_road,13,rrt_goal_bias,0.02,curvature,0.0512
RRT*,blocked_road,14,rrt_goal_bias,0.02,curvature,0.0418
RRT*,blocked_road,15,rrt_goal_bias,0.02,curvature,0.0276
RRT*,blocked_road,16,rrt_goal_bias,0.02,curvature,0.0412
RRT*,blocked_road,17,rrt_goal_bias,0.02,curvature,0.047
RRT*,blocked_road,18,rrt_goal_bias,0.02,curvature,0.0397
RRT*,blocked_road,19,rrt_goal_bias,0.02,curvature,0.0289
RRT*,blocked_road,20,rrt_goal_bias,0.02,curvature,0.0369
RRT*,blocked_road,21,rrt_goal_bias,0.02,curvature,0.0391
RRT*,blocked_road,22,rrt_goal_bias,0.02,curvature,0.0593
RRT*,blocked_road,23,rrt_goal_bias,0.02,curvature,0.0491
RRT*,blocked_road,24,rrt_goal_bias,0.02,curvature,0.0437
RRT*,blocked_road,25,rrt_goal_bias,0.02,curvature,0.045
RRT*,blocked_road,26,rrt_goal_bias,0.02,curvature,0.0408
RRT*,blocked_road,27,rrt_goal_bias,0.02,curvature,0.0368
RRT*,blocked_road,28,rrt_goal_bias,0.02,curvature,0.0428
RRT*,blocked_road,29,rrt_goal_bias,0.02,curvature,0.0519
RRT*,dense_city,0,rrt_goal_bias,0.02,curvature,0.0534
RRT*,dense_city,1,rrt_goal_bias,0.02,curvature,0.0737
RRT*,dense_city,2,rrt_goal_bias,0.02,curvature,0.0724
RRT*,dense_city,3,rrt_goal_bias,0.02,curvature,0.061
RRT*,dense_city,4,rrt_goal_bias,0.02,curvature,0.0676
RRT*,dense_city,5,rrt_goal_bias,0.02,curvature,0.0876
RRT*,dense_city,6,rrt_goal_bias,0.02,curvature,0.0426
RRT*,dense_city,7,rrt_goal_bias,0.02,curvature,0.061
RRT*,dense_city,8,rrt_goal_bias,0.02,curvature,0.0598
RRT*,dense_city,9,rrt_goal_bias,0.02,curvature,
RRT*,dense_city,10,rrt_goal_bias,0.02,curvature,0.0835
RRT*,dense_city,11,rrt_goal_bias,0.02,curvature,0.0788
RRT*,dense_city,12,rrt_goal_bias,0.02,curvature,0.0764
RRT*,dense_city,13,rrt_goal_bias,0.02,curvature,0.0436
RRT*,dense_city,14,rrt_goal_bias,0.02,curvature,0.0674
RRT*,dense_city,15,rrt_goal_bias,0.02,curvature,0.0351
RRT*,dense_city,16,rrt_goal_bias,0.02,curvature,0.079
RRT*,dense_city,17,rrt_goal_bias,0.02,curvature,0.0383
RRT*,dense_city,18,rrt_goal_bias,0.02,curvature,0.0579
RRT*,dense_city,19,rrt_goal_bias,0.02,curvature,0.0603
RRT*,dense_city,20,rrt_goal_bias,0.02,curvature,0.076
RRT*,dense_city,21,rrt_goal_bias,0.02,curvature,0.064
RRT*,dense_city,22,rrt_goal_bias,0.02,curvature,0.0599
RRT*,dense_city,23,rrt_goal_bias,0.02,curvature,0.0676
RRT*,dense_city,24,rrt_goal_bias,0.02,curvature,0.0324
RRT*,dense_city,25,rrt_goal_bias,0.02,curvature,0.0803
RRT*,dense_city,26,rrt_goal_bias,0.02,curvature,0.0601
RRT*,dense_city,27,rrt_goal_bias,0.02,curvature,0.0395
RRT*,dense_city,28,rrt_goal_bias,0.02,curvature,0.0796
RRT*,dense_city,29,rrt_goal_bias,0.02,curvature,0.0463
RRT*,normal_city,0,rrt_goal_bias,0.05,curvature,0.0484
RRT*,normal_city,1,rrt_goal_bias,0.05,curvature,0.0325
RRT*,normal_city,2,rrt_goal_bias,0.05,curvature,0.0527
RRT*,normal_city,3,rrt_goal_bias,0.05,curvature,0.0374
RRT*,normal_city,4,rrt_goal_bias,0.05,curvature,0.0251
RRT*,normal_city,5,rrt_goal_bias,0.05,curvature,0.0534
RRT*,normal_city,6,rrt_goal_bias,0.05,curvature,0.0541
RRT*,normal_city,7,rrt_goal_bias,0.05,curvature,0.0617
RRT*,normal_city,8,rrt_goal_bias,0.05,curvature,0.0548
RRT*,normal_city,9,rrt_goal_bias,0.05,curvature,0.0522
RRT*,normal_city,10,rrt_goal_bias,0.05,curvature,0.0418
RRT*,normal_city,11,rrt_goal_bias,0.05,curvature,0.0373
RRT*,normal_city,12,rrt_goal_bias,0.05,curvature,0.0772
RRT*,normal_city,13,rrt_goal_bias,0.05,curvature,0.0567
RRT*,normal_city,14,rrt_goal_bias,0.05,curvature,0.0444
RRT*,normal_city,15,rrt_goal_bias,0.05,curvature,0.0638
RRT*,normal_city,16,rrt_goal_bias,0.05,curvature,0.0355
RRT*,normal_city,17,rrt_goal_bias,0.05,curvature,0.0481
RRT*,normal_city,18,rrt_goal_bias,0.05,curvature,0.0413
RRT*,normal_city,19,rrt_goal_bias,0.05,curvature,0.0504
RRT*,normal_city,20,rrt_goal_bias,0.05,curvature,0.0537
RRT*,normal_city,21,rrt_goal_bias,0.05,curvature,0.0553
RRT*,normal_city,22,rrt_goal_bias,0.05,curvature,0.0557
RRT*,normal_city,23,rrt_goal_bias,0.05,curvature,0.0373
RRT*,normal_city,24,rrt_goal_bias,0.05,curvature,0.0459
RRT*,normal_city,25,rrt_goal_bias,0.05,curvature,0.0605
RRT*,normal_city,26,rrt_goal_bias,0.05,curvature,0.0515
RRT*,normal_city,27,rrt_goal_bias,0.05,curvature,0.0472
RRT*,normal_city,28,rrt_goal_bias,0.05,curvature,0.0429
RRT*,normal_city,29,rrt_goal_bias,0.05,curvature,0.0501
RRT*,blocked_road,0,rrt_goal_bias,0.05,curvature,0.0383
RRT*,blocked_road,1,rrt_goal_bias,0.05,curvature,0.0295
RRT*,blocked_road,2,rrt_goal_bias,0.05,curvature,0.0644
RRT*,blocked_road,3,rrt_goal_bias,0.05,curvature,0.038
RRT*,blocked_road,4,rrt_goal_bias,0.05,curvature,0.0302
RRT*,blocked_road,5,rrt_goal_bias,0.05,curvature,0.0273
RRT*,blocked_road,6,rrt_goal_bias,0.05,curvature,0.0485
RRT*,blocked_road,7,rrt_goal_bias,0.05,curvature,0.0489
RRT*,blocked_road,8,rrt_goal_bias,0.05,curvature,0.0432
RRT*,blocked_road,9,rrt_goal_bias,0.05,curvature,0.0418
RRT*,blocked_road,10,rrt_goal_bias,0.05,curvature,0.0233
RRT*,blocked_road,11,rrt_goal_bias,0.05,curvature,0.0438
RRT*,blocked_road,12,rrt_goal_bias,0.05,curvature,0.0455
RRT*,blocked_road,13,rrt_goal_bias,0.05,curvature,0.0425
RRT*,blocked_road,14,rrt_goal_bias,0.05,curvature,0.0347
RRT*,blocked_road,15,rrt_goal_bias,0.05,curvature,0.0304
RRT*,blocked_road,16,rrt_goal_bias,0.05,curvature,0.0395
RRT*,blocked_road,17,rrt_goal_bias,0.05,curvature,0.0393
RRT*,blocked_road,18,rrt_goal_bias,0.05,curvature,0.0465
RRT*,blocked_road,19,rrt_goal_bias,0.05,curvature,0.0337
RRT*,blocked_road,20,rrt_goal_bias,0.05,curvature,0.0438
RRT*,blocked_road,21,rrt_goal_bias,0.05,curvature,0.0386
RRT*,blocked_road,22,rrt_goal_bias,0.05,curvature,0.0299
RRT*,blocked_road,23,rrt_goal_bias,0.05,curvature,0.0497
RRT*,blocked_road,24,rrt_goal_bias,0.05,curvature,0.0459
RRT*,blocked_road,25,rrt_goal_bias,0.05,curvature,0.0279
RRT*,blocked_road,26,rrt_goal_bias,0.05,curvature,0.0229
RRT*,blocked_road,27,rrt_goal_bias,0.05,curvature,0.0344
RRT*,blocked_road,28,rrt_goal_bias,0.05,curvature,0.0405
RRT*,blocked_road,29,rrt_goal_bias,0.05,curvature,0.0527
RRT*,dense_city,0,rrt_goal_bias,0.05,curvature,0.061
RRT*,dense_city,1,rrt_goal_bias,0.05,curvature,0.0733
RRT*,dense_city,2,rrt_goal_bias,0.05,curvature,0.067
RRT*,dense_city,3,rrt_goal_bias,0.05,curvature,0.0392
RRT*,dense_city,4,rrt_goal_bias,0.05,curvature,0.0654
RRT*,dense_city,5,rrt_goal_bias,0.05,curvature,0.0823
RRT*,dense_city,6,rrt_goal_bias,0.05,curvature,0.0465
RRT*,dense_city,7,rrt_goal_bias,0.05,curvature,0.0672
RRT*,dense_city,8,rrt_goal_bias,0.05,curvature,0.0556
RRT*,dense_city,9,rrt_goal_bias,0.05,curvature,
RRT*,dense_city,10,rrt_goal_bias,0.05,curvature,0.0796
RRT*,dense_city,11,rrt_goal_bias,0.05,curvature,0.0824
RRT*,dense_city,12,rrt_goal_bias,0.05,curvature,0.0569
RRT*,dense_city,13,rrt_goal_bias,0.05,curvature,0.0645
RRT*,dense_city,14,rrt_goal_bias,0.05,curvature,0.0825
RRT*,dense_city,15,rrt_goal_bias,0.05,curvature,0.0511
RRT*,dense_city,16,rrt_goal_bias,0.05,curvature,0.0607
RRT*,dense_city,17,rrt_goal_bias,0.05,curvature,0.0611
RRT*,dense_city,18,rrt_goal_bias,0.05,curvature,0.0736
RRT*,dense_city,19,rrt_goal_bias,0.05,curvature,0.0502
RRT*,dense_city,20,rrt_goal_bias,0.05,curvature,0.0865
RRT*,dense_city,21,rrt_goal_bias,0.05,curvature,0.0605
RRT*,dense_city,22,rrt_goal_bias,0.05,curvature,0.062
RRT*,dense_city,23,rrt_goal_bias,0.05,curvature,0.0376
RRT*,dense_city,24,rrt_goal_bias,0.05,curvature,0.0308
RRT*,dense_city,25,rrt_goal_bias,0.05,curvature,0.0562
RRT*,dense_city,26,rrt_goal_bias,0.05,curvature,0.0544
RRT*,dense_city,27,rrt_goal_bias,0.05,curvature,0.0526
RRT*,dense_city,28,rrt_goal_bias,0.05,curvature,0.0411
RRT*,dense_city,29,rrt_goal_bias,0.05,curvature,0.0768
RRT*,normal_city,0,rrt_goal_bias,0.1,curvature,0.046
RRT*,normal_city,1,rrt_goal_bias,0.1,curvature,0.0537
RRT*,normal_city,2,rrt_goal_bias,0.1,curvature,0.0626
RRT*,normal_city,3,rrt_goal_bias,0.1,curvature,0.0428
RRT*,normal_city,4,rrt_goal_bias,0.1,curvature,0.0451
RRT*,normal_city,5,rrt_goal_bias,0.1,curvature,0.0415
RRT*,normal_city,6,rrt_goal_bias,0.1,curvature,0.0477
RRT*,normal_city,7,rrt_goal_bias,0.1,curvature,0.0436
RRT*,normal_city,8,rrt_goal_bias,0.1,curvature,0.0538
RRT*,normal_city,9,rrt_goal_bias,0.1,curvature,0.056
RRT*,normal_city,10,rrt_goal_bias,0.1,curvature,0.0445
RRT*,normal_city,11,rrt_goal_bias,0.1,curvature,0.0494
RRT*,normal_city,12,rrt_goal_bias,0.1,curvature,0.0724
RRT*,normal_city,13,rrt_goal_bias,0.1,curvature,0.0624
RRT*,normal_city,14,rrt_goal_bias,0.1,curvature,0.0477
RRT*,normal_city,15,rrt_goal_bias,0.1,curvature,0.0362
RRT*,normal_city,16,rrt_goal_bias,0.1,curvature,0.0405
RRT*,normal_city,17,rrt_goal_bias,0.1,curvature,0.0563
RRT*,normal_city,18,rrt_goal_bias,0.1,curvature,0.0471
RRT*,normal_city,19,rrt_goal_bias,0.1,curvature,0.03
RRT*,normal_city,20,rrt_goal_bias,0.1,curvature,0.0549
RRT*,normal_city,21,rrt_goal_bias,0.1,curvature,0.0325
RRT*,normal_city,22,rrt_goal_bias,0.1,curvature,0.0543
RRT*,normal_city,23,rrt_goal_bias,0.1,curvature,0.0714
RRT*,normal_city,24,rrt_goal_bias,0.1,curvature,0.0429
RRT*,normal_city,25,rrt_goal_bias,0.1,curvature,0.0573
RRT*,normal_city,26,rrt_goal_bias,0.1,curvature,0.0309
RRT*,normal_city,27,rrt_goal_bias,0.1,curvature,0.0631
RRT*,normal_city,28,rrt_goal_bias,0.1,curvature,0.0602
RRT*,normal_city,29,rrt_goal_bias,0.1,curvature,0.0618
RRT*,blocked_road,0,rrt_goal_bias,0.1,curvature,0.0481
RRT*,blocked_road,1,rrt_goal_bias,0.1,curvature,0.0269
RRT*,blocked_road,2,rrt_goal_bias,0.1,curvature,0.046
RRT*,blocked_road,3,rrt_goal_bias,0.1,curvature,0.0206
RRT*,blocked_road,4,rrt_goal_bias,0.1,curvature,0.0484
RRT*,blocked_road,5,rrt_goal_bias,0.1,curvature,0.0413
RRT*,blocked_road,6,rrt_goal_bias,0.1,curvature,0.0378
RRT*,blocked_road,7,rrt_goal_bias,0.1,curvature,0.0504
RRT*,blocked_road,8,rrt_goal_bias,0.1,curvature,0.0415
RRT*,blocked_road,9,rrt_goal_bias,0.1,curvature,0.0453
RRT*,blocked_road,10,rrt_goal_bias,0.1,curvature,0.0346
RRT*,blocked_road,11,rrt_goal_bias,0.1,curvature,0.0235
RRT*,blocked_road,12,rrt_goal_bias,0.1,curvature,0.0438
RRT*,blocked_road,13,rrt_goal_bias,0.1,curvature,0.0395
RRT*,blocked_road,14,rrt_goal_bias,0.1,curvature,0.0429
RRT*,blocked_road,15,rrt_goal_bias,0.1,curvature,0.0323
RRT*,blocked_road,16,rrt_goal_bias,0.1,curvature,0.0498
RRT*,blocked_road,17,rrt_goal_bias,0.1,curvature,0.0462
RRT*,blocked_road,18,rrt_goal_bias,0.1,curvature,0.0346
RRT*,blocked_road,19,rrt_goal_bias,0.1,curvature,0.0261
RRT*,blocked_road,20,rrt_goal_bias,0.1,curvature,0.0486
RRT*,blocked_road,21,rrt_goal_bias,0.1,curvature,0.0431
RRT*,blocked_road,22,rrt_goal_bias,0.1,curvature,0.0262
RRT*,blocked_road,23,rrt_goal_bias,0.1,curvature,0.057
RRT*,blocked_road,24,rrt_goal_bias,0.1,curvature,0.0439
RRT*,blocked_road,25,rrt_goal_bias,0.1,curvature,0.0319
RRT*,blocked_road,26,rrt_goal_bias,0.1,curvature,0.0197
RRT*,blocked_road,27,rrt_goal_bias,0.1,curvature,0.0378
RRT*,blocked_road,28,rrt_goal_bias,0.1,curvature,0.0503
RRT*,blocked_road,29,rrt_goal_bias,0.1,curvature,0.039
RRT*,dense_city,0,rrt_goal_bias,0.1,curvature,0.0506
RRT*,dense_city,1,rrt_goal_bias,0.1,curvature,0.0635
RRT*,dense_city,2,rrt_goal_bias,0.1,curvature,0.0503
RRT*,dense_city,3,rrt_goal_bias,0.1,curvature,0.0458
RRT*,dense_city,4,rrt_goal_bias,0.1,curvature,0.0594
RRT*,dense_city,5,rrt_goal_bias,0.1,curvature,0.0839
RRT*,dense_city,6,rrt_goal_bias,0.1,curvature,0.0472
RRT*,dense_city,7,rrt_goal_bias,0.1,curvature,0.0622
RRT*,dense_city,8,rrt_goal_bias,0.1,curvature,0.0728
RRT*,dense_city,9,rrt_goal_bias,0.1,curvature,
RRT*,dense_city,10,rrt_goal_bias,0.1,curvature,0.0653
RRT*,dense_city,11,rrt_goal_bias,0.1,curvature,0.097
RRT*,dense_city,12,rrt_goal_bias,0.1,curvature,0.0873
RRT*,dense_city,13,rrt_goal_bias,0.1,curvature,0.0401
RRT*,dense_city,14,rrt_goal_bias,0.1,curvature,0.0866
RRT*,dense_city,15,rrt_goal_bias,0.1,curvature,0.0555
RRT*,dense_city,16,rrt_goal_bias,0.1,curvature,0.0791
RRT*,dense_city,17,rrt_goal_bias,0.1,curvature,0.0271
RRT*,dense_city,18,rrt_goal_bias,0.1,curvature,0.0531
RRT*,dense_city,19,rrt_goal_bias,0.1,curvature,0.0515
RRT*,dense_city,20,rrt_goal_bias,0.1,curvature,0.0783
RRT*,dense_city,21,rrt_goal_bias,0.1,curvature,0.0442
RRT*,dense_city,22,rrt_goal_bias,0.1,curvature,0.0353
RRT*,dense_city,23,rrt_goal_bias,0.1,curvature,0.05
RRT*,dense_city,24,rrt_goal_bias,0.1,curvature,0.0341
RRT*,dense_city,25,rrt_goal_bias,0.1,curvature,0.055
RRT*,dense_city,26,rrt_goal_bias,0.1,curvature,0.0448
RRT*,dense_city,27,rrt_goal_bias,0.1,curvature,0.0436
RRT*,dense_city,28,rrt_goal_bias,0.1,curvature,0.065
RRT*,dense_city,29,rrt_goal_bias,0.1,curvature,0.0681
RRT*,normal_city,0,rrt_goal_bias,0.2,curvature,0.0618
RRT*,normal_city,1,rrt_goal_bias,0.2,curvature,0.0711
RRT*,normal_city,2,rrt_goal_bias,0.2,curvature,0.0536
RRT*,normal_city,3,rrt_goal_bias,0.2,curvature,0.0591
RRT*,normal_city,4,rrt_goal_bias,0.2,curvature,0.0541
RRT*,normal_city,5,rrt_goal_bias,0.2,curvature,0.0588
RRT*,normal_city,6,rrt_goal_bias,0.2,curvature,0.0532
RRT*,normal_city,7,rrt_goal_bias,0.2,curvature,0.06
RRT*,normal_city,8,rrt_goal_bias,0.2,curvature,0.043
RRT*,normal_city,9,rrt_goal_bias,0.2,curvature,0.055
RRT*,normal_city,10,rrt_goal_bias,0.2,curvature,0.0468
RRT*,normal_city,11,rrt_goal_bias,0.2,curvature,0.057
RRT*,normal_city,12,rrt_goal_bias,0.2,curvature,0.0336
RRT*,normal_city,13,rrt_goal_bias,0.2,curvature,0.0549
RRT*,normal_city,14,rrt_goal_bias,0.2,curvature,0.0592
RRT*,normal_city,15,rrt_goal_bias,0.2,curvature,0.0592
RRT*,normal_city,16,rrt_goal_bias,0.2,curvature,0.0474
RRT*,normal_city,17,rrt_goal_bias,0.2,curvature,0.0538
RRT*,normal_city,18,rrt_goal_bias,0.2,curvature,0.0593
RRT*,normal_city,19,rrt_goal_bias,0.2,curvature,0.0536
RRT*,normal_city,20,rrt_goal_bias,0.2,curvature,0.0412
RRT*,normal_city,21,rrt_goal_bias,0.2,curvature,0.0564
RRT*,normal_city,22,rrt_goal_bias,0.2,curvature,0.0505
RRT*,normal_city,23,rrt_goal_bias,0.2,curvature,0.0419
RRT*,normal_city,24,rrt_goal_bias,0.2,curvature,0.0551
RRT*,normal_city,25,rrt_goal_bias,0.2,curvature,0.065
RRT*,normal_city,26,rrt_goal_bias,0.2,curvature,0.0446
RRT*,normal_city,27,rrt_goal_bias,0.2,curvature,0.032
RRT*,normal_city,28,rrt_goal_bias,0.2,curvature,0.059
RRT*,normal_city,29,rrt_goal_bias,0.2,curvature,0.037
RRT*,blocked_road,0,rrt_goal_bias,0.2,curvature,0.0355
RRT*,blocked_road,1,rrt_goal_bias,0.2,curvature,0.0421
RRT*,blocked_road,2,rrt_goal_bias,0.2,curvature,0.0421
RRT*,blocked_road,3,rrt_goal_bias,0.2,curvature,0.0219
RRT*,blocked_road,4,rrt_goal_bias,0.2,curvature,0.059
RRT*,blocked_road,5,rrt_goal_bias,0.2,curvature,0.0542
RRT*,blocked_road,6,rrt_goal_bias,0.2,curvature,0.044
RRT*,blocked_road,7,rrt_goal_bias,0.2,curvature,0.0324
RRT*,blocked_road,8,rrt_goal_bias,0.2,curvature,0.0451
RRT*,blocked_road,9,rrt_goal_bias,0.2,curvature,0.0446
RRT*,blocked_road,10,rrt_goal_bias,0.2,curvature,0.036
RRT*,blocked_road,11,rrt_goal_bias,0.2,curvature,0.0452
RRT*,blocked_road,12,rrt_goal_bias,0.2,curvature,0.038
RRT*,blocked_road,13,rrt_goal_bias,0.2,curvature,0.0334
RRT*,blocked_road,14,rrt_goal_bias,0.2,curvature,0.0367
RRT*,blocked_road,15,rrt_goal_bias,0.2,curvature,0.0244
RRT*,blocked_road,16,rrt_goal_bias,0.2,curvature,0.0517
RRT*,blocked_road,17,rrt_goal_bias,0.2,curvature,0.0344
RRT*,blocked_road,18,rrt_goal_bias,0.2,curvature,0.0482
RRT*,blocked_road,19,rrt_goal_bias,0.2,curvature,0.0209
RRT*,blocked_road,20,rrt_goal_bias,0.2,curvature,0.0355
RRT*,blocked_road,21,rrt_goal_bias,0.2,curvature,0.0453
RRT*,blocked_road,22,rrt_goal_bias,0.2,curvature,0.0442
RRT*,blocked_road,23,rrt_goal_bias,0.2,curvature,0.0366
RRT*,blocked_road,24,rrt_goal_bias,0.2,curvature,0.045
RRT*,blocked_road,25,rrt_goal_bias,0.2,curvature,0.0317
RRT*,blocked_road,26,rrt_goal_bias,0.2,curvature,0.0302
RRT*,blocked_road,27,rrt_goal_bias,0.2,curvature,0.0503
RRT*,blocked_road,28,rrt_goal_bias,0.2,curvature,0.052
RRT*,blocked_road,29,rrt_goal_bias,0.2,curvature,0.0481
RRT*,dense_city,0,rrt_goal_bias,0.2,curvature,0.0658
RRT*,dense_city,1,rrt_goal_bias,0.2,curvature,0.0683
RRT*,dense_city,2,rrt_goal_bias,0.2,curvature,0.0661
RRT*,dense_city,3,rrt_goal_bias,0.2,curvature,0.0383
RRT*,dense_city,4,rrt_goal_bias,0.2,curvature,0.0437
RRT*,dense_city,5,rrt_goal_bias,0.2,curvature,0.0918
RRT*,dense_city,6,rrt_goal_bias,0.2,curvature,0.0606
RRT*,dense_city,7,rrt_goal_bias,0.2,curvature,0.0628
RRT*,dense_city,8,rrt_goal_bias,0.2,curvature,0.0578
RRT*,dense_city,9,rrt_goal_bias,0.2,curvature,
RRT*,dense_city,10,rrt_goal_bias,0.2,curvature,0.0613
RRT*,dense_city,11,rrt_goal_bias,0.2,curvature,0.0878
RRT*,dense_city,12,rrt_goal_bias,0.2,curvature,0.0827
RRT*,dense_city,13,rrt_goal_bias,0.2,curvature,0.052
RRT*,dense_city,14,rrt_goal_bias,0.2,curvature,0.0776
RRT*,dense_city,15,rrt_goal_bias,0.2,curvature,0.0438
RRT*,dense_city,16,rrt_goal_bias,0.2,curvature,0.0864
RRT*,dense_city,17,rrt_goal_bias,0.2,curvature,0.0609
RRT*,dense_city,18,rrt_goal_bias,0.2,curvature,0.0545
RRT*,dense_city,19,rrt_goal_bias,0.2,curvature,0.0528
RRT*,dense_city,20,rrt_goal_bias,0.2,curvature,0.0804
RRT*,dense_city,21,rrt_goal_bias,0.2,curvature,0.0568
RRT*,dense_city,22,rrt_goal_bias,0.2,curvature,0.0378
RRT*,dense_city,23,rrt_goal_bias,0.2,curvature,0.0775
RRT*,dense_city,24,rrt_goal_bias,0.2,curvature,0.0539
RRT*,dense_city,25,rrt_goal_bias,0.2,curvature,0.0814
RRT*,dense_city,26,rrt_goal_bias,0.2,curvature,0.0421
RRT*,dense_city,27,rrt_goal_bias,0.2,curvature,0.024
RRT*,dense_city,28,rrt_goal_bias,0.2,curvature,0.0737
RRT*,dense_city,29,rrt_goal_bias,0.2,curvature,0.0723
RRT*,normal_city,0,rrt_goal_bias,0.4,curvature,0.0667
RRT*,normal_city,1,rrt_goal_bias,0.4,curvature,0.0628
RRT*,normal_city,2,rrt_goal_bias,0.4,curvature,0.0656
RRT*,normal_city,3,rrt_goal_bias,0.4,curvature,0.0395
RRT*,normal_city,4,rrt_goal_bias,0.4,curvature,0.0578
RRT*,normal_city,5,rrt_goal_bias,0.4,curvature,0.0501
RRT*,normal_city,6,rrt_goal_bias,0.4,curvature,0.0611
RRT*,normal_city,7,rrt_goal_bias,0.4,curvature,0.0615
RRT*,normal_city,8,rrt_goal_bias,0.4,curvature,0.0493
RRT*,normal_city,9,rrt_goal_bias,0.4,curvature,0.0481
RRT*,normal_city,10,rrt_goal_bias,0.4,curvature,0.0442
RRT*,normal_city,11,rrt_goal_bias,0.4,curvature,0.0629
RRT*,normal_city,12,rrt_goal_bias,0.4,curvature,0.0438
RRT*,normal_city,13,rrt_goal_bias,0.4,curvature,0.051
RRT*,normal_city,14,rrt_goal_bias,0.4,curvature,0.0549
RRT*,normal_city,15,rrt_goal_bias,0.4,curvature,0.0397
RRT*,normal_city,16,rrt_goal_bias,0.4,curvature,0.0331
RRT*,normal_city,17,rrt_goal_bias,0.4,curvature,0.0423
RRT*,normal_city,18,rrt_goal_bias,0.4,curvature,0.0555
RRT*,normal_city,19,rrt_goal_bias,0.4,curvature,0.048
RRT*,normal_city,20,rrt_goal_bias,0.4,curvature,0.0392
RRT*,normal_city,21,rrt_goal_bias,0.4,curvature,0.0395
RRT*,normal_city,22,rrt_goal_bias,0.4,curvature,0.0168
RRT*,normal_city,23,rrt_goal_bias,0.4,curvature,0.0537
RRT*,normal_city,24,rrt_goal_bias,0.4,curvature,0.0421
RRT*,normal_city,25,rrt_goal_bias,0.4,curvature,0.0558
RRT*,normal_city,26,rrt_goal_bias,0.4,curvature,0.0345
RRT*,normal_city,27,rrt_goal_bias,0.4,curvature,0.0526
RRT*,normal_city,28,rrt_goal_bias,0.4,curvature,0.0565
RRT*,normal_city,29,rrt_goal_bias,0.4,curvature,0.0504
RRT*,blocked_road,0,rrt_goal_bias,0.4,curvature,0.045
RRT*,blocked_road,1,rrt_goal_bias,0.4,curvature,0.0231
RRT*,blocked_road,2,rrt_goal_bias,0.4,curvature,0.0446
RRT*,blocked_road,3,rrt_goal_bias,0.4,curvature,0.0397
RRT*,blocked_road,4,rrt_goal_bias,0.4,curvature,0.0482
RRT*,blocked_road,5,rrt_goal_bias,0.4,curvature,0.028
RRT*,blocked_road,6,rrt_goal_bias,0.4,curvature,0.0472
RRT*,blocked_road,7,rrt_goal_bias,0.4,curvature,0.0498
RRT*,blocked_road,8,rrt_goal_bias,0.4,curvature,0.0358
RRT*,blocked_road,9,rrt_goal_bias,0.4,curvature,0.0506
RRT*,blocked_road,10,rrt_goal_bias,0.4,curvature,0.0395
RRT*,blocked_road,11,rrt_goal_bias,0.4,curvature,0.0454
RRT*,blocked_road,12,rrt_goal_bias,0.4,curvature,0.0392
RRT*,blocked_road,13,rrt_goal_bias,0.4,curvature,0.047
RRT*,blocked_road,14,rrt_goal_bias,0.4,curvature,0.0384
RRT*,blocked_road,15,rrt_goal_bias,0.4,curvature,0.0468
RRT*,blocked_road,16,rrt_goal_bias,0.4,curvature,0.048
RRT*,blocked_road,17,rrt_goal_bias,0.4,curvature,0.0417
RRT*,blocked_road,18,rrt_goal_bias,0.4,curvature,0.0416
RRT*,blocked_road,19,rrt_goal_bias,0.4,curvature,0.0291
RRT*,blocked_road,20,rrt_goal_bias,0.4,curvature,0.0395
RRT*,blocked_road,21,rrt_goal_bias,0.4,curvature,0.0404
RRT*,blocked_road,22,rrt_goal_bias,0.4,curvature,0.0284
RRT*,blocked_road,23,rrt_goal_bias,0.4,curvature,0.0464
RRT*,blocked_road,24,rrt_goal_bias,0.4,curvature,0.0458
RRT*,blocked_road,25,rrt_goal_bias,0.4,curvature,0.0331
RRT*,blocked_road,26,rrt_goal_bias,0.4,curvature,0.0464
RRT*,blocked_road,27,rrt_goal_bias,0.4,curvature,0.0351
RRT*,blocked_road,28,rrt_goal_bias,0.4,curvature,0.0272
RRT*,blocked_road,29,rrt_goal_bias,0.4,curvature,0.0347
RRT*,dense_city,0,rrt_goal_bias,0.4,curvature,0.071
RRT*,dense_city,1,rrt_goal_bias,0.4,curvature,0.0435
RRT*,dense_city,2,rrt_goal_bias,0.4,curvature,0.0432
RRT*,dense_city,3,rrt_goal_bias,0.4,curvature,0.0338
RRT*,dense_city,4,rrt_goal_bias,0.4,curvature,0.0603
RRT*,dense_city,5,rrt_goal_bias,0.4,curvature,0.0922
RRT*,dense_city,6,rrt_goal_bias,0.4,curvature,0.0712
RRT*,dense_city,7,rrt_goal_bias,0.4,curvature,
RRT*,dense_city,8,rrt_goal_bias,0.4,curvature,0.0512
RRT*,dense_city,9,rrt_goal_bias,0.4,curvature,
RRT*,dense_city,10,rrt_goal_bias,0.4,curvature,0.0583
RRT*,dense_city,11,rrt_goal_bias,0.4,curvature,0.0671
RRT*,dense_city,12,rrt_goal_bias,0.4,curvature,0.058
RRT*,dense_city,13,rrt_goal_bias,0.4,curvature,0.0368
RRT*,dense_city,14,rrt_goal_bias,0.4,curvature,0.0636
RRT*,dense_city,15,rrt_goal_bias,0.4,curvature,0.047
RRT*,dense_city,16,rrt_goal_bias,0.4,curvature,0.0794
RRT*,dense_city,17,rrt_goal_bias,0.4,curvature,0.0465
RRT*,dense_city,18,rrt_goal_bias,0.4,curvature,0.0554
RRT*,dense_city,19,rrt_goal_bias,0.4,curvature,0.0606
RRT*,dense_city,20,rrt_goal_bias,0.4,curvature,0.0862
RRT*,dense_city,21,rrt_goal_bias,0.4,curvature,0.0538
RRT*,dense_city,22,rrt_goal_bias,0.4,curvature,0.0554
RRT*,dense_city,23,rrt_goal_bias,0.4,curvature,0.0893
RRT*,dense_city,24,rrt_goal_bias,0.4,curvature,0.0477
RRT*,dense_city,25,rrt_goal_bias,0.4,curvature,0.0585
RRT*,dense_city,26,rrt_goal_bias,0.4,curvature,0.0585
RRT*,dense_city,27,rrt_goal_bias,0.4,curvature,0.023
RRT*,dense_city,28,rrt_goal_bias,0.4,curvature,0.0448
RRT*,dense_city,29,rrt_goal_bias,0.4,curvature,0.054
RRT*,normal_city,0,rrt_goal_bias,0.02,max_curvature,1.0342
RRT*,normal_city,1,rrt_goal_bias,0.02,max_curvature,1.2691
RRT*,normal_city,2,rrt_goal_bias,0.02,max_curvature,0.8543
RRT*,normal_city,3,rrt_goal_bias,0.02,max_curvature,1.1482
RRT*,normal_city,4,rrt_goal_bias,0.02,max_curvature,1.236
RRT*,normal_city,5,rrt_goal_bias,0.02,max_curvature,1.3174
RRT*,normal_city,6,rrt_goal_bias,0.02,max_curvature,1.3021
RRT*,normal_city,7,rrt_goal_bias,0.02,max_curvature,1.2531
RRT*,normal_city,8,rrt_goal_bias,0.02,max_curvature,1.4042
RRT*,normal_city,9,rrt_goal_bias,0.02,max_curvature,1.0497
RRT*,normal_city,10,rrt_goal_bias,0.02,max_curvature,0.9024
RRT*,normal_city,11,rrt_goal_bias,0.02,max_curvature,0.8791
RRT*,normal_city,12,rrt_goal_bias,0.02,max_curvature,1.286
RRT*,normal_city,13,rrt_goal_bias,0.02,max_curvature,0.9502
RRT*,normal_city,14,rrt_goal_bias,0.02,max_curvature,1.0522
RRT*,normal_city,15,rrt_goal_bias,0.02,max_curvature,1.5838
RRT*,normal_city,16,rrt_goal_bias,0.02,max_curvature,1.2473
RRT*,normal_city,17,rrt_goal_bias,0.02,max_curvature,1.5187
RRT*,normal_city,18,rrt_goal_bias,0.02,max_curvature,1.3679
RRT*,normal_city,19,rrt_goal_bias,0.02,max_curvature,1.2619
RRT*,normal_city,20,rrt_goal_bias,0.02,max_curvature,0.9435
RRT*,normal_city,21,rrt_goal_bias,0.02,max_curvature,1.5581
RRT*,normal_city,22,rrt_goal_bias,0.02,max_curvature,1.0322
RRT*,normal_city,23,rrt_goal_bias,0.02,max_curvature,1.2472
RRT*,normal_city,24,rrt_goal_bias,0.02,max_curvature,1.0324
RRT*,normal_city,25,rrt_goal_bias,0.02,max_curvature,1.283
RRT*,normal_city,26,rrt_goal_bias,0.02,max_curvature,0.7966
RRT*,normal_city,27,rrt_goal_bias,0.02,max_curvature,2.0251
RRT*,normal_city,28,rrt_goal_bias,0.02,max_curvature,1.242
RRT*,normal_city,29,rrt_goal_bias,0.02,max_curvature,1.1243
RRT*,blocked_road,0,rrt_goal_bias,0.02,max_curvature,1.4323
RRT*,blocked_road,1,rrt_goal_bias,0.02,max_curvature,1.1039
RRT*,blocked_road,2,rrt_goal_bias,0.02,max_curvature,1.1429
RRT*,blocked_road,3,rrt_goal_bias,0.02,max_curvature,1.1801
RRT*,blocked_road,4,rrt_goal_bias,0.02,max_curvature,1.1679
RRT*,blocked_road,5,rrt_goal_bias,0.02,max_curvature,1.0583
RRT*,blocked_road,6,rrt_goal_bias,0.02,max_curvature,1.0467
RRT*,blocked_road,7,rrt_goal_bias,0.02,max_curvature,1.2358
RRT*,blocked_road,8,rrt_goal_bias,0.02,max_curvature,1.1551
RRT*,blocked_road,9,rrt_goal_bias,0.02,max_curvature,0.7777
RRT*,blocked_road,10,rrt_goal_bias,0.02,max_curvature,0.977
RRT*,blocked_road,11,rrt_goal_bias,0.02,max_curvature,1.2106
RRT*,blocked_road,12,rrt_goal_bias,0.02,max_curvature,1.0125
RRT*,blocked_road,13,rrt_goal_bias,0.02,max_curvature,0.9246
RRT*,blocked_road,14,rrt_goal_bias,0.02,max_curvature,1.4643
RRT*,blocked_road,15,rrt_goal_bias,0.02,max_curvature,1.2727
RRT*,blocked_road,16,rrt_goal_bias,0.02,max_curvature,1.6615
RRT*,blocked_road,17,rrt_goal_bias,0.02,max_curvature,1.193
RRT*,blocked_road,18,rrt_goal_bias,0.02,max_curvature,0.9151
RRT*,blocked_road,19,rrt_goal_bias,0.02,max_curvature,1.2577
RRT*,blocked_road,20,rrt_goal_bias,0.02,max_curvature,1.3184
RRT*,blocked_road,21,rrt_goal_bias,0.02,max_curvature,1.1079
RRT*,blocked_road,22,rrt_goal_bias,0.02,max_curvature,1.3266
RRT*,blocked_road,23,rrt_goal_bias,0.02,max_curvature,1.3543
RRT*,blocked_road,24,rrt_goal_bias,0.02,max_curvature,0.7494
RRT*,blocked_road,25,rrt_goal_bias,0.02,max_curvature,1.3833
RRT*,blocked_road,26,rrt_goal_bias,0.02,max_curvature,0.9236
RRT*,blocked_road,27,rrt_goal_bias,0.02,max_curvature,1.0201
RRT*,blocked_road,28,rrt_goal_bias,0.02,max_curvature,1.126
RRT*,blocked_road,29,rrt_goal_bias,0.02,max_curvature,1.2059
RRT*,dense_city,0,rrt_goal_bias,0.02,max_curvature,1.1035
RRT*,dense_city,1,rrt_goal_bias,0.02,max_curvature,1.5044
RRT*,dense_city,2,rrt_goal_bias,0.02,max_curvature,0.9027
RRT*,dense_city,3,rrt_goal_bias,0.02,max_curvature,1.2332
RRT*,dense_city,4,rrt_goal_bias,0.02,max_curvature,1.1813
RRT*,dense_city,5,rrt_goal_bias,0.02,max_curvature,1.4557
RRT*,dense_city,6,rrt_goal_bias,0.02,max_curvature,1.4289
RRT*,dense_city,7,rrt_goal_bias,0.02,max_curvature,1.3295
RRT*,dense_city,8,rrt_goal_bias,0.02,max_curvature,1.2745
RRT*,dense_city,9,rrt_goal_bias,0.02,max_curvature,
RRT*,dense_city,10,rrt_goal_bias,0.02,max_curvature,1.4577
RRT*,dense_city,11,rrt_goal_bias,0.02,max_curvature,1.0783
RRT*,dense_city,12,rrt_goal_bias,0.02,max_curvature,1.2061
RRT*,dense_city,13,rrt_goal_bias,0.02,max_curvature,1.1474
RRT*,dense_city,14,rrt_goal_bias,0.02,max_curvature,1.1671
RRT*,dense_city,15,rrt_goal_bias,0.02,max_curvature,1.4721
RRT*,dense_city,16,rrt_goal_bias,0.02,max_curvature,1.1011
RRT*,dense_city,17,rrt_goal_bias,0.02,max_curvature,1.2757
RRT*,dense_city,18,rrt_goal_bias,0.02,max_curvature,1.5012
RRT*,dense_city,19,rrt_goal_bias,0.02,max_curvature,1.4372
RRT*,dense_city,20,rrt_goal_bias,0.02,max_curvature,1.2116
RRT*,dense_city,21,rrt_goal_bias,0.02,max_curvature,1.5116
RRT*,dense_city,22,rrt_goal_bias,0.02,max_curvature,1.3683
RRT*,dense_city,23,rrt_goal_bias,0.02,max_curvature,1.6687
RRT*,dense_city,24,rrt_goal_bias,0.02,max_curvature,1.5088
RRT*,dense_city,25,rrt_goal_bias,0.02,max_curvature,1.5022
RRT*,dense_city,26,rrt_goal_bias,0.02,max_curvature,1.4329
RRT*,dense_city,27,rrt_goal_bias,0.02,max_curvature,0.8997
RRT*,dense_city,28,rrt_goal_bias,0.02,max_curvature,1.3943
RRT*,dense_city,29,rrt_goal_bias,0.02,max_curvature,1.1755
RRT*,normal_city,0,rrt_goal_bias,0.05,max_curvature,0.8436
RRT*,normal_city,1,rrt_goal_bias,0.05,max_curvature,0.9579
RRT*,normal_city,2,rrt_goal_bias,0.05,max_curvature,1.2147
RRT*,normal_city,3,rrt_goal_bias,0.05,max_curvature,1.6356
RRT*,normal_city,4,rrt_goal_bias,0.05,max_curvature,1.391
RRT*,normal_city,5,rrt_goal_bias,0.05,max_curvature,1.3153
RRT*,normal_city,6,rrt_goal_bias,0.05,max_curvature,1.1364
RRT*,normal_city,7,rrt_goal_bias,0.05,max_curvature,1.1569
RRT*,normal_city,8,rrt_goal_bias,0.05,max_curvature,1.1791
RRT*,normal_city,9,rrt_goal_bias,0.05,max_curvature,1.2855
RRT*,normal_city,10,rrt_goal_bias,0.05,max_curvature,1.133
RRT*,normal_city,11,rrt_goal_bias,0.05,max_curvature,1.1822
RRT*,normal_city,12,rrt_goal_bias,0.05,max_curvature,1.4164
RRT*,normal_city,13,rrt_goal_bias,0.05,max_curvature,1.1843
RRT*,normal_city,14,rrt_goal_bias,0.05,max_curvature,0.9521
RRT*,normal_city,15,rrt_goal_bias,0.05,max_curvature,0.991
RRT*,normal_city,16,rrt_goal_bias,0.05,max_curvature,1.1137
RRT*,normal_city,17,rrt_goal_bias,0.05,max_curvature,1.1632
RRT*,normal_city,18,rrt_goal_bias,0.05,max_curvature,1.4723
RRT*,normal_city,19,rrt_goal_bias,0.05,max_curvature,1.0335
RRT*,normal_city,20,rrt_goal_bias,0.05,max_curvature,1.0085
RRT*,normal_city,21,rrt_goal_bias,0.05,max_curvature,1.2538
RRT*,normal_city,22,rrt_goal_bias,0.05,max_curvature,1.2688
RRT*,normal_city,23,rrt_goal_bias,0.05,max_curvature,1.1255
RRT*,normal_city,24,rrt_goal_bias,0.05,max_curvature,1.2974
RRT*,normal_city,25,rrt_goal_bias,0.05,max_curvature,1.1842
RRT*,normal_city,26,rrt_goal_bias,0.05,max_curvature,0.9858
RRT*,normal_city,27,rrt_goal_bias,0.05,max_curvature,0.9093
RRT*,normal_city,28,rrt_goal_bias,0.05,max_curvature,0.9647
RRT*,normal_city,29,rrt_goal_bias,0.05,max_curvature,1.3519
RRT*,blocked_road,0,rrt_goal_bias,0.05,max_curvature,0.9385
RRT*,blocked_road,1,rrt_goal_bias,0.05,max_curvature,0.93
RRT*,blocked_road,2,rrt_goal_bias,0.05,max_curvature,2.0479
RRT*,blocked_road,3,rrt_goal_bias,0.05,max_curvature,0.8809
RRT*,blocked_road,4,rrt_goal_bias,0.05,max_curvature,0.9714
RRT*,blocked_road,5,rrt_goal_bias,0.05,max_curvature,0.946
RRT*,blocked_road,6,rrt_goal_bias,0.05,max_curvature,1.0992
RRT*,blocked_road,7,rrt_goal_bias,0.05,max_curvature,1.1769
RRT*,blocked_road,8,rrt_goal_bias,0.05,max_curvature,1.4397
RRT*,blocked_road,9,rrt_goal_bias,0.05,max_curvature,0.7685
RRT*,blocked_road,10,rrt_goal_bias,0.05,max_curvature,0.9491
RRT*,blocked_road,11,rrt_goal_bias,0.05,max_curvature,1.0612
RRT*,blocked_road,12,rrt_goal_bias,0.05,max_curvature,1.2795
RRT*,blocked_road,13,rrt_goal_bias,0.05,max_curvature,1.2028
RRT*,blocked_road,14,rrt_goal_bias,0.05,max_curvature,1.2463
RRT*,blocked_road,15,rrt_goal_bias,0.05,max_curvature,0.9452
RRT*,blocked_road,16,rrt_goal_bias,0.05,max_curvature,1.3105
RRT*,blocked_road,17,rrt_goal_bias,0.05,max_curvature,1.166
RRT*,blocked_road,18,rrt_goal_bias,0.05,max_curvature,1.3384
RRT*,blocked_road,19,rrt_goal_bias,0.05,max_curvature,0.8919
RRT*,blocked_road,20,rrt_goal_bias,0.05,max_curvature,1.3229
RRT*,blocked_road,21,rrt_goal_bias,0.05,max_curvature,1.0124
RRT*,blocked_road,22,rrt_goal_bias,0.05,max_curvature,1.3566
RRT*,blocked_road,23,rrt_goal_bias,0.05,max_curvature,1.0142
RRT*,blocked_road,24,rrt_goal_bias,0.05,max_curvature,0.9898
RRT*,blocked_road,25,rrt_goal_bias,0.05,max_curvature,0.8641
RRT*,blocked_road,26,rrt_goal_bias,0.05,max_curvature,1.034
RRT*,blocked_road,27,rrt_goal_bias,0.05,max_curvature,1.2881
RRT*,blocked_road,28,rrt_goal_bias,0.05,max_curvature,0.9972
RRT*,blocked_road,29,rrt_goal_bias,0.05,max_curvature,0.9145
RRT*,dense_city,0,rrt_goal_bias,0.05,max_curvature,1.0708
RRT*,dense_city,1,rrt_goal_bias,0.05,max_curvature,1.1713
RRT*,dense_city,2,rrt_goal_bias,0.05,max_curvature,1.3947
RRT*,dense_city,3,rrt_goal_bias,0.05,max_curvature,1.3762
RRT*,dense_city,4,rrt_goal_bias,0.05,max_curvature,1.4665
RRT*,dense_city,5,rrt_goal_bias,0.05,max_curvature,1.1461
RRT*,dense_city,6,rrt_goal_bias,0.05,max_curvature,0.8547
RRT*,dense_city,7,rrt_goal_bias,0.05,max_curvature,1.0057
RRT*,dense_city,8,rrt_goal_bias,0.05,max_curvature,1.353
RRT*,dense_city,9,rrt_goal_bias,0.05,max_curvature,
RRT*,dense_city,10,rrt_goal_bias,0.05,max_curvature,1.3582
RRT*,dense_city,11,rrt_goal_bias,0.05,max_curvature,1.4923
RRT*,dense_city,12,rrt_goal_bias,0.05,max_curvature,1.4476
RRT*,dense_city,13,rrt_goal_bias,0.05,max_curvature,1.4994
RRT*,dense_city,14,rrt_goal_bias,0.05,max_curvature,1.3621
RRT*,dense_city,15,rrt_goal_bias,0.05,max_curvature,1.3419
RRT*,dense_city,16,rrt_goal_bias,0.05,max_curvature,1.5342
RRT*,dense_city,17,rrt_goal_bias,0.05,max_curvature,1.5328
RRT*,dense_city,18,rrt_goal_bias,0.05,max_curvature,1.376
RRT*,dense_city,19,rrt_goal_bias,0.05,max_curvature,1.1574
RRT*,dense_city,20,rrt_goal_bias,0.05,max_curvature,1.4832
RRT*,dense_city,21,rrt_goal_bias,0.05,max_curvature,1.2118
RRT*,dense_city,22,rrt_goal_bias,0.05,max_curvature,1.3342
RRT*,dense_city,23,rrt_goal_bias,0.05,max_curvature,1.6101
RRT*,dense_city,24,rrt_goal_bias,0.05,max_curvature,1.4371
RRT*,dense_city,25,rrt_goal_bias,0.05,max_curvature,1.2287
RRT*,dense_city,26,rrt_goal_bias,0.05,max_curvature,1.1864
RRT*,dense_city,27,rrt_goal_bias,0.05,max_curvature,1.7882
RRT*,dense_city,28,rrt_goal_bias,0.05,max_curvature,1.3829
RRT*,dense_city,29,rrt_goal_bias,0.05,max_curvature,1.3045
RRT*,normal_city,0,rrt_goal_bias,0.1,max_curvature,1.5556
RRT*,normal_city,1,rrt_goal_bias,0.1,max_curvature,1.0368
RRT*,normal_city,2,rrt_goal_bias,0.1,max_curvature,1.2002
RRT*,normal_city,3,rrt_goal_bias,0.1,max_curvature,1.3413
RRT*,normal_city,4,rrt_goal_bias,0.1,max_curvature,1.4386
RRT*,normal_city,5,rrt_goal_bias,0.1,max_curvature,1.3036
RRT*,normal_city,6,rrt_goal_bias,0.1,max_curvature,1.2022
RRT*,normal_city,7,rrt_goal_bias,0.1,max_curvature,1.3449
RRT*,normal_city,8,rrt_goal_bias,0.1,max_curvature,1.0592
RRT*,normal_city,9,rrt_goal_bias,0.1,max_curvature,1.225
RRT*,normal_city,10,rrt_goal_bias,0.1,max_curvature,1.1395
RRT*,normal_city,11,rrt_goal_bias,0.1,max_curvature,1.0871
RRT*,normal_city,12,rrt_goal_bias,0.1,max_curvature,1.1701
RRT*,normal_city,13,rrt_goal_bias,0.1,max_curvature,1.0988
RRT*,normal_city,14,rrt_goal_bias,0.1,max_curvature,1.1765
RRT*,normal_city,15,rrt_goal_bias,0.1,max_curvature,0.9736
RRT*,normal_city,16,rrt_goal_bias,0.1,max_curvature,1.55
RRT*,normal_city,17,rrt_goal_bias,0.1,max_curvature,1.2499
RRT*,normal_city,18,rrt_goal_bias,0.1,max_curvature,1.2704
RRT*,normal_city,19,rrt_goal_bias,0.1,max_curvature,0.7674
RRT*,normal_city,20,rrt_goal_bias,0.1,max_curvature,1.1361
RRT*,normal_city,21,rrt_goal_bias,0.1,max_curvature,0.9829
RRT*,normal_city,22,rrt_goal_bias,0.1,max_curvature,1.1498
RRT*,normal_city,23,rrt_goal_bias,0.1,max_curvature,1.0945
RRT*,normal_city,24,rrt_goal_bias,0.1,max_curvature,1.3193
RRT*,normal_city,25,rrt_goal_bias,0.1,max_curvature,1.3907
RRT*,normal_city,26,rrt_goal_bias,0.1,max_curvature,0.9537
RRT*,normal_city,27,rrt_goal_bias,0.1,max_curvature,1.3493
RRT*,normal_city,28,rrt_goal_bias,0.1,max_curvature,1.334
RRT*,normal_city,29,rrt_goal_bias,0.1,max_curvature,1.3403
RRT*,blocked_road,0,rrt_goal_bias,0.1,max_curvature,0.9886
RRT*,blocked_road,1,rrt_goal_bias,0.1,max_curvature,1.24
RRT*,blocked_road,2,rrt_goal_bias,0.1,max_curvature,1.0655
RRT*,blocked_road,3,rrt_goal_bias,0.1,max_curvature,1.1135
RRT*,blocked_road,4,rrt_goal_bias,0.1,max_curvature,1.3246
RRT*,blocked_road,5,rrt_goal_bias,0.1,max_curvature,1.5193
RRT*,blocked_road,6,rrt_goal_bias,0.1,max_curvature,1.0972
RRT*,blocked_road,7,rrt_goal_bias,0.1,max_curvature,1.1505
RRT*,blocked_road,8,rrt_goal_bias,0.1,max_curvature,0.7466
RRT*,blocked_road,9,rrt_goal_bias,0.1,max_curvature,0.9788
RRT*,blocked_road,10,rrt_goal_bias,0.1,max_curvature,1.1502
RRT*,blocked_road,11,rrt_goal_bias,0.1,max_curvature,0.918
RRT*,blocked_road,12,rrt_goal_bias,0.1,max_curvature,1.3032
RRT*,blocked_road,13,rrt_goal_bias,0.1,max_curvature,0.8644
RRT*,blocked_road,14,rrt_goal_bias,0.1,max_curvature,1.1488
RRT*,blocked_road,15,rrt_goal_bias,0.1,max_curvature,1.1316
RRT*,blocked_road,16,rrt_goal_bias,0.1,max_curvature,1.1579
RRT*,blocked_road,17,rrt_goal_bias,0.1,max_curvature,1.2083
RRT*,blocked_road,18,rrt_goal_bias,0.1,max_curvature,1.1583
RRT*,blocked_road,19,rrt_goal_bias,0.1,max_curvature,1.3125
RRT*,blocked_road,20,rrt_goal_bias,0.1,max_curvature,1.111
RRT*,blocked_road,21,rrt_goal_bias,0.1,max_curvature,1.0843
RRT*,blocked_road,22,rrt_goal_bias,0.1,max_curvature,1.1742
RRT*,blocked_road,23,rrt_goal_bias,0.1,max_curvature,1.548
RRT*,blocked_road,24,rrt_goal_bias,0.1,max_curvature,0.9365
RRT*,blocked_road,25,rrt_goal_bias,0.1,max_curvature,0.8765
RRT*,blocked_road,26,rrt_goal_bias,0.1,max_curvature,0.9789
RRT*,blocked_road,27,rrt_goal_bias,0.1,max_curvature,1.3844
RRT*,blocked_road,28,rrt_goal_bias,0.1,max_curvature,1.4274
RRT*,blocked_road,29,rrt_goal_bias,0.1,max_curvature,1.0875
RRT*,dense_city,0,rrt_goal_bias,0.1,max_curvature,1.3509
RRT*,dense_city,1,rrt_goal_bias,0.1,max_curvature,1.287
RRT*,dense_city,2,rrt_goal_bias,0.1,max_curvature,1.2663
RRT*,dense_city,3,rrt_goal_bias,0.1,max_curvature,1.1565
RRT*,dense_city,4,rrt_goal_bias,0.1,max_curvature,1.2661
RRT*,dense_city,5,rrt_goal_bias,0.1,max_curvature,1.0535
RRT*,dense_city,6,rrt_goal_bias,0.1,max_curvature,1.1544
RRT*,dense_city,7,rrt_goal_bias,0.1,max_curvature,1.2396
RRT*,dense_city,8,rrt_goal_bias,0.1,max_curvature,1.5101
RRT*,dense_city,9,rrt_goal_bias,0.1,max_curvature,
RRT*,dense_city,10,rrt_goal_bias,0.1,max_curvature,1.3715
RRT*,dense_city,11,rrt_goal_bias,0.1,max_curvature,1.4791
RRT*,dense_city,12,rrt_goal_bias,0.1,max_curvature,2.3965
RRT*,dense_city,13,rrt_goal_bias,0.1,max_curvature,1.2101
RRT*,dense_city,14,rrt_goal_bias,0.1,max_curvature,1.4535
RRT*,dense_city,15,rrt_goal_bias,0.1,max_curvature,1.5745
RRT*,dense_city,16,rrt_goal_bias,0.1,max_curvature,1.0028
RRT*,dense_city,17,rrt_goal_bias,0.1,max_curvature,1.5114
RRT*,dense_city,18,rrt_goal_bias,0.1,max_curvature,1.0916
RRT*,dense_city,19,rrt_goal_bias,0.1,max_curvature,1.281
RRT*,dense_city,20,rrt_goal_bias,0.1,max_curvature,1.134
RRT*,dense_city,21,rrt_goal_bias,0.1,max_curvature,1.2357
RRT*,dense_city,22,rrt_goal_bias,0.1,max_curvature,0.944
RRT*,dense_city,23,rrt_goal_bias,0.1,max_curvature,1.3378
RRT*,dense_city,24,rrt_goal_bias,0.1,max_curvature,0.6607
RRT*,dense_city,25,rrt_goal_bias,0.1,max_curvature,1.2405
RRT*,dense_city,26,rrt_goal_bias,0.1,max_curvature,1.341
RRT*,dense_city,27,rrt_goal_bias,0.1,max_curvature,1.3099
RRT*,dense_city,28,rrt_goal_bias,0.1,max_curvature,1.1556
RRT*,dense_city,29,rrt_goal_bias,0.1,max_curvature,2.0435
RRT*,normal_city,0,rrt_goal_bias,0.2,max_curvature,1.2255
RRT*,normal_city,1,rrt_goal_bias,0.2,max_curvature,1.5037
RRT*,normal_city,2,rrt_goal_bias,0.2,max_curvature,1.0879
RRT*,normal_city,3,rrt_goal_bias,0.2,max_curvature,1.5383
RRT*,normal_city,4,rrt_goal_bias,0.2,max_curvature,0.8865
RRT*,normal_city,5,rrt_goal_bias,0.2,max_curvature,0.8823
RRT*,normal_city,6,rrt_goal_bias,0.2,max_curvature,0.9664
RRT*,normal_city,7,rrt_goal_bias,0.2,max_curvature,1.0988
RRT*,normal_city,8,rrt_goal_bias,0.2,max_curvature,1.6338
RRT*,normal_city,9,rrt_goal_bias,0.2,max_curvature,1.3629
RRT*,normal_city,10,rrt_goal_bias,0.2,max_curvature,1.2432
RRT*,normal_city,11,rrt_goal_bias,0.2,max_curvature,1.1072
RRT*,normal_city,12,rrt_goal_bias,0.2,max_curvature,0.9597
RRT*,normal_city,13,rrt_goal_bias,0.2,max_curvature,1.2821
RRT*,normal_city,14,rrt_goal_bias,0.2,max_curvature,1.3573
RRT*,normal_city,15,rrt_goal_bias,0.2,max_curvature,1.5298
RRT*,normal_city,16,rrt_goal_bias,0.2,max_curvature,0.974
RRT*,normal_city,17,rrt_goal_bias,0.2,max_curvature,1.0196
RRT*,normal_city,18,rrt_goal_bias,0.2,max_curvature,1.3049
RRT*,normal_city,19,rrt_goal_bias,0.2,max_curvature,1.591
RRT*,normal_city,20,rrt_goal_bias,0.2,max_curvature,1.217
RRT*,normal_city,21,rrt_goal_bias,0.2,max_curvature,1.4281
RRT*,normal_city,22,rrt_goal_bias,0.2,max_curvature,1.1512
RRT*,normal_city,23,rrt_goal_bias,0.2,max_curvature,1.1421
RRT*,normal_city,24,rrt_goal_bias,0.2,max_curvature,1.3322
RRT*,normal_city,25,rrt_goal_bias,0.2,max_curvature,1.2829
RRT*,normal_city,26,rrt_goal_bias,0.2,max_curvature,1.5965
RRT*,normal_city,27,rrt_goal_bias,0.2,max_curvature,1.137
RRT*,normal_city,28,rrt_goal_bias,0.2,max_curvature,0.9756
RRT*,normal_city,29,rrt_goal_bias,0.2,max_curvature,1.282
RRT*,blocked_road,0,rrt_goal_bias,0.2,max_curvature,0.9865
RRT*,blocked_road,1,rrt_goal_bias,0.2,max_curvature,0.9257
RRT*,blocked_road,2,rrt_goal_bias,0.2,max_curvature,1.2146
RRT*,blocked_road,3,rrt_goal_bias,0.2,max_curvature,1.2994
RRT*,blocked_road,4,rrt_goal_bias,0.2,max_curvature,1.3644
RRT*,blocked_road,5,rrt_goal_bias,0.2,max_curvature,1.027
RRT*,blocked_road,6,rrt_goal_bias,0.2,max_curvature,1.0914
RRT*,blocked_road,7,rrt_goal_bias,0.2,max_curvature,0.8362
RRT*,blocked_road,8,rrt_goal_bias,0.2,max_curvature,1.0032
RRT*,blocked_road,9,rrt_goal_bias,0.2,max_curvature,1.1039
RRT*,blocked_road,10,rrt_goal_bias,0.2,max_curvature,1.0671
RRT*,blocked_road,11,rrt_goal_bias,0.2,max_curvature,1.4476
RRT*,blocked_road,12,rrt_goal_bias,0.2,max_curvature,1.4193
RRT*,blocked_road,13,rrt_goal_bias,0.2,max_curvature,1.0365
RRT*,blocked_road,14,rrt_goal_bias,0.2,max_curvature,1.0851
RRT*,blocked_road,15,rrt_goal_bias,0.2,max_curvature,1.0889
RRT*,blocked_road,16,rrt_goal_bias,0.2,max_curvature,1.3783
RRT*,blocked_road,17,rrt_goal_bias,0.2,max_curvature,1.3479
RRT*,blocked_road,18,rrt_goal_bias,0.2,max_curvature,1.2283
RRT*,blocked_road,19,rrt_goal_bias,0.2,max_curvature,1.2913
RRT*,blocked_road,20,rrt_goal_bias,0.2,max_curvature,1.0606
RRT*,blocked_road,21,rrt_goal_bias,0.2,max_curvature,1.2488
RRT*,blocked_road,22,rrt_goal_bias,0.2,max_curvature,1.1937
RRT*,blocked_road,23,rrt_goal_bias,0.2,max_curvature,1.5209
RRT*,blocked_road,24,rrt_goal_bias,0.2,max_curvature,0.8878
RRT*,blocked_road,25,rrt_goal_bias,0.2,max_curvature,1.1023
RRT*,blocked_road,26,rrt_goal_bias,0.2,max_curvature,0.5384
RRT*,blocked_road,27,rrt_goal_bias,0.2,max_curvature,1.4471
RRT*,blocked_road,28,rrt_goal_bias,0.2,max_curvature,0.9989
RRT*,blocked_road,29,rrt_goal_bias,0.2,max_curvature,0.9836
RRT*,dense_city,0,rrt_goal_bias,0.2,max_curvature,1.2578
RRT*,dense_city,1,rrt_goal_bias,0.2,max_curvature,1.1014
RRT*,dense_city,2,rrt_goal_bias,0.2,max_curvature,1.3373
RRT*,dense_city,3,rrt_goal_bias,0.2,max_curvature,1.0884
RRT*,dense_city,4,rrt_goal_bias,0.2,max_curvature,1.1048
RRT*,dense_city,5,rrt_goal_bias,0.2,max_curvature,1.3249
RRT*,dense_city,6,rrt_goal_bias,0.2,max_curvature,1.1565
RRT*,dense_city,7,rrt_goal_bias,0.2,max_curvature,1.2469
RRT*,dense_city,8,rrt_goal_bias,0.2,max_curvature,1.5372
RRT*,dense_city,9,rrt_goal_bias,0.2,max_curvature,
RRT*,dense_city,10,rrt_goal_bias,0.2,max_curvature,1.2209
RRT*,dense_city,11,rrt_goal_bias,0.2,max_curvature,1.5286
RRT*,dense_city,12,rrt_goal_bias,0.2,max_curvature,1.4527
RRT*,dense_city,13,rrt_goal_bias,0.2,max_curvature,1.403
RRT*,dense_city,14,rrt_goal_bias,0.2,max_curvature,1.667
RRT*,dense_city,15,rrt_goal_bias,0.2,max_curvature,1.2675
RRT*,dense_city,16,rrt_goal_bias,0.2,max_curvature,1.0281
RRT*,dense_city,17,rrt_goal_bias,0.2,max_curvature,1.2868
RRT*,dense_city,18,rrt_goal_bias,0.2,max_curvature,1.4189
RRT*,dense_city,19,rrt_goal_bias,0.2,max_curvature,1.3934
RRT*,dense_city,20,rrt_goal_bias,0.2,max_curvature,1.3381
RRT*,dense_city,21,rrt_goal_bias,0.2,max_curvature,1.2
RRT*,dense_city,22,rrt_goal_bias,0.2,max_curvature,1.3032
RRT*,dense_city,23,rrt_goal_bias,0.2,max_curvature,1.2748
RRT*,dense_city,24,rrt_goal_bias,0.2,max_curvature,1.4997
RRT*,dense_city,25,rrt_goal_bias,0.2,max_curvature,1.8046
RRT*,dense_city,26,rrt_goal_bias,0.2,max_curvature,1.2916
RRT*,dense_city,27,rrt_goal_bias,0.2,max_curvature,1.0228
RRT*,dense_city,28,rrt_goal_bias,0.2,max_curvature,1.1893
RRT*,dense_city,29,rrt_goal_bias,0.2,max_curvature,1.3214
RRT*,normal_city,0,rrt_goal_bias,0.4,max_curvature,0.8101
RRT*,normal_city,1,rrt_goal_bias,0.4,max_curvature,1.0834
RRT*,normal_city,2,rrt_goal_bias,0.4,max_curvature,0.8966
RRT*,normal_city,3,rrt_goal_bias,0.4,max_curvature,1.1204
RRT*,normal_city,4,rrt_goal_bias,0.4,max_curvature,1.2449
RRT*,normal_city,5,rrt_goal_bias,0.4,max_curvature,1.2714
RRT*,normal_city,6,rrt_goal_bias,0.4,max_curvature,1.2249
RRT*,normal_city,7,rrt_goal_bias,0.4,max_curvature,1.5912
RRT*,normal_city,8,rrt_goal_bias,0.4,max_curvature,1.2001
RRT*,normal_city,9,rrt_goal_bias,0.4,max_curvature,1.2513
RRT*,normal_city,10,rrt_goal_bias,0.4,max_curvature,1.4273
RRT*,normal_city,11,rrt_goal_bias,0.4,max_curvature,1.4166
RRT*,normal_city,12,rrt_goal_bias,0.4,max_curvature,0.9772
RRT*,normal_city,13,rrt_goal_bias,0.4,max_curvature,1.2687
RRT*,normal_city,14,rrt_goal_bias,0.4,max_curvature,1.2435
RRT*,normal_city,15,rrt_goal_bias,0.4,max_curvature,1.1422
RRT*,normal_city,16,rrt_goal_bias,0.4,max_curvature,1.1002
RRT*,normal_city,17,rrt_goal_bias,0.4,max_curvature,1.2115
RRT*,normal_city,18,rrt_goal_bias,0.4,max_curvature,1.0559
RRT*,normal_city,19,rrt_goal_bias,0.4,max_curvature,1.0246
RRT*,normal_city,20,rrt_goal_bias,0.4,max_curvature,1.2439
RRT*,normal_city,21,rrt_goal_bias,0.4,max_curvature,0.9868
RRT*,normal_city,22,rrt_goal_bias,0.4,max_curvature,0.8031
RRT*,normal_city,23,rrt_goal_bias,0.4,max_curvature,1.1078
RRT*,normal_city,24,rrt_goal_bias,0.4,max_curvature,0.9237
RRT*,normal_city,25,rrt_goal_bias,0.4,max_curvature,0.8037
RRT*,normal_city,26,rrt_goal_bias,0.4,max_curvature,1.2817
RRT*,normal_city,27,rrt_goal_bias,0.4,max_curvature,1.2604
RRT*,normal_city,28,rrt_goal_bias,0.4,max_curvature,1.3085
RRT*,normal_city,29,rrt_goal_bias,0.4,max_curvature,0.7874
RRT*,blocked_road,0,rrt_goal_bias,0.4,max_curvature,0.9549
RRT*,blocked_road,1,rrt_goal_bias,0.4,max_curvature,1.2535
RRT*,blocked_road,2,rrt_goal_bias,0.4,max_curvature,1.2475
RRT*,blocked_road,3,rrt_goal_bias,0.4,max_curvature,1.0932
RRT*,blocked_road,4,rrt_goal_bias,0.4,max_curvature,1.3358
RRT*,blocked_road,5,rrt_goal_bias,0.4,max_curvature,0.8219
RRT*,blocked_road,6,rrt_goal_bias,0.4,max_curvature,1.2424
RRT*,blocked_road,7,rrt_goal_bias,0.4,max_curvature,1.1443
RRT*,blocked_road,8,rrt_goal_bias,0.4,max_curvature,1.1939
RRT*,blocked_road,9,rrt_goal_bias,0.4,max_curvature,0.9086
RRT*,blocked_road,10,rrt_goal_bias,0.4,max_curvature,1.241
RRT*,blocked_road,11,rrt_goal_bias,0.4,max_curvature,1.2631
RRT*,blocked_road,12,rrt_goal_bias,0.4,max_curvature,1.375
RRT*,blocked_road,13,rrt_goal_bias,0.4,max_curvature,1.3211
RRT*,blocked_road,14,rrt_goal_bias,0.4,max_curvature,1.2117
RRT*,blocked_road,15,rrt_goal_bias,0.4,max_curvature,1.3508
RRT*,blocked_road,16,rrt_goal_bias,0.4,max_curvature,1.1654
RRT*,blocked_road,17,rrt_goal_bias,0.4,max_curvature,0.5199
RRT*,blocked_road,18,rrt_goal_bias,0.4,max_curvature,1.1487
RRT*,blocked_road,19,rrt_goal_bias,0.4,max_curvature,0.8974
RRT*,blocked_road,20,rrt_goal_bias,0.4,max_curvature,1.0485
RRT*,blocked_road,21,rrt_goal_bias,0.4,max_curvature,1.1105
RRT*,blocked_road,22,rrt_goal_bias,0.4,max_curvature,1.2187
RRT*,blocked_road,23,rrt_goal_bias,0.4,max_curvature,1.0336
RRT*,blocked_road,24,rrt_goal_bias,0.4,max_curvature,1.3901
RRT*,blocked_road,25,rrt_goal_bias,0.4,max_curvature,0.9456
RRT*,blocked_road,26,rrt_goal_bias,0.4,max_curvature,0.8757
RRT*,blocked_road,27,rrt_goal_bias,0.4,max_curvature,1.2623
RRT*,blocked_road,28,rrt_goal_bias,0.4,max_curvature,1.0572
RRT*,blocked_road,29,rrt_goal_bias,0.4,max_curvature,0.9923
RRT*,dense_city,0,rrt_goal_bias,0.4,max_curvature,1.6887
RRT*,dense_city,1,rrt_goal_bias,0.4,max_curvature,1.2506
RRT*,dense_city,2,rrt_goal_bias,0.4,max_curvature,1.0971
RRT*,dense_city,3,rrt_goal_bias,0.4,max_curvature,1.3613
RRT*,dense_city,4,rrt_goal_bias,0.4,max_curvature,1.4327
RRT*,dense_city,5,rrt_goal_bias,0.4,max_curvature,1.0994
RRT*,dense_city,6,rrt_goal_bias,0.4,max_curvature,1.2431
RRT*,dense_city,7,rrt_goal_bias,0.4,max_curvature,
RRT*,dense_city,8,rrt_goal_bias,0.4,max_curvature,1.2053
RRT*,dense_city,9,rrt_goal_bias,0.4,max_curvature,
RRT*,dense_city,10,rrt_goal_bias,0.4,max_curvature,1.3679
RRT*,dense_city,11,rrt_goal_bias,0.4,max_curvature,1.5011
RRT*,dense_city,12,rrt_goal_bias,0.4,max_curvature,1.3042
RRT*,dense_city,13,rrt_goal_bias,0.4,max_curvature,1.1706
RRT*,dense_city,14,rrt_goal_bias,0.4,max_curvature,1.3242
RRT*,dense_city,15,rrt_goal_bias,0.4,max_curvature,1.0175
RRT*,dense_city,16,rrt_goal_bias,0.4,max_curvature,1.5915
RRT*,dense_city,17,rrt_goal_bias,0.4,max_curvature,1.3026
RRT*,dense_city,18,rrt_goal_bias,0.4,max_curvature,1.2099
RRT*,dense_city,19,rrt_goal_bias,0.4,max_curvature,1.3629
RRT*,dense_city,20,rrt_goal_bias,0.4,max_curvature,1.3341
RRT*,dense_city,21,rrt_goal_bias,0.4,max_curvature,1.3663
RRT*,dense_city,22,rrt_goal_bias,0.4,max_curvature,1.2205
RRT*,dense_city,23,rrt_goal_bias,0.4,max_curvature,1.643
RRT*,dense_city,24,rrt_goal_bias,0.4,max_curvature,1.3768
RRT*,dense_city,25,rrt_goal_bias,0.4,max_curvature,0.9685
RRT*,dense_city,26,rrt_goal_bias,0.4,max_curvature,1.3364
RRT*,dense_city,27,rrt_goal_bias,0.4,max_curvature,1.108
RRT*,dense_city,28,rrt_goal_bias,0.4,max_curvature,1.2658
RRT*,dense_city,29,rrt_goal_bias,0.4,max_curvature,1.3474
RRT*,normal_city,0,rrt_goal_bias,0.02,drive_time_curved,27.1468
RRT*,normal_city,1,rrt_goal_bias,0.02,drive_time_curved,28.8904
RRT*,normal_city,2,rrt_goal_bias,0.02,drive_time_curved,26.8371
RRT*,normal_city,3,rrt_goal_bias,0.02,drive_time_curved,25.6439
RRT*,normal_city,4,rrt_goal_bias,0.02,drive_time_curved,28.3812
RRT*,normal_city,5,rrt_goal_bias,0.02,drive_time_curved,28.4894
RRT*,normal_city,6,rrt_goal_bias,0.02,drive_time_curved,27.7959
RRT*,normal_city,7,rrt_goal_bias,0.02,drive_time_curved,27.453
RRT*,normal_city,8,rrt_goal_bias,0.02,drive_time_curved,27.5333
RRT*,normal_city,9,rrt_goal_bias,0.02,drive_time_curved,27.6528
RRT*,normal_city,10,rrt_goal_bias,0.02,drive_time_curved,27.3758
RRT*,normal_city,11,rrt_goal_bias,0.02,drive_time_curved,29.5883
RRT*,normal_city,12,rrt_goal_bias,0.02,drive_time_curved,31.0336
RRT*,normal_city,13,rrt_goal_bias,0.02,drive_time_curved,25.0377
RRT*,normal_city,14,rrt_goal_bias,0.02,drive_time_curved,28.6655
RRT*,normal_city,15,rrt_goal_bias,0.02,drive_time_curved,26.6475
RRT*,normal_city,16,rrt_goal_bias,0.02,drive_time_curved,26.4767
RRT*,normal_city,17,rrt_goal_bias,0.02,drive_time_curved,27.4447
RRT*,normal_city,18,rrt_goal_bias,0.02,drive_time_curved,28.0809
RRT*,normal_city,19,rrt_goal_bias,0.02,drive_time_curved,26.6555
RRT*,normal_city,20,rrt_goal_bias,0.02,drive_time_curved,28.5126
RRT*,normal_city,21,rrt_goal_bias,0.02,drive_time_curved,28.2144
RRT*,normal_city,22,rrt_goal_bias,0.02,drive_time_curved,29.7083
RRT*,normal_city,23,rrt_goal_bias,0.02,drive_time_curved,30.0078
RRT*,normal_city,24,rrt_goal_bias,0.02,drive_time_curved,27.3584
RRT*,normal_city,25,rrt_goal_bias,0.02,drive_time_curved,29.0439
RRT*,normal_city,26,rrt_goal_bias,0.02,drive_time_curved,25.5786
RRT*,normal_city,27,rrt_goal_bias,0.02,drive_time_curved,27.8735
RRT*,normal_city,28,rrt_goal_bias,0.02,drive_time_curved,26.6163
RRT*,normal_city,29,rrt_goal_bias,0.02,drive_time_curved,29.0044
RRT*,blocked_road,0,rrt_goal_bias,0.02,drive_time_curved,30.043
RRT*,blocked_road,1,rrt_goal_bias,0.02,drive_time_curved,27.242
RRT*,blocked_road,2,rrt_goal_bias,0.02,drive_time_curved,27.3854
RRT*,blocked_road,3,rrt_goal_bias,0.02,drive_time_curved,25.5437
RRT*,blocked_road,4,rrt_goal_bias,0.02,drive_time_curved,26.7277
RRT*,blocked_road,5,rrt_goal_bias,0.02,drive_time_curved,27.281
RRT*,blocked_road,6,rrt_goal_bias,0.02,drive_time_curved,27.7876
RRT*,blocked_road,7,rrt_goal_bias,0.02,drive_time_curved,28.0945
RRT*,blocked_road,8,rrt_goal_bias,0.02,drive_time_curved,26.3273
RRT*,blocked_road,9,rrt_goal_bias,0.02,drive_time_curved,26.6582
RRT*,blocked_road,10,rrt_goal_bias,0.02,drive_time_curved,27.4412
RRT*,blocked_road,11,rrt_goal_bias,0.02,drive_time_curved,27.3491
RRT*,blocked_road,12,rrt_goal_bias,0.02,drive_time_curved,25.0198
RRT*,blocked_road,13,rrt_goal_bias,0.02,drive_time_curved,30.3557
RRT*,blocked_road,14,rrt_goal_bias,0.02,drive_time_curved,26.3247
RRT*,blocked_road,15,rrt_goal_bias,0.02,drive_time_curved,23.3926
RRT*,blocked_road,16,rrt_goal_bias,0.02,drive_time_curved,26.075
RRT*,blocked_road,17,rrt_goal_bias,0.02,drive_time_curved,27.7123
RRT*,blocked_road,18,rrt_goal_bias,0.02,drive_time_curved,25.38
RRT*,blocked_road,19,rrt_goal_bias,0.02,drive_time_curved,23.8801
RRT*,blocked_road,20,rrt_goal_bias,0.02,drive_time_curved,24.7706
RRT*,blocked_road,21,rrt_goal_bias,0.02,drive_time_curved,25.4845
RRT*,blocked_road,22,rrt_goal_bias,0.02,drive_time_curved,28.7977
RRT*,blocked_road,23,rrt_goal_bias,0.02,drive_time_curved,27.7044
RRT*,blocked_road,24,rrt_goal_bias,0.02,drive_time_curved,26.9715
RRT*,blocked_road,25,rrt_goal_bias,0.02,drive_time_curved,27.3868
RRT*,blocked_road,26,rrt_goal_bias,0.02,drive_time_curved,25.9837
RRT*,blocked_road,27,rrt_goal_bias,0.02,drive_time_curved,26.6743
RRT*,blocked_road,28,rrt_goal_bias,0.02,drive_time_curved,27.1671
RRT*,blocked_road,29,rrt_goal_bias,0.02,drive_time_curved,28.4142
RRT*,dense_city,0,rrt_goal_bias,0.02,drive_time_curved,28.0151
RRT*,dense_city,1,rrt_goal_bias,0.02,drive_time_curved,31.3425
RRT*,dense_city,2,rrt_goal_bias,0.02,drive_time_curved,32.0225
RRT*,dense_city,3,rrt_goal_bias,0.02,drive_time_curved,30.4393
RRT*,dense_city,4,rrt_goal_bias,0.02,drive_time_curved,29.6249
RRT*,dense_city,5,rrt_goal_bias,0.02,drive_time_curved,32.738
RRT*,dense_city,6,rrt_goal_bias,0.02,drive_time_curved,26.8797
RRT*,dense_city,7,rrt_goal_bias,0.02,drive_time_curved,29.0021
RRT*,dense_city,8,rrt_goal_bias,0.02,drive_time_curved,29.6223
RRT*,dense_city,9,rrt_goal_bias,0.02,drive_time_curved,
RRT*,dense_city,10,rrt_goal_bias,0.02,drive_time_curved,32.1979
RRT*,dense_city,11,rrt_goal_bias,0.02,drive_time_curved,33.4504
RRT*,dense_city,12,rrt_goal_bias,0.02,drive_time_curved,31.7087
RRT*,dense_city,13,rrt_goal_bias,0.02,drive_time_curved,28.433
RRT*,dense_city,14,rrt_goal_bias,0.02,drive_time_curved,32.1002
RRT*,dense_city,15,rrt_goal_bias,0.02,drive_time_curved,25.7914
RRT*,dense_city,16,rrt_goal_bias,0.02,drive_time_curved,31.9614
RRT*,dense_city,17,rrt_goal_bias,0.02,drive_time_curved,25.2986
RRT*,dense_city,18,rrt_goal_bias,0.02,drive_time_curved,30.6058
RRT*,dense_city,19,rrt_goal_bias,0.02,drive_time_curved,29.9545
RRT*,dense_city,20,rrt_goal_bias,0.02,drive_time_curved,32.6022
RRT*,dense_city,21,rrt_goal_bias,0.02,drive_time_curved,29.4281
RRT*,dense_city,22,rrt_goal_bias,0.02,drive_time_curved,30.3138
RRT*,dense_city,23,rrt_goal_bias,0.02,drive_time_curved,30.9428
RRT*,dense_city,24,rrt_goal_bias,0.02,drive_time_curved,26.0213
RRT*,dense_city,25,rrt_goal_bias,0.02,drive_time_curved,32.526
RRT*,dense_city,26,rrt_goal_bias,0.02,drive_time_curved,28.7789
RRT*,dense_city,27,rrt_goal_bias,0.02,drive_time_curved,27.1384
RRT*,dense_city,28,rrt_goal_bias,0.02,drive_time_curved,31.8666
RRT*,dense_city,29,rrt_goal_bias,0.02,drive_time_curved,28.0128
RRT*,normal_city,0,rrt_goal_bias,0.05,drive_time_curved,28.0394
RRT*,normal_city,1,rrt_goal_bias,0.05,drive_time_curved,25.134
RRT*,normal_city,2,rrt_goal_bias,0.05,drive_time_curved,27.8917
RRT*,normal_city,3,rrt_goal_bias,0.05,drive_time_curved,25.8209
RRT*,normal_city,4,rrt_goal_bias,0.05,drive_time_curved,23.9959
RRT*,normal_city,5,rrt_goal_bias,0.05,drive_time_curved,27.6456
RRT*,normal_city,6,rrt_goal_bias,0.05,drive_time_curved,27.9504
RRT*,normal_city,7,rrt_goal_bias,0.05,drive_time_curved,27.6059
RRT*,normal_city,8,rrt_goal_bias,0.05,drive_time_curved,27.9341
RRT*,normal_city,9,rrt_goal_bias,0.05,drive_time_curved,25.5238
RRT*,normal_city,10,rrt_goal_bias,0.05,drive_time_curved,26.4104
RRT*,normal_city,11,rrt_goal_bias,0.05,drive_time_curved,25.1602
RRT*,normal_city,12,rrt_goal_bias,0.05,drive_time_curved,31.8272
RRT*,normal_city,13,rrt_goal_bias,0.05,drive_time_curved,27.8348
RRT*,normal_city,14,rrt_goal_bias,0.05,drive_time_curved,25.5745
RRT*,normal_city,15,rrt_goal_bias,0.05,drive_time_curved,28.1882
RRT*,normal_city,16,rrt_goal_bias,0.05,drive_time_curved,25.6859
RRT*,normal_city,17,rrt_goal_bias,0.05,drive_time_curved,26.0366
RRT*,normal_city,18,rrt_goal_bias,0.05,drive_time_curved,25.5204
RRT*,normal_city,19,rrt_goal_bias,0.05,drive_time_curved,26.5906
RRT*,normal_city,20,rrt_goal_bias,0.05,drive_time_curved,26.2231
RRT*,normal_city,21,rrt_goal_bias,0.05,drive_time_curved,28.0053
RRT*,normal_city,22,rrt_goal_bias,0.05,drive_time_curved,27.8153
RRT*,normal_city,23,rrt_goal_bias,0.05,drive_time_curved,25.1139
RRT*,normal_city,24,rrt_goal_bias,0.05,drive_time_curved,26.7535
RRT*,normal_city,25,rrt_goal_bias,0.05,drive_time_curved,28.29
RRT*,normal_city,26,rrt_goal_bias,0.05,drive_time_curved,27.7904
RRT*,normal_city,27,rrt_goal_bias,0.05,drive_time_curved,27.824
RRT*,normal_city,28,rrt_goal_bias,0.05,drive_time_curved,26.4155
RRT*,normal_city,29,rrt_goal_bias,0.05,drive_time_curved,28.2246
RRT*,blocked_road,0,rrt_goal_bias,0.05,drive_time_curved,24.9321
RRT*,blocked_road,1,rrt_goal_bias,0.05,drive_time_curved,24.8758
RRT*,blocked_road,2,rrt_goal_bias,0.05,drive_time_curved,29.5791
RRT*,blocked_road,3,rrt_goal_bias,0.05,drive_time_curved,25.8372
RRT*,blocked_road,4,rrt_goal_bias,0.05,drive_time_curved,23.9192
RRT*,blocked_road,5,rrt_goal_bias,0.05,drive_time_curved,24.328
RRT*,blocked_road,6,rrt_goal_bias,0.05,drive_time_curved,27.5234
RRT*,blocked_road,7,rrt_goal_bias,0.05,drive_time_curved,26.9589
RRT*,blocked_road,8,rrt_goal_bias,0.05,drive_time_curved,26.7636
RRT*,blocked_road,9,rrt_goal_bias,0.05,drive_time_curved,26.0993
RRT*,blocked_road,10,rrt_goal_bias,0.05,drive_time_curved,23.8308
RRT*,blocked_road,11,rrt_goal_bias,0.05,drive_time_curved,26.5888
RRT*,blocked_road,12,rrt_goal_bias,0.05,drive_time_curved,26.6427
RRT*,blocked_road,13,rrt_goal_bias,0.05,drive_time_curved,25.9379
RRT*,blocked_road,14,rrt_goal_bias,0.05,drive_time_curved,24.6768
RRT*,blocked_road,15,rrt_goal_bias,0.05,drive_time_curved,24.8089
RRT*,blocked_road,16,rrt_goal_bias,0.05,drive_time_curved,25.5837
RRT*,blocked_road,17,rrt_goal_bias,0.05,drive_time_curved,25.2289
RRT*,blocked_road,18,rrt_goal_bias,0.05,drive_time_curved,26.8962
RRT*,blocked_road,19,rrt_goal_bias,0.05,drive_time_curved,25.5641
RRT*,blocked_road,20,rrt_goal_bias,0.05,drive_time_curved,26.1923
RRT*,blocked_road,21,rrt_goal_bias,0.05,drive_time_curved,25.0219
RRT*,blocked_road,22,rrt_goal_bias,0.05,drive_time_curved,24.7906
RRT*,blocked_road,23,rrt_goal_bias,0.05,drive_time_curved,26.4445
RRT*,blocked_road,24,rrt_goal_bias,0.05,drive_time_curved,27.2656
RRT*,blocked_road,25,rrt_goal_bias,0.05,drive_time_curved,25.1062
RRT*,blocked_road,26,rrt_goal_bias,0.05,drive_time_curved,23.6219
RRT*,blocked_road,27,rrt_goal_bias,0.05,drive_time_curved,25.0738
RRT*,blocked_road,28,rrt_goal_bias,0.05,drive_time_curved,26.7569
RRT*,blocked_road,29,rrt_goal_bias,0.05,drive_time_curved,28.4391
RRT*,dense_city,0,rrt_goal_bias,0.05,drive_time_curved,29.9323
RRT*,dense_city,1,rrt_goal_bias,0.05,drive_time_curved,31.3275
RRT*,dense_city,2,rrt_goal_bias,0.05,drive_time_curved,30.359
RRT*,dense_city,3,rrt_goal_bias,0.05,drive_time_curved,32.5111
RRT*,dense_city,4,rrt_goal_bias,0.05,drive_time_curved,30.879
RRT*,dense_city,5,rrt_goal_bias,0.05,drive_time_curved,31.3151
RRT*,dense_city,6,rrt_goal_bias,0.05,drive_time_curved,27.0475
RRT*,dense_city,7,rrt_goal_bias,0.05,drive_time_curved,30.5846
RRT*,dense_city,8,rrt_goal_bias,0.05,drive_time_curved,29.3892
RRT*,dense_city,9,rrt_goal_bias,0.05,drive_time_curved,
RRT*,dense_city,10,rrt_goal_bias,0.05,drive_time_curved,31.5029
RRT*,dense_city,11,rrt_goal_bias,0.05,drive_time_curved,32.1185
RRT*,dense_city,12,rrt_goal_bias,0.05,drive_time_curved,29.2554
RRT*,dense_city,13,rrt_goal_bias,0.05,drive_time_curved,31.247
RRT*,dense_city,14,rrt_goal_bias,0.05,drive_time_curved,32.9789
RRT*,dense_city,15,rrt_goal_bias,0.05,drive_time_curved,34.4622
RRT*,dense_city,16,rrt_goal_bias,0.05,drive_time_curved,29.5313
RRT*,dense_city,17,rrt_goal_bias,0.05,drive_time_curved,29.774
RRT*,dense_city,18,rrt_goal_bias,0.05,drive_time_curved,32.079
RRT*,dense_city,19,rrt_goal_bias,0.05,drive_time_curved,27.8378
RRT*,dense_city,20,rrt_goal_bias,0.05,drive_time_curved,32.5542
RRT*,dense_city,21,rrt_goal_bias,0.05,drive_time_curved,31.2178
RRT*,dense_city,22,rrt_goal_bias,0.05,drive_time_curved,29.6895
RRT*,dense_city,23,rrt_goal_bias,0.05,drive_time_curved,26.3963
RRT*,dense_city,24,rrt_goal_bias,0.05,drive_time_curved,25.598
RRT*,dense_city,25,rrt_goal_bias,0.05,drive_time_curved,28.5605
RRT*,dense_city,26,rrt_goal_bias,0.05,drive_time_curved,27.6814
RRT*,dense_city,27,rrt_goal_bias,0.05,drive_time_curved,35.0637
RRT*,dense_city,28,rrt_goal_bias,0.05,drive_time_curved,26.344
RRT*,dense_city,29,rrt_goal_bias,0.05,drive_time_curved,31.4935
RRT*,normal_city,0,rrt_goal_bias,0.1,drive_time_curved,26.3754
RRT*,normal_city,1,rrt_goal_bias,0.1,drive_time_curved,28.2993
RRT*,normal_city,2,rrt_goal_bias,0.1,drive_time_curved,28.6809
RRT*,normal_city,3,rrt_goal_bias,0.1,drive_time_curved,26.6886
RRT*,normal_city,4,rrt_goal_bias,0.1,drive_time_curved,27.0162
RRT*,normal_city,5,rrt_goal_bias,0.1,drive_time_curved,25.68
RRT*,normal_city,6,rrt_goal_bias,0.1,drive_time_curved,27.388
RRT*,normal_city,7,rrt_goal_bias,0.1,drive_time_curved,25.659
RRT*,normal_city,8,rrt_goal_bias,0.1,drive_time_curved,27.6608
RRT*,normal_city,9,rrt_goal_bias,0.1,drive_time_curved,26.4254
RRT*,normal_city,10,rrt_goal_bias,0.1,drive_time_curved,25.3039
RRT*,normal_city,11,rrt_goal_bias,0.1,drive_time_curved,27.893
RRT*,normal_city,12,rrt_goal_bias,0.1,drive_time_curved,30.0556
RRT*,normal_city,13,rrt_goal_bias,0.1,drive_time_curved,28.1387
RRT*,normal_city,14,rrt_goal_bias,0.1,drive_time_curved,26.6068
RRT*,normal_city,15,rrt_goal_bias,0.1,drive_time_curved,23.9544
RRT*,normal_city,16,rrt_goal_bias,0.1,drive_time_curved,26.2365
RRT*,normal_city,17,rrt_goal_bias,0.1,drive_time_curved,28.6565
RRT*,normal_city,18,rrt_goal_bias,0.1,drive_time_curved,26.0127
RRT*,normal_city,19,rrt_goal_bias,0.1,drive_time_curved,24.9149
RRT*,normal_city,20,rrt_goal_bias,0.1,drive_time_curved,26.5707
RRT*,normal_city,21,rrt_goal_bias,0.1,drive_time_curved,24.7005
RRT*,normal_city,22,rrt_goal_bias,0.1,drive_time_curved,27.6761
RRT*,normal_city,23,rrt_goal_bias,0.1,drive_time_curved,29.647
RRT*,normal_city,24,rrt_goal_bias,0.1,drive_time_curved,25.6147
RRT*,normal_city,25,rrt_goal_bias,0.1,drive_time_curved,26.9836
RRT*,normal_city,26,rrt_goal_bias,0.1,drive_time_curved,25.1901
RRT*,normal_city,27,rrt_goal_bias,0.1,drive_time_curved,29.8428
RRT*,normal_city,28,rrt_goal_bias,0.1,drive_time_curved,27.9754
RRT*,normal_city,29,rrt_goal_bias,0.1,drive_time_curved,28.543
RRT*,blocked_road,0,rrt_goal_bias,0.1,drive_time_curved,27.8717
RRT*,blocked_road,1,rrt_goal_bias,0.1,drive_time_curved,24.3781
RRT*,blocked_road,2,rrt_goal_bias,0.1,drive_time_curved,27.2172
RRT*,blocked_road,3,rrt_goal_bias,0.1,drive_time_curved,23.4124
RRT*,blocked_road,4,rrt_goal_bias,0.1,drive_time_curved,26.5476
RRT*,blocked_road,5,rrt_goal_bias,0.1,drive_time_curved,26.5486
RRT*,blocked_road,6,rrt_goal_bias,0.1,drive_time_curved,25.6534
RRT*,blocked_road,7,rrt_goal_bias,0.1,drive_time_curved,28.6577
RRT*,blocked_road,8,rrt_goal_bias,0.1,drive_time_curved,25.9444
RRT*,blocked_road,9,rrt_goal_bias,0.1,drive_time_curved,27.1329
RRT*,blocked_road,10,rrt_goal_bias,0.1,drive_time_curved,24.1639
RRT*,blocked_road,11,rrt_goal_bias,0.1,drive_time_curved,23.1675
RRT*,blocked_road,12,rrt_goal_bias,0.1,drive_time_curved,25.5645
RRT*,blocked_road,13,rrt_goal_bias,0.1,drive_time_curved,25.3783
RRT*,blocked_road,14,rrt_goal_bias,0.1,drive_time_curved,27.001
RRT*,blocked_road,15,rrt_goal_bias,0.1,drive_time_curved,24.2351
RRT*,blocked_road,16,rrt_goal_bias,0.1,drive_time_curved,28.6442
RRT*,blocked_road,17,rrt_goal_bias,0.1,drive_time_curved,27.267
RRT*,blocked_road,18,rrt_goal_bias,0.1,drive_time_curved,24.3999
RRT*,blocked_road,19,rrt_goal_bias,0.1,drive_time_curved,23.5088
RRT*,blocked_road,20,rrt_goal_bias,0.1,drive_time_curved,28.2643
RRT*,blocked_road,21,rrt_goal_bias,0.1,drive_time_curved,26.4429
RRT*,blocked_road,22,rrt_goal_bias,0.1,drive_time_curved,23.9155
RRT*,blocked_road,23,rrt_goal_bias,0.1,drive_time_curved,27.8729
RRT*,blocked_road,24,rrt_goal_bias,0.1,drive_time_curved,27.1766
RRT*,blocked_road,25,rrt_goal_bias,0.1,drive_time_curved,25.1304
RRT*,blocked_road,26,rrt_goal_bias,0.1,drive_time_curved,22.2755
RRT*,blocked_road,27,rrt_goal_bias,0.1,drive_time_curved,25.8246
RRT*,blocked_road,28,rrt_goal_bias,0.1,drive_time_curved,27.0924
RRT*,blocked_road,29,rrt_goal_bias,0.1,drive_time_curved,25.7938
RRT*,dense_city,0,rrt_goal_bias,0.1,drive_time_curved,27.9852
RRT*,dense_city,1,rrt_goal_bias,0.1,drive_time_curved,29.5443
RRT*,dense_city,2,rrt_goal_bias,0.1,drive_time_curved,28.264
RRT*,dense_city,3,rrt_goal_bias,0.1,drive_time_curved,27.9436
RRT*,dense_city,4,rrt_goal_bias,0.1,drive_time_curved,29.3205
RRT*,dense_city,5,rrt_goal_bias,0.1,drive_time_curved,31.8653
RRT*,dense_city,6,rrt_goal_bias,0.1,drive_time_curved,28.1049
RRT*,dense_city,7,rrt_goal_bias,0.1,drive_time_curved,29.4924
RRT*,dense_city,8,rrt_goal_bias,0.1,drive_time_curved,31.6512
RRT*,dense_city,9,rrt_goal_bias,0.1,drive_time_curved,
RRT*,dense_city,10,rrt_goal_bias,0.1,drive_time_curved,30.9796
RRT*,dense_city,11,rrt_goal_bias,0.1,drive_time_curved,35.8148
RRT*,dense_city,12,rrt_goal_bias,0.1,drive_time_curved,32.1893
RRT*,dense_city,13,rrt_goal_bias,0.1,drive_time_curved,27.4742
RRT*,dense_city,14,rrt_goal_bias,0.1,drive_time_curved,32.9069
RRT*,dense_city,15,rrt_goal_bias,0.1,drive_time_curved,30.1354
RRT*,dense_city,16,rrt_goal_bias,0.1,drive_time_curved,31.5702
RRT*,dense_city,17,rrt_goal_bias,0.1,drive_time_curved,24.6711
RRT*,dense_city,18,rrt_goal_bias,0.1,drive_time_curved,29.25
RRT*,dense_city,19,rrt_goal_bias,0.1,drive_time_curved,27.9261
RRT*,dense_city,20,rrt_goal_bias,0.1,drive_time_curved,32.3205
RRT*,dense_city,21,rrt_goal_bias,0.1,drive_time_curved,26.4545
RRT*,dense_city,22,rrt_goal_bias,0.1,drive_time_curved,26.3112
RRT*,dense_city,23,rrt_goal_bias,0.1,drive_time_curved,28.1593
RRT*,dense_city,24,rrt_goal_bias,0.1,drive_time_curved,26.2531
RRT*,dense_city,25,rrt_goal_bias,0.1,drive_time_curved,28.2506
RRT*,dense_city,26,rrt_goal_bias,0.1,drive_time_curved,27.0161
RRT*,dense_city,27,rrt_goal_bias,0.1,drive_time_curved,27.8113
RRT*,dense_city,28,rrt_goal_bias,0.1,drive_time_curved,30.2986
RRT*,dense_city,29,rrt_goal_bias,0.1,drive_time_curved,30.4091
RRT*,normal_city,0,rrt_goal_bias,0.2,drive_time_curved,28.7304
RRT*,normal_city,1,rrt_goal_bias,0.2,drive_time_curved,30.2059
RRT*,normal_city,2,rrt_goal_bias,0.2,drive_time_curved,27.1233
RRT*,normal_city,3,rrt_goal_bias,0.2,drive_time_curved,27.6777
RRT*,normal_city,4,rrt_goal_bias,0.2,drive_time_curved,27.8616
RRT*,normal_city,5,rrt_goal_bias,0.2,drive_time_curved,27.2471
RRT*,normal_city,6,rrt_goal_bias,0.2,drive_time_curved,28.1901
RRT*,normal_city,7,rrt_goal_bias,0.2,drive_time_curved,26.7572
RRT*,normal_city,8,rrt_goal_bias,0.2,drive_time_curved,26.5083
RRT*,normal_city,9,rrt_goal_bias,0.2,drive_time_curved,28.8402
RRT*,normal_city,10,rrt_goal_bias,0.2,drive_time_curved,27.2153
RRT*,normal_city,11,rrt_goal_bias,0.2,drive_time_curved,27.1041
RRT*,normal_city,12,rrt_goal_bias,0.2,drive_time_curved,24.5592
RRT*,normal_city,13,rrt_goal_bias,0.2,drive_time_curved,28.5422
RRT*,normal_city,14,rrt_goal_bias,0.2,drive_time_curved,28.2083
RRT*,normal_city,15,rrt_goal_bias,0.2,drive_time_curved,27.9112
RRT*,normal_city,16,rrt_goal_bias,0.2,drive_time_curved,26.1073
RRT*,normal_city,17,rrt_goal_bias,0.2,drive_time_curved,26.8974
RRT*,normal_city,18,rrt_goal_bias,0.2,drive_time_curved,27.5522
RRT*,normal_city,19,rrt_goal_bias,0.2,drive_time_curved,26.8474
RRT*,normal_city,20,rrt_goal_bias,0.2,drive_time_curved,26.1678
RRT*,normal_city,21,rrt_goal_bias,0.2,drive_time_curved,28.6397
RRT*,normal_city,22,rrt_goal_bias,0.2,drive_time_curved,28.8256
RRT*,normal_city,23,rrt_goal_bias,0.2,drive_time_curved,26.0308
RRT*,normal_city,24,rrt_goal_bias,0.2,drive_time_curved,28.0527
RRT*,normal_city,25,rrt_goal_bias,0.2,drive_time_curved,28.8602
RRT*,normal_city,26,rrt_goal_bias,0.2,drive_time_curved,25.6447
RRT*,normal_city,27,rrt_goal_bias,0.2,drive_time_curved,24.8546
RRT*,normal_city,28,rrt_goal_bias,0.2,drive_time_curved,28.194
RRT*,normal_city,29,rrt_goal_bias,0.2,drive_time_curved,25.4412
RRT*,blocked_road,0,rrt_goal_bias,0.2,drive_time_curved,24.7176
RRT*,blocked_road,1,rrt_goal_bias,0.2,drive_time_curved,25.0596
RRT*,blocked_road,2,rrt_goal_bias,0.2,drive_time_curved,26.8457
RRT*,blocked_road,3,rrt_goal_bias,0.2,drive_time_curved,23.3568
RRT*,blocked_road,4,rrt_goal_bias,0.2,drive_time_curved,28.9287
RRT*,blocked_road,5,rrt_goal_bias,0.2,drive_time_curved,28.3399
RRT*,blocked_road,6,rrt_goal_bias,0.2,drive_time_curved,27.266
RRT*,blocked_road,7,rrt_goal_bias,0.2,drive_time_curved,25.1706
RRT*,blocked_road,8,rrt_goal_bias,0.2,drive_time_curved,26.5206
RRT*,blocked_road,9,rrt_goal_bias,0.2,drive_time_curved,26.8024
RRT*,blocked_road,10,rrt_goal_bias,0.2,drive_time_curved,24.3523
RRT*,blocked_road,11,rrt_goal_bias,0.2,drive_time_curved,26.533
RRT*,blocked_road,12,rrt_goal_bias,0.2,drive_time_curved,26.4324
RRT*,blocked_road,13,rrt_goal_bias,0.2,drive_time_curved,24.6934
RRT*,blocked_road,14,rrt_goal_bias,0.2,drive_time_curved,25.5455
RRT*,blocked_road,15,rrt_goal_bias,0.2,drive_time_curved,23.7262
RRT*,blocked_road,16,rrt_goal_bias,0.2,drive_time_curved,27.5852
RRT*,blocked_road,17,rrt_goal_bias,0.2,drive_time_curved,25.0304
RRT*,blocked_road,18,rrt_goal_bias,0.2,drive_time_curved,26.9355
RRT*,blocked_road,19,rrt_goal_bias,0.2,drive_time_curved,22.8178
RRT*,blocked_road,20,rrt_goal_bias,0.2,drive_time_curved,24.8465
RRT*,blocked_road,21,rrt_goal_bias,0.2,drive_time_curved,27.0548
RRT*,blocked_road,22,rrt_goal_bias,0.2,drive_time_curved,26.3658
RRT*,blocked_road,23,rrt_goal_bias,0.2,drive_time_curved,25.4912
RRT*,blocked_road,24,rrt_goal_bias,0.2,drive_time_curved,26.8209
RRT*,blocked_road,25,rrt_goal_bias,0.2,drive_time_curved,23.984
RRT*,blocked_road,26,rrt_goal_bias,0.2,drive_time_curved,24.6788
RRT*,blocked_road,27,rrt_goal_bias,0.2,drive_time_curved,27.3994
RRT*,blocked_road,28,rrt_goal_bias,0.2,drive_time_curved,27.3147
RRT*,blocked_road,29,rrt_goal_bias,0.2,drive_time_curved,28.4176
RRT*,dense_city,0,rrt_goal_bias,0.2,drive_time_curved,30.7383
RRT*,dense_city,1,rrt_goal_bias,0.2,drive_time_curved,30.6715
RRT*,dense_city,2,rrt_goal_bias,0.2,drive_time_curved,31.4873
RRT*,dense_city,3,rrt_goal_bias,0.2,drive_time_curved,26.2184
RRT*,dense_city,4,rrt_goal_bias,0.2,drive_time_curved,26.6538
RRT*,dense_city,5,rrt_goal_bias,0.2,drive_time_curved,33.7502
RRT*,dense_city,6,rrt_goal_bias,0.2,drive_time_curved,29.2908
RRT*,dense_city,7,rrt_goal_bias,0.2,drive_time_curved,29.4929
RRT*,dense_city,8,rrt_goal_bias,0.2,drive_time_curved,29.4534
RRT*,dense_city,9,rrt_goal_bias,0.2,drive_time_curved,
RRT*,dense_city,10,rrt_goal_bias,0.2,drive_time_curved,29.7442
RRT*,dense_city,11,rrt_goal_bias,0.2,drive_time_curved,33.2017
RRT*,dense_city,12,rrt_goal_bias,0.2,drive_time_curved,33.7712
RRT*,dense_city,13,rrt_goal_bias,0.2,drive_time_curved,28.6601
RRT*,dense_city,14,rrt_goal_bias,0.2,drive_time_curved,31.0163
RRT*,dense_city,15,rrt_goal_bias,0.2,drive_time_curved,27.1423
RRT*,dense_city,16,rrt_goal_bias,0.2,drive_time_curved,34.3977
RRT*,dense_city,17,rrt_goal_bias,0.2,drive_time_curved,29.2986
RRT*,dense_city,18,rrt_goal_bias,0.2,drive_time_curved,29.3594
RRT*,dense_city,19,rrt_goal_bias,0.2,drive_time_curved,28.3533
RRT*,dense_city,20,rrt_goal_bias,0.2,drive_time_curved,31.4876
RRT*,dense_city,21,rrt_goal_bias,0.2,drive_time_curved,28.2827
RRT*,dense_city,22,rrt_goal_bias,0.2,drive_time_curved,26.4279
RRT*,dense_city,23,rrt_goal_bias,0.2,drive_time_curved,32.3182
RRT*,dense_city,24,rrt_goal_bias,0.2,drive_time_curved,28.7163
RRT*,dense_city,25,rrt_goal_bias,0.2,drive_time_curved,31.8025
RRT*,dense_city,26,rrt_goal_bias,0.2,drive_time_curved,26.8526
RRT*,dense_city,27,rrt_goal_bias,0.2,drive_time_curved,23.9665
RRT*,dense_city,28,rrt_goal_bias,0.2,drive_time_curved,31.8961
RRT*,dense_city,29,rrt_goal_bias,0.2,drive_time_curved,32.1499
RRT*,normal_city,0,rrt_goal_bias,0.4,drive_time_curved,29.6459
RRT*,normal_city,1,rrt_goal_bias,0.4,drive_time_curved,29.2537
RRT*,normal_city,2,rrt_goal_bias,0.4,drive_time_curved,29.2897
RRT*,normal_city,3,rrt_goal_bias,0.4,drive_time_curved,24.5353
RRT*,normal_city,4,rrt_goal_bias,0.4,drive_time_curved,27.4893
RRT*,normal_city,5,rrt_goal_bias,0.4,drive_time_curved,26.5166
RRT*,normal_city,6,rrt_goal_bias,0.4,drive_time_curved,29.1908
RRT*,normal_city,7,rrt_goal_bias,0.4,drive_time_curved,29.2407
RRT*,normal_city,8,rrt_goal_bias,0.4,drive_time_curved,25.9884
RRT*,normal_city,9,rrt_goal_bias,0.4,drive_time_curved,26.2609
RRT*,normal_city,10,rrt_goal_bias,0.4,drive_time_curved,25.2342
RRT*,normal_city,11,rrt_goal_bias,0.4,drive_time_curved,29.4928
RRT*,normal_city,12,rrt_goal_bias,0.4,drive_time_curved,26.4088
RRT*,normal_city,13,rrt_goal_bias,0.4,drive_time_curved,26.4199
RRT*,normal_city,14,rrt_goal_bias,0.4,drive_time_curved,27.1276
RRT*,normal_city,15,rrt_goal_bias,0.4,drive_time_curved,25.0763
RRT*,normal_city,16,rrt_goal_bias,0.4,drive_time_curved,24.9147
RRT*,normal_city,17,rrt_goal_bias,0.4,drive_time_curved,26.7408
RRT*,normal_city,18,rrt_goal_bias,0.4,drive_time_curved,26.657
RRT*,normal_city,19,rrt_goal_bias,0.4,drive_time_curved,26.7302
RRT*,normal_city,20,rrt_goal_bias,0.4,drive_time_curved,25.4204
RRT*,normal_city,21,rrt_goal_bias,0.4,drive_time_curved,26.4642
RRT*,normal_city,22,rrt_goal_bias,0.4,drive_time_curved,22.4887
RRT*,normal_city,23,rrt_goal_bias,0.4,drive_time_curved,29.6712
RRT*,normal_city,24,rrt_goal_bias,0.4,drive_time_curved,26.6969
RRT*,normal_city,25,rrt_goal_bias,0.4,drive_time_curved,27.1065
RRT*,normal_city,26,rrt_goal_bias,0.4,drive_time_curved,24.4409
RRT*,normal_city,27,rrt_goal_bias,0.4,drive_time_curved,27.9623
RRT*,normal_city,28,rrt_goal_bias,0.4,drive_time_curved,27.3258
RRT*,normal_city,29,rrt_goal_bias,0.4,drive_time_curved,27.882
RRT*,blocked_road,0,rrt_goal_bias,0.4,drive_time_curved,27.482
RRT*,blocked_road,1,rrt_goal_bias,0.4,drive_time_curved,23.8274
RRT*,blocked_road,2,rrt_goal_bias,0.4,drive_time_curved,25.9204
RRT*,blocked_road,3,rrt_goal_bias,0.4,drive_time_curved,26.5013
RRT*,blocked_road,4,rrt_goal_bias,0.4,drive_time_curved,26.1547
RRT*,blocked_road,5,rrt_goal_bias,0.4,drive_time_curved,24.9464
RRT*,blocked_road,6,rrt_goal_bias,0.4,drive_time_curved,26.9968
RRT*,blocked_road,7,rrt_goal_bias,0.4,drive_time_curved,27.1461
RRT*,blocked_road,8,rrt_goal_bias,0.4,drive_time_curved,25.6685
RRT*,blocked_road,9,rrt_goal_bias,0.4,drive_time_curved,26.8411
RRT*,blocked_road,10,rrt_goal_bias,0.4,drive_time_curved,25.6432
RRT*,blocked_road,11,rrt_goal_bias,0.4,drive_time_curved,26.0981
RRT*,blocked_road,12,rrt_goal_bias,0.4,drive_time_curved,27.142
RRT*,blocked_road,13,rrt_goal_bias,0.4,drive_time_curved,26.3499
RRT*,blocked_road,14,rrt_goal_bias,0.4,drive_time_curved,26.1081
RRT*,blocked_road,15,rrt_goal_bias,0.4,drive_time_curved,28.2214
RRT*,blocked_road,16,rrt_goal_bias,0.4,drive_time_curved,27.9791
RRT*,blocked_road,17,rrt_goal_bias,0.4,drive_time_curved,27.4437
RRT*,blocked_road,18,rrt_goal_bias,0.4,drive_time_curved,26.159
RRT*,blocked_road,19,rrt_goal_bias,0.4,drive_time_curved,23.9644
RRT*,blocked_road,20,rrt_goal_bias,0.4,drive_time_curved,25.6821
RRT*,blocked_road,21,rrt_goal_bias,0.4,drive_time_curved,25.8146
RRT*,blocked_road,22,rrt_goal_bias,0.4,drive_time_curved,25.6512
RRT*,blocked_road,23,rrt_goal_bias,0.4,drive_time_curved,26.2462
RRT*,blocked_road,24,rrt_goal_bias,0.4,drive_time_curved,27.1326
RRT*,blocked_road,25,rrt_goal_bias,0.4,drive_time_curved,25.1995
RRT*,blocked_road,26,rrt_goal_bias,0.4,drive_time_curved,27.3756
RRT*,blocked_road,27,rrt_goal_bias,0.4,drive_time_curved,26.3761
RRT*,blocked_road,28,rrt_goal_bias,0.4,drive_time_curved,24.8045
RRT*,blocked_road,29,rrt_goal_bias,0.4,drive_time_curved,23.7206
RRT*,dense_city,0,rrt_goal_bias,0.4,drive_time_curved,29.6328
RRT*,dense_city,1,rrt_goal_bias,0.4,drive_time_curved,26.4891
RRT*,dense_city,2,rrt_goal_bias,0.4,drive_time_curved,28.0247
RRT*,dense_city,3,rrt_goal_bias,0.4,drive_time_curved,25.5721
RRT*,dense_city,4,rrt_goal_bias,0.4,drive_time_curved,29.2472
RRT*,dense_city,5,rrt_goal_bias,0.4,drive_time_curved,34.6039
RRT*,dense_city,6,rrt_goal_bias,0.4,drive_time_curved,31.0706
RRT*,dense_city,7,rrt_goal_bias,0.4,drive_time_curved,
RRT*,dense_city,8,rrt_goal_bias,0.4,drive_time_curved,28.3594
RRT*,dense_city,9,rrt_goal_bias,0.4,drive_time_curved,
RRT*,dense_city,10,rrt_goal_bias,0.4,drive_time_curved,28.3642
RRT*,dense_city,11,rrt_goal_bias,0.4,drive_time_curved,30.3655
RRT*,dense_city,12,rrt_goal_bias,0.4,drive_time_curved,30.291
RRT*,dense_city,13,rrt_goal_bias,0.4,drive_time_curved,27.0131
RRT*,dense_city,14,rrt_goal_bias,0.4,drive_time_curved,30.0233
RRT*,dense_city,15,rrt_goal_bias,0.4,drive_time_curved,27.352
RRT*,dense_city,16,rrt_goal_bias,0.4,drive_time_curved,33.0923
RRT*,dense_city,17,rrt_goal_bias,0.4,drive_time_curved,27.6722
RRT*,dense_city,18,rrt_goal_bias,0.4,drive_time_curved,29.7348
RRT*,dense_city,19,rrt_goal_bias,0.4,drive_time_curved,28.1084
RRT*,dense_city,20,rrt_goal_bias,0.4,drive_time_curved,32.6228
RRT*,dense_city,21,rrt_goal_bias,0.4,drive_time_curved,28.3988
RRT*,dense_city,22,rrt_goal_bias,0.4,drive_time_curved,29.0811
RRT*,dense_city,23,rrt_goal_bias,0.4,drive_time_curved,36.8374
RRT*,dense_city,24,rrt_goal_bias,0.4,drive_time_curved,26.6509
RRT*,dense_city,25,rrt_goal_bias,0.4,drive_time_curved,29.1771
RRT*,dense_city,26,rrt_goal_bias,0.4,drive_time_curved,28.8963
RRT*,dense_city,27,rrt_goal_bias,0.4,drive_time_curved,23.8064
RRT*,dense_city,28,rrt_goal_bias,0.4,drive_time_curved,28.1075
RRT*,dense_city,29,rrt_goal_bias,0.4,drive_time_curved,28.7588
RRT*,normal_city,0,rrt_goal_bias,0.02,comp_time,0.56285
RRT*,normal_city,1,rrt_goal_bias,0.02,comp_time,0.60763
RRT*,normal_city,2,rrt_goal_bias,0.02,comp_time,1.92006
RRT*,normal_city,3,rrt_goal_bias,0.02,comp_time,1.06746
RRT*,normal_city,4,rrt_goal_bias,0.02,comp_time,3.20208
RRT*,normal_city,5,rrt_goal_bias,0.02,comp_time,1.98759
RRT*,normal_city,6,rrt_goal_bias,0.02,comp_time,0.51511
RRT*,normal_city,7,rrt_goal_bias,0.02,comp_time,0.51382
RRT*,normal_city,8,rrt_goal_bias,0.02,comp_time,1.15164
RRT*,normal_city,9,rrt_goal_bias,0.02,comp_time,1.91415
RRT*,normal_city,10,rrt_goal_bias,0.02,comp_time,0.93771
RRT*,normal_city,11,rrt_goal_bias,0.02,comp_time,1.41685
RRT*,normal_city,12,rrt_goal_bias,0.02,comp_time,3.54049
RRT*,normal_city,13,rrt_goal_bias,0.02,comp_time,0.83224
RRT*,normal_city,14,rrt_goal_bias,0.02,comp_time,0.7121
RRT*,normal_city,15,rrt_goal_bias,0.02,comp_time,1.18117
RRT*,normal_city,16,rrt_goal_bias,0.02,comp_time,1.23786
RRT*,normal_city,17,rrt_goal_bias,0.02,comp_time,0.52307
RRT*,normal_city,18,rrt_goal_bias,0.02,comp_time,0.55484
RRT*,normal_city,19,rrt_goal_bias,0.02,comp_time,0.63606
RRT*,normal_city,20,rrt_goal_bias,0.02,comp_time,0.6896
RRT*,normal_city,21,rrt_goal_bias,0.02,comp_time,0.64706
RRT*,normal_city,22,rrt_goal_bias,0.02,comp_time,1.51082
RRT*,normal_city,23,rrt_goal_bias,0.02,comp_time,5.4196
RRT*,normal_city,24,rrt_goal_bias,0.02,comp_time,1.02127
RRT*,normal_city,25,rrt_goal_bias,0.02,comp_time,1.97301
RRT*,normal_city,26,rrt_goal_bias,0.02,comp_time,1.03901
RRT*,normal_city,27,rrt_goal_bias,0.02,comp_time,0.41086
RRT*,normal_city,28,rrt_goal_bias,0.02,comp_time,1.20973
RRT*,normal_city,29,rrt_goal_bias,0.02,comp_time,0.72307
RRT*,blocked_road,0,rrt_goal_bias,0.02,comp_time,1.04567
RRT*,blocked_road,1,rrt_goal_bias,0.02,comp_time,2.87206
RRT*,blocked_road,2,rrt_goal_bias,0.02,comp_time,3.09191
RRT*,blocked_road,3,rrt_goal_bias,0.02,comp_time,0.73566
RRT*,blocked_road,4,rrt_goal_bias,0.02,comp_time,1.43009
RRT*,blocked_road,5,rrt_goal_bias,0.02,comp_time,1.99204
RRT*,blocked_road,6,rrt_goal_bias,0.02,comp_time,1.65776
RRT*,blocked_road,7,rrt_goal_bias,0.02,comp_time,0.93912
RRT*,blocked_road,8,rrt_goal_bias,0.02,comp_time,1.49196
RRT*,blocked_road,9,rrt_goal_bias,0.02,comp_time,2.57404
RRT*,blocked_road,10,rrt_goal_bias,0.02,comp_time,1.04754
RRT*,blocked_road,11,rrt_goal_bias,0.02,comp_time,0.60071
RRT*,blocked_road,12,rrt_goal_bias,0.02,comp_time,0.80564
RRT*,blocked_road,13,rrt_goal_bias,0.02,comp_time,1.49915
RRT*,blocked_road,14,rrt_goal_bias,0.02,comp_time,0.52109
RRT*,blocked_road,15,rrt_goal_bias,0.02,comp_time,0.67595
RRT*,blocked_road,16,rrt_goal_bias,0.02,comp_time,0.64823
RRT*,blocked_road,17,rrt_goal_bias,0.02,comp_time,0.57067
RRT*,blocked_road,18,rrt_goal_bias,0.02,comp_time,0.52762
RRT*,blocked_road,19,rrt_goal_bias,0.02,comp_time,0.46911
RRT*,blocked_road,20,rrt_goal_bias,0.02,comp_time,1.08104
RRT*,blocked_road,21,rrt_goal_bias,0.02,comp_time,0.69161
RRT*,blocked_road,22,rrt_goal_bias,0.02,comp_time,0.56796
RRT*,blocked_road,23,rrt_goal_bias,0.02,comp_time,0.69271
RRT*,blocked_road,24,rrt_goal_bias,0.02,comp_time,0.43146
RRT*,blocked_road,25,rrt_goal_bias,0.02,comp_time,0.44195
RRT*,blocked_road,26,rrt_goal_bias,0.02,comp_time,0.96001
RRT*,blocked_road,27,rrt_goal_bias,0.02,comp_time,0.42558
RRT*,blocked_road,28,rrt_goal_bias,0.02,comp_time,1.03477
RRT*,blocked_road,29,rrt_goal_bias,0.02,comp_time,2.61919
RRT*,dense_city,0,rrt_goal_bias,0.02,comp_time,2.58135
RRT*,dense_city,1,rrt_goal_bias,0.02,comp_time,6.06271
RRT*,dense_city,2,rrt_goal_bias,0.02,comp_time,2.25209
RRT*,dense_city,3,rrt_goal_bias,0.02,comp_time,0.6845
RRT*,dense_city,4,rrt_goal_bias,0.02,comp_time,8.32202
RRT*,dense_city,5,rrt_goal_bias,0.02,comp_time,37.94257
RRT*,dense_city,6,rrt_goal_bias,0.02,comp_time,0.59901
RRT*,dense_city,7,rrt_goal_bias,0.02,comp_time,38.57502
RRT*,dense_city,8,rrt_goal_bias,0.02,comp_time,0.4831
RRT*,dense_city,9,rrt_goal_bias,0.02,comp_time,0.98526
RRT*,dense_city,10,rrt_goal_bias,0.02,comp_time,2.16161
RRT*,dense_city,11,rrt_goal_bias,0.02,comp_time,0.96878
RRT*,dense_city,12,rrt_goal_bias,0.02,comp_time,5.47662
RRT*,dense_city,13,rrt_goal_bias,0.02,comp_time,3.04005
RRT*,dense_city,14,rrt_goal_bias,0.02,comp_time,1.62865
RRT*,dense_city,15,rrt_goal_bias,0.02,comp_time,3.45058
RRT*,dense_city,16,rrt_goal_bias,0.02,comp_time,4.77807
RRT*,dense_city,17,rrt_goal_bias,0.02,comp_time,0.89219
RRT*,dense_city,18,rrt_goal_bias,0.02,comp_time,3.28517
RRT*,dense_city,19,rrt_goal_bias,0.02,comp_time,5.18287
RRT*,dense_city,20,rrt_goal_bias,0.02,comp_time,0.96697
RRT*,dense_city,21,rrt_goal_bias,0.02,comp_time,1.12579
RRT*,dense_city,22,rrt_goal_bias,0.02,comp_time,2.32462
RRT*,dense_city,23,rrt_goal_bias,0.02,comp_time,0.5648
RRT*,dense_city,24,rrt_goal_bias,0.02,comp_time,1.05978
RRT*,dense_city,25,rrt_goal_bias,0.02,comp_time,1.0188
RRT*,dense_city,26,rrt_goal_bias,0.02,comp_time,1.3206
RRT*,dense_city,27,rrt_goal_bias,0.02,comp_time,2.33923
RRT*,dense_city,28,rrt_goal_bias,0.02,comp_time,0.35573
RRT*,dense_city,29,rrt_goal_bias,0.02,comp_time,3.05857
RRT*,normal_city,0,rrt_goal_bias,0.05,comp_time,0.76217
RRT*,normal_city,1,rrt_goal_bias,0.05,comp_time,0.34939
RRT*,normal_city,2,rrt_goal_bias,0.05,comp_time,0.34354
RRT*,normal_city,3,rrt_goal_bias,0.05,comp_time,0.45503
RRT*,normal_city,4,rrt_goal_bias,0.05,comp_time,1.28887
RRT*,normal_city,5,rrt_goal_bias,0.05,comp_time,1.05212
RRT*,normal_city,6,rrt_goal_bias,0.05,comp_time,0.73614
RRT*,normal_city,7,rrt_goal_bias,0.05,comp_time,0.4939
RRT*,normal_city,8,rrt_goal_bias,0.05,comp_time,0.66643
RRT*,normal_city,9,rrt_goal_bias,0.05,comp_time,0.47111
RRT*,normal_city,10,rrt_goal_bias,0.05,comp_time,0.37104
RRT*,normal_city,11,rrt_goal_bias,0.05,comp_time,0.64084
RRT*,normal_city,12,rrt_goal_bias,0.05,comp_time,1.1008
RRT*,normal_city,13,rrt_goal_bias,0.05,comp_time,0.74721
RRT*,normal_city,14,rrt_goal_bias,0.05,comp_time,0.32926
RRT*,normal_city,15,rrt_goal_bias,0.05,comp_time,0.95042
RRT*,normal_city,16,rrt_goal_bias,0.05,comp_time,0.2914
RRT*,normal_city,17,rrt_goal_bias,0.05,comp_time,0.76615
RRT*,normal_city,18,rrt_goal_bias,0.05,comp_time,0.47399
RRT*,normal_city,19,rrt_goal_bias,0.05,comp_time,0.82676
RRT*,normal_city,20,rrt_goal_bias,0.05,comp_time,0.18076
RRT*,normal_city,21,rrt_goal_bias,0.05,comp_time,0.22322
RRT*,normal_city,22,rrt_goal_bias,0.05,comp_time,0.43145
RRT*,normal_city,23,rrt_goal_bias,0.05,comp_time,0.28878
RRT*,normal_city,24,rrt_goal_bias,0.05,comp_time,0.56973
RRT*,normal_city,25,rrt_goal_bias,0.05,comp_time,0.42883
RRT*,normal_city,26,rrt_goal_bias,0.05,comp_time,0.27745
RRT*,normal_city,27,rrt_goal_bias,0.05,comp_time,0.40873
RRT*,normal_city,28,rrt_goal_bias,0.05,comp_time,1.80331
RRT*,normal_city,29,rrt_goal_bias,0.05,comp_time,0.45267
RRT*,blocked_road,0,rrt_goal_bias,0.05,comp_time,0.51773
RRT*,blocked_road,1,rrt_goal_bias,0.05,comp_time,0.9416
RRT*,blocked_road,2,rrt_goal_bias,0.05,comp_time,3.16078
RRT*,blocked_road,3,rrt_goal_bias,0.05,comp_time,0.39372
RRT*,blocked_road,4,rrt_goal_bias,0.05,comp_time,0.99507
RRT*,blocked_road,5,rrt_goal_bias,0.05,comp_time,1.7057
RRT*,blocked_road,6,rrt_goal_bias,0.05,comp_time,0.99504
RRT*,blocked_road,7,rrt_goal_bias,0.05,comp_time,3.55297
RRT*,blocked_road,8,rrt_goal_bias,0.05,comp_time,0.67252
RRT*,blocked_road,9,rrt_goal_bias,0.05,comp_time,3.29663
RRT*,blocked_road,10,rrt_goal_bias,0.05,comp_time,0.49614
RRT*,blocked_road,11,rrt_goal_bias,0.05,comp_time,0.52659
RRT*,blocked_road,12,rrt_goal_bias,0.05,comp_time,0.46623
RRT*,blocked_road,13,rrt_goal_bias,0.05,comp_time,0.42509
RRT*,blocked_road,14,rrt_goal_bias,0.05,comp_time,0.35408
RRT*,blocked_road,15,rrt_goal_bias,0.05,comp_time,0.52211
RRT*,blocked_road,16,rrt_goal_bias,0.05,comp_time,0.57785
RRT*,blocked_road,17,rrt_goal_bias,0.05,comp_time,0.40926
RRT*,blocked_road,18,rrt_goal_bias,0.05,comp_time,0.48573
RRT*,blocked_road,19,rrt_goal_bias,0.05,comp_time,0.28705
RRT*,blocked_road,20,rrt_goal_bias,0.05,comp_time,0.86205
RRT*,blocked_road,21,rrt_goal_bias,0.05,comp_time,0.68403
RRT*,blocked_road,22,rrt_goal_bias,0.05,comp_time,0.37459
RRT*,blocked_road,23,rrt_goal_bias,0.05,comp_time,0.87362
RRT*,blocked_road,24,rrt_goal_bias,0.05,comp_time,1.38744
RRT*,blocked_road,25,rrt_goal_bias,0.05,comp_time,1.46858
RRT*,blocked_road,26,rrt_goal_bias,0.05,comp_time,0.75375
RRT*,blocked_road,27,rrt_goal_bias,0.05,comp_time,0.86184
RRT*,blocked_road,28,rrt_goal_bias,0.05,comp_time,0.89358
RRT*,blocked_road,29,rrt_goal_bias,0.05,comp_time,1.70287
RRT*,dense_city,0,rrt_goal_bias,0.05,comp_time,3.04745
RRT*,dense_city,1,rrt_goal_bias,0.05,comp_time,1.14131
RRT*,dense_city,2,rrt_goal_bias,0.05,comp_time,2.7566
RRT*,dense_city,3,rrt_goal_bias,0.05,comp_time,1.17724
RRT*,dense_city,4,rrt_goal_bias,0.05,comp_time,0.99269
RRT*,dense_city,5,rrt_goal_bias,0.05,comp_time,33.08132
RRT*,dense_city,6,rrt_goal_bias,0.05,comp_time,7.68244
RRT*,dense_city,7,rrt_goal_bias,0.05,comp_time,11.06117
RRT*,dense_city,8,rrt_goal_bias,0.05,comp_time,0.37418
RRT*,dense_city,9,rrt_goal_bias,0.05,comp_time,0.80631
RRT*,dense_city,10,rrt_goal_bias,0.05,comp_time,0.61884
RRT*,dense_city,11,rrt_goal_bias,0.05,comp_time,3.25667
RRT*,dense_city,12,rrt_goal_bias,0.05,comp_time,1.83718
RRT*,dense_city,13,rrt_goal_bias,0.05,comp_time,2.73107
RRT*,dense_city,14,rrt_goal_bias,0.05,comp_time,1.09247
RRT*,dense_city,15,rrt_goal_bias,0.05,comp_time,4.06826
RRT*,dense_city,16,rrt_goal_bias,0.05,comp_time,0.76615
RRT*,dense_city,17,rrt_goal_bias,0.05,comp_time,0.87587
RRT*,dense_city,18,rrt_goal_bias,0.05,comp_time,4.82762
RRT*,dense_city,19,rrt_goal_bias,0.05,comp_time,0.94055
RRT*,dense_city,20,rrt_goal_bias,0.05,comp_time,2.59074
RRT*,dense_city,21,rrt_goal_bias,0.05,comp_time,0.52245
RRT*,dense_city,22,rrt_goal_bias,0.05,comp_time,20.55414
RRT*,dense_city,23,rrt_goal_bias,0.05,comp_time,0.45439
RRT*,dense_city,24,rrt_goal_bias,0.05,comp_time,0.76755
RRT*,dense_city,25,rrt_goal_bias,0.05,comp_time,1.62092
RRT*,dense_city,26,rrt_goal_bias,0.05,comp_time,5.81228
RRT*,dense_city,27,rrt_goal_bias,0.05,comp_time,1.12623
RRT*,dense_city,28,rrt_goal_bias,0.05,comp_time,1.00573
RRT*,dense_city,29,rrt_goal_bias,0.05,comp_time,2.53425
RRT*,normal_city,0,rrt_goal_bias,0.1,comp_time,0.3172
RRT*,normal_city,1,rrt_goal_bias,0.1,comp_time,0.54698
RRT*,normal_city,2,rrt_goal_bias,0.1,comp_time,1.0353
RRT*,normal_city,3,rrt_goal_bias,0.1,comp_time,0.25293
RRT*,normal_city,4,rrt_goal_bias,0.1,comp_time,0.20191
RRT*,normal_city,5,rrt_goal_bias,0.1,comp_time,0.40294
RRT*,normal_city,6,rrt_goal_bias,0.1,comp_time,0.43555
RRT*,normal_city,7,rrt_goal_bias,0.1,comp_time,0.40162
RRT*,normal_city,8,rrt_goal_bias,0.1,comp_time,0.72926
RRT*,normal_city,9,rrt_goal_bias,0.1,comp_time,0.15484
RRT*,normal_city,10,rrt_goal_bias,0.1,comp_time,0.7421
RRT*,normal_city,11,rrt_goal_bias,0.1,comp_time,1.13974
RRT*,normal_city,12,rrt_goal_bias,0.1,comp_time,1.03125
RRT*,normal_city,13,rrt_goal_bias,0.1,comp_time,0.24846
RRT*,normal_city,14,rrt_goal_bias,0.1,comp_time,0.43906
RRT*,normal_city,15,rrt_goal_bias,0.1,comp_time,0.43311
RRT*,normal_city,16,rrt_goal_bias,0.1,comp_time,0.31304
RRT*,normal_city,17,rrt_goal_bias,0.1,comp_time,0.71849
RRT*,normal_city,18,rrt_goal_bias,0.1,comp_time,0.49516
RRT*,normal_city,19,rrt_goal_bias,0.1,comp_time,0.21277
RRT*,normal_city,20,rrt_goal_bias,0.1,comp_time,0.17733
RRT*,normal_city,21,rrt_goal_bias,0.1,comp_time,0.28545
RRT*,normal_city,22,rrt_goal_bias,0.1,comp_time,0.58906
RRT*,normal_city,23,rrt_goal_bias,0.1,comp_time,5.42009
RRT*,normal_city,24,rrt_goal_bias,0.1,comp_time,0.38128
RRT*,normal_city,25,rrt_goal_bias,0.1,comp_time,1.58383
RRT*,normal_city,26,rrt_goal_bias,0.1,comp_time,0.4341
RRT*,normal_city,27,rrt_goal_bias,0.1,comp_time,0.43178
RRT*,normal_city,28,rrt_goal_bias,0.1,comp_time,1.59413
RRT*,normal_city,29,rrt_goal_bias,0.1,comp_time,0.44359
RRT*,blocked_road,0,rrt_goal_bias,0.1,comp_time,1.01079
RRT*,blocked_road,1,rrt_goal_bias,0.1,comp_time,1.39306
RRT*,blocked_road,2,rrt_goal_bias,0.1,comp_time,0.7039
RRT*,blocked_road,3,rrt_goal_bias,0.1,comp_time,2.04009
RRT*,blocked_road,4,rrt_goal_bias,0.1,comp_time,1.86744
RRT*,blocked_road,5,rrt_goal_bias,0.1,comp_time,0.89244
RRT*,blocked_road,6,rrt_goal_bias,0.1,comp_time,0.72696
RRT*,blocked_road,7,rrt_goal_bias,0.1,comp_time,0.92416
RRT*,blocked_road,8,rrt_goal_bias,0.1,comp_time,0.3023
RRT*,blocked_road,9,rrt_goal_bias,0.1,comp_time,2.17521
RRT*,blocked_road,10,rrt_goal_bias,0.1,comp_time,0.3203
RRT*,blocked_road,11,rrt_goal_bias,0.1,comp_time,1.47128
RRT*,blocked_road,12,rrt_goal_bias,0.1,comp_time,0.99938
RRT*,blocked_road,13,rrt_goal_bias,0.1,comp_time,1.33187
RRT*,blocked_road,14,rrt_goal_bias,0.1,comp_time,0.52551
RRT*,blocked_road,15,rrt_goal_bias,0.1,comp_time,0.9278
RRT*,blocked_road,16,rrt_goal_bias,0.1,comp_time,0.9145
RRT*,blocked_road,17,rrt_goal_bias,0.1,comp_time,0.44604
RRT*,blocked_road,18,rrt_goal_bias,0.1,comp_time,0.29684
RRT*,blocked_road,19,rrt_goal_bias,0.1,comp_time,0.14393
RRT*,blocked_road,20,rrt_goal_bias,0.1,comp_time,1.45131
RRT*,blocked_road,21,rrt_goal_bias,0.1,comp_time,0.33014
RRT*,blocked_road,22,rrt_goal_bias,0.1,comp_time,0.57065
RRT*,blocked_road,23,rrt_goal_bias,0.1,comp_time,1.54147
RRT*,blocked_road,24,rrt_goal_bias,0.1,comp_time,1.25125
RRT*,blocked_road,25,rrt_goal_bias,0.1,comp_time,0.61735
RRT*,blocked_road,26,rrt_goal_bias,0.1,comp_time,0.29815
RRT*,blocked_road,27,rrt_goal_bias,0.1,comp_time,0.61306
RRT*,blocked_road,28,rrt_goal_bias,0.1,comp_time,1.25782
RRT*,blocked_road,29,rrt_goal_bias,0.1,comp_time,0.24148
RRT*,dense_city,0,rrt_goal_bias,0.1,comp_time,0.71961
RRT*,dense_city,1,rrt_goal_bias,0.1,comp_time,18.07233
RRT*,dense_city,2,rrt_goal_bias,0.1,comp_time,0.3595
RRT*,dense_city,3,rrt_goal_bias,0.1,comp_time,0.23931
RRT*,dense_city,4,rrt_goal_bias,0.1,comp_time,1.18403
RRT*,dense_city,5,rrt_goal_bias,0.1,comp_time,37.29849
RRT*,dense_city,6,rrt_goal_bias,0.1,comp_time,6.69286
RRT*,dense_city,7,rrt_goal_bias,0.1,comp_time,40.43783
RRT*,dense_city,8,rrt_goal_bias,0.1,comp_time,0.35319
RRT*,dense_city,9,rrt_goal_bias,0.1,comp_time,0.84196
RRT*,dense_city,10,rrt_goal_bias,0.1,comp_time,0.23757
RRT*,dense_city,11,rrt_goal_bias,0.1,comp_time,0.63725
RRT*,dense_city,12,rrt_goal_bias,0.1,comp_time,4.64599
RRT*,dense_city,13,rrt_goal_bias,0.1,comp_time,0.78854
RRT*,dense_city,14,rrt_goal_bias,0.1,comp_time,1.97267
RRT*,dense_city,15,rrt_goal_bias,0.1,comp_time,1.60931
RRT*,dense_city,16,rrt_goal_bias,0.1,comp_time,3.21337
RRT*,dense_city,17,rrt_goal_bias,0.1,comp_time,0.59202
RRT*,dense_city,18,rrt_goal_bias,0.1,comp_time,1.46981
RRT*,dense_city,19,rrt_goal_bias,0.1,comp_time,9.03229
RRT*,dense_city,20,rrt_goal_bias,0.1,comp_time,1.54294
RRT*,dense_city,21,rrt_goal_bias,0.1,comp_time,0.35658
RRT*,dense_city,22,rrt_goal_bias,0.1,comp_time,0.90504
RRT*,dense_city,23,rrt_goal_bias,0.1,comp_time,1.17563
RRT*,dense_city,24,rrt_goal_bias,0.1,comp_time,0.91178
RRT*,dense_city,25,rrt_goal_bias,0.1,comp_time,2.19118
RRT*,dense_city,26,rrt_goal_bias,0.1,comp_time,1.57821
RRT*,dense_city,27,rrt_goal_bias,0.1,comp_time,1.26857
RRT*,dense_city,28,rrt_goal_bias,0.1,comp_time,1.3221
RRT*,dense_city,29,rrt_goal_bias,0.1,comp_time,1.56589
RRT*,normal_city,0,rrt_goal_bias,0.2,comp_time,0.82596
RRT*,normal_city,1,rrt_goal_bias,0.2,comp_time,0.35654
RRT*,normal_city,2,rrt_goal_bias,0.2,comp_time,0.1927
RRT*,normal_city,3,rrt_goal_bias,0.2,comp_time,0.64753
RRT*,normal_city,4,rrt_goal_bias,0.2,comp_time,0.53341
RRT*,normal_city,5,rrt_goal_bias,0.2,comp_time,2.2273
RRT*,normal_city,6,rrt_goal_bias,0.2,comp_time,0.71763
RRT*,normal_city,7,rrt_goal_bias,0.2,comp_time,1.80886
RRT*,normal_city,8,rrt_goal_bias,0.2,comp_time,0.37389
RRT*,normal_city,9,rrt_goal_bias,0.2,comp_time,0.12288
RRT*,normal_city,10,rrt_goal_bias,0.2,comp_time,0.46854
RRT*,normal_city,11,rrt_goal_bias,0.2,comp_time,0.19547
RRT*,normal_city,12,rrt_goal_bias,0.2,comp_time,0.22845
RRT*,normal_city,13,rrt_goal_bias,0.2,comp_time,0.48933
RRT*,normal_city,14,rrt_goal_bias,0.2,comp_time,0.46759
RRT*,normal_city,15,rrt_goal_bias,0.2,comp_time,1.24745
RRT*,normal_city,16,rrt_goal_bias,0.2,comp_time,0.32274
RRT*,normal_city,17,rrt_goal_bias,0.2,comp_time,0.26562
RRT*,normal_city,18,rrt_goal_bias,0.2,comp_time,0.44856
RRT*,normal_city,19,rrt_goal_bias,0.2,comp_time,0.17139
RRT*,normal_city,20,rrt_goal_bias,0.2,comp_time,0.3782
RRT*,normal_city,21,rrt_goal_bias,0.2,comp_time,0.22309
RRT*,normal_city,22,rrt_goal_bias,0.2,comp_time,0.42581
RRT*,normal_city,23,rrt_goal_bias,0.2,comp_time,2.84032
RRT*,normal_city,24,rrt_goal_bias,0.2,comp_time,0.35715
RRT*,normal_city,25,rrt_goal_bias,0.2,comp_time,1.24119
RRT*,normal_city,26,rrt_goal_bias,0.2,comp_time,0.17373
RRT*,normal_city,27,rrt_goal_bias,0.2,comp_time,0.1974
RRT*,normal_city,28,rrt_goal_bias,0.2,comp_time,0.6546
RRT*,normal_city,29,rrt_goal_bias,0.2,comp_time,0.41762
RRT*,blocked_road,0,rrt_goal_bias,0.2,comp_time,0.29424
RRT*,blocked_road,1,rrt_goal_bias,0.2,comp_time,1.84409
RRT*,blocked_road,2,rrt_goal_bias,0.2,comp_time,2.38681
RRT*,blocked_road,3,rrt_goal_bias,0.2,comp_time,1.09006
RRT*,blocked_road,4,rrt_goal_bias,0.2,comp_time,1.93524
RRT*,blocked_road,5,rrt_goal_bias,0.2,comp_time,2.12939
RRT*,blocked_road,6,rrt_goal_bias,0.2,comp_time,0.63054
RRT*,blocked_road,7,rrt_goal_bias,0.2,comp_time,0.65525
RRT*,blocked_road,8,rrt_goal_bias,0.2,comp_time,1.19186
RRT*,blocked_road,9,rrt_goal_bias,0.2,comp_time,2.03714
RRT*,blocked_road,10,rrt_goal_bias,0.2,comp_time,0.11441
RRT*,blocked_road,11,rrt_goal_bias,0.2,comp_time,0.6288
RRT*,blocked_road,12,rrt_goal_bias,0.2,comp_time,3.7746
RRT*,blocked_road,13,rrt_goal_bias,0.2,comp_time,0.45505
RRT*,blocked_road,14,rrt_goal_bias,0.2,comp_time,0.15827
RRT*,blocked_road,15,rrt_goal_bias,0.2,comp_time,0.51902
RRT*,blocked_road,16,rrt_goal_bias,0.2,comp_time,0.61636
RRT*,blocked_road,17,rrt_goal_bias,0.2,comp_time,0.49911
RRT*,blocked_road,18,rrt_goal_bias,0.2,comp_time,0.15383
RRT*,blocked_road,19,rrt_goal_bias,0.2,comp_time,0.82572
RRT*,blocked_road,20,rrt_goal_bias,0.2,comp_time,0.80227
RRT*,blocked_road,21,rrt_goal_bias,0.2,comp_time,0.27107
RRT*,blocked_road,22,rrt_goal_bias,0.2,comp_time,0.13732
RRT*,blocked_road,23,rrt_goal_bias,0.2,comp_time,0.39405
RRT*,blocked_road,24,rrt_goal_bias,0.2,comp_time,0.31437
RRT*,blocked_road,25,rrt_goal_bias,0.2,comp_time,1.09937
RRT*,blocked_road,26,rrt_goal_bias,0.2,comp_time,0.43022
RRT*,blocked_road,27,rrt_goal_bias,0.2,comp_time,1.64268
RRT*,blocked_road,28,rrt_goal_bias,0.2,comp_time,1.55865
RRT*,blocked_road,29,rrt_goal_bias,0.2,comp_time,0.77927
RRT*,dense_city,0,rrt_goal_bias,0.2,comp_time,2.31812
RRT*,dense_city,1,rrt_goal_bias,0.2,comp_time,16.84599
RRT*,dense_city,2,rrt_goal_bias,0.2,comp_time,1.65192
RRT*,dense_city,3,rrt_goal_bias,0.2,comp_time,1.37218
RRT*,dense_city,4,rrt_goal_bias,0.2,comp_time,1.96593
RRT*,dense_city,5,rrt_goal_bias,0.2,comp_time,26.92694
RRT*,dense_city,6,rrt_goal_bias,0.2,comp_time,1.40413
RRT*,dense_city,7,rrt_goal_bias,0.2,comp_time,9.74224
RRT*,dense_city,8,rrt_goal_bias,0.2,comp_time,0.5647
RRT*,dense_city,9,rrt_goal_bias,0.2,comp_time,1.08755
RRT*,dense_city,10,rrt_goal_bias,0.2,comp_time,0.37931
RRT*,dense_city,11,rrt_goal_bias,0.2,comp_time,2.50536
RRT*,dense_city,12,rrt_goal_bias,0.2,comp_time,4.64704
RRT*,dense_city,13,rrt_goal_bias,0.2,comp_time,1.94177
RRT*,dense_city,14,rrt_goal_bias,0.2,comp_time,0.68074
RRT*,dense_city,15,rrt_goal_bias,0.2,comp_time,3.03665
RRT*,dense_city,16,rrt_goal_bias,0.2,comp_time,1.24458
RRT*,dense_city,17,rrt_goal_bias,0.2,comp_time,0.54582
RRT*,dense_city,18,rrt_goal_bias,0.2,comp_time,0.9556
RRT*,dense_city,19,rrt_goal_bias,0.2,comp_time,0.73589
RRT*,dense_city,20,rrt_goal_bias,0.2,comp_time,5.29792
RRT*,dense_city,21,rrt_goal_bias,0.2,comp_time,0.5953
RRT*,dense_city,22,rrt_goal_bias,0.2,comp_time,1.54645
RRT*,dense_city,23,rrt_goal_bias,0.2,comp_time,0.80431
RRT*,dense_city,24,rrt_goal_bias,0.2,comp_time,0.63547
RRT*,dense_city,25,rrt_goal_bias,0.2,comp_time,1.9887
RRT*,dense_city,26,rrt_goal_bias,0.2,comp_time,0.88796
RRT*,dense_city,27,rrt_goal_bias,0.2,comp_time,0.54367
RRT*,dense_city,28,rrt_goal_bias,0.2,comp_time,1.80176
RRT*,dense_city,29,rrt_goal_bias,0.2,comp_time,2.24276
RRT*,normal_city,0,rrt_goal_bias,0.4,comp_time,3.94878
RRT*,normal_city,1,rrt_goal_bias,0.4,comp_time,1.5047
RRT*,normal_city,2,rrt_goal_bias,0.4,comp_time,1.47342
RRT*,normal_city,3,rrt_goal_bias,0.4,comp_time,0.53627
RRT*,normal_city,4,rrt_goal_bias,0.4,comp_time,0.5408
RRT*,normal_city,5,rrt_goal_bias,0.4,comp_time,0.58087
RRT*,normal_city,6,rrt_goal_bias,0.4,comp_time,1.31951
RRT*,normal_city,7,rrt_goal_bias,0.4,comp_time,0.26178
RRT*,normal_city,8,rrt_goal_bias,0.4,comp_time,1.008
RRT*,normal_city,9,rrt_goal_bias,0.4,comp_time,0.83441
RRT*,normal_city,10,rrt_goal_bias,0.4,comp_time,0.38552
RRT*,normal_city,11,rrt_goal_bias,0.4,comp_time,0.8136
RRT*,normal_city,12,rrt_goal_bias,0.4,comp_time,0.95834
RRT*,normal_city,13,rrt_goal_bias,0.4,comp_time,0.57555
RRT*,normal_city,14,rrt_goal_bias,0.4,comp_time,0.33849
RRT*,normal_city,15,rrt_goal_bias,0.4,comp_time,0.35922
RRT*,normal_city,16,rrt_goal_bias,0.4,comp_time,0.15287
RRT*,normal_city,17,rrt_goal_bias,0.4,comp_time,0.24342
RRT*,normal_city,18,rrt_goal_bias,0.4,comp_time,0.6999
RRT*,normal_city,19,rrt_goal_bias,0.4,comp_time,0.26943
RRT*,normal_city,20,rrt_goal_bias,0.4,comp_time,0.15993
RRT*,normal_city,21,rrt_goal_bias,0.4,comp_time,0.20236
RRT*,normal_city,22,rrt_goal_bias,0.4,comp_time,1.40665
RRT*,normal_city,23,rrt_goal_bias,0.4,comp_time,0.20906
RRT*,normal_city,24,rrt_goal_bias,0.4,comp_time,0.54629
RRT*,normal_city,25,rrt_goal_bias,0.4,comp_time,0.43005
RRT*,normal_city,26,rrt_goal_bias,0.4,comp_time,1.11344
RRT*,normal_city,27,rrt_goal_bias,0.4,comp_time,0.33576
RRT*,normal_city,28,rrt_goal_bias,0.4,comp_time,1.37214
RRT*,normal_city,29,rrt_goal_bias,0.4,comp_time,0.50472
RRT*,blocked_road,0,rrt_goal_bias,0.4,comp_time,1.55817
RRT*,blocked_road,1,rrt_goal_bias,0.4,comp_time,0.93001
RRT*,blocked_road,2,rrt_goal_bias,0.4,comp_time,4.09771
RRT*,blocked_road,3,rrt_goal_bias,0.4,comp_time,0.3311
RRT*,blocked_road,4,rrt_goal_bias,0.4,comp_time,1.35252
RRT*,blocked_road,5,rrt_goal_bias,0.4,comp_time,0.6652
RRT*,blocked_road,6,rrt_goal_bias,0.4,comp_time,1.12955
RRT*,blocked_road,7,rrt_goal_bias,0.4,comp_time,1.37555
RRT*,blocked_road,8,rrt_goal_bias,0.4,comp_time,0.71961
RRT*,blocked_road,9,rrt_goal_bias,0.4,comp_time,2.82131
RRT*,blocked_road,10,rrt_goal_bias,0.4,comp_time,0.1798
RRT*,blocked_road,11,rrt_goal_bias,0.4,comp_time,0.49816
RRT*,blocked_road,12,rrt_goal_bias,0.4,comp_time,1.57558
RRT*,blocked_road,13,rrt_goal_bias,0.4,comp_time,0.33011
RRT*,blocked_road,14,rrt_goal_bias,0.4,comp_time,0.23059
RRT*,blocked_road,15,rrt_goal_bias,0.4,comp_time,0.56769
RRT*,blocked_road,16,rrt_goal_bias,0.4,comp_time,1.01611
RRT*,blocked_road,17,rrt_goal_bias,0.4,comp_time,0.28753
RRT*,blocked_road,18,rrt_goal_bias,0.4,comp_time,0.30496
RRT*,blocked_road,19,rrt_goal_bias,0.4,comp_time,0.19522
RRT*,blocked_road,20,rrt_goal_bias,0.4,comp_time,1.30425
RRT*,blocked_road,21,rrt_goal_bias,0.4,comp_time,0.22188
RRT*,blocked_road,22,rrt_goal_bias,0.4,comp_time,1.46443
RRT*,blocked_road,23,rrt_goal_bias,0.4,comp_time,0.96844
RRT*,blocked_road,24,rrt_goal_bias,0.4,comp_time,0.49008
RRT*,blocked_road,25,rrt_goal_bias,0.4,comp_time,0.33273
RRT*,blocked_road,26,rrt_goal_bias,0.4,comp_time,0.76957
RRT*,blocked_road,27,rrt_goal_bias,0.4,comp_time,0.31295
RRT*,blocked_road,28,rrt_goal_bias,0.4,comp_time,1.10835
RRT*,blocked_road,29,rrt_goal_bias,0.4,comp_time,4.41232
RRT*,dense_city,0,rrt_goal_bias,0.4,comp_time,2.68552
RRT*,dense_city,1,rrt_goal_bias,0.4,comp_time,4.95514
RRT*,dense_city,2,rrt_goal_bias,0.4,comp_time,0.99318
RRT*,dense_city,3,rrt_goal_bias,0.4,comp_time,0.49733
RRT*,dense_city,4,rrt_goal_bias,0.4,comp_time,8.83486
RRT*,dense_city,5,rrt_goal_bias,0.4,comp_time,24.04621
RRT*,dense_city,6,rrt_goal_bias,0.4,comp_time,8.3416
RRT*,dense_city,7,rrt_goal_bias,0.4,comp_time,26.65141
RRT*,dense_city,8,rrt_goal_bias,0.4,comp_time,1.01101
RRT*,dense_city,9,rrt_goal_bias,0.4,comp_time,0.78055
RRT*,dense_city,10,rrt_goal_bias,0.4,comp_time,0.72094
RRT*,dense_city,11,rrt_goal_bias,0.4,comp_time,0.77372
RRT*,dense_city,12,rrt_goal_bias,0.4,comp_time,0.72542
RRT*,dense_city,13,rrt_goal_bias,0.4,comp_time,2.03282
RRT*,dense_city,14,rrt_goal_bias,0.4,comp_time,2.2443
RRT*,dense_city,15,rrt_goal_bias,0.4,comp_time,5.67631
RRT*,dense_city,16,rrt_goal_bias,0.4,comp_time,1.50433
RRT*,dense_city,17,rrt_goal_bias,0.4,comp_time,1.00253
RRT*,dense_city,18,rrt_goal_bias,0.4,comp_time,3.8241
RRT*,dense_city,19,rrt_goal_bias,0.4,comp_time,9.28365
RRT*,dense_city,20,rrt_goal_bias,0.4,comp_time,1.63101
RRT*,dense_city,21,rrt_goal_bias,0.4,comp_time,0.20856
RRT*,dense_city,22,rrt_goal_bias,0.4,comp_time,1.32557
RRT*,dense_city,23,rrt_goal_bias,0.4,comp_time,4.06922
RRT*,dense_city,24,rrt_goal_bias,0.4,comp_time,2.17847
RRT*,dense_city,25,rrt_goal_bias,0.4,comp_time,2.49135
RRT*,dense_city,26,rrt_goal_bias,0.4,comp_time,0.39057
RRT*,dense_city,27,rrt_goal_bias,0.4,comp_time,0.72849
RRT*,dense_city,28,rrt_goal_bias,0.4,comp_time,1.66987
RRT*,dense_city,29,rrt_goal_bias,0.4,comp_time,0.91346
