planner,scenario,instance,parameter,value,metric,result
Modified,normal_city,0,max_escapes,3,success,1.0
Modified,normal_city,1,max_escapes,3,success,1.0
Modified,normal_city,2,max_escapes,3,success,1.0
Modified,normal_city,3,max_escapes,3,success,1.0
Modified,normal_city,4,max_escapes,3,success,1.0
Modified,normal_city,5,max_escapes,3,success,1.0
Modified,normal_city,6,max_escapes,3,success,1.0
Modified,normal_city,7,max_escapes,3,success,1.0
Modified,normal_city,8,max_escapes,3,success,1.0
Modified,normal_city,9,max_escapes,3,success,1.0
Modified,normal_city,10,max_escapes,3,success,1.0
Modified,normal_city,11,max_escapes,3,success,1.0
Modified,normal_city,12,max_escapes,3,success,1.0
Modified,normal_city,13,max_escapes,3,success,1.0
Modified,normal_city,14,max_escapes,3,success,1.0
Modified,normal_city,15,max_escapes,3,success,1.0
Modified,normal_city,16,max_escapes,3,success,1.0
Modified,normal_city,17,max_escapes,3,success,1.0
Modified,normal_city,18,max_escapes,3,success,1.0
Modified,normal_city,19,max_escapes,3,success,1.0
Modified,normal_city,20,max_escapes,3,success,1.0
Modified,normal_city,21,max_escapes,3,success,1.0
Modified,normal_city,22,max_escapes,3,success,1.0
Modified,normal_city,23,max_escapes,3,success,1.0
Modified,normal_city,24,max_escapes,3,success,1.0
Modified,normal_city,25,max_escapes,3,success,1.0
Modified,normal_city,26,max_escapes,3,success,1.0
Modified,normal_city,27,max_escapes,3,success,1.0
Modified,normal_city,28,max_escapes,3,success,1.0
Modified,normal_city,29,max_escapes,3,success,1.0
Modified,blocked_road,0,max_escapes,3,success,1.0
Modified,blocked_road,1,max_escapes,3,success,1.0
Modified,blocked_road,2,max_escapes,3,success,1.0
Modified,blocked_road,3,max_escapes,3,success,1.0
Modified,blocked_road,4,max_escapes,3,success,1.0
Modified,blocked_road,5,max_escapes,3,success,1.0
Modified,blocked_road,6,max_escapes,3,success,1.0
Modified,blocked_road,7,max_escapes,3,success,1.0
Modified,blocked_road,8,max_escapes,3,success,1.0
Modified,blocked_road,9,max_escapes,3,success,1.0
Modified,blocked_road,10,max_escapes,3,success,1.0
Modified,blocked_road,11,max_escapes,3,success,1.0
Modified,blocked_road,12,max_escapes,3,success,1.0
Modified,blocked_road,13,max_escapes,3,success,1.0
Modified,blocked_road,14,max_escapes,3,success,1.0
Modified,blocked_road,15,max_escapes,3,success,1.0
Modified,blocked_road,16,max_escapes,3,success,1.0
Modified,blocked_road,17,max_escapes,3,success,1.0
Modified,blocked_road,18,max_escapes,3,success,1.0
Modified,blocked_road,19,max_escapes,3,success,1.0
Modified,blocked_road,20,max_escapes,3,success,1.0
Modified,blocked_road,21,max_escapes,3,success,1.0
Modified,blocked_road,22,max_escapes,3,success,1.0
Modified,blocked_road,23,max_escapes,3,success,1.0
Modified,blocked_road,24,max_escapes,3,success,1.0
Modified,blocked_road,25,max_escapes,3,success,1.0
Modified,blocked_road,26,max_escapes,3,success,1.0
Modified,blocked_road,27,max_escapes,3,success,1.0
Modified,blocked_road,28,max_escapes,3,success,1.0
Modified,blocked_road,29,max_escapes,3,success,1.0
Modified,dense_city,0,max_escapes,3,success,1.0
Modified,dense_city,1,max_escapes,3,success,1.0
Modified,dense_city,2,max_escapes,3,success,1.0
Modified,dense_city,3,max_escapes,3,success,1.0
Modified,dense_city,4,max_escapes,3,success,1.0
Modified,dense_city,5,max_escapes,3,success,1.0
Modified,dense_city,6,max_escapes,3,success,1.0
Modified,dense_city,7,max_escapes,3,success,1.0
Modified,dense_city,8,max_escapes,3,success,1.0
Modified,dense_city,9,max_escapes,3,success,0.0
Modified,dense_city,10,max_escapes,3,success,1.0
Modified,dense_city,11,max_escapes,3,success,1.0
Modified,dense_city,12,max_escapes,3,success,1.0
Modified,dense_city,13,max_escapes,3,success,1.0
Modified,dense_city,14,max_escapes,3,success,1.0
Modified,dense_city,15,max_escapes,3,success,1.0
Modified,dense_city,16,max_escapes,3,success,1.0
Modified,dense_city,17,max_escapes,3,success,1.0
Modified,dense_city,18,max_escapes,3,success,1.0
Modified,dense_city,19,max_escapes,3,success,1.0
Modified,dense_city,20,max_escapes,3,success,1.0
Modified,dense_city,21,max_escapes,3,success,1.0
Modified,dense_city,22,max_escapes,3,success,1.0
Modified,dense_city,23,max_escapes,3,success,1.0
Modified,dense_city,24,max_escapes,3,success,1.0
Modified,dense_city,25,max_escapes,3,success,1.0
Modified,dense_city,26,max_escapes,3,success,1.0
Modified,dense_city,27,max_escapes,3,success,1.0
Modified,dense_city,28,max_escapes,3,success,1.0
Modified,dense_city,29,max_escapes,3,success,1.0
Modified,normal_city,0,max_escapes,6,success,1.0
Modified,normal_city,1,max_escapes,6,success,1.0
Modified,normal_city,2,max_escapes,6,success,1.0
Modified,normal_city,3,max_escapes,6,success,1.0
Modified,normal_city,4,max_escapes,6,success,1.0
Modified,normal_city,5,max_escapes,6,success,1.0
Modified,normal_city,6,max_escapes,6,success,1.0
Modified,normal_city,7,max_escapes,6,success,1.0
Modified,normal_city,8,max_escapes,6,success,1.0
Modified,normal_city,9,max_escapes,6,success,1.0
Modified,normal_city,10,max_escapes,6,success,1.0
Modified,normal_city,11,max_escapes,6,success,1.0
Modified,normal_city,12,max_escapes,6,success,1.0
Modified,normal_city,13,max_escapes,6,success,1.0
Modified,normal_city,14,max_escapes,6,success,1.0
Modified,normal_city,15,max_escapes,6,success,1.0
Modified,normal_city,16,max_escapes,6,success,1.0
Modified,normal_city,17,max_escapes,6,success,1.0
Modified,normal_city,18,max_escapes,6,success,1.0
Modified,normal_city,19,max_escapes,6,success,1.0
Modified,normal_city,20,max_escapes,6,success,1.0
Modified,normal_city,21,max_escapes,6,success,1.0
Modified,normal_city,22,max_escapes,6,success,1.0
Modified,normal_city,23,max_escapes,6,success,1.0
Modified,normal_city,24,max_escapes,6,success,1.0
Modified,normal_city,25,max_escapes,6,success,1.0
Modified,normal_city,26,max_escapes,6,success,1.0
Modified,normal_city,27,max_escapes,6,success,1.0
Modified,normal_city,28,max_escapes,6,success,1.0
Modified,normal_city,29,max_escapes,6,success,1.0
Modified,blocked_road,0,max_escapes,6,success,1.0
Modified,blocked_road,1,max_escapes,6,success,1.0
Modified,blocked_road,2,max_escapes,6,success,1.0
Modified,blocked_road,3,max_escapes,6,success,1.0
Modified,blocked_road,4,max_escapes,6,success,1.0
Modified,blocked_road,5,max_escapes,6,success,1.0
Modified,blocked_road,6,max_escapes,6,success,1.0
Modified,blocked_road,7,max_escapes,6,success,1.0
Modified,blocked_road,8,max_escapes,6,success,1.0
Modified,blocked_road,9,max_escapes,6,success,1.0
Modified,blocked_road,10,max_escapes,6,success,1.0
Modified,blocked_road,11,max_escapes,6,success,1.0
Modified,blocked_road,12,max_escapes,6,success,1.0
Modified,blocked_road,13,max_escapes,6,success,1.0
Modified,blocked_road,14,max_escapes,6,success,1.0
Modified,blocked_road,15,max_escapes,6,success,1.0
Modified,blocked_road,16,max_escapes,6,success,1.0
Modified,blocked_road,17,max_escapes,6,success,1.0
Modified,blocked_road,18,max_escapes,6,success,1.0
Modified,blocked_road,19,max_escapes,6,success,1.0
Modified,blocked_road,20,max_escapes,6,success,1.0
Modified,blocked_road,21,max_escapes,6,success,1.0
Modified,blocked_road,22,max_escapes,6,success,1.0
Modified,blocked_road,23,max_escapes,6,success,1.0
Modified,blocked_road,24,max_escapes,6,success,1.0
Modified,blocked_road,25,max_escapes,6,success,1.0
Modified,blocked_road,26,max_escapes,6,success,1.0
Modified,blocked_road,27,max_escapes,6,success,1.0
Modified,blocked_road,28,max_escapes,6,success,1.0
Modified,blocked_road,29,max_escapes,6,success,1.0
Modified,dense_city,0,max_escapes,6,success,1.0
Modified,dense_city,1,max_escapes,6,success,1.0
Modified,dense_city,2,max_escapes,6,success,1.0
Modified,dense_city,3,max_escapes,6,success,1.0
Modified,dense_city,4,max_escapes,6,success,1.0
Modified,dense_city,5,max_escapes,6,success,1.0
Modified,dense_city,6,max_escapes,6,success,1.0
Modified,dense_city,7,max_escapes,6,success,1.0
Modified,dense_city,8,max_escapes,6,success,1.0
Modified,dense_city,9,max_escapes,6,success,0.0
Modified,dense_city,10,max_escapes,6,success,1.0
Modified,dense_city,11,max_escapes,6,success,1.0
Modified,dense_city,12,max_escapes,6,success,1.0
Modified,dense_city,13,max_escapes,6,success,1.0
Modified,dense_city,14,max_escapes,6,success,1.0
Modified,dense_city,15,max_escapes,6,success,1.0
Modified,dense_city,16,max_escapes,6,success,1.0
Modified,dense_city,17,max_escapes,6,success,1.0
Modified,dense_city,18,max_escapes,6,success,1.0
Modified,dense_city,19,max_escapes,6,success,1.0
Modified,dense_city,20,max_escapes,6,success,1.0
Modified,dense_city,21,max_escapes,6,success,1.0
Modified,dense_city,22,max_escapes,6,success,1.0
Modified,dense_city,23,max_escapes,6,success,1.0
Modified,dense_city,24,max_escapes,6,success,1.0
Modified,dense_city,25,max_escapes,6,success,1.0
Modified,dense_city,26,max_escapes,6,success,1.0
Modified,dense_city,27,max_escapes,6,success,1.0
Modified,dense_city,28,max_escapes,6,success,1.0
Modified,dense_city,29,max_escapes,6,success,1.0
Modified,normal_city,0,max_escapes,12,success,1.0
Modified,normal_city,1,max_escapes,12,success,1.0
Modified,normal_city,2,max_escapes,12,success,1.0
Modified,normal_city,3,max_escapes,12,success,1.0
Modified,normal_city,4,max_escapes,12,success,1.0
Modified,normal_city,5,max_escapes,12,success,1.0
Modified,normal_city,6,max_escapes,12,success,1.0
Modified,normal_city,7,max_escapes,12,success,1.0
Modified,normal_city,8,max_escapes,12,success,1.0
Modified,normal_city,9,max_escapes,12,success,1.0
Modified,normal_city,10,max_escapes,12,success,1.0
Modified,normal_city,11,max_escapes,12,success,1.0
Modified,normal_city,12,max_escapes,12,success,1.0
Modified,normal_city,13,max_escapes,12,success,1.0
Modified,normal_city,14,max_escapes,12,success,1.0
Modified,normal_city,15,max_escapes,12,success,1.0
Modified,normal_city,16,max_escapes,12,success,1.0
Modified,normal_city,17,max_escapes,12,success,1.0
Modified,normal_city,18,max_escapes,12,success,1.0
Modified,normal_city,19,max_escapes,12,success,1.0
Modified,normal_city,20,max_escapes,12,success,1.0
Modified,normal_city,21,max_escapes,12,success,1.0
Modified,normal_city,22,max_escapes,12,success,1.0
Modified,normal_city,23,max_escapes,12,success,1.0
Modified,normal_city,24,max_escapes,12,success,1.0
Modified,normal_city,25,max_escapes,12,success,1.0
Modified,normal_city,26,max_escapes,12,success,1.0
Modified,normal_city,27,max_escapes,12,success,1.0
Modified,normal_city,28,max_escapes,12,success,1.0
Modified,normal_city,29,max_escapes,12,success,1.0
Modified,blocked_road,0,max_escapes,12,success,1.0
Modified,blocked_road,1,max_escapes,12,success,1.0
Modified,blocked_road,2,max_escapes,12,success,1.0
Modified,blocked_road,3,max_escapes,12,success,1.0
Modified,blocked_road,4,max_escapes,12,success,1.0
Modified,blocked_road,5,max_escapes,12,success,1.0
Modified,blocked_road,6,max_escapes,12,success,1.0
Modified,blocked_road,7,max_escapes,12,success,1.0
Modified,blocked_road,8,max_escapes,12,success,1.0
Modified,blocked_road,9,max_escapes,12,success,1.0
Modified,blocked_road,10,max_escapes,12,success,1.0
Modified,blocked_road,11,max_escapes,12,success,1.0
Modified,blocked_road,12,max_escapes,12,success,1.0
Modified,blocked_road,13,max_escapes,12,success,1.0
Modified,blocked_road,14,max_escapes,12,success,1.0
Modified,blocked_road,15,max_escapes,12,success,1.0
Modified,blocked_road,16,max_escapes,12,success,1.0
Modified,blocked_road,17,max_escapes,12,success,1.0
Modified,blocked_road,18,max_escapes,12,success,1.0
Modified,blocked_road,19,max_escapes,12,success,1.0
Modified,blocked_road,20,max_escapes,12,success,1.0
Modified,blocked_road,21,max_escapes,12,success,1.0
Modified,blocked_road,22,max_escapes,12,success,1.0
Modified,blocked_road,23,max_escapes,12,success,1.0
Modified,blocked_road,24,max_escapes,12,success,1.0
Modified,blocked_road,25,max_escapes,12,success,1.0
Modified,blocked_road,26,max_escapes,12,success,1.0
Modified,blocked_road,27,max_escapes,12,success,1.0
Modified,blocked_road,28,max_escapes,12,success,1.0
Modified,blocked_road,29,max_escapes,12,success,1.0
Modified,dense_city,0,max_escapes,12,success,1.0
Modified,dense_city,1,max_escapes,12,success,1.0
Modified,dense_city,2,max_escapes,12,success,1.0
Modified,dense_city,3,max_escapes,12,success,1.0
Modified,dense_city,4,max_escapes,12,success,1.0
Modified,dense_city,5,max_escapes,12,success,1.0
Modified,dense_city,6,max_escapes,12,success,1.0
Modified,dense_city,7,max_escapes,12,success,1.0
Modified,dense_city,8,max_escapes,12,success,1.0
Modified,dense_city,9,max_escapes,12,success,0.0
Modified,dense_city,10,max_escapes,12,success,1.0
Modified,dense_city,11,max_escapes,12,success,1.0
Modified,dense_city,12,max_escapes,12,success,1.0
Modified,dense_city,13,max_escapes,12,success,1.0
Modified,dense_city,14,max_escapes,12,success,1.0
Modified,dense_city,15,max_escapes,12,success,1.0
Modified,dense_city,16,max_escapes,12,success,1.0
Modified,dense_city,17,max_escapes,12,success,1.0
Modified,dense_city,18,max_escapes,12,success,1.0
Modified,dense_city,19,max_escapes,12,success,1.0
Modified,dense_city,20,max_escapes,12,success,1.0
Modified,dense_city,21,max_escapes,12,success,1.0
Modified,dense_city,22,max_escapes,12,success,1.0
Modified,dense_city,23,max_escapes,12,success,1.0
Modified,dense_city,24,max_escapes,12,success,1.0
Modified,dense_city,25,max_escapes,12,success,1.0
Modified,dense_city,26,max_escapes,12,success,1.0
Modified,dense_city,27,max_escapes,12,success,1.0
Modified,dense_city,28,max_escapes,12,success,1.0
Modified,dense_city,29,max_escapes,12,success,1.0
Modified,normal_city,0,max_escapes,24,success,1.0
Modified,normal_city,1,max_escapes,24,success,1.0
Modified,normal_city,2,max_escapes,24,success,1.0
Modified,normal_city,3,max_escapes,24,success,1.0
Modified,normal_city,4,max_escapes,24,success,1.0
Modified,normal_city,5,max_escapes,24,success,1.0
Modified,normal_city,6,max_escapes,24,success,1.0
Modified,normal_city,7,max_escapes,24,success,1.0
Modified,normal_city,8,max_escapes,24,success,1.0
Modified,normal_city,9,max_escapes,24,success,1.0
Modified,normal_city,10,max_escapes,24,success,1.0
Modified,normal_city,11,max_escapes,24,success,1.0
Modified,normal_city,12,max_escapes,24,success,1.0
Modified,normal_city,13,max_escapes,24,success,1.0
Modified,normal_city,14,max_escapes,24,success,1.0
Modified,normal_city,15,max_escapes,24,success,1.0
Modified,normal_city,16,max_escapes,24,success,1.0
Modified,normal_city,17,max_escapes,24,success,1.0
Modified,normal_city,18,max_escapes,24,success,1.0
Modified,normal_city,19,max_escapes,24,success,1.0
Modified,normal_city,20,max_escapes,24,success,1.0
Modified,normal_city,21,max_escapes,24,success,1.0
Modified,normal_city,22,max_escapes,24,success,1.0
Modified,normal_city,23,max_escapes,24,success,1.0
Modified,normal_city,24,max_escapes,24,success,1.0
Modified,normal_city,25,max_escapes,24,success,1.0
Modified,normal_city,26,max_escapes,24,success,1.0
Modified,normal_city,27,max_escapes,24,success,1.0
Modified,normal_city,28,max_escapes,24,success,1.0
Modified,normal_city,29,max_escapes,24,success,1.0
Modified,blocked_road,0,max_escapes,24,success,1.0
Modified,blocked_road,1,max_escapes,24,success,1.0
Modified,blocked_road,2,max_escapes,24,success,1.0
Modified,blocked_road,3,max_escapes,24,success,1.0
Modified,blocked_road,4,max_escapes,24,success,1.0
Modified,blocked_road,5,max_escapes,24,success,1.0
Modified,blocked_road,6,max_escapes,24,success,1.0
Modified,blocked_road,7,max_escapes,24,success,1.0
Modified,blocked_road,8,max_escapes,24,success,1.0
Modified,blocked_road,9,max_escapes,24,success,1.0
Modified,blocked_road,10,max_escapes,24,success,1.0
Modified,blocked_road,11,max_escapes,24,success,1.0
Modified,blocked_road,12,max_escapes,24,success,1.0
Modified,blocked_road,13,max_escapes,24,success,1.0
Modified,blocked_road,14,max_escapes,24,success,1.0
Modified,blocked_road,15,max_escapes,24,success,1.0
Modified,blocked_road,16,max_escapes,24,success,1.0
Modified,blocked_road,17,max_escapes,24,success,1.0
Modified,blocked_road,18,max_escapes,24,success,1.0
Modified,blocked_road,19,max_escapes,24,success,1.0
Modified,blocked_road,20,max_escapes,24,success,1.0
Modified,blocked_road,21,max_escapes,24,success,1.0
Modified,blocked_road,22,max_escapes,24,success,1.0
Modified,blocked_road,23,max_escapes,24,success,1.0
Modified,blocked_road,24,max_escapes,24,success,1.0
Modified,blocked_road,25,max_escapes,24,success,1.0
Modified,blocked_road,26,max_escapes,24,success,1.0
Modified,blocked_road,27,max_escapes,24,success,1.0
Modified,blocked_road,28,max_escapes,24,success,1.0
Modified,blocked_road,29,max_escapes,24,success,1.0
Modified,dense_city,0,max_escapes,24,success,1.0
Modified,dense_city,1,max_escapes,24,success,1.0
Modified,dense_city,2,max_escapes,24,success,1.0
Modified,dense_city,3,max_escapes,24,success,1.0
Modified,dense_city,4,max_escapes,24,success,1.0
Modified,dense_city,5,max_escapes,24,success,1.0
Modified,dense_city,6,max_escapes,24,success,1.0
Modified,dense_city,7,max_escapes,24,success,1.0
Modified,dense_city,8,max_escapes,24,success,1.0
Modified,dense_city,9,max_escapes,24,success,0.0
Modified,dense_city,10,max_escapes,24,success,1.0
Modified,dense_city,11,max_escapes,24,success,1.0
Modified,dense_city,12,max_escapes,24,success,1.0
Modified,dense_city,13,max_escapes,24,success,1.0
Modified,dense_city,14,max_escapes,24,success,1.0
Modified,dense_city,15,max_escapes,24,success,1.0
Modified,dense_city,16,max_escapes,24,success,1.0
Modified,dense_city,17,max_escapes,24,success,1.0
Modified,dense_city,18,max_escapes,24,success,1.0
Modified,dense_city,19,max_escapes,24,success,1.0
Modified,dense_city,20,max_escapes,24,success,1.0
Modified,dense_city,21,max_escapes,24,success,1.0
Modified,dense_city,22,max_escapes,24,success,1.0
Modified,dense_city,23,max_escapes,24,success,1.0
Modified,dense_city,24,max_escapes,24,success,1.0
Modified,dense_city,25,max_escapes,24,success,1.0
Modified,dense_city,26,max_escapes,24,success,1.0
Modified,dense_city,27,max_escapes,24,success,1.0
Modified,dense_city,28,max_escapes,24,success,1.0
Modified,dense_city,29,max_escapes,24,success,1.0
Modified,normal_city,0,max_escapes,3,path_length,150.442
Modified,normal_city,1,max_escapes,3,path_length,159.276
Modified,normal_city,2,max_escapes,3,path_length,153.253
Modified,normal_city,3,max_escapes,3,path_length,157.838
Modified,normal_city,4,max_escapes,3,path_length,159.383
Modified,normal_city,5,max_escapes,3,path_length,151.623
Modified,normal_city,6,max_escapes,3,path_length,145.826
Modified,normal_city,7,max_escapes,3,path_length,152.348
Modified,normal_city,8,max_escapes,3,path_length,193.765
Modified,normal_city,9,max_escapes,3,path_length,148.228
Modified,normal_city,10,max_escapes,3,path_length,152.05
Modified,normal_city,11,max_escapes,3,path_length,151.762
Modified,normal_city,12,max_escapes,3,path_length,161.553
Modified,normal_city,13,max_escapes,3,path_length,154.808
Modified,normal_city,14,max_escapes,3,path_length,149.26
Modified,normal_city,15,max_escapes,3,path_length,150.79
Modified,normal_city,16,max_escapes,3,path_length,147.59
Modified,normal_city,17,max_escapes,3,path_length,150.6
Modified,normal_city,18,max_escapes,3,path_length,149.044
Modified,normal_city,19,max_escapes,3,path_length,154.539
Modified,normal_city,20,max_escapes,3,path_length,152.431
Modified,normal_city,21,max_escapes,3,path_length,154.495
Modified,normal_city,22,max_escapes,3,path_length,161.174
Modified,normal_city,23,max_escapes,3,path_length,151.076
Modified,normal_city,24,max_escapes,3,path_length,153.04
Modified,normal_city,25,max_escapes,3,path_length,155.35
Modified,normal_city,26,max_escapes,3,path_length,146.316
Modified,normal_city,27,max_escapes,3,path_length,160.81
Modified,normal_city,28,max_escapes,3,path_length,156.828
Modified,normal_city,29,max_escapes,3,path_length,148.722
Modified,blocked_road,0,max_escapes,3,path_length,200.596
Modified,blocked_road,1,max_escapes,3,path_length,207.092
Modified,blocked_road,2,max_escapes,3,path_length,183.573
Modified,blocked_road,3,max_escapes,3,path_length,162.228
Modified,blocked_road,4,max_escapes,3,path_length,299.831
Modified,blocked_road,5,max_escapes,3,path_length,212.464
Modified,blocked_road,6,max_escapes,3,path_length,167.294
Modified,blocked_road,7,max_escapes,3,path_length,160.752
Modified,blocked_road,8,max_escapes,3,path_length,172.23
Modified,blocked_road,9,max_escapes,3,path_length,163.909
Modified,blocked_road,10,max_escapes,3,path_length,188.185
Modified,blocked_road,11,max_escapes,3,path_length,185.832
Modified,blocked_road,12,max_escapes,3,path_length,205.64
Modified,blocked_road,13,max_escapes,3,path_length,167.364
Modified,blocked_road,14,max_escapes,3,path_length,202.123
Modified,blocked_road,15,max_escapes,3,path_length,205.189
Modified,blocked_road,16,max_escapes,3,path_length,200.612
Modified,blocked_road,17,max_escapes,3,path_length,157.145
Modified,blocked_road,18,max_escapes,3,path_length,160.517
Modified,blocked_road,19,max_escapes,3,path_length,198.783
Modified,blocked_road,20,max_escapes,3,path_length,196.862
Modified,blocked_road,21,max_escapes,3,path_length,165.136
Modified,blocked_road,22,max_escapes,3,path_length,153.581
Modified,blocked_road,23,max_escapes,3,path_length,146.766
Modified,blocked_road,24,max_escapes,3,path_length,158.0
Modified,blocked_road,25,max_escapes,3,path_length,156.388
Modified,blocked_road,26,max_escapes,3,path_length,165.429
Modified,blocked_road,27,max_escapes,3,path_length,163.08
Modified,blocked_road,28,max_escapes,3,path_length,163.782
Modified,blocked_road,29,max_escapes,3,path_length,152.785
Modified,dense_city,0,max_escapes,3,path_length,168.475
Modified,dense_city,1,max_escapes,3,path_length,158.972
Modified,dense_city,2,max_escapes,3,path_length,206.999
Modified,dense_city,3,max_escapes,3,path_length,162.238
Modified,dense_city,4,max_escapes,3,path_length,159.764
Modified,dense_city,5,max_escapes,3,path_length,161.497
Modified,dense_city,6,max_escapes,3,path_length,179.38
Modified,dense_city,7,max_escapes,3,path_length,197.399
Modified,dense_city,8,max_escapes,3,path_length,156.145
Modified,dense_city,9,max_escapes,3,path_length,
Modified,dense_city,10,max_escapes,3,path_length,154.2
Modified,dense_city,11,max_escapes,3,path_length,158.873
Modified,dense_city,12,max_escapes,3,path_length,162.728
Modified,dense_city,13,max_escapes,3,path_length,157.784
Modified,dense_city,14,max_escapes,3,path_length,176.809
Modified,dense_city,15,max_escapes,3,path_length,256.233
Modified,dense_city,16,max_escapes,3,path_length,154.747
Modified,dense_city,17,max_escapes,3,path_length,184.606
Modified,dense_city,18,max_escapes,3,path_length,164.685
Modified,dense_city,19,max_escapes,3,path_length,159.852
Modified,dense_city,20,max_escapes,3,path_length,151.249
Modified,dense_city,21,max_escapes,3,path_length,155.037
Modified,dense_city,22,max_escapes,3,path_length,154.397
Modified,dense_city,23,max_escapes,3,path_length,157.416
Modified,dense_city,24,max_escapes,3,path_length,149.609
Modified,dense_city,25,max_escapes,3,path_length,152.229
Modified,dense_city,26,max_escapes,3,path_length,154.37
Modified,dense_city,27,max_escapes,3,path_length,152.855
Modified,dense_city,28,max_escapes,3,path_length,164.357
Modified,dense_city,29,max_escapes,3,path_length,165.057
Modified,normal_city,0,max_escapes,6,path_length,150.442
Modified,normal_city,1,max_escapes,6,path_length,159.276
Modified,normal_city,2,max_escapes,6,path_length,153.253
Modified,normal_city,3,max_escapes,6,path_length,157.838
Modified,normal_city,4,max_escapes,6,path_length,159.383
Modified,normal_city,5,max_escapes,6,path_length,151.623
Modified,normal_city,6,max_escapes,6,path_length,145.826
Modified,normal_city,7,max_escapes,6,path_length,152.348
Modified,normal_city,8,max_escapes,6,path_length,193.765
Modified,normal_city,9,max_escapes,6,path_length,148.228
Modified,normal_city,10,max_escapes,6,path_length,152.05
Modified,normal_city,11,max_escapes,6,path_length,151.762
Modified,normal_city,12,max_escapes,6,path_length,161.553
Modified,normal_city,13,max_escapes,6,path_length,154.808
Modified,normal_city,14,max_escapes,6,path_length,149.26
Modified,normal_city,15,max_escapes,6,path_length,150.79
Modified,normal_city,16,max_escapes,6,path_length,147.59
Modified,normal_city,17,max_escapes,6,path_length,150.6
Modified,normal_city,18,max_escapes,6,path_length,149.044
Modified,normal_city,19,max_escapes,6,path_length,154.539
Modified,normal_city,20,max_escapes,6,path_length,152.431
Modified,normal_city,21,max_escapes,6,path_length,154.495
Modified,normal_city,22,max_escapes,6,path_length,161.174
Modified,normal_city,23,max_escapes,6,path_length,151.076
Modified,normal_city,24,max_escapes,6,path_length,153.04
Modified,normal_city,25,max_escapes,6,path_length,155.35
Modified,normal_city,26,max_escapes,6,path_length,146.316
Modified,normal_city,27,max_escapes,6,path_length,160.81
Modified,normal_city,28,max_escapes,6,path_length,156.828
Modified,normal_city,29,max_escapes,6,path_length,148.722
Modified,blocked_road,0,max_escapes,6,path_length,200.596
Modified,blocked_road,1,max_escapes,6,path_length,207.092
Modified,blocked_road,2,max_escapes,6,path_length,183.573
Modified,blocked_road,3,max_escapes,6,path_length,162.228
Modified,blocked_road,4,max_escapes,6,path_length,299.831
Modified,blocked_road,5,max_escapes,6,path_length,212.464
Modified,blocked_road,6,max_escapes,6,path_length,167.294
Modified,blocked_road,7,max_escapes,6,path_length,160.752
Modified,blocked_road,8,max_escapes,6,path_length,172.23
Modified,blocked_road,9,max_escapes,6,path_length,163.909
Modified,blocked_road,10,max_escapes,6,path_length,188.185
Modified,blocked_road,11,max_escapes,6,path_length,185.832
Modified,blocked_road,12,max_escapes,6,path_length,205.64
Modified,blocked_road,13,max_escapes,6,path_length,167.364
Modified,blocked_road,14,max_escapes,6,path_length,202.123
Modified,blocked_road,15,max_escapes,6,path_length,205.189
Modified,blocked_road,16,max_escapes,6,path_length,200.612
Modified,blocked_road,17,max_escapes,6,path_length,157.145
Modified,blocked_road,18,max_escapes,6,path_length,160.517
Modified,blocked_road,19,max_escapes,6,path_length,198.783
Modified,blocked_road,20,max_escapes,6,path_length,196.862
Modified,blocked_road,21,max_escapes,6,path_length,165.136
Modified,blocked_road,22,max_escapes,6,path_length,153.581
Modified,blocked_road,23,max_escapes,6,path_length,146.766
Modified,blocked_road,24,max_escapes,6,path_length,158.0
Modified,blocked_road,25,max_escapes,6,path_length,156.388
Modified,blocked_road,26,max_escapes,6,path_length,165.429
Modified,blocked_road,27,max_escapes,6,path_length,163.08
Modified,blocked_road,28,max_escapes,6,path_length,163.782
Modified,blocked_road,29,max_escapes,6,path_length,152.785
Modified,dense_city,0,max_escapes,6,path_length,168.475
Modified,dense_city,1,max_escapes,6,path_length,158.972
Modified,dense_city,2,max_escapes,6,path_length,206.999
Modified,dense_city,3,max_escapes,6,path_length,162.238
Modified,dense_city,4,max_escapes,6,path_length,159.764
Modified,dense_city,5,max_escapes,6,path_length,161.497
Modified,dense_city,6,max_escapes,6,path_length,179.38
Modified,dense_city,7,max_escapes,6,path_length,197.399
Modified,dense_city,8,max_escapes,6,path_length,156.145
Modified,dense_city,9,max_escapes,6,path_length,
Modified,dense_city,10,max_escapes,6,path_length,154.2
Modified,dense_city,11,max_escapes,6,path_length,158.873
Modified,dense_city,12,max_escapes,6,path_length,162.728
Modified,dense_city,13,max_escapes,6,path_length,157.784
Modified,dense_city,14,max_escapes,6,path_length,176.809
Modified,dense_city,15,max_escapes,6,path_length,256.233
Modified,dense_city,16,max_escapes,6,path_length,154.747
Modified,dense_city,17,max_escapes,6,path_length,184.606
Modified,dense_city,18,max_escapes,6,path_length,164.685
Modified,dense_city,19,max_escapes,6,path_length,159.852
Modified,dense_city,20,max_escapes,6,path_length,151.249
Modified,dense_city,21,max_escapes,6,path_length,155.037
Modified,dense_city,22,max_escapes,6,path_length,154.397
Modified,dense_city,23,max_escapes,6,path_length,157.416
Modified,dense_city,24,max_escapes,6,path_length,149.609
Modified,dense_city,25,max_escapes,6,path_length,152.229
Modified,dense_city,26,max_escapes,6,path_length,154.37
Modified,dense_city,27,max_escapes,6,path_length,152.855
Modified,dense_city,28,max_escapes,6,path_length,164.357
Modified,dense_city,29,max_escapes,6,path_length,165.057
Modified,normal_city,0,max_escapes,12,path_length,150.442
Modified,normal_city,1,max_escapes,12,path_length,159.276
Modified,normal_city,2,max_escapes,12,path_length,153.253
Modified,normal_city,3,max_escapes,12,path_length,157.838
Modified,normal_city,4,max_escapes,12,path_length,159.383
Modified,normal_city,5,max_escapes,12,path_length,151.623
Modified,normal_city,6,max_escapes,12,path_length,145.826
Modified,normal_city,7,max_escapes,12,path_length,152.348
Modified,normal_city,8,max_escapes,12,path_length,193.765
Modified,normal_city,9,max_escapes,12,path_length,148.228
Modified,normal_city,10,max_escapes,12,path_length,152.05
Modified,normal_city,11,max_escapes,12,path_length,151.762
Modified,normal_city,12,max_escapes,12,path_length,161.553
Modified,normal_city,13,max_escapes,12,path_length,154.808
Modified,normal_city,14,max_escapes,12,path_length,149.26
Modified,normal_city,15,max_escapes,12,path_length,150.79
Modified,normal_city,16,max_escapes,12,path_length,147.59
Modified,normal_city,17,max_escapes,12,path_length,150.6
Modified,normal_city,18,max_escapes,12,path_length,149.044
Modified,normal_city,19,max_escapes,12,path_length,154.539
Modified,normal_city,20,max_escapes,12,path_length,152.431
Modified,normal_city,21,max_escapes,12,path_length,154.495
Modified,normal_city,22,max_escapes,12,path_length,161.174
Modified,normal_city,23,max_escapes,12,path_length,151.076
Modified,normal_city,24,max_escapes,12,path_length,153.04
Modified,normal_city,25,max_escapes,12,path_length,155.35
Modified,normal_city,26,max_escapes,12,path_length,146.316
Modified,normal_city,27,max_escapes,12,path_length,160.81
Modified,normal_city,28,max_escapes,12,path_length,156.828
Modified,normal_city,29,max_escapes,12,path_length,148.722
Modified,blocked_road,0,max_escapes,12,path_length,200.596
Modified,blocked_road,1,max_escapes,12,path_length,207.092
Modified,blocked_road,2,max_escapes,12,path_length,183.573
Modified,blocked_road,3,max_escapes,12,path_length,162.228
Modified,blocked_road,4,max_escapes,12,path_length,299.831
Modified,blocked_road,5,max_escapes,12,path_length,212.464
Modified,blocked_road,6,max_escapes,12,path_length,167.294
Modified,blocked_road,7,max_escapes,12,path_length,160.752
Modified,blocked_road,8,max_escapes,12,path_length,172.23
Modified,blocked_road,9,max_escapes,12,path_length,163.909
Modified,blocked_road,10,max_escapes,12,path_length,188.185
Modified,blocked_road,11,max_escapes,12,path_length,185.832
Modified,blocked_road,12,max_escapes,12,path_length,205.64
Modified,blocked_road,13,max_escapes,12,path_length,167.364
Modified,blocked_road,14,max_escapes,12,path_length,202.123
Modified,blocked_road,15,max_escapes,12,path_length,205.189
Modified,blocked_road,16,max_escapes,12,path_length,200.612
Modified,blocked_road,17,max_escapes,12,path_length,157.145
Modified,blocked_road,18,max_escapes,12,path_length,160.517
Modified,blocked_road,19,max_escapes,12,path_length,198.783
Modified,blocked_road,20,max_escapes,12,path_length,196.862
Modified,blocked_road,21,max_escapes,12,path_length,165.136
Modified,blocked_road,22,max_escapes,12,path_length,153.581
Modified,blocked_road,23,max_escapes,12,path_length,146.766
Modified,blocked_road,24,max_escapes,12,path_length,158.0
Modified,blocked_road,25,max_escapes,12,path_length,156.388
Modified,blocked_road,26,max_escapes,12,path_length,165.429
Modified,blocked_road,27,max_escapes,12,path_length,163.08
Modified,blocked_road,28,max_escapes,12,path_length,163.782
Modified,blocked_road,29,max_escapes,12,path_length,152.785
Modified,dense_city,0,max_escapes,12,path_length,168.475
Modified,dense_city,1,max_escapes,12,path_length,158.972
Modified,dense_city,2,max_escapes,12,path_length,206.999
Modified,dense_city,3,max_escapes,12,path_length,162.238
Modified,dense_city,4,max_escapes,12,path_length,159.764
Modified,dense_city,5,max_escapes,12,path_length,161.497
Modified,dense_city,6,max_escapes,12,path_length,179.38
Modified,dense_city,7,max_escapes,12,path_length,197.399
Modified,dense_city,8,max_escapes,12,path_length,156.145
Modified,dense_city,9,max_escapes,12,path_length,
Modified,dense_city,10,max_escapes,12,path_length,154.2
Modified,dense_city,11,max_escapes,12,path_length,158.873
Modified,dense_city,12,max_escapes,12,path_length,162.728
Modified,dense_city,13,max_escapes,12,path_length,157.784
Modified,dense_city,14,max_escapes,12,path_length,176.809
Modified,dense_city,15,max_escapes,12,path_length,256.233
Modified,dense_city,16,max_escapes,12,path_length,154.747
Modified,dense_city,17,max_escapes,12,path_length,184.606
Modified,dense_city,18,max_escapes,12,path_length,164.685
Modified,dense_city,19,max_escapes,12,path_length,159.852
Modified,dense_city,20,max_escapes,12,path_length,151.249
Modified,dense_city,21,max_escapes,12,path_length,155.037
Modified,dense_city,22,max_escapes,12,path_length,154.397
Modified,dense_city,23,max_escapes,12,path_length,157.416
Modified,dense_city,24,max_escapes,12,path_length,149.609
Modified,dense_city,25,max_escapes,12,path_length,152.229
Modified,dense_city,26,max_escapes,12,path_length,154.37
Modified,dense_city,27,max_escapes,12,path_length,152.855
Modified,dense_city,28,max_escapes,12,path_length,164.357
Modified,dense_city,29,max_escapes,12,path_length,165.057
Modified,normal_city,0,max_escapes,24,path_length,150.442
Modified,normal_city,1,max_escapes,24,path_length,159.276
Modified,normal_city,2,max_escapes,24,path_length,153.253
Modified,normal_city,3,max_escapes,24,path_length,157.838
Modified,normal_city,4,max_escapes,24,path_length,159.383
Modified,normal_city,5,max_escapes,24,path_length,151.623
Modified,normal_city,6,max_escapes,24,path_length,145.826
Modified,normal_city,7,max_escapes,24,path_length,152.348
Modified,normal_city,8,max_escapes,24,path_length,193.765
Modified,normal_city,9,max_escapes,24,path_length,148.228
Modified,normal_city,10,max_escapes,24,path_length,152.05
Modified,normal_city,11,max_escapes,24,path_length,151.762
Modified,normal_city,12,max_escapes,24,path_length,161.553
Modified,normal_city,13,max_escapes,24,path_length,154.808
Modified,normal_city,14,max_escapes,24,path_length,149.26
Modified,normal_city,15,max_escapes,24,path_length,150.79
Modified,normal_city,16,max_escapes,24,path_length,147.59
Modified,normal_city,17,max_escapes,24,path_length,150.6
Modified,normal_city,18,max_escapes,24,path_length,149.044
Modified,normal_city,19,max_escapes,24,path_length,154.539
Modified,normal_city,20,max_escapes,24,path_length,152.431
Modified,normal_city,21,max_escapes,24,path_length,154.495
Modified,normal_city,22,max_escapes,24,path_length,161.174
Modified,normal_city,23,max_escapes,24,path_length,151.076
Modified,normal_city,24,max_escapes,24,path_length,153.04
Modified,normal_city,25,max_escapes,24,path_length,155.35
Modified,normal_city,26,max_escapes,24,path_length,146.316
Modified,normal_city,27,max_escapes,24,path_length,160.81
Modified,normal_city,28,max_escapes,24,path_length,156.828
Modified,normal_city,29,max_escapes,24,path_length,148.722
Modified,blocked_road,0,max_escapes,24,path_length,200.596
Modified,blocked_road,1,max_escapes,24,path_length,207.092
Modified,blocked_road,2,max_escapes,24,path_length,183.573
Modified,blocked_road,3,max_escapes,24,path_length,162.228
Modified,blocked_road,4,max_escapes,24,path_length,299.831
Modified,blocked_road,5,max_escapes,24,path_length,212.464
Modified,blocked_road,6,max_escapes,24,path_length,167.294
Modified,blocked_road,7,max_escapes,24,path_length,160.752
Modified,blocked_road,8,max_escapes,24,path_length,172.23
Modified,blocked_road,9,max_escapes,24,path_length,163.909
Modified,blocked_road,10,max_escapes,24,path_length,188.185
Modified,blocked_road,11,max_escapes,24,path_length,185.832
Modified,blocked_road,12,max_escapes,24,path_length,205.64
Modified,blocked_road,13,max_escapes,24,path_length,167.364
Modified,blocked_road,14,max_escapes,24,path_length,202.123
Modified,blocked_road,15,max_escapes,24,path_length,205.189
Modified,blocked_road,16,max_escapes,24,path_length,200.612
Modified,blocked_road,17,max_escapes,24,path_length,157.145
Modified,blocked_road,18,max_escapes,24,path_length,160.517
Modified,blocked_road,19,max_escapes,24,path_length,198.783
Modified,blocked_road,20,max_escapes,24,path_length,196.862
Modified,blocked_road,21,max_escapes,24,path_length,165.136
Modified,blocked_road,22,max_escapes,24,path_length,153.581
Modified,blocked_road,23,max_escapes,24,path_length,146.766
Modified,blocked_road,24,max_escapes,24,path_length,158.0
Modified,blocked_road,25,max_escapes,24,path_length,156.388
Modified,blocked_road,26,max_escapes,24,path_length,165.429
Modified,blocked_road,27,max_escapes,24,path_length,163.08
Modified,blocked_road,28,max_escapes,24,path_length,163.782
Modified,blocked_road,29,max_escapes,24,path_length,152.785
Modified,dense_city,0,max_escapes,24,path_length,168.475
Modified,dense_city,1,max_escapes,24,path_length,158.972
Modified,dense_city,2,max_escapes,24,path_length,206.999
Modified,dense_city,3,max_escapes,24,path_length,162.238
Modified,dense_city,4,max_escapes,24,path_length,159.764
Modified,dense_city,5,max_escapes,24,path_length,161.497
Modified,dense_city,6,max_escapes,24,path_length,179.38
Modified,dense_city,7,max_escapes,24,path_length,197.399
Modified,dense_city,8,max_escapes,24,path_length,156.145
Modified,dense_city,9,max_escapes,24,path_length,
Modified,dense_city,10,max_escapes,24,path_length,154.2
Modified,dense_city,11,max_escapes,24,path_length,158.873
Modified,dense_city,12,max_escapes,24,path_length,162.728
Modified,dense_city,13,max_escapes,24,path_length,157.784
Modified,dense_city,14,max_escapes,24,path_length,176.809
Modified,dense_city,15,max_escapes,24,path_length,256.233
Modified,dense_city,16,max_escapes,24,path_length,154.747
Modified,dense_city,17,max_escapes,24,path_length,184.606
Modified,dense_city,18,max_escapes,24,path_length,164.685
Modified,dense_city,19,max_escapes,24,path_length,159.852
Modified,dense_city,20,max_escapes,24,path_length,151.249
Modified,dense_city,21,max_escapes,24,path_length,155.037
Modified,dense_city,22,max_escapes,24,path_length,154.397
Modified,dense_city,23,max_escapes,24,path_length,157.416
Modified,dense_city,24,max_escapes,24,path_length,149.609
Modified,dense_city,25,max_escapes,24,path_length,152.229
Modified,dense_city,26,max_escapes,24,path_length,154.37
Modified,dense_city,27,max_escapes,24,path_length,152.855
Modified,dense_city,28,max_escapes,24,path_length,164.357
Modified,dense_city,29,max_escapes,24,path_length,165.057
Modified,normal_city,0,max_escapes,3,length_ratio,1.0596
Modified,normal_city,1,max_escapes,3,length_ratio,1.1311
Modified,normal_city,2,max_escapes,3,length_ratio,1.0884
Modified,normal_city,3,max_escapes,3,length_ratio,1.0981
Modified,normal_city,4,max_escapes,3,length_ratio,1.1179
Modified,normal_city,5,max_escapes,3,length_ratio,1.0768
Modified,normal_city,6,max_escapes,3,length_ratio,1.0356
Modified,normal_city,7,max_escapes,3,length_ratio,1.0819
Modified,normal_city,8,max_escapes,3,length_ratio,1.3591
Modified,normal_city,9,max_escapes,3,length_ratio,1.044
Modified,normal_city,10,max_escapes,3,length_ratio,1.0621
Modified,normal_city,11,max_escapes,3,length_ratio,1.0689
Modified,normal_city,12,max_escapes,3,length_ratio,1.1473
Modified,normal_city,13,max_escapes,3,length_ratio,1.0814
Modified,normal_city,14,max_escapes,3,length_ratio,1.0513
Modified,normal_city,15,max_escapes,3,length_ratio,1.0577
Modified,normal_city,16,max_escapes,3,length_ratio,1.0438
Modified,normal_city,17,max_escapes,3,length_ratio,1.0607
Modified,normal_city,18,max_escapes,3,length_ratio,1.0673
Modified,normal_city,19,max_escapes,3,length_ratio,1.0751
Modified,normal_city,20,max_escapes,3,length_ratio,1.0692
Modified,normal_city,21,max_escapes,3,length_ratio,1.0837
Modified,normal_city,22,max_escapes,3,length_ratio,1.1305
Modified,normal_city,23,max_escapes,3,length_ratio,1.0729
Modified,normal_city,24,max_escapes,3,length_ratio,1.0734
Modified,normal_city,25,max_escapes,3,length_ratio,1.0897
Modified,normal_city,26,max_escapes,3,length_ratio,1.0305
Modified,normal_city,27,max_escapes,3,length_ratio,1.1233
Modified,normal_city,28,max_escapes,3,length_ratio,1.1137
Modified,normal_city,29,max_escapes,3,length_ratio,1.0432
Modified,blocked_road,0,max_escapes,3,length_ratio,1.3462
Modified,blocked_road,1,max_escapes,3,length_ratio,1.4008
Modified,blocked_road,2,max_escapes,3,length_ratio,1.2417
Modified,blocked_road,3,max_escapes,3,length_ratio,1.076
Modified,blocked_road,4,max_escapes,3,length_ratio,2.0281
Modified,blocked_road,5,max_escapes,3,length_ratio,1.4371
Modified,blocked_road,6,max_escapes,3,length_ratio,1.1316
Modified,blocked_road,7,max_escapes,3,length_ratio,1.0873
Modified,blocked_road,8,max_escapes,3,length_ratio,1.1558
Modified,blocked_road,9,max_escapes,3,length_ratio,1.1087
Modified,blocked_road,10,max_escapes,3,length_ratio,1.253
Modified,blocked_road,11,max_escapes,3,length_ratio,1.2422
Modified,blocked_road,12,max_escapes,3,length_ratio,1.3855
Modified,blocked_road,13,max_escapes,3,length_ratio,1.1321
Modified,blocked_road,14,max_escapes,3,length_ratio,1.3201
Modified,blocked_road,15,max_escapes,3,length_ratio,1.335
Modified,blocked_road,16,max_escapes,3,length_ratio,1.3358
Modified,blocked_road,17,max_escapes,3,length_ratio,1.0546
Modified,blocked_road,18,max_escapes,3,length_ratio,1.0944
Modified,blocked_road,19,max_escapes,3,length_ratio,1.3185
Modified,blocked_road,20,max_escapes,3,length_ratio,1.3108
Modified,blocked_road,21,max_escapes,3,length_ratio,1.1039
Modified,blocked_road,22,max_escapes,3,length_ratio,1.0388
Modified,blocked_road,23,max_escapes,3,length_ratio,0.9927
Modified,blocked_road,24,max_escapes,3,length_ratio,1.0603
Modified,blocked_road,25,max_escapes,3,length_ratio,1.0454
Modified,blocked_road,26,max_escapes,3,length_ratio,1.1015
Modified,blocked_road,27,max_escapes,3,length_ratio,1.0987
Modified,blocked_road,28,max_escapes,3,length_ratio,1.1078
Modified,blocked_road,29,max_escapes,3,length_ratio,1.0213
Modified,dense_city,0,max_escapes,3,length_ratio,1.1218
Modified,dense_city,1,max_escapes,3,length_ratio,1.0585
Modified,dense_city,2,max_escapes,3,length_ratio,1.3783
Modified,dense_city,3,max_escapes,3,length_ratio,1.0931
Modified,dense_city,4,max_escapes,3,length_ratio,1.0638
Modified,dense_city,5,max_escapes,3,length_ratio,1.0949
Modified,dense_city,6,max_escapes,3,length_ratio,1.1944
Modified,dense_city,7,max_escapes,3,length_ratio,1.3057
Modified,dense_city,8,max_escapes,3,length_ratio,1.0646
Modified,dense_city,9,max_escapes,3,length_ratio,
Modified,dense_city,10,max_escapes,3,length_ratio,1.0598
Modified,dense_city,11,max_escapes,3,length_ratio,1.0919
Modified,dense_city,12,max_escapes,3,length_ratio,1.1184
Modified,dense_city,13,max_escapes,3,length_ratio,1.0385
Modified,dense_city,14,max_escapes,3,length_ratio,1.2152
Modified,dense_city,15,max_escapes,3,length_ratio,1.6545
Modified,dense_city,16,max_escapes,3,length_ratio,1.0636
Modified,dense_city,17,max_escapes,3,length_ratio,1.2487
Modified,dense_city,18,max_escapes,3,length_ratio,1.0966
Modified,dense_city,19,max_escapes,3,length_ratio,1.0644
Modified,dense_city,20,max_escapes,3,length_ratio,1.0395
Modified,dense_city,21,max_escapes,3,length_ratio,1.0528
Modified,dense_city,22,max_escapes,3,length_ratio,1.0201
Modified,dense_city,23,max_escapes,3,length_ratio,1.0648
Modified,dense_city,24,max_escapes,3,length_ratio,1.016
Modified,dense_city,25,max_escapes,3,length_ratio,1.0345
Modified,dense_city,26,max_escapes,3,length_ratio,1.0279
Modified,dense_city,27,max_escapes,3,length_ratio,1.0022
Modified,dense_city,28,max_escapes,3,length_ratio,1.0944
Modified,dense_city,29,max_escapes,3,length_ratio,1.1209
Modified,normal_city,0,max_escapes,6,length_ratio,1.0596
Modified,normal_city,1,max_escapes,6,length_ratio,1.1311
Modified,normal_city,2,max_escapes,6,length_ratio,1.0884
Modified,normal_city,3,max_escapes,6,length_ratio,1.0981
Modified,normal_city,4,max_escapes,6,length_ratio,1.1179
Modified,normal_city,5,max_escapes,6,length_ratio,1.0768
Modified,normal_city,6,max_escapes,6,length_ratio,1.0356
Modified,normal_city,7,max_escapes,6,length_ratio,1.0819
Modified,normal_city,8,max_escapes,6,length_ratio,1.3591
Modified,normal_city,9,max_escapes,6,length_ratio,1.044
Modified,normal_city,10,max_escapes,6,length_ratio,1.0621
Modified,normal_city,11,max_escapes,6,length_ratio,1.0689
Modified,normal_city,12,max_escapes,6,length_ratio,1.1473
Modified,normal_city,13,max_escapes,6,length_ratio,1.0814
Modified,normal_city,14,max_escapes,6,length_ratio,1.0513
Modified,normal_city,15,max_escapes,6,length_ratio,1.0577
Modified,normal_city,16,max_escapes,6,length_ratio,1.0438
Modified,normal_city,17,max_escapes,6,length_ratio,1.0607
Modified,normal_city,18,max_escapes,6,length_ratio,1.0673
Modified,normal_city,19,max_escapes,6,length_ratio,1.0751
Modified,normal_city,20,max_escapes,6,length_ratio,1.0692
Modified,normal_city,21,max_escapes,6,length_ratio,1.0837
Modified,normal_city,22,max_escapes,6,length_ratio,1.1305
Modified,normal_city,23,max_escapes,6,length_ratio,1.0729
Modified,normal_city,24,max_escapes,6,length_ratio,1.0734
Modified,normal_city,25,max_escapes,6,length_ratio,1.0897
Modified,normal_city,26,max_escapes,6,length_ratio,1.0305
Modified,normal_city,27,max_escapes,6,length_ratio,1.1233
Modified,normal_city,28,max_escapes,6,length_ratio,1.1137
Modified,normal_city,29,max_escapes,6,length_ratio,1.0432
Modified,blocked_road,0,max_escapes,6,length_ratio,1.3462
Modified,blocked_road,1,max_escapes,6,length_ratio,1.4008
Modified,blocked_road,2,max_escapes,6,length_ratio,1.2417
Modified,blocked_road,3,max_escapes,6,length_ratio,1.076
Modified,blocked_road,4,max_escapes,6,length_ratio,2.0281
Modified,blocked_road,5,max_escapes,6,length_ratio,1.4371
Modified,blocked_road,6,max_escapes,6,length_ratio,1.1316
Modified,blocked_road,7,max_escapes,6,length_ratio,1.0873
Modified,blocked_road,8,max_escapes,6,length_ratio,1.1558
Modified,blocked_road,9,max_escapes,6,length_ratio,1.1087
Modified,blocked_road,10,max_escapes,6,length_ratio,1.253
Modified,blocked_road,11,max_escapes,6,length_ratio,1.2422
Modified,blocked_road,12,max_escapes,6,length_ratio,1.3855
Modified,blocked_road,13,max_escapes,6,length_ratio,1.1321
Modified,blocked_road,14,max_escapes,6,length_ratio,1.3201
Modified,blocked_road,15,max_escapes,6,length_ratio,1.335
Modified,blocked_road,16,max_escapes,6,length_ratio,1.3358
Modified,blocked_road,17,max_escapes,6,length_ratio,1.0546
Modified,blocked_road,18,max_escapes,6,length_ratio,1.0944
Modified,blocked_road,19,max_escapes,6,length_ratio,1.3185
Modified,blocked_road,20,max_escapes,6,length_ratio,1.3108
Modified,blocked_road,21,max_escapes,6,length_ratio,1.1039
Modified,blocked_road,22,max_escapes,6,length_ratio,1.0388
Modified,blocked_road,23,max_escapes,6,length_ratio,0.9927
Modified,blocked_road,24,max_escapes,6,length_ratio,1.0603
Modified,blocked_road,25,max_escapes,6,length_ratio,1.0454
Modified,blocked_road,26,max_escapes,6,length_ratio,1.1015
Modified,blocked_road,27,max_escapes,6,length_ratio,1.0987
Modified,blocked_road,28,max_escapes,6,length_ratio,1.1078
Modified,blocked_road,29,max_escapes,6,length_ratio,1.0213
Modified,dense_city,0,max_escapes,6,length_ratio,1.1218
Modified,dense_city,1,max_escapes,6,length_ratio,1.0585
Modified,dense_city,2,max_escapes,6,length_ratio,1.3783
Modified,dense_city,3,max_escapes,6,length_ratio,1.0931
Modified,dense_city,4,max_escapes,6,length_ratio,1.0638
Modified,dense_city,5,max_escapes,6,length_ratio,1.0949
Modified,dense_city,6,max_escapes,6,length_ratio,1.1944
Modified,dense_city,7,max_escapes,6,length_ratio,1.3057
Modified,dense_city,8,max_escapes,6,length_ratio,1.0646
Modified,dense_city,9,max_escapes,6,length_ratio,
Modified,dense_city,10,max_escapes,6,length_ratio,1.0598
Modified,dense_city,11,max_escapes,6,length_ratio,1.0919
Modified,dense_city,12,max_escapes,6,length_ratio,1.1184
Modified,dense_city,13,max_escapes,6,length_ratio,1.0385
Modified,dense_city,14,max_escapes,6,length_ratio,1.2152
Modified,dense_city,15,max_escapes,6,length_ratio,1.6545
Modified,dense_city,16,max_escapes,6,length_ratio,1.0636
Modified,dense_city,17,max_escapes,6,length_ratio,1.2487
Modified,dense_city,18,max_escapes,6,length_ratio,1.0966
Modified,dense_city,19,max_escapes,6,length_ratio,1.0644
Modified,dense_city,20,max_escapes,6,length_ratio,1.0395
Modified,dense_city,21,max_escapes,6,length_ratio,1.0528
Modified,dense_city,22,max_escapes,6,length_ratio,1.0201
Modified,dense_city,23,max_escapes,6,length_ratio,1.0648
Modified,dense_city,24,max_escapes,6,length_ratio,1.016
Modified,dense_city,25,max_escapes,6,length_ratio,1.0345
Modified,dense_city,26,max_escapes,6,length_ratio,1.0279
Modified,dense_city,27,max_escapes,6,length_ratio,1.0022
Modified,dense_city,28,max_escapes,6,length_ratio,1.0944
Modified,dense_city,29,max_escapes,6,length_ratio,1.1209
Modified,normal_city,0,max_escapes,12,length_ratio,1.0596
Modified,normal_city,1,max_escapes,12,length_ratio,1.1311
Modified,normal_city,2,max_escapes,12,length_ratio,1.0884
Modified,normal_city,3,max_escapes,12,length_ratio,1.0981
Modified,normal_city,4,max_escapes,12,length_ratio,1.1179
Modified,normal_city,5,max_escapes,12,length_ratio,1.0768
Modified,normal_city,6,max_escapes,12,length_ratio,1.0356
Modified,normal_city,7,max_escapes,12,length_ratio,1.0819
Modified,normal_city,8,max_escapes,12,length_ratio,1.3591
Modified,normal_city,9,max_escapes,12,length_ratio,1.044
Modified,normal_city,10,max_escapes,12,length_ratio,1.0621
Modified,normal_city,11,max_escapes,12,length_ratio,1.0689
Modified,normal_city,12,max_escapes,12,length_ratio,1.1473
Modified,normal_city,13,max_escapes,12,length_ratio,1.0814
Modified,normal_city,14,max_escapes,12,length_ratio,1.0513
Modified,normal_city,15,max_escapes,12,length_ratio,1.0577
Modified,normal_city,16,max_escapes,12,length_ratio,1.0438
Modified,normal_city,17,max_escapes,12,length_ratio,1.0607
Modified,normal_city,18,max_escapes,12,length_ratio,1.0673
Modified,normal_city,19,max_escapes,12,length_ratio,1.0751
Modified,normal_city,20,max_escapes,12,length_ratio,1.0692
Modified,normal_city,21,max_escapes,12,length_ratio,1.0837
Modified,normal_city,22,max_escapes,12,length_ratio,1.1305
Modified,normal_city,23,max_escapes,12,length_ratio,1.0729
Modified,normal_city,24,max_escapes,12,length_ratio,1.0734
Modified,normal_city,25,max_escapes,12,length_ratio,1.0897
Modified,normal_city,26,max_escapes,12,length_ratio,1.0305
Modified,normal_city,27,max_escapes,12,length_ratio,1.1233
Modified,normal_city,28,max_escapes,12,length_ratio,1.1137
Modified,normal_city,29,max_escapes,12,length_ratio,1.0432
Modified,blocked_road,0,max_escapes,12,length_ratio,1.3462
Modified,blocked_road,1,max_escapes,12,length_ratio,1.4008
Modified,blocked_road,2,max_escapes,12,length_ratio,1.2417
Modified,blocked_road,3,max_escapes,12,length_ratio,1.076
Modified,blocked_road,4,max_escapes,12,length_ratio,2.0281
Modified,blocked_road,5,max_escapes,12,length_ratio,1.4371
Modified,blocked_road,6,max_escapes,12,length_ratio,1.1316
Modified,blocked_road,7,max_escapes,12,length_ratio,1.0873
Modified,blocked_road,8,max_escapes,12,length_ratio,1.1558
Modified,blocked_road,9,max_escapes,12,length_ratio,1.1087
Modified,blocked_road,10,max_escapes,12,length_ratio,1.253
Modified,blocked_road,11,max_escapes,12,length_ratio,1.2422
Modified,blocked_road,12,max_escapes,12,length_ratio,1.3855
Modified,blocked_road,13,max_escapes,12,length_ratio,1.1321
Modified,blocked_road,14,max_escapes,12,length_ratio,1.3201
Modified,blocked_road,15,max_escapes,12,length_ratio,1.335
Modified,blocked_road,16,max_escapes,12,length_ratio,1.3358
Modified,blocked_road,17,max_escapes,12,length_ratio,1.0546
Modified,blocked_road,18,max_escapes,12,length_ratio,1.0944
Modified,blocked_road,19,max_escapes,12,length_ratio,1.3185
Modified,blocked_road,20,max_escapes,12,length_ratio,1.3108
Modified,blocked_road,21,max_escapes,12,length_ratio,1.1039
Modified,blocked_road,22,max_escapes,12,length_ratio,1.0388
Modified,blocked_road,23,max_escapes,12,length_ratio,0.9927
Modified,blocked_road,24,max_escapes,12,length_ratio,1.0603
Modified,blocked_road,25,max_escapes,12,length_ratio,1.0454
Modified,blocked_road,26,max_escapes,12,length_ratio,1.1015
Modified,blocked_road,27,max_escapes,12,length_ratio,1.0987
Modified,blocked_road,28,max_escapes,12,length_ratio,1.1078
Modified,blocked_road,29,max_escapes,12,length_ratio,1.0213
Modified,dense_city,0,max_escapes,12,length_ratio,1.1218
Modified,dense_city,1,max_escapes,12,length_ratio,1.0585
Modified,dense_city,2,max_escapes,12,length_ratio,1.3783
Modified,dense_city,3,max_escapes,12,length_ratio,1.0931
Modified,dense_city,4,max_escapes,12,length_ratio,1.0638
Modified,dense_city,5,max_escapes,12,length_ratio,1.0949
Modified,dense_city,6,max_escapes,12,length_ratio,1.1944
Modified,dense_city,7,max_escapes,12,length_ratio,1.3057
Modified,dense_city,8,max_escapes,12,length_ratio,1.0646
Modified,dense_city,9,max_escapes,12,length_ratio,
Modified,dense_city,10,max_escapes,12,length_ratio,1.0598
Modified,dense_city,11,max_escapes,12,length_ratio,1.0919
Modified,dense_city,12,max_escapes,12,length_ratio,1.1184
Modified,dense_city,13,max_escapes,12,length_ratio,1.0385
Modified,dense_city,14,max_escapes,12,length_ratio,1.2152
Modified,dense_city,15,max_escapes,12,length_ratio,1.6545
Modified,dense_city,16,max_escapes,12,length_ratio,1.0636
Modified,dense_city,17,max_escapes,12,length_ratio,1.2487
Modified,dense_city,18,max_escapes,12,length_ratio,1.0966
Modified,dense_city,19,max_escapes,12,length_ratio,1.0644
Modified,dense_city,20,max_escapes,12,length_ratio,1.0395
Modified,dense_city,21,max_escapes,12,length_ratio,1.0528
Modified,dense_city,22,max_escapes,12,length_ratio,1.0201
Modified,dense_city,23,max_escapes,12,length_ratio,1.0648
Modified,dense_city,24,max_escapes,12,length_ratio,1.016
Modified,dense_city,25,max_escapes,12,length_ratio,1.0345
Modified,dense_city,26,max_escapes,12,length_ratio,1.0279
Modified,dense_city,27,max_escapes,12,length_ratio,1.0022
Modified,dense_city,28,max_escapes,12,length_ratio,1.0944
Modified,dense_city,29,max_escapes,12,length_ratio,1.1209
Modified,normal_city,0,max_escapes,24,length_ratio,1.0596
Modified,normal_city,1,max_escapes,24,length_ratio,1.1311
Modified,normal_city,2,max_escapes,24,length_ratio,1.0884
Modified,normal_city,3,max_escapes,24,length_ratio,1.0981
Modified,normal_city,4,max_escapes,24,length_ratio,1.1179
Modified,normal_city,5,max_escapes,24,length_ratio,1.0768
Modified,normal_city,6,max_escapes,24,length_ratio,1.0356
Modified,normal_city,7,max_escapes,24,length_ratio,1.0819
Modified,normal_city,8,max_escapes,24,length_ratio,1.3591
Modified,normal_city,9,max_escapes,24,length_ratio,1.044
Modified,normal_city,10,max_escapes,24,length_ratio,1.0621
Modified,normal_city,11,max_escapes,24,length_ratio,1.0689
Modified,normal_city,12,max_escapes,24,length_ratio,1.1473
Modified,normal_city,13,max_escapes,24,length_ratio,1.0814
Modified,normal_city,14,max_escapes,24,length_ratio,1.0513
Modified,normal_city,15,max_escapes,24,length_ratio,1.0577
Modified,normal_city,16,max_escapes,24,length_ratio,1.0438
Modified,normal_city,17,max_escapes,24,length_ratio,1.0607
Modified,normal_city,18,max_escapes,24,length_ratio,1.0673
Modified,normal_city,19,max_escapes,24,length_ratio,1.0751
Modified,normal_city,20,max_escapes,24,length_ratio,1.0692
Modified,normal_city,21,max_escapes,24,length_ratio,1.0837
Modified,normal_city,22,max_escapes,24,length_ratio,1.1305
Modified,normal_city,23,max_escapes,24,length_ratio,1.0729
Modified,normal_city,24,max_escapes,24,length_ratio,1.0734
Modified,normal_city,25,max_escapes,24,length_ratio,1.0897
Modified,normal_city,26,max_escapes,24,length_ratio,1.0305
Modified,normal_city,27,max_escapes,24,length_ratio,1.1233
Modified,normal_city,28,max_escapes,24,length_ratio,1.1137
Modified,normal_city,29,max_escapes,24,length_ratio,1.0432
Modified,blocked_road,0,max_escapes,24,length_ratio,1.3462
Modified,blocked_road,1,max_escapes,24,length_ratio,1.4008
Modified,blocked_road,2,max_escapes,24,length_ratio,1.2417
Modified,blocked_road,3,max_escapes,24,length_ratio,1.076
Modified,blocked_road,4,max_escapes,24,length_ratio,2.0281
Modified,blocked_road,5,max_escapes,24,length_ratio,1.4371
Modified,blocked_road,6,max_escapes,24,length_ratio,1.1316
Modified,blocked_road,7,max_escapes,24,length_ratio,1.0873
Modified,blocked_road,8,max_escapes,24,length_ratio,1.1558
Modified,blocked_road,9,max_escapes,24,length_ratio,1.1087
Modified,blocked_road,10,max_escapes,24,length_ratio,1.253
Modified,blocked_road,11,max_escapes,24,length_ratio,1.2422
Modified,blocked_road,12,max_escapes,24,length_ratio,1.3855
Modified,blocked_road,13,max_escapes,24,length_ratio,1.1321
Modified,blocked_road,14,max_escapes,24,length_ratio,1.3201
Modified,blocked_road,15,max_escapes,24,length_ratio,1.335
Modified,blocked_road,16,max_escapes,24,length_ratio,1.3358
Modified,blocked_road,17,max_escapes,24,length_ratio,1.0546
Modified,blocked_road,18,max_escapes,24,length_ratio,1.0944
Modified,blocked_road,19,max_escapes,24,length_ratio,1.3185
Modified,blocked_road,20,max_escapes,24,length_ratio,1.3108
Modified,blocked_road,21,max_escapes,24,length_ratio,1.1039
Modified,blocked_road,22,max_escapes,24,length_ratio,1.0388
Modified,blocked_road,23,max_escapes,24,length_ratio,0.9927
Modified,blocked_road,24,max_escapes,24,length_ratio,1.0603
Modified,blocked_road,25,max_escapes,24,length_ratio,1.0454
Modified,blocked_road,26,max_escapes,24,length_ratio,1.1015
Modified,blocked_road,27,max_escapes,24,length_ratio,1.0987
Modified,blocked_road,28,max_escapes,24,length_ratio,1.1078
Modified,blocked_road,29,max_escapes,24,length_ratio,1.0213
Modified,dense_city,0,max_escapes,24,length_ratio,1.1218
Modified,dense_city,1,max_escapes,24,length_ratio,1.0585
Modified,dense_city,2,max_escapes,24,length_ratio,1.3783
Modified,dense_city,3,max_escapes,24,length_ratio,1.0931
Modified,dense_city,4,max_escapes,24,length_ratio,1.0638
Modified,dense_city,5,max_escapes,24,length_ratio,1.0949
Modified,dense_city,6,max_escapes,24,length_ratio,1.1944
Modified,dense_city,7,max_escapes,24,length_ratio,1.3057
Modified,dense_city,8,max_escapes,24,length_ratio,1.0646
Modified,dense_city,9,max_escapes,24,length_ratio,
Modified,dense_city,10,max_escapes,24,length_ratio,1.0598
Modified,dense_city,11,max_escapes,24,length_ratio,1.0919
Modified,dense_city,12,max_escapes,24,length_ratio,1.1184
Modified,dense_city,13,max_escapes,24,length_ratio,1.0385
Modified,dense_city,14,max_escapes,24,length_ratio,1.2152
Modified,dense_city,15,max_escapes,24,length_ratio,1.6545
Modified,dense_city,16,max_escapes,24,length_ratio,1.0636
Modified,dense_city,17,max_escapes,24,length_ratio,1.2487
Modified,dense_city,18,max_escapes,24,length_ratio,1.0966
Modified,dense_city,19,max_escapes,24,length_ratio,1.0644
Modified,dense_city,20,max_escapes,24,length_ratio,1.0395
Modified,dense_city,21,max_escapes,24,length_ratio,1.0528
Modified,dense_city,22,max_escapes,24,length_ratio,1.0201
Modified,dense_city,23,max_escapes,24,length_ratio,1.0648
Modified,dense_city,24,max_escapes,24,length_ratio,1.016
Modified,dense_city,25,max_escapes,24,length_ratio,1.0345
Modified,dense_city,26,max_escapes,24,length_ratio,1.0279
Modified,dense_city,27,max_escapes,24,length_ratio,1.0022
Modified,dense_city,28,max_escapes,24,length_ratio,1.0944
Modified,dense_city,29,max_escapes,24,length_ratio,1.1209
Modified,normal_city,0,max_escapes,3,curvature,0.3656
Modified,normal_city,1,max_escapes,3,curvature,0.6053
Modified,normal_city,2,max_escapes,3,curvature,0.4782
Modified,normal_city,3,max_escapes,3,curvature,0.4025
Modified,normal_city,4,max_escapes,3,curvature,0.6152
Modified,normal_city,5,max_escapes,3,curvature,0.4383
Modified,normal_city,6,max_escapes,3,curvature,0.0769
Modified,normal_city,7,max_escapes,3,curvature,0.4722
Modified,normal_city,8,max_escapes,3,curvature,0.323
Modified,normal_city,9,max_escapes,3,curvature,0.0801
Modified,normal_city,10,max_escapes,3,curvature,0.4629
Modified,normal_city,11,max_escapes,3,curvature,0.4538
Modified,normal_city,12,max_escapes,3,curvature,0.2408
Modified,normal_city,13,max_escapes,3,curvature,0.4357
Modified,normal_city,14,max_escapes,3,curvature,0.3549
Modified,normal_city,15,max_escapes,3,curvature,0.4144
Modified,normal_city,16,max_escapes,3,curvature,0.3561
Modified,normal_city,17,max_escapes,3,curvature,0.0913
Modified,normal_city,18,max_escapes,3,curvature,0.4196
Modified,normal_city,19,max_escapes,3,curvature,0.2918
Modified,normal_city,20,max_escapes,3,curvature,0.4781
Modified,normal_city,21,max_escapes,3,curvature,0.5
Modified,normal_city,22,max_escapes,3,curvature,0.5958
Modified,normal_city,23,max_escapes,3,curvature,0.0828
Modified,normal_city,24,max_escapes,3,curvature,0.4465
Modified,normal_city,25,max_escapes,3,curvature,0.5089
Modified,normal_city,26,max_escapes,3,curvature,0.324
Modified,normal_city,27,max_escapes,3,curvature,0.6126
Modified,normal_city,28,max_escapes,3,curvature,0.5586
Modified,normal_city,29,max_escapes,3,curvature,0.3552
Modified,blocked_road,0,max_escapes,3,curvature,0.2725
Modified,blocked_road,1,max_escapes,3,curvature,0.2277
Modified,blocked_road,2,max_escapes,3,curvature,0.1745
Modified,blocked_road,3,max_escapes,3,curvature,0.0939
Modified,blocked_road,4,max_escapes,3,curvature,0.1549
Modified,blocked_road,5,max_escapes,3,curvature,0.2213
Modified,blocked_road,6,max_escapes,3,curvature,0.1369
Modified,blocked_road,7,max_escapes,3,curvature,0.4942
Modified,blocked_road,8,max_escapes,3,curvature,0.0989
Modified,blocked_road,9,max_escapes,3,curvature,0.2107
Modified,blocked_road,10,max_escapes,3,curvature,0.0801
Modified,blocked_road,11,max_escapes,3,curvature,0.0748
Modified,blocked_road,12,max_escapes,3,curvature,0.1317
Modified,blocked_road,13,max_escapes,3,curvature,0.4438
Modified,blocked_road,14,max_escapes,3,curvature,0.2141
Modified,blocked_road,15,max_escapes,3,curvature,0.2221
Modified,blocked_road,16,max_escapes,3,curvature,0.2502
Modified,blocked_road,17,max_escapes,3,curvature,0.0774
Modified,blocked_road,18,max_escapes,3,curvature,0.452
Modified,blocked_road,19,max_escapes,3,curvature,0.165
Modified,blocked_road,20,max_escapes,3,curvature,0.1961
Modified,blocked_road,21,max_escapes,3,curvature,0.0653
Modified,blocked_road,22,max_escapes,3,curvature,0.0639
Modified,blocked_road,23,max_escapes,3,curvature,0.0763
Modified,blocked_road,24,max_escapes,3,curvature,0.1098
Modified,blocked_road,25,max_escapes,3,curvature,0.3728
Modified,blocked_road,26,max_escapes,3,curvature,0.2155
Modified,blocked_road,27,max_escapes,3,curvature,0.1311
Modified,blocked_road,28,max_escapes,3,curvature,0.1155
Modified,blocked_road,29,max_escapes,3,curvature,0.1156
Modified,dense_city,0,max_escapes,3,curvature,0.1198
Modified,dense_city,1,max_escapes,3,curvature,0.0443
Modified,dense_city,2,max_escapes,3,curvature,0.0794
Modified,dense_city,3,max_escapes,3,curvature,0.0908
Modified,dense_city,4,max_escapes,3,curvature,0.0533
Modified,dense_city,5,max_escapes,3,curvature,0.3728
Modified,dense_city,6,max_escapes,3,curvature,0.101
Modified,dense_city,7,max_escapes,3,curvature,0.4446
Modified,dense_city,8,max_escapes,3,curvature,0.0608
Modified,dense_city,9,max_escapes,3,curvature,
Modified,dense_city,10,max_escapes,3,curvature,0.0747
Modified,dense_city,11,max_escapes,3,curvature,0.0591
Modified,dense_city,12,max_escapes,3,curvature,0.2177
Modified,dense_city,13,max_escapes,3,curvature,0.0603
Modified,dense_city,14,max_escapes,3,curvature,0.1065
Modified,dense_city,15,max_escapes,3,curvature,0.1686
Modified,dense_city,16,max_escapes,3,curvature,0.0783
Modified,dense_city,17,max_escapes,3,curvature,0.0635
Modified,dense_city,18,max_escapes,3,curvature,0.1165
Modified,dense_city,19,max_escapes,3,curvature,0.0693
Modified,dense_city,20,max_escapes,3,curvature,0.1026
Modified,dense_city,21,max_escapes,3,curvature,0.0696
Modified,dense_city,22,max_escapes,3,curvature,0.0663
Modified,dense_city,23,max_escapes,3,curvature,0.0741
Modified,dense_city,24,max_escapes,3,curvature,0.0768
Modified,dense_city,25,max_escapes,3,curvature,0.0872
Modified,dense_city,26,max_escapes,3,curvature,0.0679
Modified,dense_city,27,max_escapes,3,curvature,0.0766
Modified,dense_city,28,max_escapes,3,curvature,0.0383
Modified,dense_city,29,max_escapes,3,curvature,0.0644
Modified,normal_city,0,max_escapes,6,curvature,0.3656
Modified,normal_city,1,max_escapes,6,curvature,0.6053
Modified,normal_city,2,max_escapes,6,curvature,0.4782
Modified,normal_city,3,max_escapes,6,curvature,0.4025
Modified,normal_city,4,max_escapes,6,curvature,0.6152
Modified,normal_city,5,max_escapes,6,curvature,0.4383
Modified,normal_city,6,max_escapes,6,curvature,0.0769
Modified,normal_city,7,max_escapes,6,curvature,0.4722
Modified,normal_city,8,max_escapes,6,curvature,0.323
Modified,normal_city,9,max_escapes,6,curvature,0.0801
Modified,normal_city,10,max_escapes,6,curvature,0.4629
Modified,normal_city,11,max_escapes,6,curvature,0.4538
Modified,normal_city,12,max_escapes,6,curvature,0.2408
Modified,normal_city,13,max_escapes,6,curvature,0.4357
Modified,normal_city,14,max_escapes,6,curvature,0.3549
Modified,normal_city,15,max_escapes,6,curvature,0.4144
Modified,normal_city,16,max_escapes,6,curvature,0.3561
Modified,normal_city,17,max_escapes,6,curvature,0.0913
Modified,normal_city,18,max_escapes,6,curvature,0.4196
Modified,normal_city,19,max_escapes,6,curvature,0.2918
Modified,normal_city,20,max_escapes,6,curvature,0.4781
Modified,normal_city,21,max_escapes,6,curvature,0.5
Modified,normal_city,22,max_escapes,6,curvature,0.5958
Modified,normal_city,23,max_escapes,6,curvature,0.0828
Modified,normal_city,24,max_escapes,6,curvature,0.4465
Modified,normal_city,25,max_escapes,6,curvature,0.5089
Modified,normal_city,26,max_escapes,6,curvature,0.324
Modified,normal_city,27,max_escapes,6,curvature,0.6126
Modified,normal_city,28,max_escapes,6,curvature,0.5586
Modified,normal_city,29,max_escapes,6,curvature,0.3552
Modified,blocked_road,0,max_escapes,6,curvature,0.2725
Modified,blocked_road,1,max_escapes,6,curvature,0.2277
Modified,blocked_road,2,max_escapes,6,curvature,0.1745
Modified,blocked_road,3,max_escapes,6,curvature,0.0939
Modified,blocked_road,4,max_escapes,6,curvature,0.1549
Modified,blocked_road,5,max_escapes,6,curvature,0.2213
Modified,blocked_road,6,max_escapes,6,curvature,0.1369
Modified,blocked_road,7,max_escapes,6,curvature,0.4942
Modified,blocked_road,8,max_escapes,6,curvature,0.0989
Modified,blocked_road,9,max_escapes,6,curvature,0.2107
Modified,blocked_road,10,max_escapes,6,curvature,0.0801
Modified,blocked_road,11,max_escapes,6,curvature,0.0748
Modified,blocked_road,12,max_escapes,6,curvature,0.1317
Modified,blocked_road,13,max_escapes,6,curvature,0.4438
Modified,blocked_road,14,max_escapes,6,curvature,0.2141
Modified,blocked_road,15,max_escapes,6,curvature,0.2221
Modified,blocked_road,16,max_escapes,6,curvature,0.2502
Modified,blocked_road,17,max_escapes,6,curvature,0.0774
Modified,blocked_road,18,max_escapes,6,curvature,0.452
Modified,blocked_road,19,max_escapes,6,curvature,0.165
Modified,blocked_road,20,max_escapes,6,curvature,0.1961
Modified,blocked_road,21,max_escapes,6,curvature,0.0653
Modified,blocked_road,22,max_escapes,6,curvature,0.0639
Modified,blocked_road,23,max_escapes,6,curvature,0.0763
Modified,blocked_road,24,max_escapes,6,curvature,0.1098
Modified,blocked_road,25,max_escapes,6,curvature,0.3728
Modified,blocked_road,26,max_escapes,6,curvature,0.2155
Modified,blocked_road,27,max_escapes,6,curvature,0.1311
Modified,blocked_road,28,max_escapes,6,curvature,0.1155
Modified,blocked_road,29,max_escapes,6,curvature,0.1156
Modified,dense_city,0,max_escapes,6,curvature,0.1198
Modified,dense_city,1,max_escapes,6,curvature,0.0443
Modified,dense_city,2,max_escapes,6,curvature,0.0794
Modified,dense_city,3,max_escapes,6,curvature,0.0908
Modified,dense_city,4,max_escapes,6,curvature,0.0533
Modified,dense_city,5,max_escapes,6,curvature,0.3728
Modified,dense_city,6,max_escapes,6,curvature,0.101
Modified,dense_city,7,max_escapes,6,curvature,0.4446
Modified,dense_city,8,max_escapes,6,curvature,0.0608
Modified,dense_city,9,max_escapes,6,curvature,
Modified,dense_city,10,max_escapes,6,curvature,0.0747
Modified,dense_city,11,max_escapes,6,curvature,0.0591
Modified,dense_city,12,max_escapes,6,curvature,0.2177
Modified,dense_city,13,max_escapes,6,curvature,0.0603
Modified,dense_city,14,max_escapes,6,curvature,0.1065
Modified,dense_city,15,max_escapes,6,curvature,0.1686
Modified,dense_city,16,max_escapes,6,curvature,0.0783
Modified,dense_city,17,max_escapes,6,curvature,0.0635
Modified,dense_city,18,max_escapes,6,curvature,0.1165
Modified,dense_city,19,max_escapes,6,curvature,0.0693
Modified,dense_city,20,max_escapes,6,curvature,0.1026
Modified,dense_city,21,max_escapes,6,curvature,0.0696
Modified,dense_city,22,max_escapes,6,curvature,0.0663
Modified,dense_city,23,max_escapes,6,curvature,0.0741
Modified,dense_city,24,max_escapes,6,curvature,0.0768
Modified,dense_city,25,max_escapes,6,curvature,0.0872
Modified,dense_city,26,max_escapes,6,curvature,0.0679
Modified,dense_city,27,max_escapes,6,curvature,0.0766
Modified,dense_city,28,max_escapes,6,curvature,0.0383
Modified,dense_city,29,max_escapes,6,curvature,0.0644
Modified,normal_city,0,max_escapes,12,curvature,0.3656
Modified,normal_city,1,max_escapes,12,curvature,0.6053
Modified,normal_city,2,max_escapes,12,curvature,0.4782
Modified,normal_city,3,max_escapes,12,curvature,0.4025
Modified,normal_city,4,max_escapes,12,curvature,0.6152
Modified,normal_city,5,max_escapes,12,curvature,0.4383
Modified,normal_city,6,max_escapes,12,curvature,0.0769
Modified,normal_city,7,max_escapes,12,curvature,0.4722
Modified,normal_city,8,max_escapes,12,curvature,0.323
Modified,normal_city,9,max_escapes,12,curvature,0.0801
Modified,normal_city,10,max_escapes,12,curvature,0.4629
Modified,normal_city,11,max_escapes,12,curvature,0.4538
Modified,normal_city,12,max_escapes,12,curvature,0.2408
Modified,normal_city,13,max_escapes,12,curvature,0.4357
Modified,normal_city,14,max_escapes,12,curvature,0.3549
Modified,normal_city,15,max_escapes,12,curvature,0.4144
Modified,normal_city,16,max_escapes,12,curvature,0.3561
Modified,normal_city,17,max_escapes,12,curvature,0.0913
Modified,normal_city,18,max_escapes,12,curvature,0.4196
Modified,normal_city,19,max_escapes,12,curvature,0.2918
Modified,normal_city,20,max_escapes,12,curvature,0.4781
Modified,normal_city,21,max_escapes,12,curvature,0.5
Modified,normal_city,22,max_escapes,12,curvature,0.5958
Modified,normal_city,23,max_escapes,12,curvature,0.0828
Modified,normal_city,24,max_escapes,12,curvature,0.4465
Modified,normal_city,25,max_escapes,12,curvature,0.5089
Modified,normal_city,26,max_escapes,12,curvature,0.324
Modified,normal_city,27,max_escapes,12,curvature,0.6126
Modified,normal_city,28,max_escapes,12,curvature,0.5586
Modified,normal_city,29,max_escapes,12,curvature,0.3552
Modified,blocked_road,0,max_escapes,12,curvature,0.2725
Modified,blocked_road,1,max_escapes,12,curvature,0.2277
Modified,blocked_road,2,max_escapes,12,curvature,0.1745
Modified,blocked_road,3,max_escapes,12,curvature,0.0939
Modified,blocked_road,4,max_escapes,12,curvature,0.1549
Modified,blocked_road,5,max_escapes,12,curvature,0.2213
Modified,blocked_road,6,max_escapes,12,curvature,0.1369
Modified,blocked_road,7,max_escapes,12,curvature,0.4942
Modified,blocked_road,8,max_escapes,12,curvature,0.0989
Modified,blocked_road,9,max_escapes,12,curvature,0.2107
Modified,blocked_road,10,max_escapes,12,curvature,0.0801
Modified,blocked_road,11,max_escapes,12,curvature,0.0748
Modified,blocked_road,12,max_escapes,12,curvature,0.1317
Modified,blocked_road,13,max_escapes,12,curvature,0.4438
Modified,blocked_road,14,max_escapes,12,curvature,0.2141
Modified,blocked_road,15,max_escapes,12,curvature,0.2221
Modified,blocked_road,16,max_escapes,12,curvature,0.2502
Modified,blocked_road,17,max_escapes,12,curvature,0.0774
Modified,blocked_road,18,max_escapes,12,curvature,0.452
Modified,blocked_road,19,max_escapes,12,curvature,0.165
Modified,blocked_road,20,max_escapes,12,curvature,0.1961
Modified,blocked_road,21,max_escapes,12,curvature,0.0653
Modified,blocked_road,22,max_escapes,12,curvature,0.0639
Modified,blocked_road,23,max_escapes,12,curvature,0.0763
Modified,blocked_road,24,max_escapes,12,curvature,0.1098
Modified,blocked_road,25,max_escapes,12,curvature,0.3728
Modified,blocked_road,26,max_escapes,12,curvature,0.2155
Modified,blocked_road,27,max_escapes,12,curvature,0.1311
Modified,blocked_road,28,max_escapes,12,curvature,0.1155
Modified,blocked_road,29,max_escapes,12,curvature,0.1156
Modified,dense_city,0,max_escapes,12,curvature,0.1198
Modified,dense_city,1,max_escapes,12,curvature,0.0443
Modified,dense_city,2,max_escapes,12,curvature,0.0794
Modified,dense_city,3,max_escapes,12,curvature,0.0908
Modified,dense_city,4,max_escapes,12,curvature,0.0533
Modified,dense_city,5,max_escapes,12,curvature,0.3728
Modified,dense_city,6,max_escapes,12,curvature,0.101
Modified,dense_city,7,max_escapes,12,curvature,0.4446
Modified,dense_city,8,max_escapes,12,curvature,0.0608
Modified,dense_city,9,max_escapes,12,curvature,
Modified,dense_city,10,max_escapes,12,curvature,0.0747
Modified,dense_city,11,max_escapes,12,curvature,0.0591
Modified,dense_city,12,max_escapes,12,curvature,0.2177
Modified,dense_city,13,max_escapes,12,curvature,0.0603
Modified,dense_city,14,max_escapes,12,curvature,0.1065
Modified,dense_city,15,max_escapes,12,curvature,0.1686
Modified,dense_city,16,max_escapes,12,curvature,0.0783
Modified,dense_city,17,max_escapes,12,curvature,0.0635
Modified,dense_city,18,max_escapes,12,curvature,0.1165
Modified,dense_city,19,max_escapes,12,curvature,0.0693
Modified,dense_city,20,max_escapes,12,curvature,0.1026
Modified,dense_city,21,max_escapes,12,curvature,0.0696
Modified,dense_city,22,max_escapes,12,curvature,0.0663
Modified,dense_city,23,max_escapes,12,curvature,0.0741
Modified,dense_city,24,max_escapes,12,curvature,0.0768
Modified,dense_city,25,max_escapes,12,curvature,0.0872
Modified,dense_city,26,max_escapes,12,curvature,0.0679
Modified,dense_city,27,max_escapes,12,curvature,0.0766
Modified,dense_city,28,max_escapes,12,curvature,0.0383
Modified,dense_city,29,max_escapes,12,curvature,0.0644
Modified,normal_city,0,max_escapes,24,curvature,0.3656
Modified,normal_city,1,max_escapes,24,curvature,0.6053
Modified,normal_city,2,max_escapes,24,curvature,0.4782
Modified,normal_city,3,max_escapes,24,curvature,0.4025
Modified,normal_city,4,max_escapes,24,curvature,0.6152
Modified,normal_city,5,max_escapes,24,curvature,0.4383
Modified,normal_city,6,max_escapes,24,curvature,0.0769
Modified,normal_city,7,max_escapes,24,curvature,0.4722
Modified,normal_city,8,max_escapes,24,curvature,0.323
Modified,normal_city,9,max_escapes,24,curvature,0.0801
Modified,normal_city,10,max_escapes,24,curvature,0.4629
Modified,normal_city,11,max_escapes,24,curvature,0.4538
Modified,normal_city,12,max_escapes,24,curvature,0.2408
Modified,normal_city,13,max_escapes,24,curvature,0.4357
Modified,normal_city,14,max_escapes,24,curvature,0.3549
Modified,normal_city,15,max_escapes,24,curvature,0.4144
Modified,normal_city,16,max_escapes,24,curvature,0.3561
Modified,normal_city,17,max_escapes,24,curvature,0.0913
Modified,normal_city,18,max_escapes,24,curvature,0.4196
Modified,normal_city,19,max_escapes,24,curvature,0.2918
Modified,normal_city,20,max_escapes,24,curvature,0.4781
Modified,normal_city,21,max_escapes,24,curvature,0.5
Modified,normal_city,22,max_escapes,24,curvature,0.5958
Modified,normal_city,23,max_escapes,24,curvature,0.0828
Modified,normal_city,24,max_escapes,24,curvature,0.4465
Modified,normal_city,25,max_escapes,24,curvature,0.5089
Modified,normal_city,26,max_escapes,24,curvature,0.324
Modified,normal_city,27,max_escapes,24,curvature,0.6126
Modified,normal_city,28,max_escapes,24,curvature,0.5586
Modified,normal_city,29,max_escapes,24,curvature,0.3552
Modified,blocked_road,0,max_escapes,24,curvature,0.2725
Modified,blocked_road,1,max_escapes,24,curvature,0.2277
Modified,blocked_road,2,max_escapes,24,curvature,0.1745
Modified,blocked_road,3,max_escapes,24,curvature,0.0939
Modified,blocked_road,4,max_escapes,24,curvature,0.1549
Modified,blocked_road,5,max_escapes,24,curvature,0.2213
Modified,blocked_road,6,max_escapes,24,curvature,0.1369
Modified,blocked_road,7,max_escapes,24,curvature,0.4942
Modified,blocked_road,8,max_escapes,24,curvature,0.0989
Modified,blocked_road,9,max_escapes,24,curvature,0.2107
Modified,blocked_road,10,max_escapes,24,curvature,0.0801
Modified,blocked_road,11,max_escapes,24,curvature,0.0748
Modified,blocked_road,12,max_escapes,24,curvature,0.1317
Modified,blocked_road,13,max_escapes,24,curvature,0.4438
Modified,blocked_road,14,max_escapes,24,curvature,0.2141
Modified,blocked_road,15,max_escapes,24,curvature,0.2221
Modified,blocked_road,16,max_escapes,24,curvature,0.2502
Modified,blocked_road,17,max_escapes,24,curvature,0.0774
Modified,blocked_road,18,max_escapes,24,curvature,0.452
Modified,blocked_road,19,max_escapes,24,curvature,0.165
Modified,blocked_road,20,max_escapes,24,curvature,0.1961
Modified,blocked_road,21,max_escapes,24,curvature,0.0653
Modified,blocked_road,22,max_escapes,24,curvature,0.0639
Modified,blocked_road,23,max_escapes,24,curvature,0.0763
Modified,blocked_road,24,max_escapes,24,curvature,0.1098
Modified,blocked_road,25,max_escapes,24,curvature,0.3728
Modified,blocked_road,26,max_escapes,24,curvature,0.2155
Modified,blocked_road,27,max_escapes,24,curvature,0.1311
Modified,blocked_road,28,max_escapes,24,curvature,0.1155
Modified,blocked_road,29,max_escapes,24,curvature,0.1156
Modified,dense_city,0,max_escapes,24,curvature,0.1198
Modified,dense_city,1,max_escapes,24,curvature,0.0443
Modified,dense_city,2,max_escapes,24,curvature,0.0794
Modified,dense_city,3,max_escapes,24,curvature,0.0908
Modified,dense_city,4,max_escapes,24,curvature,0.0533
Modified,dense_city,5,max_escapes,24,curvature,0.3728
Modified,dense_city,6,max_escapes,24,curvature,0.101
Modified,dense_city,7,max_escapes,24,curvature,0.4446
Modified,dense_city,8,max_escapes,24,curvature,0.0608
Modified,dense_city,9,max_escapes,24,curvature,
Modified,dense_city,10,max_escapes,24,curvature,0.0747
Modified,dense_city,11,max_escapes,24,curvature,0.0591
Modified,dense_city,12,max_escapes,24,curvature,0.2177
Modified,dense_city,13,max_escapes,24,curvature,0.0603
Modified,dense_city,14,max_escapes,24,curvature,0.1065
Modified,dense_city,15,max_escapes,24,curvature,0.1686
Modified,dense_city,16,max_escapes,24,curvature,0.0783
Modified,dense_city,17,max_escapes,24,curvature,0.0635
Modified,dense_city,18,max_escapes,24,curvature,0.1165
Modified,dense_city,19,max_escapes,24,curvature,0.0693
Modified,dense_city,20,max_escapes,24,curvature,0.1026
Modified,dense_city,21,max_escapes,24,curvature,0.0696
Modified,dense_city,22,max_escapes,24,curvature,0.0663
Modified,dense_city,23,max_escapes,24,curvature,0.0741
Modified,dense_city,24,max_escapes,24,curvature,0.0768
Modified,dense_city,25,max_escapes,24,curvature,0.0872
Modified,dense_city,26,max_escapes,24,curvature,0.0679
Modified,dense_city,27,max_escapes,24,curvature,0.0766
Modified,dense_city,28,max_escapes,24,curvature,0.0383
Modified,dense_city,29,max_escapes,24,curvature,0.0644
Modified,normal_city,0,max_escapes,3,max_curvature,2.2033
Modified,normal_city,1,max_escapes,3,max_curvature,3.0624
Modified,normal_city,2,max_escapes,3,max_curvature,3.3136
Modified,normal_city,3,max_escapes,3,max_curvature,2.8915
Modified,normal_city,4,max_escapes,3,max_curvature,3.9804
Modified,normal_city,5,max_escapes,3,max_curvature,2.8413
Modified,normal_city,6,max_escapes,3,max_curvature,1.2789
Modified,normal_city,7,max_escapes,3,max_curvature,3.7787
Modified,normal_city,8,max_escapes,3,max_curvature,6.0915
Modified,normal_city,9,max_escapes,3,max_curvature,1.3016
Modified,normal_city,10,max_escapes,3,max_curvature,3.1554
Modified,normal_city,11,max_escapes,3,max_curvature,5.7435
Modified,normal_city,12,max_escapes,3,max_curvature,10.4322
Modified,normal_city,13,max_escapes,3,max_curvature,1.8712
Modified,normal_city,14,max_escapes,3,max_curvature,1.6253
Modified,normal_city,15,max_escapes,3,max_curvature,1.6217
Modified,normal_city,16,max_escapes,3,max_curvature,1.6973
Modified,normal_city,17,max_escapes,3,max_curvature,2.2736
Modified,normal_city,18,max_escapes,3,max_curvature,1.8452
Modified,normal_city,19,max_escapes,3,max_curvature,11.6428
Modified,normal_city,20,max_escapes,3,max_curvature,2.4635
Modified,normal_city,21,max_escapes,3,max_curvature,3.0115
Modified,normal_city,22,max_escapes,3,max_curvature,3.2756
Modified,normal_city,23,max_escapes,3,max_curvature,0.9687
Modified,normal_city,24,max_escapes,3,max_curvature,2.0847
Modified,normal_city,25,max_escapes,3,max_curvature,2.7863
Modified,normal_city,26,max_escapes,3,max_curvature,1.5596
Modified,normal_city,27,max_escapes,3,max_curvature,4.5341
Modified,normal_city,28,max_escapes,3,max_curvature,3.7768
Modified,normal_city,29,max_escapes,3,max_curvature,1.8672
Modified,blocked_road,0,max_escapes,3,max_curvature,5.7702
Modified,blocked_road,1,max_escapes,3,max_curvature,2.8714
Modified,blocked_road,2,max_escapes,3,max_curvature,2.805
Modified,blocked_road,3,max_escapes,3,max_curvature,1.3089
Modified,blocked_road,4,max_escapes,3,max_curvature,4.5255
Modified,blocked_road,5,max_escapes,3,max_curvature,5.3251
Modified,blocked_road,6,max_escapes,3,max_curvature,3.3082
Modified,blocked_road,7,max_escapes,3,max_curvature,3.868
Modified,blocked_road,8,max_escapes,3,max_curvature,3.263
Modified,blocked_road,9,max_escapes,3,max_curvature,9.723
Modified,blocked_road,10,max_escapes,3,max_curvature,3.1264
Modified,blocked_road,11,max_escapes,3,max_curvature,3.5317
Modified,blocked_road,12,max_escapes,3,max_curvature,4.0447
Modified,blocked_road,13,max_escapes,3,max_curvature,3.6979
Modified,blocked_road,14,max_escapes,3,max_curvature,7.2946
Modified,blocked_road,15,max_escapes,3,max_curvature,6.2131
Modified,blocked_road,16,max_escapes,3,max_curvature,5.3348
Modified,blocked_road,17,max_escapes,3,max_curvature,2.0361
Modified,blocked_road,18,max_escapes,3,max_curvature,7.4232
Modified,blocked_road,19,max_escapes,3,max_curvature,2.1394
Modified,blocked_road,20,max_escapes,3,max_curvature,2.3816
Modified,blocked_road,21,max_escapes,3,max_curvature,4.6859
Modified,blocked_road,22,max_escapes,3,max_curvature,1.4738
Modified,blocked_road,23,max_escapes,3,max_curvature,0.8004
Modified,blocked_road,24,max_escapes,3,max_curvature,4.3535
Modified,blocked_road,25,max_escapes,3,max_curvature,2.1538
Modified,blocked_road,26,max_escapes,3,max_curvature,11.7337
Modified,blocked_road,27,max_escapes,3,max_curvature,5.6346
Modified,blocked_road,28,max_escapes,3,max_curvature,5.1027
Modified,blocked_road,29,max_escapes,3,max_curvature,1.3326
Modified,dense_city,0,max_escapes,3,max_curvature,2.964
Modified,dense_city,1,max_escapes,3,max_curvature,1.284
Modified,dense_city,2,max_escapes,3,max_curvature,4.5315
Modified,dense_city,3,max_escapes,3,max_curvature,4.6525
Modified,dense_city,4,max_escapes,3,max_curvature,1.6778
Modified,dense_city,5,max_escapes,3,max_curvature,2.3893
Modified,dense_city,6,max_escapes,3,max_curvature,1.2
Modified,dense_city,7,max_escapes,3,max_curvature,5.529
Modified,dense_city,8,max_escapes,3,max_curvature,1.4281
Modified,dense_city,9,max_escapes,3,max_curvature,
Modified,dense_city,10,max_escapes,3,max_curvature,1.3357
Modified,dense_city,11,max_escapes,3,max_curvature,1.7391
Modified,dense_city,12,max_escapes,3,max_curvature,4.1934
Modified,dense_city,13,max_escapes,3,max_curvature,1.3643
Modified,dense_city,14,max_escapes,3,max_curvature,4.0662
Modified,dense_city,15,max_escapes,3,max_curvature,6.5942
Modified,dense_city,16,max_escapes,3,max_curvature,2.1306
Modified,dense_city,17,max_escapes,3,max_curvature,4.0171
Modified,dense_city,18,max_escapes,3,max_curvature,3.9746
Modified,dense_city,19,max_escapes,3,max_curvature,2.2591
Modified,dense_city,20,max_escapes,3,max_curvature,1.911
Modified,dense_city,21,max_escapes,3,max_curvature,1.5462
Modified,dense_city,22,max_escapes,3,max_curvature,1.4091
Modified,dense_city,23,max_escapes,3,max_curvature,1.5618
Modified,dense_city,24,max_escapes,3,max_curvature,1.4492
Modified,dense_city,25,max_escapes,3,max_curvature,1.4665
Modified,dense_city,26,max_escapes,3,max_curvature,1.5609
Modified,dense_city,27,max_escapes,3,max_curvature,1.0189
Modified,dense_city,28,max_escapes,3,max_curvature,1.1004
Modified,dense_city,29,max_escapes,3,max_curvature,1.3793
Modified,normal_city,0,max_escapes,6,max_curvature,2.2033
Modified,normal_city,1,max_escapes,6,max_curvature,3.0624
Modified,normal_city,2,max_escapes,6,max_curvature,3.3136
Modified,normal_city,3,max_escapes,6,max_curvature,2.8915
Modified,normal_city,4,max_escapes,6,max_curvature,3.9804
Modified,normal_city,5,max_escapes,6,max_curvature,2.8413
Modified,normal_city,6,max_escapes,6,max_curvature,1.2789
Modified,normal_city,7,max_escapes,6,max_curvature,3.7787
Modified,normal_city,8,max_escapes,6,max_curvature,6.0915
Modified,normal_city,9,max_escapes,6,max_curvature,1.3016
Modified,normal_city,10,max_escapes,6,max_curvature,3.1554
Modified,normal_city,11,max_escapes,6,max_curvature,5.7435
Modified,normal_city,12,max_escapes,6,max_curvature,10.4322
Modified,normal_city,13,max_escapes,6,max_curvature,1.8712
Modified,normal_city,14,max_escapes,6,max_curvature,1.6253
Modified,normal_city,15,max_escapes,6,max_curvature,1.6217
Modified,normal_city,16,max_escapes,6,max_curvature,1.6973
Modified,normal_city,17,max_escapes,6,max_curvature,2.2736
Modified,normal_city,18,max_escapes,6,max_curvature,1.8452
Modified,normal_city,19,max_escapes,6,max_curvature,11.6428
Modified,normal_city,20,max_escapes,6,max_curvature,2.4635
Modified,normal_city,21,max_escapes,6,max_curvature,3.0115
Modified,normal_city,22,max_escapes,6,max_curvature,3.2756
Modified,normal_city,23,max_escapes,6,max_curvature,0.9687
Modified,normal_city,24,max_escapes,6,max_curvature,2.0847
Modified,normal_city,25,max_escapes,6,max_curvature,2.7863
Modified,normal_city,26,max_escapes,6,max_curvature,1.5596
Modified,normal_city,27,max_escapes,6,max_curvature,4.5341
Modified,normal_city,28,max_escapes,6,max_curvature,3.7768
Modified,normal_city,29,max_escapes,6,max_curvature,1.8672
Modified,blocked_road,0,max_escapes,6,max_curvature,5.7702
Modified,blocked_road,1,max_escapes,6,max_curvature,2.8714
Modified,blocked_road,2,max_escapes,6,max_curvature,2.805
Modified,blocked_road,3,max_escapes,6,max_curvature,1.3089
Modified,blocked_road,4,max_escapes,6,max_curvature,4.5255
Modified,blocked_road,5,max_escapes,6,max_curvature,5.3251
Modified,blocked_road,6,max_escapes,6,max_curvature,3.3082
Modified,blocked_road,7,max_escapes,6,max_curvature,3.868
Modified,blocked_road,8,max_escapes,6,max_curvature,3.263
Modified,blocked_road,9,max_escapes,6,max_curvature,9.723
Modified,blocked_road,10,max_escapes,6,max_curvature,3.1264
Modified,blocked_road,11,max_escapes,6,max_curvature,3.5317
Modified,blocked_road,12,max_escapes,6,max_curvature,4.0447
Modified,blocked_road,13,max_escapes,6,max_curvature,3.6979
Modified,blocked_road,14,max_escapes,6,max_curvature,7.2946
Modified,blocked_road,15,max_escapes,6,max_curvature,6.2131
Modified,blocked_road,16,max_escapes,6,max_curvature,5.3348
Modified,blocked_road,17,max_escapes,6,max_curvature,2.0361
Modified,blocked_road,18,max_escapes,6,max_curvature,7.4232
Modified,blocked_road,19,max_escapes,6,max_curvature,2.1394
Modified,blocked_road,20,max_escapes,6,max_curvature,2.3816
Modified,blocked_road,21,max_escapes,6,max_curvature,4.6859
Modified,blocked_road,22,max_escapes,6,max_curvature,1.4738
Modified,blocked_road,23,max_escapes,6,max_curvature,0.8004
Modified,blocked_road,24,max_escapes,6,max_curvature,4.3535
Modified,blocked_road,25,max_escapes,6,max_curvature,2.1538
Modified,blocked_road,26,max_escapes,6,max_curvature,11.7337
Modified,blocked_road,27,max_escapes,6,max_curvature,5.6346
Modified,blocked_road,28,max_escapes,6,max_curvature,5.1027
Modified,blocked_road,29,max_escapes,6,max_curvature,1.3326
Modified,dense_city,0,max_escapes,6,max_curvature,2.964
Modified,dense_city,1,max_escapes,6,max_curvature,1.284
Modified,dense_city,2,max_escapes,6,max_curvature,4.5315
Modified,dense_city,3,max_escapes,6,max_curvature,4.6525
Modified,dense_city,4,max_escapes,6,max_curvature,1.6778
Modified,dense_city,5,max_escapes,6,max_curvature,2.3893
Modified,dense_city,6,max_escapes,6,max_curvature,1.2
Modified,dense_city,7,max_escapes,6,max_curvature,5.529
Modified,dense_city,8,max_escapes,6,max_curvature,1.4281
Modified,dense_city,9,max_escapes,6,max_curvature,
Modified,dense_city,10,max_escapes,6,max_curvature,1.3357
Modified,dense_city,11,max_escapes,6,max_curvature,1.7391
Modified,dense_city,12,max_escapes,6,max_curvature,4.1934
Modified,dense_city,13,max_escapes,6,max_curvature,1.3643
Modified,dense_city,14,max_escapes,6,max_curvature,4.0662
Modified,dense_city,15,max_escapes,6,max_curvature,6.5942
Modified,dense_city,16,max_escapes,6,max_curvature,2.1306
Modified,dense_city,17,max_escapes,6,max_curvature,4.0171
Modified,dense_city,18,max_escapes,6,max_curvature,3.9746
Modified,dense_city,19,max_escapes,6,max_curvature,2.2591
Modified,dense_city,20,max_escapes,6,max_curvature,1.911
Modified,dense_city,21,max_escapes,6,max_curvature,1.5462
Modified,dense_city,22,max_escapes,6,max_curvature,1.4091
Modified,dense_city,23,max_escapes,6,max_curvature,1.5618
Modified,dense_city,24,max_escapes,6,max_curvature,1.4492
Modified,dense_city,25,max_escapes,6,max_curvature,1.4665
Modified,dense_city,26,max_escapes,6,max_curvature,1.5609
Modified,dense_city,27,max_escapes,6,max_curvature,1.0189
Modified,dense_city,28,max_escapes,6,max_curvature,1.1004
Modified,dense_city,29,max_escapes,6,max_curvature,1.3793
Modified,normal_city,0,max_escapes,12,max_curvature,2.2033
Modified,normal_city,1,max_escapes,12,max_curvature,3.0624
Modified,normal_city,2,max_escapes,12,max_curvature,3.3136
Modified,normal_city,3,max_escapes,12,max_curvature,2.8915
Modified,normal_city,4,max_escapes,12,max_curvature,3.9804
Modified,normal_city,5,max_escapes,12,max_curvature,2.8413
Modified,normal_city,6,max_escapes,12,max_curvature,1.2789
Modified,normal_city,7,max_escapes,12,max_curvature,3.7787
Modified,normal_city,8,max_escapes,12,max_curvature,6.0915
Modified,normal_city,9,max_escapes,12,max_curvature,1.3016
Modified,normal_city,10,max_escapes,12,max_curvature,3.1554
Modified,normal_city,11,max_escapes,12,max_curvature,5.7435
Modified,normal_city,12,max_escapes,12,max_curvature,10.4322
Modified,normal_city,13,max_escapes,12,max_curvature,1.8712
Modified,normal_city,14,max_escapes,12,max_curvature,1.6253
Modified,normal_city,15,max_escapes,12,max_curvature,1.6217
Modified,normal_city,16,max_escapes,12,max_curvature,1.6973
Modified,normal_city,17,max_escapes,12,max_curvature,2.2736
Modified,normal_city,18,max_escapes,12,max_curvature,1.8452
Modified,normal_city,19,max_escapes,12,max_curvature,11.6428
Modified,normal_city,20,max_escapes,12,max_curvature,2.4635
Modified,normal_city,21,max_escapes,12,max_curvature,3.0115
Modified,normal_city,22,max_escapes,12,max_curvature,3.2756
Modified,normal_city,23,max_escapes,12,max_curvature,0.9687
Modified,normal_city,24,max_escapes,12,max_curvature,2.0847
Modified,normal_city,25,max_escapes,12,max_curvature,2.7863
Modified,normal_city,26,max_escapes,12,max_curvature,1.5596
Modified,normal_city,27,max_escapes,12,max_curvature,4.5341
Modified,normal_city,28,max_escapes,12,max_curvature,3.7768
Modified,normal_city,29,max_escapes,12,max_curvature,1.8672
Modified,blocked_road,0,max_escapes,12,max_curvature,5.7702
Modified,blocked_road,1,max_escapes,12,max_curvature,2.8714
Modified,blocked_road,2,max_escapes,12,max_curvature,2.805
Modified,blocked_road,3,max_escapes,12,max_curvature,1.3089
Modified,blocked_road,4,max_escapes,12,max_curvature,4.5255
Modified,blocked_road,5,max_escapes,12,max_curvature,5.3251
Modified,blocked_road,6,max_escapes,12,max_curvature,3.3082
Modified,blocked_road,7,max_escapes,12,max_curvature,3.868
Modified,blocked_road,8,max_escapes,12,max_curvature,3.263
Modified,blocked_road,9,max_escapes,12,max_curvature,9.723
Modified,blocked_road,10,max_escapes,12,max_curvature,3.1264
Modified,blocked_road,11,max_escapes,12,max_curvature,3.5317
Modified,blocked_road,12,max_escapes,12,max_curvature,4.0447
Modified,blocked_road,13,max_escapes,12,max_curvature,3.6979
Modified,blocked_road,14,max_escapes,12,max_curvature,7.2946
Modified,blocked_road,15,max_escapes,12,max_curvature,6.2131
Modified,blocked_road,16,max_escapes,12,max_curvature,5.3348
Modified,blocked_road,17,max_escapes,12,max_curvature,2.0361
Modified,blocked_road,18,max_escapes,12,max_curvature,7.4232
Modified,blocked_road,19,max_escapes,12,max_curvature,2.1394
Modified,blocked_road,20,max_escapes,12,max_curvature,2.3816
Modified,blocked_road,21,max_escapes,12,max_curvature,4.6859
Modified,blocked_road,22,max_escapes,12,max_curvature,1.4738
Modified,blocked_road,23,max_escapes,12,max_curvature,0.8004
Modified,blocked_road,24,max_escapes,12,max_curvature,4.3535
Modified,blocked_road,25,max_escapes,12,max_curvature,2.1538
Modified,blocked_road,26,max_escapes,12,max_curvature,11.7337
Modified,blocked_road,27,max_escapes,12,max_curvature,5.6346
Modified,blocked_road,28,max_escapes,12,max_curvature,5.1027
Modified,blocked_road,29,max_escapes,12,max_curvature,1.3326
Modified,dense_city,0,max_escapes,12,max_curvature,2.964
Modified,dense_city,1,max_escapes,12,max_curvature,1.284
Modified,dense_city,2,max_escapes,12,max_curvature,4.5315
Modified,dense_city,3,max_escapes,12,max_curvature,4.6525
Modified,dense_city,4,max_escapes,12,max_curvature,1.6778
Modified,dense_city,5,max_escapes,12,max_curvature,2.3893
Modified,dense_city,6,max_escapes,12,max_curvature,1.2
Modified,dense_city,7,max_escapes,12,max_curvature,5.529
Modified,dense_city,8,max_escapes,12,max_curvature,1.4281
Modified,dense_city,9,max_escapes,12,max_curvature,
Modified,dense_city,10,max_escapes,12,max_curvature,1.3357
Modified,dense_city,11,max_escapes,12,max_curvature,1.7391
Modified,dense_city,12,max_escapes,12,max_curvature,4.1934
Modified,dense_city,13,max_escapes,12,max_curvature,1.3643
Modified,dense_city,14,max_escapes,12,max_curvature,4.0662
Modified,dense_city,15,max_escapes,12,max_curvature,6.5942
Modified,dense_city,16,max_escapes,12,max_curvature,2.1306
Modified,dense_city,17,max_escapes,12,max_curvature,4.0171
Modified,dense_city,18,max_escapes,12,max_curvature,3.9746
Modified,dense_city,19,max_escapes,12,max_curvature,2.2591
Modified,dense_city,20,max_escapes,12,max_curvature,1.911
Modified,dense_city,21,max_escapes,12,max_curvature,1.5462
Modified,dense_city,22,max_escapes,12,max_curvature,1.4091
Modified,dense_city,23,max_escapes,12,max_curvature,1.5618
Modified,dense_city,24,max_escapes,12,max_curvature,1.4492
Modified,dense_city,25,max_escapes,12,max_curvature,1.4665
Modified,dense_city,26,max_escapes,12,max_curvature,1.5609
Modified,dense_city,27,max_escapes,12,max_curvature,1.0189
Modified,dense_city,28,max_escapes,12,max_curvature,1.1004
Modified,dense_city,29,max_escapes,12,max_curvature,1.3793
Modified,normal_city,0,max_escapes,24,max_curvature,2.2033
Modified,normal_city,1,max_escapes,24,max_curvature,3.0624
Modified,normal_city,2,max_escapes,24,max_curvature,3.3136
Modified,normal_city,3,max_escapes,24,max_curvature,2.8915
Modified,normal_city,4,max_escapes,24,max_curvature,3.9804
Modified,normal_city,5,max_escapes,24,max_curvature,2.8413
Modified,normal_city,6,max_escapes,24,max_curvature,1.2789
Modified,normal_city,7,max_escapes,24,max_curvature,3.7787
Modified,normal_city,8,max_escapes,24,max_curvature,6.0915
Modified,normal_city,9,max_escapes,24,max_curvature,1.3016
Modified,normal_city,10,max_escapes,24,max_curvature,3.1554
Modified,normal_city,11,max_escapes,24,max_curvature,5.7435
Modified,normal_city,12,max_escapes,24,max_curvature,10.4322
Modified,normal_city,13,max_escapes,24,max_curvature,1.8712
Modified,normal_city,14,max_escapes,24,max_curvature,1.6253
Modified,normal_city,15,max_escapes,24,max_curvature,1.6217
Modified,normal_city,16,max_escapes,24,max_curvature,1.6973
Modified,normal_city,17,max_escapes,24,max_curvature,2.2736
Modified,normal_city,18,max_escapes,24,max_curvature,1.8452
Modified,normal_city,19,max_escapes,24,max_curvature,11.6428
Modified,normal_city,20,max_escapes,24,max_curvature,2.4635
Modified,normal_city,21,max_escapes,24,max_curvature,3.0115
Modified,normal_city,22,max_escapes,24,max_curvature,3.2756
Modified,normal_city,23,max_escapes,24,max_curvature,0.9687
Modified,normal_city,24,max_escapes,24,max_curvature,2.0847
Modified,normal_city,25,max_escapes,24,max_curvature,2.7863
Modified,normal_city,26,max_escapes,24,max_curvature,1.5596
Modified,normal_city,27,max_escapes,24,max_curvature,4.5341
Modified,normal_city,28,max_escapes,24,max_curvature,3.7768
Modified,normal_city,29,max_escapes,24,max_curvature,1.8672
Modified,blocked_road,0,max_escapes,24,max_curvature,5.7702
Modified,blocked_road,1,max_escapes,24,max_curvature,2.8714
Modified,blocked_road,2,max_escapes,24,max_curvature,2.805
Modified,blocked_road,3,max_escapes,24,max_curvature,1.3089
Modified,blocked_road,4,max_escapes,24,max_curvature,4.5255
Modified,blocked_road,5,max_escapes,24,max_curvature,5.3251
Modified,blocked_road,6,max_escapes,24,max_curvature,3.3082
Modified,blocked_road,7,max_escapes,24,max_curvature,3.868
Modified,blocked_road,8,max_escapes,24,max_curvature,3.263
Modified,blocked_road,9,max_escapes,24,max_curvature,9.723
Modified,blocked_road,10,max_escapes,24,max_curvature,3.1264
Modified,blocked_road,11,max_escapes,24,max_curvature,3.5317
Modified,blocked_road,12,max_escapes,24,max_curvature,4.0447
Modified,blocked_road,13,max_escapes,24,max_curvature,3.6979
Modified,blocked_road,14,max_escapes,24,max_curvature,7.2946
Modified,blocked_road,15,max_escapes,24,max_curvature,6.2131
Modified,blocked_road,16,max_escapes,24,max_curvature,5.3348
Modified,blocked_road,17,max_escapes,24,max_curvature,2.0361
Modified,blocked_road,18,max_escapes,24,max_curvature,7.4232
Modified,blocked_road,19,max_escapes,24,max_curvature,2.1394
Modified,blocked_road,20,max_escapes,24,max_curvature,2.3816
Modified,blocked_road,21,max_escapes,24,max_curvature,4.6859
Modified,blocked_road,22,max_escapes,24,max_curvature,1.4738
Modified,blocked_road,23,max_escapes,24,max_curvature,0.8004
Modified,blocked_road,24,max_escapes,24,max_curvature,4.3535
Modified,blocked_road,25,max_escapes,24,max_curvature,2.1538
Modified,blocked_road,26,max_escapes,24,max_curvature,11.7337
Modified,blocked_road,27,max_escapes,24,max_curvature,5.6346
Modified,blocked_road,28,max_escapes,24,max_curvature,5.1027
Modified,blocked_road,29,max_escapes,24,max_curvature,1.3326
Modified,dense_city,0,max_escapes,24,max_curvature,2.964
Modified,dense_city,1,max_escapes,24,max_curvature,1.284
Modified,dense_city,2,max_escapes,24,max_curvature,4.5315
Modified,dense_city,3,max_escapes,24,max_curvature,4.6525
Modified,dense_city,4,max_escapes,24,max_curvature,1.6778
Modified,dense_city,5,max_escapes,24,max_curvature,2.3893
Modified,dense_city,6,max_escapes,24,max_curvature,1.2
Modified,dense_city,7,max_escapes,24,max_curvature,5.529
Modified,dense_city,8,max_escapes,24,max_curvature,1.4281
Modified,dense_city,9,max_escapes,24,max_curvature,
Modified,dense_city,10,max_escapes,24,max_curvature,1.3357
Modified,dense_city,11,max_escapes,24,max_curvature,1.7391
Modified,dense_city,12,max_escapes,24,max_curvature,4.1934
Modified,dense_city,13,max_escapes,24,max_curvature,1.3643
Modified,dense_city,14,max_escapes,24,max_curvature,4.0662
Modified,dense_city,15,max_escapes,24,max_curvature,6.5942
Modified,dense_city,16,max_escapes,24,max_curvature,2.1306
Modified,dense_city,17,max_escapes,24,max_curvature,4.0171
Modified,dense_city,18,max_escapes,24,max_curvature,3.9746
Modified,dense_city,19,max_escapes,24,max_curvature,2.2591
Modified,dense_city,20,max_escapes,24,max_curvature,1.911
Modified,dense_city,21,max_escapes,24,max_curvature,1.5462
Modified,dense_city,22,max_escapes,24,max_curvature,1.4091
Modified,dense_city,23,max_escapes,24,max_curvature,1.5618
Modified,dense_city,24,max_escapes,24,max_curvature,1.4492
Modified,dense_city,25,max_escapes,24,max_curvature,1.4665
Modified,dense_city,26,max_escapes,24,max_curvature,1.5609
Modified,dense_city,27,max_escapes,24,max_curvature,1.0189
Modified,dense_city,28,max_escapes,24,max_curvature,1.1004
Modified,dense_city,29,max_escapes,24,max_curvature,1.3793
Modified,normal_city,0,max_escapes,3,drive_time_curved,44.4162
Modified,normal_city,1,max_escapes,3,drive_time_curved,48.7576
Modified,normal_city,2,max_escapes,3,drive_time_curved,43.8255
Modified,normal_city,3,max_escapes,3,drive_time_curved,45.0641
Modified,normal_city,4,max_escapes,3,drive_time_curved,46.4283
Modified,normal_city,5,max_escapes,3,drive_time_curved,44.8947
Modified,normal_city,6,max_escapes,3,drive_time_curved,31.3788
Modified,normal_city,7,max_escapes,3,drive_time_curved,45.9952
Modified,normal_city,8,max_escapes,3,drive_time_curved,53.8603
Modified,normal_city,9,max_escapes,3,drive_time_curved,30.6104
Modified,normal_city,10,max_escapes,3,drive_time_curved,40.1171
Modified,normal_city,11,max_escapes,3,drive_time_curved,45.4371
Modified,normal_city,12,max_escapes,3,drive_time_curved,39.1253
Modified,normal_city,13,max_escapes,3,drive_time_curved,46.7936
Modified,normal_city,14,max_escapes,3,drive_time_curved,44.362
Modified,normal_city,15,max_escapes,3,drive_time_curved,46.4166
Modified,normal_city,16,max_escapes,3,drive_time_curved,43.4309
Modified,normal_city,17,max_escapes,3,drive_time_curved,33.0324
Modified,normal_city,18,max_escapes,3,drive_time_curved,43.6882
Modified,normal_city,19,max_escapes,3,drive_time_curved,40.726
Modified,normal_city,20,max_escapes,3,drive_time_curved,42.8748
Modified,normal_city,21,max_escapes,3,drive_time_curved,42.8849
Modified,normal_city,22,max_escapes,3,drive_time_curved,45.187
Modified,normal_city,23,max_escapes,3,drive_time_curved,30.8963
Modified,normal_city,24,max_escapes,3,drive_time_curved,43.3253
Modified,normal_city,25,max_escapes,3,drive_time_curved,46.4241
Modified,normal_city,26,max_escapes,3,drive_time_curved,41.3927
Modified,normal_city,27,max_escapes,3,drive_time_curved,50.654
Modified,normal_city,28,max_escapes,3,drive_time_curved,45.6656
Modified,normal_city,29,max_escapes,3,drive_time_curved,46.0635
Modified,blocked_road,0,max_escapes,3,drive_time_curved,47.1343
Modified,blocked_road,1,max_escapes,3,drive_time_curved,53.5428
Modified,blocked_road,2,max_escapes,3,drive_time_curved,40.3069
Modified,blocked_road,3,max_escapes,3,drive_time_curved,31.4245
Modified,blocked_road,4,max_escapes,3,drive_time_curved,65.4904
Modified,blocked_road,5,max_escapes,3,drive_time_curved,49.7792
Modified,blocked_road,6,max_escapes,3,drive_time_curved,38.6329
Modified,blocked_road,7,max_escapes,3,drive_time_curved,50.5832
Modified,blocked_road,8,max_escapes,3,drive_time_curved,37.1252
Modified,blocked_road,9,max_escapes,3,drive_time_curved,34.4632
Modified,blocked_road,10,max_escapes,3,drive_time_curved,32.5763
Modified,blocked_road,11,max_escapes,3,drive_time_curved,34.9404
Modified,blocked_road,12,max_escapes,3,drive_time_curved,44.1166
Modified,blocked_road,13,max_escapes,3,drive_time_curved,47.0128
Modified,blocked_road,14,max_escapes,3,drive_time_curved,48.1855
Modified,blocked_road,15,max_escapes,3,drive_time_curved,49.8632
Modified,blocked_road,16,max_escapes,3,drive_time_curved,48.8124
Modified,blocked_road,17,max_escapes,3,drive_time_curved,29.4706
Modified,blocked_road,18,max_escapes,3,drive_time_curved,47.1788
Modified,blocked_road,19,max_escapes,3,drive_time_curved,44.5926
Modified,blocked_road,20,max_escapes,3,drive_time_curved,47.5821
Modified,blocked_road,21,max_escapes,3,drive_time_curved,30.7265
Modified,blocked_road,22,max_escapes,3,drive_time_curved,27.8351
Modified,blocked_road,23,max_escapes,3,drive_time_curved,28.102
Modified,blocked_road,24,max_escapes,3,drive_time_curved,31.1738
Modified,blocked_road,25,max_escapes,3,drive_time_curved,46.5026
Modified,blocked_road,26,max_escapes,3,drive_time_curved,34.3964
Modified,blocked_road,27,max_escapes,3,drive_time_curved,34.3933
Modified,blocked_road,28,max_escapes,3,drive_time_curved,33.4239
Modified,blocked_road,29,max_escapes,3,drive_time_curved,32.4348
Modified,dense_city,0,max_escapes,3,drive_time_curved,40.0089
Modified,dense_city,1,max_escapes,3,drive_time_curved,27.3367
Modified,dense_city,2,max_escapes,3,drive_time_curved,42.6402
Modified,dense_city,3,max_escapes,3,drive_time_curved,34.6466
Modified,dense_city,4,max_escapes,3,drive_time_curved,29.229
Modified,dense_city,5,max_escapes,3,drive_time_curved,50.3145
Modified,dense_city,6,max_escapes,3,drive_time_curved,41.9649
Modified,dense_city,7,max_escapes,3,drive_time_curved,62.7054
Modified,dense_city,8,max_escapes,3,drive_time_curved,29.8653
Modified,dense_city,9,max_escapes,3,drive_time_curved,
Modified,dense_city,10,max_escapes,3,drive_time_curved,32.019
Modified,dense_city,11,max_escapes,3,drive_time_curved,29.2969
Modified,dense_city,12,max_escapes,3,drive_time_curved,42.9375
Modified,dense_city,13,max_escapes,3,drive_time_curved,29.3896
Modified,dense_city,14,max_escapes,3,drive_time_curved,41.9803
Modified,dense_city,15,max_escapes,3,drive_time_curved,58.7782
Modified,dense_city,16,max_escapes,3,drive_time_curved,33.5361
Modified,dense_city,17,max_escapes,3,drive_time_curved,34.2895
Modified,dense_city,18,max_escapes,3,drive_time_curved,37.968
Modified,dense_city,19,max_escapes,3,drive_time_curved,30.9656
Modified,dense_city,20,max_escapes,3,drive_time_curved,34.8572
Modified,dense_city,21,max_escapes,3,drive_time_curved,31.4041
Modified,dense_city,22,max_escapes,3,drive_time_curved,29.986
Modified,dense_city,23,max_escapes,3,drive_time_curved,32.63
Modified,dense_city,24,max_escapes,3,drive_time_curved,31.3096
Modified,dense_city,25,max_escapes,3,drive_time_curved,33.966
Modified,dense_city,26,max_escapes,3,drive_time_curved,31.4431
Modified,dense_city,27,max_escapes,3,drive_time_curved,29.1368
Modified,dense_city,28,max_escapes,3,drive_time_curved,27.6003
Modified,dense_city,29,max_escapes,3,drive_time_curved,31.8797
Modified,normal_city,0,max_escapes,6,drive_time_curved,44.4162
Modified,normal_city,1,max_escapes,6,drive_time_curved,48.7576
Modified,normal_city,2,max_escapes,6,drive_time_curved,43.8255
Modified,normal_city,3,max_escapes,6,drive_time_curved,45.0641
Modified,normal_city,4,max_escapes,6,drive_time_curved,46.4283
Modified,normal_city,5,max_escapes,6,drive_time_curved,44.8947
Modified,normal_city,6,max_escapes,6,drive_time_curved,31.3788
Modified,normal_city,7,max_escapes,6,drive_time_curved,45.9952
Modified,normal_city,8,max_escapes,6,drive_time_curved,53.8603
Modified,normal_city,9,max_escapes,6,drive_time_curved,30.6104
Modified,normal_city,10,max_escapes,6,drive_time_curved,40.1171
Modified,normal_city,11,max_escapes,6,drive_time_curved,45.4371
Modified,normal_city,12,max_escapes,6,drive_time_curved,39.1253
Modified,normal_city,13,max_escapes,6,drive_time_curved,46.7936
Modified,normal_city,14,max_escapes,6,drive_time_curved,44.362
Modified,normal_city,15,max_escapes,6,drive_time_curved,46.4166
Modified,normal_city,16,max_escapes,6,drive_time_curved,43.4309
Modified,normal_city,17,max_escapes,6,drive_time_curved,33.0324
Modified,normal_city,18,max_escapes,6,drive_time_curved,43.6882
Modified,normal_city,19,max_escapes,6,drive_time_curved,40.726
Modified,normal_city,20,max_escapes,6,drive_time_curved,42.8748
Modified,normal_city,21,max_escapes,6,drive_time_curved,42.8849
Modified,normal_city,22,max_escapes,6,drive_time_curved,45.187
Modified,normal_city,23,max_escapes,6,drive_time_curved,30.8963
Modified,normal_city,24,max_escapes,6,drive_time_curved,43.3253
Modified,normal_city,25,max_escapes,6,drive_time_curved,46.4241
Modified,normal_city,26,max_escapes,6,drive_time_curved,41.3927
Modified,normal_city,27,max_escapes,6,drive_time_curved,50.654
Modified,normal_city,28,max_escapes,6,drive_time_curved,45.6656
Modified,normal_city,29,max_escapes,6,drive_time_curved,46.0635
Modified,blocked_road,0,max_escapes,6,drive_time_curved,47.1343
Modified,blocked_road,1,max_escapes,6,drive_time_curved,53.5428
Modified,blocked_road,2,max_escapes,6,drive_time_curved,40.3069
Modified,blocked_road,3,max_escapes,6,drive_time_curved,31.4245
Modified,blocked_road,4,max_escapes,6,drive_time_curved,65.4904
Modified,blocked_road,5,max_escapes,6,drive_time_curved,49.7792
Modified,blocked_road,6,max_escapes,6,drive_time_curved,38.6329
Modified,blocked_road,7,max_escapes,6,drive_time_curved,50.5832
Modified,blocked_road,8,max_escapes,6,drive_time_curved,37.1252
Modified,blocked_road,9,max_escapes,6,drive_time_curved,34.4632
Modified,blocked_road,10,max_escapes,6,drive_time_curved,32.5763
Modified,blocked_road,11,max_escapes,6,drive_time_curved,34.9404
Modified,blocked_road,12,max_escapes,6,drive_time_curved,44.1166
Modified,blocked_road,13,max_escapes,6,drive_time_curved,47.0128
Modified,blocked_road,14,max_escapes,6,drive_time_curved,48.1855
Modified,blocked_road,15,max_escapes,6,drive_time_curved,49.8632
Modified,blocked_road,16,max_escapes,6,drive_time_curved,48.8124
Modified,blocked_road,17,max_escapes,6,drive_time_curved,29.4706
Modified,blocked_road,18,max_escapes,6,drive_time_curved,47.1788
Modified,blocked_road,19,max_escapes,6,drive_time_curved,44.5926
Modified,blocked_road,20,max_escapes,6,drive_time_curved,47.5821
Modified,blocked_road,21,max_escapes,6,drive_time_curved,30.7265
Modified,blocked_road,22,max_escapes,6,drive_time_curved,27.8351
Modified,blocked_road,23,max_escapes,6,drive_time_curved,28.102
Modified,blocked_road,24,max_escapes,6,drive_time_curved,31.1738
Modified,blocked_road,25,max_escapes,6,drive_time_curved,46.5026
Modified,blocked_road,26,max_escapes,6,drive_time_curved,34.3964
Modified,blocked_road,27,max_escapes,6,drive_time_curved,34.3933
Modified,blocked_road,28,max_escapes,6,drive_time_curved,33.4239
Modified,blocked_road,29,max_escapes,6,drive_time_curved,32.4348
Modified,dense_city,0,max_escapes,6,drive_time_curved,40.0089
Modified,dense_city,1,max_escapes,6,drive_time_curved,27.3367
Modified,dense_city,2,max_escapes,6,drive_time_curved,42.6402
Modified,dense_city,3,max_escapes,6,drive_time_curved,34.6466
Modified,dense_city,4,max_escapes,6,drive_time_curved,29.229
Modified,dense_city,5,max_escapes,6,drive_time_curved,50.3145
Modified,dense_city,6,max_escapes,6,drive_time_curved,41.9649
Modified,dense_city,7,max_escapes,6,drive_time_curved,62.7054
Modified,dense_city,8,max_escapes,6,drive_time_curved,29.8653
Modified,dense_city,9,max_escapes,6,drive_time_curved,
Modified,dense_city,10,max_escapes,6,drive_time_curved,32.019
Modified,dense_city,11,max_escapes,6,drive_time_curved,29.2969
Modified,dense_city,12,max_escapes,6,drive_time_curved,42.9375
Modified,dense_city,13,max_escapes,6,drive_time_curved,29.3896
Modified,dense_city,14,max_escapes,6,drive_time_curved,41.9803
Modified,dense_city,15,max_escapes,6,drive_time_curved,58.7782
Modified,dense_city,16,max_escapes,6,drive_time_curved,33.5361
Modified,dense_city,17,max_escapes,6,drive_time_curved,34.2895
Modified,dense_city,18,max_escapes,6,drive_time_curved,37.968
Modified,dense_city,19,max_escapes,6,drive_time_curved,30.9656
Modified,dense_city,20,max_escapes,6,drive_time_curved,34.8572
Modified,dense_city,21,max_escapes,6,drive_time_curved,31.4041
Modified,dense_city,22,max_escapes,6,drive_time_curved,29.986
Modified,dense_city,23,max_escapes,6,drive_time_curved,32.63
Modified,dense_city,24,max_escapes,6,drive_time_curved,31.3096
Modified,dense_city,25,max_escapes,6,drive_time_curved,33.966
Modified,dense_city,26,max_escapes,6,drive_time_curved,31.4431
Modified,dense_city,27,max_escapes,6,drive_time_curved,29.1368
Modified,dense_city,28,max_escapes,6,drive_time_curved,27.6003
Modified,dense_city,29,max_escapes,6,drive_time_curved,31.8797
Modified,normal_city,0,max_escapes,12,drive_time_curved,44.4162
Modified,normal_city,1,max_escapes,12,drive_time_curved,48.7576
Modified,normal_city,2,max_escapes,12,drive_time_curved,43.8255
Modified,normal_city,3,max_escapes,12,drive_time_curved,45.0641
Modified,normal_city,4,max_escapes,12,drive_time_curved,46.4283
Modified,normal_city,5,max_escapes,12,drive_time_curved,44.8947
Modified,normal_city,6,max_escapes,12,drive_time_curved,31.3788
Modified,normal_city,7,max_escapes,12,drive_time_curved,45.9952
Modified,normal_city,8,max_escapes,12,drive_time_curved,53.8603
Modified,normal_city,9,max_escapes,12,drive_time_curved,30.6104
Modified,normal_city,10,max_escapes,12,drive_time_curved,40.1171
Modified,normal_city,11,max_escapes,12,drive_time_curved,45.4371
Modified,normal_city,12,max_escapes,12,drive_time_curved,39.1253
Modified,normal_city,13,max_escapes,12,drive_time_curved,46.7936
Modified,normal_city,14,max_escapes,12,drive_time_curved,44.362
Modified,normal_city,15,max_escapes,12,drive_time_curved,46.4166
Modified,normal_city,16,max_escapes,12,drive_time_curved,43.4309
Modified,normal_city,17,max_escapes,12,drive_time_curved,33.0324
Modified,normal_city,18,max_escapes,12,drive_time_curved,43.6882
Modified,normal_city,19,max_escapes,12,drive_time_curved,40.726
Modified,normal_city,20,max_escapes,12,drive_time_curved,42.8748
Modified,normal_city,21,max_escapes,12,drive_time_curved,42.8849
Modified,normal_city,22,max_escapes,12,drive_time_curved,45.187
Modified,normal_city,23,max_escapes,12,drive_time_curved,30.8963
Modified,normal_city,24,max_escapes,12,drive_time_curved,43.3253
Modified,normal_city,25,max_escapes,12,drive_time_curved,46.4241
Modified,normal_city,26,max_escapes,12,drive_time_curved,41.3927
Modified,normal_city,27,max_escapes,12,drive_time_curved,50.654
Modified,normal_city,28,max_escapes,12,drive_time_curved,45.6656
Modified,normal_city,29,max_escapes,12,drive_time_curved,46.0635
Modified,blocked_road,0,max_escapes,12,drive_time_curved,47.1343
Modified,blocked_road,1,max_escapes,12,drive_time_curved,53.5428
Modified,blocked_road,2,max_escapes,12,drive_time_curved,40.3069
Modified,blocked_road,3,max_escapes,12,drive_time_curved,31.4245
Modified,blocked_road,4,max_escapes,12,drive_time_curved,65.4904
Modified,blocked_road,5,max_escapes,12,drive_time_curved,49.7792
Modified,blocked_road,6,max_escapes,12,drive_time_curved,38.6329
Modified,blocked_road,7,max_escapes,12,drive_time_curved,50.5832
Modified,blocked_road,8,max_escapes,12,drive_time_curved,37.1252
Modified,blocked_road,9,max_escapes,12,drive_time_curved,34.4632
Modified,blocked_road,10,max_escapes,12,drive_time_curved,32.5763
Modified,blocked_road,11,max_escapes,12,drive_time_curved,34.9404
Modified,blocked_road,12,max_escapes,12,drive_time_curved,44.1166
Modified,blocked_road,13,max_escapes,12,drive_time_curved,47.0128
Modified,blocked_road,14,max_escapes,12,drive_time_curved,48.1855
Modified,blocked_road,15,max_escapes,12,drive_time_curved,49.8632
Modified,blocked_road,16,max_escapes,12,drive_time_curved,48.8124
Modified,blocked_road,17,max_escapes,12,drive_time_curved,29.4706
Modified,blocked_road,18,max_escapes,12,drive_time_curved,47.1788
Modified,blocked_road,19,max_escapes,12,drive_time_curved,44.5926
Modified,blocked_road,20,max_escapes,12,drive_time_curved,47.5821
Modified,blocked_road,21,max_escapes,12,drive_time_curved,30.7265
Modified,blocked_road,22,max_escapes,12,drive_time_curved,27.8351
Modified,blocked_road,23,max_escapes,12,drive_time_curved,28.102
Modified,blocked_road,24,max_escapes,12,drive_time_curved,31.1738
Modified,blocked_road,25,max_escapes,12,drive_time_curved,46.5026
Modified,blocked_road,26,max_escapes,12,drive_time_curved,34.3964
Modified,blocked_road,27,max_escapes,12,drive_time_curved,34.3933
Modified,blocked_road,28,max_escapes,12,drive_time_curved,33.4239
Modified,blocked_road,29,max_escapes,12,drive_time_curved,32.4348
Modified,dense_city,0,max_escapes,12,drive_time_curved,40.0089
Modified,dense_city,1,max_escapes,12,drive_time_curved,27.3367
Modified,dense_city,2,max_escapes,12,drive_time_curved,42.6402
Modified,dense_city,3,max_escapes,12,drive_time_curved,34.6466
Modified,dense_city,4,max_escapes,12,drive_time_curved,29.229
Modified,dense_city,5,max_escapes,12,drive_time_curved,50.3145
Modified,dense_city,6,max_escapes,12,drive_time_curved,41.9649
Modified,dense_city,7,max_escapes,12,drive_time_curved,62.7054
Modified,dense_city,8,max_escapes,12,drive_time_curved,29.8653
Modified,dense_city,9,max_escapes,12,drive_time_curved,
Modified,dense_city,10,max_escapes,12,drive_time_curved,32.019
Modified,dense_city,11,max_escapes,12,drive_time_curved,29.2969
Modified,dense_city,12,max_escapes,12,drive_time_curved,42.9375
Modified,dense_city,13,max_escapes,12,drive_time_curved,29.3896
Modified,dense_city,14,max_escapes,12,drive_time_curved,41.9803
Modified,dense_city,15,max_escapes,12,drive_time_curved,58.7782
Modified,dense_city,16,max_escapes,12,drive_time_curved,33.5361
Modified,dense_city,17,max_escapes,12,drive_time_curved,34.2895
Modified,dense_city,18,max_escapes,12,drive_time_curved,37.968
Modified,dense_city,19,max_escapes,12,drive_time_curved,30.9656
Modified,dense_city,20,max_escapes,12,drive_time_curved,34.8572
Modified,dense_city,21,max_escapes,12,drive_time_curved,31.4041
Modified,dense_city,22,max_escapes,12,drive_time_curved,29.986
Modified,dense_city,23,max_escapes,12,drive_time_curved,32.63
Modified,dense_city,24,max_escapes,12,drive_time_curved,31.3096
Modified,dense_city,25,max_escapes,12,drive_time_curved,33.966
Modified,dense_city,26,max_escapes,12,drive_time_curved,31.4431
Modified,dense_city,27,max_escapes,12,drive_time_curved,29.1368
Modified,dense_city,28,max_escapes,12,drive_time_curved,27.6003
Modified,dense_city,29,max_escapes,12,drive_time_curved,31.8797
Modified,normal_city,0,max_escapes,24,drive_time_curved,44.4162
Modified,normal_city,1,max_escapes,24,drive_time_curved,48.7576
Modified,normal_city,2,max_escapes,24,drive_time_curved,43.8255
Modified,normal_city,3,max_escapes,24,drive_time_curved,45.0641
Modified,normal_city,4,max_escapes,24,drive_time_curved,46.4283
Modified,normal_city,5,max_escapes,24,drive_time_curved,44.8947
Modified,normal_city,6,max_escapes,24,drive_time_curved,31.3788
Modified,normal_city,7,max_escapes,24,drive_time_curved,45.9952
Modified,normal_city,8,max_escapes,24,drive_time_curved,53.8603
Modified,normal_city,9,max_escapes,24,drive_time_curved,30.6104
Modified,normal_city,10,max_escapes,24,drive_time_curved,40.1171
Modified,normal_city,11,max_escapes,24,drive_time_curved,45.4371
Modified,normal_city,12,max_escapes,24,drive_time_curved,39.1253
Modified,normal_city,13,max_escapes,24,drive_time_curved,46.7936
Modified,normal_city,14,max_escapes,24,drive_time_curved,44.362
Modified,normal_city,15,max_escapes,24,drive_time_curved,46.4166
Modified,normal_city,16,max_escapes,24,drive_time_curved,43.4309
Modified,normal_city,17,max_escapes,24,drive_time_curved,33.0324
Modified,normal_city,18,max_escapes,24,drive_time_curved,43.6882
Modified,normal_city,19,max_escapes,24,drive_time_curved,40.726
Modified,normal_city,20,max_escapes,24,drive_time_curved,42.8748
Modified,normal_city,21,max_escapes,24,drive_time_curved,42.8849
Modified,normal_city,22,max_escapes,24,drive_time_curved,45.187
Modified,normal_city,23,max_escapes,24,drive_time_curved,30.8963
Modified,normal_city,24,max_escapes,24,drive_time_curved,43.3253
Modified,normal_city,25,max_escapes,24,drive_time_curved,46.4241
Modified,normal_city,26,max_escapes,24,drive_time_curved,41.3927
Modified,normal_city,27,max_escapes,24,drive_time_curved,50.654
Modified,normal_city,28,max_escapes,24,drive_time_curved,45.6656
Modified,normal_city,29,max_escapes,24,drive_time_curved,46.0635
Modified,blocked_road,0,max_escapes,24,drive_time_curved,47.1343
Modified,blocked_road,1,max_escapes,24,drive_time_curved,53.5428
Modified,blocked_road,2,max_escapes,24,drive_time_curved,40.3069
Modified,blocked_road,3,max_escapes,24,drive_time_curved,31.4245
Modified,blocked_road,4,max_escapes,24,drive_time_curved,65.4904
Modified,blocked_road,5,max_escapes,24,drive_time_curved,49.7792
Modified,blocked_road,6,max_escapes,24,drive_time_curved,38.6329
Modified,blocked_road,7,max_escapes,24,drive_time_curved,50.5832
Modified,blocked_road,8,max_escapes,24,drive_time_curved,37.1252
Modified,blocked_road,9,max_escapes,24,drive_time_curved,34.4632
Modified,blocked_road,10,max_escapes,24,drive_time_curved,32.5763
Modified,blocked_road,11,max_escapes,24,drive_time_curved,34.9404
Modified,blocked_road,12,max_escapes,24,drive_time_curved,44.1166
Modified,blocked_road,13,max_escapes,24,drive_time_curved,47.0128
Modified,blocked_road,14,max_escapes,24,drive_time_curved,48.1855
Modified,blocked_road,15,max_escapes,24,drive_time_curved,49.8632
Modified,blocked_road,16,max_escapes,24,drive_time_curved,48.8124
Modified,blocked_road,17,max_escapes,24,drive_time_curved,29.4706
Modified,blocked_road,18,max_escapes,24,drive_time_curved,47.1788
Modified,blocked_road,19,max_escapes,24,drive_time_curved,44.5926
Modified,blocked_road,20,max_escapes,24,drive_time_curved,47.5821
Modified,blocked_road,21,max_escapes,24,drive_time_curved,30.7265
Modified,blocked_road,22,max_escapes,24,drive_time_curved,27.8351
Modified,blocked_road,23,max_escapes,24,drive_time_curved,28.102
Modified,blocked_road,24,max_escapes,24,drive_time_curved,31.1738
Modified,blocked_road,25,max_escapes,24,drive_time_curved,46.5026
Modified,blocked_road,26,max_escapes,24,drive_time_curved,34.3964
Modified,blocked_road,27,max_escapes,24,drive_time_curved,34.3933
Modified,blocked_road,28,max_escapes,24,drive_time_curved,33.4239
Modified,blocked_road,29,max_escapes,24,drive_time_curved,32.4348
Modified,dense_city,0,max_escapes,24,drive_time_curved,40.0089
Modified,dense_city,1,max_escapes,24,drive_time_curved,27.3367
Modified,dense_city,2,max_escapes,24,drive_time_curved,42.6402
Modified,dense_city,3,max_escapes,24,drive_time_curved,34.6466
Modified,dense_city,4,max_escapes,24,drive_time_curved,29.229
Modified,dense_city,5,max_escapes,24,drive_time_curved,50.3145
Modified,dense_city,6,max_escapes,24,drive_time_curved,41.9649
Modified,dense_city,7,max_escapes,24,drive_time_curved,62.7054
Modified,dense_city,8,max_escapes,24,drive_time_curved,29.8653
Modified,dense_city,9,max_escapes,24,drive_time_curved,
Modified,dense_city,10,max_escapes,24,drive_time_curved,32.019
Modified,dense_city,11,max_escapes,24,drive_time_curved,29.2969
Modified,dense_city,12,max_escapes,24,drive_time_curved,42.9375
Modified,dense_city,13,max_escapes,24,drive_time_curved,29.3896
Modified,dense_city,14,max_escapes,24,drive_time_curved,41.9803
Modified,dense_city,15,max_escapes,24,drive_time_curved,58.7782
Modified,dense_city,16,max_escapes,24,drive_time_curved,33.5361
Modified,dense_city,17,max_escapes,24,drive_time_curved,34.2895
Modified,dense_city,18,max_escapes,24,drive_time_curved,37.968
Modified,dense_city,19,max_escapes,24,drive_time_curved,30.9656
Modified,dense_city,20,max_escapes,24,drive_time_curved,34.8572
Modified,dense_city,21,max_escapes,24,drive_time_curved,31.4041
Modified,dense_city,22,max_escapes,24,drive_time_curved,29.986
Modified,dense_city,23,max_escapes,24,drive_time_curved,32.63
Modified,dense_city,24,max_escapes,24,drive_time_curved,31.3096
Modified,dense_city,25,max_escapes,24,drive_time_curved,33.966
Modified,dense_city,26,max_escapes,24,drive_time_curved,31.4431
Modified,dense_city,27,max_escapes,24,drive_time_curved,29.1368
Modified,dense_city,28,max_escapes,24,drive_time_curved,27.6003
Modified,dense_city,29,max_escapes,24,drive_time_curved,31.8797
Modified,normal_city,0,max_escapes,3,comp_time,0.19533
Modified,normal_city,1,max_escapes,3,comp_time,0.14856
Modified,normal_city,2,max_escapes,3,comp_time,0.18302
Modified,normal_city,3,max_escapes,3,comp_time,0.24035
Modified,normal_city,4,max_escapes,3,comp_time,0.15275
Modified,normal_city,5,max_escapes,3,comp_time,0.17907
Modified,normal_city,6,max_escapes,3,comp_time,0.4521
Modified,normal_city,7,max_escapes,3,comp_time,0.20503
Modified,normal_city,8,max_escapes,3,comp_time,0.34174
Modified,normal_city,9,max_escapes,3,comp_time,1.51326
Modified,normal_city,10,max_escapes,3,comp_time,0.1256
Modified,normal_city,11,max_escapes,3,comp_time,0.37095
Modified,normal_city,12,max_escapes,3,comp_time,0.4433
Modified,normal_city,13,max_escapes,3,comp_time,0.15256
Modified,normal_city,14,max_escapes,3,comp_time,0.15278
Modified,normal_city,15,max_escapes,3,comp_time,0.15513
Modified,normal_city,16,max_escapes,3,comp_time,0.1618
Modified,normal_city,17,max_escapes,3,comp_time,0.2617
Modified,normal_city,18,max_escapes,3,comp_time,0.14107
Modified,normal_city,19,max_escapes,3,comp_time,0.21583
Modified,normal_city,20,max_escapes,3,comp_time,0.135
Modified,normal_city,21,max_escapes,3,comp_time,0.141
Modified,normal_city,22,max_escapes,3,comp_time,0.21115
Modified,normal_city,23,max_escapes,3,comp_time,0.24644
Modified,normal_city,24,max_escapes,3,comp_time,0.16942
Modified,normal_city,25,max_escapes,3,comp_time,0.15289
Modified,normal_city,26,max_escapes,3,comp_time,0.1609
Modified,normal_city,27,max_escapes,3,comp_time,0.208
Modified,normal_city,28,max_escapes,3,comp_time,0.15166
Modified,normal_city,29,max_escapes,3,comp_time,0.16437
Modified,blocked_road,0,max_escapes,3,comp_time,0.61293
Modified,blocked_road,1,max_escapes,3,comp_time,2.0087
Modified,blocked_road,2,max_escapes,3,comp_time,0.36889
Modified,blocked_road,3,max_escapes,3,comp_time,0.19743
Modified,blocked_road,4,max_escapes,3,comp_time,2.51424
Modified,blocked_road,5,max_escapes,3,comp_time,0.67233
Modified,blocked_road,6,max_escapes,3,comp_time,5.06647
Modified,blocked_road,7,max_escapes,3,comp_time,0.18079
Modified,blocked_road,8,max_escapes,3,comp_time,0.26575
Modified,blocked_road,9,max_escapes,3,comp_time,0.56054
Modified,blocked_road,10,max_escapes,3,comp_time,0.67997
Modified,blocked_road,11,max_escapes,3,comp_time,1.6105
Modified,blocked_road,12,max_escapes,3,comp_time,0.92999
Modified,blocked_road,13,max_escapes,3,comp_time,0.16933
Modified,blocked_road,14,max_escapes,3,comp_time,0.27141
Modified,blocked_road,15,max_escapes,3,comp_time,0.47365
Modified,blocked_road,16,max_escapes,3,comp_time,0.23975
Modified,blocked_road,17,max_escapes,3,comp_time,0.23378
Modified,blocked_road,18,max_escapes,3,comp_time,0.16555
Modified,blocked_road,19,max_escapes,3,comp_time,0.39982
Modified,blocked_road,20,max_escapes,3,comp_time,1.12594
Modified,blocked_road,21,max_escapes,3,comp_time,0.2628
Modified,blocked_road,22,max_escapes,3,comp_time,0.16136
Modified,blocked_road,23,max_escapes,3,comp_time,3.44363
Modified,blocked_road,24,max_escapes,3,comp_time,0.17279
Modified,blocked_road,25,max_escapes,3,comp_time,0.14558
Modified,blocked_road,26,max_escapes,3,comp_time,0.34014
Modified,blocked_road,27,max_escapes,3,comp_time,2.15265
Modified,blocked_road,28,max_escapes,3,comp_time,1.2879
Modified,blocked_road,29,max_escapes,3,comp_time,0.46717
Modified,dense_city,0,max_escapes,3,comp_time,1.21313
Modified,dense_city,1,max_escapes,3,comp_time,0.31298
Modified,dense_city,2,max_escapes,3,comp_time,1.08135
Modified,dense_city,3,max_escapes,3,comp_time,0.81376
Modified,dense_city,4,max_escapes,3,comp_time,0.38936
Modified,dense_city,5,max_escapes,3,comp_time,4.44265
Modified,dense_city,6,max_escapes,3,comp_time,2.52407
Modified,dense_city,7,max_escapes,3,comp_time,17.14695
Modified,dense_city,8,max_escapes,3,comp_time,0.3353
Modified,dense_city,9,max_escapes,3,comp_time,1.32655
Modified,dense_city,10,max_escapes,3,comp_time,1.2582
Modified,dense_city,11,max_escapes,3,comp_time,1.4775
Modified,dense_city,12,max_escapes,3,comp_time,1.91827
Modified,dense_city,13,max_escapes,3,comp_time,0.88807
Modified,dense_city,14,max_escapes,3,comp_time,1.77945
Modified,dense_city,15,max_escapes,3,comp_time,2.37283
Modified,dense_city,16,max_escapes,3,comp_time,2.05183
Modified,dense_city,17,max_escapes,3,comp_time,0.5517
Modified,dense_city,18,max_escapes,3,comp_time,0.38248
Modified,dense_city,19,max_escapes,3,comp_time,1.56666
Modified,dense_city,20,max_escapes,3,comp_time,2.06893
Modified,dense_city,21,max_escapes,3,comp_time,0.96751
Modified,dense_city,22,max_escapes,3,comp_time,6.95628
Modified,dense_city,23,max_escapes,3,comp_time,1.58829
Modified,dense_city,24,max_escapes,3,comp_time,0.33774
Modified,dense_city,25,max_escapes,3,comp_time,1.19619
Modified,dense_city,26,max_escapes,3,comp_time,0.36746
Modified,dense_city,27,max_escapes,3,comp_time,1.75129
Modified,dense_city,28,max_escapes,3,comp_time,0.87587
Modified,dense_city,29,max_escapes,3,comp_time,0.90803
Modified,normal_city,0,max_escapes,6,comp_time,0.1771
Modified,normal_city,1,max_escapes,6,comp_time,0.14917
Modified,normal_city,2,max_escapes,6,comp_time,0.16808
Modified,normal_city,3,max_escapes,6,comp_time,0.2413
Modified,normal_city,4,max_escapes,6,comp_time,0.16907
Modified,normal_city,5,max_escapes,6,comp_time,0.16798
Modified,normal_city,6,max_escapes,6,comp_time,0.39039
Modified,normal_city,7,max_escapes,6,comp_time,0.20258
Modified,normal_city,8,max_escapes,6,comp_time,0.34462
Modified,normal_city,9,max_escapes,6,comp_time,1.469
Modified,normal_city,10,max_escapes,6,comp_time,0.12692
Modified,normal_city,11,max_escapes,6,comp_time,0.35484
Modified,normal_city,12,max_escapes,6,comp_time,0.43586
Modified,normal_city,13,max_escapes,6,comp_time,0.14772
Modified,normal_city,14,max_escapes,6,comp_time,0.15828
Modified,normal_city,15,max_escapes,6,comp_time,0.16175
Modified,normal_city,16,max_escapes,6,comp_time,0.15019
Modified,normal_city,17,max_escapes,6,comp_time,0.25283
Modified,normal_city,18,max_escapes,6,comp_time,0.14418
Modified,normal_city,19,max_escapes,6,comp_time,0.21687
Modified,normal_city,20,max_escapes,6,comp_time,0.13936
Modified,normal_city,21,max_escapes,6,comp_time,0.14555
Modified,normal_city,22,max_escapes,6,comp_time,0.2175
Modified,normal_city,23,max_escapes,6,comp_time,0.24403
Modified,normal_city,24,max_escapes,6,comp_time,0.16545
Modified,normal_city,25,max_escapes,6,comp_time,0.14822
Modified,normal_city,26,max_escapes,6,comp_time,0.17557
Modified,normal_city,27,max_escapes,6,comp_time,0.21377
Modified,normal_city,28,max_escapes,6,comp_time,0.15543
Modified,normal_city,29,max_escapes,6,comp_time,0.15581
Modified,blocked_road,0,max_escapes,6,comp_time,0.63885
Modified,blocked_road,1,max_escapes,6,comp_time,2.0322
Modified,blocked_road,2,max_escapes,6,comp_time,0.37547
Modified,blocked_road,3,max_escapes,6,comp_time,0.1955
Modified,blocked_road,4,max_escapes,6,comp_time,2.55675
Modified,blocked_road,5,max_escapes,6,comp_time,0.66227
Modified,blocked_road,6,max_escapes,6,comp_time,5.1288
Modified,blocked_road,7,max_escapes,6,comp_time,0.13866
Modified,blocked_road,8,max_escapes,6,comp_time,0.26076
Modified,blocked_road,9,max_escapes,6,comp_time,0.56101
Modified,blocked_road,10,max_escapes,6,comp_time,0.66153
Modified,blocked_road,11,max_escapes,6,comp_time,1.75696
Modified,blocked_road,12,max_escapes,6,comp_time,0.99336
Modified,blocked_road,13,max_escapes,6,comp_time,0.16799
Modified,blocked_road,14,max_escapes,6,comp_time,0.27839
Modified,blocked_road,15,max_escapes,6,comp_time,0.49556
Modified,blocked_road,16,max_escapes,6,comp_time,0.25641
Modified,blocked_road,17,max_escapes,6,comp_time,0.22815
Modified,blocked_road,18,max_escapes,6,comp_time,0.16705
Modified,blocked_road,19,max_escapes,6,comp_time,0.39041
Modified,blocked_road,20,max_escapes,6,comp_time,1.14048
Modified,blocked_road,21,max_escapes,6,comp_time,0.26656
Modified,blocked_road,22,max_escapes,6,comp_time,0.15771
Modified,blocked_road,23,max_escapes,6,comp_time,3.45419
Modified,blocked_road,24,max_escapes,6,comp_time,0.16382
Modified,blocked_road,25,max_escapes,6,comp_time,0.15032
Modified,blocked_road,26,max_escapes,6,comp_time,0.33752
Modified,blocked_road,27,max_escapes,6,comp_time,2.15347
Modified,blocked_road,28,max_escapes,6,comp_time,1.27914
Modified,blocked_road,29,max_escapes,6,comp_time,0.48055
Modified,dense_city,0,max_escapes,6,comp_time,1.1909
Modified,dense_city,1,max_escapes,6,comp_time,0.32213
Modified,dense_city,2,max_escapes,6,comp_time,1.07328
Modified,dense_city,3,max_escapes,6,comp_time,0.81613
Modified,dense_city,4,max_escapes,6,comp_time,0.38955
Modified,dense_city,5,max_escapes,6,comp_time,4.36393
Modified,dense_city,6,max_escapes,6,comp_time,2.50219
Modified,dense_city,7,max_escapes,6,comp_time,17.60207
Modified,dense_city,8,max_escapes,6,comp_time,0.2665
Modified,dense_city,9,max_escapes,6,comp_time,1.32683
Modified,dense_city,10,max_escapes,6,comp_time,1.29643
Modified,dense_city,11,max_escapes,6,comp_time,1.50831
Modified,dense_city,12,max_escapes,6,comp_time,2.38466
Modified,dense_city,13,max_escapes,6,comp_time,1.005
Modified,dense_city,14,max_escapes,6,comp_time,2.19176
Modified,dense_city,15,max_escapes,6,comp_time,2.81901
Modified,dense_city,16,max_escapes,6,comp_time,2.13609
Modified,dense_city,17,max_escapes,6,comp_time,0.5585
Modified,dense_city,18,max_escapes,6,comp_time,0.3881
Modified,dense_city,19,max_escapes,6,comp_time,1.59381
Modified,dense_city,20,max_escapes,6,comp_time,2.02174
Modified,dense_city,21,max_escapes,6,comp_time,0.9857
Modified,dense_city,22,max_escapes,6,comp_time,6.86715
Modified,dense_city,23,max_escapes,6,comp_time,1.64051
Modified,dense_city,24,max_escapes,6,comp_time,0.34821
Modified,dense_city,25,max_escapes,6,comp_time,1.24345
Modified,dense_city,26,max_escapes,6,comp_time,0.40562
Modified,dense_city,27,max_escapes,6,comp_time,1.77973
Modified,dense_city,28,max_escapes,6,comp_time,0.85887
Modified,dense_city,29,max_escapes,6,comp_time,0.89805
Modified,normal_city,0,max_escapes,12,comp_time,0.16611
Modified,normal_city,1,max_escapes,12,comp_time,0.14271
Modified,normal_city,2,max_escapes,12,comp_time,0.15652
Modified,normal_city,3,max_escapes,12,comp_time,0.24337
Modified,normal_city,4,max_escapes,12,comp_time,0.15098
Modified,normal_city,5,max_escapes,12,comp_time,0.15908
Modified,normal_city,6,max_escapes,12,comp_time,0.37278
Modified,normal_city,7,max_escapes,12,comp_time,0.16703
Modified,normal_city,8,max_escapes,12,comp_time,0.34068
Modified,normal_city,9,max_escapes,12,comp_time,1.50766
Modified,normal_city,10,max_escapes,12,comp_time,0.12425
Modified,normal_city,11,max_escapes,12,comp_time,0.34377
Modified,normal_city,12,max_escapes,12,comp_time,0.44871
Modified,normal_city,13,max_escapes,12,comp_time,0.1608
Modified,normal_city,14,max_escapes,12,comp_time,0.15838
Modified,normal_city,15,max_escapes,12,comp_time,0.16583
Modified,normal_city,16,max_escapes,12,comp_time,0.14541
Modified,normal_city,17,max_escapes,12,comp_time,0.2833
Modified,normal_city,18,max_escapes,12,comp_time,0.20831
Modified,normal_city,19,max_escapes,12,comp_time,0.21548
Modified,normal_city,20,max_escapes,12,comp_time,0.13324
Modified,normal_city,21,max_escapes,12,comp_time,0.14928
Modified,normal_city,22,max_escapes,12,comp_time,0.2082
Modified,normal_city,23,max_escapes,12,comp_time,0.25159
Modified,normal_city,24,max_escapes,12,comp_time,0.17011
Modified,normal_city,25,max_escapes,12,comp_time,0.16353
Modified,normal_city,26,max_escapes,12,comp_time,0.15873
Modified,normal_city,27,max_escapes,12,comp_time,0.20265
Modified,normal_city,28,max_escapes,12,comp_time,0.14878
Modified,normal_city,29,max_escapes,12,comp_time,0.15866
Modified,blocked_road,0,max_escapes,12,comp_time,0.61428
Modified,blocked_road,1,max_escapes,12,comp_time,2.05574
Modified,blocked_road,2,max_escapes,12,comp_time,0.37167
Modified,blocked_road,3,max_escapes,12,comp_time,0.19475
Modified,blocked_road,4,max_escapes,12,comp_time,2.46605
Modified,blocked_road,5,max_escapes,12,comp_time,0.64919
Modified,blocked_road,6,max_escapes,12,comp_time,4.99118
Modified,blocked_road,7,max_escapes,12,comp_time,0.13926
Modified,blocked_road,8,max_escapes,12,comp_time,0.2672
Modified,blocked_road,9,max_escapes,12,comp_time,0.56253
Modified,blocked_road,10,max_escapes,12,comp_time,0.68146
Modified,blocked_road,11,max_escapes,12,comp_time,1.60821
Modified,blocked_road,12,max_escapes,12,comp_time,0.91519
Modified,blocked_road,13,max_escapes,12,comp_time,0.16795
Modified,blocked_road,14,max_escapes,12,comp_time,0.26426
Modified,blocked_road,15,max_escapes,12,comp_time,0.47884
Modified,blocked_road,16,max_escapes,12,comp_time,0.23466
Modified,blocked_road,17,max_escapes,12,comp_time,0.23182
Modified,blocked_road,18,max_escapes,12,comp_time,0.1701
Modified,blocked_road,19,max_escapes,12,comp_time,0.3963
Modified,blocked_road,20,max_escapes,12,comp_time,1.1022
Modified,blocked_road,21,max_escapes,12,comp_time,0.26887
Modified,blocked_road,22,max_escapes,12,comp_time,0.16489
Modified,blocked_road,23,max_escapes,12,comp_time,3.55429
Modified,blocked_road,24,max_escapes,12,comp_time,0.17206
Modified,blocked_road,25,max_escapes,12,comp_time,0.14195
Modified,blocked_road,26,max_escapes,12,comp_time,0.33258
Modified,blocked_road,27,max_escapes,12,comp_time,2.19591
Modified,blocked_road,28,max_escapes,12,comp_time,1.32957
Modified,blocked_road,29,max_escapes,12,comp_time,0.47734
Modified,dense_city,0,max_escapes,12,comp_time,1.28838
Modified,dense_city,1,max_escapes,12,comp_time,0.32253
Modified,dense_city,2,max_escapes,12,comp_time,1.08878
Modified,dense_city,3,max_escapes,12,comp_time,0.81501
Modified,dense_city,4,max_escapes,12,comp_time,0.39053
Modified,dense_city,5,max_escapes,12,comp_time,4.45769
Modified,dense_city,6,max_escapes,12,comp_time,2.49509
Modified,dense_city,7,max_escapes,12,comp_time,16.95552
Modified,dense_city,8,max_escapes,12,comp_time,0.25308
Modified,dense_city,9,max_escapes,12,comp_time,1.3407
Modified,dense_city,10,max_escapes,12,comp_time,1.26658
Modified,dense_city,11,max_escapes,12,comp_time,1.44476
Modified,dense_city,12,max_escapes,12,comp_time,1.93483
Modified,dense_city,13,max_escapes,12,comp_time,0.92275
Modified,dense_city,14,max_escapes,12,comp_time,1.82142
Modified,dense_city,15,max_escapes,12,comp_time,2.36341
Modified,dense_city,16,max_escapes,12,comp_time,2.07723
Modified,dense_city,17,max_escapes,12,comp_time,0.55657
Modified,dense_city,18,max_escapes,12,comp_time,0.38142
Modified,dense_city,19,max_escapes,12,comp_time,1.58822
Modified,dense_city,20,max_escapes,12,comp_time,2.03642
Modified,dense_city,21,max_escapes,12,comp_time,0.9535
Modified,dense_city,22,max_escapes,12,comp_time,6.96093
Modified,dense_city,23,max_escapes,12,comp_time,1.65663
Modified,dense_city,24,max_escapes,12,comp_time,0.33668
Modified,dense_city,25,max_escapes,12,comp_time,1.17668
Modified,dense_city,26,max_escapes,12,comp_time,0.35022
Modified,dense_city,27,max_escapes,12,comp_time,1.82879
Modified,dense_city,28,max_escapes,12,comp_time,0.87507
Modified,dense_city,29,max_escapes,12,comp_time,0.91432
Modified,normal_city,0,max_escapes,24,comp_time,0.17057
Modified,normal_city,1,max_escapes,24,comp_time,0.14886
Modified,normal_city,2,max_escapes,24,comp_time,0.15641
Modified,normal_city,3,max_escapes,24,comp_time,0.25085
Modified,normal_city,4,max_escapes,24,comp_time,0.14485
Modified,normal_city,5,max_escapes,24,comp_time,0.16271
Modified,normal_city,6,max_escapes,24,comp_time,0.37731
Modified,normal_city,7,max_escapes,24,comp_time,0.1723
Modified,normal_city,8,max_escapes,24,comp_time,0.34495
Modified,normal_city,9,max_escapes,24,comp_time,1.53361
Modified,normal_city,10,max_escapes,24,comp_time,0.12389
Modified,normal_city,11,max_escapes,24,comp_time,0.34516
Modified,normal_city,12,max_escapes,24,comp_time,0.43683
Modified,normal_city,13,max_escapes,24,comp_time,0.14987
Modified,normal_city,14,max_escapes,24,comp_time,0.16046
Modified,normal_city,15,max_escapes,24,comp_time,0.15542
Modified,normal_city,16,max_escapes,24,comp_time,0.15027
Modified,normal_city,17,max_escapes,24,comp_time,0.25241
Modified,normal_city,18,max_escapes,24,comp_time,0.14504
Modified,normal_city,19,max_escapes,24,comp_time,0.21288
Modified,normal_city,20,max_escapes,24,comp_time,0.13385
Modified,normal_city,21,max_escapes,24,comp_time,0.13722
Modified,normal_city,22,max_escapes,24,comp_time,0.20532
Modified,normal_city,23,max_escapes,24,comp_time,0.2498
Modified,normal_city,24,max_escapes,24,comp_time,0.16661
Modified,normal_city,25,max_escapes,24,comp_time,0.16043
Modified,normal_city,26,max_escapes,24,comp_time,0.16449
Modified,normal_city,27,max_escapes,24,comp_time,0.2035
Modified,normal_city,28,max_escapes,24,comp_time,0.15183
Modified,normal_city,29,max_escapes,24,comp_time,0.16052
Modified,blocked_road,0,max_escapes,24,comp_time,0.61765
Modified,blocked_road,1,max_escapes,24,comp_time,2.11129
Modified,blocked_road,2,max_escapes,24,comp_time,0.38271
Modified,blocked_road,3,max_escapes,24,comp_time,0.26086
Modified,blocked_road,4,max_escapes,24,comp_time,2.65363
Modified,blocked_road,5,max_escapes,24,comp_time,0.67837
Modified,blocked_road,6,max_escapes,24,comp_time,5.11826
Modified,blocked_road,7,max_escapes,24,comp_time,0.14719
Modified,blocked_road,8,max_escapes,24,comp_time,0.2936
Modified,blocked_road,9,max_escapes,24,comp_time,0.57549
Modified,blocked_road,10,max_escapes,24,comp_time,0.71612
Modified,blocked_road,11,max_escapes,24,comp_time,1.63277
Modified,blocked_road,12,max_escapes,24,comp_time,0.92215
Modified,blocked_road,13,max_escapes,24,comp_time,0.17313
Modified,blocked_road,14,max_escapes,24,comp_time,0.26229
Modified,blocked_road,15,max_escapes,24,comp_time,0.46622
Modified,blocked_road,16,max_escapes,24,comp_time,0.24017
Modified,blocked_road,17,max_escapes,24,comp_time,0.24021
Modified,blocked_road,18,max_escapes,24,comp_time,0.16771
Modified,blocked_road,19,max_escapes,24,comp_time,0.38952
Modified,blocked_road,20,max_escapes,24,comp_time,1.11752
Modified,blocked_road,21,max_escapes,24,comp_time,0.28177
Modified,blocked_road,22,max_escapes,24,comp_time,0.17298
Modified,blocked_road,23,max_escapes,24,comp_time,3.46823
Modified,blocked_road,24,max_escapes,24,comp_time,0.16528
Modified,blocked_road,25,max_escapes,24,comp_time,0.13975
Modified,blocked_road,26,max_escapes,24,comp_time,0.34178
Modified,blocked_road,27,max_escapes,24,comp_time,2.1649
Modified,blocked_road,28,max_escapes,24,comp_time,1.27725
Modified,blocked_road,29,max_escapes,24,comp_time,0.46342
Modified,dense_city,0,max_escapes,24,comp_time,1.25673
Modified,dense_city,1,max_escapes,24,comp_time,0.34679
Modified,dense_city,2,max_escapes,24,comp_time,1.04374
Modified,dense_city,3,max_escapes,24,comp_time,0.81686
Modified,dense_city,4,max_escapes,24,comp_time,0.38031
Modified,dense_city,5,max_escapes,24,comp_time,4.41924
Modified,dense_city,6,max_escapes,24,comp_time,2.4609
Modified,dense_city,7,max_escapes,24,comp_time,16.86607
Modified,dense_city,8,max_escapes,24,comp_time,0.26691
Modified,dense_city,9,max_escapes,24,comp_time,1.31686
Modified,dense_city,10,max_escapes,24,comp_time,1.23359
Modified,dense_city,11,max_escapes,24,comp_time,1.4532
Modified,dense_city,12,max_escapes,24,comp_time,1.95276
Modified,dense_city,13,max_escapes,24,comp_time,0.88067
Modified,dense_city,14,max_escapes,24,comp_time,1.76439
Modified,dense_city,15,max_escapes,24,comp_time,2.33088
Modified,dense_city,16,max_escapes,24,comp_time,2.13938
Modified,dense_city,17,max_escapes,24,comp_time,0.55028
Modified,dense_city,18,max_escapes,24,comp_time,0.38524
Modified,dense_city,19,max_escapes,24,comp_time,1.57941
Modified,dense_city,20,max_escapes,24,comp_time,2.06407
Modified,dense_city,21,max_escapes,24,comp_time,0.92444
Modified,dense_city,22,max_escapes,24,comp_time,6.75407
Modified,dense_city,23,max_escapes,24,comp_time,1.60705
Modified,dense_city,24,max_escapes,24,comp_time,0.3429
Modified,dense_city,25,max_escapes,24,comp_time,1.21458
Modified,dense_city,26,max_escapes,24,comp_time,0.34555
Modified,dense_city,27,max_escapes,24,comp_time,1.73406
Modified,dense_city,28,max_escapes,24,comp_time,0.85152
Modified,dense_city,29,max_escapes,24,comp_time,0.87267
