planner,scenario,instance,parameter,value,metric,result
Modified,normal_city,0,smooth_offset,2,success,1.0
Modified,normal_city,1,smooth_offset,2,success,1.0
Modified,normal_city,2,smooth_offset,2,success,1.0
Modified,normal_city,3,smooth_offset,2,success,1.0
Modified,normal_city,4,smooth_offset,2,success,1.0
Modified,normal_city,5,smooth_offset,2,success,1.0
Modified,normal_city,6,smooth_offset,2,success,1.0
Modified,normal_city,7,smooth_offset,2,success,1.0
Modified,normal_city,8,smooth_offset,2,success,1.0
Modified,normal_city,9,smooth_offset,2,success,1.0
Modified,normal_city,10,smooth_offset,2,success,1.0
Modified,normal_city,11,smooth_offset,2,success,1.0
Modified,normal_city,12,smooth_offset,2,success,1.0
Modified,normal_city,13,smooth_offset,2,success,1.0
Modified,normal_city,14,smooth_offset,2,success,1.0
Modified,normal_city,15,smooth_offset,2,success,1.0
Modified,normal_city,16,smooth_offset,2,success,1.0
Modified,normal_city,17,smooth_offset,2,success,1.0
Modified,normal_city,18,smooth_offset,2,success,1.0
Modified,normal_city,19,smooth_offset,2,success,1.0
Modified,normal_city,20,smooth_offset,2,success,1.0
Modified,normal_city,21,smooth_offset,2,success,1.0
Modified,normal_city,22,smooth_offset,2,success,1.0
Modified,normal_city,23,smooth_offset,2,success,1.0
Modified,normal_city,24,smooth_offset,2,success,1.0
Modified,normal_city,25,smooth_offset,2,success,1.0
Modified,normal_city,26,smooth_offset,2,success,1.0
Modified,normal_city,27,smooth_offset,2,success,1.0
Modified,normal_city,28,smooth_offset,2,success,1.0
Modified,normal_city,29,smooth_offset,2,success,1.0
Modified,blocked_road,0,smooth_offset,2,success,1.0
Modified,blocked_road,1,smooth_offset,2,success,1.0
Modified,blocked_road,2,smooth_offset,2,success,1.0
Modified,blocked_road,3,smooth_offset,2,success,1.0
Modified,blocked_road,4,smooth_offset,2,success,1.0
Modified,blocked_road,5,smooth_offset,2,success,1.0
Modified,blocked_road,6,smooth_offset,2,success,1.0
Modified,blocked_road,7,smooth_offset,2,success,1.0
Modified,blocked_road,8,smooth_offset,2,success,1.0
Modified,blocked_road,9,smooth_offset,2,success,1.0
Modified,blocked_road,10,smooth_offset,2,success,1.0
Modified,blocked_road,11,smooth_offset,2,success,1.0
Modified,blocked_road,12,smooth_offset,2,success,1.0
Modified,blocked_road,13,smooth_offset,2,success,1.0
Modified,blocked_road,14,smooth_offset,2,success,1.0
Modified,blocked_road,15,smooth_offset,2,success,1.0
Modified,blocked_road,16,smooth_offset,2,success,1.0
Modified,blocked_road,17,smooth_offset,2,success,1.0
Modified,blocked_road,18,smooth_offset,2,success,1.0
Modified,blocked_road,19,smooth_offset,2,success,1.0
Modified,blocked_road,20,smooth_offset,2,success,1.0
Modified,blocked_road,21,smooth_offset,2,success,1.0
Modified,blocked_road,22,smooth_offset,2,success,1.0
Modified,blocked_road,23,smooth_offset,2,success,1.0
Modified,blocked_road,24,smooth_offset,2,success,1.0
Modified,blocked_road,25,smooth_offset,2,success,1.0
Modified,blocked_road,26,smooth_offset,2,success,1.0
Modified,blocked_road,27,smooth_offset,2,success,1.0
Modified,blocked_road,28,smooth_offset,2,success,1.0
Modified,blocked_road,29,smooth_offset,2,success,1.0
Modified,dense_city,0,smooth_offset,2,success,1.0
Modified,dense_city,1,smooth_offset,2,success,1.0
Modified,dense_city,2,smooth_offset,2,success,1.0
Modified,dense_city,3,smooth_offset,2,success,1.0
Modified,dense_city,4,smooth_offset,2,success,1.0
Modified,dense_city,5,smooth_offset,2,success,1.0
Modified,dense_city,6,smooth_offset,2,success,1.0
Modified,dense_city,7,smooth_offset,2,success,1.0
Modified,dense_city,8,smooth_offset,2,success,1.0
Modified,dense_city,9,smooth_offset,2,success,0.0
Modified,dense_city,10,smooth_offset,2,success,1.0
Modified,dense_city,11,smooth_offset,2,success,1.0
Modified,dense_city,12,smooth_offset,2,success,1.0
Modified,dense_city,13,smooth_offset,2,success,1.0
Modified,dense_city,14,smooth_offset,2,success,1.0
Modified,dense_city,15,smooth_offset,2,success,1.0
Modified,dense_city,16,smooth_offset,2,success,1.0
Modified,dense_city,17,smooth_offset,2,success,1.0
Modified,dense_city,18,smooth_offset,2,success,1.0
Modified,dense_city,19,smooth_offset,2,success,1.0
Modified,dense_city,20,smooth_offset,2,success,1.0
Modified,dense_city,21,smooth_offset,2,success,1.0
Modified,dense_city,22,smooth_offset,2,success,1.0
Modified,dense_city,23,smooth_offset,2,success,1.0
Modified,dense_city,24,smooth_offset,2,success,1.0
Modified,dense_city,25,smooth_offset,2,success,1.0
Modified,dense_city,26,smooth_offset,2,success,1.0
Modified,dense_city,27,smooth_offset,2,success,1.0
Modified,dense_city,28,smooth_offset,2,success,1.0
Modified,dense_city,29,smooth_offset,2,success,1.0
Modified,normal_city,0,smooth_offset,4,success,1.0
Modified,normal_city,1,smooth_offset,4,success,1.0
Modified,normal_city,2,smooth_offset,4,success,1.0
Modified,normal_city,3,smooth_offset,4,success,1.0
Modified,normal_city,4,smooth_offset,4,success,1.0
Modified,normal_city,5,smooth_offset,4,success,1.0
Modified,normal_city,6,smooth_offset,4,success,1.0
Modified,normal_city,7,smooth_offset,4,success,1.0
Modified,normal_city,8,smooth_offset,4,success,1.0
Modified,normal_city,9,smooth_offset,4,success,1.0
Modified,normal_city,10,smooth_offset,4,success,1.0
Modified,normal_city,11,smooth_offset,4,success,1.0
Modified,normal_city,12,smooth_offset,4,success,1.0
Modified,normal_city,13,smooth_offset,4,success,1.0
Modified,normal_city,14,smooth_offset,4,success,1.0
Modified,normal_city,15,smooth_offset,4,success,1.0
Modified,normal_city,16,smooth_offset,4,success,1.0
Modified,normal_city,17,smooth_offset,4,success,1.0
Modified,normal_city,18,smooth_offset,4,success,1.0
Modified,normal_city,19,smooth_offset,4,success,1.0
Modified,normal_city,20,smooth_offset,4,success,1.0
Modified,normal_city,21,smooth_offset,4,success,1.0
Modified,normal_city,22,smooth_offset,4,success,1.0
Modified,normal_city,23,smooth_offset,4,success,1.0
Modified,normal_city,24,smooth_offset,4,success,1.0
Modified,normal_city,25,smooth_offset,4,success,1.0
Modified,normal_city,26,smooth_offset,4,success,1.0
Modified,normal_city,27,smooth_offset,4,success,1.0
Modified,normal_city,28,smooth_offset,4,success,1.0
Modified,normal_city,29,smooth_offset,4,success,1.0
Modified,blocked_road,0,smooth_offset,4,success,1.0
Modified,blocked_road,1,smooth_offset,4,success,1.0
Modified,blocked_road,2,smooth_offset,4,success,1.0
Modified,blocked_road,3,smooth_offset,4,success,1.0
Modified,blocked_road,4,smooth_offset,4,success,1.0
Modified,blocked_road,5,smooth_offset,4,success,1.0
Modified,blocked_road,6,smooth_offset,4,success,1.0
Modified,blocked_road,7,smooth_offset,4,success,1.0
Modified,blocked_road,8,smooth_offset,4,success,1.0
Modified,blocked_road,9,smooth_offset,4,success,1.0
Modified,blocked_road,10,smooth_offset,4,success,1.0
Modified,blocked_road,11,smooth_offset,4,success,1.0
Modified,blocked_road,12,smooth_offset,4,success,1.0
Modified,blocked_road,13,smooth_offset,4,success,1.0
Modified,blocked_road,14,smooth_offset,4,success,1.0
Modified,blocked_road,15,smooth_offset,4,success,1.0
Modified,blocked_road,16,smooth_offset,4,success,1.0
Modified,blocked_road,17,smooth_offset,4,success,1.0
Modified,blocked_road,18,smooth_offset,4,success,1.0
Modified,blocked_road,19,smooth_offset,4,success,1.0
Modified,blocked_road,20,smooth_offset,4,success,1.0
Modified,blocked_road,21,smooth_offset,4,success,1.0
Modified,blocked_road,22,smooth_offset,4,success,1.0
Modified,blocked_road,23,smooth_offset,4,success,1.0
Modified,blocked_road,24,smooth_offset,4,success,1.0
Modified,blocked_road,25,smooth_offset,4,success,1.0
Modified,blocked_road,26,smooth_offset,4,success,1.0
Modified,blocked_road,27,smooth_offset,4,success,1.0
Modified,blocked_road,28,smooth_offset,4,success,1.0
Modified,blocked_road,29,smooth_offset,4,success,1.0
Modified,dense_city,0,smooth_offset,4,success,1.0
Modified,dense_city,1,smooth_offset,4,success,1.0
Modified,dense_city,2,smooth_offset,4,success,1.0
Modified,dense_city,3,smooth_offset,4,success,1.0
Modified,dense_city,4,smooth_offset,4,success,1.0
Modified,dense_city,5,smooth_offset,4,success,1.0
Modified,dense_city,6,smooth_offset,4,success,1.0
Modified,dense_city,7,smooth_offset,4,success,1.0
Modified,dense_city,8,smooth_offset,4,success,1.0
Modified,dense_city,9,smooth_offset,4,success,0.0
Modified,dense_city,10,smooth_offset,4,success,1.0
Modified,dense_city,11,smooth_offset,4,success,1.0
Modified,dense_city,12,smooth_offset,4,success,1.0
Modified,dense_city,13,smooth_offset,4,success,1.0
Modified,dense_city,14,smooth_offset,4,success,1.0
Modified,dense_city,15,smooth_offset,4,success,1.0
Modified,dense_city,16,smooth_offset,4,success,1.0
Modified,dense_city,17,smooth_offset,4,success,1.0
Modified,dense_city,18,smooth_offset,4,success,1.0
Modified,dense_city,19,smooth_offset,4,success,1.0
Modified,dense_city,20,smooth_offset,4,success,1.0
Modified,dense_city,21,smooth_offset,4,success,1.0
Modified,dense_city,22,smooth_offset,4,success,1.0
Modified,dense_city,23,smooth_offset,4,success,1.0
Modified,dense_city,24,smooth_offset,4,success,1.0
Modified,dense_city,25,smooth_offset,4,success,1.0
Modified,dense_city,26,smooth_offset,4,success,1.0
Modified,dense_city,27,smooth_offset,4,success,1.0
Modified,dense_city,28,smooth_offset,4,success,1.0
Modified,dense_city,29,smooth_offset,4,success,1.0
Modified,normal_city,0,smooth_offset,6,success,1.0
Modified,normal_city,1,smooth_offset,6,success,1.0
Modified,normal_city,2,smooth_offset,6,success,1.0
Modified,normal_city,3,smooth_offset,6,success,1.0
Modified,normal_city,4,smooth_offset,6,success,1.0
Modified,normal_city,5,smooth_offset,6,success,1.0
Modified,normal_city,6,smooth_offset,6,success,1.0
Modified,normal_city,7,smooth_offset,6,success,1.0
Modified,normal_city,8,smooth_offset,6,success,1.0
Modified,normal_city,9,smooth_offset,6,success,1.0
Modified,normal_city,10,smooth_offset,6,success,1.0
Modified,normal_city,11,smooth_offset,6,success,1.0
Modified,normal_city,12,smooth_offset,6,success,1.0
Modified,normal_city,13,smooth_offset,6,success,1.0
Modified,normal_city,14,smooth_offset,6,success,1.0
Modified,normal_city,15,smooth_offset,6,success,1.0
Modified,normal_city,16,smooth_offset,6,success,1.0
Modified,normal_city,17,smooth_offset,6,success,1.0
Modified,normal_city,18,smooth_offset,6,success,1.0
Modified,normal_city,19,smooth_offset,6,success,1.0
Modified,normal_city,20,smooth_offset,6,success,1.0
Modified,normal_city,21,smooth_offset,6,success,1.0
Modified,normal_city,22,smooth_offset,6,success,1.0
Modified,normal_city,23,smooth_offset,6,success,1.0
Modified,normal_city,24,smooth_offset,6,success,1.0
Modified,normal_city,25,smooth_offset,6,success,1.0
Modified,normal_city,26,smooth_offset,6,success,1.0
Modified,normal_city,27,smooth_offset,6,success,1.0
Modified,normal_city,28,smooth_offset,6,success,1.0
Modified,normal_city,29,smooth_offset,6,success,1.0
Modified,blocked_road,0,smooth_offset,6,success,1.0
Modified,blocked_road,1,smooth_offset,6,success,1.0
Modified,blocked_road,2,smooth_offset,6,success,1.0
Modified,blocked_road,3,smooth_offset,6,success,1.0
Modified,blocked_road,4,smooth_offset,6,success,1.0
Modified,blocked_road,5,smooth_offset,6,success,1.0
Modified,blocked_road,6,smooth_offset,6,success,1.0
Modified,blocked_road,7,smooth_offset,6,success,1.0
Modified,blocked_road,8,smooth_offset,6,success,1.0
Modified,blocked_road,9,smooth_offset,6,success,1.0
Modified,blocked_road,10,smooth_offset,6,success,1.0
Modified,blocked_road,11,smooth_offset,6,success,1.0
Modified,blocked_road,12,smooth_offset,6,success,1.0
Modified,blocked_road,13,smooth_offset,6,success,1.0
Modified,blocked_road,14,smooth_offset,6,success,1.0
Modified,blocked_road,15,smooth_offset,6,success,1.0
Modified,blocked_road,16,smooth_offset,6,success,1.0
Modified,blocked_road,17,smooth_offset,6,success,1.0
Modified,blocked_road,18,smooth_offset,6,success,1.0
Modified,blocked_road,19,smooth_offset,6,success,1.0
Modified,blocked_road,20,smooth_offset,6,success,1.0
Modified,blocked_road,21,smooth_offset,6,success,1.0
Modified,blocked_road,22,smooth_offset,6,success,1.0
Modified,blocked_road,23,smooth_offset,6,success,1.0
Modified,blocked_road,24,smooth_offset,6,success,1.0
Modified,blocked_road,25,smooth_offset,6,success,1.0
Modified,blocked_road,26,smooth_offset,6,success,1.0
Modified,blocked_road,27,smooth_offset,6,success,1.0
Modified,blocked_road,28,smooth_offset,6,success,1.0
Modified,blocked_road,29,smooth_offset,6,success,1.0
Modified,dense_city,0,smooth_offset,6,success,1.0
Modified,dense_city,1,smooth_offset,6,success,1.0
Modified,dense_city,2,smooth_offset,6,success,1.0
Modified,dense_city,3,smooth_offset,6,success,1.0
Modified,dense_city,4,smooth_offset,6,success,1.0
Modified,dense_city,5,smooth_offset,6,success,1.0
Modified,dense_city,6,smooth_offset,6,success,1.0
Modified,dense_city,7,smooth_offset,6,success,1.0
Modified,dense_city,8,smooth_offset,6,success,1.0
Modified,dense_city,9,smooth_offset,6,success,0.0
Modified,dense_city,10,smooth_offset,6,success,1.0
Modified,dense_city,11,smooth_offset,6,success,1.0
Modified,dense_city,12,smooth_offset,6,success,1.0
Modified,dense_city,13,smooth_offset,6,success,1.0
Modified,dense_city,14,smooth_offset,6,success,1.0
Modified,dense_city,15,smooth_offset,6,success,1.0
Modified,dense_city,16,smooth_offset,6,success,1.0
Modified,dense_city,17,smooth_offset,6,success,1.0
Modified,dense_city,18,smooth_offset,6,success,1.0
Modified,dense_city,19,smooth_offset,6,success,1.0
Modified,dense_city,20,smooth_offset,6,success,1.0
Modified,dense_city,21,smooth_offset,6,success,1.0
Modified,dense_city,22,smooth_offset,6,success,1.0
Modified,dense_city,23,smooth_offset,6,success,1.0
Modified,dense_city,24,smooth_offset,6,success,1.0
Modified,dense_city,25,smooth_offset,6,success,1.0
Modified,dense_city,26,smooth_offset,6,success,1.0
Modified,dense_city,27,smooth_offset,6,success,1.0
Modified,dense_city,28,smooth_offset,6,success,1.0
Modified,dense_city,29,smooth_offset,6,success,1.0
Modified,normal_city,0,smooth_offset,9,success,1.0
Modified,normal_city,1,smooth_offset,9,success,1.0
Modified,normal_city,2,smooth_offset,9,success,1.0
Modified,normal_city,3,smooth_offset,9,success,1.0
Modified,normal_city,4,smooth_offset,9,success,1.0
Modified,normal_city,5,smooth_offset,9,success,1.0
Modified,normal_city,6,smooth_offset,9,success,1.0
Modified,normal_city,7,smooth_offset,9,success,1.0
Modified,normal_city,8,smooth_offset,9,success,1.0
Modified,normal_city,9,smooth_offset,9,success,1.0
Modified,normal_city,10,smooth_offset,9,success,1.0
Modified,normal_city,11,smooth_offset,9,success,1.0
Modified,normal_city,12,smooth_offset,9,success,1.0
Modified,normal_city,13,smooth_offset,9,success,1.0
Modified,normal_city,14,smooth_offset,9,success,1.0
Modified,normal_city,15,smooth_offset,9,success,1.0
Modified,normal_city,16,smooth_offset,9,success,1.0
Modified,normal_city,17,smooth_offset,9,success,1.0
Modified,normal_city,18,smooth_offset,9,success,1.0
Modified,normal_city,19,smooth_offset,9,success,1.0
Modified,normal_city,20,smooth_offset,9,success,1.0
Modified,normal_city,21,smooth_offset,9,success,1.0
Modified,normal_city,22,smooth_offset,9,success,1.0
Modified,normal_city,23,smooth_offset,9,success,1.0
Modified,normal_city,24,smooth_offset,9,success,1.0
Modified,normal_city,25,smooth_offset,9,success,1.0
Modified,normal_city,26,smooth_offset,9,success,1.0
Modified,normal_city,27,smooth_offset,9,success,1.0
Modified,normal_city,28,smooth_offset,9,success,1.0
Modified,normal_city,29,smooth_offset,9,success,1.0
Modified,blocked_road,0,smooth_offset,9,success,1.0
Modified,blocked_road,1,smooth_offset,9,success,1.0
Modified,blocked_road,2,smooth_offset,9,success,1.0
Modified,blocked_road,3,smooth_offset,9,success,1.0
Modified,blocked_road,4,smooth_offset,9,success,1.0
Modified,blocked_road,5,smooth_offset,9,success,1.0
Modified,blocked_road,6,smooth_offset,9,success,1.0
Modified,blocked_road,7,smooth_offset,9,success,1.0
Modified,blocked_road,8,smooth_offset,9,success,1.0
Modified,blocked_road,9,smooth_offset,9,success,1.0
Modified,blocked_road,10,smooth_offset,9,success,1.0
Modified,blocked_road,11,smooth_offset,9,success,1.0
Modified,blocked_road,12,smooth_offset,9,success,1.0
Modified,blocked_road,13,smooth_offset,9,success,1.0
Modified,blocked_road,14,smooth_offset,9,success,1.0
Modified,blocked_road,15,smooth_offset,9,success,1.0
Modified,blocked_road,16,smooth_offset,9,success,1.0
Modified,blocked_road,17,smooth_offset,9,success,1.0
Modified,blocked_road,18,smooth_offset,9,success,1.0
Modified,blocked_road,19,smooth_offset,9,success,1.0
Modified,blocked_road,20,smooth_offset,9,success,1.0
Modified,blocked_road,21,smooth_offset,9,success,1.0
Modified,blocked_road,22,smooth_offset,9,success,1.0
Modified,blocked_road,23,smooth_offset,9,success,1.0
Modified,blocked_road,24,smooth_offset,9,success,1.0
Modified,blocked_road,25,smooth_offset,9,success,1.0
Modified,blocked_road,26,smooth_offset,9,success,1.0
Modified,blocked_road,27,smooth_offset,9,success,1.0
Modified,blocked_road,28,smooth_offset,9,success,1.0
Modified,blocked_road,29,smooth_offset,9,success,1.0
Modified,dense_city,0,smooth_offset,9,success,1.0
Modified,dense_city,1,smooth_offset,9,success,1.0
Modified,dense_city,2,smooth_offset,9,success,1.0
Modified,dense_city,3,smooth_offset,9,success,1.0
Modified,dense_city,4,smooth_offset,9,success,1.0
Modified,dense_city,5,smooth_offset,9,success,1.0
Modified,dense_city,6,smooth_offset,9,success,1.0
Modified,dense_city,7,smooth_offset,9,success,1.0
Modified,dense_city,8,smooth_offset,9,success,1.0
Modified,dense_city,9,smooth_offset,9,success,0.0
Modified,dense_city,10,smooth_offset,9,success,1.0
Modified,dense_city,11,smooth_offset,9,success,1.0
Modified,dense_city,12,smooth_offset,9,success,1.0
Modified,dense_city,13,smooth_offset,9,success,1.0
Modified,dense_city,14,smooth_offset,9,success,1.0
Modified,dense_city,15,smooth_offset,9,success,1.0
Modified,dense_city,16,smooth_offset,9,success,1.0
Modified,dense_city,17,smooth_offset,9,success,1.0
Modified,dense_city,18,smooth_offset,9,success,1.0
Modified,dense_city,19,smooth_offset,9,success,1.0
Modified,dense_city,20,smooth_offset,9,success,1.0
Modified,dense_city,21,smooth_offset,9,success,1.0
Modified,dense_city,22,smooth_offset,9,success,1.0
Modified,dense_city,23,smooth_offset,9,success,1.0
Modified,dense_city,24,smooth_offset,9,success,1.0
Modified,dense_city,25,smooth_offset,9,success,1.0
Modified,dense_city,26,smooth_offset,9,success,1.0
Modified,dense_city,27,smooth_offset,9,success,1.0
Modified,dense_city,28,smooth_offset,9,success,1.0
Modified,dense_city,29,smooth_offset,9,success,1.0
Modified,normal_city,0,smooth_offset,2,path_length,157.9
Modified,normal_city,1,smooth_offset,2,path_length,163.018
Modified,normal_city,2,smooth_offset,2,path_length,157.2
Modified,normal_city,3,smooth_offset,2,path_length,164.217
Modified,normal_city,4,smooth_offset,2,path_length,167.528
Modified,normal_city,5,smooth_offset,2,path_length,162.198
Modified,normal_city,6,smooth_offset,2,path_length,145.92
Modified,normal_city,7,smooth_offset,2,path_length,157.268
Modified,normal_city,8,smooth_offset,2,path_length,201.405
Modified,normal_city,9,smooth_offset,2,path_length,149.007
Modified,normal_city,10,smooth_offset,2,path_length,158.832
Modified,normal_city,11,smooth_offset,2,path_length,161.726
Modified,normal_city,12,smooth_offset,2,path_length,163.302
Modified,normal_city,13,smooth_offset,2,path_length,163.761
Modified,normal_city,14,smooth_offset,2,path_length,156.498
Modified,normal_city,15,smooth_offset,2,path_length,158.493
Modified,normal_city,16,smooth_offset,2,path_length,155.3
Modified,normal_city,17,smooth_offset,2,path_length,150.497
Modified,normal_city,18,smooth_offset,2,path_length,156.287
Modified,normal_city,19,smooth_offset,2,path_length,159.741
Modified,normal_city,20,smooth_offset,2,path_length,158.093
Modified,normal_city,21,smooth_offset,2,path_length,164.247
Modified,normal_city,22,smooth_offset,2,path_length,166.14
Modified,normal_city,23,smooth_offset,2,path_length,150.917
Modified,normal_city,24,smooth_offset,2,path_length,157.329
Modified,normal_city,25,smooth_offset,2,path_length,162.102
Modified,normal_city,26,smooth_offset,2,path_length,152.351
Modified,normal_city,27,smooth_offset,2,path_length,167.803
Modified,normal_city,28,smooth_offset,2,path_length,158.054
Modified,normal_city,29,smooth_offset,2,path_length,157.616
Modified,blocked_road,0,smooth_offset,2,path_length,201.88
Modified,blocked_road,1,smooth_offset,2,path_length,212.503
Modified,blocked_road,2,smooth_offset,2,path_length,185.948
Modified,blocked_road,3,smooth_offset,2,path_length,163.03
Modified,blocked_road,4,smooth_offset,2,path_length,300.196
Modified,blocked_road,5,smooth_offset,2,path_length,211.119
Modified,blocked_road,6,smooth_offset,2,path_length,170.104
Modified,blocked_road,7,smooth_offset,2,path_length,167.139
Modified,blocked_road,8,smooth_offset,2,path_length,171.719
Modified,blocked_road,9,smooth_offset,2,path_length,164.342
Modified,blocked_road,10,smooth_offset,2,path_length,189.768
Modified,blocked_road,11,smooth_offset,2,path_length,187.486
Modified,blocked_road,12,smooth_offset,2,path_length,208.718
Modified,blocked_road,13,smooth_offset,2,path_length,170.351
Modified,blocked_road,14,smooth_offset,2,path_length,203.822
Modified,blocked_road,15,smooth_offset,2,path_length,204.97
Modified,blocked_road,16,smooth_offset,2,path_length,199.257
Modified,blocked_road,17,smooth_offset,2,path_length,157.734
Modified,blocked_road,18,smooth_offset,2,path_length,164.481
Modified,blocked_road,19,smooth_offset,2,path_length,202.707
Modified,blocked_road,20,smooth_offset,2,path_length,200.369
Modified,blocked_road,21,smooth_offset,2,path_length,165.303
Modified,blocked_road,22,smooth_offset,2,path_length,154.398
Modified,blocked_road,23,smooth_offset,2,path_length,146.961
Modified,blocked_road,24,smooth_offset,2,path_length,158.561
Modified,blocked_road,25,smooth_offset,2,path_length,163.224
Modified,blocked_road,26,smooth_offset,2,path_length,166.42
Modified,blocked_road,27,smooth_offset,2,path_length,163.34
Modified,blocked_road,28,smooth_offset,2,path_length,163.147
Modified,blocked_road,29,smooth_offset,2,path_length,149.111
Modified,dense_city,0,smooth_offset,2,path_length,169.12
Modified,dense_city,1,smooth_offset,2,path_length,159.036
Modified,dense_city,2,smooth_offset,2,path_length,207.063
Modified,dense_city,3,smooth_offset,2,path_length,162.291
Modified,dense_city,4,smooth_offset,2,path_length,159.828
Modified,dense_city,5,smooth_offset,2,path_length,168.944
Modified,dense_city,6,smooth_offset,2,path_length,179.411
Modified,dense_city,7,smooth_offset,2,path_length,203.117
Modified,dense_city,8,smooth_offset,2,path_length,156.208
Modified,dense_city,9,smooth_offset,2,path_length,
Modified,dense_city,10,smooth_offset,2,path_length,154.264
Modified,dense_city,11,smooth_offset,2,path_length,158.581
Modified,dense_city,12,smooth_offset,2,path_length,164.346
Modified,dense_city,13,smooth_offset,2,path_length,157.535
Modified,dense_city,14,smooth_offset,2,path_length,176.873
Modified,dense_city,15,smooth_offset,2,path_length,253.478
Modified,dense_city,16,smooth_offset,2,path_length,154.811
Modified,dense_city,17,smooth_offset,2,path_length,182.535
Modified,dense_city,18,smooth_offset,2,path_length,164.504
Modified,dense_city,19,smooth_offset,2,path_length,159.916
Modified,dense_city,20,smooth_offset,2,path_length,151.313
Modified,dense_city,21,smooth_offset,2,path_length,155.101
Modified,dense_city,22,smooth_offset,2,path_length,154.46
Modified,dense_city,23,smooth_offset,2,path_length,157.191
Modified,dense_city,24,smooth_offset,2,path_length,149.673
Modified,dense_city,25,smooth_offset,2,path_length,152.292
Modified,dense_city,26,smooth_offset,2,path_length,154.434
Modified,dense_city,27,smooth_offset,2,path_length,153.305
Modified,dense_city,28,smooth_offset,2,path_length,164.421
Modified,dense_city,29,smooth_offset,2,path_length,165.121
Modified,normal_city,0,smooth_offset,4,path_length,154.681
Modified,normal_city,1,smooth_offset,4,path_length,157.947
Modified,normal_city,2,smooth_offset,4,path_length,151.584
Modified,normal_city,3,smooth_offset,4,path_length,156.641
Modified,normal_city,4,smooth_offset,4,path_length,162.238
Modified,normal_city,5,smooth_offset,4,path_length,155.695
Modified,normal_city,6,smooth_offset,4,path_length,145.91
Modified,normal_city,7,smooth_offset,4,path_length,155.712
Modified,normal_city,8,smooth_offset,4,path_length,193.861
Modified,normal_city,9,smooth_offset,4,path_length,147.715
Modified,normal_city,10,smooth_offset,4,path_length,153.562
Modified,normal_city,11,smooth_offset,4,path_length,154.867
Modified,normal_city,12,smooth_offset,4,path_length,161.415
Modified,normal_city,13,smooth_offset,4,path_length,155.678
Modified,normal_city,14,smooth_offset,4,path_length,150.038
Modified,normal_city,15,smooth_offset,4,path_length,151.017
Modified,normal_city,16,smooth_offset,4,path_length,150.039
Modified,normal_city,17,smooth_offset,4,path_length,149.369
Modified,normal_city,18,smooth_offset,4,path_length,151.064
Modified,normal_city,19,smooth_offset,4,path_length,155.83
Modified,normal_city,20,smooth_offset,4,path_length,153.54
Modified,normal_city,21,smooth_offset,4,path_length,157.628
Modified,normal_city,22,smooth_offset,4,path_length,162.973
Modified,normal_city,23,smooth_offset,4,path_length,151.161
Modified,normal_city,24,smooth_offset,4,path_length,154.0
Modified,normal_city,25,smooth_offset,4,path_length,160.139
Modified,normal_city,26,smooth_offset,4,path_length,149.849
Modified,normal_city,27,smooth_offset,4,path_length,161.357
Modified,normal_city,28,smooth_offset,4,path_length,152.97
Modified,normal_city,29,smooth_offset,4,path_length,152.909
Modified,blocked_road,0,smooth_offset,4,path_length,202.283
Modified,blocked_road,1,smooth_offset,4,path_length,208.807
Modified,blocked_road,2,smooth_offset,4,path_length,185.06
Modified,blocked_road,3,smooth_offset,4,path_length,161.773
Modified,blocked_road,4,smooth_offset,4,path_length,297.104
Modified,blocked_road,5,smooth_offset,4,path_length,207.54
Modified,blocked_road,6,smooth_offset,4,path_length,168.038
Modified,blocked_road,7,smooth_offset,4,path_length,160.193
Modified,blocked_road,8,smooth_offset,4,path_length,171.998
Modified,blocked_road,9,smooth_offset,4,path_length,164.47
Modified,blocked_road,10,smooth_offset,4,path_length,190.545
Modified,blocked_road,11,smooth_offset,4,path_length,189.58
Modified,blocked_road,12,smooth_offset,4,path_length,206.481
Modified,blocked_road,13,smooth_offset,4,path_length,162.693
Modified,blocked_road,14,smooth_offset,4,path_length,202.045
Modified,blocked_road,15,smooth_offset,4,path_length,204.345
Modified,blocked_road,16,smooth_offset,4,path_length,201.602
Modified,blocked_road,17,smooth_offset,4,path_length,157.07
Modified,blocked_road,18,smooth_offset,4,path_length,162.45
Modified,blocked_road,19,smooth_offset,4,path_length,199.006
Modified,blocked_road,20,smooth_offset,4,path_length,197.691
Modified,blocked_road,21,smooth_offset,4,path_length,165.226
Modified,blocked_road,22,smooth_offset,4,path_length,153.343
Modified,blocked_road,23,smooth_offset,4,path_length,146.851
Modified,blocked_road,24,smooth_offset,4,path_length,158.457
Modified,blocked_road,25,smooth_offset,4,path_length,160.067
Modified,blocked_road,26,smooth_offset,4,path_length,165.981
Modified,blocked_road,27,smooth_offset,4,path_length,163.102
Modified,blocked_road,28,smooth_offset,4,path_length,160.853
Modified,blocked_road,29,smooth_offset,4,path_length,152.891
Modified,dense_city,0,smooth_offset,4,path_length,166.389
Modified,dense_city,1,smooth_offset,4,path_length,158.988
Modified,dense_city,2,smooth_offset,4,path_length,207.015
Modified,dense_city,3,smooth_offset,4,path_length,162.25
Modified,dense_city,4,smooth_offset,4,path_length,159.78
Modified,dense_city,5,smooth_offset,4,path_length,164.613
Modified,dense_city,6,smooth_offset,4,path_length,179.047
Modified,dense_city,7,smooth_offset,4,path_length,200.596
Modified,dense_city,8,smooth_offset,4,path_length,156.16
Modified,dense_city,9,smooth_offset,4,path_length,
Modified,dense_city,10,smooth_offset,4,path_length,154.216
Modified,dense_city,11,smooth_offset,4,path_length,158.888
Modified,dense_city,12,smooth_offset,4,path_length,163.069
Modified,dense_city,13,smooth_offset,4,path_length,157.784
Modified,dense_city,14,smooth_offset,4,path_length,176.824
Modified,dense_city,15,smooth_offset,4,path_length,256.07
Modified,dense_city,16,smooth_offset,4,path_length,154.763
Modified,dense_city,17,smooth_offset,4,path_length,184.621
Modified,dense_city,18,smooth_offset,4,path_length,164.701
Modified,dense_city,19,smooth_offset,4,path_length,159.868
Modified,dense_city,20,smooth_offset,4,path_length,151.265
Modified,dense_city,21,smooth_offset,4,path_length,155.053
Modified,dense_city,22,smooth_offset,4,path_length,154.412
Modified,dense_city,23,smooth_offset,4,path_length,157.416
Modified,dense_city,24,smooth_offset,4,path_length,149.625
Modified,dense_city,25,smooth_offset,4,path_length,152.244
Modified,dense_city,26,smooth_offset,4,path_length,154.386
Modified,dense_city,27,smooth_offset,4,path_length,153.637
Modified,dense_city,28,smooth_offset,4,path_length,164.373
Modified,dense_city,29,smooth_offset,4,path_length,165.073
Modified,normal_city,0,smooth_offset,6,path_length,150.442
Modified,normal_city,1,smooth_offset,6,path_length,159.276
Modified,normal_city,2,smooth_offset,6,path_length,153.253
Modified,normal_city,3,smooth_offset,6,path_length,157.838
Modified,normal_city,4,smooth_offset,6,path_length,159.383
Modified,normal_city,5,smooth_offset,6,path_length,151.623
Modified,normal_city,6,smooth_offset,6,path_length,145.826
Modified,normal_city,7,smooth_offset,6,path_length,152.348
Modified,normal_city,8,smooth_offset,6,path_length,193.765
Modified,normal_city,9,smooth_offset,6,path_length,148.228
Modified,normal_city,10,smooth_offset,6,path_length,152.05
Modified,normal_city,11,smooth_offset,6,path_length,151.762
Modified,normal_city,12,smooth_offset,6,path_length,161.553
Modified,normal_city,13,smooth_offset,6,path_length,154.808
Modified,normal_city,14,smooth_offset,6,path_length,149.26
Modified,normal_city,15,smooth_offset,6,path_length,150.79
Modified,normal_city,16,smooth_offset,6,path_length,147.59
Modified,normal_city,17,smooth_offset,6,path_length,150.6
Modified,normal_city,18,smooth_offset,6,path_length,149.044
Modified,normal_city,19,smooth_offset,6,path_length,154.539
Modified,normal_city,20,smooth_offset,6,path_length,152.431
Modified,normal_city,21,smooth_offset,6,path_length,154.495
Modified,normal_city,22,smooth_offset,6,path_length,161.174
Modified,normal_city,23,smooth_offset,6,path_length,151.076
Modified,normal_city,24,smooth_offset,6,path_length,153.04
Modified,normal_city,25,smooth_offset,6,path_length,155.35
Modified,normal_city,26,smooth_offset,6,path_length,146.316
Modified,normal_city,27,smooth_offset,6,path_length,160.81
Modified,normal_city,28,smooth_offset,6,path_length,156.828
Modified,normal_city,29,smooth_offset,6,path_length,148.722
Modified,blocked_road,0,smooth_offset,6,path_length,200.596
Modified,blocked_road,1,smooth_offset,6,path_length,207.092
Modified,blocked_road,2,smooth_offset,6,path_length,183.573
Modified,blocked_road,3,smooth_offset,6,path_length,162.228
Modified,blocked_road,4,smooth_offset,6,path_length,299.831
Modified,blocked_road,5,smooth_offset,6,path_length,212.464
Modified,blocked_road,6,smooth_offset,6,path_length,167.294
Modified,blocked_road,7,smooth_offset,6,path_length,160.752
Modified,blocked_road,8,smooth_offset,6,path_length,172.23
Modified,blocked_road,9,smooth_offset,6,path_length,163.909
Modified,blocked_road,10,smooth_offset,6,path_length,188.185
Modified,blocked_road,11,smooth_offset,6,path_length,185.832
Modified,blocked_road,12,smooth_offset,6,path_length,205.64
Modified,blocked_road,13,smooth_offset,6,path_length,167.364
Modified,blocked_road,14,smooth_offset,6,path_length,202.123
Modified,blocked_road,15,smooth_offset,6,path_length,205.189
Modified,blocked_road,16,smooth_offset,6,path_length,200.612
Modified,blocked_road,17,smooth_offset,6,path_length,157.145
Modified,blocked_road,18,smooth_offset,6,path_length,160.517
Modified,blocked_road,19,smooth_offset,6,path_length,198.783
Modified,blocked_road,20,smooth_offset,6,path_length,196.862
Modified,blocked_road,21,smooth_offset,6,path_length,165.136
Modified,blocked_road,22,smooth_offset,6,path_length,153.581
Modified,blocked_road,23,smooth_offset,6,path_length,146.766
Modified,blocked_road,24,smooth_offset,6,path_length,158.0
Modified,blocked_road,25,smooth_offset,6,path_length,156.388
Modified,blocked_road,26,smooth_offset,6,path_length,165.429
Modified,blocked_road,27,smooth_offset,6,path_length,163.08
Modified,blocked_road,28,smooth_offset,6,path_length,163.782
Modified,blocked_road,29,smooth_offset,6,path_length,152.785
Modified,dense_city,0,smooth_offset,6,path_length,168.475
Modified,dense_city,1,smooth_offset,6,path_length,158.972
Modified,dense_city,2,smooth_offset,6,path_length,206.999
Modified,dense_city,3,smooth_offset,6,path_length,162.238
Modified,dense_city,4,smooth_offset,6,path_length,159.764
Modified,dense_city,5,smooth_offset,6,path_length,161.497
Modified,dense_city,6,smooth_offset,6,path_length,179.38
Modified,dense_city,7,smooth_offset,6,path_length,197.399
Modified,dense_city,8,smooth_offset,6,path_length,156.145
Modified,dense_city,9,smooth_offset,6,path_length,
Modified,dense_city,10,smooth_offset,6,path_length,154.2
Modified,dense_city,11,smooth_offset,6,path_length,158.873
Modified,dense_city,12,smooth_offset,6,path_length,162.728
Modified,dense_city,13,smooth_offset,6,path_length,157.784
Modified,dense_city,14,smooth_offset,6,path_length,176.809
Modified,dense_city,15,smooth_offset,6,path_length,256.233
Modified,dense_city,16,smooth_offset,6,path_length,154.747
Modified,dense_city,17,smooth_offset,6,path_length,184.606
Modified,dense_city,18,smooth_offset,6,path_length,164.685
Modified,dense_city,19,smooth_offset,6,path_length,159.852
Modified,dense_city,20,smooth_offset,6,path_length,151.249
Modified,dense_city,21,smooth_offset,6,path_length,155.037
Modified,dense_city,22,smooth_offset,6,path_length,154.397
Modified,dense_city,23,smooth_offset,6,path_length,157.416
Modified,dense_city,24,smooth_offset,6,path_length,149.609
Modified,dense_city,25,smooth_offset,6,path_length,152.229
Modified,dense_city,26,smooth_offset,6,path_length,154.37
Modified,dense_city,27,smooth_offset,6,path_length,152.855
Modified,dense_city,28,smooth_offset,6,path_length,164.357
Modified,dense_city,29,smooth_offset,6,path_length,165.057
Modified,normal_city,0,smooth_offset,9,path_length,149.389
Modified,normal_city,1,smooth_offset,9,path_length,154.039
Modified,normal_city,2,smooth_offset,9,path_length,148.064
Modified,normal_city,3,smooth_offset,9,path_length,155.645
Modified,normal_city,4,smooth_offset,9,path_length,154.582
Modified,normal_city,5,smooth_offset,9,path_length,150.74
Modified,normal_city,6,smooth_offset,9,path_length,145.731
Modified,normal_city,7,smooth_offset,9,path_length,153.057
Modified,normal_city,8,smooth_offset,9,path_length,193.257
Modified,normal_city,9,smooth_offset,9,path_length,148.487
Modified,normal_city,10,smooth_offset,9,path_length,147.843
Modified,normal_city,11,smooth_offset,9,path_length,153.753
Modified,normal_city,12,smooth_offset,9,path_length,159.343
Modified,normal_city,13,smooth_offset,9,path_length,154.616
Modified,normal_city,14,smooth_offset,9,path_length,147.521
Modified,normal_city,15,smooth_offset,9,path_length,151.87
Modified,normal_city,16,smooth_offset,9,path_length,149.096
Modified,normal_city,17,smooth_offset,9,path_length,150.6
Modified,normal_city,18,smooth_offset,9,path_length,147.895
Modified,normal_city,19,smooth_offset,9,path_length,155.594
Modified,normal_city,20,smooth_offset,9,path_length,148.171
Modified,normal_city,21,smooth_offset,9,path_length,152.109
Modified,normal_city,22,smooth_offset,9,path_length,159.521
Modified,normal_city,23,smooth_offset,9,path_length,150.978
Modified,normal_city,24,smooth_offset,9,path_length,150.366
Modified,normal_city,25,smooth_offset,9,path_length,150.097
Modified,normal_city,26,smooth_offset,9,path_length,147.68
Modified,normal_city,27,smooth_offset,9,path_length,158.66
Modified,normal_city,28,smooth_offset,9,path_length,152.743
Modified,normal_city,29,smooth_offset,9,path_length,149.35
Modified,blocked_road,0,smooth_offset,9,path_length,198.515
Modified,blocked_road,1,smooth_offset,9,path_length,207.337
Modified,blocked_road,2,smooth_offset,9,path_length,182.188
Modified,blocked_road,3,smooth_offset,9,path_length,162.966
Modified,blocked_road,4,smooth_offset,9,path_length,296.764
Modified,blocked_road,5,smooth_offset,9,path_length,211.643
Modified,blocked_road,6,smooth_offset,9,path_length,168.528
Modified,blocked_road,7,smooth_offset,9,path_length,154.426
Modified,blocked_road,8,smooth_offset,9,path_length,172.287
Modified,blocked_road,9,smooth_offset,9,path_length,163.893
Modified,blocked_road,10,smooth_offset,9,path_length,190.39
Modified,blocked_road,11,smooth_offset,9,path_length,189.477
Modified,blocked_road,12,smooth_offset,9,path_length,205.445
Modified,blocked_road,13,smooth_offset,9,path_length,164.911
Modified,blocked_road,14,smooth_offset,9,path_length,200.546
Modified,blocked_road,15,smooth_offset,9,path_length,205.594
Modified,blocked_road,16,smooth_offset,9,path_length,200.414
Modified,blocked_road,17,smooth_offset,9,path_length,157.217
Modified,blocked_road,18,smooth_offset,9,path_length,159.354
Modified,blocked_road,19,smooth_offset,9,path_length,198.099
Modified,blocked_road,20,smooth_offset,9,path_length,195.502
Modified,blocked_road,21,smooth_offset,9,path_length,165.913
Modified,blocked_road,22,smooth_offset,9,path_length,154.731
Modified,blocked_road,23,smooth_offset,9,path_length,146.668
Modified,blocked_road,24,smooth_offset,9,path_length,157.788
Modified,blocked_road,25,smooth_offset,9,path_length,153.395
Modified,blocked_road,26,smooth_offset,9,path_length,165.471
Modified,blocked_road,27,smooth_offset,9,path_length,163.267
Modified,blocked_road,28,smooth_offset,9,path_length,163.927
Modified,blocked_road,29,smooth_offset,9,path_length,152.888
Modified,dense_city,0,smooth_offset,9,path_length,168.929
Modified,dense_city,1,smooth_offset,9,path_length,158.959
Modified,dense_city,2,smooth_offset,9,path_length,206.986
Modified,dense_city,3,smooth_offset,9,path_length,162.227
Modified,dense_city,4,smooth_offset,9,path_length,159.751
Modified,dense_city,5,smooth_offset,9,path_length,159.4
Modified,dense_city,6,smooth_offset,9,path_length,178.925
Modified,dense_city,7,smooth_offset,9,path_length,196.092
Modified,dense_city,8,smooth_offset,9,path_length,156.131
Modified,dense_city,9,smooth_offset,9,path_length,
Modified,dense_city,10,smooth_offset,9,path_length,154.187
Modified,dense_city,11,smooth_offset,9,path_length,158.859
Modified,dense_city,12,smooth_offset,9,path_length,161.839
Modified,dense_city,13,smooth_offset,9,path_length,157.784
Modified,dense_city,14,smooth_offset,9,path_length,176.795
Modified,dense_city,15,smooth_offset,9,path_length,255.423
Modified,dense_city,16,smooth_offset,9,path_length,154.734
Modified,dense_city,17,smooth_offset,9,path_length,184.592
Modified,dense_city,18,smooth_offset,9,path_length,164.672
Modified,dense_city,19,smooth_offset,9,path_length,159.839
Modified,dense_city,20,smooth_offset,9,path_length,151.236
Modified,dense_city,21,smooth_offset,9,path_length,155.024
Modified,dense_city,22,smooth_offset,9,path_length,154.383
Modified,dense_city,23,smooth_offset,9,path_length,157.416
Modified,dense_city,24,smooth_offset,9,path_length,149.596
Modified,dense_city,25,smooth_offset,9,path_length,152.215
Modified,dense_city,26,smooth_offset,9,path_length,154.357
Modified,dense_city,27,smooth_offset,9,path_length,153.839
Modified,dense_city,28,smooth_offset,9,path_length,164.344
Modified,dense_city,29,smooth_offset,9,path_length,165.044
Modified,normal_city,0,smooth_offset,2,length_ratio,1.1121
Modified,normal_city,1,smooth_offset,2,length_ratio,1.1577
Modified,normal_city,2,smooth_offset,2,length_ratio,1.1164
Modified,normal_city,3,smooth_offset,2,length_ratio,1.1425
Modified,normal_city,4,smooth_offset,2,length_ratio,1.1751
Modified,normal_city,5,smooth_offset,2,length_ratio,1.1519
Modified,normal_city,6,smooth_offset,2,length_ratio,1.0363
Modified,normal_city,7,smooth_offset,2,length_ratio,1.1169
Modified,normal_city,8,smooth_offset,2,length_ratio,1.4127
Modified,normal_city,9,smooth_offset,2,length_ratio,1.0495
Modified,normal_city,10,smooth_offset,2,length_ratio,1.1095
Modified,normal_city,11,smooth_offset,2,length_ratio,1.1391
Modified,normal_city,12,smooth_offset,2,length_ratio,1.1597
Modified,normal_city,13,smooth_offset,2,length_ratio,1.1439
Modified,normal_city,14,smooth_offset,2,length_ratio,1.1022
Modified,normal_city,15,smooth_offset,2,length_ratio,1.1117
Modified,normal_city,16,smooth_offset,2,length_ratio,1.0983
Modified,normal_city,17,smooth_offset,2,length_ratio,1.06
Modified,normal_city,18,smooth_offset,2,length_ratio,1.1192
Modified,normal_city,19,smooth_offset,2,length_ratio,1.1113
Modified,normal_city,20,smooth_offset,2,length_ratio,1.1089
Modified,normal_city,21,smooth_offset,2,length_ratio,1.1521
Modified,normal_city,22,smooth_offset,2,length_ratio,1.1653
Modified,normal_city,23,smooth_offset,2,length_ratio,1.0718
Modified,normal_city,24,smooth_offset,2,length_ratio,1.1035
Modified,normal_city,25,smooth_offset,2,length_ratio,1.137
Modified,normal_city,26,smooth_offset,2,length_ratio,1.073
Modified,normal_city,27,smooth_offset,2,length_ratio,1.1722
Modified,normal_city,28,smooth_offset,2,length_ratio,1.1225
Modified,normal_city,29,smooth_offset,2,length_ratio,1.1055
Modified,blocked_road,0,smooth_offset,2,length_ratio,1.3548
Modified,blocked_road,1,smooth_offset,2,length_ratio,1.4374
Modified,blocked_road,2,smooth_offset,2,length_ratio,1.2578
Modified,blocked_road,3,smooth_offset,2,length_ratio,1.0813
Modified,blocked_road,4,smooth_offset,2,length_ratio,2.0305
Modified,blocked_road,5,smooth_offset,2,length_ratio,1.428
Modified,blocked_road,6,smooth_offset,2,length_ratio,1.1506
Modified,blocked_road,7,smooth_offset,2,length_ratio,1.1305
Modified,blocked_road,8,smooth_offset,2,length_ratio,1.1524
Modified,blocked_road,9,smooth_offset,2,length_ratio,1.1116
Modified,blocked_road,10,smooth_offset,2,length_ratio,1.2636
Modified,blocked_road,11,smooth_offset,2,length_ratio,1.2533
Modified,blocked_road,12,smooth_offset,2,length_ratio,1.4062
Modified,blocked_road,13,smooth_offset,2,length_ratio,1.1523
Modified,blocked_road,14,smooth_offset,2,length_ratio,1.3312
Modified,blocked_road,15,smooth_offset,2,length_ratio,1.3336
Modified,blocked_road,16,smooth_offset,2,length_ratio,1.3268
Modified,blocked_road,17,smooth_offset,2,length_ratio,1.0585
Modified,blocked_road,18,smooth_offset,2,length_ratio,1.1214
Modified,blocked_road,19,smooth_offset,2,length_ratio,1.3445
Modified,blocked_road,20,smooth_offset,2,length_ratio,1.3342
Modified,blocked_road,21,smooth_offset,2,length_ratio,1.105
Modified,blocked_road,22,smooth_offset,2,length_ratio,1.0444
Modified,blocked_road,23,smooth_offset,2,length_ratio,0.9941
Modified,blocked_road,24,smooth_offset,2,length_ratio,1.0641
Modified,blocked_road,25,smooth_offset,2,length_ratio,1.0911
Modified,blocked_road,26,smooth_offset,2,length_ratio,1.1081
Modified,blocked_road,27,smooth_offset,2,length_ratio,1.1005
Modified,blocked_road,28,smooth_offset,2,length_ratio,1.1035
Modified,blocked_road,29,smooth_offset,2,length_ratio,0.9967
Modified,dense_city,0,smooth_offset,2,length_ratio,1.1261
Modified,dense_city,1,smooth_offset,2,length_ratio,1.0589
Modified,dense_city,2,smooth_offset,2,length_ratio,1.3787
Modified,dense_city,3,smooth_offset,2,length_ratio,1.0934
Modified,dense_city,4,smooth_offset,2,length_ratio,1.0642
Modified,dense_city,5,smooth_offset,2,length_ratio,1.1454
Modified,dense_city,6,smooth_offset,2,length_ratio,1.1946
Modified,dense_city,7,smooth_offset,2,length_ratio,1.3435
Modified,dense_city,8,smooth_offset,2,length_ratio,1.065
Modified,dense_city,9,smooth_offset,2,length_ratio,
Modified,dense_city,10,smooth_offset,2,length_ratio,1.0603
Modified,dense_city,11,smooth_offset,2,length_ratio,1.0899
Modified,dense_city,12,smooth_offset,2,length_ratio,1.1295
Modified,dense_city,13,smooth_offset,2,length_ratio,1.0368
Modified,dense_city,14,smooth_offset,2,length_ratio,1.2156
Modified,dense_city,15,smooth_offset,2,length_ratio,1.6367
Modified,dense_city,16,smooth_offset,2,length_ratio,1.064
Modified,dense_city,17,smooth_offset,2,length_ratio,1.2347
Modified,dense_city,18,smooth_offset,2,length_ratio,1.0953
Modified,dense_city,19,smooth_offset,2,length_ratio,1.0648
Modified,dense_city,20,smooth_offset,2,length_ratio,1.04
Modified,dense_city,21,smooth_offset,2,length_ratio,1.0533
Modified,dense_city,22,smooth_offset,2,length_ratio,1.0205
Modified,dense_city,23,smooth_offset,2,length_ratio,1.0632
Modified,dense_city,24,smooth_offset,2,length_ratio,1.0164
Modified,dense_city,25,smooth_offset,2,length_ratio,1.0349
Modified,dense_city,26,smooth_offset,2,length_ratio,1.0283
Modified,dense_city,27,smooth_offset,2,length_ratio,1.0051
Modified,dense_city,28,smooth_offset,2,length_ratio,1.0948
Modified,dense_city,29,smooth_offset,2,length_ratio,1.1213
Modified,normal_city,0,smooth_offset,4,length_ratio,1.0894
Modified,normal_city,1,smooth_offset,4,length_ratio,1.1217
Modified,normal_city,2,smooth_offset,4,length_ratio,1.0765
Modified,normal_city,3,smooth_offset,4,length_ratio,1.0898
Modified,normal_city,4,smooth_offset,4,length_ratio,1.138
Modified,normal_city,5,smooth_offset,4,length_ratio,1.1057
Modified,normal_city,6,smooth_offset,4,length_ratio,1.0362
Modified,normal_city,7,smooth_offset,4,length_ratio,1.1058
Modified,normal_city,8,smooth_offset,4,length_ratio,1.3598
Modified,normal_city,9,smooth_offset,4,length_ratio,1.0404
Modified,normal_city,10,smooth_offset,4,length_ratio,1.0727
Modified,normal_city,11,smooth_offset,4,length_ratio,1.0907
Modified,normal_city,12,smooth_offset,4,length_ratio,1.1463
Modified,normal_city,13,smooth_offset,4,length_ratio,1.0875
Modified,normal_city,14,smooth_offset,4,length_ratio,1.0567
Modified,normal_city,15,smooth_offset,4,length_ratio,1.0593
Modified,normal_city,16,smooth_offset,4,length_ratio,1.0611
Modified,normal_city,17,smooth_offset,4,length_ratio,1.052
Modified,normal_city,18,smooth_offset,4,length_ratio,1.0818
Modified,normal_city,19,smooth_offset,4,length_ratio,1.0841
Modified,normal_city,20,smooth_offset,4,length_ratio,1.077
Modified,normal_city,21,smooth_offset,4,length_ratio,1.1056
Modified,normal_city,22,smooth_offset,4,length_ratio,1.1431
Modified,normal_city,23,smooth_offset,4,length_ratio,1.0735
Modified,normal_city,24,smooth_offset,4,length_ratio,1.0802
Modified,normal_city,25,smooth_offset,4,length_ratio,1.1232
Modified,normal_city,26,smooth_offset,4,length_ratio,1.0554
Modified,normal_city,27,smooth_offset,4,length_ratio,1.1272
Modified,normal_city,28,smooth_offset,4,length_ratio,1.0864
Modified,normal_city,29,smooth_offset,4,length_ratio,1.0725
Modified,blocked_road,0,smooth_offset,4,length_ratio,1.3575
Modified,blocked_road,1,smooth_offset,4,length_ratio,1.4124
Modified,blocked_road,2,smooth_offset,4,length_ratio,1.2518
Modified,blocked_road,3,smooth_offset,4,length_ratio,1.073
Modified,blocked_road,4,smooth_offset,4,length_ratio,2.0096
Modified,blocked_road,5,smooth_offset,4,length_ratio,1.4038
Modified,blocked_road,6,smooth_offset,4,length_ratio,1.1366
Modified,blocked_road,7,smooth_offset,4,length_ratio,1.0836
Modified,blocked_road,8,smooth_offset,4,length_ratio,1.1543
Modified,blocked_road,9,smooth_offset,4,length_ratio,1.1125
Modified,blocked_road,10,smooth_offset,4,length_ratio,1.2687
Modified,blocked_road,11,smooth_offset,4,length_ratio,1.2673
Modified,blocked_road,12,smooth_offset,4,length_ratio,1.3911
Modified,blocked_road,13,smooth_offset,4,length_ratio,1.1005
Modified,blocked_road,14,smooth_offset,4,length_ratio,1.3196
Modified,blocked_road,15,smooth_offset,4,length_ratio,1.3295
Modified,blocked_road,16,smooth_offset,4,length_ratio,1.3424
Modified,blocked_road,17,smooth_offset,4,length_ratio,1.0541
Modified,blocked_road,18,smooth_offset,4,length_ratio,1.1076
Modified,blocked_road,19,smooth_offset,4,length_ratio,1.3199
Modified,blocked_road,20,smooth_offset,4,length_ratio,1.3163
Modified,blocked_road,21,smooth_offset,4,length_ratio,1.1045
Modified,blocked_road,22,smooth_offset,4,length_ratio,1.0372
Modified,blocked_road,23,smooth_offset,4,length_ratio,0.9933
Modified,blocked_road,24,smooth_offset,4,length_ratio,1.0634
Modified,blocked_road,25,smooth_offset,4,length_ratio,1.07
Modified,blocked_road,26,smooth_offset,4,length_ratio,1.1052
Modified,blocked_road,27,smooth_offset,4,length_ratio,1.0989
Modified,blocked_road,28,smooth_offset,4,length_ratio,1.088
Modified,blocked_road,29,smooth_offset,4,length_ratio,1.022
Modified,dense_city,0,smooth_offset,4,length_ratio,1.1079
Modified,dense_city,1,smooth_offset,4,length_ratio,1.0586
Modified,dense_city,2,smooth_offset,4,length_ratio,1.3784
Modified,dense_city,3,smooth_offset,4,length_ratio,1.0931
Modified,dense_city,4,smooth_offset,4,length_ratio,1.0639
Modified,dense_city,5,smooth_offset,4,length_ratio,1.116
Modified,dense_city,6,smooth_offset,4,length_ratio,1.1922
Modified,dense_city,7,smooth_offset,4,length_ratio,1.3268
Modified,dense_city,8,smooth_offset,4,length_ratio,1.0647
Modified,dense_city,9,smooth_offset,4,length_ratio,
Modified,dense_city,10,smooth_offset,4,length_ratio,1.0599
Modified,dense_city,11,smooth_offset,4,length_ratio,1.092
Modified,dense_city,12,smooth_offset,4,length_ratio,1.1208
Modified,dense_city,13,smooth_offset,4,length_ratio,1.0385
Modified,dense_city,14,smooth_offset,4,length_ratio,1.2153
Modified,dense_city,15,smooth_offset,4,length_ratio,1.6535
Modified,dense_city,16,smooth_offset,4,length_ratio,1.0637
Modified,dense_city,17,smooth_offset,4,length_ratio,1.2488
Modified,dense_city,18,smooth_offset,4,length_ratio,1.0967
Modified,dense_city,19,smooth_offset,4,length_ratio,1.0645
Modified,dense_city,20,smooth_offset,4,length_ratio,1.0396
Modified,dense_city,21,smooth_offset,4,length_ratio,1.053
Modified,dense_city,22,smooth_offset,4,length_ratio,1.0202
Modified,dense_city,23,smooth_offset,4,length_ratio,1.0648
Modified,dense_city,24,smooth_offset,4,length_ratio,1.0161
Modified,dense_city,25,smooth_offset,4,length_ratio,1.0346
Modified,dense_city,26,smooth_offset,4,length_ratio,1.028
Modified,dense_city,27,smooth_offset,4,length_ratio,1.0073
Modified,dense_city,28,smooth_offset,4,length_ratio,1.0945
Modified,dense_city,29,smooth_offset,4,length_ratio,1.121
Modified,normal_city,0,smooth_offset,6,length_ratio,1.0596
Modified,normal_city,1,smooth_offset,6,length_ratio,1.1311
Modified,normal_city,2,smooth_offset,6,length_ratio,1.0884
Modified,normal_city,3,smooth_offset,6,length_ratio,1.0981
Modified,normal_city,4,smooth_offset,6,length_ratio,1.1179
Modified,normal_city,5,smooth_offset,6,length_ratio,1.0768
Modified,normal_city,6,smooth_offset,6,length_ratio,1.0356
Modified,normal_city,7,smooth_offset,6,length_ratio,1.0819
Modified,normal_city,8,smooth_offset,6,length_ratio,1.3591
Modified,normal_city,9,smooth_offset,6,length_ratio,1.044
Modified,normal_city,10,smooth_offset,6,length_ratio,1.0621
Modified,normal_city,11,smooth_offset,6,length_ratio,1.0689
Modified,normal_city,12,smooth_offset,6,length_ratio,1.1473
Modified,normal_city,13,smooth_offset,6,length_ratio,1.0814
Modified,normal_city,14,smooth_offset,6,length_ratio,1.0513
Modified,normal_city,15,smooth_offset,6,length_ratio,1.0577
Modified,normal_city,16,smooth_offset,6,length_ratio,1.0438
Modified,normal_city,17,smooth_offset,6,length_ratio,1.0607
Modified,normal_city,18,smooth_offset,6,length_ratio,1.0673
Modified,normal_city,19,smooth_offset,6,length_ratio,1.0751
Modified,normal_city,20,smooth_offset,6,length_ratio,1.0692
Modified,normal_city,21,smooth_offset,6,length_ratio,1.0837
Modified,normal_city,22,smooth_offset,6,length_ratio,1.1305
Modified,normal_city,23,smooth_offset,6,length_ratio,1.0729
Modified,normal_city,24,smooth_offset,6,length_ratio,1.0734
Modified,normal_city,25,smooth_offset,6,length_ratio,1.0897
Modified,normal_city,26,smooth_offset,6,length_ratio,1.0305
Modified,normal_city,27,smooth_offset,6,length_ratio,1.1233
Modified,normal_city,28,smooth_offset,6,length_ratio,1.1137
Modified,normal_city,29,smooth_offset,6,length_ratio,1.0432
Modified,blocked_road,0,smooth_offset,6,length_ratio,1.3462
Modified,blocked_road,1,smooth_offset,6,length_ratio,1.4008
Modified,blocked_road,2,smooth_offset,6,length_ratio,1.2417
Modified,blocked_road,3,smooth_offset,6,length_ratio,1.076
Modified,blocked_road,4,smooth_offset,6,length_ratio,2.0281
Modified,blocked_road,5,smooth_offset,6,length_ratio,1.4371
Modified,blocked_road,6,smooth_offset,6,length_ratio,1.1316
Modified,blocked_road,7,smooth_offset,6,length_ratio,1.0873
Modified,blocked_road,8,smooth_offset,6,length_ratio,1.1558
Modified,blocked_road,9,smooth_offset,6,length_ratio,1.1087
Modified,blocked_road,10,smooth_offset,6,length_ratio,1.253
Modified,blocked_road,11,smooth_offset,6,length_ratio,1.2422
Modified,blocked_road,12,smooth_offset,6,length_ratio,1.3855
Modified,blocked_road,13,smooth_offset,6,length_ratio,1.1321
Modified,blocked_road,14,smooth_offset,6,length_ratio,1.3201
Modified,blocked_road,15,smooth_offset,6,length_ratio,1.335
Modified,blocked_road,16,smooth_offset,6,length_ratio,1.3358
Modified,blocked_road,17,smooth_offset,6,length_ratio,1.0546
Modified,blocked_road,18,smooth_offset,6,length_ratio,1.0944
Modified,blocked_road,19,smooth_offset,6,length_ratio,1.3185
Modified,blocked_road,20,smooth_offset,6,length_ratio,1.3108
Modified,blocked_road,21,smooth_offset,6,length_ratio,1.1039
Modified,blocked_road,22,smooth_offset,6,length_ratio,1.0388
Modified,blocked_road,23,smooth_offset,6,length_ratio,0.9927
Modified,blocked_road,24,smooth_offset,6,length_ratio,1.0603
Modified,blocked_road,25,smooth_offset,6,length_ratio,1.0454
Modified,blocked_road,26,smooth_offset,6,length_ratio,1.1015
Modified,blocked_road,27,smooth_offset,6,length_ratio,1.0987
Modified,blocked_road,28,smooth_offset,6,length_ratio,1.1078
Modified,blocked_road,29,smooth_offset,6,length_ratio,1.0213
Modified,dense_city,0,smooth_offset,6,length_ratio,1.1218
Modified,dense_city,1,smooth_offset,6,length_ratio,1.0585
Modified,dense_city,2,smooth_offset,6,length_ratio,1.3783
Modified,dense_city,3,smooth_offset,6,length_ratio,1.0931
Modified,dense_city,4,smooth_offset,6,length_ratio,1.0638
Modified,dense_city,5,smooth_offset,6,length_ratio,1.0949
Modified,dense_city,6,smooth_offset,6,length_ratio,1.1944
Modified,dense_city,7,smooth_offset,6,length_ratio,1.3057
Modified,dense_city,8,smooth_offset,6,length_ratio,1.0646
Modified,dense_city,9,smooth_offset,6,length_ratio,
Modified,dense_city,10,smooth_offset,6,length_ratio,1.0598
Modified,dense_city,11,smooth_offset,6,length_ratio,1.0919
Modified,dense_city,12,smooth_offset,6,length_ratio,1.1184
Modified,dense_city,13,smooth_offset,6,length_ratio,1.0385
Modified,dense_city,14,smooth_offset,6,length_ratio,1.2152
Modified,dense_city,15,smooth_offset,6,length_ratio,1.6545
Modified,dense_city,16,smooth_offset,6,length_ratio,1.0636
Modified,dense_city,17,smooth_offset,6,length_ratio,1.2487
Modified,dense_city,18,smooth_offset,6,length_ratio,1.0966
Modified,dense_city,19,smooth_offset,6,length_ratio,1.0644
Modified,dense_city,20,smooth_offset,6,length_ratio,1.0395
Modified,dense_city,21,smooth_offset,6,length_ratio,1.0528
Modified,dense_city,22,smooth_offset,6,length_ratio,1.0201
Modified,dense_city,23,smooth_offset,6,length_ratio,1.0648
Modified,dense_city,24,smooth_offset,6,length_ratio,1.016
Modified,dense_city,25,smooth_offset,6,length_ratio,1.0345
Modified,dense_city,26,smooth_offset,6,length_ratio,1.0279
Modified,dense_city,27,smooth_offset,6,length_ratio,1.0022
Modified,dense_city,28,smooth_offset,6,length_ratio,1.0944
Modified,dense_city,29,smooth_offset,6,length_ratio,1.1209
Modified,normal_city,0,smooth_offset,9,length_ratio,1.0522
Modified,normal_city,1,smooth_offset,9,length_ratio,1.0939
Modified,normal_city,2,smooth_offset,9,length_ratio,1.0515
Modified,normal_city,3,smooth_offset,9,length_ratio,1.0828
Modified,normal_city,4,smooth_offset,9,length_ratio,1.0843
Modified,normal_city,5,smooth_offset,9,length_ratio,1.0705
Modified,normal_city,6,smooth_offset,9,length_ratio,1.0349
Modified,normal_city,7,smooth_offset,9,length_ratio,1.087
Modified,normal_city,8,smooth_offset,9,length_ratio,1.3555
Modified,normal_city,9,smooth_offset,9,length_ratio,1.0458
Modified,normal_city,10,smooth_offset,9,length_ratio,1.0328
Modified,normal_city,11,smooth_offset,9,length_ratio,1.0829
Modified,normal_city,12,smooth_offset,9,length_ratio,1.1316
Modified,normal_city,13,smooth_offset,9,length_ratio,1.0801
Modified,normal_city,14,smooth_offset,9,length_ratio,1.039
Modified,normal_city,15,smooth_offset,9,length_ratio,1.0652
Modified,normal_city,16,smooth_offset,9,length_ratio,1.0545
Modified,normal_city,17,smooth_offset,9,length_ratio,1.0607
Modified,normal_city,18,smooth_offset,9,length_ratio,1.0591
Modified,normal_city,19,smooth_offset,9,length_ratio,1.0825
Modified,normal_city,20,smooth_offset,9,length_ratio,1.0393
Modified,normal_city,21,smooth_offset,9,length_ratio,1.0669
Modified,normal_city,22,smooth_offset,9,length_ratio,1.1189
Modified,normal_city,23,smooth_offset,9,length_ratio,1.0722
Modified,normal_city,24,smooth_offset,9,length_ratio,1.0547
Modified,normal_city,25,smooth_offset,9,length_ratio,1.0528
Modified,normal_city,26,smooth_offset,9,length_ratio,1.0401
Modified,normal_city,27,smooth_offset,9,length_ratio,1.1083
Modified,normal_city,28,smooth_offset,9,length_ratio,1.0847
Modified,normal_city,29,smooth_offset,9,length_ratio,1.0476
Modified,blocked_road,0,smooth_offset,9,length_ratio,1.3322
Modified,blocked_road,1,smooth_offset,9,length_ratio,1.4024
Modified,blocked_road,2,smooth_offset,9,length_ratio,1.2323
Modified,blocked_road,3,smooth_offset,9,length_ratio,1.0809
Modified,blocked_road,4,smooth_offset,9,length_ratio,2.0073
Modified,blocked_road,5,smooth_offset,9,length_ratio,1.4316
Modified,blocked_road,6,smooth_offset,9,length_ratio,1.1399
Modified,blocked_road,7,smooth_offset,9,length_ratio,1.0445
Modified,blocked_road,8,smooth_offset,9,length_ratio,1.1562
Modified,blocked_road,9,smooth_offset,9,length_ratio,1.1086
Modified,blocked_road,10,smooth_offset,9,length_ratio,1.2677
Modified,blocked_road,11,smooth_offset,9,length_ratio,1.2666
Modified,blocked_road,12,smooth_offset,9,length_ratio,1.3842
Modified,blocked_road,13,smooth_offset,9,length_ratio,1.1155
Modified,blocked_road,14,smooth_offset,9,length_ratio,1.3098
Modified,blocked_road,15,smooth_offset,9,length_ratio,1.3376
Modified,blocked_road,16,smooth_offset,9,length_ratio,1.3345
Modified,blocked_road,17,smooth_offset,9,length_ratio,1.0551
Modified,blocked_road,18,smooth_offset,9,length_ratio,1.0865
Modified,blocked_road,19,smooth_offset,9,length_ratio,1.3139
Modified,blocked_road,20,smooth_offset,9,length_ratio,1.3018
Modified,blocked_road,21,smooth_offset,9,length_ratio,1.1091
Modified,blocked_road,22,smooth_offset,9,length_ratio,1.0466
Modified,blocked_road,23,smooth_offset,9,length_ratio,0.9921
Modified,blocked_road,24,smooth_offset,9,length_ratio,1.0589
Modified,blocked_road,25,smooth_offset,9,length_ratio,1.0254
Modified,blocked_road,26,smooth_offset,9,length_ratio,1.1018
Modified,blocked_road,27,smooth_offset,9,length_ratio,1.1
Modified,blocked_road,28,smooth_offset,9,length_ratio,1.1088
Modified,blocked_road,29,smooth_offset,9,length_ratio,1.022
Modified,dense_city,0,smooth_offset,9,length_ratio,1.1248
Modified,dense_city,1,smooth_offset,9,length_ratio,1.0584
Modified,dense_city,2,smooth_offset,9,length_ratio,1.3782
Modified,dense_city,3,smooth_offset,9,length_ratio,1.093
Modified,dense_city,4,smooth_offset,9,length_ratio,1.0637
Modified,dense_city,5,smooth_offset,9,length_ratio,1.0807
Modified,dense_city,6,smooth_offset,9,length_ratio,1.1914
Modified,dense_city,7,smooth_offset,9,length_ratio,1.297
Modified,dense_city,8,smooth_offset,9,length_ratio,1.0645
Modified,dense_city,9,smooth_offset,9,length_ratio,
Modified,dense_city,10,smooth_offset,9,length_ratio,1.0597
Modified,dense_city,11,smooth_offset,9,length_ratio,1.0918
Modified,dense_city,12,smooth_offset,9,length_ratio,1.1123
Modified,dense_city,13,smooth_offset,9,length_ratio,1.0385
Modified,dense_city,14,smooth_offset,9,length_ratio,1.2151
Modified,dense_city,15,smooth_offset,9,length_ratio,1.6493
Modified,dense_city,16,smooth_offset,9,length_ratio,1.0635
Modified,dense_city,17,smooth_offset,9,length_ratio,1.2486
Modified,dense_city,18,smooth_offset,9,length_ratio,1.0965
Modified,dense_city,19,smooth_offset,9,length_ratio,1.0643
Modified,dense_city,20,smooth_offset,9,length_ratio,1.0394
Modified,dense_city,21,smooth_offset,9,length_ratio,1.0528
Modified,dense_city,22,smooth_offset,9,length_ratio,1.02
Modified,dense_city,23,smooth_offset,9,length_ratio,1.0648
Modified,dense_city,24,smooth_offset,9,length_ratio,1.0159
Modified,dense_city,25,smooth_offset,9,length_ratio,1.0344
Modified,dense_city,26,smooth_offset,9,length_ratio,1.0278
Modified,dense_city,27,smooth_offset,9,length_ratio,1.0086
Modified,dense_city,28,smooth_offset,9,length_ratio,1.0943
Modified,dense_city,29,smooth_offset,9,length_ratio,1.1208
Modified,normal_city,0,smooth_offset,2,curvature,0.6614
Modified,normal_city,1,smooth_offset,2,curvature,0.7557
Modified,normal_city,2,smooth_offset,2,curvature,0.672
Modified,normal_city,3,smooth_offset,2,curvature,0.6648
Modified,normal_city,4,smooth_offset,2,curvature,0.87
Modified,normal_city,5,smooth_offset,2,curvature,0.791
Modified,normal_city,6,smooth_offset,2,curvature,0.0768
Modified,normal_city,7,smooth_offset,2,curvature,0.6501
Modified,normal_city,8,smooth_offset,2,curvature,0.6151
Modified,normal_city,9,smooth_offset,2,curvature,0.1169
Modified,normal_city,10,smooth_offset,2,curvature,0.7099
Modified,normal_city,11,smooth_offset,2,curvature,0.8185
Modified,normal_city,12,smooth_offset,2,curvature,0.309
Modified,normal_city,13,smooth_offset,2,curvature,0.7542
Modified,normal_city,14,smooth_offset,2,curvature,0.6737
Modified,normal_city,15,smooth_offset,2,curvature,0.6956
Modified,normal_city,16,smooth_offset,2,curvature,0.648
Modified,normal_city,17,smooth_offset,2,curvature,0.0912
Modified,normal_city,18,smooth_offset,2,curvature,0.692
Modified,normal_city,19,smooth_offset,2,curvature,0.4694
Modified,normal_city,20,smooth_offset,2,curvature,0.7048
Modified,normal_city,21,smooth_offset,2,curvature,0.8182
Modified,normal_city,22,smooth_offset,2,curvature,0.7708
Modified,normal_city,23,smooth_offset,2,curvature,0.0798
Modified,normal_city,24,smooth_offset,2,curvature,0.6169
Modified,normal_city,25,smooth_offset,2,curvature,0.7514
Modified,normal_city,26,smooth_offset,2,curvature,0.5385
Modified,normal_city,27,smooth_offset,2,curvature,0.8764
Modified,normal_city,28,smooth_offset,2,curvature,0.6273
Modified,normal_city,29,smooth_offset,2,curvature,0.6721
Modified,blocked_road,0,smooth_offset,2,curvature,0.3743
Modified,blocked_road,1,smooth_offset,2,curvature,0.3816
Modified,blocked_road,2,smooth_offset,2,curvature,0.2287
Modified,blocked_road,3,smooth_offset,2,curvature,0.1308
Modified,blocked_road,4,smooth_offset,2,curvature,0.2304
Modified,blocked_road,5,smooth_offset,2,curvature,0.2824
Modified,blocked_road,6,smooth_offset,2,curvature,0.2192
Modified,blocked_road,7,smooth_offset,2,curvature,0.7131
Modified,blocked_road,8,smooth_offset,2,curvature,0.0971
Modified,blocked_road,9,smooth_offset,2,curvature,0.2521
Modified,blocked_road,10,smooth_offset,2,curvature,0.1024
Modified,blocked_road,11,smooth_offset,2,curvature,0.1032
Modified,blocked_road,12,smooth_offset,2,curvature,0.2106
Modified,blocked_road,13,smooth_offset,2,curvature,0.5724
Modified,blocked_road,14,smooth_offset,2,curvature,0.307
Modified,blocked_road,15,smooth_offset,2,curvature,0.3212
Modified,blocked_road,16,smooth_offset,2,curvature,0.2843
Modified,blocked_road,17,smooth_offset,2,curvature,0.0943
Modified,blocked_road,18,smooth_offset,2,curvature,0.614
Modified,blocked_road,19,smooth_offset,2,curvature,0.3119
Modified,blocked_road,20,smooth_offset,2,curvature,0.3545
Modified,blocked_road,21,smooth_offset,2,curvature,0.0671
Modified,blocked_road,22,smooth_offset,2,curvature,0.0965
Modified,blocked_road,23,smooth_offset,2,curvature,0.0762
Modified,blocked_road,24,smooth_offset,2,curvature,0.1402
Modified,blocked_road,25,smooth_offset,2,curvature,0.5919
Modified,blocked_road,26,smooth_offset,2,curvature,0.2518
Modified,blocked_road,27,smooth_offset,2,curvature,0.1607
Modified,blocked_road,28,smooth_offset,2,curvature,0.092
Modified,blocked_road,29,smooth_offset,2,curvature,0.1203
Modified,dense_city,0,smooth_offset,2,curvature,0.1368
Modified,dense_city,1,smooth_offset,2,curvature,0.0443
Modified,dense_city,2,smooth_offset,2,curvature,0.0794
Modified,dense_city,3,smooth_offset,2,curvature,0.0911
Modified,dense_city,4,smooth_offset,2,curvature,0.0533
Modified,dense_city,5,smooth_offset,2,curvature,0.6329
Modified,dense_city,6,smooth_offset,2,curvature,0.1106
Modified,dense_city,7,smooth_offset,2,curvature,0.6461
Modified,dense_city,8,smooth_offset,2,curvature,0.0608
Modified,dense_city,9,smooth_offset,2,curvature,
Modified,dense_city,10,smooth_offset,2,curvature,0.0746
Modified,dense_city,11,smooth_offset,2,curvature,0.0583
Modified,dense_city,12,smooth_offset,2,curvature,0.305
Modified,dense_city,13,smooth_offset,2,curvature,0.0602
Modified,dense_city,14,smooth_offset,2,curvature,0.1065
Modified,dense_city,15,smooth_offset,2,curvature,0.1665
Modified,dense_city,16,smooth_offset,2,curvature,0.0783
Modified,dense_city,17,smooth_offset,2,curvature,0.0641
Modified,dense_city,18,smooth_offset,2,curvature,0.1062
Modified,dense_city,19,smooth_offset,2,curvature,0.0693
Modified,dense_city,20,smooth_offset,2,curvature,0.1025
Modified,dense_city,21,smooth_offset,2,curvature,0.0696
Modified,dense_city,22,smooth_offset,2,curvature,0.0663
Modified,dense_city,23,smooth_offset,2,curvature,0.0667
Modified,dense_city,24,smooth_offset,2,curvature,0.0768
Modified,dense_city,25,smooth_offset,2,curvature,0.0872
Modified,dense_city,26,smooth_offset,2,curvature,0.0679
Modified,dense_city,27,smooth_offset,2,curvature,0.0884
Modified,dense_city,28,smooth_offset,2,curvature,0.0382
Modified,dense_city,29,smooth_offset,2,curvature,0.0644
Modified,normal_city,0,smooth_offset,4,curvature,0.4954
Modified,normal_city,1,smooth_offset,4,curvature,0.593
Modified,normal_city,2,smooth_offset,4,curvature,0.4523
Modified,normal_city,3,smooth_offset,4,curvature,0.4709
Modified,normal_city,4,smooth_offset,4,curvature,0.6984
Modified,normal_city,5,smooth_offset,4,curvature,0.5603
Modified,normal_city,6,smooth_offset,4,curvature,0.0768
Modified,normal_city,7,smooth_offset,4,curvature,0.5736
Modified,normal_city,8,smooth_offset,4,curvature,0.3523
Modified,normal_city,9,smooth_offset,4,curvature,0.0893
Modified,normal_city,10,smooth_offset,4,curvature,0.514
Modified,normal_city,11,smooth_offset,4,curvature,0.5653
Modified,normal_city,12,smooth_offset,4,curvature,0.2595
Modified,normal_city,13,smooth_offset,4,curvature,0.4573
Modified,normal_city,14,smooth_offset,4,curvature,0.3925
Modified,normal_city,15,smooth_offset,4,curvature,0.4428
Modified,normal_city,16,smooth_offset,4,curvature,0.4504
Modified,normal_city,17,smooth_offset,4,curvature,0.0919
Modified,normal_city,18,smooth_offset,4,curvature,0.5123
Modified,normal_city,19,smooth_offset,4,curvature,0.3186
Modified,normal_city,20,smooth_offset,4,curvature,0.5326
Modified,normal_city,21,smooth_offset,4,curvature,0.5994
Modified,normal_city,22,smooth_offset,4,curvature,0.6406
Modified,normal_city,23,smooth_offset,4,curvature,0.0827
Modified,normal_city,24,smooth_offset,4,curvature,0.4688
Modified,normal_city,25,smooth_offset,4,curvature,0.6511
Modified,normal_city,26,smooth_offset,4,curvature,0.4381
Modified,normal_city,27,smooth_offset,4,curvature,0.6502
Modified,normal_city,28,smooth_offset,4,curvature,0.4719
Modified,normal_city,29,smooth_offset,4,curvature,0.5053
Modified,blocked_road,0,smooth_offset,4,curvature,0.3258
Modified,blocked_road,1,smooth_offset,4,curvature,0.2507
Modified,blocked_road,2,smooth_offset,4,curvature,0.2096
Modified,blocked_road,3,smooth_offset,4,curvature,0.0978
Modified,blocked_road,4,smooth_offset,4,curvature,0.1562
Modified,blocked_road,5,smooth_offset,4,curvature,0.1576
Modified,blocked_road,6,smooth_offset,4,curvature,0.1587
Modified,blocked_road,7,smooth_offset,4,curvature,0.4856
Modified,blocked_road,8,smooth_offset,4,curvature,0.0894
Modified,blocked_road,9,smooth_offset,4,curvature,0.2261
Modified,blocked_road,10,smooth_offset,4,curvature,0.0686
Modified,blocked_road,11,smooth_offset,4,curvature,0.0697
Modified,blocked_road,12,smooth_offset,4,curvature,0.1661
Modified,blocked_road,13,smooth_offset,4,curvature,0.3337
Modified,blocked_road,14,smooth_offset,4,curvature,0.2183
Modified,blocked_road,15,smooth_offset,4,curvature,0.2595
Modified,blocked_road,16,smooth_offset,4,curvature,0.2779
Modified,blocked_road,17,smooth_offset,4,curvature,0.0747
Modified,blocked_road,18,smooth_offset,4,curvature,0.5075
Modified,blocked_road,19,smooth_offset,4,curvature,0.1998
Modified,blocked_road,20,smooth_offset,4,curvature,0.2396
Modified,blocked_road,21,smooth_offset,4,curvature,0.0664
Modified,blocked_road,22,smooth_offset,4,curvature,0.0652
Modified,blocked_road,23,smooth_offset,4,curvature,0.0763
Modified,blocked_road,24,smooth_offset,4,curvature,0.1248
Modified,blocked_road,25,smooth_offset,4,curvature,0.4747
Modified,blocked_road,26,smooth_offset,4,curvature,0.2244
Modified,blocked_road,27,smooth_offset,4,curvature,0.131
Modified,blocked_road,28,smooth_offset,4,curvature,0.0818
Modified,blocked_road,29,smooth_offset,4,curvature,0.1046
Modified,dense_city,0,smooth_offset,4,curvature,0.1345
Modified,dense_city,1,smooth_offset,4,curvature,0.0443
Modified,dense_city,2,smooth_offset,4,curvature,0.0794
Modified,dense_city,3,smooth_offset,4,curvature,0.0908
Modified,dense_city,4,smooth_offset,4,curvature,0.0533
Modified,dense_city,5,smooth_offset,4,curvature,0.4782
Modified,dense_city,6,smooth_offset,4,curvature,0.1014
Modified,dense_city,7,smooth_offset,4,curvature,0.5285
Modified,dense_city,8,smooth_offset,4,curvature,0.0608
Modified,dense_city,9,smooth_offset,4,curvature,
Modified,dense_city,10,smooth_offset,4,curvature,0.0747
Modified,dense_city,11,smooth_offset,4,curvature,0.0591
Modified,dense_city,12,smooth_offset,4,curvature,0.2565
Modified,dense_city,13,smooth_offset,4,curvature,0.0603
Modified,dense_city,14,smooth_offset,4,curvature,0.1065
Modified,dense_city,15,smooth_offset,4,curvature,0.1754
Modified,dense_city,16,smooth_offset,4,curvature,0.0783
Modified,dense_city,17,smooth_offset,4,curvature,0.0635
Modified,dense_city,18,smooth_offset,4,curvature,0.1165
Modified,dense_city,19,smooth_offset,4,curvature,0.0693
Modified,dense_city,20,smooth_offset,4,curvature,0.1026
Modified,dense_city,21,smooth_offset,4,curvature,0.0696
Modified,dense_city,22,smooth_offset,4,curvature,0.0663
Modified,dense_city,23,smooth_offset,4,curvature,0.0741
Modified,dense_city,24,smooth_offset,4,curvature,0.0768
Modified,dense_city,25,smooth_offset,4,curvature,0.0872
Modified,dense_city,26,smooth_offset,4,curvature,0.0679
Modified,dense_city,27,smooth_offset,4,curvature,0.0906
Modified,dense_city,28,smooth_offset,4,curvature,0.0383
Modified,dense_city,29,smooth_offset,4,curvature,0.0644
Modified,normal_city,0,smooth_offset,6,curvature,0.3656
Modified,normal_city,1,smooth_offset,6,curvature,0.6053
Modified,normal_city,2,smooth_offset,6,curvature,0.4782
Modified,normal_city,3,smooth_offset,6,curvature,0.4025
Modified,normal_city,4,smooth_offset,6,curvature,0.6152
Modified,normal_city,5,smooth_offset,6,curvature,0.4383
Modified,normal_city,6,smooth_offset,6,curvature,0.0769
Modified,normal_city,7,smooth_offset,6,curvature,0.4722
Modified,normal_city,8,smooth_offset,6,curvature,0.323
Modified,normal_city,9,smooth_offset,6,curvature,0.0801
Modified,normal_city,10,smooth_offset,6,curvature,0.4629
Modified,normal_city,11,smooth_offset,6,curvature,0.4538
Modified,normal_city,12,smooth_offset,6,curvature,0.2408
Modified,normal_city,13,smooth_offset,6,curvature,0.4357
Modified,normal_city,14,smooth_offset,6,curvature,0.3549
Modified,normal_city,15,smooth_offset,6,curvature,0.4144
Modified,normal_city,16,smooth_offset,6,curvature,0.3561
Modified,normal_city,17,smooth_offset,6,curvature,0.0913
Modified,normal_city,18,smooth_offset,6,curvature,0.4196
Modified,normal_city,19,smooth_offset,6,curvature,0.2918
Modified,normal_city,20,smooth_offset,6,curvature,0.4781
Modified,normal_city,21,smooth_offset,6,curvature,0.5
Modified,normal_city,22,smooth_offset,6,curvature,0.5958
Modified,normal_city,23,smooth_offset,6,curvature,0.0828
Modified,normal_city,24,smooth_offset,6,curvature,0.4465
Modified,normal_city,25,smooth_offset,6,curvature,0.5089
Modified,normal_city,26,smooth_offset,6,curvature,0.324
Modified,normal_city,27,smooth_offset,6,curvature,0.6126
Modified,normal_city,28,smooth_offset,6,curvature,0.5586
Modified,normal_city,29,smooth_offset,6,curvature,0.3552
Modified,blocked_road,0,smooth_offset,6,curvature,0.2725
Modified,blocked_road,1,smooth_offset,6,curvature,0.2277
Modified,blocked_road,2,smooth_offset,6,curvature,0.1745
Modified,blocked_road,3,smooth_offset,6,curvature,0.0939
Modified,blocked_road,4,smooth_offset,6,curvature,0.1549
Modified,blocked_road,5,smooth_offset,6,curvature,0.2213
Modified,blocked_road,6,smooth_offset,6,curvature,0.1369
Modified,blocked_road,7,smooth_offset,6,curvature,0.4942
Modified,blocked_road,8,smooth_offset,6,curvature,0.0989
Modified,blocked_road,9,smooth_offset,6,curvature,0.2107
Modified,blocked_road,10,smooth_offset,6,curvature,0.0801
Modified,blocked_road,11,smooth_offset,6,curvature,0.0748
Modified,blocked_road,12,smooth_offset,6,curvature,0.1317
Modified,blocked_road,13,smooth_offset,6,curvature,0.4438
Modified,blocked_road,14,smooth_offset,6,curvature,0.2141
Modified,blocked_road,15,smooth_offset,6,curvature,0.2221
Modified,blocked_road,16,smooth_offset,6,curvature,0.2502
Modified,blocked_road,17,smooth_offset,6,curvature,0.0774
Modified,blocked_road,18,smooth_offset,6,curvature,0.452
Modified,blocked_road,19,smooth_offset,6,curvature,0.165
Modified,blocked_road,20,smooth_offset,6,curvature,0.1961
Modified,blocked_road,21,smooth_offset,6,curvature,0.0653
Modified,blocked_road,22,smooth_offset,6,curvature,0.0639
Modified,blocked_road,23,smooth_offset,6,curvature,0.0763
Modified,blocked_road,24,smooth_offset,6,curvature,0.1098
Modified,blocked_road,25,smooth_offset,6,curvature,0.3728
Modified,blocked_road,26,smooth_offset,6,curvature,0.2155
Modified,blocked_road,27,smooth_offset,6,curvature,0.1311
Modified,blocked_road,28,smooth_offset,6,curvature,0.1155
Modified,blocked_road,29,smooth_offset,6,curvature,0.1156
Modified,dense_city,0,smooth_offset,6,curvature,0.1198
Modified,dense_city,1,smooth_offset,6,curvature,0.0443
Modified,dense_city,2,smooth_offset,6,curvature,0.0794
Modified,dense_city,3,smooth_offset,6,curvature,0.0908
Modified,dense_city,4,smooth_offset,6,curvature,0.0533
Modified,dense_city,5,smooth_offset,6,curvature,0.3728
Modified,dense_city,6,smooth_offset,6,curvature,0.101
Modified,dense_city,7,smooth_offset,6,curvature,0.4446
Modified,dense_city,8,smooth_offset,6,curvature,0.0608
Modified,dense_city,9,smooth_offset,6,curvature,
Modified,dense_city,10,smooth_offset,6,curvature,0.0747
Modified,dense_city,11,smooth_offset,6,curvature,0.0591
Modified,dense_city,12,smooth_offset,6,curvature,0.2177
Modified,dense_city,13,smooth_offset,6,curvature,0.0603
Modified,dense_city,14,smooth_offset,6,curvature,0.1065
Modified,dense_city,15,smooth_offset,6,curvature,0.1686
Modified,dense_city,16,smooth_offset,6,curvature,0.0783
Modified,dense_city,17,smooth_offset,6,curvature,0.0635
Modified,dense_city,18,smooth_offset,6,curvature,0.1165
Modified,dense_city,19,smooth_offset,6,curvature,0.0693
Modified,dense_city,20,smooth_offset,6,curvature,0.1026
Modified,dense_city,21,smooth_offset,6,curvature,0.0696
Modified,dense_city,22,smooth_offset,6,curvature,0.0663
Modified,dense_city,23,smooth_offset,6,curvature,0.0741
Modified,dense_city,24,smooth_offset,6,curvature,0.0768
Modified,dense_city,25,smooth_offset,6,curvature,0.0872
Modified,dense_city,26,smooth_offset,6,curvature,0.0679
Modified,dense_city,27,smooth_offset,6,curvature,0.0766
Modified,dense_city,28,smooth_offset,6,curvature,0.0383
Modified,dense_city,29,smooth_offset,6,curvature,0.0644
Modified,normal_city,0,smooth_offset,9,curvature,0.3264
Modified,normal_city,1,smooth_offset,9,curvature,0.4714
Modified,normal_city,2,smooth_offset,9,curvature,0.2967
Modified,normal_city,3,smooth_offset,9,curvature,0.318
Modified,normal_city,4,smooth_offset,9,curvature,0.4452
Modified,normal_city,5,smooth_offset,9,curvature,0.3667
Modified,normal_city,6,smooth_offset,9,curvature,0.0769
Modified,normal_city,7,smooth_offset,9,curvature,0.4808
Modified,normal_city,8,smooth_offset,9,curvature,0.3003
Modified,normal_city,9,smooth_offset,9,curvature,0.091
Modified,normal_city,10,smooth_offset,9,curvature,0.3036
Modified,normal_city,11,smooth_offset,9,curvature,0.4754
Modified,normal_city,12,smooth_offset,9,curvature,0.1865
Modified,normal_city,13,smooth_offset,9,curvature,0.3979
Modified,normal_city,14,smooth_offset,9,curvature,0.2766
Modified,normal_city,15,smooth_offset,9,curvature,0.4079
Modified,normal_city,16,smooth_offset,9,curvature,0.3691
Modified,normal_city,17,smooth_offset,9,curvature,0.0913
Modified,normal_city,18,smooth_offset,9,curvature,0.369
Modified,normal_city,19,smooth_offset,9,curvature,0.2981
Modified,normal_city,20,smooth_offset,9,curvature,0.3183
Modified,normal_city,21,smooth_offset,9,curvature,0.4233
Modified,normal_city,22,smooth_offset,9,curvature,0.5151
Modified,normal_city,23,smooth_offset,9,curvature,0.0823
Modified,normal_city,24,smooth_offset,9,curvature,0.3614
Modified,normal_city,25,smooth_offset,9,curvature,0.3274
Modified,normal_city,26,smooth_offset,9,curvature,0.3409
Modified,normal_city,27,smooth_offset,9,curvature,0.5238
Modified,normal_city,28,smooth_offset,9,curvature,0.404
Modified,normal_city,29,smooth_offset,9,curvature,0.3728
Modified,blocked_road,0,smooth_offset,9,curvature,0.1841
Modified,blocked_road,1,smooth_offset,9,curvature,0.1836
Modified,blocked_road,2,smooth_offset,9,curvature,0.143
Modified,blocked_road,3,smooth_offset,9,curvature,0.0889
Modified,blocked_road,4,smooth_offset,9,curvature,0.0906
Modified,blocked_road,5,smooth_offset,9,curvature,0.2311
Modified,blocked_road,6,smooth_offset,9,curvature,0.1554
Modified,blocked_road,7,smooth_offset,9,curvature,0.2906
Modified,blocked_road,8,smooth_offset,9,curvature,0.0999
Modified,blocked_road,9,smooth_offset,9,curvature,0.2076
Modified,blocked_road,10,smooth_offset,9,curvature,0.0587
Modified,blocked_road,11,smooth_offset,9,curvature,0.0592
Modified,blocked_road,12,smooth_offset,9,curvature,0.1186
Modified,blocked_road,13,smooth_offset,9,curvature,0.343
Modified,blocked_road,14,smooth_offset,9,curvature,0.1699
Modified,blocked_road,15,smooth_offset,9,curvature,0.2551
Modified,blocked_road,16,smooth_offset,9,curvature,0.2562
Modified,blocked_road,17,smooth_offset,9,curvature,0.0673
Modified,blocked_road,18,smooth_offset,9,curvature,0.3908
Modified,blocked_road,19,smooth_offset,9,curvature,0.1444
Modified,blocked_road,20,smooth_offset,9,curvature,0.1597
Modified,blocked_road,21,smooth_offset,9,curvature,0.0686
Modified,blocked_road,22,smooth_offset,9,curvature,0.0825
Modified,blocked_road,23,smooth_offset,9,curvature,0.0758
Modified,blocked_road,24,smooth_offset,9,curvature,0.1058
Modified,blocked_road,25,smooth_offset,9,curvature,0.2684
Modified,blocked_road,26,smooth_offset,9,curvature,0.2311
Modified,blocked_road,27,smooth_offset,9,curvature,0.125
Modified,blocked_road,28,smooth_offset,9,curvature,0.1188
Modified,blocked_road,29,smooth_offset,9,curvature,0.0928
Modified,dense_city,0,smooth_offset,9,curvature,0.1431
Modified,dense_city,1,smooth_offset,9,curvature,0.0443
Modified,dense_city,2,smooth_offset,9,curvature,0.0794
Modified,dense_city,3,smooth_offset,9,curvature,0.0908
Modified,dense_city,4,smooth_offset,9,curvature,0.0533
Modified,dense_city,5,smooth_offset,9,curvature,0.2699
Modified,dense_city,6,smooth_offset,9,curvature,0.0914
Modified,dense_city,7,smooth_offset,9,curvature,0.4332
Modified,dense_city,8,smooth_offset,9,curvature,0.0608
Modified,dense_city,9,smooth_offset,9,curvature,
Modified,dense_city,10,smooth_offset,9,curvature,0.0747
Modified,dense_city,11,smooth_offset,9,curvature,0.0591
Modified,dense_city,12,smooth_offset,9,curvature,0.1848
Modified,dense_city,13,smooth_offset,9,curvature,0.0603
Modified,dense_city,14,smooth_offset,9,curvature,0.1065
Modified,dense_city,15,smooth_offset,9,curvature,0.1481
Modified,dense_city,16,smooth_offset,9,curvature,0.0784
Modified,dense_city,17,smooth_offset,9,curvature,0.0635
Modified,dense_city,18,smooth_offset,9,curvature,0.1165
Modified,dense_city,19,smooth_offset,9,curvature,0.0693
Modified,dense_city,20,smooth_offset,9,curvature,0.1026
Modified,dense_city,21,smooth_offset,9,curvature,0.0697
Modified,dense_city,22,smooth_offset,9,curvature,0.0663
Modified,dense_city,23,smooth_offset,9,curvature,0.0741
Modified,dense_city,24,smooth_offset,9,curvature,0.0768
Modified,dense_city,25,smooth_offset,9,curvature,0.0872
Modified,dense_city,26,smooth_offset,9,curvature,0.0679
Modified,dense_city,27,smooth_offset,9,curvature,0.0798
Modified,dense_city,28,smooth_offset,9,curvature,0.0383
Modified,dense_city,29,smooth_offset,9,curvature,0.0644
Modified,normal_city,0,smooth_offset,2,max_curvature,1.9894
Modified,normal_city,1,smooth_offset,2,max_curvature,2.6512
Modified,normal_city,2,smooth_offset,2,max_curvature,2.4825
Modified,normal_city,3,smooth_offset,2,max_curvature,2.8053
Modified,normal_city,4,smooth_offset,2,max_curvature,3.907
Modified,normal_city,5,smooth_offset,2,max_curvature,3.3719
Modified,normal_city,6,smooth_offset,2,max_curvature,1.2323
Modified,normal_city,7,smooth_offset,2,max_curvature,2.6854
Modified,normal_city,8,smooth_offset,2,max_curvature,2.942
Modified,normal_city,9,smooth_offset,2,max_curvature,1.4721
Modified,normal_city,10,smooth_offset,2,max_curvature,3.1933
Modified,normal_city,11,smooth_offset,2,max_curvature,5.7791
Modified,normal_city,12,smooth_offset,2,max_curvature,9.3354
Modified,normal_city,13,smooth_offset,2,max_curvature,1.8457
Modified,normal_city,14,smooth_offset,2,max_curvature,1.9203
Modified,normal_city,15,smooth_offset,2,max_curvature,2.0
Modified,normal_city,16,smooth_offset,2,max_curvature,2.554
Modified,normal_city,17,smooth_offset,2,max_curvature,1.864
Modified,normal_city,18,smooth_offset,2,max_curvature,2.0502
Modified,normal_city,19,smooth_offset,2,max_curvature,5.8826
Modified,normal_city,20,smooth_offset,2,max_curvature,2.7817
Modified,normal_city,21,smooth_offset,2,max_curvature,3.3091
Modified,normal_city,22,smooth_offset,2,max_curvature,3.1229
Modified,normal_city,23,smooth_offset,2,max_curvature,1.2501
Modified,normal_city,24,smooth_offset,2,max_curvature,2.2781
Modified,normal_city,25,smooth_offset,2,max_curvature,2.6368
Modified,normal_city,26,smooth_offset,2,max_curvature,1.8781
Modified,normal_city,27,smooth_offset,2,max_curvature,4.5181
Modified,normal_city,28,smooth_offset,2,max_curvature,2.8513
Modified,normal_city,29,smooth_offset,2,max_curvature,2.2508
Modified,blocked_road,0,smooth_offset,2,max_curvature,1.2317
Modified,blocked_road,1,smooth_offset,2,max_curvature,3.2692
Modified,blocked_road,2,smooth_offset,2,max_curvature,3.3656
Modified,blocked_road,3,smooth_offset,2,max_curvature,2.1913
Modified,blocked_road,4,smooth_offset,2,max_curvature,3.3584
Modified,blocked_road,5,smooth_offset,2,max_curvature,1.6515
Modified,blocked_road,6,smooth_offset,2,max_curvature,5.5972
Modified,blocked_road,7,smooth_offset,2,max_curvature,3.4368
Modified,blocked_road,8,smooth_offset,2,max_curvature,3.7428
Modified,blocked_road,9,smooth_offset,2,max_curvature,11.1564
Modified,blocked_road,10,smooth_offset,2,max_curvature,3.5727
Modified,blocked_road,11,smooth_offset,2,max_curvature,3.3144
Modified,blocked_road,12,smooth_offset,2,max_curvature,3.5051
Modified,blocked_road,13,smooth_offset,2,max_curvature,2.4098
Modified,blocked_road,14,smooth_offset,2,max_curvature,7.703
Modified,blocked_road,15,smooth_offset,2,max_curvature,1.1308
Modified,blocked_road,16,smooth_offset,2,max_curvature,1.4413
Modified,blocked_road,17,smooth_offset,2,max_curvature,1.6636
Modified,blocked_road,18,smooth_offset,2,max_curvature,7.1669
Modified,blocked_road,19,smooth_offset,2,max_curvature,1.1798
Modified,blocked_road,20,smooth_offset,2,max_curvature,1.7219
Modified,blocked_road,21,smooth_offset,2,max_curvature,4.3096
Modified,blocked_road,22,smooth_offset,2,max_curvature,0.8378
Modified,blocked_road,23,smooth_offset,2,max_curvature,0.8395
Modified,blocked_road,24,smooth_offset,2,max_curvature,3.2463
Modified,blocked_road,25,smooth_offset,2,max_curvature,2.5534
Modified,blocked_road,26,smooth_offset,2,max_curvature,12.3934
Modified,blocked_road,27,smooth_offset,2,max_curvature,3.7286
Modified,blocked_road,28,smooth_offset,2,max_curvature,3.1577
Modified,blocked_road,29,smooth_offset,2,max_curvature,1.4941
Modified,dense_city,0,smooth_offset,2,max_curvature,2.5025
Modified,dense_city,1,smooth_offset,2,max_curvature,1.2794
Modified,dense_city,2,smooth_offset,2,max_curvature,4.8605
Modified,dense_city,3,smooth_offset,2,max_curvature,5.0407
Modified,dense_city,4,smooth_offset,2,max_curvature,1.6424
Modified,dense_city,5,smooth_offset,2,max_curvature,2.3605
Modified,dense_city,6,smooth_offset,2,max_curvature,1.2249
Modified,dense_city,7,smooth_offset,2,max_curvature,1.8793
Modified,dense_city,8,smooth_offset,2,max_curvature,1.404
Modified,dense_city,9,smooth_offset,2,max_curvature,
Modified,dense_city,10,smooth_offset,2,max_curvature,1.3357
Modified,dense_city,11,smooth_offset,2,max_curvature,1.6056
Modified,dense_city,12,smooth_offset,2,max_curvature,5.7585
Modified,dense_city,13,smooth_offset,2,max_curvature,1.3398
Modified,dense_city,14,smooth_offset,2,max_curvature,4.3693
Modified,dense_city,15,smooth_offset,2,max_curvature,4.4862
Modified,dense_city,16,smooth_offset,2,max_curvature,2.0362
Modified,dense_city,17,smooth_offset,2,max_curvature,3.7075
Modified,dense_city,18,smooth_offset,2,max_curvature,3.5168
Modified,dense_city,19,smooth_offset,2,max_curvature,2.3106
Modified,dense_city,20,smooth_offset,2,max_curvature,1.873
Modified,dense_city,21,smooth_offset,2,max_curvature,1.7475
Modified,dense_city,22,smooth_offset,2,max_curvature,1.345
Modified,dense_city,23,smooth_offset,2,max_curvature,1.3734
Modified,dense_city,24,smooth_offset,2,max_curvature,1.4335
Modified,dense_city,25,smooth_offset,2,max_curvature,1.3965
Modified,dense_city,26,smooth_offset,2,max_curvature,1.4969
Modified,dense_city,27,smooth_offset,2,max_curvature,1.0496
Modified,dense_city,28,smooth_offset,2,max_curvature,1.0776
Modified,dense_city,29,smooth_offset,2,max_curvature,1.3886
Modified,normal_city,0,smooth_offset,4,max_curvature,2.4055
Modified,normal_city,1,smooth_offset,4,max_curvature,2.5655
Modified,normal_city,2,smooth_offset,4,max_curvature,2.0616
Modified,normal_city,3,smooth_offset,4,max_curvature,2.8537
Modified,normal_city,4,smooth_offset,4,max_curvature,3.9247
Modified,normal_city,5,smooth_offset,4,max_curvature,3.3227
Modified,normal_city,6,smooth_offset,4,max_curvature,1.2378
Modified,normal_city,7,smooth_offset,4,max_curvature,3.8035
Modified,normal_city,8,smooth_offset,4,max_curvature,6.761
Modified,normal_city,9,smooth_offset,4,max_curvature,1.4693
Modified,normal_city,10,smooth_offset,4,max_curvature,3.155
Modified,normal_city,11,smooth_offset,4,max_curvature,5.6125
Modified,normal_city,12,smooth_offset,4,max_curvature,8.8293
Modified,normal_city,13,smooth_offset,4,max_curvature,1.4351
Modified,normal_city,14,smooth_offset,4,max_curvature,1.8005
Modified,normal_city,15,smooth_offset,4,max_curvature,1.9937
Modified,normal_city,16,smooth_offset,4,max_curvature,2.4104
Modified,normal_city,17,smooth_offset,4,max_curvature,1.9337
Modified,normal_city,18,smooth_offset,4,max_curvature,2.1199
Modified,normal_city,19,smooth_offset,4,max_curvature,7.1656
Modified,normal_city,20,smooth_offset,4,max_curvature,2.8041
Modified,normal_city,21,smooth_offset,4,max_curvature,3.2244
Modified,normal_city,22,smooth_offset,4,max_curvature,3.116
Modified,normal_city,23,smooth_offset,4,max_curvature,1.0567
Modified,normal_city,24,smooth_offset,4,max_curvature,2.1042
Modified,normal_city,25,smooth_offset,4,max_curvature,2.8639
Modified,normal_city,26,smooth_offset,4,max_curvature,1.8078
Modified,normal_city,27,smooth_offset,4,max_curvature,4.502
Modified,normal_city,28,smooth_offset,4,max_curvature,2.2585
Modified,normal_city,29,smooth_offset,4,max_curvature,2.1309
Modified,blocked_road,0,smooth_offset,4,max_curvature,4.8656
Modified,blocked_road,1,smooth_offset,4,max_curvature,3.0719
Modified,blocked_road,2,smooth_offset,4,max_curvature,3.4499
Modified,blocked_road,3,smooth_offset,4,max_curvature,4.2154
Modified,blocked_road,4,smooth_offset,4,max_curvature,3.5978
Modified,blocked_road,5,smooth_offset,4,max_curvature,1.545
Modified,blocked_road,6,smooth_offset,4,max_curvature,5.4424
Modified,blocked_road,7,smooth_offset,4,max_curvature,2.3281
Modified,blocked_road,8,smooth_offset,4,max_curvature,4.1097
Modified,blocked_road,9,smooth_offset,4,max_curvature,9.2889
Modified,blocked_road,10,smooth_offset,4,max_curvature,3.9711
Modified,blocked_road,11,smooth_offset,4,max_curvature,3.2524
Modified,blocked_road,12,smooth_offset,4,max_curvature,3.0233
Modified,blocked_road,13,smooth_offset,4,max_curvature,2.2018
Modified,blocked_road,14,smooth_offset,4,max_curvature,5.7337
Modified,blocked_road,15,smooth_offset,4,max_curvature,8.3845
Modified,blocked_road,16,smooth_offset,4,max_curvature,5.1401
Modified,blocked_road,17,smooth_offset,4,max_curvature,1.9352
Modified,blocked_road,18,smooth_offset,4,max_curvature,7.4402
Modified,blocked_road,19,smooth_offset,4,max_curvature,1.4774
Modified,blocked_road,20,smooth_offset,4,max_curvature,3.1444
Modified,blocked_road,21,smooth_offset,4,max_curvature,4.5441
Modified,blocked_road,22,smooth_offset,4,max_curvature,0.8614
Modified,blocked_road,23,smooth_offset,4,max_curvature,0.7884
Modified,blocked_road,24,smooth_offset,4,max_curvature,4.4111
Modified,blocked_road,25,smooth_offset,4,max_curvature,1.9031
Modified,blocked_road,26,smooth_offset,4,max_curvature,12.5966
Modified,blocked_road,27,smooth_offset,4,max_curvature,5.335
Modified,blocked_road,28,smooth_offset,4,max_curvature,3.225
Modified,blocked_road,29,smooth_offset,4,max_curvature,1.3233
Modified,dense_city,0,smooth_offset,4,max_curvature,3.1496
Modified,dense_city,1,smooth_offset,4,max_curvature,1.2829
Modified,dense_city,2,smooth_offset,4,max_curvature,4.616
Modified,dense_city,3,smooth_offset,4,max_curvature,4.7326
Modified,dense_city,4,smooth_offset,4,max_curvature,1.6703
Modified,dense_city,5,smooth_offset,4,max_curvature,2.524
Modified,dense_city,6,smooth_offset,4,max_curvature,1.0538
Modified,dense_city,7,smooth_offset,4,max_curvature,5.697
Modified,dense_city,8,smooth_offset,4,max_curvature,1.4229
Modified,dense_city,9,smooth_offset,4,max_curvature,
Modified,dense_city,10,smooth_offset,4,max_curvature,1.3397
Modified,dense_city,11,smooth_offset,4,max_curvature,1.7425
Modified,dense_city,12,smooth_offset,4,max_curvature,3.842
Modified,dense_city,13,smooth_offset,4,max_curvature,1.3643
Modified,dense_city,14,smooth_offset,4,max_curvature,4.1382
Modified,dense_city,15,smooth_offset,4,max_curvature,4.4373
Modified,dense_city,16,smooth_offset,4,max_curvature,2.112
Modified,dense_city,17,smooth_offset,4,max_curvature,4.0821
Modified,dense_city,18,smooth_offset,4,max_curvature,4.0301
Modified,dense_city,19,smooth_offset,4,max_curvature,2.2767
Modified,dense_city,20,smooth_offset,4,max_curvature,1.9042
Modified,dense_city,21,smooth_offset,4,max_curvature,1.5997
Modified,dense_city,22,smooth_offset,4,max_curvature,1.3947
Modified,dense_city,23,smooth_offset,4,max_curvature,1.5618
Modified,dense_city,24,smooth_offset,4,max_curvature,1.4457
Modified,dense_city,25,smooth_offset,4,max_curvature,1.4509
Modified,dense_city,26,smooth_offset,4,max_curvature,1.5469
Modified,dense_city,27,smooth_offset,4,max_curvature,1.2493
Modified,dense_city,28,smooth_offset,4,max_curvature,1.095
Modified,dense_city,29,smooth_offset,4,max_curvature,1.3834
Modified,normal_city,0,smooth_offset,6,max_curvature,2.2033
Modified,normal_city,1,smooth_offset,6,max_curvature,3.0624
Modified,normal_city,2,smooth_offset,6,max_curvature,3.3136
Modified,normal_city,3,smooth_offset,6,max_curvature,2.8915
Modified,normal_city,4,smooth_offset,6,max_curvature,3.9804
Modified,normal_city,5,smooth_offset,6,max_curvature,2.8413
Modified,normal_city,6,smooth_offset,6,max_curvature,1.2789
Modified,normal_city,7,smooth_offset,6,max_curvature,3.7787
Modified,normal_city,8,smooth_offset,6,max_curvature,6.0915
Modified,normal_city,9,smooth_offset,6,max_curvature,1.3016
Modified,normal_city,10,smooth_offset,6,max_curvature,3.1554
Modified,normal_city,11,smooth_offset,6,max_curvature,5.7435
Modified,normal_city,12,smooth_offset,6,max_curvature,10.4322
Modified,normal_city,13,smooth_offset,6,max_curvature,1.8712
Modified,normal_city,14,smooth_offset,6,max_curvature,1.6253
Modified,normal_city,15,smooth_offset,6,max_curvature,1.6217
Modified,normal_city,16,smooth_offset,6,max_curvature,1.6973
Modified,normal_city,17,smooth_offset,6,max_curvature,2.2736
Modified,normal_city,18,smooth_offset,6,max_curvature,1.8452
Modified,normal_city,19,smooth_offset,6,max_curvature,11.6428
Modified,normal_city,20,smooth_offset,6,max_curvature,2.4635
Modified,normal_city,21,smooth_offset,6,max_curvature,3.0115
Modified,normal_city,22,smooth_offset,6,max_curvature,3.2756
Modified,normal_city,23,smooth_offset,6,max_curvature,0.9687
Modified,normal_city,24,smooth_offset,6,max_curvature,2.0847
Modified,normal_city,25,smooth_offset,6,max_curvature,2.7863
Modified,normal_city,26,smooth_offset,6,max_curvature,1.5596
Modified,normal_city,27,smooth_offset,6,max_curvature,4.5341
Modified,normal_city,28,smooth_offset,6,max_curvature,3.7768
Modified,normal_city,29,smooth_offset,6,max_curvature,1.8672
Modified,blocked_road,0,smooth_offset,6,max_curvature,5.7702
Modified,blocked_road,1,smooth_offset,6,max_curvature,2.8714
Modified,blocked_road,2,smooth_offset,6,max_curvature,2.805
Modified,blocked_road,3,smooth_offset,6,max_curvature,1.3089
Modified,blocked_road,4,smooth_offset,6,max_curvature,4.5255
Modified,blocked_road,5,smooth_offset,6,max_curvature,5.3251
Modified,blocked_road,6,smooth_offset,6,max_curvature,3.3082
Modified,blocked_road,7,smooth_offset,6,max_curvature,3.868
Modified,blocked_road,8,smooth_offset,6,max_curvature,3.263
Modified,blocked_road,9,smooth_offset,6,max_curvature,9.723
Modified,blocked_road,10,smooth_offset,6,max_curvature,3.1264
Modified,blocked_road,11,smooth_offset,6,max_curvature,3.5317
Modified,blocked_road,12,smooth_offset,6,max_curvature,4.0447
Modified,blocked_road,13,smooth_offset,6,max_curvature,3.6979
Modified,blocked_road,14,smooth_offset,6,max_curvature,7.2946
Modified,blocked_road,15,smooth_offset,6,max_curvature,6.2131
Modified,blocked_road,16,smooth_offset,6,max_curvature,5.3348
Modified,blocked_road,17,smooth_offset,6,max_curvature,2.0361
Modified,blocked_road,18,smooth_offset,6,max_curvature,7.4232
Modified,blocked_road,19,smooth_offset,6,max_curvature,2.1394
Modified,blocked_road,20,smooth_offset,6,max_curvature,2.3816
Modified,blocked_road,21,smooth_offset,6,max_curvature,4.6859
Modified,blocked_road,22,smooth_offset,6,max_curvature,1.4738
Modified,blocked_road,23,smooth_offset,6,max_curvature,0.8004
Modified,blocked_road,24,smooth_offset,6,max_curvature,4.3535
Modified,blocked_road,25,smooth_offset,6,max_curvature,2.1538
Modified,blocked_road,26,smooth_offset,6,max_curvature,11.7337
Modified,blocked_road,27,smooth_offset,6,max_curvature,5.6346
Modified,blocked_road,28,smooth_offset,6,max_curvature,5.1027
Modified,blocked_road,29,smooth_offset,6,max_curvature,1.3326
Modified,dense_city,0,smooth_offset,6,max_curvature,2.964
Modified,dense_city,1,smooth_offset,6,max_curvature,1.284
Modified,dense_city,2,smooth_offset,6,max_curvature,4.5315
Modified,dense_city,3,smooth_offset,6,max_curvature,4.6525
Modified,dense_city,4,smooth_offset,6,max_curvature,1.6778
Modified,dense_city,5,smooth_offset,6,max_curvature,2.3893
Modified,dense_city,6,smooth_offset,6,max_curvature,1.2
Modified,dense_city,7,smooth_offset,6,max_curvature,5.529
Modified,dense_city,8,smooth_offset,6,max_curvature,1.4281
Modified,dense_city,9,smooth_offset,6,max_curvature,
Modified,dense_city,10,smooth_offset,6,max_curvature,1.3357
Modified,dense_city,11,smooth_offset,6,max_curvature,1.7391
Modified,dense_city,12,smooth_offset,6,max_curvature,4.1934
Modified,dense_city,13,smooth_offset,6,max_curvature,1.3643
Modified,dense_city,14,smooth_offset,6,max_curvature,4.0662
Modified,dense_city,15,smooth_offset,6,max_curvature,6.5942
Modified,dense_city,16,smooth_offset,6,max_curvature,2.1306
Modified,dense_city,17,smooth_offset,6,max_curvature,4.0171
Modified,dense_city,18,smooth_offset,6,max_curvature,3.9746
Modified,dense_city,19,smooth_offset,6,max_curvature,2.2591
Modified,dense_city,20,smooth_offset,6,max_curvature,1.911
Modified,dense_city,21,smooth_offset,6,max_curvature,1.5462
Modified,dense_city,22,smooth_offset,6,max_curvature,1.4091
Modified,dense_city,23,smooth_offset,6,max_curvature,1.5618
Modified,dense_city,24,smooth_offset,6,max_curvature,1.4492
Modified,dense_city,25,smooth_offset,6,max_curvature,1.4665
Modified,dense_city,26,smooth_offset,6,max_curvature,1.5609
Modified,dense_city,27,smooth_offset,6,max_curvature,1.0189
Modified,dense_city,28,smooth_offset,6,max_curvature,1.1004
Modified,dense_city,29,smooth_offset,6,max_curvature,1.3793
Modified,normal_city,0,smooth_offset,9,max_curvature,1.9626
Modified,normal_city,1,smooth_offset,9,max_curvature,2.8045
Modified,normal_city,2,smooth_offset,9,max_curvature,2.9779
Modified,normal_city,3,smooth_offset,9,max_curvature,2.9153
Modified,normal_city,4,smooth_offset,9,max_curvature,4.6449
Modified,normal_city,5,smooth_offset,9,max_curvature,2.9482
Modified,normal_city,6,smooth_offset,9,max_curvature,1.263
Modified,normal_city,7,smooth_offset,9,max_curvature,2.3003
Modified,normal_city,8,smooth_offset,9,max_curvature,5.2329
Modified,normal_city,9,smooth_offset,9,max_curvature,1.9232
Modified,normal_city,10,smooth_offset,9,max_curvature,2.8647
Modified,normal_city,11,smooth_offset,9,max_curvature,5.7543
Modified,normal_city,12,smooth_offset,9,max_curvature,8.8563
Modified,normal_city,13,smooth_offset,9,max_curvature,1.8853
Modified,normal_city,14,smooth_offset,9,max_curvature,1.3454
Modified,normal_city,15,smooth_offset,9,max_curvature,1.7818
Modified,normal_city,16,smooth_offset,9,max_curvature,2.3566
Modified,normal_city,17,smooth_offset,9,max_curvature,2.2736
Modified,normal_city,18,smooth_offset,9,max_curvature,1.6684
Modified,normal_city,19,smooth_offset,9,max_curvature,5.846
Modified,normal_city,20,smooth_offset,9,max_curvature,1.7249
Modified,normal_city,21,smooth_offset,9,max_curvature,2.854
Modified,normal_city,22,smooth_offset,9,max_curvature,3.0698
Modified,normal_city,23,smooth_offset,9,max_curvature,1.0214
Modified,normal_city,24,smooth_offset,9,max_curvature,2.0821
Modified,normal_city,25,smooth_offset,9,max_curvature,2.6366
Modified,normal_city,26,smooth_offset,9,max_curvature,1.8183
Modified,normal_city,27,smooth_offset,9,max_curvature,4.5463
Modified,normal_city,28,smooth_offset,9,max_curvature,4.0144
Modified,normal_city,29,smooth_offset,9,max_curvature,1.7445
Modified,blocked_road,0,smooth_offset,9,max_curvature,5.7449
Modified,blocked_road,1,smooth_offset,9,max_curvature,2.4952
Modified,blocked_road,2,smooth_offset,9,max_curvature,2.362
Modified,blocked_road,3,smooth_offset,9,max_curvature,4.1901
Modified,blocked_road,4,smooth_offset,9,max_curvature,2.851
Modified,blocked_road,5,smooth_offset,9,max_curvature,5.1865
Modified,blocked_road,6,smooth_offset,9,max_curvature,4.0014
Modified,blocked_road,7,smooth_offset,9,max_curvature,2.776
Modified,blocked_road,8,smooth_offset,9,max_curvature,3.4832
Modified,blocked_road,9,smooth_offset,9,max_curvature,9.4273
Modified,blocked_road,10,smooth_offset,9,max_curvature,3.1166
Modified,blocked_road,11,smooth_offset,9,max_curvature,3.807
Modified,blocked_road,12,smooth_offset,9,max_curvature,3.4563
Modified,blocked_road,13,smooth_offset,9,max_curvature,3.6103
Modified,blocked_road,14,smooth_offset,9,max_curvature,7.3542
Modified,blocked_road,15,smooth_offset,9,max_curvature,4.4492
Modified,blocked_road,16,smooth_offset,9,max_curvature,4.5266
Modified,blocked_road,17,smooth_offset,9,max_curvature,1.9088
Modified,blocked_road,18,smooth_offset,9,max_curvature,7.3185
Modified,blocked_road,19,smooth_offset,9,max_curvature,1.277
Modified,blocked_road,20,smooth_offset,9,max_curvature,1.2438
Modified,blocked_road,21,smooth_offset,9,max_curvature,3.7257
Modified,blocked_road,22,smooth_offset,9,max_curvature,1.2115
Modified,blocked_road,23,smooth_offset,9,max_curvature,0.9265
Modified,blocked_road,24,smooth_offset,9,max_curvature,3.9057
Modified,blocked_road,25,smooth_offset,9,max_curvature,1.9891
Modified,blocked_road,26,smooth_offset,9,max_curvature,12.7372
Modified,blocked_road,27,smooth_offset,9,max_curvature,4.5056
Modified,blocked_road,28,smooth_offset,9,max_curvature,4.6366
Modified,blocked_road,29,smooth_offset,9,max_curvature,1.3244
Modified,dense_city,0,smooth_offset,9,max_curvature,2.4681
Modified,dense_city,1,smooth_offset,9,max_curvature,1.285
Modified,dense_city,2,smooth_offset,9,max_curvature,4.46
Modified,dense_city,3,smooth_offset,9,max_curvature,4.5873
Modified,dense_city,4,smooth_offset,9,max_curvature,1.6836
Modified,dense_city,5,smooth_offset,9,max_curvature,2.2335
Modified,dense_city,6,smooth_offset,9,max_curvature,1.0639
Modified,dense_city,7,smooth_offset,9,max_curvature,3.5723
Modified,dense_city,8,smooth_offset,9,max_curvature,1.4323
Modified,dense_city,9,smooth_offset,9,max_curvature,
Modified,dense_city,10,smooth_offset,9,max_curvature,1.335
Modified,dense_city,11,smooth_offset,9,max_curvature,1.736
Modified,dense_city,12,smooth_offset,9,max_curvature,3.4324
Modified,dense_city,13,smooth_offset,9,max_curvature,1.3643
Modified,dense_city,14,smooth_offset,9,max_curvature,4.0065
Modified,dense_city,15,smooth_offset,9,max_curvature,5.1137
Modified,dense_city,16,smooth_offset,9,max_curvature,2.1441
Modified,dense_city,17,smooth_offset,9,max_curvature,3.9625
Modified,dense_city,18,smooth_offset,9,max_curvature,3.9273
Modified,dense_city,19,smooth_offset,9,max_curvature,2.2414
Modified,dense_city,20,smooth_offset,9,max_curvature,1.9157
Modified,dense_city,21,smooth_offset,9,max_curvature,1.4991
Modified,dense_city,22,smooth_offset,9,max_curvature,1.4206
Modified,dense_city,23,smooth_offset,9,max_curvature,1.5618
Modified,dense_city,24,smooth_offset,9,max_curvature,1.452
Modified,dense_city,25,smooth_offset,9,max_curvature,1.479
Modified,dense_city,26,smooth_offset,9,max_curvature,1.5719
Modified,dense_city,27,smooth_offset,9,max_curvature,1.1471
Modified,dense_city,28,smooth_offset,9,max_curvature,1.1049
Modified,dense_city,29,smooth_offset,9,max_curvature,1.3756
Modified,normal_city,0,smooth_offset,2,drive_time_curved,59.9064
Modified,normal_city,1,smooth_offset,2,drive_time_curved,57.048
Modified,normal_city,2,smooth_offset,2,drive_time_curved,53.9272
Modified,normal_city,3,smooth_offset,2,drive_time_curved,54.2615
Modified,normal_city,4,smooth_offset,2,drive_time_curved,57.3841
Modified,normal_city,5,smooth_offset,2,drive_time_curved,62.0681
Modified,normal_city,6,smooth_offset,2,drive_time_curved,31.5904
Modified,normal_city,7,smooth_offset,2,drive_time_curved,55.3839
Modified,normal_city,8,smooth_offset,2,drive_time_curved,64.6613
Modified,normal_city,9,smooth_offset,2,drive_time_curved,31.8818
Modified,normal_city,10,smooth_offset,2,drive_time_curved,49.5119
Modified,normal_city,11,smooth_offset,2,drive_time_curved,55.8829
Modified,normal_city,12,smooth_offset,2,drive_time_curved,43.7169
Modified,normal_city,13,smooth_offset,2,drive_time_curved,66.9685
Modified,normal_city,14,smooth_offset,2,drive_time_curved,55.7596
Modified,normal_city,15,smooth_offset,2,drive_time_curved,60.8422
Modified,normal_city,16,smooth_offset,2,drive_time_curved,52.7043
Modified,normal_city,17,smooth_offset,2,drive_time_curved,32.9125
Modified,normal_city,18,smooth_offset,2,drive_time_curved,53.3873
Modified,normal_city,19,smooth_offset,2,drive_time_curved,45.8473
Modified,normal_city,20,smooth_offset,2,drive_time_curved,54.5944
Modified,normal_city,21,smooth_offset,2,drive_time_curved,56.1139
Modified,normal_city,22,smooth_offset,2,drive_time_curved,53.8225
Modified,normal_city,23,smooth_offset,2,drive_time_curved,29.2126
Modified,normal_city,24,smooth_offset,2,drive_time_curved,49.6945
Modified,normal_city,25,smooth_offset,2,drive_time_curved,54.8995
Modified,normal_city,26,smooth_offset,2,drive_time_curved,50.0247
Modified,normal_city,27,smooth_offset,2,drive_time_curved,64.1558
Modified,normal_city,28,smooth_offset,2,drive_time_curved,54.7898
Modified,normal_city,29,smooth_offset,2,drive_time_curved,56.6209
Modified,blocked_road,0,smooth_offset,2,drive_time_curved,53.5008
Modified,blocked_road,1,smooth_offset,2,drive_time_curved,61.1116
Modified,blocked_road,2,smooth_offset,2,drive_time_curved,41.4973
Modified,blocked_road,3,smooth_offset,2,drive_time_curved,32.9376
Modified,blocked_road,4,smooth_offset,2,drive_time_curved,69.7112
Modified,blocked_road,5,smooth_offset,2,drive_time_curved,57.2189
Modified,blocked_road,6,smooth_offset,2,drive_time_curved,44.1853
Modified,blocked_road,7,smooth_offset,2,drive_time_curved,62.8844
Modified,blocked_road,8,smooth_offset,2,drive_time_curved,36.5849
Modified,blocked_road,9,smooth_offset,2,drive_time_curved,34.617
Modified,blocked_road,10,smooth_offset,2,drive_time_curved,35.0408
Modified,blocked_road,11,smooth_offset,2,drive_time_curved,36.7751
Modified,blocked_road,12,smooth_offset,2,drive_time_curved,50.1134
Modified,blocked_road,13,smooth_offset,2,drive_time_curved,55.5497
Modified,blocked_road,14,smooth_offset,2,drive_time_curved,50.5566
Modified,blocked_road,15,smooth_offset,2,drive_time_curved,54.7137
Modified,blocked_road,16,smooth_offset,2,drive_time_curved,51.5844
Modified,blocked_road,17,smooth_offset,2,drive_time_curved,31.8904
Modified,blocked_road,18,smooth_offset,2,drive_time_curved,54.6186
Modified,blocked_road,19,smooth_offset,2,drive_time_curved,53.598
Modified,blocked_road,20,smooth_offset,2,drive_time_curved,55.6479
Modified,blocked_road,21,smooth_offset,2,drive_time_curved,31.1352
Modified,blocked_road,22,smooth_offset,2,drive_time_curved,29.1702
Modified,blocked_road,23,smooth_offset,2,drive_time_curved,27.6334
Modified,blocked_road,24,smooth_offset,2,drive_time_curved,33.7991
Modified,blocked_road,25,smooth_offset,2,drive_time_curved,57.9156
Modified,blocked_road,26,smooth_offset,2,drive_time_curved,35.7878
Modified,blocked_road,27,smooth_offset,2,drive_time_curved,36.0171
Modified,blocked_road,28,smooth_offset,2,drive_time_curved,33.8769
Modified,blocked_road,29,smooth_offset,2,drive_time_curved,29.738
Modified,dense_city,0,smooth_offset,2,drive_time_curved,41.4973
Modified,dense_city,1,smooth_offset,2,drive_time_curved,27.3976
Modified,dense_city,2,smooth_offset,2,drive_time_curved,42.5907
Modified,dense_city,3,smooth_offset,2,drive_time_curved,34.7608
Modified,dense_city,4,smooth_offset,2,drive_time_curved,29.2807
Modified,dense_city,5,smooth_offset,2,drive_time_curved,63.1701
Modified,dense_city,6,smooth_offset,2,drive_time_curved,42.513
Modified,dense_city,7,smooth_offset,2,drive_time_curved,74.5851
Modified,dense_city,8,smooth_offset,2,drive_time_curved,29.8857
Modified,dense_city,9,smooth_offset,2,drive_time_curved,
Modified,dense_city,10,smooth_offset,2,drive_time_curved,32.0624
Modified,dense_city,11,smooth_offset,2,drive_time_curved,28.459
Modified,dense_city,12,smooth_offset,2,drive_time_curved,47.6275
Modified,dense_city,13,smooth_offset,2,drive_time_curved,29.1565
Modified,dense_city,14,smooth_offset,2,drive_time_curved,41.9543
Modified,dense_city,15,smooth_offset,2,drive_time_curved,60.4442
Modified,dense_city,16,smooth_offset,2,drive_time_curved,33.5908
Modified,dense_city,17,smooth_offset,2,drive_time_curved,34.1229
Modified,dense_city,18,smooth_offset,2,drive_time_curved,37.616
Modified,dense_city,19,smooth_offset,2,drive_time_curved,31.0509
Modified,dense_city,20,smooth_offset,2,drive_time_curved,34.815
Modified,dense_city,21,smooth_offset,2,drive_time_curved,31.4254
Modified,dense_city,22,smooth_offset,2,drive_time_curved,30.0495
Modified,dense_city,23,smooth_offset,2,drive_time_curved,31.8811
Modified,dense_city,24,smooth_offset,2,drive_time_curved,31.34
Modified,dense_city,25,smooth_offset,2,drive_time_curved,34.0127
Modified,dense_city,26,smooth_offset,2,drive_time_curved,31.5143
Modified,dense_city,27,smooth_offset,2,drive_time_curved,31.2016
Modified,dense_city,28,smooth_offset,2,drive_time_curved,27.6402
Modified,dense_city,29,smooth_offset,2,drive_time_curved,31.892
Modified,normal_city,0,smooth_offset,4,drive_time_curved,52.5674
Modified,normal_city,1,smooth_offset,4,drive_time_curved,50.5215
Modified,normal_city,2,smooth_offset,4,drive_time_curved,44.6836
Modified,normal_city,3,smooth_offset,4,drive_time_curved,45.1786
Modified,normal_city,4,smooth_offset,4,drive_time_curved,50.1719
Modified,normal_city,5,smooth_offset,4,drive_time_curved,51.0733
Modified,normal_city,6,smooth_offset,4,drive_time_curved,31.5478
Modified,normal_city,7,smooth_offset,4,drive_time_curved,49.5077
Modified,normal_city,8,smooth_offset,4,drive_time_curved,53.4627
Modified,normal_city,9,smooth_offset,4,drive_time_curved,31.6547
Modified,normal_city,10,smooth_offset,4,drive_time_curved,41.9852
Modified,normal_city,11,smooth_offset,4,drive_time_curved,46.6734
Modified,normal_city,12,smooth_offset,4,drive_time_curved,42.0357
Modified,normal_city,13,smooth_offset,4,drive_time_curved,50.6042
Modified,normal_city,14,smooth_offset,4,drive_time_curved,48.6526
Modified,normal_city,15,smooth_offset,4,drive_time_curved,48.3721
Modified,normal_city,16,smooth_offset,4,drive_time_curved,48.3741
Modified,normal_city,17,smooth_offset,4,drive_time_curved,32.7297
Modified,normal_city,18,smooth_offset,4,drive_time_curved,48.3357
Modified,normal_city,19,smooth_offset,4,drive_time_curved,42.6155
Modified,normal_city,20,smooth_offset,4,drive_time_curved,48.29
Modified,normal_city,21,smooth_offset,4,drive_time_curved,46.9476
Modified,normal_city,22,smooth_offset,4,drive_time_curved,49.2975
Modified,normal_city,23,smooth_offset,4,drive_time_curved,30.7805
Modified,normal_city,24,smooth_offset,4,drive_time_curved,43.1248
Modified,normal_city,25,smooth_offset,4,drive_time_curved,52.9747
Modified,normal_city,26,smooth_offset,4,drive_time_curved,47.102
Modified,normal_city,27,smooth_offset,4,drive_time_curved,53.4445
Modified,normal_city,28,smooth_offset,4,drive_time_curved,47.1387
Modified,normal_city,29,smooth_offset,4,drive_time_curved,49.2986
Modified,blocked_road,0,smooth_offset,4,drive_time_curved,49.1661
Modified,blocked_road,1,smooth_offset,4,drive_time_curved,55.0187
Modified,blocked_road,2,smooth_offset,4,drive_time_curved,40.945
Modified,blocked_road,3,smooth_offset,4,drive_time_curved,31.0798
Modified,blocked_road,4,smooth_offset,4,drive_time_curved,64.5865
Modified,blocked_road,5,smooth_offset,4,drive_time_curved,50.1018
Modified,blocked_road,6,smooth_offset,4,drive_time_curved,39.9274
Modified,blocked_road,7,smooth_offset,4,drive_time_curved,53.9596
Modified,blocked_road,8,smooth_offset,4,drive_time_curved,36.6837
Modified,blocked_road,9,smooth_offset,4,drive_time_curved,36.5338
Modified,blocked_road,10,smooth_offset,4,drive_time_curved,33.0029
Modified,blocked_road,11,smooth_offset,4,drive_time_curved,35.4127
Modified,blocked_road,12,smooth_offset,4,drive_time_curved,50.1182
Modified,blocked_road,13,smooth_offset,4,drive_time_curved,43.8991
Modified,blocked_road,14,smooth_offset,4,drive_time_curved,48.9925
Modified,blocked_road,15,smooth_offset,4,drive_time_curved,49.3332
Modified,blocked_road,16,smooth_offset,4,drive_time_curved,49.5415
Modified,blocked_road,17,smooth_offset,4,drive_time_curved,29.2912
Modified,blocked_road,18,smooth_offset,4,drive_time_curved,47.5578
Modified,blocked_road,19,smooth_offset,4,drive_time_curved,49.0863
Modified,blocked_road,20,smooth_offset,4,drive_time_curved,49.7994
Modified,blocked_road,21,smooth_offset,4,drive_time_curved,31.05
Modified,blocked_road,22,smooth_offset,4,drive_time_curved,27.7619
Modified,blocked_road,23,smooth_offset,4,drive_time_curved,27.9059
Modified,blocked_road,24,smooth_offset,4,drive_time_curved,31.4718
Modified,blocked_road,25,smooth_offset,4,drive_time_curved,54.4202
Modified,blocked_road,26,smooth_offset,4,drive_time_curved,35.3381
Modified,blocked_road,27,smooth_offset,4,drive_time_curved,33.795
Modified,blocked_road,28,smooth_offset,4,drive_time_curved,32.8393
Modified,blocked_road,29,smooth_offset,4,drive_time_curved,32.3746
Modified,dense_city,0,smooth_offset,4,drive_time_curved,40.2554
Modified,dense_city,1,smooth_offset,4,drive_time_curved,27.346
Modified,dense_city,2,smooth_offset,4,drive_time_curved,42.6291
Modified,dense_city,3,smooth_offset,4,drive_time_curved,34.6686
Modified,dense_city,4,smooth_offset,4,drive_time_curved,29.2451
Modified,dense_city,5,smooth_offset,4,drive_time_curved,56.2182
Modified,dense_city,6,smooth_offset,4,drive_time_curved,41.3262
Modified,dense_city,7,smooth_offset,4,drive_time_curved,64.5645
Modified,dense_city,8,smooth_offset,4,drive_time_curved,29.8578
Modified,dense_city,9,smooth_offset,4,drive_time_curved,
Modified,dense_city,10,smooth_offset,4,drive_time_curved,32.0388
Modified,dense_city,11,smooth_offset,4,drive_time_curved,29.2978
Modified,dense_city,12,smooth_offset,4,drive_time_curved,44.1411
Modified,dense_city,13,smooth_offset,4,drive_time_curved,29.3896
Modified,dense_city,14,smooth_offset,4,drive_time_curved,41.9783
Modified,dense_city,15,smooth_offset,4,drive_time_curved,57.7379
Modified,dense_city,16,smooth_offset,4,drive_time_curved,33.5566
Modified,dense_city,17,smooth_offset,4,drive_time_curved,34.2973
Modified,dense_city,18,smooth_offset,4,drive_time_curved,37.9783
Modified,dense_city,19,smooth_offset,4,drive_time_curved,30.9916
Modified,dense_city,20,smooth_offset,4,drive_time_curved,34.8315
Modified,dense_city,21,smooth_offset,4,drive_time_curved,31.4103
Modified,dense_city,22,smooth_offset,4,drive_time_curved,29.9864
Modified,dense_city,23,smooth_offset,4,drive_time_curved,32.63
Modified,dense_city,24,smooth_offset,4,drive_time_curved,31.3091
Modified,dense_city,25,smooth_offset,4,drive_time_curved,33.9841
Modified,dense_city,26,smooth_offset,4,drive_time_curved,31.4611
Modified,dense_city,27,smooth_offset,4,drive_time_curved,31.1244
Modified,dense_city,28,smooth_offset,4,drive_time_curved,27.6084
Modified,dense_city,29,smooth_offset,4,drive_time_curved,31.888
Modified,normal_city,0,smooth_offset,6,drive_time_curved,44.4162
Modified,normal_city,1,smooth_offset,6,drive_time_curved,48.7576
Modified,normal_city,2,smooth_offset,6,drive_time_curved,43.8255
Modified,normal_city,3,smooth_offset,6,drive_time_curved,45.0641
Modified,normal_city,4,smooth_offset,6,drive_time_curved,46.4283
Modified,normal_city,5,smooth_offset,6,drive_time_curved,44.8947
Modified,normal_city,6,smooth_offset,6,drive_time_curved,31.3788
Modified,normal_city,7,smooth_offset,6,drive_time_curved,45.9952
Modified,normal_city,8,smooth_offset,6,drive_time_curved,53.8603
Modified,normal_city,9,smooth_offset,6,drive_time_curved,30.6104
Modified,normal_city,10,smooth_offset,6,drive_time_curved,40.1171
Modified,normal_city,11,smooth_offset,6,drive_time_curved,45.4371
Modified,normal_city,12,smooth_offset,6,drive_time_curved,39.1253
Modified,normal_city,13,smooth_offset,6,drive_time_curved,46.7936
Modified,normal_city,14,smooth_offset,6,drive_time_curved,44.362
Modified,normal_city,15,smooth_offset,6,drive_time_curved,46.4166
Modified,normal_city,16,smooth_offset,6,drive_time_curved,43.4309
Modified,normal_city,17,smooth_offset,6,drive_time_curved,33.0324
Modified,normal_city,18,smooth_offset,6,drive_time_curved,43.6882
Modified,normal_city,19,smooth_offset,6,drive_time_curved,40.726
Modified,normal_city,20,smooth_offset,6,drive_time_curved,42.8748
Modified,normal_city,21,smooth_offset,6,drive_time_curved,42.8849
Modified,normal_city,22,smooth_offset,6,drive_time_curved,45.187
Modified,normal_city,23,smooth_offset,6,drive_time_curved,30.8963
Modified,normal_city,24,smooth_offset,6,drive_time_curved,43.3253
Modified,normal_city,25,smooth_offset,6,drive_time_curved,46.4241
Modified,normal_city,26,smooth_offset,6,drive_time_curved,41.3927
Modified,normal_city,27,smooth_offset,6,drive_time_curved,50.654
Modified,normal_city,28,smooth_offset,6,drive_time_curved,45.6656
Modified,normal_city,29,smooth_offset,6,drive_time_curved,46.0635
Modified,blocked_road,0,smooth_offset,6,drive_time_curved,47.1343
Modified,blocked_road,1,smooth_offset,6,drive_time_curved,53.5428
Modified,blocked_road,2,smooth_offset,6,drive_time_curved,40.3069
Modified,blocked_road,3,smooth_offset,6,drive_time_curved,31.4245
Modified,blocked_road,4,smooth_offset,6,drive_time_curved,65.4904
Modified,blocked_road,5,smooth_offset,6,drive_time_curved,49.7792
Modified,blocked_road,6,smooth_offset,6,drive_time_curved,38.6329
Modified,blocked_road,7,smooth_offset,6,drive_time_curved,50.5832
Modified,blocked_road,8,smooth_offset,6,drive_time_curved,37.1252
Modified,blocked_road,9,smooth_offset,6,drive_time_curved,34.4632
Modified,blocked_road,10,smooth_offset,6,drive_time_curved,32.5763
Modified,blocked_road,11,smooth_offset,6,drive_time_curved,34.9404
Modified,blocked_road,12,smooth_offset,6,drive_time_curved,44.1166
Modified,blocked_road,13,smooth_offset,6,drive_time_curved,47.0128
Modified,blocked_road,14,smooth_offset,6,drive_time_curved,48.1855
Modified,blocked_road,15,smooth_offset,6,drive_time_curved,49.8632
Modified,blocked_road,16,smooth_offset,6,drive_time_curved,48.8124
Modified,blocked_road,17,smooth_offset,6,drive_time_curved,29.4706
Modified,blocked_road,18,smooth_offset,6,drive_time_curved,47.1788
Modified,blocked_road,19,smooth_offset,6,drive_time_curved,44.5926
Modified,blocked_road,20,smooth_offset,6,drive_time_curved,47.5821
Modified,blocked_road,21,smooth_offset,6,drive_time_curved,30.7265
Modified,blocked_road,22,smooth_offset,6,drive_time_curved,27.8351
Modified,blocked_road,23,smooth_offset,6,drive_time_curved,28.102
Modified,blocked_road,24,smooth_offset,6,drive_time_curved,31.1738
Modified,blocked_road,25,smooth_offset,6,drive_time_curved,46.5026
Modified,blocked_road,26,smooth_offset,6,drive_time_curved,34.3964
Modified,blocked_road,27,smooth_offset,6,drive_time_curved,34.3933
Modified,blocked_road,28,smooth_offset,6,drive_time_curved,33.4239
Modified,blocked_road,29,smooth_offset,6,drive_time_curved,32.4348
Modified,dense_city,0,smooth_offset,6,drive_time_curved,40.0089
Modified,dense_city,1,smooth_offset,6,drive_time_curved,27.3367
Modified,dense_city,2,smooth_offset,6,drive_time_curved,42.6402
Modified,dense_city,3,smooth_offset,6,drive_time_curved,34.6466
Modified,dense_city,4,smooth_offset,6,drive_time_curved,29.229
Modified,dense_city,5,smooth_offset,6,drive_time_curved,50.3145
Modified,dense_city,6,smooth_offset,6,drive_time_curved,41.9649
Modified,dense_city,7,smooth_offset,6,drive_time_curved,62.7054
Modified,dense_city,8,smooth_offset,6,drive_time_curved,29.8653
Modified,dense_city,9,smooth_offset,6,drive_time_curved,
Modified,dense_city,10,smooth_offset,6,drive_time_curved,32.019
Modified,dense_city,11,smooth_offset,6,drive_time_curved,29.2969
Modified,dense_city,12,smooth_offset,6,drive_time_curved,42.9375
Modified,dense_city,13,smooth_offset,6,drive_time_curved,29.3896
Modified,dense_city,14,smooth_offset,6,drive_time_curved,41.9803
Modified,dense_city,15,smooth_offset,6,drive_time_curved,58.7782
Modified,dense_city,16,smooth_offset,6,drive_time_curved,33.5361
Modified,dense_city,17,smooth_offset,6,drive_time_curved,34.2895
Modified,dense_city,18,smooth_offset,6,drive_time_curved,37.968
Modified,dense_city,19,smooth_offset,6,drive_time_curved,30.9656
Modified,dense_city,20,smooth_offset,6,drive_time_curved,34.8572
Modified,dense_city,21,smooth_offset,6,drive_time_curved,31.4041
Modified,dense_city,22,smooth_offset,6,drive_time_curved,29.986
Modified,dense_city,23,smooth_offset,6,drive_time_curved,32.63
Modified,dense_city,24,smooth_offset,6,drive_time_curved,31.3096
Modified,dense_city,25,smooth_offset,6,drive_time_curved,33.966
Modified,dense_city,26,smooth_offset,6,drive_time_curved,31.4431
Modified,dense_city,27,smooth_offset,6,drive_time_curved,29.1368
Modified,dense_city,28,smooth_offset,6,drive_time_curved,27.6003
Modified,dense_city,29,smooth_offset,6,drive_time_curved,31.8797
Modified,normal_city,0,smooth_offset,9,drive_time_curved,40.902
Modified,normal_city,1,smooth_offset,9,drive_time_curved,45.7159
Modified,normal_city,2,smooth_offset,9,drive_time_curved,39.6
Modified,normal_city,3,smooth_offset,9,drive_time_curved,40.8749
Modified,normal_city,4,smooth_offset,9,drive_time_curved,43.9253
Modified,normal_city,5,smooth_offset,9,drive_time_curved,42.6739
Modified,normal_city,6,smooth_offset,9,drive_time_curved,31.3332
Modified,normal_city,7,smooth_offset,9,drive_time_curved,43.4753
Modified,normal_city,8,smooth_offset,9,drive_time_curved,51.4412
Modified,normal_city,9,smooth_offset,9,drive_time_curved,31.1847
Modified,normal_city,10,smooth_offset,9,drive_time_curved,34.9072
Modified,normal_city,11,smooth_offset,9,drive_time_curved,44.4792
Modified,normal_city,12,smooth_offset,9,drive_time_curved,38.2506
Modified,normal_city,13,smooth_offset,9,drive_time_curved,45.3563
Modified,normal_city,14,smooth_offset,9,drive_time_curved,43.2064
Modified,normal_city,15,smooth_offset,9,drive_time_curved,46.5154
Modified,normal_city,16,smooth_offset,9,drive_time_curved,42.2405
Modified,normal_city,17,smooth_offset,9,drive_time_curved,33.0324
Modified,normal_city,18,smooth_offset,9,drive_time_curved,41.3988
Modified,normal_city,19,smooth_offset,9,drive_time_curved,41.3571
Modified,normal_city,20,smooth_offset,9,drive_time_curved,38.5677
Modified,normal_city,21,smooth_offset,9,drive_time_curved,40.6908
Modified,normal_city,22,smooth_offset,9,drive_time_curved,42.9913
Modified,normal_city,23,smooth_offset,9,drive_time_curved,30.9377
Modified,normal_city,24,smooth_offset,9,drive_time_curved,38.6822
Modified,normal_city,25,smooth_offset,9,drive_time_curved,40.4159
Modified,normal_city,26,smooth_offset,9,drive_time_curved,41.3437
Modified,normal_city,27,smooth_offset,9,drive_time_curved,48.7631
Modified,normal_city,28,smooth_offset,9,drive_time_curved,43.7086
Modified,normal_city,29,smooth_offset,9,drive_time_curved,44.3262
Modified,blocked_road,0,smooth_offset,9,drive_time_curved,44.0598
Modified,blocked_road,1,smooth_offset,9,drive_time_curved,52.7826
Modified,blocked_road,2,smooth_offset,9,drive_time_curved,39.4214
Modified,blocked_road,3,smooth_offset,9,drive_time_curved,31.7782
Modified,blocked_road,4,smooth_offset,9,drive_time_curved,61.439
Modified,blocked_road,5,smooth_offset,9,drive_time_curved,50.2202
Modified,blocked_road,6,smooth_offset,9,drive_time_curved,37.1975
Modified,blocked_road,7,smooth_offset,9,drive_time_curved,40.8423
Modified,blocked_road,8,smooth_offset,9,drive_time_curved,36.6164
Modified,blocked_road,9,smooth_offset,9,drive_time_curved,34.4704
Modified,blocked_road,10,smooth_offset,9,drive_time_curved,32.3433
Modified,blocked_road,11,smooth_offset,9,drive_time_curved,34.5565
Modified,blocked_road,12,smooth_offset,9,drive_time_curved,44.2247
Modified,blocked_road,13,smooth_offset,9,drive_time_curved,42.2437
Modified,blocked_road,14,smooth_offset,9,drive_time_curved,46.8474
Modified,blocked_road,15,smooth_offset,9,drive_time_curved,50.4733
Modified,blocked_road,16,smooth_offset,9,drive_time_curved,49.013
Modified,blocked_road,17,smooth_offset,9,drive_time_curved,29.2339
Modified,blocked_road,18,smooth_offset,9,drive_time_curved,41.469
Modified,blocked_road,19,smooth_offset,9,drive_time_curved,43.1637
Modified,blocked_road,20,smooth_offset,9,drive_time_curved,44.9758
Modified,blocked_road,21,smooth_offset,9,drive_time_curved,31.9508
Modified,blocked_road,22,smooth_offset,9,drive_time_curved,29.3396
Modified,blocked_road,23,smooth_offset,9,drive_time_curved,28.3112
Modified,blocked_road,24,smooth_offset,9,drive_time_curved,30.5793
Modified,blocked_road,25,smooth_offset,9,drive_time_curved,41.5874
Modified,blocked_road,26,smooth_offset,9,drive_time_curved,34.1302
Modified,blocked_road,27,smooth_offset,9,drive_time_curved,33.9276
Modified,blocked_road,28,smooth_offset,9,drive_time_curved,34.1074
Modified,blocked_road,29,smooth_offset,9,drive_time_curved,31.9009
Modified,dense_city,0,smooth_offset,9,drive_time_curved,41.1533
Modified,dense_city,1,smooth_offset,9,drive_time_curved,27.3265
Modified,dense_city,2,smooth_offset,9,drive_time_curved,42.6364
Modified,dense_city,3,smooth_offset,9,drive_time_curved,34.6537
Modified,dense_city,4,smooth_offset,9,drive_time_curved,29.2126
Modified,dense_city,5,smooth_offset,9,drive_time_curved,46.5368
Modified,dense_city,6,smooth_offset,9,drive_time_curved,40.1421
Modified,dense_city,7,smooth_offset,9,drive_time_curved,59.1252
Modified,dense_city,8,smooth_offset,9,drive_time_curved,29.8712
Modified,dense_city,9,smooth_offset,9,drive_time_curved,
Modified,dense_city,10,smooth_offset,9,drive_time_curved,32.0024
Modified,dense_city,11,smooth_offset,9,drive_time_curved,29.2965
Modified,dense_city,12,smooth_offset,9,drive_time_curved,40.4734
Modified,dense_city,13,smooth_offset,9,drive_time_curved,29.3896
Modified,dense_city,14,smooth_offset,9,drive_time_curved,41.9695
Modified,dense_city,15,smooth_offset,9,drive_time_curved,56.4199
Modified,dense_city,16,smooth_offset,9,drive_time_curved,33.521
Modified,dense_city,17,smooth_offset,9,drive_time_curved,34.2793
Modified,dense_city,18,smooth_offset,9,drive_time_curved,37.9546
Modified,dense_city,19,smooth_offset,9,drive_time_curved,30.9407
Modified,dense_city,20,smooth_offset,9,drive_time_curved,34.879
Modified,dense_city,21,smooth_offset,9,drive_time_curved,31.3968
Modified,dense_city,22,smooth_offset,9,drive_time_curved,29.9926
Modified,dense_city,23,smooth_offset,9,drive_time_curved,32.63
Modified,dense_city,24,smooth_offset,9,drive_time_curved,31.3085
Modified,dense_city,25,smooth_offset,9,drive_time_curved,33.9563
Modified,dense_city,26,smooth_offset,9,drive_time_curved,31.4333
Modified,dense_city,27,smooth_offset,9,drive_time_curved,30.6782
Modified,dense_city,28,smooth_offset,9,drive_time_curved,27.6013
Modified,dense_city,29,smooth_offset,9,drive_time_curved,31.889
Modified,normal_city,0,smooth_offset,2,comp_time,0.12752
Modified,normal_city,1,smooth_offset,2,comp_time,0.11993
Modified,normal_city,2,smooth_offset,2,comp_time,0.11883
Modified,normal_city,3,smooth_offset,2,comp_time,0.18422
Modified,normal_city,4,smooth_offset,2,comp_time,0.10947
Modified,normal_city,5,smooth_offset,2,comp_time,0.11063
Modified,normal_city,6,smooth_offset,2,comp_time,0.39589
Modified,normal_city,7,smooth_offset,2,comp_time,0.13922
Modified,normal_city,8,smooth_offset,2,comp_time,0.29396
Modified,normal_city,9,smooth_offset,2,comp_time,1.63671
Modified,normal_city,10,smooth_offset,2,comp_time,0.09852
Modified,normal_city,11,smooth_offset,2,comp_time,0.33637
Modified,normal_city,12,smooth_offset,2,comp_time,0.44282
Modified,normal_city,13,smooth_offset,2,comp_time,0.11842
Modified,normal_city,14,smooth_offset,2,comp_time,0.11982
Modified,normal_city,15,smooth_offset,2,comp_time,0.13376
Modified,normal_city,16,smooth_offset,2,comp_time,0.15574
Modified,normal_city,17,smooth_offset,2,comp_time,0.24168
Modified,normal_city,18,smooth_offset,2,comp_time,0.10399
Modified,normal_city,19,smooth_offset,2,comp_time,0.19523
Modified,normal_city,20,smooth_offset,2,comp_time,0.10619
Modified,normal_city,21,smooth_offset,2,comp_time,0.10282
Modified,normal_city,22,smooth_offset,2,comp_time,0.1013
Modified,normal_city,23,smooth_offset,2,comp_time,0.24449
Modified,normal_city,24,smooth_offset,2,comp_time,0.12766
Modified,normal_city,25,smooth_offset,2,comp_time,0.11123
Modified,normal_city,26,smooth_offset,2,comp_time,0.12516
Modified,normal_city,27,smooth_offset,2,comp_time,0.11766
Modified,normal_city,28,smooth_offset,2,comp_time,0.13136
Modified,normal_city,29,smooth_offset,2,comp_time,0.11497
Modified,blocked_road,0,smooth_offset,2,comp_time,0.61671
Modified,blocked_road,1,smooth_offset,2,comp_time,2.21969
Modified,blocked_road,2,smooth_offset,2,comp_time,0.45421
Modified,blocked_road,3,smooth_offset,2,comp_time,0.18338
Modified,blocked_road,4,smooth_offset,2,comp_time,2.81546
Modified,blocked_road,5,smooth_offset,2,comp_time,0.67725
Modified,blocked_road,6,smooth_offset,2,comp_time,5.57259
Modified,blocked_road,7,smooth_offset,2,comp_time,0.1132
Modified,blocked_road,8,smooth_offset,2,comp_time,0.25113
Modified,blocked_road,9,smooth_offset,2,comp_time,0.57168
Modified,blocked_road,10,smooth_offset,2,comp_time,0.71696
Modified,blocked_road,11,smooth_offset,2,comp_time,1.76547
Modified,blocked_road,12,smooth_offset,2,comp_time,0.99231
Modified,blocked_road,13,smooth_offset,2,comp_time,0.12783
Modified,blocked_road,14,smooth_offset,2,comp_time,0.25314
Modified,blocked_road,15,smooth_offset,2,comp_time,0.46477
Modified,blocked_road,16,smooth_offset,2,comp_time,0.23237
Modified,blocked_road,17,smooth_offset,2,comp_time,0.25151
Modified,blocked_road,18,smooth_offset,2,comp_time,0.14601
Modified,blocked_road,19,smooth_offset,2,comp_time,0.41815
Modified,blocked_road,20,smooth_offset,2,comp_time,1.37321
Modified,blocked_road,21,smooth_offset,2,comp_time,0.3825
Modified,blocked_road,22,smooth_offset,2,comp_time,0.16792
Modified,blocked_road,23,smooth_offset,2,comp_time,3.94851
Modified,blocked_road,24,smooth_offset,2,comp_time,0.15082
Modified,blocked_road,25,smooth_offset,2,comp_time,0.11347
Modified,blocked_road,26,smooth_offset,2,comp_time,0.32778
Modified,blocked_road,27,smooth_offset,2,comp_time,2.55479
Modified,blocked_road,28,smooth_offset,2,comp_time,1.4782
Modified,blocked_road,29,smooth_offset,2,comp_time,0.49429
Modified,dense_city,0,smooth_offset,2,comp_time,1.40871
Modified,dense_city,1,smooth_offset,2,comp_time,0.40469
Modified,dense_city,2,smooth_offset,2,comp_time,1.18941
Modified,dense_city,3,smooth_offset,2,comp_time,0.90622
Modified,dense_city,4,smooth_offset,2,comp_time,0.41819
Modified,dense_city,5,smooth_offset,2,comp_time,4.78483
Modified,dense_city,6,smooth_offset,2,comp_time,2.69828
Modified,dense_city,7,smooth_offset,2,comp_time,18.78622
Modified,dense_city,8,smooth_offset,2,comp_time,0.26737
Modified,dense_city,9,smooth_offset,2,comp_time,1.47108
Modified,dense_city,10,smooth_offset,2,comp_time,1.3837
Modified,dense_city,11,smooth_offset,2,comp_time,1.6283
Modified,dense_city,12,smooth_offset,2,comp_time,2.12943
Modified,dense_city,13,smooth_offset,2,comp_time,0.94324
Modified,dense_city,14,smooth_offset,2,comp_time,2.0279
Modified,dense_city,15,smooth_offset,2,comp_time,2.55351
Modified,dense_city,16,smooth_offset,2,comp_time,2.2833
Modified,dense_city,17,smooth_offset,2,comp_time,0.59459
Modified,dense_city,18,smooth_offset,2,comp_time,0.37114
Modified,dense_city,19,smooth_offset,2,comp_time,1.78761
Modified,dense_city,20,smooth_offset,2,comp_time,2.21454
Modified,dense_city,21,smooth_offset,2,comp_time,1.0423
Modified,dense_city,22,smooth_offset,2,comp_time,7.51227
Modified,dense_city,23,smooth_offset,2,comp_time,1.74376
Modified,dense_city,24,smooth_offset,2,comp_time,0.37716
Modified,dense_city,25,smooth_offset,2,comp_time,1.28754
Modified,dense_city,26,smooth_offset,2,comp_time,0.3726
Modified,dense_city,27,smooth_offset,2,comp_time,1.901
Modified,dense_city,28,smooth_offset,2,comp_time,0.95192
Modified,dense_city,29,smooth_offset,2,comp_time,1.01101
Modified,normal_city,0,smooth_offset,4,comp_time,0.15068
Modified,normal_city,1,smooth_offset,4,comp_time,0.13449
Modified,normal_city,2,smooth_offset,4,comp_time,0.15518
Modified,normal_city,3,smooth_offset,4,comp_time,0.22379
Modified,normal_city,4,smooth_offset,4,comp_time,0.13573
Modified,normal_city,5,smooth_offset,4,comp_time,0.14167
Modified,normal_city,6,smooth_offset,4,comp_time,0.41466
Modified,normal_city,7,smooth_offset,4,comp_time,0.16753
Modified,normal_city,8,smooth_offset,4,comp_time,0.33253
Modified,normal_city,9,smooth_offset,4,comp_time,1.64753
Modified,normal_city,10,smooth_offset,4,comp_time,0.12405
Modified,normal_city,11,smooth_offset,4,comp_time,0.35615
Modified,normal_city,12,smooth_offset,4,comp_time,0.48338
Modified,normal_city,13,smooth_offset,4,comp_time,0.13359
Modified,normal_city,14,smooth_offset,4,comp_time,0.16288
Modified,normal_city,15,smooth_offset,4,comp_time,0.17037
Modified,normal_city,16,smooth_offset,4,comp_time,0.14311
Modified,normal_city,17,smooth_offset,4,comp_time,0.26357
Modified,normal_city,18,smooth_offset,4,comp_time,0.13218
Modified,normal_city,19,smooth_offset,4,comp_time,0.20894
Modified,normal_city,20,smooth_offset,4,comp_time,0.12315
Modified,normal_city,21,smooth_offset,4,comp_time,0.12574
Modified,normal_city,22,smooth_offset,4,comp_time,0.19757
Modified,normal_city,23,smooth_offset,4,comp_time,0.25375
Modified,normal_city,24,smooth_offset,4,comp_time,0.15423
Modified,normal_city,25,smooth_offset,4,comp_time,0.12672
Modified,normal_city,26,smooth_offset,4,comp_time,0.14832
Modified,normal_city,27,smooth_offset,4,comp_time,0.22413
Modified,normal_city,28,smooth_offset,4,comp_time,0.1681
Modified,normal_city,29,smooth_offset,4,comp_time,0.16452
Modified,blocked_road,0,smooth_offset,4,comp_time,0.66778
Modified,blocked_road,1,smooth_offset,4,comp_time,2.27765
Modified,blocked_road,2,smooth_offset,4,comp_time,0.38449
Modified,blocked_road,3,smooth_offset,4,comp_time,0.19733
Modified,blocked_road,4,smooth_offset,4,comp_time,2.79912
Modified,blocked_road,5,smooth_offset,4,comp_time,0.73965
Modified,blocked_road,6,smooth_offset,4,comp_time,5.64108
Modified,blocked_road,7,smooth_offset,4,comp_time,0.13602
Modified,blocked_road,8,smooth_offset,4,comp_time,0.27673
Modified,blocked_road,9,smooth_offset,4,comp_time,0.59372
Modified,blocked_road,10,smooth_offset,4,comp_time,0.76471
Modified,blocked_road,11,smooth_offset,4,comp_time,1.7823
Modified,blocked_road,12,smooth_offset,4,comp_time,1.00509
Modified,blocked_road,13,smooth_offset,4,comp_time,0.15934
Modified,blocked_road,14,smooth_offset,4,comp_time,0.28453
Modified,blocked_road,15,smooth_offset,4,comp_time,0.48442
Modified,blocked_road,16,smooth_offset,4,comp_time,0.22703
Modified,blocked_road,17,smooth_offset,4,comp_time,0.23804
Modified,blocked_road,18,smooth_offset,4,comp_time,0.15252
Modified,blocked_road,19,smooth_offset,4,comp_time,0.40365
Modified,blocked_road,20,smooth_offset,4,comp_time,1.18889
Modified,blocked_road,21,smooth_offset,4,comp_time,0.28354
Modified,blocked_road,22,smooth_offset,4,comp_time,0.17053
Modified,blocked_road,23,smooth_offset,4,comp_time,3.86781
Modified,blocked_road,24,smooth_offset,4,comp_time,0.16875
Modified,blocked_road,25,smooth_offset,4,comp_time,0.12082
Modified,blocked_road,26,smooth_offset,4,comp_time,0.39208
Modified,blocked_road,27,smooth_offset,4,comp_time,2.45472
Modified,blocked_road,28,smooth_offset,4,comp_time,1.45733
Modified,blocked_road,29,smooth_offset,4,comp_time,0.49042
Modified,dense_city,0,smooth_offset,4,comp_time,1.31647
Modified,dense_city,1,smooth_offset,4,comp_time,0.37619
Modified,dense_city,2,smooth_offset,4,comp_time,1.17535
Modified,dense_city,3,smooth_offset,4,comp_time,0.85508
Modified,dense_city,4,smooth_offset,4,comp_time,0.40146
Modified,dense_city,5,smooth_offset,4,comp_time,4.89779
Modified,dense_city,6,smooth_offset,4,comp_time,2.78804
Modified,dense_city,7,smooth_offset,4,comp_time,19.06635
Modified,dense_city,8,smooth_offset,4,comp_time,0.27263
Modified,dense_city,9,smooth_offset,4,comp_time,1.53785
Modified,dense_city,10,smooth_offset,4,comp_time,1.3944
Modified,dense_city,11,smooth_offset,4,comp_time,1.61756
Modified,dense_city,12,smooth_offset,4,comp_time,2.17824
Modified,dense_city,13,smooth_offset,4,comp_time,0.96489
Modified,dense_city,14,smooth_offset,4,comp_time,1.9928
Modified,dense_city,15,smooth_offset,4,comp_time,2.55456
Modified,dense_city,16,smooth_offset,4,comp_time,2.28016
Modified,dense_city,17,smooth_offset,4,comp_time,0.6095
Modified,dense_city,18,smooth_offset,4,comp_time,0.41973
Modified,dense_city,19,smooth_offset,4,comp_time,1.78894
Modified,dense_city,20,smooth_offset,4,comp_time,2.25043
Modified,dense_city,21,smooth_offset,4,comp_time,1.05246
Modified,dense_city,22,smooth_offset,4,comp_time,7.81413
Modified,dense_city,23,smooth_offset,4,comp_time,1.82834
Modified,dense_city,24,smooth_offset,4,comp_time,0.35588
Modified,dense_city,25,smooth_offset,4,comp_time,1.33739
Modified,dense_city,26,smooth_offset,4,comp_time,0.39388
Modified,dense_city,27,smooth_offset,4,comp_time,2.09625
Modified,dense_city,28,smooth_offset,4,comp_time,0.98947
Modified,dense_city,29,smooth_offset,4,comp_time,0.99731
Modified,normal_city,0,smooth_offset,6,comp_time,0.19604
Modified,normal_city,1,smooth_offset,6,comp_time,0.15877
Modified,normal_city,2,smooth_offset,6,comp_time,0.16949
Modified,normal_city,3,smooth_offset,6,comp_time,0.26876
Modified,normal_city,4,smooth_offset,6,comp_time,0.16252
Modified,normal_city,5,smooth_offset,6,comp_time,0.17871
Modified,normal_city,6,smooth_offset,6,comp_time,0.4224
Modified,normal_city,7,smooth_offset,6,comp_time,0.19322
Modified,normal_city,8,smooth_offset,6,comp_time,0.37678
Modified,normal_city,9,smooth_offset,6,comp_time,1.6416
Modified,normal_city,10,smooth_offset,6,comp_time,0.14514
Modified,normal_city,11,smooth_offset,6,comp_time,0.37927
Modified,normal_city,12,smooth_offset,6,comp_time,0.49818
Modified,normal_city,13,smooth_offset,6,comp_time,0.16394
Modified,normal_city,14,smooth_offset,6,comp_time,0.17864
Modified,normal_city,15,smooth_offset,6,comp_time,0.17489
Modified,normal_city,16,smooth_offset,6,comp_time,0.17597
Modified,normal_city,17,smooth_offset,6,comp_time,0.2768
Modified,normal_city,18,smooth_offset,6,comp_time,0.14967
Modified,normal_city,19,smooth_offset,6,comp_time,0.23739
Modified,normal_city,20,smooth_offset,6,comp_time,0.1536
Modified,normal_city,21,smooth_offset,6,comp_time,0.17555
Modified,normal_city,22,smooth_offset,6,comp_time,0.31726
Modified,normal_city,23,smooth_offset,6,comp_time,0.26826
Modified,normal_city,24,smooth_offset,6,comp_time,0.17953
Modified,normal_city,25,smooth_offset,6,comp_time,0.16887
Modified,normal_city,26,smooth_offset,6,comp_time,0.19214
Modified,normal_city,27,smooth_offset,6,comp_time,0.22689
Modified,normal_city,28,smooth_offset,6,comp_time,0.16661
Modified,normal_city,29,smooth_offset,6,comp_time,0.17287
Modified,blocked_road,0,smooth_offset,6,comp_time,0.71626
Modified,blocked_road,1,smooth_offset,6,comp_time,2.26984
Modified,blocked_road,2,smooth_offset,6,comp_time,0.41574
Modified,blocked_road,3,smooth_offset,6,comp_time,0.21683
Modified,blocked_road,4,smooth_offset,6,comp_time,2.81956
Modified,blocked_road,5,smooth_offset,6,comp_time,0.74671
Modified,blocked_road,6,smooth_offset,6,comp_time,5.57095
Modified,blocked_road,7,smooth_offset,6,comp_time,0.15672
Modified,blocked_road,8,smooth_offset,6,comp_time,0.31457
Modified,blocked_road,9,smooth_offset,6,comp_time,0.60025
Modified,blocked_road,10,smooth_offset,6,comp_time,0.7876
Modified,blocked_road,11,smooth_offset,6,comp_time,1.82496
Modified,blocked_road,12,smooth_offset,6,comp_time,1.04572
Modified,blocked_road,13,smooth_offset,6,comp_time,0.18988
Modified,blocked_road,14,smooth_offset,6,comp_time,0.31532
Modified,blocked_road,15,smooth_offset,6,comp_time,0.5266
Modified,blocked_road,16,smooth_offset,6,comp_time,0.26595
Modified,blocked_road,17,smooth_offset,6,comp_time,0.27022
Modified,blocked_road,18,smooth_offset,6,comp_time,0.19459
Modified,blocked_road,19,smooth_offset,6,comp_time,0.42949
Modified,blocked_road,20,smooth_offset,6,comp_time,1.29656
Modified,blocked_road,21,smooth_offset,6,comp_time,0.30662
Modified,blocked_road,22,smooth_offset,6,comp_time,0.18363
Modified,blocked_road,23,smooth_offset,6,comp_time,3.86835
Modified,blocked_road,24,smooth_offset,6,comp_time,0.18652
Modified,blocked_road,25,smooth_offset,6,comp_time,0.15999
Modified,blocked_road,26,smooth_offset,6,comp_time,0.37633
Modified,blocked_road,27,smooth_offset,6,comp_time,2.41659
Modified,blocked_road,28,smooth_offset,6,comp_time,1.42314
Modified,blocked_road,29,smooth_offset,6,comp_time,0.52727
Modified,dense_city,0,smooth_offset,6,comp_time,1.33534
Modified,dense_city,1,smooth_offset,6,comp_time,0.35665
Modified,dense_city,2,smooth_offset,6,comp_time,1.22268
Modified,dense_city,3,smooth_offset,6,comp_time,0.88377
Modified,dense_city,4,smooth_offset,6,comp_time,0.42252
Modified,dense_city,5,smooth_offset,6,comp_time,4.91374
Modified,dense_city,6,smooth_offset,6,comp_time,2.7539
Modified,dense_city,7,smooth_offset,6,comp_time,19.01882
Modified,dense_city,8,smooth_offset,6,comp_time,0.29728
Modified,dense_city,9,smooth_offset,6,comp_time,1.48491
Modified,dense_city,10,smooth_offset,6,comp_time,1.46034
Modified,dense_city,11,smooth_offset,6,comp_time,1.65748
Modified,dense_city,12,smooth_offset,6,comp_time,2.25051
Modified,dense_city,13,smooth_offset,6,comp_time,1.00956
Modified,dense_city,14,smooth_offset,6,comp_time,2.0312
Modified,dense_city,15,smooth_offset,6,comp_time,2.57896
Modified,dense_city,16,smooth_offset,6,comp_time,2.30498
Modified,dense_city,17,smooth_offset,6,comp_time,0.60905
Modified,dense_city,18,smooth_offset,6,comp_time,0.42872
Modified,dense_city,19,smooth_offset,6,comp_time,1.76134
Modified,dense_city,20,smooth_offset,6,comp_time,2.31028
Modified,dense_city,21,smooth_offset,6,comp_time,1.0839
Modified,dense_city,22,smooth_offset,6,comp_time,7.67462
Modified,dense_city,23,smooth_offset,6,comp_time,1.89208
Modified,dense_city,24,smooth_offset,6,comp_time,0.36669
Modified,dense_city,25,smooth_offset,6,comp_time,1.27934
Modified,dense_city,26,smooth_offset,6,comp_time,0.40252
Modified,dense_city,27,smooth_offset,6,comp_time,1.96712
Modified,dense_city,28,smooth_offset,6,comp_time,0.94107
Modified,dense_city,29,smooth_offset,6,comp_time,1.02825
Modified,normal_city,0,smooth_offset,9,comp_time,0.24956
Modified,normal_city,1,smooth_offset,9,comp_time,0.22148
Modified,normal_city,2,smooth_offset,9,comp_time,0.25505
Modified,normal_city,3,smooth_offset,9,comp_time,0.35192
Modified,normal_city,4,smooth_offset,9,comp_time,0.23991
Modified,normal_city,5,smooth_offset,9,comp_time,0.23889
Modified,normal_city,6,smooth_offset,9,comp_time,0.48014
Modified,normal_city,7,smooth_offset,9,comp_time,0.24286
Modified,normal_city,8,smooth_offset,9,comp_time,0.44408
Modified,normal_city,9,smooth_offset,9,comp_time,1.77688
Modified,normal_city,10,smooth_offset,9,comp_time,0.20286
Modified,normal_city,11,smooth_offset,9,comp_time,0.44164
Modified,normal_city,12,smooth_offset,9,comp_time,0.52644
Modified,normal_city,13,smooth_offset,9,comp_time,0.20572
Modified,normal_city,14,smooth_offset,9,comp_time,0.21008
Modified,normal_city,15,smooth_offset,9,comp_time,0.25806
Modified,normal_city,16,smooth_offset,9,comp_time,0.1945
Modified,normal_city,17,smooth_offset,9,comp_time,0.31304
Modified,normal_city,18,smooth_offset,9,comp_time,0.21199
Modified,normal_city,19,smooth_offset,9,comp_time,0.32896
Modified,normal_city,20,smooth_offset,9,comp_time,0.21188
Modified,normal_city,21,smooth_offset,9,comp_time,0.1932
Modified,normal_city,22,smooth_offset,9,comp_time,0.30072
Modified,normal_city,23,smooth_offset,9,comp_time,0.32485
Modified,normal_city,24,smooth_offset,9,comp_time,0.23537
Modified,normal_city,25,smooth_offset,9,comp_time,0.23211
Modified,normal_city,26,smooth_offset,9,comp_time,0.21569
Modified,normal_city,27,smooth_offset,9,comp_time,0.33447
Modified,normal_city,28,smooth_offset,9,comp_time,0.22472
Modified,normal_city,29,smooth_offset,9,comp_time,0.2085
Modified,blocked_road,0,smooth_offset,9,comp_time,0.84794
Modified,blocked_road,1,smooth_offset,9,comp_time,2.76543
Modified,blocked_road,2,smooth_offset,9,comp_time,0.68271
Modified,blocked_road,3,smooth_offset,9,comp_time,0.30434
Modified,blocked_road,4,smooth_offset,9,comp_time,3.1708
Modified,blocked_road,5,smooth_offset,9,comp_time,0.844
Modified,blocked_road,6,smooth_offset,9,comp_time,5.91034
Modified,blocked_road,7,smooth_offset,9,comp_time,0.21988
Modified,blocked_road,8,smooth_offset,9,comp_time,0.36024
Modified,blocked_road,9,smooth_offset,9,comp_time,0.66642
Modified,blocked_road,10,smooth_offset,9,comp_time,0.79807
Modified,blocked_road,11,smooth_offset,9,comp_time,2.00391
Modified,blocked_road,12,smooth_offset,9,comp_time,1.19756
Modified,blocked_road,13,smooth_offset,9,comp_time,0.2867
Modified,blocked_road,14,smooth_offset,9,comp_time,0.44069
Modified,blocked_road,15,smooth_offset,9,comp_time,0.61218
Modified,blocked_road,16,smooth_offset,9,comp_time,0.32798
Modified,blocked_road,17,smooth_offset,9,comp_time,0.31103
Modified,blocked_road,18,smooth_offset,9,comp_time,0.25639
Modified,blocked_road,19,smooth_offset,9,comp_time,0.50124
Modified,blocked_road,20,smooth_offset,9,comp_time,1.31168
Modified,blocked_road,21,smooth_offset,9,comp_time,0.34729
Modified,blocked_road,22,smooth_offset,9,comp_time,0.21668
Modified,blocked_road,23,smooth_offset,9,comp_time,3.88047
Modified,blocked_road,24,smooth_offset,9,comp_time,0.26678
Modified,blocked_road,25,smooth_offset,9,comp_time,0.22952
Modified,blocked_road,26,smooth_offset,9,comp_time,0.3691
Modified,blocked_road,27,smooth_offset,9,comp_time,2.52014
Modified,blocked_road,28,smooth_offset,9,comp_time,1.51179
Modified,blocked_road,29,smooth_offset,9,comp_time,0.58644
Modified,dense_city,0,smooth_offset,9,comp_time,1.43002
Modified,dense_city,1,smooth_offset,9,comp_time,0.38243
Modified,dense_city,2,smooth_offset,9,comp_time,1.22056
Modified,dense_city,3,smooth_offset,9,comp_time,0.93024
Modified,dense_city,4,smooth_offset,9,comp_time,0.4559
Modified,dense_city,5,smooth_offset,9,comp_time,5.08125
Modified,dense_city,6,smooth_offset,9,comp_time,2.81832
Modified,dense_city,7,smooth_offset,9,comp_time,18.90753
Modified,dense_city,8,smooth_offset,9,comp_time,0.31368
Modified,dense_city,9,smooth_offset,9,comp_time,1.56372
Modified,dense_city,10,smooth_offset,9,comp_time,1.45577
Modified,dense_city,11,smooth_offset,9,comp_time,1.68035
Modified,dense_city,12,smooth_offset,9,comp_time,2.21429
Modified,dense_city,13,smooth_offset,9,comp_time,1.01904
Modified,dense_city,14,smooth_offset,9,comp_time,2.04929
Modified,dense_city,15,smooth_offset,9,comp_time,2.72726
Modified,dense_city,16,smooth_offset,9,comp_time,2.42305
Modified,dense_city,17,smooth_offset,9,comp_time,0.64475
Modified,dense_city,18,smooth_offset,9,comp_time,0.47725
Modified,dense_city,19,smooth_offset,9,comp_time,1.835
Modified,dense_city,20,smooth_offset,9,comp_time,2.28839
Modified,dense_city,21,smooth_offset,9,comp_time,1.1093
Modified,dense_city,22,smooth_offset,9,comp_time,7.69074
Modified,dense_city,23,smooth_offset,9,comp_time,1.96577
Modified,dense_city,24,smooth_offset,9,comp_time,0.40505
Modified,dense_city,25,smooth_offset,9,comp_time,1.34323
Modified,dense_city,26,smooth_offset,9,comp_time,0.4203
Modified,dense_city,27,smooth_offset,9,comp_time,2.03103
Modified,dense_city,28,smooth_offset,9,comp_time,0.96334
Modified,dense_city,29,smooth_offset,9,comp_time,1.1007
