planner,scenario,instance,parameter,value,metric,result
RRT*,normal_city,0,rrt_goal_thresh,2.0,success,1.0
RRT*,normal_city,1,rrt_goal_thresh,2.0,success,1.0
RRT*,normal_city,2,rrt_goal_thresh,2.0,success,1.0
RRT*,normal_city,3,rrt_goal_thresh,2.0,success,1.0
RRT*,normal_city,4,rrt_goal_thresh,2.0,success,1.0
RRT*,normal_city,5,rrt_goal_thresh,2.0,success,1.0
RRT*,normal_city,6,rrt_goal_thresh,2.0,success,1.0
RRT*,normal_city,7,rrt_goal_thresh,2.0,success,1.0
RRT*,normal_city,8,rrt_goal_thresh,2.0,success,1.0
RRT*,normal_city,9,rrt_goal_thresh,2.0,success,1.0
RRT*,normal_city,10,rrt_goal_thresh,2.0,success,1.0
RRT*,normal_city,11,rrt_goal_thresh,2.0,success,1.0
RRT*,normal_city,12,rrt_goal_thresh,2.0,success,1.0
RRT*,normal_city,13,rrt_goal_thresh,2.0,success,1.0
RRT*,normal_city,14,rrt_goal_thresh,2.0,success,1.0
RRT*,normal_city,15,rrt_goal_thresh,2.0,success,1.0
RRT*,normal_city,16,rrt_goal_thresh,2.0,success,1.0
RRT*,normal_city,17,rrt_goal_thresh,2.0,success,1.0
RRT*,normal_city,18,rrt_goal_thresh,2.0,success,1.0
RRT*,normal_city,19,rrt_goal_thresh,2.0,success,1.0
RRT*,normal_city,20,rrt_goal_thresh,2.0,success,1.0
RRT*,normal_city,21,rrt_goal_thresh,2.0,success,1.0
RRT*,normal_city,22,rrt_goal_thresh,2.0,success,1.0
RRT*,normal_city,23,rrt_goal_thresh,2.0,success,1.0
RRT*,normal_city,24,rrt_goal_thresh,2.0,success,1.0
RRT*,normal_city,25,rrt_goal_thresh,2.0,success,1.0
RRT*,normal_city,26,rrt_goal_thresh,2.0,success,1.0
RRT*,normal_city,27,rrt_goal_thresh,2.0,success,1.0
RRT*,normal_city,28,rrt_goal_thresh,2.0,success,1.0
RRT*,normal_city,29,rrt_goal_thresh,2.0,success,1.0
RRT*,blocked_road,0,rrt_goal_thresh,2.0,success,1.0
RRT*,blocked_road,1,rrt_goal_thresh,2.0,success,1.0
RRT*,blocked_road,2,rrt_goal_thresh,2.0,success,1.0
RRT*,blocked_road,3,rrt_goal_thresh,2.0,success,1.0
RRT*,blocked_road,4,rrt_goal_thresh,2.0,success,1.0
RRT*,blocked_road,5,rrt_goal_thresh,2.0,success,1.0
RRT*,blocked_road,6,rrt_goal_thresh,2.0,success,1.0
RRT*,blocked_road,7,rrt_goal_thresh,2.0,success,1.0
RRT*,blocked_road,8,rrt_goal_thresh,2.0,success,1.0
RRT*,blocked_road,9,rrt_goal_thresh,2.0,success,1.0
RRT*,blocked_road,10,rrt_goal_thresh,2.0,success,1.0
RRT*,blocked_road,11,rrt_goal_thresh,2.0,success,1.0
RRT*,blocked_road,12,rrt_goal_thresh,2.0,success,1.0
RRT*,blocked_road,13,rrt_goal_thresh,2.0,success,1.0
RRT*,blocked_road,14,rrt_goal_thresh,2.0,success,1.0
RRT*,blocked_road,15,rrt_goal_thresh,2.0,success,1.0
RRT*,blocked_road,16,rrt_goal_thresh,2.0,success,1.0
RRT*,blocked_road,17,rrt_goal_thresh,2.0,success,1.0
RRT*,blocked_road,18,rrt_goal_thresh,2.0,success,1.0
RRT*,blocked_road,19,rrt_goal_thresh,2.0,success,1.0
RRT*,blocked_road,20,rrt_goal_thresh,2.0,success,1.0
RRT*,blocked_road,21,rrt_goal_thresh,2.0,success,1.0
RRT*,blocked_road,22,rrt_goal_thresh,2.0,success,1.0
RRT*,blocked_road,23,rrt_goal_thresh,2.0,success,1.0
RRT*,blocked_road,24,rrt_goal_thresh,2.0,success,1.0
RRT*,blocked_road,25,rrt_goal_thresh,2.0,success,1.0
RRT*,blocked_road,26,rrt_goal_thresh,2.0,success,1.0
RRT*,blocked_road,27,rrt_goal_thresh,2.0,success,1.0
RRT*,blocked_road,28,rrt_goal_thresh,2.0,success,1.0
RRT*,blocked_road,29,rrt_goal_thresh,2.0,success,1.0
RRT*,dense_city,0,rrt_goal_thresh,2.0,success,1.0
RRT*,dense_city,1,rrt_goal_thresh,2.0,success,1.0
RRT*,dense_city,2,rrt_goal_thresh,2.0,success,1.0
RRT*,dense_city,3,rrt_goal_thresh,2.0,success,1.0
RRT*,dense_city,4,rrt_goal_thresh,2.0,success,1.0
RRT*,dense_city,5,rrt_goal_thresh,2.0,success,1.0
RRT*,dense_city,6,rrt_goal_thresh,2.0,success,1.0
RRT*,dense_city,7,rrt_goal_thresh,2.0,success,1.0
RRT*,dense_city,8,rrt_goal_thresh,2.0,success,1.0
RRT*,dense_city,9,rrt_goal_thresh,2.0,success,0.0
RRT*,dense_city,10,rrt_goal_thresh,2.0,success,1.0
RRT*,dense_city,11,rrt_goal_thresh,2.0,success,1.0
RRT*,dense_city,12,rrt_goal_thresh,2.0,success,1.0
RRT*,dense_city,13,rrt_goal_thresh,2.0,success,1.0
RRT*,dense_city,14,rrt_goal_thresh,2.0,success,1.0
RRT*,dense_city,15,rrt_goal_thresh,2.0,success,1.0
RRT*,dense_city,16,rrt_goal_thresh,2.0,success,1.0
RRT*,dense_city,17,rrt_goal_thresh,2.0,success,1.0
RRT*,dense_city,18,rrt_goal_thresh,2.0,success,1.0
RRT*,dense_city,19,rrt_goal_thresh,2.0,success,1.0
RRT*,dense_city,20,rrt_goal_thresh,2.0,success,1.0
RRT*,dense_city,21,rrt_goal_thresh,2.0,success,1.0
RRT*,dense_city,22,rrt_goal_thresh,2.0,success,1.0
RRT*,dense_city,23,rrt_goal_thresh,2.0,success,1.0
RRT*,dense_city,24,rrt_goal_thresh,2.0,success,1.0
RRT*,dense_city,25,rrt_goal_thresh,2.0,success,1.0
RRT*,dense_city,26,rrt_goal_thresh,2.0,success,1.0
RRT*,dense_city,27,rrt_goal_thresh,2.0,success,1.0
RRT*,dense_city,28,rrt_goal_thresh,2.0,success,1.0
RRT*,dense_city,29,rrt_goal_thresh,2.0,success,1.0
RRT*,normal_city,0,rrt_goal_thresh,4.0,success,1.0
RRT*,normal_city,1,rrt_goal_thresh,4.0,success,1.0
RRT*,normal_city,2,rrt_goal_thresh,4.0,success,1.0
RRT*,normal_city,3,rrt_goal_thresh,4.0,success,1.0
RRT*,normal_city,4,rrt_goal_thresh,4.0,success,1.0
RRT*,normal_city,5,rrt_goal_thresh,4.0,success,1.0
RRT*,normal_city,6,rrt_goal_thresh,4.0,success,1.0
RRT*,normal_city,7,rrt_goal_thresh,4.0,success,1.0
RRT*,normal_city,8,rrt_goal_thresh,4.0,success,1.0
RRT*,normal_city,9,rrt_goal_thresh,4.0,success,1.0
RRT*,normal_city,10,rrt_goal_thresh,4.0,success,1.0
RRT*,normal_city,11,rrt_goal_thresh,4.0,success,1.0
RRT*,normal_city,12,rrt_goal_thresh,4.0,success,1.0
RRT*,normal_city,13,rrt_goal_thresh,4.0,success,1.0
RRT*,normal_city,14,rrt_goal_thresh,4.0,success,1.0
RRT*,normal_city,15,rrt_goal_thresh,4.0,success,1.0
RRT*,normal_city,16,rrt_goal_thresh,4.0,success,1.0
RRT*,normal_city,17,rrt_goal_thresh,4.0,success,1.0
RRT*,normal_city,18,rrt_goal_thresh,4.0,success,1.0
RRT*,normal_city,19,rrt_goal_thresh,4.0,success,1.0
RRT*,normal_city,20,rrt_goal_thresh,4.0,success,1.0
RRT*,normal_city,21,rrt_goal_thresh,4.0,success,1.0
RRT*,normal_city,22,rrt_goal_thresh,4.0,success,1.0
RRT*,normal_city,23,rrt_goal_thresh,4.0,success,1.0
RRT*,normal_city,24,rrt_goal_thresh,4.0,success,1.0
RRT*,normal_city,25,rrt_goal_thresh,4.0,success,1.0
RRT*,normal_city,26,rrt_goal_thresh,4.0,success,1.0
RRT*,normal_city,27,rrt_goal_thresh,4.0,success,1.0
RRT*,normal_city,28,rrt_goal_thresh,4.0,success,1.0
RRT*,normal_city,29,rrt_goal_thresh,4.0,success,1.0
RRT*,blocked_road,0,rrt_goal_thresh,4.0,success,1.0
RRT*,blocked_road,1,rrt_goal_thresh,4.0,success,1.0
RRT*,blocked_road,2,rrt_goal_thresh,4.0,success,1.0
RRT*,blocked_road,3,rrt_goal_thresh,4.0,success,1.0
RRT*,blocked_road,4,rrt_goal_thresh,4.0,success,1.0
RRT*,blocked_road,5,rrt_goal_thresh,4.0,success,1.0
RRT*,blocked_road,6,rrt_goal_thresh,4.0,success,1.0
RRT*,blocked_road,7,rrt_goal_thresh,4.0,success,1.0
RRT*,blocked_road,8,rrt_goal_thresh,4.0,success,1.0
RRT*,blocked_road,9,rrt_goal_thresh,4.0,success,1.0
RRT*,blocked_road,10,rrt_goal_thresh,4.0,success,1.0
RRT*,blocked_road,11,rrt_goal_thresh,4.0,success,1.0
RRT*,blocked_road,12,rrt_goal_thresh,4.0,success,1.0
RRT*,blocked_road,13,rrt_goal_thresh,4.0,success,1.0
RRT*,blocked_road,14,rrt_goal_thresh,4.0,success,1.0
RRT*,blocked_road,15,rrt_goal_thresh,4.0,success,1.0
RRT*,blocked_road,16,rrt_goal_thresh,4.0,success,1.0
RRT*,blocked_road,17,rrt_goal_thresh,4.0,success,1.0
RRT*,blocked_road,18,rrt_goal_thresh,4.0,success,1.0
RRT*,blocked_road,19,rrt_goal_thresh,4.0,success,1.0
RRT*,blocked_road,20,rrt_goal_thresh,4.0,success,1.0
RRT*,blocked_road,21,rrt_goal_thresh,4.0,success,1.0
RRT*,blocked_road,22,rrt_goal_thresh,4.0,success,1.0
RRT*,blocked_road,23,rrt_goal_thresh,4.0,success,1.0
RRT*,blocked_road,24,rrt_goal_thresh,4.0,success,1.0
RRT*,blocked_road,25,rrt_goal_thresh,4.0,success,1.0
RRT*,blocked_road,26,rrt_goal_thresh,4.0,success,1.0
RRT*,blocked_road,27,rrt_goal_thresh,4.0,success,1.0
RRT*,blocked_road,28,rrt_goal_thresh,4.0,success,1.0
RRT*,blocked_road,29,rrt_goal_thresh,4.0,success,1.0
RRT*,dense_city,0,rrt_goal_thresh,4.0,success,1.0
RRT*,dense_city,1,rrt_goal_thresh,4.0,success,1.0
RRT*,dense_city,2,rrt_goal_thresh,4.0,success,1.0
RRT*,dense_city,3,rrt_goal_thresh,4.0,success,1.0
RRT*,dense_city,4,rrt_goal_thresh,4.0,success,1.0
RRT*,dense_city,5,rrt_goal_thresh,4.0,success,1.0
RRT*,dense_city,6,rrt_goal_thresh,4.0,success,1.0
RRT*,dense_city,7,rrt_goal_thresh,4.0,success,1.0
RRT*,dense_city,8,rrt_goal_thresh,4.0,success,1.0
RRT*,dense_city,9,rrt_goal_thresh,4.0,success,0.0
RRT*,dense_city,10,rrt_goal_thresh,4.0,success,1.0
RRT*,dense_city,11,rrt_goal_thresh,4.0,success,1.0
RRT*,dense_city,12,rrt_goal_thresh,4.0,success,1.0
RRT*,dense_city,13,rrt_goal_thresh,4.0,success,1.0
RRT*,dense_city,14,rrt_goal_thresh,4.0,success,1.0
RRT*,dense_city,15,rrt_goal_thresh,4.0,success,1.0
RRT*,dense_city,16,rrt_goal_thresh,4.0,success,1.0
RRT*,dense_city,17,rrt_goal_thresh,4.0,success,1.0
RRT*,dense_city,18,rrt_goal_thresh,4.0,success,1.0
RRT*,dense_city,19,rrt_goal_thresh,4.0,success,1.0
RRT*,dense_city,20,rrt_goal_thresh,4.0,success,1.0
RRT*,dense_city,21,rrt_goal_thresh,4.0,success,1.0
RRT*,dense_city,22,rrt_goal_thresh,4.0,success,1.0
RRT*,dense_city,23,rrt_goal_thresh,4.0,success,1.0
RRT*,dense_city,24,rrt_goal_thresh,4.0,success,1.0
RRT*,dense_city,25,rrt_goal_thresh,4.0,success,1.0
RRT*,dense_city,26,rrt_goal_thresh,4.0,success,1.0
RRT*,dense_city,27,rrt_goal_thresh,4.0,success,1.0
RRT*,dense_city,28,rrt_goal_thresh,4.0,success,1.0
RRT*,dense_city,29,rrt_goal_thresh,4.0,success,1.0
RRT*,normal_city,0,rrt_goal_thresh,8.0,success,1.0
RRT*,normal_city,1,rrt_goal_thresh,8.0,success,1.0
RRT*,normal_city,2,rrt_goal_thresh,8.0,success,1.0
RRT*,normal_city,3,rrt_goal_thresh,8.0,success,1.0
RRT*,normal_city,4,rrt_goal_thresh,8.0,success,1.0
RRT*,normal_city,5,rrt_goal_thresh,8.0,success,1.0
RRT*,normal_city,6,rrt_goal_thresh,8.0,success,1.0
RRT*,normal_city,7,rrt_goal_thresh,8.0,success,1.0
RRT*,normal_city,8,rrt_goal_thresh,8.0,success,1.0
RRT*,normal_city,9,rrt_goal_thresh,8.0,success,1.0
RRT*,normal_city,10,rrt_goal_thresh,8.0,success,1.0
RRT*,normal_city,11,rrt_goal_thresh,8.0,success,1.0
RRT*,normal_city,12,rrt_goal_thresh,8.0,success,1.0
RRT*,normal_city,13,rrt_goal_thresh,8.0,success,1.0
RRT*,normal_city,14,rrt_goal_thresh,8.0,success,1.0
RRT*,normal_city,15,rrt_goal_thresh,8.0,success,1.0
RRT*,normal_city,16,rrt_goal_thresh,8.0,success,1.0
RRT*,normal_city,17,rrt_goal_thresh,8.0,success,1.0
RRT*,normal_city,18,rrt_goal_thresh,8.0,success,1.0
RRT*,normal_city,19,rrt_goal_thresh,8.0,success,1.0
RRT*,normal_city,20,rrt_goal_thresh,8.0,success,1.0
RRT*,normal_city,21,rrt_goal_thresh,8.0,success,1.0
RRT*,normal_city,22,rrt_goal_thresh,8.0,success,1.0
RRT*,normal_city,23,rrt_goal_thresh,8.0,success,1.0
RRT*,normal_city,24,rrt_goal_thresh,8.0,success,1.0
RRT*,normal_city,25,rrt_goal_thresh,8.0,success,1.0
RRT*,normal_city,26,rrt_goal_thresh,8.0,success,1.0
RRT*,normal_city,27,rrt_goal_thresh,8.0,success,1.0
RRT*,normal_city,28,rrt_goal_thresh,8.0,success,1.0
RRT*,normal_city,29,rrt_goal_thresh,8.0,success,1.0
RRT*,blocked_road,0,rrt_goal_thresh,8.0,success,1.0
RRT*,blocked_road,1,rrt_goal_thresh,8.0,success,1.0
RRT*,blocked_road,2,rrt_goal_thresh,8.0,success,1.0
RRT*,blocked_road,3,rrt_goal_thresh,8.0,success,1.0
RRT*,blocked_road,4,rrt_goal_thresh,8.0,success,1.0
RRT*,blocked_road,5,rrt_goal_thresh,8.0,success,1.0
RRT*,blocked_road,6,rrt_goal_thresh,8.0,success,1.0
RRT*,blocked_road,7,rrt_goal_thresh,8.0,success,1.0
RRT*,blocked_road,8,rrt_goal_thresh,8.0,success,1.0
RRT*,blocked_road,9,rrt_goal_thresh,8.0,success,1.0
RRT*,blocked_road,10,rrt_goal_thresh,8.0,success,1.0
RRT*,blocked_road,11,rrt_goal_thresh,8.0,success,1.0
RRT*,blocked_road,12,rrt_goal_thresh,8.0,success,1.0
RRT*,blocked_road,13,rrt_goal_thresh,8.0,success,1.0
RRT*,blocked_road,14,rrt_goal_thresh,8.0,success,1.0
RRT*,blocked_road,15,rrt_goal_thresh,8.0,success,1.0
RRT*,blocked_road,16,rrt_goal_thresh,8.0,success,1.0
RRT*,blocked_road,17,rrt_goal_thresh,8.0,success,1.0
RRT*,blocked_road,18,rrt_goal_thresh,8.0,success,1.0
RRT*,blocked_road,19,rrt_goal_thresh,8.0,success,1.0
RRT*,blocked_road,20,rrt_goal_thresh,8.0,success,1.0
RRT*,blocked_road,21,rrt_goal_thresh,8.0,success,1.0
RRT*,blocked_road,22,rrt_goal_thresh,8.0,success,1.0
RRT*,blocked_road,23,rrt_goal_thresh,8.0,success,1.0
RRT*,blocked_road,24,rrt_goal_thresh,8.0,success,1.0
RRT*,blocked_road,25,rrt_goal_thresh,8.0,success,1.0
RRT*,blocked_road,26,rrt_goal_thresh,8.0,success,1.0
RRT*,blocked_road,27,rrt_goal_thresh,8.0,success,1.0
RRT*,blocked_road,28,rrt_goal_thresh,8.0,success,1.0
RRT*,blocked_road,29,rrt_goal_thresh,8.0,success,1.0
RRT*,dense_city,0,rrt_goal_thresh,8.0,success,1.0
RRT*,dense_city,1,rrt_goal_thresh,8.0,success,1.0
RRT*,dense_city,2,rrt_goal_thresh,8.0,success,1.0
RRT*,dense_city,3,rrt_goal_thresh,8.0,success,1.0
RRT*,dense_city,4,rrt_goal_thresh,8.0,success,1.0
RRT*,dense_city,5,rrt_goal_thresh,8.0,success,1.0
RRT*,dense_city,6,rrt_goal_thresh,8.0,success,1.0
RRT*,dense_city,7,rrt_goal_thresh,8.0,success,1.0
RRT*,dense_city,8,rrt_goal_thresh,8.0,success,1.0
RRT*,dense_city,9,rrt_goal_thresh,8.0,success,0.0
RRT*,dense_city,10,rrt_goal_thresh,8.0,success,1.0
RRT*,dense_city,11,rrt_goal_thresh,8.0,success,1.0
RRT*,dense_city,12,rrt_goal_thresh,8.0,success,1.0
RRT*,dense_city,13,rrt_goal_thresh,8.0,success,1.0
RRT*,dense_city,14,rrt_goal_thresh,8.0,success,1.0
RRT*,dense_city,15,rrt_goal_thresh,8.0,success,1.0
RRT*,dense_city,16,rrt_goal_thresh,8.0,success,1.0
RRT*,dense_city,17,rrt_goal_thresh,8.0,success,1.0
RRT*,dense_city,18,rrt_goal_thresh,8.0,success,1.0
RRT*,dense_city,19,rrt_goal_thresh,8.0,success,1.0
RRT*,dense_city,20,rrt_goal_thresh,8.0,success,1.0
RRT*,dense_city,21,rrt_goal_thresh,8.0,success,1.0
RRT*,dense_city,22,rrt_goal_thresh,8.0,success,1.0
RRT*,dense_city,23,rrt_goal_thresh,8.0,success,1.0
RRT*,dense_city,24,rrt_goal_thresh,8.0,success,1.0
RRT*,dense_city,25,rrt_goal_thresh,8.0,success,1.0
RRT*,dense_city,26,rrt_goal_thresh,8.0,success,1.0
RRT*,dense_city,27,rrt_goal_thresh,8.0,success,1.0
RRT*,dense_city,28,rrt_goal_thresh,8.0,success,1.0
RRT*,dense_city,29,rrt_goal_thresh,8.0,success,1.0
RRT*,normal_city,0,rrt_goal_thresh,2.0,path_length,147.909
RRT*,normal_city,1,rrt_goal_thresh,2.0,path_length,148.241
RRT*,normal_city,2,rrt_goal_thresh,2.0,path_length,144.447
RRT*,normal_city,3,rrt_goal_thresh,2.0,path_length,154.421
RRT*,normal_city,4,rrt_goal_thresh,2.0,path_length,152.805
RRT*,normal_city,5,rrt_goal_thresh,2.0,path_length,147.857
RRT*,normal_city,6,rrt_goal_thresh,2.0,path_length,147.94
RRT*,normal_city,7,rrt_goal_thresh,2.0,path_length,149.094
RRT*,normal_city,8,rrt_goal_thresh,2.0,path_length,142.655
RRT*,normal_city,9,rrt_goal_thresh,2.0,path_length,141.328
RRT*,normal_city,10,rrt_goal_thresh,2.0,path_length,145.69
RRT*,normal_city,11,rrt_goal_thresh,2.0,path_length,149.815
RRT*,normal_city,12,rrt_goal_thresh,2.0,path_length,141.49
RRT*,normal_city,13,rrt_goal_thresh,2.0,path_length,142.244
RRT*,normal_city,14,rrt_goal_thresh,2.0,path_length,148.243
RRT*,normal_city,15,rrt_goal_thresh,2.0,path_length,146.404
RRT*,normal_city,16,rrt_goal_thresh,2.0,path_length,152.981
RRT*,normal_city,17,rrt_goal_thresh,2.0,path_length,151.188
RRT*,normal_city,18,rrt_goal_thresh,2.0,path_length,145.727
RRT*,normal_city,19,rrt_goal_thresh,2.0,path_length,154.461
RRT*,normal_city,20,rrt_goal_thresh,2.0,path_length,140.283
RRT*,normal_city,21,rrt_goal_thresh,2.0,path_length,152.753
RRT*,normal_city,22,rrt_goal_thresh,2.0,path_length,145.739
RRT*,normal_city,23,rrt_goal_thresh,2.0,path_length,141.597
RRT*,normal_city,24,rrt_goal_thresh,2.0,path_length,146.73
RRT*,normal_city,25,rrt_goal_thresh,2.0,path_length,143.495
RRT*,normal_city,26,rrt_goal_thresh,2.0,path_length,154.085
RRT*,normal_city,27,rrt_goal_thresh,2.0,path_length,149.132
RRT*,normal_city,28,rrt_goal_thresh,2.0,path_length,144.747
RRT*,normal_city,29,rrt_goal_thresh,2.0,path_length,147.655
RRT*,blocked_road,0,rrt_goal_thresh,2.0,path_length,151.139
RRT*,blocked_road,1,rrt_goal_thresh,2.0,path_length,155.55
RRT*,blocked_road,2,rrt_goal_thresh,2.0,path_length,152.739
RRT*,blocked_road,3,rrt_goal_thresh,2.0,path_length,157.873
RRT*,blocked_road,4,rrt_goal_thresh,2.0,path_length,146.325
RRT*,blocked_road,5,rrt_goal_thresh,2.0,path_length,155.575
RRT*,blocked_road,6,rrt_goal_thresh,2.0,path_length,150.889
RRT*,blocked_road,7,rrt_goal_thresh,2.0,path_length,153.702
RRT*,blocked_road,8,rrt_goal_thresh,2.0,path_length,148.171
RRT*,blocked_road,9,rrt_goal_thresh,2.0,path_length,150.448
RRT*,blocked_road,10,rrt_goal_thresh,2.0,path_length,150.363
RRT*,blocked_road,11,rrt_goal_thresh,2.0,path_length,154.403
RRT*,blocked_road,12,rrt_goal_thresh,2.0,path_length,147.402
RRT*,blocked_road,13,rrt_goal_thresh,2.0,path_length,148.441
RRT*,blocked_road,14,rrt_goal_thresh,2.0,path_length,152.974
RRT*,blocked_road,15,rrt_goal_thresh,2.0,path_length,155.137
RRT*,blocked_road,16,rrt_goal_thresh,2.0,path_length,151.983
RRT*,blocked_road,17,rrt_goal_thresh,2.0,path_length,153.334
RRT*,blocked_road,18,rrt_goal_thresh,2.0,path_length,148.072
RRT*,blocked_road,19,rrt_goal_thresh,2.0,path_length,152.294
RRT*,blocked_road,20,rrt_goal_thresh,2.0,path_length,152.408
RRT*,blocked_road,21,rrt_goal_thresh,2.0,path_length,150.214
RRT*,blocked_road,22,rrt_goal_thresh,2.0,path_length,157.213
RRT*,blocked_road,23,rrt_goal_thresh,2.0,path_length,149.379
RRT*,blocked_road,24,rrt_goal_thresh,2.0,path_length,152.548
RRT*,blocked_road,25,rrt_goal_thresh,2.0,path_length,151.536
RRT*,blocked_road,26,rrt_goal_thresh,2.0,path_length,154.562
RRT*,blocked_road,27,rrt_goal_thresh,2.0,path_length,152.749
RRT*,blocked_road,28,rrt_goal_thresh,2.0,path_length,147.165
RRT*,blocked_road,29,rrt_goal_thresh,2.0,path_length,148.176
RRT*,dense_city,0,rrt_goal_thresh,2.0,path_length,155.024
RRT*,dense_city,1,rrt_goal_thresh,2.0,path_length,148.738
RRT*,dense_city,2,rrt_goal_thresh,2.0,path_length,159.452
RRT*,dense_city,3,rrt_goal_thresh,2.0,path_length,159.071
RRT*,dense_city,4,rrt_goal_thresh,2.0,path_length,155.196
RRT*,dense_city,5,rrt_goal_thresh,2.0,path_length,143.618
RRT*,dense_city,6,rrt_goal_thresh,2.0,path_length,156.031
RRT*,dense_city,7,rrt_goal_thresh,2.0,path_length,149.164
RRT*,dense_city,8,rrt_goal_thresh,2.0,path_length,153.574
RRT*,dense_city,9,rrt_goal_thresh,2.0,path_length,
RRT*,dense_city,10,rrt_goal_thresh,2.0,path_length,154.978
RRT*,dense_city,11,rrt_goal_thresh,2.0,path_length,157.469
RRT*,dense_city,12,rrt_goal_thresh,2.0,path_length,151.529
RRT*,dense_city,13,rrt_goal_thresh,2.0,path_length,159.934
RRT*,dense_city,14,rrt_goal_thresh,2.0,path_length,148.633
RRT*,dense_city,15,rrt_goal_thresh,2.0,path_length,162.366
RRT*,dense_city,16,rrt_goal_thresh,2.0,path_length,146.419
RRT*,dense_city,17,rrt_goal_thresh,2.0,path_length,162.043
RRT*,dense_city,18,rrt_goal_thresh,2.0,path_length,155.004
RRT*,dense_city,19,rrt_goal_thresh,2.0,path_length,154.753
RRT*,dense_city,20,rrt_goal_thresh,2.0,path_length,146.439
RRT*,dense_city,21,rrt_goal_thresh,2.0,path_length,155.053
RRT*,dense_city,22,rrt_goal_thresh,2.0,path_length,161.974
RRT*,dense_city,23,rrt_goal_thresh,2.0,path_length,159.289
RRT*,dense_city,24,rrt_goal_thresh,2.0,path_length,158.524
RRT*,dense_city,25,rrt_goal_thresh,2.0,path_length,152.453
RRT*,dense_city,26,rrt_goal_thresh,2.0,path_length,154.542
RRT*,dense_city,27,rrt_goal_thresh,2.0,path_length,159.677
RRT*,dense_city,28,rrt_goal_thresh,2.0,path_length,154.189
RRT*,dense_city,29,rrt_goal_thresh,2.0,path_length,155.4
RRT*,normal_city,0,rrt_goal_thresh,4.0,path_length,147.909
RRT*,normal_city,1,rrt_goal_thresh,4.0,path_length,148.241
RRT*,normal_city,2,rrt_goal_thresh,4.0,path_length,144.447
RRT*,normal_city,3,rrt_goal_thresh,4.0,path_length,154.421
RRT*,normal_city,4,rrt_goal_thresh,4.0,path_length,152.805
RRT*,normal_city,5,rrt_goal_thresh,4.0,path_length,147.857
RRT*,normal_city,6,rrt_goal_thresh,4.0,path_length,148.175
RRT*,normal_city,7,rrt_goal_thresh,4.0,path_length,149.094
RRT*,normal_city,8,rrt_goal_thresh,4.0,path_length,142.655
RRT*,normal_city,9,rrt_goal_thresh,4.0,path_length,141.328
RRT*,normal_city,10,rrt_goal_thresh,4.0,path_length,145.69
RRT*,normal_city,11,rrt_goal_thresh,4.0,path_length,149.815
RRT*,normal_city,12,rrt_goal_thresh,4.0,path_length,141.511
RRT*,normal_city,13,rrt_goal_thresh,4.0,path_length,142.244
RRT*,normal_city,14,rrt_goal_thresh,4.0,path_length,148.34
RRT*,normal_city,15,rrt_goal_thresh,4.0,path_length,146.404
RRT*,normal_city,16,rrt_goal_thresh,4.0,path_length,152.981
RRT*,normal_city,17,rrt_goal_thresh,4.0,path_length,151.188
RRT*,normal_city,18,rrt_goal_thresh,4.0,path_length,145.727
RRT*,normal_city,19,rrt_goal_thresh,4.0,path_length,154.461
RRT*,normal_city,20,rrt_goal_thresh,4.0,path_length,140.283
RRT*,normal_city,21,rrt_goal_thresh,4.0,path_length,152.753
RRT*,normal_city,22,rrt_goal_thresh,4.0,path_length,146.314
RRT*,normal_city,23,rrt_goal_thresh,4.0,path_length,141.875
RRT*,normal_city,24,rrt_goal_thresh,4.0,path_length,146.73
RRT*,normal_city,25,rrt_goal_thresh,4.0,path_length,143.495
RRT*,normal_city,26,rrt_goal_thresh,4.0,path_length,154.085
RRT*,normal_city,27,rrt_goal_thresh,4.0,path_length,149.356
RRT*,normal_city,28,rrt_goal_thresh,4.0,path_length,144.747
RRT*,normal_city,29,rrt_goal_thresh,4.0,path_length,147.655
RRT*,blocked_road,0,rrt_goal_thresh,4.0,path_length,151.586
RRT*,blocked_road,1,rrt_goal_thresh,4.0,path_length,155.55
RRT*,blocked_road,2,rrt_goal_thresh,4.0,path_length,152.739
RRT*,blocked_road,3,rrt_goal_thresh,4.0,path_length,157.873
RRT*,blocked_road,4,rrt_goal_thresh,4.0,path_length,146.571
RRT*,blocked_road,5,rrt_goal_thresh,4.0,path_length,155.575
RRT*,blocked_road,6,rrt_goal_thresh,4.0,path_length,150.889
RRT*,blocked_road,7,rrt_goal_thresh,4.0,path_length,155.01
RRT*,blocked_road,8,rrt_goal_thresh,4.0,path_length,148.171
RRT*,blocked_road,9,rrt_goal_thresh,4.0,path_length,150.448
RRT*,blocked_road,10,rrt_goal_thresh,4.0,path_length,150.363
RRT*,blocked_road,11,rrt_goal_thresh,4.0,path_length,154.403
RRT*,blocked_road,12,rrt_goal_thresh,4.0,path_length,147.402
RRT*,blocked_road,13,rrt_goal_thresh,4.0,path_length,148.441
RRT*,blocked_road,14,rrt_goal_thresh,4.0,path_length,152.974
RRT*,blocked_road,15,rrt_goal_thresh,4.0,path_length,155.137
RRT*,blocked_road,16,rrt_goal_thresh,4.0,path_length,152.012
RRT*,blocked_road,17,rrt_goal_thresh,4.0,path_length,153.334
RRT*,blocked_road,18,rrt_goal_thresh,4.0,path_length,148.072
RRT*,blocked_road,19,rrt_goal_thresh,4.0,path_length,152.294
RRT*,blocked_road,20,rrt_goal_thresh,4.0,path_length,152.408
RRT*,blocked_road,21,rrt_goal_thresh,4.0,path_length,150.287
RRT*,blocked_road,22,rrt_goal_thresh,4.0,path_length,157.213
RRT*,blocked_road,23,rrt_goal_thresh,4.0,path_length,149.379
RRT*,blocked_road,24,rrt_goal_thresh,4.0,path_length,152.548
RRT*,blocked_road,25,rrt_goal_thresh,4.0,path_length,151.536
RRT*,blocked_road,26,rrt_goal_thresh,4.0,path_length,154.562
RRT*,blocked_road,27,rrt_goal_thresh,4.0,path_length,152.749
RRT*,blocked_road,28,rrt_goal_thresh,4.0,path_length,147.165
RRT*,blocked_road,29,rrt_goal_thresh,4.0,path_length,148.176
RRT*,dense_city,0,rrt_goal_thresh,4.0,path_length,155.024
RRT*,dense_city,1,rrt_goal_thresh,4.0,path_length,148.791
RRT*,dense_city,2,rrt_goal_thresh,4.0,path_length,159.452
RRT*,dense_city,3,rrt_goal_thresh,4.0,path_length,159.071
RRT*,dense_city,4,rrt_goal_thresh,4.0,path_length,155.196
RRT*,dense_city,5,rrt_goal_thresh,4.0,path_length,143.618
RRT*,dense_city,6,rrt_goal_thresh,4.0,path_length,156.296
RRT*,dense_city,7,rrt_goal_thresh,4.0,path_length,149.164
RRT*,dense_city,8,rrt_goal_thresh,4.0,path_length,153.483
RRT*,dense_city,9,rrt_goal_thresh,4.0,path_length,
RRT*,dense_city,10,rrt_goal_thresh,4.0,path_length,154.978
RRT*,dense_city,11,rrt_goal_thresh,4.0,path_length,157.552
RRT*,dense_city,12,rrt_goal_thresh,4.0,path_length,151.529
RRT*,dense_city,13,rrt_goal_thresh,4.0,path_length,159.934
RRT*,dense_city,14,rrt_goal_thresh,4.0,path_length,148.633
RRT*,dense_city,15,rrt_goal_thresh,4.0,path_length,163.463
RRT*,dense_city,16,rrt_goal_thresh,4.0,path_length,148.105
RRT*,dense_city,17,rrt_goal_thresh,4.0,path_length,162.043
RRT*,dense_city,18,rrt_goal_thresh,4.0,path_length,155.004
RRT*,dense_city,19,rrt_goal_thresh,4.0,path_length,154.753
RRT*,dense_city,20,rrt_goal_thresh,4.0,path_length,146.439
RRT*,dense_city,21,rrt_goal_thresh,4.0,path_length,155.166
RRT*,dense_city,22,rrt_goal_thresh,4.0,path_length,161.974
RRT*,dense_city,23,rrt_goal_thresh,4.0,path_length,159.289
RRT*,dense_city,24,rrt_goal_thresh,4.0,path_length,158.765
RRT*,dense_city,25,rrt_goal_thresh,4.0,path_length,152.453
RRT*,dense_city,26,rrt_goal_thresh,4.0,path_length,154.712
RRT*,dense_city,27,rrt_goal_thresh,4.0,path_length,159.677
RRT*,dense_city,28,rrt_goal_thresh,4.0,path_length,154.189
RRT*,dense_city,29,rrt_goal_thresh,4.0,path_length,155.4
RRT*,normal_city,0,rrt_goal_thresh,8.0,path_length,147.909
RRT*,normal_city,1,rrt_goal_thresh,8.0,path_length,148.13
RRT*,normal_city,2,rrt_goal_thresh,8.0,path_length,144.021
RRT*,normal_city,3,rrt_goal_thresh,8.0,path_length,154.421
RRT*,normal_city,4,rrt_goal_thresh,8.0,path_length,152.805
RRT*,normal_city,5,rrt_goal_thresh,8.0,path_length,147.857
RRT*,normal_city,6,rrt_goal_thresh,8.0,path_length,148.175
RRT*,normal_city,7,rrt_goal_thresh,8.0,path_length,149.702
RRT*,normal_city,8,rrt_goal_thresh,8.0,path_length,142.655
RRT*,normal_city,9,rrt_goal_thresh,8.0,path_length,141.328
RRT*,normal_city,10,rrt_goal_thresh,8.0,path_length,145.69
RRT*,normal_city,11,rrt_goal_thresh,8.0,path_length,149.815
RRT*,normal_city,12,rrt_goal_thresh,8.0,path_length,141.511
RRT*,normal_city,13,rrt_goal_thresh,8.0,path_length,142.244
RRT*,normal_city,14,rrt_goal_thresh,8.0,path_length,148.34
RRT*,normal_city,15,rrt_goal_thresh,8.0,path_length,146.396
RRT*,normal_city,16,rrt_goal_thresh,8.0,path_length,152.981
RRT*,normal_city,17,rrt_goal_thresh,8.0,path_length,151.188
RRT*,normal_city,18,rrt_goal_thresh,8.0,path_length,145.727
RRT*,normal_city,19,rrt_goal_thresh,8.0,path_length,154.648
RRT*,normal_city,20,rrt_goal_thresh,8.0,path_length,140.585
RRT*,normal_city,21,rrt_goal_thresh,8.0,path_length,152.753
RRT*,normal_city,22,rrt_goal_thresh,8.0,path_length,146.314
RRT*,normal_city,23,rrt_goal_thresh,8.0,path_length,142.915
RRT*,normal_city,24,rrt_goal_thresh,8.0,path_length,146.73
RRT*,normal_city,25,rrt_goal_thresh,8.0,path_length,143.495
RRT*,normal_city,26,rrt_goal_thresh,8.0,path_length,154.085
RRT*,normal_city,27,rrt_goal_thresh,8.0,path_length,147.793
RRT*,normal_city,28,rrt_goal_thresh,8.0,path_length,146.119
RRT*,normal_city,29,rrt_goal_thresh,8.0,path_length,147.742
RRT*,blocked_road,0,rrt_goal_thresh,8.0,path_length,151.139
RRT*,blocked_road,1,rrt_goal_thresh,8.0,path_length,155.55
RRT*,blocked_road,2,rrt_goal_thresh,8.0,path_length,152.739
RRT*,blocked_road,3,rrt_goal_thresh,8.0,path_length,157.873
RRT*,blocked_road,4,rrt_goal_thresh,8.0,path_length,146.571
RRT*,blocked_road,5,rrt_goal_thresh,8.0,path_length,155.575
RRT*,blocked_road,6,rrt_goal_thresh,8.0,path_length,151.433
RRT*,blocked_road,7,rrt_goal_thresh,8.0,path_length,153.702
RRT*,blocked_road,8,rrt_goal_thresh,8.0,path_length,148.171
RRT*,blocked_road,9,rrt_goal_thresh,8.0,path_length,150.519
RRT*,blocked_road,10,rrt_goal_thresh,8.0,path_length,150.363
RRT*,blocked_road,11,rrt_goal_thresh,8.0,path_length,154.403
RRT*,blocked_road,12,rrt_goal_thresh,8.0,path_length,147.402
RRT*,blocked_road,13,rrt_goal_thresh,8.0,path_length,148.997
RRT*,blocked_road,14,rrt_goal_thresh,8.0,path_length,153.332
RRT*,blocked_road,15,rrt_goal_thresh,8.0,path_length,155.137
RRT*,blocked_road,16,rrt_goal_thresh,8.0,path_length,152.224
RRT*,blocked_road,17,rrt_goal_thresh,8.0,path_length,152.815
RRT*,blocked_road,18,rrt_goal_thresh,8.0,path_length,148.072
RRT*,blocked_road,19,rrt_goal_thresh,8.0,path_length,152.294
RRT*,blocked_road,20,rrt_goal_thresh,8.0,path_length,152.408
RRT*,blocked_road,21,rrt_goal_thresh,8.0,path_length,150.415
RRT*,blocked_road,22,rrt_goal_thresh,8.0,path_length,157.213
RRT*,blocked_road,23,rrt_goal_thresh,8.0,path_length,151.345
RRT*,blocked_road,24,rrt_goal_thresh,8.0,path_length,152.548
RRT*,blocked_road,25,rrt_goal_thresh,8.0,path_length,151.536
RRT*,blocked_road,26,rrt_goal_thresh,8.0,path_length,154.562
RRT*,blocked_road,27,rrt_goal_thresh,8.0,path_length,152.749
RRT*,blocked_road,28,rrt_goal_thresh,8.0,path_length,147.165
RRT*,blocked_road,29,rrt_goal_thresh,8.0,path_length,148.176
RRT*,dense_city,0,rrt_goal_thresh,8.0,path_length,155.024
RRT*,dense_city,1,rrt_goal_thresh,8.0,path_length,148.738
RRT*,dense_city,2,rrt_goal_thresh,8.0,path_length,159.452
RRT*,dense_city,3,rrt_goal_thresh,8.0,path_length,159.071
RRT*,dense_city,4,rrt_goal_thresh,8.0,path_length,155.196
RRT*,dense_city,5,rrt_goal_thresh,8.0,path_length,143.618
RRT*,dense_city,6,rrt_goal_thresh,8.0,path_length,156.031
RRT*,dense_city,7,rrt_goal_thresh,8.0,path_length,149.177
RRT*,dense_city,8,rrt_goal_thresh,8.0,path_length,153.729
RRT*,dense_city,9,rrt_goal_thresh,8.0,path_length,
RRT*,dense_city,10,rrt_goal_thresh,8.0,path_length,154.978
RRT*,dense_city,11,rrt_goal_thresh,8.0,path_length,157.94
RRT*,dense_city,12,rrt_goal_thresh,8.0,path_length,151.529
RRT*,dense_city,13,rrt_goal_thresh,8.0,path_length,159.934
RRT*,dense_city,14,rrt_goal_thresh,8.0,path_length,148.878
RRT*,dense_city,15,rrt_goal_thresh,8.0,path_length,162.376
RRT*,dense_city,16,rrt_goal_thresh,8.0,path_length,149.447
RRT*,dense_city,17,rrt_goal_thresh,8.0,path_length,162.043
RRT*,dense_city,18,rrt_goal_thresh,8.0,path_length,155.004
RRT*,dense_city,19,rrt_goal_thresh,8.0,path_length,158.223
RRT*,dense_city,20,rrt_goal_thresh,8.0,path_length,146.385
RRT*,dense_city,21,rrt_goal_thresh,8.0,path_length,155.544
RRT*,dense_city,22,rrt_goal_thresh,8.0,path_length,161.974
RRT*,dense_city,23,rrt_goal_thresh,8.0,path_length,159.688
RRT*,dense_city,24,rrt_goal_thresh,8.0,path_length,159.537
RRT*,dense_city,25,rrt_goal_thresh,8.0,path_length,152.454
RRT*,dense_city,26,rrt_goal_thresh,8.0,path_length,155.188
RRT*,dense_city,27,rrt_goal_thresh,8.0,path_length,159.677
RRT*,dense_city,28,rrt_goal_thresh,8.0,path_length,154.721
RRT*,dense_city,29,rrt_goal_thresh,8.0,path_length,156.053
RRT*,normal_city,0,rrt_goal_thresh,2.0,length_ratio,1.0417
RRT*,normal_city,1,rrt_goal_thresh,2.0,length_ratio,1.0528
RRT*,normal_city,2,rrt_goal_thresh,2.0,length_ratio,1.0258
RRT*,normal_city,3,rrt_goal_thresh,2.0,length_ratio,1.0743
RRT*,normal_city,4,rrt_goal_thresh,2.0,length_ratio,1.0718
RRT*,normal_city,5,rrt_goal_thresh,2.0,length_ratio,1.05
RRT*,normal_city,6,rrt_goal_thresh,2.0,length_ratio,1.0506
RRT*,normal_city,7,rrt_goal_thresh,2.0,length_ratio,1.0588
RRT*,normal_city,8,rrt_goal_thresh,2.0,length_ratio,1.0006
RRT*,normal_city,9,rrt_goal_thresh,2.0,length_ratio,0.9954
RRT*,normal_city,10,rrt_goal_thresh,2.0,length_ratio,1.0177
RRT*,normal_city,11,rrt_goal_thresh,2.0,length_ratio,1.0552
RRT*,normal_city,12,rrt_goal_thresh,2.0,length_ratio,1.0048
RRT*,normal_city,13,rrt_goal_thresh,2.0,length_ratio,0.9936
RRT*,normal_city,14,rrt_goal_thresh,2.0,length_ratio,1.0441
RRT*,normal_city,15,rrt_goal_thresh,2.0,length_ratio,1.0269
RRT*,normal_city,16,rrt_goal_thresh,2.0,length_ratio,1.0819
RRT*,normal_city,17,rrt_goal_thresh,2.0,length_ratio,1.0648
RRT*,normal_city,18,rrt_goal_thresh,2.0,length_ratio,1.0436
RRT*,normal_city,19,rrt_goal_thresh,2.0,length_ratio,1.0746
RRT*,normal_city,20,rrt_goal_thresh,2.0,length_ratio,0.984
RRT*,normal_city,21,rrt_goal_thresh,2.0,length_ratio,1.0714
RRT*,normal_city,22,rrt_goal_thresh,2.0,length_ratio,1.0222
RRT*,normal_city,23,rrt_goal_thresh,2.0,length_ratio,1.0056
RRT*,normal_city,24,rrt_goal_thresh,2.0,length_ratio,1.0292
RRT*,normal_city,25,rrt_goal_thresh,2.0,length_ratio,1.0065
RRT*,normal_city,26,rrt_goal_thresh,2.0,length_ratio,1.0852
RRT*,normal_city,27,rrt_goal_thresh,2.0,length_ratio,1.0418
RRT*,normal_city,28,rrt_goal_thresh,2.0,length_ratio,1.0279
RRT*,normal_city,29,rrt_goal_thresh,2.0,length_ratio,1.0357
RRT*,blocked_road,0,rrt_goal_thresh,2.0,length_ratio,1.0143
RRT*,blocked_road,1,rrt_goal_thresh,2.0,length_ratio,1.0521
RRT*,blocked_road,2,rrt_goal_thresh,2.0,length_ratio,1.0331
RRT*,blocked_road,3,rrt_goal_thresh,2.0,length_ratio,1.0471
RRT*,blocked_road,4,rrt_goal_thresh,2.0,length_ratio,0.9898
RRT*,blocked_road,5,rrt_goal_thresh,2.0,length_ratio,1.0523
RRT*,blocked_road,6,rrt_goal_thresh,2.0,length_ratio,1.0206
RRT*,blocked_road,7,rrt_goal_thresh,2.0,length_ratio,1.0396
RRT*,blocked_road,8,rrt_goal_thresh,2.0,length_ratio,0.9944
RRT*,blocked_road,9,rrt_goal_thresh,2.0,length_ratio,1.0176
RRT*,blocked_road,10,rrt_goal_thresh,2.0,length_ratio,1.0012
RRT*,blocked_road,11,rrt_goal_thresh,2.0,length_ratio,1.0321
RRT*,blocked_road,12,rrt_goal_thresh,2.0,length_ratio,0.9931
RRT*,blocked_road,13,rrt_goal_thresh,2.0,length_ratio,1.0041
RRT*,blocked_road,14,rrt_goal_thresh,2.0,length_ratio,0.9991
RRT*,blocked_road,15,rrt_goal_thresh,2.0,length_ratio,1.0094
RRT*,blocked_road,16,rrt_goal_thresh,2.0,length_ratio,1.012
RRT*,blocked_road,17,rrt_goal_thresh,2.0,length_ratio,1.029
RRT*,blocked_road,18,rrt_goal_thresh,2.0,length_ratio,1.0096
RRT*,blocked_road,19,rrt_goal_thresh,2.0,length_ratio,1.0101
RRT*,blocked_road,20,rrt_goal_thresh,2.0,length_ratio,1.0148
RRT*,blocked_road,21,rrt_goal_thresh,2.0,length_ratio,1.0041
RRT*,blocked_road,22,rrt_goal_thresh,2.0,length_ratio,1.0634
RRT*,blocked_road,23,rrt_goal_thresh,2.0,length_ratio,1.0104
RRT*,blocked_road,24,rrt_goal_thresh,2.0,length_ratio,1.0237
RRT*,blocked_road,25,rrt_goal_thresh,2.0,length_ratio,1.013
RRT*,blocked_road,26,rrt_goal_thresh,2.0,length_ratio,1.0292
RRT*,blocked_road,27,rrt_goal_thresh,2.0,length_ratio,1.0291
RRT*,blocked_road,28,rrt_goal_thresh,2.0,length_ratio,0.9954
RRT*,blocked_road,29,rrt_goal_thresh,2.0,length_ratio,0.9905
RRT*,dense_city,0,rrt_goal_thresh,2.0,length_ratio,1.0322
RRT*,dense_city,1,rrt_goal_thresh,2.0,length_ratio,0.9904
RRT*,dense_city,2,rrt_goal_thresh,2.0,length_ratio,1.0617
RRT*,dense_city,3,rrt_goal_thresh,2.0,length_ratio,1.0717
RRT*,dense_city,4,rrt_goal_thresh,2.0,length_ratio,1.0334
RRT*,dense_city,5,rrt_goal_thresh,2.0,length_ratio,0.9737
RRT*,dense_city,6,rrt_goal_thresh,2.0,length_ratio,1.0389
RRT*,dense_city,7,rrt_goal_thresh,2.0,length_ratio,0.9866
RRT*,dense_city,8,rrt_goal_thresh,2.0,length_ratio,1.0471
RRT*,dense_city,9,rrt_goal_thresh,2.0,length_ratio,
RRT*,dense_city,10,rrt_goal_thresh,2.0,length_ratio,1.0652
RRT*,dense_city,11,rrt_goal_thresh,2.0,length_ratio,1.0823
RRT*,dense_city,12,rrt_goal_thresh,2.0,length_ratio,1.0415
RRT*,dense_city,13,rrt_goal_thresh,2.0,length_ratio,1.0526
RRT*,dense_city,14,rrt_goal_thresh,2.0,length_ratio,1.0216
RRT*,dense_city,15,rrt_goal_thresh,2.0,length_ratio,1.0484
RRT*,dense_city,16,rrt_goal_thresh,2.0,length_ratio,1.0063
RRT*,dense_city,17,rrt_goal_thresh,2.0,length_ratio,1.0961
RRT*,dense_city,18,rrt_goal_thresh,2.0,length_ratio,1.0321
RRT*,dense_city,19,rrt_goal_thresh,2.0,length_ratio,1.0304
RRT*,dense_city,20,rrt_goal_thresh,2.0,length_ratio,1.0065
RRT*,dense_city,21,rrt_goal_thresh,2.0,length_ratio,1.053
RRT*,dense_city,22,rrt_goal_thresh,2.0,length_ratio,1.0702
RRT*,dense_city,23,rrt_goal_thresh,2.0,length_ratio,1.0774
RRT*,dense_city,24,rrt_goal_thresh,2.0,length_ratio,1.0765
RRT*,dense_city,25,rrt_goal_thresh,2.0,length_ratio,1.036
RRT*,dense_city,26,rrt_goal_thresh,2.0,length_ratio,1.029
RRT*,dense_city,27,rrt_goal_thresh,2.0,length_ratio,1.0469
RRT*,dense_city,28,rrt_goal_thresh,2.0,length_ratio,1.0267
RRT*,dense_city,29,rrt_goal_thresh,2.0,length_ratio,1.0553
RRT*,normal_city,0,rrt_goal_thresh,4.0,length_ratio,1.0417
RRT*,normal_city,1,rrt_goal_thresh,4.0,length_ratio,1.0528
RRT*,normal_city,2,rrt_goal_thresh,4.0,length_ratio,1.0258
RRT*,normal_city,3,rrt_goal_thresh,4.0,length_ratio,1.0743
RRT*,normal_city,4,rrt_goal_thresh,4.0,length_ratio,1.0718
RRT*,normal_city,5,rrt_goal_thresh,4.0,length_ratio,1.05
RRT*,normal_city,6,rrt_goal_thresh,4.0,length_ratio,1.0523
RRT*,normal_city,7,rrt_goal_thresh,4.0,length_ratio,1.0588
RRT*,normal_city,8,rrt_goal_thresh,4.0,length_ratio,1.0006
RRT*,normal_city,9,rrt_goal_thresh,4.0,length_ratio,0.9954
RRT*,normal_city,10,rrt_goal_thresh,4.0,length_ratio,1.0177
RRT*,normal_city,11,rrt_goal_thresh,4.0,length_ratio,1.0552
RRT*,normal_city,12,rrt_goal_thresh,4.0,length_ratio,1.005
RRT*,normal_city,13,rrt_goal_thresh,4.0,length_ratio,0.9936
RRT*,normal_city,14,rrt_goal_thresh,4.0,length_ratio,1.0448
RRT*,normal_city,15,rrt_goal_thresh,4.0,length_ratio,1.0269
RRT*,normal_city,16,rrt_goal_thresh,4.0,length_ratio,1.0819
RRT*,normal_city,17,rrt_goal_thresh,4.0,length_ratio,1.0648
RRT*,normal_city,18,rrt_goal_thresh,4.0,length_ratio,1.0436
RRT*,normal_city,19,rrt_goal_thresh,4.0,length_ratio,1.0746
RRT*,normal_city,20,rrt_goal_thresh,4.0,length_ratio,0.984
RRT*,normal_city,21,rrt_goal_thresh,4.0,length_ratio,1.0714
RRT*,normal_city,22,rrt_goal_thresh,4.0,length_ratio,1.0263
RRT*,normal_city,23,rrt_goal_thresh,4.0,length_ratio,1.0076
RRT*,normal_city,24,rrt_goal_thresh,4.0,length_ratio,1.0292
RRT*,normal_city,25,rrt_goal_thresh,4.0,length_ratio,1.0065
RRT*,normal_city,26,rrt_goal_thresh,4.0,length_ratio,1.0852
RRT*,normal_city,27,rrt_goal_thresh,4.0,length_ratio,1.0433
RRT*,normal_city,28,rrt_goal_thresh,4.0,length_ratio,1.0279
RRT*,normal_city,29,rrt_goal_thresh,4.0,length_ratio,1.0357
RRT*,blocked_road,0,rrt_goal_thresh,4.0,length_ratio,1.0173
RRT*,blocked_road,1,rrt_goal_thresh,4.0,length_ratio,1.0521
RRT*,blocked_road,2,rrt_goal_thresh,4.0,length_ratio,1.0331
RRT*,blocked_road,3,rrt_goal_thresh,4.0,length_ratio,1.0471
RRT*,blocked_road,4,rrt_goal_thresh,4.0,length_ratio,0.9914
RRT*,blocked_road,5,rrt_goal_thresh,4.0,length_ratio,1.0523
RRT*,blocked_road,6,rrt_goal_thresh,4.0,length_ratio,1.0206
RRT*,blocked_road,7,rrt_goal_thresh,4.0,length_ratio,1.0485
RRT*,blocked_road,8,rrt_goal_thresh,4.0,length_ratio,0.9944
RRT*,blocked_road,9,rrt_goal_thresh,4.0,length_ratio,1.0176
RRT*,blocked_road,10,rrt_goal_thresh,4.0,length_ratio,1.0012
RRT*,blocked_road,11,rrt_goal_thresh,4.0,length_ratio,1.0321
RRT*,blocked_road,12,rrt_goal_thresh,4.0,length_ratio,0.9931
RRT*,blocked_road,13,rrt_goal_thresh,4.0,length_ratio,1.0041
RRT*,blocked_road,14,rrt_goal_thresh,4.0,length_ratio,0.9991
RRT*,blocked_road,15,rrt_goal_thresh,4.0,length_ratio,1.0094
RRT*,blocked_road,16,rrt_goal_thresh,4.0,length_ratio,1.0122
RRT*,blocked_road,17,rrt_goal_thresh,4.0,length_ratio,1.029
RRT*,blocked_road,18,rrt_goal_thresh,4.0,length_ratio,1.0096
RRT*,blocked_road,19,rrt_goal_thresh,4.0,length_ratio,1.0101
RRT*,blocked_road,20,rrt_goal_thresh,4.0,length_ratio,1.0148
RRT*,blocked_road,21,rrt_goal_thresh,4.0,length_ratio,1.0046
RRT*,blocked_road,22,rrt_goal_thresh,4.0,length_ratio,1.0634
RRT*,blocked_road,23,rrt_goal_thresh,4.0,length_ratio,1.0104
RRT*,blocked_road,24,rrt_goal_thresh,4.0,length_ratio,1.0237
RRT*,blocked_road,25,rrt_goal_thresh,4.0,length_ratio,1.013
RRT*,blocked_road,26,rrt_goal_thresh,4.0,length_ratio,1.0292
RRT*,blocked_road,27,rrt_goal_thresh,4.0,length_ratio,1.0291
RRT*,blocked_road,28,rrt_goal_thresh,4.0,length_ratio,0.9954
RRT*,blocked_road,29,rrt_goal_thresh,4.0,length_ratio,0.9905
RRT*,dense_city,0,rrt_goal_thresh,4.0,length_ratio,1.0322
RRT*,dense_city,1,rrt_goal_thresh,4.0,length_ratio,0.9907
RRT*,dense_city,2,rrt_goal_thresh,4.0,length_ratio,1.0617
RRT*,dense_city,3,rrt_goal_thresh,4.0,length_ratio,1.0717
RRT*,dense_city,4,rrt_goal_thresh,4.0,length_ratio,1.0334
RRT*,dense_city,5,rrt_goal_thresh,4.0,length_ratio,0.9737
RRT*,dense_city,6,rrt_goal_thresh,4.0,length_ratio,1.0407
RRT*,dense_city,7,rrt_goal_thresh,4.0,length_ratio,0.9866
RRT*,dense_city,8,rrt_goal_thresh,4.0,length_ratio,1.0465
RRT*,dense_city,9,rrt_goal_thresh,4.0,length_ratio,
RRT*,dense_city,10,rrt_goal_thresh,4.0,length_ratio,1.0652
RRT*,dense_city,11,rrt_goal_thresh,4.0,length_ratio,1.0829
RRT*,dense_city,12,rrt_goal_thresh,4.0,length_ratio,1.0415
RRT*,dense_city,13,rrt_goal_thresh,4.0,length_ratio,1.0526
RRT*,dense_city,14,rrt_goal_thresh,4.0,length_ratio,1.0216
RRT*,dense_city,15,rrt_goal_thresh,4.0,length_ratio,1.0555
RRT*,dense_city,16,rrt_goal_thresh,4.0,length_ratio,1.0179
RRT*,dense_city,17,rrt_goal_thresh,4.0,length_ratio,1.0961
RRT*,dense_city,18,rrt_goal_thresh,4.0,length_ratio,1.0321
RRT*,dense_city,19,rrt_goal_thresh,4.0,length_ratio,1.0304
RRT*,dense_city,20,rrt_goal_thresh,4.0,length_ratio,1.0065
RRT*,dense_city,21,rrt_goal_thresh,4.0,length_ratio,1.0537
RRT*,dense_city,22,rrt_goal_thresh,4.0,length_ratio,1.0702
RRT*,dense_city,23,rrt_goal_thresh,4.0,length_ratio,1.0774
RRT*,dense_city,24,rrt_goal_thresh,4.0,length_ratio,1.0782
RRT*,dense_city,25,rrt_goal_thresh,4.0,length_ratio,1.036
RRT*,dense_city,26,rrt_goal_thresh,4.0,length_ratio,1.0302
RRT*,dense_city,27,rrt_goal_thresh,4.0,length_ratio,1.0469
RRT*,dense_city,28,rrt_goal_thresh,4.0,length_ratio,1.0267
RRT*,dense_city,29,rrt_goal_thresh,4.0,length_ratio,1.0553
RRT*,normal_city,0,rrt_goal_thresh,8.0,length_ratio,1.0417
RRT*,normal_city,1,rrt_goal_thresh,8.0,length_ratio,1.052
RRT*,normal_city,2,rrt_goal_thresh,8.0,length_ratio,1.0228
RRT*,normal_city,3,rrt_goal_thresh,8.0,length_ratio,1.0743
RRT*,normal_city,4,rrt_goal_thresh,8.0,length_ratio,1.0718
RRT*,normal_city,5,rrt_goal_thresh,8.0,length_ratio,1.05
RRT*,normal_city,6,rrt_goal_thresh,8.0,length_ratio,1.0523
RRT*,normal_city,7,rrt_goal_thresh,8.0,length_ratio,1.0631
RRT*,normal_city,8,rrt_goal_thresh,8.0,length_ratio,1.0006
RRT*,normal_city,9,rrt_goal_thresh,8.0,length_ratio,0.9954
RRT*,normal_city,10,rrt_goal_thresh,8.0,length_ratio,1.0177
RRT*,normal_city,11,rrt_goal_thresh,8.0,length_ratio,1.0552
RRT*,normal_city,12,rrt_goal_thresh,8.0,length_ratio,1.005
RRT*,normal_city,13,rrt_goal_thresh,8.0,length_ratio,0.9936
RRT*,normal_city,14,rrt_goal_thresh,8.0,length_ratio,1.0448
RRT*,normal_city,15,rrt_goal_thresh,8.0,length_ratio,1.0268
RRT*,normal_city,16,rrt_goal_thresh,8.0,length_ratio,1.0819
RRT*,normal_city,17,rrt_goal_thresh,8.0,length_ratio,1.0648
RRT*,normal_city,18,rrt_goal_thresh,8.0,length_ratio,1.0436
RRT*,normal_city,19,rrt_goal_thresh,8.0,length_ratio,1.0759
RRT*,normal_city,20,rrt_goal_thresh,8.0,length_ratio,0.9861
RRT*,normal_city,21,rrt_goal_thresh,8.0,length_ratio,1.0714
RRT*,normal_city,22,rrt_goal_thresh,8.0,length_ratio,1.0263
RRT*,normal_city,23,rrt_goal_thresh,8.0,length_ratio,1.0149
RRT*,normal_city,24,rrt_goal_thresh,8.0,length_ratio,1.0292
RRT*,normal_city,25,rrt_goal_thresh,8.0,length_ratio,1.0065
RRT*,normal_city,26,rrt_goal_thresh,8.0,length_ratio,1.0852
RRT*,normal_city,27,rrt_goal_thresh,8.0,length_ratio,1.0324
RRT*,normal_city,28,rrt_goal_thresh,8.0,length_ratio,1.0377
RRT*,normal_city,29,rrt_goal_thresh,8.0,length_ratio,1.0363
RRT*,blocked_road,0,rrt_goal_thresh,8.0,length_ratio,1.0143
RRT*,blocked_road,1,rrt_goal_thresh,8.0,length_ratio,1.0521
RRT*,blocked_road,2,rrt_goal_thresh,8.0,length_ratio,1.0331
RRT*,blocked_road,3,rrt_goal_thresh,8.0,length_ratio,1.0471
RRT*,blocked_road,4,rrt_goal_thresh,8.0,length_ratio,0.9914
RRT*,blocked_road,5,rrt_goal_thresh,8.0,length_ratio,1.0523
RRT*,blocked_road,6,rrt_goal_thresh,8.0,length_ratio,1.0243
RRT*,blocked_road,7,rrt_goal_thresh,8.0,length_ratio,1.0396
RRT*,blocked_road,8,rrt_goal_thresh,8.0,length_ratio,0.9944
RRT*,blocked_road,9,rrt_goal_thresh,8.0,length_ratio,1.0181
RRT*,blocked_road,10,rrt_goal_thresh,8.0,length_ratio,1.0012
RRT*,blocked_road,11,rrt_goal_thresh,8.0,length_ratio,1.0321
RRT*,blocked_road,12,rrt_goal_thresh,8.0,length_ratio,0.9931
RRT*,blocked_road,13,rrt_goal_thresh,8.0,length_ratio,1.0078
RRT*,blocked_road,14,rrt_goal_thresh,8.0,length_ratio,1.0014
RRT*,blocked_road,15,rrt_goal_thresh,8.0,length_ratio,1.0094
RRT*,blocked_road,16,rrt_goal_thresh,8.0,length_ratio,1.0136
RRT*,blocked_road,17,rrt_goal_thresh,8.0,length_ratio,1.0255
RRT*,blocked_road,18,rrt_goal_thresh,8.0,length_ratio,1.0096
RRT*,blocked_road,19,rrt_goal_thresh,8.0,length_ratio,1.0101
RRT*,blocked_road,20,rrt_goal_thresh,8.0,length_ratio,1.0148
RRT*,blocked_road,21,rrt_goal_thresh,8.0,length_ratio,1.0055
RRT*,blocked_road,22,rrt_goal_thresh,8.0,length_ratio,1.0634
RRT*,blocked_road,23,rrt_goal_thresh,8.0,length_ratio,1.0237
RRT*,blocked_road,24,rrt_goal_thresh,8.0,length_ratio,1.0237
RRT*,blocked_road,25,rrt_goal_thresh,8.0,length_ratio,1.013
RRT*,blocked_road,26,rrt_goal_thresh,8.0,length_ratio,1.0292
RRT*,blocked_road,27,rrt_goal_thresh,8.0,length_ratio,1.0291
RRT*,blocked_road,28,rrt_goal_thresh,8.0,length_ratio,0.9954
RRT*,blocked_road,29,rrt_goal_thresh,8.0,length_ratio,0.9905
RRT*,dense_city,0,rrt_goal_thresh,8.0,length_ratio,1.0322
RRT*,dense_city,1,rrt_goal_thresh,8.0,length_ratio,0.9904
RRT*,dense_city,2,rrt_goal_thresh,8.0,length_ratio,1.0617
RRT*,dense_city,3,rrt_goal_thresh,8.0,length_ratio,1.0717
RRT*,dense_city,4,rrt_goal_thresh,8.0,length_ratio,1.0334
RRT*,dense_city,5,rrt_goal_thresh,8.0,length_ratio,0.9737
RRT*,dense_city,6,rrt_goal_thresh,8.0,length_ratio,1.0389
RRT*,dense_city,7,rrt_goal_thresh,8.0,length_ratio,0.9867
RRT*,dense_city,8,rrt_goal_thresh,8.0,length_ratio,1.0481
RRT*,dense_city,9,rrt_goal_thresh,8.0,length_ratio,
RRT*,dense_city,10,rrt_goal_thresh,8.0,length_ratio,1.0652
RRT*,dense_city,11,rrt_goal_thresh,8.0,length_ratio,1.0855
RRT*,dense_city,12,rrt_goal_thresh,8.0,length_ratio,1.0415
RRT*,dense_city,13,rrt_goal_thresh,8.0,length_ratio,1.0526
RRT*,dense_city,14,rrt_goal_thresh,8.0,length_ratio,1.0232
RRT*,dense_city,15,rrt_goal_thresh,8.0,length_ratio,1.0485
RRT*,dense_city,16,rrt_goal_thresh,8.0,length_ratio,1.0271
RRT*,dense_city,17,rrt_goal_thresh,8.0,length_ratio,1.0961
RRT*,dense_city,18,rrt_goal_thresh,8.0,length_ratio,1.0321
RRT*,dense_city,19,rrt_goal_thresh,8.0,length_ratio,1.0535
RRT*,dense_city,20,rrt_goal_thresh,8.0,length_ratio,1.0061
RRT*,dense_city,21,rrt_goal_thresh,8.0,length_ratio,1.0563
RRT*,dense_city,22,rrt_goal_thresh,8.0,length_ratio,1.0702
RRT*,dense_city,23,rrt_goal_thresh,8.0,length_ratio,1.0801
RRT*,dense_city,24,rrt_goal_thresh,8.0,length_ratio,1.0834
RRT*,dense_city,25,rrt_goal_thresh,8.0,length_ratio,1.036
RRT*,dense_city,26,rrt_goal_thresh,8.0,length_ratio,1.0333
RRT*,dense_city,27,rrt_goal_thresh,8.0,length_ratio,1.0469
RRT*,dense_city,28,rrt_goal_thresh,8.0,length_ratio,1.0302
RRT*,dense_city,29,rrt_goal_thresh,8.0,length_ratio,1.0597
RRT*,normal_city,0,rrt_goal_thresh,2.0,curvature,0.046
RRT*,normal_city,1,rrt_goal_thresh,2.0,curvature,0.0537
RRT*,normal_city,2,rrt_goal_thresh,2.0,curvature,0.0626
RRT*,normal_city,3,rrt_goal_thresh,2.0,curvature,0.0428
RRT*,normal_city,4,rrt_goal_thresh,2.0,curvature,0.0451
RRT*,normal_city,5,rrt_goal_thresh,2.0,curvature,0.0415
RRT*,normal_city,6,rrt_goal_thresh,2.0,curvature,0.0503
RRT*,normal_city,7,rrt_goal_thresh,2.0,curvature,0.0436
RRT*,normal_city,8,rrt_goal_thresh,2.0,curvature,0.0538
RRT*,normal_city,9,rrt_goal_thresh,2.0,curvature,0.056
RRT*,normal_city,10,rrt_goal_thresh,2.0,curvature,0.0445
RRT*,normal_city,11,rrt_goal_thresh,2.0,curvature,0.0494
RRT*,normal_city,12,rrt_goal_thresh,2.0,curvature,0.0709
RRT*,normal_city,13,rrt_goal_thresh,2.0,curvature,0.0624
RRT*,normal_city,14,rrt_goal_thresh,2.0,curvature,0.0477
RRT*,normal_city,15,rrt_goal_thresh,2.0,curvature,0.0362
RRT*,normal_city,16,rrt_goal_thresh,2.0,curvature,0.0405
RRT*,normal_city,17,rrt_goal_thresh,2.0,curvature,0.0563
RRT*,normal_city,18,rrt_goal_thresh,2.0,curvature,0.0471
RRT*,normal_city,19,rrt_goal_thresh,2.0,curvature,0.03
RRT*,normal_city,20,rrt_goal_thresh,2.0,curvature,0.0549
RRT*,normal_city,21,rrt_goal_thresh,2.0,curvature,0.0325
RRT*,normal_city,22,rrt_goal_thresh,2.0,curvature,0.05
RRT*,normal_city,23,rrt_goal_thresh,2.0,curvature,0.069
RRT*,normal_city,24,rrt_goal_thresh,2.0,curvature,0.0429
RRT*,normal_city,25,rrt_goal_thresh,2.0,curvature,0.0573
RRT*,normal_city,26,rrt_goal_thresh,2.0,curvature,0.0309
RRT*,normal_city,27,rrt_goal_thresh,2.0,curvature,0.0593
RRT*,normal_city,28,rrt_goal_thresh,2.0,curvature,0.0602
RRT*,normal_city,29,rrt_goal_thresh,2.0,curvature,0.0618
RRT*,blocked_road,0,rrt_goal_thresh,2.0,curvature,0.0445
RRT*,blocked_road,1,rrt_goal_thresh,2.0,curvature,0.0269
RRT*,blocked_road,2,rrt_goal_thresh,2.0,curvature,0.046
RRT*,blocked_road,3,rrt_goal_thresh,2.0,curvature,0.0206
RRT*,blocked_road,4,rrt_goal_thresh,2.0,curvature,0.0465
RRT*,blocked_road,5,rrt_goal_thresh,2.0,curvature,0.0413
RRT*,blocked_road,6,rrt_goal_thresh,2.0,curvature,0.0378
RRT*,blocked_road,7,rrt_goal_thresh,2.0,curvature,0.043
RRT*,blocked_road,8,rrt_goal_thresh,2.0,curvature,0.0415
RRT*,blocked_road,9,rrt_goal_thresh,2.0,curvature,0.0453
RRT*,blocked_road,10,rrt_goal_thresh,2.0,curvature,0.0346
RRT*,blocked_road,11,rrt_goal_thresh,2.0,curvature,0.0235
RRT*,blocked_road,12,rrt_goal_thresh,2.0,curvature,0.0438
RRT*,blocked_road,13,rrt_goal_thresh,2.0,curvature,0.0395
RRT*,blocked_road,14,rrt_goal_thresh,2.0,curvature,0.0429
RRT*,blocked_road,15,rrt_goal_thresh,2.0,curvature,0.0323
RRT*,blocked_road,16,rrt_goal_thresh,2.0,curvature,0.0484
RRT*,blocked_road,17,rrt_goal_thresh,2.0,curvature,0.0462
RRT*,blocked_road,18,rrt_goal_thresh,2.0,curvature,0.0346
RRT*,blocked_road,19,rrt_goal_thresh,2.0,curvature,0.0261
RRT*,blocked_road,20,rrt_goal_thresh,2.0,curvature,0.0486
RRT*,blocked_road,21,rrt_goal_thresh,2.0,curvature,0.0413
RRT*,blocked_road,22,rrt_goal_thresh,2.0,curvature,0.0262
RRT*,blocked_road,23,rrt_goal_thresh,2.0,curvature,0.057
RRT*,blocked_road,24,rrt_goal_thresh,2.0,curvature,0.0439
RRT*,blocked_road,25,rrt_goal_thresh,2.0,curvature,0.0319
RRT*,blocked_road,26,rrt_goal_thresh,2.0,curvature,0.0197
RRT*,blocked_road,27,rrt_goal_thresh,2.0,curvature,0.0378
RRT*,blocked_road,28,rrt_goal_thresh,2.0,curvature,0.0503
RRT*,blocked_road,29,rrt_goal_thresh,2.0,curvature,0.039
RRT*,dense_city,0,rrt_goal_thresh,2.0,curvature,0.0506
RRT*,dense_city,1,rrt_goal_thresh,2.0,curvature,0.0623
RRT*,dense_city,2,rrt_goal_thresh,2.0,curvature,0.0503
RRT*,dense_city,3,rrt_goal_thresh,2.0,curvature,0.0458
RRT*,dense_city,4,rrt_goal_thresh,2.0,curvature,0.0594
RRT*,dense_city,5,rrt_goal_thresh,2.0,curvature,0.0839
RRT*,dense_city,6,rrt_goal_thresh,2.0,curvature,0.045
RRT*,dense_city,7,rrt_goal_thresh,2.0,curvature,0.0622
RRT*,dense_city,8,rrt_goal_thresh,2.0,curvature,0.0737
RRT*,dense_city,9,rrt_goal_thresh,2.0,curvature,
RRT*,dense_city,10,rrt_goal_thresh,2.0,curvature,0.0653
RRT*,dense_city,11,rrt_goal_thresh,2.0,curvature,0.0956
RRT*,dense_city,12,rrt_goal_thresh,2.0,curvature,0.0873
RRT*,dense_city,13,rrt_goal_thresh,2.0,curvature,0.0401
RRT*,dense_city,14,rrt_goal_thresh,2.0,curvature,0.0866
RRT*,dense_city,15,rrt_goal_thresh,2.0,curvature,0.0502
RRT*,dense_city,16,rrt_goal_thresh,2.0,curvature,0.0742
RRT*,dense_city,17,rrt_goal_thresh,2.0,curvature,0.0271
RRT*,dense_city,18,rrt_goal_thresh,2.0,curvature,0.0531
RRT*,dense_city,19,rrt_goal_thresh,2.0,curvature,0.0515
RRT*,dense_city,20,rrt_goal_thresh,2.0,curvature,0.0783
RRT*,dense_city,21,rrt_goal_thresh,2.0,curvature,0.0416
RRT*,dense_city,22,rrt_goal_thresh,2.0,curvature,0.0353
RRT*,dense_city,23,rrt_goal_thresh,2.0,curvature,0.05
RRT*,dense_city,24,rrt_goal_thresh,2.0,curvature,0.0317
RRT*,dense_city,25,rrt_goal_thresh,2.0,curvature,0.055
RRT*,dense_city,26,rrt_goal_thresh,2.0,curvature,0.0414
RRT*,dense_city,27,rrt_goal_thresh,2.0,curvature,0.0436
RRT*,dense_city,28,rrt_goal_thresh,2.0,curvature,0.065
RRT*,dense_city,29,rrt_goal_thresh,2.0,curvature,0.0681
RRT*,normal_city,0,rrt_goal_thresh,4.0,curvature,0.046
RRT*,normal_city,1,rrt_goal_thresh,4.0,curvature,0.0537
RRT*,normal_city,2,rrt_goal_thresh,4.0,curvature,0.0626
RRT*,normal_city,3,rrt_goal_thresh,4.0,curvature,0.0428
RRT*,normal_city,4,rrt_goal_thresh,4.0,curvature,0.0451
RRT*,normal_city,5,rrt_goal_thresh,4.0,curvature,0.0415
RRT*,normal_city,6,rrt_goal_thresh,4.0,curvature,0.0477
RRT*,normal_city,7,rrt_goal_thresh,4.0,curvature,0.0436
RRT*,normal_city,8,rrt_goal_thresh,4.0,curvature,0.0538
RRT*,normal_city,9,rrt_goal_thresh,4.0,curvature,0.056
RRT*,normal_city,10,rrt_goal_thresh,4.0,curvature,0.0445
RRT*,normal_city,11,rrt_goal_thresh,4.0,curvature,0.0494
RRT*,normal_city,12,rrt_goal_thresh,4.0,curvature,0.0724
RRT*,normal_city,13,rrt_goal_thresh,4.0,curvature,0.0624
RRT*,normal_city,14,rrt_goal_thresh,4.0,curvature,0.0477
RRT*,normal_city,15,rrt_goal_thresh,4.0,curvature,0.0362
RRT*,normal_city,16,rrt_goal_thresh,4.0,curvature,0.0405
RRT*,normal_city,17,rrt_goal_thresh,4.0,curvature,0.0563
RRT*,normal_city,18,rrt_goal_thresh,4.0,curvature,0.0471
RRT*,normal_city,19,rrt_goal_thresh,4.0,curvature,0.03
RRT*,normal_city,20,rrt_goal_thresh,4.0,curvature,0.0549
RRT*,normal_city,21,rrt_goal_thresh,4.0,curvature,0.0325
RRT*,normal_city,22,rrt_goal_thresh,4.0,curvature,0.0543
RRT*,normal_city,23,rrt_goal_thresh,4.0,curvature,0.0714
RRT*,normal_city,24,rrt_goal_thresh,4.0,curvature,0.0429
RRT*,normal_city,25,rrt_goal_thresh,4.0,curvature,0.0573
RRT*,normal_city,26,rrt_goal_thresh,4.0,curvature,0.0309
RRT*,normal_city,27,rrt_goal_thresh,4.0,curvature,0.0631
RRT*,normal_city,28,rrt_goal_thresh,4.0,curvature,0.0602
RRT*,normal_city,29,rrt_goal_thresh,4.0,curvature,0.0618
RRT*,blocked_road,0,rrt_goal_thresh,4.0,curvature,0.0481
RRT*,blocked_road,1,rrt_goal_thresh,4.0,curvature,0.0269
RRT*,blocked_road,2,rrt_goal_thresh,4.0,curvature,0.046
RRT*,blocked_road,3,rrt_goal_thresh,4.0,curvature,0.0206
RRT*,blocked_road,4,rrt_goal_thresh,4.0,curvature,0.0484
RRT*,blocked_road,5,rrt_goal_thresh,4.0,curvature,0.0413
RRT*,blocked_road,6,rrt_goal_thresh,4.0,curvature,0.0378
RRT*,blocked_road,7,rrt_goal_thresh,4.0,curvature,0.0504
RRT*,blocked_road,8,rrt_goal_thresh,4.0,curvature,0.0415
RRT*,blocked_road,9,rrt_goal_thresh,4.0,curvature,0.0453
RRT*,blocked_road,10,rrt_goal_thresh,4.0,curvature,0.0346
RRT*,blocked_road,11,rrt_goal_thresh,4.0,curvature,0.0235
RRT*,blocked_road,12,rrt_goal_thresh,4.0,curvature,0.0438
RRT*,blocked_road,13,rrt_goal_thresh,4.0,curvature,0.0395
RRT*,blocked_road,14,rrt_goal_thresh,4.0,curvature,0.0429
RRT*,blocked_road,15,rrt_goal_thresh,4.0,curvature,0.0323
RRT*,blocked_road,16,rrt_goal_thresh,4.0,curvature,0.0498
RRT*,blocked_road,17,rrt_goal_thresh,4.0,curvature,0.0462
RRT*,blocked_road,18,rrt_goal_thresh,4.0,curvature,0.0346
RRT*,blocked_road,19,rrt_goal_thresh,4.0,curvature,0.0261
RRT*,blocked_road,20,rrt_goal_thresh,4.0,curvature,0.0486
RRT*,blocked_road,21,rrt_goal_thresh,4.0,curvature,0.0431
RRT*,blocked_road,22,rrt_goal_thresh,4.0,curvature,0.0262
RRT*,blocked_road,23,rrt_goal_thresh,4.0,curvature,0.057
RRT*,blocked_road,24,rrt_goal_thresh,4.0,curvature,0.0439
RRT*,blocked_road,25,rrt_goal_thresh,4.0,curvature,0.0319
RRT*,blocked_road,26,rrt_goal_thresh,4.0,curvature,0.0197
RRT*,blocked_road,27,rrt_goal_thresh,4.0,curvature,0.0378
RRT*,blocked_road,28,rrt_goal_thresh,4.0,curvature,0.0503
RRT*,blocked_road,29,rrt_goal_thresh,4.0,curvature,0.039
RRT*,dense_city,0,rrt_goal_thresh,4.0,curvature,0.0506
RRT*,dense_city,1,rrt_goal_thresh,4.0,curvature,0.0635
RRT*,dense_city,2,rrt_goal_thresh,4.0,curvature,0.0503
RRT*,dense_city,3,rrt_goal_thresh,4.0,curvature,0.0458
RRT*,dense_city,4,rrt_goal_thresh,4.0,curvature,0.0594
RRT*,dense_city,5,rrt_goal_thresh,4.0,curvature,0.0839
RRT*,dense_city,6,rrt_goal_thresh,4.0,curvature,0.0472
RRT*,dense_city,7,rrt_goal_thresh,4.0,curvature,0.0622
RRT*,dense_city,8,rrt_goal_thresh,4.0,curvature,0.0728
RRT*,dense_city,9,rrt_goal_thresh,4.0,curvature,
RRT*,dense_city,10,rrt_goal_thresh,4.0,curvature,0.0653
RRT*,dense_city,11,rrt_goal_thresh,4.0,curvature,0.097
RRT*,dense_city,12,rrt_goal_thresh,4.0,curvature,0.0873
RRT*,dense_city,13,rrt_goal_thresh,4.0,curvature,0.0401
RRT*,dense_city,14,rrt_goal_thresh,4.0,curvature,0.0866
RRT*,dense_city,15,rrt_goal_thresh,4.0,curvature,0.0555
RRT*,dense_city,16,rrt_goal_thresh,4.0,curvature,0.0791
RRT*,dense_city,17,rrt_goal_thresh,4.0,curvature,0.0271
RRT*,dense_city,18,rrt_goal_thresh,4.0,curvature,0.0531
RRT*,dense_city,19,rrt_goal_thresh,4.0,curvature,0.0515
RRT*,dense_city,20,rrt_goal_thresh,4.0,curvature,0.0783
RRT*,dense_city,21,rrt_goal_thresh,4.0,curvature,0.0442
RRT*,dense_city,22,rrt_goal_thresh,4.0,curvature,0.0353
RRT*,dense_city,23,rrt_goal_thresh,4.0,curvature,0.05
RRT*,dense_city,24,rrt_goal_thresh,4.0,curvature,0.0341
RRT*,dense_city,25,rrt_goal_thresh,4.0,curvature,0.055
RRT*,dense_city,26,rrt_goal_thresh,4.0,curvature,0.0448
RRT*,dense_city,27,rrt_goal_thresh,4.0,curvature,0.0436
RRT*,dense_city,28,rrt_goal_thresh,4.0,curvature,0.065
RRT*,dense_city,29,rrt_goal_thresh,4.0,curvature,0.0681
RRT*,normal_city,0,rrt_goal_thresh,8.0,curvature,0.046
RRT*,normal_city,1,rrt_goal_thresh,8.0,curvature,0.0517
RRT*,normal_city,2,rrt_goal_thresh,8.0,curvature,0.0543
RRT*,normal_city,3,rrt_goal_thresh,8.0,curvature,0.0428
RRT*,normal_city,4,rrt_goal_thresh,8.0,curvature,0.0451
RRT*,normal_city,5,rrt_goal_thresh,8.0,curvature,0.0415
RRT*,normal_city,6,rrt_goal_thresh,8.0,curvature,0.0477
RRT*,normal_city,7,rrt_goal_thresh,8.0,curvature,0.0403
RRT*,normal_city,8,rrt_goal_thresh,8.0,curvature,0.0538
RRT*,normal_city,9,rrt_goal_thresh,8.0,curvature,0.056
RRT*,normal_city,10,rrt_goal_thresh,8.0,curvature,0.0445
RRT*,normal_city,11,rrt_goal_thresh,8.0,curvature,0.0494
RRT*,normal_city,12,rrt_goal_thresh,8.0,curvature,0.0724
RRT*,normal_city,13,rrt_goal_thresh,8.0,curvature,0.0624
RRT*,normal_city,14,rrt_goal_thresh,8.0,curvature,0.0477
RRT*,normal_city,15,rrt_goal_thresh,8.0,curvature,0.0361
RRT*,normal_city,16,rrt_goal_thresh,8.0,curvature,0.0405
RRT*,normal_city,17,rrt_goal_thresh,8.0,curvature,0.0563
RRT*,normal_city,18,rrt_goal_thresh,8.0,curvature,0.0471
RRT*,normal_city,19,rrt_goal_thresh,8.0,curvature,0.0329
RRT*,normal_city,20,rrt_goal_thresh,8.0,curvature,0.0511
RRT*,normal_city,21,rrt_goal_thresh,8.0,curvature,0.0325
RRT*,normal_city,22,rrt_goal_thresh,8.0,curvature,0.0543
RRT*,normal_city,23,rrt_goal_thresh,8.0,curvature,0.0709
RRT*,normal_city,24,rrt_goal_thresh,8.0,curvature,0.0429
RRT*,normal_city,25,rrt_goal_thresh,8.0,curvature,0.0573
RRT*,normal_city,26,rrt_goal_thresh,8.0,curvature,0.0309
RRT*,normal_city,27,rrt_goal_thresh,8.0,curvature,0.0535
RRT*,normal_city,28,rrt_goal_thresh,8.0,curvature,0.0592
RRT*,normal_city,29,rrt_goal_thresh,8.0,curvature,0.0617
RRT*,blocked_road,0,rrt_goal_thresh,8.0,curvature,0.0445
RRT*,blocked_road,1,rrt_goal_thresh,8.0,curvature,0.0269
RRT*,blocked_road,2,rrt_goal_thresh,8.0,curvature,0.046
RRT*,blocked_road,3,rrt_goal_thresh,8.0,curvature,0.0206
RRT*,blocked_road,4,rrt_goal_thresh,8.0,curvature,0.0484
RRT*,blocked_road,5,rrt_goal_thresh,8.0,curvature,0.0413
RRT*,blocked_road,6,rrt_goal_thresh,8.0,curvature,0.0426
RRT*,blocked_road,7,rrt_goal_thresh,8.0,curvature,0.043
RRT*,blocked_road,8,rrt_goal_thresh,8.0,curvature,0.0415
RRT*,blocked_road,9,rrt_goal_thresh,8.0,curvature,0.0452
RRT*,blocked_road,10,rrt_goal_thresh,8.0,curvature,0.0346
RRT*,blocked_road,11,rrt_goal_thresh,8.0,curvature,0.0235
RRT*,blocked_road,12,rrt_goal_thresh,8.0,curvature,0.0438
RRT*,blocked_road,13,rrt_goal_thresh,8.0,curvature,0.0393
RRT*,blocked_road,14,rrt_goal_thresh,8.0,curvature,0.0417
RRT*,blocked_road,15,rrt_goal_thresh,8.0,curvature,0.0323
RRT*,blocked_road,16,rrt_goal_thresh,8.0,curvature,0.0515
RRT*,blocked_road,17,rrt_goal_thresh,8.0,curvature,0.0436
RRT*,blocked_road,18,rrt_goal_thresh,8.0,curvature,0.0346
RRT*,blocked_road,19,rrt_goal_thresh,8.0,curvature,0.0261
RRT*,blocked_road,20,rrt_goal_thresh,8.0,curvature,0.0486
RRT*,blocked_road,21,rrt_goal_thresh,8.0,curvature,0.0445
RRT*,blocked_road,22,rrt_goal_thresh,8.0,curvature,0.0262
RRT*,blocked_road,23,rrt_goal_thresh,8.0,curvature,0.0618
RRT*,blocked_road,24,rrt_goal_thresh,8.0,curvature,0.0439
RRT*,blocked_road,25,rrt_goal_thresh,8.0,curvature,0.0319
RRT*,blocked_road,26,rrt_goal_thresh,8.0,curvature,0.0197
RRT*,blocked_road,27,rrt_goal_thresh,8.0,curvature,0.0378
RRT*,blocked_road,28,rrt_goal_thresh,8.0,curvature,0.0503
RRT*,blocked_road,29,rrt_goal_thresh,8.0,curvature,0.039
RRT*,dense_city,0,rrt_goal_thresh,8.0,curvature,0.0506
RRT*,dense_city,1,rrt_goal_thresh,8.0,curvature,0.0623
RRT*,dense_city,2,rrt_goal_thresh,8.0,curvature,0.0503
RRT*,dense_city,3,rrt_goal_thresh,8.0,curvature,0.0458
RRT*,dense_city,4,rrt_goal_thresh,8.0,curvature,0.0594
RRT*,dense_city,5,rrt_goal_thresh,8.0,curvature,0.0839
RRT*,dense_city,6,rrt_goal_thresh,8.0,curvature,0.045
RRT*,dense_city,7,rrt_goal_thresh,8.0,curvature,0.0622
RRT*,dense_city,8,rrt_goal_thresh,8.0,curvature,0.075
RRT*,dense_city,9,rrt_goal_thresh,8.0,curvature,
RRT*,dense_city,10,rrt_goal_thresh,8.0,curvature,0.0653
RRT*,dense_city,11,rrt_goal_thresh,8.0,curvature,0.0968
RRT*,dense_city,12,rrt_goal_thresh,8.0,curvature,0.0873
RRT*,dense_city,13,rrt_goal_thresh,8.0,curvature,0.0401
RRT*,dense_city,14,rrt_goal_thresh,8.0,curvature,0.0864
RRT*,dense_city,15,rrt_goal_thresh,8.0,curvature,0.0505
RRT*,dense_city,16,rrt_goal_thresh,8.0,curvature,0.0791
RRT*,dense_city,17,rrt_goal_thresh,8.0,curvature,0.0271
RRT*,dense_city,18,rrt_goal_thresh,8.0,curvature,0.0531
RRT*,dense_city,19,rrt_goal_thresh,8.0,curvature,0.0527
RRT*,dense_city,20,rrt_goal_thresh,8.0,curvature,0.0765
RRT*,dense_city,21,rrt_goal_thresh,8.0,curvature,0.0464
RRT*,dense_city,22,rrt_goal_thresh,8.0,curvature,0.0353
RRT*,dense_city,23,rrt_goal_thresh,8.0,curvature,0.0499
RRT*,dense_city,24,rrt_goal_thresh,8.0,curvature,0.0339
RRT*,dense_city,25,rrt_goal_thresh,8.0,curvature,0.055
RRT*,dense_city,26,rrt_goal_thresh,8.0,curvature,0.0465
RRT*,dense_city,27,rrt_goal_thresh,8.0,curvature,0.0436
RRT*,dense_city,28,rrt_goal_thresh,8.0,curvature,0.0648
RRT*,dense_city,29,rrt_goal_thresh,8.0,curvature,0.0688
RRT*,normal_city,0,rrt_goal_thresh,2.0,max_curvature,1.5556
RRT*,normal_city,1,rrt_goal_thresh,2.0,max_curvature,1.0368
RRT*,normal_city,2,rrt_goal_thresh,2.0,max_curvature,1.2002
RRT*,normal_city,3,rrt_goal_thresh,2.0,max_curvature,1.3413
RRT*,normal_city,4,rrt_goal_thresh,2.0,max_curvature,1.4386
RRT*,normal_city,5,rrt_goal_thresh,2.0,max_curvature,1.3036
RRT*,normal_city,6,rrt_goal_thresh,2.0,max_curvature,1.1136
RRT*,normal_city,7,rrt_goal_thresh,2.0,max_curvature,1.3449
RRT*,normal_city,8,rrt_goal_thresh,2.0,max_curvature,1.0592
RRT*,normal_city,9,rrt_goal_thresh,2.0,max_curvature,1.225
RRT*,normal_city,10,rrt_goal_thresh,2.0,max_curvature,1.1395
RRT*,normal_city,11,rrt_goal_thresh,2.0,max_curvature,1.0871
RRT*,normal_city,12,rrt_goal_thresh,2.0,max_curvature,1.0946
RRT*,normal_city,13,rrt_goal_thresh,2.0,max_curvature,1.0988
RRT*,normal_city,14,rrt_goal_thresh,2.0,max_curvature,1.1432
RRT*,normal_city,15,rrt_goal_thresh,2.0,max_curvature,0.9736
RRT*,normal_city,16,rrt_goal_thresh,2.0,max_curvature,1.55
RRT*,normal_city,17,rrt_goal_thresh,2.0,max_curvature,1.2499
RRT*,normal_city,18,rrt_goal_thresh,2.0,max_curvature,1.2704
RRT*,normal_city,19,rrt_goal_thresh,2.0,max_curvature,0.7674
RRT*,normal_city,20,rrt_goal_thresh,2.0,max_curvature,1.1361
RRT*,normal_city,21,rrt_goal_thresh,2.0,max_curvature,0.9829
RRT*,normal_city,22,rrt_goal_thresh,2.0,max_curvature,1.3081
RRT*,normal_city,23,rrt_goal_thresh,2.0,max_curvature,1.1293
RRT*,normal_city,24,rrt_goal_thresh,2.0,max_curvature,1.3193
RRT*,normal_city,25,rrt_goal_thresh,2.0,max_curvature,1.3907
RRT*,normal_city,26,rrt_goal_thresh,2.0,max_curvature,0.9537
RRT*,normal_city,27,rrt_goal_thresh,2.0,max_curvature,1.2172
RRT*,normal_city,28,rrt_goal_thresh,2.0,max_curvature,1.334
RRT*,normal_city,29,rrt_goal_thresh,2.0,max_curvature,1.3403
RRT*,blocked_road,0,rrt_goal_thresh,2.0,max_curvature,1.0973
RRT*,blocked_road,1,rrt_goal_thresh,2.0,max_curvature,1.24
RRT*,blocked_road,2,rrt_goal_thresh,2.0,max_curvature,1.0655
RRT*,blocked_road,3,rrt_goal_thresh,2.0,max_curvature,1.1135
RRT*,blocked_road,4,rrt_goal_thresh,2.0,max_curvature,1.1851
RRT*,blocked_road,5,rrt_goal_thresh,2.0,max_curvature,1.5193
RRT*,blocked_road,6,rrt_goal_thresh,2.0,max_curvature,1.0972
RRT*,blocked_road,7,rrt_goal_thresh,2.0,max_curvature,1.0727
RRT*,blocked_road,8,rrt_goal_thresh,2.0,max_curvature,0.7466
RRT*,blocked_road,9,rrt_goal_thresh,2.0,max_curvature,0.9788
RRT*,blocked_road,10,rrt_goal_thresh,2.0,max_curvature,1.1502
RRT*,blocked_road,11,rrt_goal_thresh,2.0,max_curvature,0.918
RRT*,blocked_road,12,rrt_goal_thresh,2.0,max_curvature,1.3032
RRT*,blocked_road,13,rrt_goal_thresh,2.0,max_curvature,0.8644
RRT*,blocked_road,14,rrt_goal_thresh,2.0,max_curvature,1.1488
RRT*,blocked_road,15,rrt_goal_thresh,2.0,max_curvature,1.1316
RRT*,blocked_road,16,rrt_goal_thresh,2.0,max_curvature,1.1503
RRT*,blocked_road,17,rrt_goal_thresh,2.0,max_curvature,1.2083
RRT*,blocked_road,18,rrt_goal_thresh,2.0,max_curvature,1.1583
RRT*,blocked_road,19,rrt_goal_thresh,2.0,max_curvature,1.3125
RRT*,blocked_road,20,rrt_goal_thresh,2.0,max_curvature,1.111
RRT*,blocked_road,21,rrt_goal_thresh,2.0,max_curvature,1.0864
RRT*,blocked_road,22,rrt_goal_thresh,2.0,max_curvature,1.1742
RRT*,blocked_road,23,rrt_goal_thresh,2.0,max_curvature,1.548
RRT*,blocked_road,24,rrt_goal_thresh,2.0,max_curvature,0.9365
RRT*,blocked_road,25,rrt_goal_thresh,2.0,max_curvature,0.8765
RRT*,blocked_road,26,rrt_goal_thresh,2.0,max_curvature,0.9789
RRT*,blocked_road,27,rrt_goal_thresh,2.0,max_curvature,1.3844
RRT*,blocked_road,28,rrt_goal_thresh,2.0,max_curvature,1.4274
RRT*,blocked_road,29,rrt_goal_thresh,2.0,max_curvature,1.0875
RRT*,dense_city,0,rrt_goal_thresh,2.0,max_curvature,1.3509
RRT*,dense_city,1,rrt_goal_thresh,2.0,max_curvature,1.285
RRT*,dense_city,2,rrt_goal_thresh,2.0,max_curvature,1.2663
RRT*,dense_city,3,rrt_goal_thresh,2.0,max_curvature,1.1565
RRT*,dense_city,4,rrt_goal_thresh,2.0,max_curvature,1.2661
RRT*,dense_city,5,rrt_goal_thresh,2.0,max_curvature,1.0535
RRT*,dense_city,6,rrt_goal_thresh,2.0,max_curvature,1.0472
RRT*,dense_city,7,rrt_goal_thresh,2.0,max_curvature,1.2396
RRT*,dense_city,8,rrt_goal_thresh,2.0,max_curvature,1.8851
RRT*,dense_city,9,rrt_goal_thresh,2.0,max_curvature,
RRT*,dense_city,10,rrt_goal_thresh,2.0,max_curvature,1.3715
RRT*,dense_city,11,rrt_goal_thresh,2.0,max_curvature,2.0394
RRT*,dense_city,12,rrt_goal_thresh,2.0,max_curvature,2.3965
RRT*,dense_city,13,rrt_goal_thresh,2.0,max_curvature,1.2101
RRT*,dense_city,14,rrt_goal_thresh,2.0,max_curvature,1.4535
RRT*,dense_city,15,rrt_goal_thresh,2.0,max_curvature,1.8614
RRT*,dense_city,16,rrt_goal_thresh,2.0,max_curvature,1.2701
RRT*,dense_city,17,rrt_goal_thresh,2.0,max_curvature,1.5114
RRT*,dense_city,18,rrt_goal_thresh,2.0,max_curvature,1.0916
RRT*,dense_city,19,rrt_goal_thresh,2.0,max_curvature,1.281
RRT*,dense_city,20,rrt_goal_thresh,2.0,max_curvature,1.134
RRT*,dense_city,21,rrt_goal_thresh,2.0,max_curvature,1.2712
RRT*,dense_city,22,rrt_goal_thresh,2.0,max_curvature,0.944
RRT*,dense_city,23,rrt_goal_thresh,2.0,max_curvature,1.3378
RRT*,dense_city,24,rrt_goal_thresh,2.0,max_curvature,0.7595
RRT*,dense_city,25,rrt_goal_thresh,2.0,max_curvature,1.2405
RRT*,dense_city,26,rrt_goal_thresh,2.0,max_curvature,1.3302
RRT*,dense_city,27,rrt_goal_thresh,2.0,max_curvature,1.3099
RRT*,dense_city,28,rrt_goal_thresh,2.0,max_curvature,1.1556
RRT*,dense_city,29,rrt_goal_thresh,2.0,max_curvature,2.0435
RRT*,normal_city,0,rrt_goal_thresh,4.0,max_curvature,1.5556
RRT*,normal_city,1,rrt_goal_thresh,4.0,max_curvature,1.0368
RRT*,normal_city,2,rrt_goal_thresh,4.0,max_curvature,1.2002
RRT*,normal_city,3,rrt_goal_thresh,4.0,max_curvature,1.3413
RRT*,normal_city,4,rrt_goal_thresh,4.0,max_curvature,1.4386
RRT*,normal_city,5,rrt_goal_thresh,4.0,max_curvature,1.3036
RRT*,normal_city,6,rrt_goal_thresh,4.0,max_curvature,1.2022
RRT*,normal_city,7,rrt_goal_thresh,4.0,max_curvature,1.3449
RRT*,normal_city,8,rrt_goal_thresh,4.0,max_curvature,1.0592
RRT*,normal_city,9,rrt_goal_thresh,4.0,max_curvature,1.225
RRT*,normal_city,10,rrt_goal_thresh,4.0,max_curvature,1.1395
RRT*,normal_city,11,rrt_goal_thresh,4.0,max_curvature,1.0871
RRT*,normal_city,12,rrt_goal_thresh,4.0,max_curvature,1.1701
RRT*,normal_city,13,rrt_goal_thresh,4.0,max_curvature,1.0988
RRT*,normal_city,14,rrt_goal_thresh,4.0,max_curvature,1.1765
RRT*,normal_city,15,rrt_goal_thresh,4.0,max_curvature,0.9736
RRT*,normal_city,16,rrt_goal_thresh,4.0,max_curvature,1.55
RRT*,normal_city,17,rrt_goal_thresh,4.0,max_curvature,1.2499
RRT*,normal_city,18,rrt_goal_thresh,4.0,max_curvature,1.2704
RRT*,normal_city,19,rrt_goal_thresh,4.0,max_curvature,0.7674
RRT*,normal_city,20,rrt_goal_thresh,4.0,max_curvature,1.1361
RRT*,normal_city,21,rrt_goal_thresh,4.0,max_curvature,0.9829
RRT*,normal_city,22,rrt_goal_thresh,4.0,max_curvature,1.1498
RRT*,normal_city,23,rrt_goal_thresh,4.0,max_curvature,1.0945
RRT*,normal_city,24,rrt_goal_thresh,4.0,max_curvature,1.3193
RRT*,normal_city,25,rrt_goal_thresh,4.0,max_curvature,1.3907
RRT*,normal_city,26,rrt_goal_thresh,4.0,max_curvature,0.9537
RRT*,normal_city,27,rrt_goal_thresh,4.0,max_curvature,1.3493
RRT*,normal_city,28,rrt_goal_thresh,4.0,max_curvature,1.334
RRT*,normal_city,29,rrt_goal_thresh,4.0,max_curvature,1.3403
RRT*,blocked_road,0,rrt_goal_thresh,4.0,max_curvature,0.9886
RRT*,blocked_road,1,rrt_goal_thresh,4.0,max_curvature,1.24
RRT*,blocked_road,2,rrt_goal_thresh,4.0,max_curvature,1.0655
RRT*,blocked_road,3,rrt_goal_thresh,4.0,max_curvature,1.1135
RRT*,blocked_road,4,rrt_goal_thresh,4.0,max_curvature,1.3246
RRT*,blocked_road,5,rrt_goal_thresh,4.0,max_curvature,1.5193
RRT*,blocked_road,6,rrt_goal_thresh,4.0,max_curvature,1.0972
RRT*,blocked_road,7,rrt_goal_thresh,4.0,max_curvature,1.1505
RRT*,blocked_road,8,rrt_goal_thresh,4.0,max_curvature,0.7466
RRT*,blocked_road,9,rrt_goal_thresh,4.0,max_curvature,0.9788
RRT*,blocked_road,10,rrt_goal_thresh,4.0,max_curvature,1.1502
RRT*,blocked_road,11,rrt_goal_thresh,4.0,max_curvature,0.918
RRT*,blocked_road,12,rrt_goal_thresh,4.0,max_curvature,1.3032
RRT*,blocked_road,13,rrt_goal_thresh,4.0,max_curvature,0.8644
RRT*,blocked_road,14,rrt_goal_thresh,4.0,max_curvature,1.1488
RRT*,blocked_road,15,rrt_goal_thresh,4.0,max_curvature,1.1316
RRT*,blocked_road,16,rrt_goal_thresh,4.0,max_curvature,1.1579
RRT*,blocked_road,17,rrt_goal_thresh,4.0,max_curvature,1.2083
RRT*,blocked_road,18,rrt_goal_thresh,4.0,max_curvature,1.1583
RRT*,blocked_road,19,rrt_goal_thresh,4.0,max_curvature,1.3125
RRT*,blocked_road,20,rrt_goal_thresh,4.0,max_curvature,1.111
RRT*,blocked_road,21,rrt_goal_thresh,4.0,max_curvature,1.0843
RRT*,blocked_road,22,rrt_goal_thresh,4.0,max_curvature,1.1742
RRT*,blocked_road,23,rrt_goal_thresh,4.0,max_curvature,1.548
RRT*,blocked_road,24,rrt_goal_thresh,4.0,max_curvature,0.9365
RRT*,blocked_road,25,rrt_goal_thresh,4.0,max_curvature,0.8765
RRT*,blocked_road,26,rrt_goal_thresh,4.0,max_curvature,0.9789
RRT*,blocked_road,27,rrt_goal_thresh,4.0,max_curvature,1.3844
RRT*,blocked_road,28,rrt_goal_thresh,4.0,max_curvature,1.4274
RRT*,blocked_road,29,rrt_goal_thresh,4.0,max_curvature,1.0875
RRT*,dense_city,0,rrt_goal_thresh,4.0,max_curvature,1.3509
RRT*,dense_city,1,rrt_goal_thresh,4.0,max_curvature,1.287
RRT*,dense_city,2,rrt_goal_thresh,4.0,max_curvature,1.2663
RRT*,dense_city,3,rrt_goal_thresh,4.0,max_curvature,1.1565
RRT*,dense_city,4,rrt_goal_thresh,4.0,max_curvature,1.2661
RRT*,dense_city,5,rrt_goal_thresh,4.0,max_curvature,1.0535
RRT*,dense_city,6,rrt_goal_thresh,4.0,max_curvature,1.1544
RRT*,dense_city,7,rrt_goal_thresh,4.0,max_curvature,1.2396
RRT*,dense_city,8,rrt_goal_thresh,4.0,max_curvature,1.5101
RRT*,dense_city,9,rrt_goal_thresh,4.0,max_curvature,
RRT*,dense_city,10,rrt_goal_thresh,4.0,max_curvature,1.3715
RRT*,dense_city,11,rrt_goal_thresh,4.0,max_curvature,1.4791
RRT*,dense_city,12,rrt_goal_thresh,4.0,max_curvature,2.3965
RRT*,dense_city,13,rrt_goal_thresh,4.0,max_curvature,1.2101
RRT*,dense_city,14,rrt_goal_thresh,4.0,max_curvature,1.4535
RRT*,dense_city,15,rrt_goal_thresh,4.0,max_curvature,1.5745
RRT*,dense_city,16,rrt_goal_thresh,4.0,max_curvature,1.0028
RRT*,dense_city,17,rrt_goal_thresh,4.0,max_curvature,1.5114
RRT*,dense_city,18,rrt_goal_thresh,4.0,max_curvature,1.0916
RRT*,dense_city,19,rrt_goal_thresh,4.0,max_curvature,1.281
RRT*,dense_city,20,rrt_goal_thresh,4.0,max_curvature,1.134
RRT*,dense_city,21,rrt_goal_thresh,4.0,max_curvature,1.2357
RRT*,dense_city,22,rrt_goal_thresh,4.0,max_curvature,0.944
RRT*,dense_city,23,rrt_goal_thresh,4.0,max_curvature,1.3378
RRT*,dense_city,24,rrt_goal_thresh,4.0,max_curvature,0.6607
RRT*,dense_city,25,rrt_goal_thresh,4.0,max_curvature,1.2405
RRT*,dense_city,26,rrt_goal_thresh,4.0,max_curvature,1.341
RRT*,dense_city,27,rrt_goal_thresh,4.0,max_curvature,1.3099
RRT*,dense_city,28,rrt_goal_thresh,4.0,max_curvature,1.1556
RRT*,dense_city,29,rrt_goal_thresh,4.0,max_curvature,2.0435
RRT*,normal_city,0,rrt_goal_thresh,8.0,max_curvature,1.5556
RRT*,normal_city,1,rrt_goal_thresh,8.0,max_curvature,0.9799
RRT*,normal_city,2,rrt_goal_thresh,8.0,max_curvature,1.1593
RRT*,normal_city,3,rrt_goal_thresh,8.0,max_curvature,1.3413
RRT*,normal_city,4,rrt_goal_thresh,8.0,max_curvature,1.4386
RRT*,normal_city,5,rrt_goal_thresh,8.0,max_curvature,1.3036
RRT*,normal_city,6,rrt_goal_thresh,8.0,max_curvature,1.2022
RRT*,normal_city,7,rrt_goal_thresh,8.0,max_curvature,1.3434
RRT*,normal_city,8,rrt_goal_thresh,8.0,max_curvature,1.0592
RRT*,normal_city,9,rrt_goal_thresh,8.0,max_curvature,1.225
RRT*,normal_city,10,rrt_goal_thresh,8.0,max_curvature,1.1395
RRT*,normal_city,11,rrt_goal_thresh,8.0,max_curvature,1.0871
RRT*,normal_city,12,rrt_goal_thresh,8.0,max_curvature,1.1701
RRT*,normal_city,13,rrt_goal_thresh,8.0,max_curvature,1.0988
RRT*,normal_city,14,rrt_goal_thresh,8.0,max_curvature,1.1765
RRT*,normal_city,15,rrt_goal_thresh,8.0,max_curvature,0.9685
RRT*,normal_city,16,rrt_goal_thresh,8.0,max_curvature,1.55
RRT*,normal_city,17,rrt_goal_thresh,8.0,max_curvature,1.2499
RRT*,normal_city,18,rrt_goal_thresh,8.0,max_curvature,1.2704
RRT*,normal_city,19,rrt_goal_thresh,8.0,max_curvature,1.2294
RRT*,normal_city,20,rrt_goal_thresh,8.0,max_curvature,0.9281
RRT*,normal_city,21,rrt_goal_thresh,8.0,max_curvature,0.9829
RRT*,normal_city,22,rrt_goal_thresh,8.0,max_curvature,1.1498
RRT*,normal_city,23,rrt_goal_thresh,8.0,max_curvature,1.0773
RRT*,normal_city,24,rrt_goal_thresh,8.0,max_curvature,1.3193
RRT*,normal_city,25,rrt_goal_thresh,8.0,max_curvature,1.3907
RRT*,normal_city,26,rrt_goal_thresh,8.0,max_curvature,0.9537
RRT*,normal_city,27,rrt_goal_thresh,8.0,max_curvature,1.1783
RRT*,normal_city,28,rrt_goal_thresh,8.0,max_curvature,1.1963
RRT*,normal_city,29,rrt_goal_thresh,8.0,max_curvature,1.3195
RRT*,blocked_road,0,rrt_goal_thresh,8.0,max_curvature,1.0973
RRT*,blocked_road,1,rrt_goal_thresh,8.0,max_curvature,1.24
RRT*,blocked_road,2,rrt_goal_thresh,8.0,max_curvature,1.0655
RRT*,blocked_road,3,rrt_goal_thresh,8.0,max_curvature,1.1135
RRT*,blocked_road,4,rrt_goal_thresh,8.0,max_curvature,1.3246
RRT*,blocked_road,5,rrt_goal_thresh,8.0,max_curvature,1.5193
RRT*,blocked_road,6,rrt_goal_thresh,8.0,max_curvature,1.033
RRT*,blocked_road,7,rrt_goal_thresh,8.0,max_curvature,1.0727
RRT*,blocked_road,8,rrt_goal_thresh,8.0,max_curvature,0.7466
RRT*,blocked_road,9,rrt_goal_thresh,8.0,max_curvature,0.8362
RRT*,blocked_road,10,rrt_goal_thresh,8.0,max_curvature,1.1502
RRT*,blocked_road,11,rrt_goal_thresh,8.0,max_curvature,0.918
RRT*,blocked_road,12,rrt_goal_thresh,8.0,max_curvature,1.3032
RRT*,blocked_road,13,rrt_goal_thresh,8.0,max_curvature,1.1449
RRT*,blocked_road,14,rrt_goal_thresh,8.0,max_curvature,1.2899
RRT*,blocked_road,15,rrt_goal_thresh,8.0,max_curvature,1.1316
RRT*,blocked_road,16,rrt_goal_thresh,8.0,max_curvature,1.2095
RRT*,blocked_road,17,rrt_goal_thresh,8.0,max_curvature,0.8411
RRT*,blocked_road,18,rrt_goal_thresh,8.0,max_curvature,1.1583
RRT*,blocked_road,19,rrt_goal_thresh,8.0,max_curvature,1.3125
RRT*,blocked_road,20,rrt_goal_thresh,8.0,max_curvature,1.111
RRT*,blocked_road,21,rrt_goal_thresh,8.0,max_curvature,1.1387
RRT*,blocked_road,22,rrt_goal_thresh,8.0,max_curvature,1.1742
RRT*,blocked_road,23,rrt_goal_thresh,8.0,max_curvature,1.5521
RRT*,blocked_road,24,rrt_goal_thresh,8.0,max_curvature,0.9365
RRT*,blocked_road,25,rrt_goal_thresh,8.0,max_curvature,0.8765
RRT*,blocked_road,26,rrt_goal_thresh,8.0,max_curvature,0.9786
RRT*,blocked_road,27,rrt_goal_thresh,8.0,max_curvature,1.3844
RRT*,blocked_road,28,rrt_goal_thresh,8.0,max_curvature,1.4274
RRT*,blocked_road,29,rrt_goal_thresh,8.0,max_curvature,1.0875
RRT*,dense_city,0,rrt_goal_thresh,8.0,max_curvature,1.3509
RRT*,dense_city,1,rrt_goal_thresh,8.0,max_curvature,1.285
RRT*,dense_city,2,rrt_goal_thresh,8.0,max_curvature,1.2663
RRT*,dense_city,3,rrt_goal_thresh,8.0,max_curvature,1.1565
RRT*,dense_city,4,rrt_goal_thresh,8.0,max_curvature,1.2661
RRT*,dense_city,5,rrt_goal_thresh,8.0,max_curvature,1.0535
RRT*,dense_city,6,rrt_goal_thresh,8.0,max_curvature,1.0472
RRT*,dense_city,7,rrt_goal_thresh,8.0,max_curvature,1.2381
RRT*,dense_city,8,rrt_goal_thresh,8.0,max_curvature,1.8795
RRT*,dense_city,9,rrt_goal_thresh,8.0,max_curvature,
RRT*,dense_city,10,rrt_goal_thresh,8.0,max_curvature,1.3715
RRT*,dense_city,11,rrt_goal_thresh,8.0,max_curvature,1.8891
RRT*,dense_city,12,rrt_goal_thresh,8.0,max_curvature,2.3965
RRT*,dense_city,13,rrt_goal_thresh,8.0,max_curvature,1.2101
RRT*,dense_city,14,rrt_goal_thresh,8.0,max_curvature,1.4334
RRT*,dense_city,15,rrt_goal_thresh,8.0,max_curvature,1.8062
RRT*,dense_city,16,rrt_goal_thresh,8.0,max_curvature,1.4926
RRT*,dense_city,17,rrt_goal_thresh,8.0,max_curvature,1.5114
RRT*,dense_city,18,rrt_goal_thresh,8.0,max_curvature,1.0916
RRT*,dense_city,19,rrt_goal_thresh,8.0,max_curvature,1.6118
RRT*,dense_city,20,rrt_goal_thresh,8.0,max_curvature,1.1338
RRT*,dense_city,21,rrt_goal_thresh,8.0,max_curvature,1.2782
RRT*,dense_city,22,rrt_goal_thresh,8.0,max_curvature,0.944
RRT*,dense_city,23,rrt_goal_thresh,8.0,max_curvature,1.4707
RRT*,dense_city,24,rrt_goal_thresh,8.0,max_curvature,0.75
RRT*,dense_city,25,rrt_goal_thresh,8.0,max_curvature,1.2408
RRT*,dense_city,26,rrt_goal_thresh,8.0,max_curvature,1.3656
RRT*,dense_city,27,rrt_goal_thresh,8.0,max_curvature,1.3099
RRT*,dense_city,28,rrt_goal_thresh,8.0,max_curvature,1.2523
RRT*,dense_city,29,rrt_goal_thresh,8.0,max_curvature,2.0469
RRT*,normal_city,0,rrt_goal_thresh,2.0,drive_time_curved,26.3754
RRT*,normal_city,1,rrt_goal_thresh,2.0,drive_time_curved,28.2993
RRT*,normal_city,2,rrt_goal_thresh,2.0,drive_time_curved,28.6809
RRT*,normal_city,3,rrt_goal_thresh,2.0,drive_time_curved,26.6886
RRT*,normal_city,4,rrt_goal_thresh,2.0,drive_time_curved,27.0162
RRT*,normal_city,5,rrt_goal_thresh,2.0,drive_time_curved,25.68
RRT*,normal_city,6,rrt_goal_thresh,2.0,drive_time_curved,27.7633
RRT*,normal_city,7,rrt_goal_thresh,2.0,drive_time_curved,25.659
RRT*,normal_city,8,rrt_goal_thresh,2.0,drive_time_curved,27.6608
RRT*,normal_city,9,rrt_goal_thresh,2.0,drive_time_curved,26.4254
RRT*,normal_city,10,rrt_goal_thresh,2.0,drive_time_curved,25.3039
RRT*,normal_city,11,rrt_goal_thresh,2.0,drive_time_curved,27.893
RRT*,normal_city,12,rrt_goal_thresh,2.0,drive_time_curved,30.0946
RRT*,normal_city,13,rrt_goal_thresh,2.0,drive_time_curved,28.1387
RRT*,normal_city,14,rrt_goal_thresh,2.0,drive_time_curved,26.6205
RRT*,normal_city,15,rrt_goal_thresh,2.0,drive_time_curved,23.9544
RRT*,normal_city,16,rrt_goal_thresh,2.0,drive_time_curved,26.2365
RRT*,normal_city,17,rrt_goal_thresh,2.0,drive_time_curved,28.6565
RRT*,normal_city,18,rrt_goal_thresh,2.0,drive_time_curved,26.0127
RRT*,normal_city,19,rrt_goal_thresh,2.0,drive_time_curved,24.9149
RRT*,normal_city,20,rrt_goal_thresh,2.0,drive_time_curved,26.5707
RRT*,normal_city,21,rrt_goal_thresh,2.0,drive_time_curved,24.7005
RRT*,normal_city,22,rrt_goal_thresh,2.0,drive_time_curved,26.5494
RRT*,normal_city,23,rrt_goal_thresh,2.0,drive_time_curved,29.0401
RRT*,normal_city,24,rrt_goal_thresh,2.0,drive_time_curved,25.6147
RRT*,normal_city,25,rrt_goal_thresh,2.0,drive_time_curved,26.9836
RRT*,normal_city,26,rrt_goal_thresh,2.0,drive_time_curved,25.1901
RRT*,normal_city,27,rrt_goal_thresh,2.0,drive_time_curved,28.9241
RRT*,normal_city,28,rrt_goal_thresh,2.0,drive_time_curved,27.9754
RRT*,normal_city,29,rrt_goal_thresh,2.0,drive_time_curved,28.543
RRT*,blocked_road,0,rrt_goal_thresh,2.0,drive_time_curved,26.9504
RRT*,blocked_road,1,rrt_goal_thresh,2.0,drive_time_curved,24.3781
RRT*,blocked_road,2,rrt_goal_thresh,2.0,drive_time_curved,27.2172
RRT*,blocked_road,3,rrt_goal_thresh,2.0,drive_time_curved,23.4124
RRT*,blocked_road,4,rrt_goal_thresh,2.0,drive_time_curved,26.213
RRT*,blocked_road,5,rrt_goal_thresh,2.0,drive_time_curved,26.5486
RRT*,blocked_road,6,rrt_goal_thresh,2.0,drive_time_curved,25.6534
RRT*,blocked_road,7,rrt_goal_thresh,2.0,drive_time_curved,27.0799
RRT*,blocked_road,8,rrt_goal_thresh,2.0,drive_time_curved,25.9444
RRT*,blocked_road,9,rrt_goal_thresh,2.0,drive_time_curved,27.1329
RRT*,blocked_road,10,rrt_goal_thresh,2.0,drive_time_curved,24.1639
RRT*,blocked_road,11,rrt_goal_thresh,2.0,drive_time_curved,23.1675
RRT*,blocked_road,12,rrt_goal_thresh,2.0,drive_time_curved,25.5645
RRT*,blocked_road,13,rrt_goal_thresh,2.0,drive_time_curved,25.3783
RRT*,blocked_road,14,rrt_goal_thresh,2.0,drive_time_curved,27.001
RRT*,blocked_road,15,rrt_goal_thresh,2.0,drive_time_curved,24.2351
RRT*,blocked_road,16,rrt_goal_thresh,2.0,drive_time_curved,28.2985
RRT*,blocked_road,17,rrt_goal_thresh,2.0,drive_time_curved,27.267
RRT*,blocked_road,18,rrt_goal_thresh,2.0,drive_time_curved,24.3999
RRT*,blocked_road,19,rrt_goal_thresh,2.0,drive_time_curved,23.5088
RRT*,blocked_road,20,rrt_goal_thresh,2.0,drive_time_curved,28.2643
RRT*,blocked_road,21,rrt_goal_thresh,2.0,drive_time_curved,25.9741
RRT*,blocked_road,22,rrt_goal_thresh,2.0,drive_time_curved,23.9155
RRT*,blocked_road,23,rrt_goal_thresh,2.0,drive_time_curved,27.8729
RRT*,blocked_road,24,rrt_goal_thresh,2.0,drive_time_curved,27.1766
RRT*,blocked_road,25,rrt_goal_thresh,2.0,drive_time_curved,25.1304
RRT*,blocked_road,26,rrt_goal_thresh,2.0,drive_time_curved,22.2755
RRT*,blocked_road,27,rrt_goal_thresh,2.0,drive_time_curved,25.8246
RRT*,blocked_road,28,rrt_goal_thresh,2.0,drive_time_curved,27.0924
RRT*,blocked_road,29,rrt_goal_thresh,2.0,drive_time_curved,25.7938
RRT*,dense_city,0,rrt_goal_thresh,2.0,drive_time_curved,27.9852
RRT*,dense_city,1,rrt_goal_thresh,2.0,drive_time_curved,29.2379
RRT*,dense_city,2,rrt_goal_thresh,2.0,drive_time_curved,28.264
RRT*,dense_city,3,rrt_goal_thresh,2.0,drive_time_curved,27.9436
RRT*,dense_city,4,rrt_goal_thresh,2.0,drive_time_curved,29.3205
RRT*,dense_city,5,rrt_goal_thresh,2.0,drive_time_curved,31.8653
RRT*,dense_city,6,rrt_goal_thresh,2.0,drive_time_curved,27.621
RRT*,dense_city,7,rrt_goal_thresh,2.0,drive_time_curved,29.4924
RRT*,dense_city,8,rrt_goal_thresh,2.0,drive_time_curved,32.1779
RRT*,dense_city,9,rrt_goal_thresh,2.0,drive_time_curved,
RRT*,dense_city,10,rrt_goal_thresh,2.0,drive_time_curved,30.9796
RRT*,dense_city,11,rrt_goal_thresh,2.0,drive_time_curved,35.3845
RRT*,dense_city,12,rrt_goal_thresh,2.0,drive_time_curved,32.1893
RRT*,dense_city,13,rrt_goal_thresh,2.0,drive_time_curved,27.4742
RRT*,dense_city,14,rrt_goal_thresh,2.0,drive_time_curved,32.9069
RRT*,dense_city,15,rrt_goal_thresh,2.0,drive_time_curved,28.7872
RRT*,dense_city,16,rrt_goal_thresh,2.0,drive_time_curved,30.2888
RRT*,dense_city,17,rrt_goal_thresh,2.0,drive_time_curved,24.6711
RRT*,dense_city,18,rrt_goal_thresh,2.0,drive_time_curved,29.25
RRT*,dense_city,19,rrt_goal_thresh,2.0,drive_time_curved,27.9261
RRT*,dense_city,20,rrt_goal_thresh,2.0,drive_time_curved,32.3205
RRT*,dense_city,21,rrt_goal_thresh,2.0,drive_time_curved,25.8366
RRT*,dense_city,22,rrt_goal_thresh,2.0,drive_time_curved,26.3112
RRT*,dense_city,23,rrt_goal_thresh,2.0,drive_time_curved,28.1593
RRT*,dense_city,24,rrt_goal_thresh,2.0,drive_time_curved,25.6364
RRT*,dense_city,25,rrt_goal_thresh,2.0,drive_time_curved,28.2506
RRT*,dense_city,26,rrt_goal_thresh,2.0,drive_time_curved,26.2058
RRT*,dense_city,27,rrt_goal_thresh,2.0,drive_time_curved,27.8113
RRT*,dense_city,28,rrt_goal_thresh,2.0,drive_time_curved,30.2986
RRT*,dense_city,29,rrt_goal_thresh,2.0,drive_time_curved,30.4091
RRT*,normal_city,0,rrt_goal_thresh,4.0,drive_time_curved,26.3754
RRT*,normal_city,1,rrt_goal_thresh,4.0,drive_time_curved,28.2993
RRT*,normal_city,2,rrt_goal_thresh,4.0,drive_time_curved,28.6809
RRT*,normal_city,3,rrt_goal_thresh,4.0,drive_time_curved,26.6886
RRT*,normal_city,4,rrt_goal_thresh,4.0,drive_time_curved,27.0162
RRT*,normal_city,5,rrt_goal_thresh,4.0,drive_time_curved,25.68
RRT*,normal_city,6,rrt_goal_thresh,4.0,drive_time_curved,27.388
RRT*,normal_city,7,rrt_goal_thresh,4.0,drive_time_curved,25.659
RRT*,normal_city,8,rrt_goal_thresh,4.0,drive_time_curved,27.6608
RRT*,normal_city,9,rrt_goal_thresh,4.0,drive_time_curved,26.4254
RRT*,normal_city,10,rrt_goal_thresh,4.0,drive_time_curved,25.3039
RRT*,normal_city,11,rrt_goal_thresh,4.0,drive_time_curved,27.893
RRT*,normal_city,12,rrt_goal_thresh,4.0,drive_time_curved,30.0556
RRT*,normal_city,13,rrt_goal_thresh,4.0,drive_time_curved,28.1387
RRT*,normal_city,14,rrt_goal_thresh,4.0,drive_time_curved,26.6068
RRT*,normal_city,15,rrt_goal_thresh,4.0,drive_time_curved,23.9544
RRT*,normal_city,16,rrt_goal_thresh,4.0,drive_time_curved,26.2365
RRT*,normal_city,17,rrt_goal_thresh,4.0,drive_time_curved,28.6565
RRT*,normal_city,18,rrt_goal_thresh,4.0,drive_time_curved,26.0127
RRT*,normal_city,19,rrt_goal_thresh,4.0,drive_time_curved,24.9149
RRT*,normal_city,20,rrt_goal_thresh,4.0,drive_time_curved,26.5707
RRT*,normal_city,21,rrt_goal_thresh,4.0,drive_time_curved,24.7005
RRT*,normal_city,22,rrt_goal_thresh,4.0,drive_time_curved,27.6761
RRT*,normal_city,23,rrt_goal_thresh,4.0,drive_time_curved,29.647
RRT*,normal_city,24,rrt_goal_thresh,4.0,drive_time_curved,25.6147
RRT*,normal_city,25,rrt_goal_thresh,4.0,drive_time_curved,26.9836
RRT*,normal_city,26,rrt_goal_thresh,4.0,drive_time_curved,25.1901
RRT*,normal_city,27,rrt_goal_thresh,4.0,drive_time_curved,29.8428
RRT*,normal_city,28,rrt_goal_thresh,4.0,drive_time_curved,27.9754
RRT*,normal_city,29,rrt_goal_thresh,4.0,drive_time_curved,28.543
RRT*,blocked_road,0,rrt_goal_thresh,4.0,drive_time_curved,27.8717
RRT*,blocked_road,1,rrt_goal_thresh,4.0,drive_time_curved,24.3781
RRT*,blocked_road,2,rrt_goal_thresh,4.0,drive_time_curved,27.2172
RRT*,blocked_road,3,rrt_goal_thresh,4.0,drive_time_curved,23.4124
RRT*,blocked_road,4,rrt_goal_thresh,4.0,drive_time_curved,26.5476
RRT*,blocked_road,5,rrt_goal_thresh,4.0,drive_time_curved,26.5486
RRT*,blocked_road,6,rrt_goal_thresh,4.0,drive_time_curved,25.6534
RRT*,blocked_road,7,rrt_goal_thresh,4.0,drive_time_curved,28.6577
RRT*,blocked_road,8,rrt_goal_thresh,4.0,drive_time_curved,25.9444
RRT*,blocked_road,9,rrt_goal_thresh,4.0,drive_time_curved,27.1329
RRT*,blocked_road,10,rrt_goal_thresh,4.0,drive_time_curved,24.1639
RRT*,blocked_road,11,rrt_goal_thresh,4.0,drive_time_curved,23.1675
RRT*,blocked_road,12,rrt_goal_thresh,4.0,drive_time_curved,25.5645
RRT*,blocked_road,13,rrt_goal_thresh,4.0,drive_time_curved,25.3783
RRT*,blocked_road,14,rrt_goal_thresh,4.0,drive_time_curved,27.001
RRT*,blocked_road,15,rrt_goal_thresh,4.0,drive_time_curved,24.2351
RRT*,blocked_road,16,rrt_goal_thresh,4.0,drive_time_curved,28.6442
RRT*,blocked_road,17,rrt_goal_thresh,4.0,drive_time_curved,27.267
RRT*,blocked_road,18,rrt_goal_thresh,4.0,drive_time_curved,24.3999
RRT*,blocked_road,19,rrt_goal_thresh,4.0,drive_time_curved,23.5088
RRT*,blocked_road,20,rrt_goal_thresh,4.0,drive_time_curved,28.2643
RRT*,blocked_road,21,rrt_goal_thresh,4.0,drive_time_curved,26.4429
RRT*,blocked_road,22,rrt_goal_thresh,4.0,drive_time_curved,23.9155
RRT*,blocked_road,23,rrt_goal_thresh,4.0,drive_time_curved,27.8729
RRT*,blocked_road,24,rrt_goal_thresh,4.0,drive_time_curved,27.1766
RRT*,blocked_road,25,rrt_goal_thresh,4.0,drive_time_curved,25.1304
RRT*,blocked_road,26,rrt_goal_thresh,4.0,drive_time_curved,22.2755
RRT*,blocked_road,27,rrt_goal_thresh,4.0,drive_time_curved,25.8246
RRT*,blocked_road,28,rrt_goal_thresh,4.0,drive_time_curved,27.0924
RRT*,blocked_road,29,rrt_goal_thresh,4.0,drive_time_curved,25.7938
RRT*,dense_city,0,rrt_goal_thresh,4.0,drive_time_curved,27.9852
RRT*,dense_city,1,rrt_goal_thresh,4.0,drive_time_curved,29.5443
RRT*,dense_city,2,rrt_goal_thresh,4.0,drive_time_curved,28.264
RRT*,dense_city,3,rrt_goal_thresh,4.0,drive_time_curved,27.9436
RRT*,dense_city,4,rrt_goal_thresh,4.0,drive_time_curved,29.3205
RRT*,dense_city,5,rrt_goal_thresh,4.0,drive_time_curved,31.8653
RRT*,dense_city,6,rrt_goal_thresh,4.0,drive_time_curved,28.1049
RRT*,dense_city,7,rrt_goal_thresh,4.0,drive_time_curved,29.4924
RRT*,dense_city,8,rrt_goal_thresh,4.0,drive_time_curved,31.6512
RRT*,dense_city,9,rrt_goal_thresh,4.0,drive_time_curved,
RRT*,dense_city,10,rrt_goal_thresh,4.0,drive_time_curved,30.9796
RRT*,dense_city,11,rrt_goal_thresh,4.0,drive_time_curved,35.8148
RRT*,dense_city,12,rrt_goal_thresh,4.0,drive_time_curved,32.1893
RRT*,dense_city,13,rrt_goal_thresh,4.0,drive_time_curved,27.4742
RRT*,dense_city,14,rrt_goal_thresh,4.0,drive_time_curved,32.9069
RRT*,dense_city,15,rrt_goal_thresh,4.0,drive_time_curved,30.1354
RRT*,dense_city,16,rrt_goal_thresh,4.0,drive_time_curved,31.5702
RRT*,dense_city,17,rrt_goal_thresh,4.0,drive_time_curved,24.6711
RRT*,dense_city,18,rrt_goal_thresh,4.0,drive_time_curved,29.25
RRT*,dense_city,19,rrt_goal_thresh,4.0,drive_time_curved,27.9261
RRT*,dense_city,20,rrt_goal_thresh,4.0,drive_time_curved,32.3205
RRT*,dense_city,21,rrt_goal_thresh,4.0,drive_time_curved,26.4545
RRT*,dense_city,22,rrt_goal_thresh,4.0,drive_time_curved,26.3112
RRT*,dense_city,23,rrt_goal_thresh,4.0,drive_time_curved,28.1593
RRT*,dense_city,24,rrt_goal_thresh,4.0,drive_time_curved,26.2531
RRT*,dense_city,25,rrt_goal_thresh,4.0,drive_time_curved,28.2506
RRT*,dense_city,26,rrt_goal_thresh,4.0,drive_time_curved,27.0161
RRT*,dense_city,27,rrt_goal_thresh,4.0,drive_time_curved,27.8113
RRT*,dense_city,28,rrt_goal_thresh,4.0,drive_time_curved,30.2986
RRT*,dense_city,29,rrt_goal_thresh,4.0,drive_time_curved,30.4091
RRT*,normal_city,0,rrt_goal_thresh,8.0,drive_time_curved,26.3754
RRT*,normal_city,1,rrt_goal_thresh,8.0,drive_time_curved,28.0422
RRT*,normal_city,2,rrt_goal_thresh,8.0,drive_time_curved,27.1638
RRT*,normal_city,3,rrt_goal_thresh,8.0,drive_time_curved,26.6886
RRT*,normal_city,4,rrt_goal_thresh,8.0,drive_time_curved,27.0162
RRT*,normal_city,5,rrt_goal_thresh,8.0,drive_time_curved,25.68
RRT*,normal_city,6,rrt_goal_thresh,8.0,drive_time_curved,27.388
RRT*,normal_city,7,rrt_goal_thresh,8.0,drive_time_curved,25.4801
RRT*,normal_city,8,rrt_goal_thresh,8.0,drive_time_curved,27.6608
RRT*,normal_city,9,rrt_goal_thresh,8.0,drive_time_curved,26.4254
RRT*,normal_city,10,rrt_goal_thresh,8.0,drive_time_curved,25.3039
RRT*,normal_city,11,rrt_goal_thresh,8.0,drive_time_curved,27.893
RRT*,normal_city,12,rrt_goal_thresh,8.0,drive_time_curved,30.0556
RRT*,normal_city,13,rrt_goal_thresh,8.0,drive_time_curved,28.1387
RRT*,normal_city,14,rrt_goal_thresh,8.0,drive_time_curved,26.6068
RRT*,normal_city,15,rrt_goal_thresh,8.0,drive_time_curved,23.8516
RRT*,normal_city,16,rrt_goal_thresh,8.0,drive_time_curved,26.2365
RRT*,normal_city,17,rrt_goal_thresh,8.0,drive_time_curved,28.6565
RRT*,normal_city,18,rrt_goal_thresh,8.0,drive_time_curved,26.0127
RRT*,normal_city,19,rrt_goal_thresh,8.0,drive_time_curved,25.3983
RRT*,normal_city,20,rrt_goal_thresh,8.0,drive_time_curved,25.9134
RRT*,normal_city,21,rrt_goal_thresh,8.0,drive_time_curved,24.7005
RRT*,normal_city,22,rrt_goal_thresh,8.0,drive_time_curved,27.6761
RRT*,normal_city,23,rrt_goal_thresh,8.0,drive_time_curved,29.4151
RRT*,normal_city,24,rrt_goal_thresh,8.0,drive_time_curved,25.6147
RRT*,normal_city,25,rrt_goal_thresh,8.0,drive_time_curved,26.9836
RRT*,normal_city,26,rrt_goal_thresh,8.0,drive_time_curved,25.1901
RRT*,normal_city,27,rrt_goal_thresh,8.0,drive_time_curved,27.7158
RRT*,normal_city,28,rrt_goal_thresh,8.0,drive_time_curved,27.6977
RRT*,normal_city,29,rrt_goal_thresh,8.0,drive_time_curved,28.7502
RRT*,blocked_road,0,rrt_goal_thresh,8.0,drive_time_curved,26.9504
RRT*,blocked_road,1,rrt_goal_thresh,8.0,drive_time_curved,24.3781
RRT*,blocked_road,2,rrt_goal_thresh,8.0,drive_time_curved,27.2172
RRT*,blocked_road,3,rrt_goal_thresh,8.0,drive_time_curved,23.4124
RRT*,blocked_road,4,rrt_goal_thresh,8.0,drive_time_curved,26.5476
RRT*,blocked_road,5,rrt_goal_thresh,8.0,drive_time_curved,26.5486
RRT*,blocked_road,6,rrt_goal_thresh,8.0,drive_time_curved,26.4516
RRT*,blocked_road,7,rrt_goal_thresh,8.0,drive_time_curved,27.0799
RRT*,blocked_road,8,rrt_goal_thresh,8.0,drive_time_curved,25.9444
RRT*,blocked_road,9,rrt_goal_thresh,8.0,drive_time_curved,26.9705
RRT*,blocked_road,10,rrt_goal_thresh,8.0,drive_time_curved,24.1639
RRT*,blocked_road,11,rrt_goal_thresh,8.0,drive_time_curved,23.1675
RRT*,blocked_road,12,rrt_goal_thresh,8.0,drive_time_curved,25.5645
RRT*,blocked_road,13,rrt_goal_thresh,8.0,drive_time_curved,25.4328
RRT*,blocked_road,14,rrt_goal_thresh,8.0,drive_time_curved,26.8221
RRT*,blocked_road,15,rrt_goal_thresh,8.0,drive_time_curved,24.2351
RRT*,blocked_road,16,rrt_goal_thresh,8.0,drive_time_curved,29.1364
RRT*,blocked_road,17,rrt_goal_thresh,8.0,drive_time_curved,26.6358
RRT*,blocked_road,18,rrt_goal_thresh,8.0,drive_time_curved,24.3999
RRT*,blocked_road,19,rrt_goal_thresh,8.0,drive_time_curved,23.5088
RRT*,blocked_road,20,rrt_goal_thresh,8.0,drive_time_curved,28.2643
RRT*,blocked_road,21,rrt_goal_thresh,8.0,drive_time_curved,26.7117
RRT*,blocked_road,22,rrt_goal_thresh,8.0,drive_time_curved,23.9155
RRT*,blocked_road,23,rrt_goal_thresh,8.0,drive_time_curved,29.1606
RRT*,blocked_road,24,rrt_goal_thresh,8.0,drive_time_curved,27.1766
RRT*,blocked_road,25,rrt_goal_thresh,8.0,drive_time_curved,25.1304
RRT*,blocked_road,26,rrt_goal_thresh,8.0,drive_time_curved,22.2919
RRT*,blocked_road,27,rrt_goal_thresh,8.0,drive_time_curved,25.8246
RRT*,blocked_road,28,rrt_goal_thresh,8.0,drive_time_curved,27.0924
RRT*,blocked_road,29,rrt_goal_thresh,8.0,drive_time_curved,25.7938
RRT*,dense_city,0,rrt_goal_thresh,8.0,drive_time_curved,27.9852
RRT*,dense_city,1,rrt_goal_thresh,8.0,drive_time_curved,29.2379
RRT*,dense_city,2,rrt_goal_thresh,8.0,drive_time_curved,28.264
RRT*,dense_city,3,rrt_goal_thresh,8.0,drive_time_curved,27.9436
RRT*,dense_city,4,rrt_goal_thresh,8.0,drive_time_curved,29.3205
RRT*,dense_city,5,rrt_goal_thresh,8.0,drive_time_curved,31.8653
RRT*,dense_city,6,rrt_goal_thresh,8.0,drive_time_curved,27.621
RRT*,dense_city,7,rrt_goal_thresh,8.0,drive_time_curved,29.5264
RRT*,dense_city,8,rrt_goal_thresh,8.0,drive_time_curved,32.4565
RRT*,dense_city,9,rrt_goal_thresh,8.0,drive_time_curved,
RRT*,dense_city,10,rrt_goal_thresh,8.0,drive_time_curved,30.9796
RRT*,dense_city,11,rrt_goal_thresh,8.0,drive_time_curved,35.769
RRT*,dense_city,12,rrt_goal_thresh,8.0,drive_time_curved,32.1893
RRT*,dense_city,13,rrt_goal_thresh,8.0,drive_time_curved,27.4742
RRT*,dense_city,14,rrt_goal_thresh,8.0,drive_time_curved,33.0983
RRT*,dense_city,15,rrt_goal_thresh,8.0,drive_time_curved,28.9403
RRT*,dense_city,16,rrt_goal_thresh,8.0,drive_time_curved,32.0062
RRT*,dense_city,17,rrt_goal_thresh,8.0,drive_time_curved,24.6711
RRT*,dense_city,18,rrt_goal_thresh,8.0,drive_time_curved,29.25
RRT*,dense_city,19,rrt_goal_thresh,8.0,drive_time_curved,28.6716
RRT*,dense_city,20,rrt_goal_thresh,8.0,drive_time_curved,31.8205
RRT*,dense_city,21,rrt_goal_thresh,8.0,drive_time_curved,26.823
RRT*,dense_city,22,rrt_goal_thresh,8.0,drive_time_curved,26.3112
RRT*,dense_city,23,rrt_goal_thresh,8.0,drive_time_curved,28.1942
RRT*,dense_city,24,rrt_goal_thresh,8.0,drive_time_curved,26.2969
RRT*,dense_city,25,rrt_goal_thresh,8.0,drive_time_curved,28.2515
RRT*,dense_city,26,rrt_goal_thresh,8.0,drive_time_curved,27.738
RRT*,dense_city,27,rrt_goal_thresh,8.0,drive_time_curved,27.8113
RRT*,dense_city,28,rrt_goal_thresh,8.0,drive_time_curved,30.4993
RRT*,dense_city,29,rrt_goal_thresh,8.0,drive_time_curved,30.7874
RRT*,normal_city,0,rrt_goal_thresh,2.0,comp_time,0.27753
RRT*,normal_city,1,rrt_goal_thresh,2.0,comp_time,0.52774
RRT*,normal_city,2,rrt_goal_thresh,2.0,comp_time,0.95388
RRT*,normal_city,3,rrt_goal_thresh,2.0,comp_time,0.23344
RRT*,normal_city,4,rrt_goal_thresh,2.0,comp_time,0.1799
RRT*,normal_city,5,rrt_goal_thresh,2.0,comp_time,0.37509
RRT*,normal_city,6,rrt_goal_thresh,2.0,comp_time,0.49782
RRT*,normal_city,7,rrt_goal_thresh,2.0,comp_time,0.39329
RRT*,normal_city,8,rrt_goal_thresh,2.0,comp_time,0.69819
RRT*,normal_city,9,rrt_goal_thresh,2.0,comp_time,0.17551
RRT*,normal_city,10,rrt_goal_thresh,2.0,comp_time,0.66257
RRT*,normal_city,11,rrt_goal_thresh,2.0,comp_time,0.99046
RRT*,normal_city,12,rrt_goal_thresh,2.0,comp_time,1.00696
RRT*,normal_city,13,rrt_goal_thresh,2.0,comp_time,0.23757
RRT*,normal_city,14,rrt_goal_thresh,2.0,comp_time,0.36703
RRT*,normal_city,15,rrt_goal_thresh,2.0,comp_time,0.41673
RRT*,normal_city,16,rrt_goal_thresh,2.0,comp_time,0.28007
RRT*,normal_city,17,rrt_goal_thresh,2.0,comp_time,0.61403
RRT*,normal_city,18,rrt_goal_thresh,2.0,comp_time,0.4406
RRT*,normal_city,19,rrt_goal_thresh,2.0,comp_time,0.16754
RRT*,normal_city,20,rrt_goal_thresh,2.0,comp_time,0.16534
RRT*,normal_city,21,rrt_goal_thresh,2.0,comp_time,0.25612
RRT*,normal_city,22,rrt_goal_thresh,2.0,comp_time,0.54824
RRT*,normal_city,23,rrt_goal_thresh,2.0,comp_time,5.09485
RRT*,normal_city,24,rrt_goal_thresh,2.0,comp_time,0.35188
RRT*,normal_city,25,rrt_goal_thresh,2.0,comp_time,1.39503
RRT*,normal_city,26,rrt_goal_thresh,2.0,comp_time,0.39644
RRT*,normal_city,27,rrt_goal_thresh,2.0,comp_time,0.39751
RRT*,normal_city,28,rrt_goal_thresh,2.0,comp_time,1.41793
RRT*,normal_city,29,rrt_goal_thresh,2.0,comp_time,0.38748
RRT*,blocked_road,0,rrt_goal_thresh,2.0,comp_time,0.89564
RRT*,blocked_road,1,rrt_goal_thresh,2.0,comp_time,1.28966
RRT*,blocked_road,2,rrt_goal_thresh,2.0,comp_time,0.64564
RRT*,blocked_road,3,rrt_goal_thresh,2.0,comp_time,1.92289
RRT*,blocked_road,4,rrt_goal_thresh,2.0,comp_time,1.8864
RRT*,blocked_road,5,rrt_goal_thresh,2.0,comp_time,0.86918
RRT*,blocked_road,6,rrt_goal_thresh,2.0,comp_time,0.78279
RRT*,blocked_road,7,rrt_goal_thresh,2.0,comp_time,0.88533
RRT*,blocked_road,8,rrt_goal_thresh,2.0,comp_time,0.32491
RRT*,blocked_road,9,rrt_goal_thresh,2.0,comp_time,2.15194
RRT*,blocked_road,10,rrt_goal_thresh,2.0,comp_time,0.35607
RRT*,blocked_road,11,rrt_goal_thresh,2.0,comp_time,1.46005
RRT*,blocked_road,12,rrt_goal_thresh,2.0,comp_time,1.01439
RRT*,blocked_road,13,rrt_goal_thresh,2.0,comp_time,1.31511
RRT*,blocked_road,14,rrt_goal_thresh,2.0,comp_time,0.56067
RRT*,blocked_road,15,rrt_goal_thresh,2.0,comp_time,0.96708
RRT*,blocked_road,16,rrt_goal_thresh,2.0,comp_time,0.94789
RRT*,blocked_road,17,rrt_goal_thresh,2.0,comp_time,0.42551
RRT*,blocked_road,18,rrt_goal_thresh,2.0,comp_time,0.30664
RRT*,blocked_road,19,rrt_goal_thresh,2.0,comp_time,0.15307
RRT*,blocked_road,20,rrt_goal_thresh,2.0,comp_time,1.48431
RRT*,blocked_road,21,rrt_goal_thresh,2.0,comp_time,0.35246
RRT*,blocked_road,22,rrt_goal_thresh,2.0,comp_time,0.59534
RRT*,blocked_road,23,rrt_goal_thresh,2.0,comp_time,1.53915
RRT*,blocked_road,24,rrt_goal_thresh,2.0,comp_time,1.34918
RRT*,blocked_road,25,rrt_goal_thresh,2.0,comp_time,0.67025
RRT*,blocked_road,26,rrt_goal_thresh,2.0,comp_time,0.27575
RRT*,blocked_road,27,rrt_goal_thresh,2.0,comp_time,0.57871
RRT*,blocked_road,28,rrt_goal_thresh,2.0,comp_time,1.20649
RRT*,blocked_road,29,rrt_goal_thresh,2.0,comp_time,0.24486
RRT*,dense_city,0,rrt_goal_thresh,2.0,comp_time,0.68231
RRT*,dense_city,1,rrt_goal_thresh,2.0,comp_time,18.46293
RRT*,dense_city,2,rrt_goal_thresh,2.0,comp_time,0.35883
RRT*,dense_city,3,rrt_goal_thresh,2.0,comp_time,0.24253
RRT*,dense_city,4,rrt_goal_thresh,2.0,comp_time,1.27245
RRT*,dense_city,5,rrt_goal_thresh,2.0,comp_time,38.30087
RRT*,dense_city,6,rrt_goal_thresh,2.0,comp_time,6.70471
RRT*,dense_city,7,rrt_goal_thresh,2.0,comp_time,41.49177
RRT*,dense_city,8,rrt_goal_thresh,2.0,comp_time,0.36948
RRT*,dense_city,9,rrt_goal_thresh,2.0,comp_time,0.79846
RRT*,dense_city,10,rrt_goal_thresh,2.0,comp_time,0.22098
RRT*,dense_city,11,rrt_goal_thresh,2.0,comp_time,0.73756
RRT*,dense_city,12,rrt_goal_thresh,2.0,comp_time,4.5131
RRT*,dense_city,13,rrt_goal_thresh,2.0,comp_time,0.87667
RRT*,dense_city,14,rrt_goal_thresh,2.0,comp_time,1.93667
RRT*,dense_city,15,rrt_goal_thresh,2.0,comp_time,1.82957
RRT*,dense_city,16,rrt_goal_thresh,2.0,comp_time,3.26589
RRT*,dense_city,17,rrt_goal_thresh,2.0,comp_time,0.64487
RRT*,dense_city,18,rrt_goal_thresh,2.0,comp_time,1.44431
RRT*,dense_city,19,rrt_goal_thresh,2.0,comp_time,9.43818
RRT*,dense_city,20,rrt_goal_thresh,2.0,comp_time,1.53986
RRT*,dense_city,21,rrt_goal_thresh,2.0,comp_time,0.42507
RRT*,dense_city,22,rrt_goal_thresh,2.0,comp_time,0.94413
RRT*,dense_city,23,rrt_goal_thresh,2.0,comp_time,1.10877
RRT*,dense_city,24,rrt_goal_thresh,2.0,comp_time,0.94062
RRT*,dense_city,25,rrt_goal_thresh,2.0,comp_time,2.38393
RRT*,dense_city,26,rrt_goal_thresh,2.0,comp_time,1.72915
RRT*,dense_city,27,rrt_goal_thresh,2.0,comp_time,1.5187
RRT*,dense_city,28,rrt_goal_thresh,2.0,comp_time,1.3412
RRT*,dense_city,29,rrt_goal_thresh,2.0,comp_time,1.57358
RRT*,normal_city,0,rrt_goal_thresh,4.0,comp_time,0.30689
RRT*,normal_city,1,rrt_goal_thresh,4.0,comp_time,0.52919
RRT*,normal_city,2,rrt_goal_thresh,4.0,comp_time,1.03448
RRT*,normal_city,3,rrt_goal_thresh,4.0,comp_time,0.25558
RRT*,normal_city,4,rrt_goal_thresh,4.0,comp_time,0.21319
RRT*,normal_city,5,rrt_goal_thresh,4.0,comp_time,0.40844
RRT*,normal_city,6,rrt_goal_thresh,4.0,comp_time,0.41874
RRT*,normal_city,7,rrt_goal_thresh,4.0,comp_time,0.43868
RRT*,normal_city,8,rrt_goal_thresh,4.0,comp_time,0.74046
RRT*,normal_city,9,rrt_goal_thresh,4.0,comp_time,0.15302
RRT*,normal_city,10,rrt_goal_thresh,4.0,comp_time,0.72989
RRT*,normal_city,11,rrt_goal_thresh,4.0,comp_time,1.08902
RRT*,normal_city,12,rrt_goal_thresh,4.0,comp_time,1.01979
RRT*,normal_city,13,rrt_goal_thresh,4.0,comp_time,0.24637
RRT*,normal_city,14,rrt_goal_thresh,4.0,comp_time,0.39257
RRT*,normal_city,15,rrt_goal_thresh,4.0,comp_time,0.41374
RRT*,normal_city,16,rrt_goal_thresh,4.0,comp_time,0.31721
RRT*,normal_city,17,rrt_goal_thresh,4.0,comp_time,0.67392
RRT*,normal_city,18,rrt_goal_thresh,4.0,comp_time,0.48575
RRT*,normal_city,19,rrt_goal_thresh,4.0,comp_time,0.20333
RRT*,normal_city,20,rrt_goal_thresh,4.0,comp_time,0.17428
RRT*,normal_city,21,rrt_goal_thresh,4.0,comp_time,0.29121
RRT*,normal_city,22,rrt_goal_thresh,4.0,comp_time,0.61755
RRT*,normal_city,23,rrt_goal_thresh,4.0,comp_time,5.45819
RRT*,normal_city,24,rrt_goal_thresh,4.0,comp_time,0.40623
RRT*,normal_city,25,rrt_goal_thresh,4.0,comp_time,1.61432
RRT*,normal_city,26,rrt_goal_thresh,4.0,comp_time,0.44025
RRT*,normal_city,27,rrt_goal_thresh,4.0,comp_time,0.43611
RRT*,normal_city,28,rrt_goal_thresh,4.0,comp_time,1.58593
RRT*,normal_city,29,rrt_goal_thresh,4.0,comp_time,0.43401
RRT*,blocked_road,0,rrt_goal_thresh,4.0,comp_time,0.99618
RRT*,blocked_road,1,rrt_goal_thresh,4.0,comp_time,1.41342
RRT*,blocked_road,2,rrt_goal_thresh,4.0,comp_time,0.70488
RRT*,blocked_road,3,rrt_goal_thresh,4.0,comp_time,2.06825
RRT*,blocked_road,4,rrt_goal_thresh,4.0,comp_time,1.90063
RRT*,blocked_road,5,rrt_goal_thresh,4.0,comp_time,0.96165
RRT*,blocked_road,6,rrt_goal_thresh,4.0,comp_time,0.74999
RRT*,blocked_road,7,rrt_goal_thresh,4.0,comp_time,0.87189
RRT*,blocked_road,8,rrt_goal_thresh,4.0,comp_time,0.31884
RRT*,blocked_road,9,rrt_goal_thresh,4.0,comp_time,2.08286
RRT*,blocked_road,10,rrt_goal_thresh,4.0,comp_time,0.33007
RRT*,blocked_road,11,rrt_goal_thresh,4.0,comp_time,1.46769
RRT*,blocked_road,12,rrt_goal_thresh,4.0,comp_time,1.00465
RRT*,blocked_road,13,rrt_goal_thresh,4.0,comp_time,1.30681
RRT*,blocked_road,14,rrt_goal_thresh,4.0,comp_time,0.56952
RRT*,blocked_road,15,rrt_goal_thresh,4.0,comp_time,0.98909
RRT*,blocked_road,16,rrt_goal_thresh,4.0,comp_time,0.98025
RRT*,blocked_road,17,rrt_goal_thresh,4.0,comp_time,0.41976
RRT*,blocked_road,18,rrt_goal_thresh,4.0,comp_time,0.31081
RRT*,blocked_road,19,rrt_goal_thresh,4.0,comp_time,0.14789
RRT*,blocked_road,20,rrt_goal_thresh,4.0,comp_time,1.50027
RRT*,blocked_road,21,rrt_goal_thresh,4.0,comp_time,0.34516
RRT*,blocked_road,22,rrt_goal_thresh,4.0,comp_time,0.57474
RRT*,blocked_road,23,rrt_goal_thresh,4.0,comp_time,1.5282
RRT*,blocked_road,24,rrt_goal_thresh,4.0,comp_time,1.24237
RRT*,blocked_road,25,rrt_goal_thresh,4.0,comp_time,0.6189
RRT*,blocked_road,26,rrt_goal_thresh,4.0,comp_time,0.27142
RRT*,blocked_road,27,rrt_goal_thresh,4.0,comp_time,0.60992
RRT*,blocked_road,28,rrt_goal_thresh,4.0,comp_time,1.19643
RRT*,blocked_road,29,rrt_goal_thresh,4.0,comp_time,0.23283
RRT*,dense_city,0,rrt_goal_thresh,4.0,comp_time,0.68948
RRT*,dense_city,1,rrt_goal_thresh,4.0,comp_time,17.92159
RRT*,dense_city,2,rrt_goal_thresh,4.0,comp_time,0.3745
RRT*,dense_city,3,rrt_goal_thresh,4.0,comp_time,0.23131
RRT*,dense_city,4,rrt_goal_thresh,4.0,comp_time,1.19204
RRT*,dense_city,5,rrt_goal_thresh,4.0,comp_time,37.58845
RRT*,dense_city,6,rrt_goal_thresh,4.0,comp_time,6.63213
RRT*,dense_city,7,rrt_goal_thresh,4.0,comp_time,40.56923
RRT*,dense_city,8,rrt_goal_thresh,4.0,comp_time,0.35627
RRT*,dense_city,9,rrt_goal_thresh,4.0,comp_time,0.82481
RRT*,dense_city,10,rrt_goal_thresh,4.0,comp_time,0.26109
RRT*,dense_city,11,rrt_goal_thresh,4.0,comp_time,0.65316
RRT*,dense_city,12,rrt_goal_thresh,4.0,comp_time,4.62986
RRT*,dense_city,13,rrt_goal_thresh,4.0,comp_time,0.80075
RRT*,dense_city,14,rrt_goal_thresh,4.0,comp_time,2.00903
RRT*,dense_city,15,rrt_goal_thresh,4.0,comp_time,1.69833
RRT*,dense_city,16,rrt_goal_thresh,4.0,comp_time,3.13565
RRT*,dense_city,17,rrt_goal_thresh,4.0,comp_time,0.60376
RRT*,dense_city,18,rrt_goal_thresh,4.0,comp_time,1.40244
RRT*,dense_city,19,rrt_goal_thresh,4.0,comp_time,9.09893
RRT*,dense_city,20,rrt_goal_thresh,4.0,comp_time,1.62414
RRT*,dense_city,21,rrt_goal_thresh,4.0,comp_time,0.3582
RRT*,dense_city,22,rrt_goal_thresh,4.0,comp_time,0.8895
RRT*,dense_city,23,rrt_goal_thresh,4.0,comp_time,1.09398
RRT*,dense_city,24,rrt_goal_thresh,4.0,comp_time,0.90678
RRT*,dense_city,25,rrt_goal_thresh,4.0,comp_time,2.11329
RRT*,dense_city,26,rrt_goal_thresh,4.0,comp_time,1.48098
RRT*,dense_city,27,rrt_goal_thresh,4.0,comp_time,1.23744
RRT*,dense_city,28,rrt_goal_thresh,4.0,comp_time,1.3318
RRT*,dense_city,29,rrt_goal_thresh,4.0,comp_time,1.59256
RRT*,normal_city,0,rrt_goal_thresh,8.0,comp_time,0.29893
RRT*,normal_city,1,rrt_goal_thresh,8.0,comp_time,0.46977
RRT*,normal_city,2,rrt_goal_thresh,8.0,comp_time,1.01166
RRT*,normal_city,3,rrt_goal_thresh,8.0,comp_time,0.25025
RRT*,normal_city,4,rrt_goal_thresh,8.0,comp_time,0.19391
RRT*,normal_city,5,rrt_goal_thresh,8.0,comp_time,0.39919
RRT*,normal_city,6,rrt_goal_thresh,8.0,comp_time,0.42515
RRT*,normal_city,7,rrt_goal_thresh,8.0,comp_time,0.36888
RRT*,normal_city,8,rrt_goal_thresh,8.0,comp_time,0.7191
RRT*,normal_city,9,rrt_goal_thresh,8.0,comp_time,0.13145
RRT*,normal_city,10,rrt_goal_thresh,8.0,comp_time,0.58329
RRT*,normal_city,11,rrt_goal_thresh,8.0,comp_time,1.06647
RRT*,normal_city,12,rrt_goal_thresh,8.0,comp_time,0.98562
RRT*,normal_city,13,rrt_goal_thresh,8.0,comp_time,0.24357
RRT*,normal_city,14,rrt_goal_thresh,8.0,comp_time,0.33355
RRT*,normal_city,15,rrt_goal_thresh,8.0,comp_time,0.41649
RRT*,normal_city,16,rrt_goal_thresh,8.0,comp_time,0.29715
RRT*,normal_city,17,rrt_goal_thresh,8.0,comp_time,0.65643
RRT*,normal_city,18,rrt_goal_thresh,8.0,comp_time,0.47874
RRT*,normal_city,19,rrt_goal_thresh,8.0,comp_time,0.17124
RRT*,normal_city,20,rrt_goal_thresh,8.0,comp_time,0.15595
RRT*,normal_city,21,rrt_goal_thresh,8.0,comp_time,0.30211
RRT*,normal_city,22,rrt_goal_thresh,8.0,comp_time,0.60867
RRT*,normal_city,23,rrt_goal_thresh,8.0,comp_time,5.32653
RRT*,normal_city,24,rrt_goal_thresh,8.0,comp_time,0.36868
RRT*,normal_city,25,rrt_goal_thresh,8.0,comp_time,1.55741
RRT*,normal_city,26,rrt_goal_thresh,8.0,comp_time,0.40909
RRT*,normal_city,27,rrt_goal_thresh,8.0,comp_time,0.37103
RRT*,normal_city,28,rrt_goal_thresh,8.0,comp_time,1.61457
RRT*,normal_city,29,rrt_goal_thresh,8.0,comp_time,0.43683
RRT*,blocked_road,0,rrt_goal_thresh,8.0,comp_time,0.92266
RRT*,blocked_road,1,rrt_goal_thresh,8.0,comp_time,1.35364
RRT*,blocked_road,2,rrt_goal_thresh,8.0,comp_time,0.71296
RRT*,blocked_road,3,rrt_goal_thresh,8.0,comp_time,2.07712
RRT*,blocked_road,4,rrt_goal_thresh,8.0,comp_time,1.80456
RRT*,blocked_road,5,rrt_goal_thresh,8.0,comp_time,0.89733
RRT*,blocked_road,6,rrt_goal_thresh,8.0,comp_time,0.72839
RRT*,blocked_road,7,rrt_goal_thresh,8.0,comp_time,0.86534
RRT*,blocked_road,8,rrt_goal_thresh,8.0,comp_time,0.29528
RRT*,blocked_road,9,rrt_goal_thresh,8.0,comp_time,2.06344
RRT*,blocked_road,10,rrt_goal_thresh,8.0,comp_time,0.2781
RRT*,blocked_road,11,rrt_goal_thresh,8.0,comp_time,1.3698
RRT*,blocked_road,12,rrt_goal_thresh,8.0,comp_time,0.95239
RRT*,blocked_road,13,rrt_goal_thresh,8.0,comp_time,1.2863
RRT*,blocked_road,14,rrt_goal_thresh,8.0,comp_time,0.52914
RRT*,blocked_road,15,rrt_goal_thresh,8.0,comp_time,0.94859
RRT*,blocked_road,16,rrt_goal_thresh,8.0,comp_time,0.92438
RRT*,blocked_road,17,rrt_goal_thresh,8.0,comp_time,0.37013
RRT*,blocked_road,18,rrt_goal_thresh,8.0,comp_time,0.2809
RRT*,blocked_road,19,rrt_goal_thresh,8.0,comp_time,0.13636
RRT*,blocked_road,20,rrt_goal_thresh,8.0,comp_time,1.47773
RRT*,blocked_road,21,rrt_goal_thresh,8.0,comp_time,0.33374
RRT*,blocked_road,22,rrt_goal_thresh,8.0,comp_time,0.56074
RRT*,blocked_road,23,rrt_goal_thresh,8.0,comp_time,1.45717
RRT*,blocked_road,24,rrt_goal_thresh,8.0,comp_time,1.21475
RRT*,blocked_road,25,rrt_goal_thresh,8.0,comp_time,0.62415
RRT*,blocked_road,26,rrt_goal_thresh,8.0,comp_time,0.26209
RRT*,blocked_road,27,rrt_goal_thresh,8.0,comp_time,0.55222
RRT*,blocked_road,28,rrt_goal_thresh,8.0,comp_time,1.16431
RRT*,blocked_road,29,rrt_goal_thresh,8.0,comp_time,0.24788
RRT*,dense_city,0,rrt_goal_thresh,8.0,comp_time,0.65975
RRT*,dense_city,1,rrt_goal_thresh,8.0,comp_time,16.79232
RRT*,dense_city,2,rrt_goal_thresh,8.0,comp_time,0.34933
RRT*,dense_city,3,rrt_goal_thresh,8.0,comp_time,0.27473
RRT*,dense_city,4,rrt_goal_thresh,8.0,comp_time,1.16545
RRT*,dense_city,5,rrt_goal_thresh,8.0,comp_time,37.02013
RRT*,dense_city,6,rrt_goal_thresh,8.0,comp_time,6.74664
RRT*,dense_city,7,rrt_goal_thresh,8.0,comp_time,39.92416
RRT*,dense_city,8,rrt_goal_thresh,8.0,comp_time,0.33045
RRT*,dense_city,9,rrt_goal_thresh,8.0,comp_time,0.84684
RRT*,dense_city,10,rrt_goal_thresh,8.0,comp_time,0.23134
RRT*,dense_city,11,rrt_goal_thresh,8.0,comp_time,0.62655
RRT*,dense_city,12,rrt_goal_thresh,8.0,comp_time,4.64941
RRT*,dense_city,13,rrt_goal_thresh,8.0,comp_time,0.7854
RRT*,dense_city,14,rrt_goal_thresh,8.0,comp_time,1.94956
RRT*,dense_city,15,rrt_goal_thresh,8.0,comp_time,1.63536
RRT*,dense_city,16,rrt_goal_thresh,8.0,comp_time,3.04946
RRT*,dense_city,17,rrt_goal_thresh,8.0,comp_time,0.69796
RRT*,dense_city,18,rrt_goal_thresh,8.0,comp_time,1.43987
RRT*,dense_city,19,rrt_goal_thresh,8.0,comp_time,2.86348
RRT*,dense_city,20,rrt_goal_thresh,8.0,comp_time,1.53071
RRT*,dense_city,21,rrt_goal_thresh,8.0,comp_time,0.33681
RRT*,dense_city,22,rrt_goal_thresh,8.0,comp_time,0.90933
RRT*,dense_city,23,rrt_goal_thresh,8.0,comp_time,1.26534
RRT*,dense_city,24,rrt_goal_thresh,8.0,comp_time,0.91315
RRT*,dense_city,25,rrt_goal_thresh,8.0,comp_time,2.00749
RRT*,dense_city,26,rrt_goal_thresh,8.0,comp_time,1.49919
RRT*,dense_city,27,rrt_goal_thresh,8.0,comp_time,1.15632
RRT*,dense_city,28,rrt_goal_thresh,8.0,comp_time,1.26827
RRT*,dense_city,29,rrt_goal_thresh,8.0,comp_time,1.42134
