planner,scenario,instance,parameter,value,metric,result
APF,normal_city,0,apf_step,0.35,success,1.0
APF,normal_city,1,apf_step,0.35,success,1.0
APF,normal_city,2,apf_step,0.35,success,1.0
APF,normal_city,3,apf_step,0.35,success,1.0
APF,normal_city,4,apf_step,0.35,success,1.0
APF,normal_city,5,apf_step,0.35,success,1.0
APF,normal_city,6,apf_step,0.35,success,0.0
APF,normal_city,7,apf_step,0.35,success,1.0
APF,normal_city,8,apf_step,0.35,success,1.0
APF,normal_city,9,apf_step,0.35,success,0.0
APF,normal_city,10,apf_step,0.35,success,1.0
APF,normal_city,11,apf_step,0.35,success,1.0
APF,normal_city,12,apf_step,0.35,success,0.0
APF,normal_city,13,apf_step,0.35,success,0.0
APF,normal_city,14,apf_step,0.35,success,1.0
APF,normal_city,15,apf_step,0.35,success,1.0
APF,normal_city,16,apf_step,0.35,success,1.0
APF,normal_city,17,apf_step,0.35,success,0.0
APF,normal_city,18,apf_step,0.35,success,1.0
APF,normal_city,19,apf_step,0.35,success,0.0
APF,normal_city,20,apf_step,0.35,success,1.0
APF,normal_city,21,apf_step,0.35,success,1.0
APF,normal_city,22,apf_step,0.35,success,1.0
APF,normal_city,23,apf_step,0.35,success,0.0
APF,normal_city,24,apf_step,0.35,success,1.0
APF,normal_city,25,apf_step,0.35,success,1.0
APF,normal_city,26,apf_step,0.35,success,1.0
APF,normal_city,27,apf_step,0.35,success,1.0
APF,normal_city,28,apf_step,0.35,success,1.0
APF,normal_city,29,apf_step,0.35,success,1.0
APF,blocked_road,0,apf_step,0.35,success,0.0
APF,blocked_road,1,apf_step,0.35,success,0.0
APF,blocked_road,2,apf_step,0.35,success,0.0
APF,blocked_road,3,apf_step,0.35,success,0.0
APF,blocked_road,4,apf_step,0.35,success,0.0
APF,blocked_road,5,apf_step,0.35,success,0.0
APF,blocked_road,6,apf_step,0.35,success,0.0
APF,blocked_road,7,apf_step,0.35,success,1.0
APF,blocked_road,8,apf_step,0.35,success,0.0
APF,blocked_road,9,apf_step,0.35,success,0.0
APF,blocked_road,10,apf_step,0.35,success,0.0
APF,blocked_road,11,apf_step,0.35,success,0.0
APF,blocked_road,12,apf_step,0.35,success,0.0
APF,blocked_road,13,apf_step,0.35,success,1.0
APF,blocked_road,14,apf_step,0.35,success,0.0
APF,blocked_road,15,apf_step,0.35,success,0.0
APF,blocked_road,16,apf_step,0.35,success,0.0
APF,blocked_road,17,apf_step,0.35,success,0.0
APF,blocked_road,18,apf_step,0.35,success,1.0
APF,blocked_road,19,apf_step,0.35,success,0.0
APF,blocked_road,20,apf_step,0.35,success,0.0
APF,blocked_road,21,apf_step,0.35,success,0.0
APF,blocked_road,22,apf_step,0.35,success,0.0
APF,blocked_road,23,apf_step,0.35,success,0.0
APF,blocked_road,24,apf_step,0.35,success,0.0
APF,blocked_road,25,apf_step,0.35,success,0.0
APF,blocked_road,26,apf_step,0.35,success,0.0
APF,blocked_road,27,apf_step,0.35,success,0.0
APF,blocked_road,28,apf_step,0.35,success,0.0
APF,blocked_road,29,apf_step,0.35,success,0.0
APF,dense_city,0,apf_step,0.35,success,0.0
APF,dense_city,1,apf_step,0.35,success,0.0
APF,dense_city,2,apf_step,0.35,success,0.0
APF,dense_city,3,apf_step,0.35,success,0.0
APF,dense_city,4,apf_step,0.35,success,0.0
APF,dense_city,5,apf_step,0.35,success,0.0
APF,dense_city,6,apf_step,0.35,success,0.0
APF,dense_city,7,apf_step,0.35,success,0.0
APF,dense_city,8,apf_step,0.35,success,1.0
APF,dense_city,9,apf_step,0.35,success,0.0
APF,dense_city,10,apf_step,0.35,success,1.0
APF,dense_city,11,apf_step,0.35,success,0.0
APF,dense_city,12,apf_step,0.35,success,0.0
APF,dense_city,13,apf_step,0.35,success,0.0
APF,dense_city,14,apf_step,0.35,success,0.0
APF,dense_city,15,apf_step,0.35,success,0.0
APF,dense_city,16,apf_step,0.35,success,0.0
APF,dense_city,17,apf_step,0.35,success,0.0
APF,dense_city,18,apf_step,0.35,success,0.0
APF,dense_city,19,apf_step,0.35,success,0.0
APF,dense_city,20,apf_step,0.35,success,1.0
APF,dense_city,21,apf_step,0.35,success,1.0
APF,dense_city,22,apf_step,0.35,success,0.0
APF,dense_city,23,apf_step,0.35,success,0.0
APF,dense_city,24,apf_step,0.35,success,0.0
APF,dense_city,25,apf_step,0.35,success,0.0
APF,dense_city,26,apf_step,0.35,success,0.0
APF,dense_city,27,apf_step,0.35,success,0.0
APF,dense_city,28,apf_step,0.35,success,0.0
APF,dense_city,29,apf_step,0.35,success,0.0
APF,normal_city,0,apf_step,0.5,success,1.0
APF,normal_city,1,apf_step,0.5,success,1.0
APF,normal_city,2,apf_step,0.5,success,1.0
APF,normal_city,3,apf_step,0.5,success,1.0
APF,normal_city,4,apf_step,0.5,success,1.0
APF,normal_city,5,apf_step,0.5,success,1.0
APF,normal_city,6,apf_step,0.5,success,0.0
APF,normal_city,7,apf_step,0.5,success,1.0
APF,normal_city,8,apf_step,0.5,success,1.0
APF,normal_city,9,apf_step,0.5,success,0.0
APF,normal_city,10,apf_step,0.5,success,1.0
APF,normal_city,11,apf_step,0.5,success,1.0
APF,normal_city,12,apf_step,0.5,success,0.0
APF,normal_city,13,apf_step,0.5,success,0.0
APF,normal_city,14,apf_step,0.5,success,1.0
APF,normal_city,15,apf_step,0.5,success,1.0
APF,normal_city,16,apf_step,0.5,success,1.0
APF,normal_city,17,apf_step,0.5,success,0.0
APF,normal_city,18,apf_step,0.5,success,1.0
APF,normal_city,19,apf_step,0.5,success,0.0
APF,normal_city,20,apf_step,0.5,success,1.0
APF,normal_city,21,apf_step,0.5,success,1.0
APF,normal_city,22,apf_step,0.5,success,1.0
APF,normal_city,23,apf_step,0.5,success,0.0
APF,normal_city,24,apf_step,0.5,success,1.0
APF,normal_city,25,apf_step,0.5,success,1.0
APF,normal_city,26,apf_step,0.5,success,1.0
APF,normal_city,27,apf_step,0.5,success,1.0
APF,normal_city,28,apf_step,0.5,success,1.0
APF,normal_city,29,apf_step,0.5,success,1.0
APF,blocked_road,0,apf_step,0.5,success,0.0
APF,blocked_road,1,apf_step,0.5,success,0.0
APF,blocked_road,2,apf_step,0.5,success,0.0
APF,blocked_road,3,apf_step,0.5,success,0.0
APF,blocked_road,4,apf_step,0.5,success,0.0
APF,blocked_road,5,apf_step,0.5,success,0.0
APF,blocked_road,6,apf_step,0.5,success,0.0
APF,blocked_road,7,apf_step,0.5,success,1.0
APF,blocked_road,8,apf_step,0.5,success,0.0
APF,blocked_road,9,apf_step,0.5,success,0.0
APF,blocked_road,10,apf_step,0.5,success,0.0
APF,blocked_road,11,apf_step,0.5,success,0.0
APF,blocked_road,12,apf_step,0.5,success,0.0
APF,blocked_road,13,apf_step,0.5,success,1.0
APF,blocked_road,14,apf_step,0.5,success,0.0
APF,blocked_road,15,apf_step,0.5,success,0.0
APF,blocked_road,16,apf_step,0.5,success,0.0
APF,blocked_road,17,apf_step,0.5,success,0.0
APF,blocked_road,18,apf_step,0.5,success,1.0
APF,blocked_road,19,apf_step,0.5,success,0.0
APF,blocked_road,20,apf_step,0.5,success,0.0
APF,blocked_road,21,apf_step,0.5,success,0.0
APF,blocked_road,22,apf_step,0.5,success,1.0
APF,blocked_road,23,apf_step,0.5,success,0.0
APF,blocked_road,24,apf_step,0.5,success,0.0
APF,blocked_road,25,apf_step,0.5,success,0.0
APF,blocked_road,26,apf_step,0.5,success,0.0
APF,blocked_road,27,apf_step,0.5,success,0.0
APF,blocked_road,28,apf_step,0.5,success,0.0
APF,blocked_road,29,apf_step,0.5,success,0.0
APF,dense_city,0,apf_step,0.5,success,0.0
APF,dense_city,1,apf_step,0.5,success,0.0
APF,dense_city,2,apf_step,0.5,success,0.0
APF,dense_city,3,apf_step,0.5,success,0.0
APF,dense_city,4,apf_step,0.5,success,0.0
APF,dense_city,5,apf_step,0.5,success,0.0
APF,dense_city,6,apf_step,0.5,success,0.0
APF,dense_city,7,apf_step,0.5,success,0.0
APF,dense_city,8,apf_step,0.5,success,1.0
APF,dense_city,9,apf_step,0.5,success,0.0
APF,dense_city,10,apf_step,0.5,success,1.0
APF,dense_city,11,apf_step,0.5,success,0.0
APF,dense_city,12,apf_step,0.5,success,0.0
APF,dense_city,13,apf_step,0.5,success,0.0
APF,dense_city,14,apf_step,0.5,success,0.0
APF,dense_city,15,apf_step,0.5,success,0.0
APF,dense_city,16,apf_step,0.5,success,0.0
APF,dense_city,17,apf_step,0.5,success,0.0
APF,dense_city,18,apf_step,0.5,success,0.0
APF,dense_city,19,apf_step,0.5,success,0.0
APF,dense_city,20,apf_step,0.5,success,1.0
APF,dense_city,21,apf_step,0.5,success,1.0
APF,dense_city,22,apf_step,0.5,success,0.0
APF,dense_city,23,apf_step,0.5,success,0.0
APF,dense_city,24,apf_step,0.5,success,0.0
APF,dense_city,25,apf_step,0.5,success,0.0
APF,dense_city,26,apf_step,0.5,success,0.0
APF,dense_city,27,apf_step,0.5,success,0.0
APF,dense_city,28,apf_step,0.5,success,0.0
APF,dense_city,29,apf_step,0.5,success,0.0
APF,normal_city,0,apf_step,0.7,success,1.0
APF,normal_city,1,apf_step,0.7,success,1.0
APF,normal_city,2,apf_step,0.7,success,1.0
APF,normal_city,3,apf_step,0.7,success,1.0
APF,normal_city,4,apf_step,0.7,success,1.0
APF,normal_city,5,apf_step,0.7,success,1.0
APF,normal_city,6,apf_step,0.7,success,0.0
APF,normal_city,7,apf_step,0.7,success,1.0
APF,normal_city,8,apf_step,0.7,success,1.0
APF,normal_city,9,apf_step,0.7,success,0.0
APF,normal_city,10,apf_step,0.7,success,1.0
APF,normal_city,11,apf_step,0.7,success,1.0
APF,normal_city,12,apf_step,0.7,success,0.0
APF,normal_city,13,apf_step,0.7,success,1.0
APF,normal_city,14,apf_step,0.7,success,1.0
APF,normal_city,15,apf_step,0.7,success,1.0
APF,normal_city,16,apf_step,0.7,success,1.0
APF,normal_city,17,apf_step,0.7,success,0.0
APF,normal_city,18,apf_step,0.7,success,1.0
APF,normal_city,19,apf_step,0.7,success,0.0
APF,normal_city,20,apf_step,0.7,success,1.0
APF,normal_city,21,apf_step,0.7,success,1.0
APF,normal_city,22,apf_step,0.7,success,1.0
APF,normal_city,23,apf_step,0.7,success,0.0
APF,normal_city,24,apf_step,0.7,success,1.0
APF,normal_city,25,apf_step,0.7,success,1.0
APF,normal_city,26,apf_step,0.7,success,1.0
APF,normal_city,27,apf_step,0.7,success,1.0
APF,normal_city,28,apf_step,0.7,success,1.0
APF,normal_city,29,apf_step,0.7,success,1.0
APF,blocked_road,0,apf_step,0.7,success,0.0
APF,blocked_road,1,apf_step,0.7,success,0.0
APF,blocked_road,2,apf_step,0.7,success,0.0
APF,blocked_road,3,apf_step,0.7,success,0.0
APF,blocked_road,4,apf_step,0.7,success,0.0
APF,blocked_road,5,apf_step,0.7,success,0.0
APF,blocked_road,6,apf_step,0.7,success,0.0
APF,blocked_road,7,apf_step,0.7,success,1.0
APF,blocked_road,8,apf_step,0.7,success,0.0
APF,blocked_road,9,apf_step,0.7,success,0.0
APF,blocked_road,10,apf_step,0.7,success,0.0
APF,blocked_road,11,apf_step,0.7,success,0.0
APF,blocked_road,12,apf_step,0.7,success,0.0
APF,blocked_road,13,apf_step,0.7,success,1.0
APF,blocked_road,14,apf_step,0.7,success,0.0
APF,blocked_road,15,apf_step,0.7,success,0.0
APF,blocked_road,16,apf_step,0.7,success,0.0
APF,blocked_road,17,apf_step,0.7,success,0.0
APF,blocked_road,18,apf_step,0.7,success,1.0
APF,blocked_road,19,apf_step,0.7,success,0.0
APF,blocked_road,20,apf_step,0.7,success,0.0
APF,blocked_road,21,apf_step,0.7,success,0.0
APF,blocked_road,22,apf_step,0.7,success,0.0
APF,blocked_road,23,apf_step,0.7,success,0.0
APF,blocked_road,24,apf_step,0.7,success,0.0
APF,blocked_road,25,apf_step,0.7,success,1.0
APF,blocked_road,26,apf_step,0.7,success,0.0
APF,blocked_road,27,apf_step,0.7,success,0.0
APF,blocked_road,28,apf_step,0.7,success,0.0
APF,blocked_road,29,apf_step,0.7,success,0.0
APF,dense_city,0,apf_step,0.7,success,0.0
APF,dense_city,1,apf_step,0.7,success,0.0
APF,dense_city,2,apf_step,0.7,success,0.0
APF,dense_city,3,apf_step,0.7,success,0.0
APF,dense_city,4,apf_step,0.7,success,0.0
APF,dense_city,5,apf_step,0.7,success,0.0
APF,dense_city,6,apf_step,0.7,success,0.0
APF,dense_city,7,apf_step,0.7,success,0.0
APF,dense_city,8,apf_step,0.7,success,0.0
APF,dense_city,9,apf_step,0.7,success,0.0
APF,dense_city,10,apf_step,0.7,success,0.0
APF,dense_city,11,apf_step,0.7,success,0.0
APF,dense_city,12,apf_step,0.7,success,0.0
APF,dense_city,13,apf_step,0.7,success,0.0
APF,dense_city,14,apf_step,0.7,success,0.0
APF,dense_city,15,apf_step,0.7,success,0.0
APF,dense_city,16,apf_step,0.7,success,0.0
APF,dense_city,17,apf_step,0.7,success,0.0
APF,dense_city,18,apf_step,0.7,success,0.0
APF,dense_city,19,apf_step,0.7,success,0.0
APF,dense_city,20,apf_step,0.7,success,0.0
APF,dense_city,21,apf_step,0.7,success,0.0
APF,dense_city,22,apf_step,0.7,success,0.0
APF,dense_city,23,apf_step,0.7,success,0.0
APF,dense_city,24,apf_step,0.7,success,0.0
APF,dense_city,25,apf_step,0.7,success,0.0
APF,dense_city,26,apf_step,0.7,success,0.0
APF,dense_city,27,apf_step,0.7,success,0.0
APF,dense_city,28,apf_step,0.7,success,0.0
APF,dense_city,29,apf_step,0.7,success,0.0
APF,normal_city,0,apf_step,1.0,success,1.0
APF,normal_city,1,apf_step,1.0,success,1.0
APF,normal_city,2,apf_step,1.0,success,1.0
APF,normal_city,3,apf_step,1.0,success,1.0
APF,normal_city,4,apf_step,1.0,success,1.0
APF,normal_city,5,apf_step,1.0,success,1.0
APF,normal_city,6,apf_step,1.0,success,0.0
APF,normal_city,7,apf_step,1.0,success,1.0
APF,normal_city,8,apf_step,1.0,success,1.0
APF,normal_city,9,apf_step,1.0,success,0.0
APF,normal_city,10,apf_step,1.0,success,1.0
APF,normal_city,11,apf_step,1.0,success,1.0
APF,normal_city,12,apf_step,1.0,success,0.0
APF,normal_city,13,apf_step,1.0,success,1.0
APF,normal_city,14,apf_step,1.0,success,1.0
APF,normal_city,15,apf_step,1.0,success,1.0
APF,normal_city,16,apf_step,1.0,success,1.0
APF,normal_city,17,apf_step,1.0,success,0.0
APF,normal_city,18,apf_step,1.0,success,1.0
APF,normal_city,19,apf_step,1.0,success,0.0
APF,normal_city,20,apf_step,1.0,success,0.0
APF,normal_city,21,apf_step,1.0,success,1.0
APF,normal_city,22,apf_step,1.0,success,1.0
APF,normal_city,23,apf_step,1.0,success,0.0
APF,normal_city,24,apf_step,1.0,success,1.0
APF,normal_city,25,apf_step,1.0,success,1.0
APF,normal_city,26,apf_step,1.0,success,1.0
APF,normal_city,27,apf_step,1.0,success,1.0
APF,normal_city,28,apf_step,1.0,success,1.0
APF,normal_city,29,apf_step,1.0,success,1.0
APF,blocked_road,0,apf_step,1.0,success,0.0
APF,blocked_road,1,apf_step,1.0,success,0.0
APF,blocked_road,2,apf_step,1.0,success,0.0
APF,blocked_road,3,apf_step,1.0,success,0.0
APF,blocked_road,4,apf_step,1.0,success,0.0
APF,blocked_road,5,apf_step,1.0,success,0.0
APF,blocked_road,6,apf_step,1.0,success,0.0
APF,blocked_road,7,apf_step,1.0,success,1.0
APF,blocked_road,8,apf_step,1.0,success,0.0
APF,blocked_road,9,apf_step,1.0,success,0.0
APF,blocked_road,10,apf_step,1.0,success,0.0
APF,blocked_road,11,apf_step,1.0,success,0.0
APF,blocked_road,12,apf_step,1.0,success,0.0
APF,blocked_road,13,apf_step,1.0,success,1.0
APF,blocked_road,14,apf_step,1.0,success,0.0
APF,blocked_road,15,apf_step,1.0,success,0.0
APF,blocked_road,16,apf_step,1.0,success,0.0
APF,blocked_road,17,apf_step,1.0,success,0.0
APF,blocked_road,18,apf_step,1.0,success,1.0
APF,blocked_road,19,apf_step,1.0,success,0.0
APF,blocked_road,20,apf_step,1.0,success,0.0
APF,blocked_road,21,apf_step,1.0,success,0.0
APF,blocked_road,22,apf_step,1.0,success,1.0
APF,blocked_road,23,apf_step,1.0,success,0.0
APF,blocked_road,24,apf_step,1.0,success,0.0
APF,blocked_road,25,apf_step,1.0,success,0.0
APF,blocked_road,26,apf_step,1.0,success,0.0
APF,blocked_road,27,apf_step,1.0,success,0.0
APF,blocked_road,28,apf_step,1.0,success,0.0
APF,blocked_road,29,apf_step,1.0,success,0.0
APF,dense_city,0,apf_step,1.0,success,0.0
APF,dense_city,1,apf_step,1.0,success,0.0
APF,dense_city,2,apf_step,1.0,success,0.0
APF,dense_city,3,apf_step,1.0,success,0.0
APF,dense_city,4,apf_step,1.0,success,0.0
APF,dense_city,5,apf_step,1.0,success,0.0
APF,dense_city,6,apf_step,1.0,success,0.0
APF,dense_city,7,apf_step,1.0,success,0.0
APF,dense_city,8,apf_step,1.0,success,0.0
APF,dense_city,9,apf_step,1.0,success,0.0
APF,dense_city,10,apf_step,1.0,success,0.0
APF,dense_city,11,apf_step,1.0,success,0.0
APF,dense_city,12,apf_step,1.0,success,0.0
APF,dense_city,13,apf_step,1.0,success,0.0
APF,dense_city,14,apf_step,1.0,success,0.0
APF,dense_city,15,apf_step,1.0,success,0.0
APF,dense_city,16,apf_step,1.0,success,0.0
APF,dense_city,17,apf_step,1.0,success,0.0
APF,dense_city,18,apf_step,1.0,success,0.0
APF,dense_city,19,apf_step,1.0,success,0.0
APF,dense_city,20,apf_step,1.0,success,0.0
APF,dense_city,21,apf_step,1.0,success,0.0
APF,dense_city,22,apf_step,1.0,success,0.0
APF,dense_city,23,apf_step,1.0,success,0.0
APF,dense_city,24,apf_step,1.0,success,0.0
APF,dense_city,25,apf_step,1.0,success,0.0
APF,dense_city,26,apf_step,1.0,success,0.0
APF,dense_city,27,apf_step,1.0,success,0.0
APF,dense_city,28,apf_step,1.0,success,0.0
APF,dense_city,29,apf_step,1.0,success,0.0
APF,normal_city,0,apf_step,1.4,success,0.0
APF,normal_city,1,apf_step,1.4,success,0.0
APF,normal_city,2,apf_step,1.4,success,0.0
APF,normal_city,3,apf_step,1.4,success,0.0
APF,normal_city,4,apf_step,1.4,success,0.0
APF,normal_city,5,apf_step,1.4,success,0.0
APF,normal_city,6,apf_step,1.4,success,0.0
APF,normal_city,7,apf_step,1.4,success,0.0
APF,normal_city,8,apf_step,1.4,success,0.0
APF,normal_city,9,apf_step,1.4,success,0.0
APF,normal_city,10,apf_step,1.4,success,0.0
APF,normal_city,11,apf_step,1.4,success,0.0
APF,normal_city,12,apf_step,1.4,success,0.0
APF,normal_city,13,apf_step,1.4,success,1.0
APF,normal_city,14,apf_step,1.4,success,0.0
APF,normal_city,15,apf_step,1.4,success,0.0
APF,normal_city,16,apf_step,1.4,success,1.0
APF,normal_city,17,apf_step,1.4,success,0.0
APF,normal_city,18,apf_step,1.4,success,1.0
APF,normal_city,19,apf_step,1.4,success,0.0
APF,normal_city,20,apf_step,1.4,success,0.0
APF,normal_city,21,apf_step,1.4,success,0.0
APF,normal_city,22,apf_step,1.4,success,1.0
APF,normal_city,23,apf_step,1.4,success,0.0
APF,normal_city,24,apf_step,1.4,success,0.0
APF,normal_city,25,apf_step,1.4,success,0.0
APF,normal_city,26,apf_step,1.4,success,0.0
APF,normal_city,27,apf_step,1.4,success,1.0
APF,normal_city,28,apf_step,1.4,success,0.0
APF,normal_city,29,apf_step,1.4,success,0.0
APF,blocked_road,0,apf_step,1.4,success,0.0
APF,blocked_road,1,apf_step,1.4,success,0.0
APF,blocked_road,2,apf_step,1.4,success,0.0
APF,blocked_road,3,apf_step,1.4,success,0.0
APF,blocked_road,4,apf_step,1.4,success,0.0
APF,blocked_road,5,apf_step,1.4,success,0.0
APF,blocked_road,6,apf_step,1.4,success,0.0
APF,blocked_road,7,apf_step,1.4,success,0.0
APF,blocked_road,8,apf_step,1.4,success,0.0
APF,blocked_road,9,apf_step,1.4,success,0.0
APF,blocked_road,10,apf_step,1.4,success,0.0
APF,blocked_road,11,apf_step,1.4,success,0.0
APF,blocked_road,12,apf_step,1.4,success,0.0
APF,blocked_road,13,apf_step,1.4,success,0.0
APF,blocked_road,14,apf_step,1.4,success,0.0
APF,blocked_road,15,apf_step,1.4,success,0.0
APF,blocked_road,16,apf_step,1.4,success,0.0
APF,blocked_road,17,apf_step,1.4,success,0.0
APF,blocked_road,18,apf_step,1.4,success,0.0
APF,blocked_road,19,apf_step,1.4,success,0.0
APF,blocked_road,20,apf_step,1.4,success,0.0
APF,blocked_road,21,apf_step,1.4,success,0.0
APF,blocked_road,22,apf_step,1.4,success,0.0
APF,blocked_road,23,apf_step,1.4,success,0.0
APF,blocked_road,24,apf_step,1.4,success,0.0
APF,blocked_road,25,apf_step,1.4,success,0.0
APF,blocked_road,26,apf_step,1.4,success,0.0
APF,blocked_road,27,apf_step,1.4,success,0.0
APF,blocked_road,28,apf_step,1.4,success,0.0
APF,blocked_road,29,apf_step,1.4,success,0.0
APF,dense_city,0,apf_step,1.4,success,0.0
APF,dense_city,1,apf_step,1.4,success,0.0
APF,dense_city,2,apf_step,1.4,success,0.0
APF,dense_city,3,apf_step,1.4,success,0.0
APF,dense_city,4,apf_step,1.4,success,0.0
APF,dense_city,5,apf_step,1.4,success,0.0
APF,dense_city,6,apf_step,1.4,success,0.0
APF,dense_city,7,apf_step,1.4,success,0.0
APF,dense_city,8,apf_step,1.4,success,0.0
APF,dense_city,9,apf_step,1.4,success,0.0
APF,dense_city,10,apf_step,1.4,success,0.0
APF,dense_city,11,apf_step,1.4,success,0.0
APF,dense_city,12,apf_step,1.4,success,0.0
APF,dense_city,13,apf_step,1.4,success,0.0
APF,dense_city,14,apf_step,1.4,success,0.0
APF,dense_city,15,apf_step,1.4,success,0.0
APF,dense_city,16,apf_step,1.4,success,0.0
APF,dense_city,17,apf_step,1.4,success,0.0
APF,dense_city,18,apf_step,1.4,success,0.0
APF,dense_city,19,apf_step,1.4,success,0.0
APF,dense_city,20,apf_step,1.4,success,0.0
APF,dense_city,21,apf_step,1.4,success,0.0
APF,dense_city,22,apf_step,1.4,success,0.0
APF,dense_city,23,apf_step,1.4,success,0.0
APF,dense_city,24,apf_step,1.4,success,0.0
APF,dense_city,25,apf_step,1.4,success,0.0
APF,dense_city,26,apf_step,1.4,success,0.0
APF,dense_city,27,apf_step,1.4,success,0.0
APF,dense_city,28,apf_step,1.4,success,0.0
APF,dense_city,29,apf_step,1.4,success,0.0
APF,normal_city,0,apf_step,0.35,path_length,172.9
APF,normal_city,1,apf_step,0.35,path_length,175.35
APF,normal_city,2,apf_step,0.35,path_length,175.35
APF,normal_city,3,apf_step,0.35,path_length,182.7
APF,normal_city,4,apf_step,0.35,path_length,176.05
APF,normal_city,5,apf_step,0.35,path_length,174.65
APF,normal_city,6,apf_step,0.35,path_length,
APF,normal_city,7,apf_step,0.35,path_length,175.7
APF,normal_city,8,apf_step,0.35,path_length,183.05
APF,normal_city,9,apf_step,0.35,path_length,
APF,normal_city,10,apf_step,0.35,path_length,169.05
APF,normal_city,11,apf_step,0.35,path_length,184.8
APF,normal_city,12,apf_step,0.35,path_length,
APF,normal_city,13,apf_step,0.35,path_length,
APF,normal_city,14,apf_step,0.35,path_length,171.85
APF,normal_city,15,apf_step,0.35,path_length,173.6
APF,normal_city,16,apf_step,0.35,path_length,167.65
APF,normal_city,17,apf_step,0.35,path_length,
APF,normal_city,18,apf_step,0.35,path_length,166.95
APF,normal_city,19,apf_step,0.35,path_length,
APF,normal_city,20,apf_step,0.35,path_length,169.4
APF,normal_city,21,apf_step,0.35,path_length,175.7
APF,normal_city,22,apf_step,0.35,path_length,184.1
APF,normal_city,23,apf_step,0.35,path_length,
APF,normal_city,24,apf_step,0.35,path_length,175.35
APF,normal_city,25,apf_step,0.35,path_length,172.55
APF,normal_city,26,apf_step,0.35,path_length,169.75
APF,normal_city,27,apf_step,0.35,path_length,185.85
APF,normal_city,28,apf_step,0.35,path_length,176.05
APF,normal_city,29,apf_step,0.35,path_length,170.8
APF,blocked_road,0,apf_step,0.35,path_length,
APF,blocked_road,1,apf_step,0.35,path_length,
APF,blocked_road,2,apf_step,0.35,path_length,
APF,blocked_road,3,apf_step,0.35,path_length,
APF,blocked_road,4,apf_step,0.35,path_length,
APF,blocked_road,5,apf_step,0.35,path_length,
APF,blocked_road,6,apf_step,0.35,path_length,
APF,blocked_road,7,apf_step,0.35,path_length,179.55
APF,blocked_road,8,apf_step,0.35,path_length,
APF,blocked_road,9,apf_step,0.35,path_length,
APF,blocked_road,10,apf_step,0.35,path_length,
APF,blocked_road,11,apf_step,0.35,path_length,
APF,blocked_road,12,apf_step,0.35,path_length,
APF,blocked_road,13,apf_step,0.35,path_length,186.9
APF,blocked_road,14,apf_step,0.35,path_length,
APF,blocked_road,15,apf_step,0.35,path_length,
APF,blocked_road,16,apf_step,0.35,path_length,
APF,blocked_road,17,apf_step,0.35,path_length,
APF,blocked_road,18,apf_step,0.35,path_length,199.5
APF,blocked_road,19,apf_step,0.35,path_length,
APF,blocked_road,20,apf_step,0.35,path_length,
APF,blocked_road,21,apf_step,0.35,path_length,
APF,blocked_road,22,apf_step,0.35,path_length,
APF,blocked_road,23,apf_step,0.35,path_length,
APF,blocked_road,24,apf_step,0.35,path_length,
APF,blocked_road,25,apf_step,0.35,path_length,
APF,blocked_road,26,apf_step,0.35,path_length,
APF,blocked_road,27,apf_step,0.35,path_length,
APF,blocked_road,28,apf_step,0.35,path_length,
APF,blocked_road,29,apf_step,0.35,path_length,
APF,dense_city,0,apf_step,0.35,path_length,
APF,dense_city,1,apf_step,0.35,path_length,
APF,dense_city,2,apf_step,0.35,path_length,
APF,dense_city,3,apf_step,0.35,path_length,
APF,dense_city,4,apf_step,0.35,path_length,
APF,dense_city,5,apf_step,0.35,path_length,
APF,dense_city,6,apf_step,0.35,path_length,
APF,dense_city,7,apf_step,0.35,path_length,
APF,dense_city,8,apf_step,0.35,path_length,200.2
APF,dense_city,9,apf_step,0.35,path_length,
APF,dense_city,10,apf_step,0.35,path_length,192.5
APF,dense_city,11,apf_step,0.35,path_length,
APF,dense_city,12,apf_step,0.35,path_length,
APF,dense_city,13,apf_step,0.35,path_length,
APF,dense_city,14,apf_step,0.35,path_length,
APF,dense_city,15,apf_step,0.35,path_length,
APF,dense_city,16,apf_step,0.35,path_length,
APF,dense_city,17,apf_step,0.35,path_length,
APF,dense_city,18,apf_step,0.35,path_length,
APF,dense_city,19,apf_step,0.35,path_length,
APF,dense_city,20,apf_step,0.35,path_length,191.1
APF,dense_city,21,apf_step,0.35,path_length,192.5
APF,dense_city,22,apf_step,0.35,path_length,
APF,dense_city,23,apf_step,0.35,path_length,
APF,dense_city,24,apf_step,0.35,path_length,
APF,dense_city,25,apf_step,0.35,path_length,
APF,dense_city,26,apf_step,0.35,path_length,
APF,dense_city,27,apf_step,0.35,path_length,
APF,dense_city,28,apf_step,0.35,path_length,
APF,dense_city,29,apf_step,0.35,path_length,
APF,normal_city,0,apf_step,0.5,path_length,173.5
APF,normal_city,1,apf_step,0.5,path_length,177.0
APF,normal_city,2,apf_step,0.5,path_length,175.5
APF,normal_city,3,apf_step,0.5,path_length,182.5
APF,normal_city,4,apf_step,0.5,path_length,176.5
APF,normal_city,5,apf_step,0.5,path_length,175.0
APF,normal_city,6,apf_step,0.5,path_length,
APF,normal_city,7,apf_step,0.5,path_length,177.5
APF,normal_city,8,apf_step,0.5,path_length,183.5
APF,normal_city,9,apf_step,0.5,path_length,
APF,normal_city,10,apf_step,0.5,path_length,169.5
APF,normal_city,11,apf_step,0.5,path_length,186.0
APF,normal_city,12,apf_step,0.5,path_length,
APF,normal_city,13,apf_step,0.5,path_length,
APF,normal_city,14,apf_step,0.5,path_length,173.0
APF,normal_city,15,apf_step,0.5,path_length,174.0
APF,normal_city,16,apf_step,0.5,path_length,168.0
APF,normal_city,17,apf_step,0.5,path_length,
APF,normal_city,18,apf_step,0.5,path_length,167.0
APF,normal_city,19,apf_step,0.5,path_length,
APF,normal_city,20,apf_step,0.5,path_length,170.0
APF,normal_city,21,apf_step,0.5,path_length,176.5
APF,normal_city,22,apf_step,0.5,path_length,184.5
APF,normal_city,23,apf_step,0.5,path_length,
APF,normal_city,24,apf_step,0.5,path_length,176.0
APF,normal_city,25,apf_step,0.5,path_length,174.0
APF,normal_city,26,apf_step,0.5,path_length,169.0
APF,normal_city,27,apf_step,0.5,path_length,186.5
APF,normal_city,28,apf_step,0.5,path_length,177.0
APF,normal_city,29,apf_step,0.5,path_length,171.5
APF,blocked_road,0,apf_step,0.5,path_length,
APF,blocked_road,1,apf_step,0.5,path_length,
APF,blocked_road,2,apf_step,0.5,path_length,
APF,blocked_road,3,apf_step,0.5,path_length,
APF,blocked_road,4,apf_step,0.5,path_length,
APF,blocked_road,5,apf_step,0.5,path_length,
APF,blocked_road,6,apf_step,0.5,path_length,
APF,blocked_road,7,apf_step,0.5,path_length,218.0
APF,blocked_road,8,apf_step,0.5,path_length,
APF,blocked_road,9,apf_step,0.5,path_length,
APF,blocked_road,10,apf_step,0.5,path_length,
APF,blocked_road,11,apf_step,0.5,path_length,
APF,blocked_road,12,apf_step,0.5,path_length,
APF,blocked_road,13,apf_step,0.5,path_length,187.0
APF,blocked_road,14,apf_step,0.5,path_length,
APF,blocked_road,15,apf_step,0.5,path_length,
APF,blocked_road,16,apf_step,0.5,path_length,
APF,blocked_road,17,apf_step,0.5,path_length,
APF,blocked_road,18,apf_step,0.5,path_length,200.0
APF,blocked_road,19,apf_step,0.5,path_length,
APF,blocked_road,20,apf_step,0.5,path_length,
APF,blocked_road,21,apf_step,0.5,path_length,
APF,blocked_road,22,apf_step,0.5,path_length,183.5
APF,blocked_road,23,apf_step,0.5,path_length,
APF,blocked_road,24,apf_step,0.5,path_length,
APF,blocked_road,25,apf_step,0.5,path_length,
APF,blocked_road,26,apf_step,0.5,path_length,
APF,blocked_road,27,apf_step,0.5,path_length,
APF,blocked_road,28,apf_step,0.5,path_length,
APF,blocked_road,29,apf_step,0.5,path_length,
APF,dense_city,0,apf_step,0.5,path_length,
APF,dense_city,1,apf_step,0.5,path_length,
APF,dense_city,2,apf_step,0.5,path_length,
APF,dense_city,3,apf_step,0.5,path_length,
APF,dense_city,4,apf_step,0.5,path_length,
APF,dense_city,5,apf_step,0.5,path_length,
APF,dense_city,6,apf_step,0.5,path_length,
APF,dense_city,7,apf_step,0.5,path_length,
APF,dense_city,8,apf_step,0.5,path_length,200.5
APF,dense_city,9,apf_step,0.5,path_length,
APF,dense_city,10,apf_step,0.5,path_length,193.0
APF,dense_city,11,apf_step,0.5,path_length,
APF,dense_city,12,apf_step,0.5,path_length,
APF,dense_city,13,apf_step,0.5,path_length,
APF,dense_city,14,apf_step,0.5,path_length,
APF,dense_city,15,apf_step,0.5,path_length,
APF,dense_city,16,apf_step,0.5,path_length,
APF,dense_city,17,apf_step,0.5,path_length,
APF,dense_city,18,apf_step,0.5,path_length,
APF,dense_city,19,apf_step,0.5,path_length,
APF,dense_city,20,apf_step,0.5,path_length,191.5
APF,dense_city,21,apf_step,0.5,path_length,192.0
APF,dense_city,22,apf_step,0.5,path_length,
APF,dense_city,23,apf_step,0.5,path_length,
APF,dense_city,24,apf_step,0.5,path_length,
APF,dense_city,25,apf_step,0.5,path_length,
APF,dense_city,26,apf_step,0.5,path_length,
APF,dense_city,27,apf_step,0.5,path_length,
APF,dense_city,28,apf_step,0.5,path_length,
APF,dense_city,29,apf_step,0.5,path_length,
APF,normal_city,0,apf_step,0.7,path_length,175.7
APF,normal_city,1,apf_step,0.7,path_length,177.1
APF,normal_city,2,apf_step,0.7,path_length,175.0
APF,normal_city,3,apf_step,0.7,path_length,182.7
APF,normal_city,4,apf_step,0.7,path_length,178.5
APF,normal_city,5,apf_step,0.7,path_length,177.1
APF,normal_city,6,apf_step,0.7,path_length,
APF,normal_city,7,apf_step,0.7,path_length,177.8
APF,normal_city,8,apf_step,0.7,path_length,183.4
APF,normal_city,9,apf_step,0.7,path_length,
APF,normal_city,10,apf_step,0.7,path_length,169.4
APF,normal_city,11,apf_step,0.7,path_length,184.8
APF,normal_city,12,apf_step,0.7,path_length,
APF,normal_city,13,apf_step,0.7,path_length,179.2
APF,normal_city,14,apf_step,0.7,path_length,172.2
APF,normal_city,15,apf_step,0.7,path_length,174.3
APF,normal_city,16,apf_step,0.7,path_length,168.7
APF,normal_city,17,apf_step,0.7,path_length,
APF,normal_city,18,apf_step,0.7,path_length,168.0
APF,normal_city,19,apf_step,0.7,path_length,
APF,normal_city,20,apf_step,0.7,path_length,171.5
APF,normal_city,21,apf_step,0.7,path_length,176.4
APF,normal_city,22,apf_step,0.7,path_length,184.8
APF,normal_city,23,apf_step,0.7,path_length,
APF,normal_city,24,apf_step,0.7,path_length,176.4
APF,normal_city,25,apf_step,0.7,path_length,174.3
APF,normal_city,26,apf_step,0.7,path_length,170.8
APF,normal_city,27,apf_step,0.7,path_length,186.9
APF,normal_city,28,apf_step,0.7,path_length,177.8
APF,normal_city,29,apf_step,0.7,path_length,170.8
APF,blocked_road,0,apf_step,0.7,path_length,
APF,blocked_road,1,apf_step,0.7,path_length,
APF,blocked_road,2,apf_step,0.7,path_length,
APF,blocked_road,3,apf_step,0.7,path_length,
APF,blocked_road,4,apf_step,0.7,path_length,
APF,blocked_road,5,apf_step,0.7,path_length,
APF,blocked_road,6,apf_step,0.7,path_length,
APF,blocked_road,7,apf_step,0.7,path_length,182.0
APF,blocked_road,8,apf_step,0.7,path_length,
APF,blocked_road,9,apf_step,0.7,path_length,
APF,blocked_road,10,apf_step,0.7,path_length,
APF,blocked_road,11,apf_step,0.7,path_length,
APF,blocked_road,12,apf_step,0.7,path_length,
APF,blocked_road,13,apf_step,0.7,path_length,187.6
APF,blocked_road,14,apf_step,0.7,path_length,
APF,blocked_road,15,apf_step,0.7,path_length,
APF,blocked_road,16,apf_step,0.7,path_length,
APF,blocked_road,17,apf_step,0.7,path_length,
APF,blocked_road,18,apf_step,0.7,path_length,200.9
APF,blocked_road,19,apf_step,0.7,path_length,
APF,blocked_road,20,apf_step,0.7,path_length,
APF,blocked_road,21,apf_step,0.7,path_length,
APF,blocked_road,22,apf_step,0.7,path_length,
APF,blocked_road,23,apf_step,0.7,path_length,
APF,blocked_road,24,apf_step,0.7,path_length,
APF,blocked_road,25,apf_step,0.7,path_length,177.1
APF,blocked_road,26,apf_step,0.7,path_length,
APF,blocked_road,27,apf_step,0.7,path_length,
APF,blocked_road,28,apf_step,0.7,path_length,
APF,blocked_road,29,apf_step,0.7,path_length,
APF,dense_city,0,apf_step,0.7,path_length,
APF,dense_city,1,apf_step,0.7,path_length,
APF,dense_city,2,apf_step,0.7,path_length,
APF,dense_city,3,apf_step,0.7,path_length,
APF,dense_city,4,apf_step,0.7,path_length,
APF,dense_city,5,apf_step,0.7,path_length,
APF,dense_city,6,apf_step,0.7,path_length,
APF,dense_city,7,apf_step,0.7,path_length,
APF,dense_city,8,apf_step,0.7,path_length,
APF,dense_city,9,apf_step,0.7,path_length,
APF,dense_city,10,apf_step,0.7,path_length,
APF,dense_city,11,apf_step,0.7,path_length,
APF,dense_city,12,apf_step,0.7,path_length,
APF,dense_city,13,apf_step,0.7,path_length,
APF,dense_city,14,apf_step,0.7,path_length,
APF,dense_city,15,apf_step,0.7,path_length,
APF,dense_city,16,apf_step,0.7,path_length,
APF,dense_city,17,apf_step,0.7,path_length,
APF,dense_city,18,apf_step,0.7,path_length,
APF,dense_city,19,apf_step,0.7,path_length,
APF,dense_city,20,apf_step,0.7,path_length,
APF,dense_city,21,apf_step,0.7,path_length,
APF,dense_city,22,apf_step,0.7,path_length,
APF,dense_city,23,apf_step,0.7,path_length,
APF,dense_city,24,apf_step,0.7,path_length,
APF,dense_city,25,apf_step,0.7,path_length,
APF,dense_city,26,apf_step,0.7,path_length,
APF,dense_city,27,apf_step,0.7,path_length,
APF,dense_city,28,apf_step,0.7,path_length,
APF,dense_city,29,apf_step,0.7,path_length,
APF,normal_city,0,apf_step,1.0,path_length,175.0
APF,normal_city,1,apf_step,1.0,path_length,178.0
APF,normal_city,2,apf_step,1.0,path_length,178.0
APF,normal_city,3,apf_step,1.0,path_length,184.0
APF,normal_city,4,apf_step,1.0,path_length,182.0
APF,normal_city,5,apf_step,1.0,path_length,178.0
APF,normal_city,6,apf_step,1.0,path_length,
APF,normal_city,7,apf_step,1.0,path_length,179.0
APF,normal_city,8,apf_step,1.0,path_length,186.0
APF,normal_city,9,apf_step,1.0,path_length,
APF,normal_city,10,apf_step,1.0,path_length,169.0
APF,normal_city,11,apf_step,1.0,path_length,187.0
APF,normal_city,12,apf_step,1.0,path_length,
APF,normal_city,13,apf_step,1.0,path_length,179.0
APF,normal_city,14,apf_step,1.0,path_length,173.0
APF,normal_city,15,apf_step,1.0,path_length,176.0
APF,normal_city,16,apf_step,1.0,path_length,171.0
APF,normal_city,17,apf_step,1.0,path_length,
APF,normal_city,18,apf_step,1.0,path_length,167.0
APF,normal_city,19,apf_step,1.0,path_length,
APF,normal_city,20,apf_step,1.0,path_length,
APF,normal_city,21,apf_step,1.0,path_length,178.0
APF,normal_city,22,apf_step,1.0,path_length,186.0
APF,normal_city,23,apf_step,1.0,path_length,
APF,normal_city,24,apf_step,1.0,path_length,179.0
APF,normal_city,25,apf_step,1.0,path_length,176.0
APF,normal_city,26,apf_step,1.0,path_length,173.0
APF,normal_city,27,apf_step,1.0,path_length,188.0
APF,normal_city,28,apf_step,1.0,path_length,179.0
APF,normal_city,29,apf_step,1.0,path_length,173.0
APF,blocked_road,0,apf_step,1.0,path_length,
APF,blocked_road,1,apf_step,1.0,path_length,
APF,blocked_road,2,apf_step,1.0,path_length,
APF,blocked_road,3,apf_step,1.0,path_length,
APF,blocked_road,4,apf_step,1.0,path_length,
APF,blocked_road,5,apf_step,1.0,path_length,
APF,blocked_road,6,apf_step,1.0,path_length,
APF,blocked_road,7,apf_step,1.0,path_length,222.0
APF,blocked_road,8,apf_step,1.0,path_length,
APF,blocked_road,9,apf_step,1.0,path_length,
APF,blocked_road,10,apf_step,1.0,path_length,
APF,blocked_road,11,apf_step,1.0,path_length,
APF,blocked_road,12,apf_step,1.0,path_length,
APF,blocked_road,13,apf_step,1.0,path_length,188.0
APF,blocked_road,14,apf_step,1.0,path_length,
APF,blocked_road,15,apf_step,1.0,path_length,
APF,blocked_road,16,apf_step,1.0,path_length,
APF,blocked_road,17,apf_step,1.0,path_length,
APF,blocked_road,18,apf_step,1.0,path_length,204.0
APF,blocked_road,19,apf_step,1.0,path_length,
APF,blocked_road,20,apf_step,1.0,path_length,
APF,blocked_road,21,apf_step,1.0,path_length,
APF,blocked_road,22,apf_step,1.0,path_length,185.0
APF,blocked_road,23,apf_step,1.0,path_length,
APF,blocked_road,24,apf_step,1.0,path_length,
APF,blocked_road,25,apf_step,1.0,path_length,
APF,blocked_road,26,apf_step,1.0,path_length,
APF,blocked_road,27,apf_step,1.0,path_length,
APF,blocked_road,28,apf_step,1.0,path_length,
APF,blocked_road,29,apf_step,1.0,path_length,
APF,dense_city,0,apf_step,1.0,path_length,
APF,dense_city,1,apf_step,1.0,path_length,
APF,dense_city,2,apf_step,1.0,path_length,
APF,dense_city,3,apf_step,1.0,path_length,
APF,dense_city,4,apf_step,1.0,path_length,
APF,dense_city,5,apf_step,1.0,path_length,
APF,dense_city,6,apf_step,1.0,path_length,
APF,dense_city,7,apf_step,1.0,path_length,
APF,dense_city,8,apf_step,1.0,path_length,
APF,dense_city,9,apf_step,1.0,path_length,
APF,dense_city,10,apf_step,1.0,path_length,
APF,dense_city,11,apf_step,1.0,path_length,
APF,dense_city,12,apf_step,1.0,path_length,
APF,dense_city,13,apf_step,1.0,path_length,
APF,dense_city,14,apf_step,1.0,path_length,
APF,dense_city,15,apf_step,1.0,path_length,
APF,dense_city,16,apf_step,1.0,path_length,
APF,dense_city,17,apf_step,1.0,path_length,
APF,dense_city,18,apf_step,1.0,path_length,
APF,dense_city,19,apf_step,1.0,path_length,
APF,dense_city,20,apf_step,1.0,path_length,
APF,dense_city,21,apf_step,1.0,path_length,
APF,dense_city,22,apf_step,1.0,path_length,
APF,dense_city,23,apf_step,1.0,path_length,
APF,dense_city,24,apf_step,1.0,path_length,
APF,dense_city,25,apf_step,1.0,path_length,
APF,dense_city,26,apf_step,1.0,path_length,
APF,dense_city,27,apf_step,1.0,path_length,
APF,dense_city,28,apf_step,1.0,path_length,
APF,dense_city,29,apf_step,1.0,path_length,
APF,normal_city,0,apf_step,1.4,path_length,
APF,normal_city,1,apf_step,1.4,path_length,
APF,normal_city,2,apf_step,1.4,path_length,
APF,normal_city,3,apf_step,1.4,path_length,
APF,normal_city,4,apf_step,1.4,path_length,
APF,normal_city,5,apf_step,1.4,path_length,
APF,normal_city,6,apf_step,1.4,path_length,
APF,normal_city,7,apf_step,1.4,path_length,
APF,normal_city,8,apf_step,1.4,path_length,
APF,normal_city,9,apf_step,1.4,path_length,
APF,normal_city,10,apf_step,1.4,path_length,
APF,normal_city,11,apf_step,1.4,path_length,
APF,normal_city,12,apf_step,1.4,path_length,
APF,normal_city,13,apf_step,1.4,path_length,182.0
APF,normal_city,14,apf_step,1.4,path_length,
APF,normal_city,15,apf_step,1.4,path_length,
APF,normal_city,16,apf_step,1.4,path_length,170.8
APF,normal_city,17,apf_step,1.4,path_length,
APF,normal_city,18,apf_step,1.4,path_length,172.2
APF,normal_city,19,apf_step,1.4,path_length,
APF,normal_city,20,apf_step,1.4,path_length,
APF,normal_city,21,apf_step,1.4,path_length,
APF,normal_city,22,apf_step,1.4,path_length,190.4
APF,normal_city,23,apf_step,1.4,path_length,
APF,normal_city,24,apf_step,1.4,path_length,
APF,normal_city,25,apf_step,1.4,path_length,
APF,normal_city,26,apf_step,1.4,path_length,
APF,normal_city,27,apf_step,1.4,path_length,191.8
APF,normal_city,28,apf_step,1.4,path_length,
APF,normal_city,29,apf_step,1.4,path_length,
APF,blocked_road,0,apf_step,1.4,path_length,
APF,blocked_road,1,apf_step,1.4,path_length,
APF,blocked_road,2,apf_step,1.4,path_length,
APF,blocked_road,3,apf_step,1.4,path_length,
APF,blocked_road,4,apf_step,1.4,path_length,
APF,blocked_road,5,apf_step,1.4,path_length,
APF,blocked_road,6,apf_step,1.4,path_length,
APF,blocked_road,7,apf_step,1.4,path_length,
APF,blocked_road,8,apf_step,1.4,path_length,
APF,blocked_road,9,apf_step,1.4,path_length,
APF,blocked_road,10,apf_step,1.4,path_length,
APF,blocked_road,11,apf_step,1.4,path_length,
APF,blocked_road,12,apf_step,1.4,path_length,
APF,blocked_road,13,apf_step,1.4,path_length,
APF,blocked_road,14,apf_step,1.4,path_length,
APF,blocked_road,15,apf_step,1.4,path_length,
APF,blocked_road,16,apf_step,1.4,path_length,
APF,blocked_road,17,apf_step,1.4,path_length,
APF,blocked_road,18,apf_step,1.4,path_length,
APF,blocked_road,19,apf_step,1.4,path_length,
APF,blocked_road,20,apf_step,1.4,path_length,
APF,blocked_road,21,apf_step,1.4,path_length,
APF,blocked_road,22,apf_step,1.4,path_length,
APF,blocked_road,23,apf_step,1.4,path_length,
APF,blocked_road,24,apf_step,1.4,path_length,
APF,blocked_road,25,apf_step,1.4,path_length,
APF,blocked_road,26,apf_step,1.4,path_length,
APF,blocked_road,27,apf_step,1.4,path_length,
APF,blocked_road,28,apf_step,1.4,path_length,
APF,blocked_road,29,apf_step,1.4,path_length,
APF,dense_city,0,apf_step,1.4,path_length,
APF,dense_city,1,apf_step,1.4,path_length,
APF,dense_city,2,apf_step,1.4,path_length,
APF,dense_city,3,apf_step,1.4,path_length,
APF,dense_city,4,apf_step,1.4,path_length,
APF,dense_city,5,apf_step,1.4,path_length,
APF,dense_city,6,apf_step,1.4,path_length,
APF,dense_city,7,apf_step,1.4,path_length,
APF,dense_city,8,apf_step,1.4,path_length,
APF,dense_city,9,apf_step,1.4,path_length,
APF,dense_city,10,apf_step,1.4,path_length,
APF,dense_city,11,apf_step,1.4,path_length,
APF,dense_city,12,apf_step,1.4,path_length,
APF,dense_city,13,apf_step,1.4,path_length,
APF,dense_city,14,apf_step,1.4,path_length,
APF,dense_city,15,apf_step,1.4,path_length,
APF,dense_city,16,apf_step,1.4,path_length,
APF,dense_city,17,apf_step,1.4,path_length,
APF,dense_city,18,apf_step,1.4,path_length,
APF,dense_city,19,apf_step,1.4,path_length,
APF,dense_city,20,apf_step,1.4,path_length,
APF,dense_city,21,apf_step,1.4,path_length,
APF,dense_city,22,apf_step,1.4,path_length,
APF,dense_city,23,apf_step,1.4,path_length,
APF,dense_city,24,apf_step,1.4,path_length,
APF,dense_city,25,apf_step,1.4,path_length,
APF,dense_city,26,apf_step,1.4,path_length,
APF,dense_city,27,apf_step,1.4,path_length,
APF,dense_city,28,apf_step,1.4,path_length,
APF,dense_city,29,apf_step,1.4,path_length,
APF,normal_city,0,apf_step,0.35,length_ratio,1.2178
APF,normal_city,1,apf_step,0.35,length_ratio,1.2453
APF,normal_city,2,apf_step,0.35,length_ratio,1.2453
APF,normal_city,3,apf_step,0.35,length_ratio,1.271
APF,normal_city,4,apf_step,0.35,length_ratio,1.2348
APF,normal_city,5,apf_step,0.35,length_ratio,1.2403
APF,normal_city,6,apf_step,0.35,length_ratio,
APF,normal_city,7,apf_step,0.35,length_ratio,1.2478
APF,normal_city,8,apf_step,0.35,length_ratio,1.2839
APF,normal_city,9,apf_step,0.35,length_ratio,
APF,normal_city,10,apf_step,0.35,length_ratio,1.1809
APF,normal_city,11,apf_step,0.35,length_ratio,1.3016
APF,normal_city,12,apf_step,0.35,length_ratio,
APF,normal_city,13,apf_step,0.35,length_ratio,
APF,normal_city,14,apf_step,0.35,length_ratio,1.2104
APF,normal_city,15,apf_step,0.35,length_ratio,1.2177
APF,normal_city,16,apf_step,0.35,length_ratio,1.1857
APF,normal_city,17,apf_step,0.35,length_ratio,
APF,normal_city,18,apf_step,0.35,length_ratio,1.1956
APF,normal_city,19,apf_step,0.35,length_ratio,
APF,normal_city,20,apf_step,0.35,length_ratio,1.1882
APF,normal_city,21,apf_step,0.35,length_ratio,1.2324
APF,normal_city,22,apf_step,0.35,length_ratio,1.2913
APF,normal_city,23,apf_step,0.35,length_ratio,
APF,normal_city,24,apf_step,0.35,length_ratio,1.2299
APF,normal_city,25,apf_step,0.35,length_ratio,1.2103
APF,normal_city,26,apf_step,0.35,length_ratio,1.1956
APF,normal_city,27,apf_step,0.35,length_ratio,1.2982
APF,normal_city,28,apf_step,0.35,length_ratio,1.2503
APF,normal_city,29,apf_step,0.35,length_ratio,1.198
APF,blocked_road,0,apf_step,0.35,length_ratio,
APF,blocked_road,1,apf_step,0.35,length_ratio,
APF,blocked_road,2,apf_step,0.35,length_ratio,
APF,blocked_road,3,apf_step,0.35,length_ratio,
APF,blocked_road,4,apf_step,0.35,length_ratio,
APF,blocked_road,5,apf_step,0.35,length_ratio,
APF,blocked_road,6,apf_step,0.35,length_ratio,
APF,blocked_road,7,apf_step,0.35,length_ratio,1.2145
APF,blocked_road,8,apf_step,0.35,length_ratio,
APF,blocked_road,9,apf_step,0.35,length_ratio,
APF,blocked_road,10,apf_step,0.35,length_ratio,
APF,blocked_road,11,apf_step,0.35,length_ratio,
APF,blocked_road,12,apf_step,0.35,length_ratio,
APF,blocked_road,13,apf_step,0.35,length_ratio,1.2642
APF,blocked_road,14,apf_step,0.35,length_ratio,
APF,blocked_road,15,apf_step,0.35,length_ratio,
APF,blocked_road,16,apf_step,0.35,length_ratio,
APF,blocked_road,17,apf_step,0.35,length_ratio,
APF,blocked_road,18,apf_step,0.35,length_ratio,1.3602
APF,blocked_road,19,apf_step,0.35,length_ratio,
APF,blocked_road,20,apf_step,0.35,length_ratio,
APF,blocked_road,21,apf_step,0.35,length_ratio,
APF,blocked_road,22,apf_step,0.35,length_ratio,
APF,blocked_road,23,apf_step,0.35,length_ratio,
APF,blocked_road,24,apf_step,0.35,length_ratio,
APF,blocked_road,25,apf_step,0.35,length_ratio,
APF,blocked_road,26,apf_step,0.35,length_ratio,
APF,blocked_road,27,apf_step,0.35,length_ratio,
APF,blocked_road,28,apf_step,0.35,length_ratio,
APF,blocked_road,29,apf_step,0.35,length_ratio,
APF,dense_city,0,apf_step,0.35,length_ratio,
APF,dense_city,1,apf_step,0.35,length_ratio,
APF,dense_city,2,apf_step,0.35,length_ratio,
APF,dense_city,3,apf_step,0.35,length_ratio,
APF,dense_city,4,apf_step,0.35,length_ratio,
APF,dense_city,5,apf_step,0.35,length_ratio,
APF,dense_city,6,apf_step,0.35,length_ratio,
APF,dense_city,7,apf_step,0.35,length_ratio,
APF,dense_city,8,apf_step,0.35,length_ratio,1.365
APF,dense_city,9,apf_step,0.35,length_ratio,
APF,dense_city,10,apf_step,0.35,length_ratio,1.323
APF,dense_city,11,apf_step,0.35,length_ratio,
APF,dense_city,12,apf_step,0.35,length_ratio,
APF,dense_city,13,apf_step,0.35,length_ratio,
APF,dense_city,14,apf_step,0.35,length_ratio,
APF,dense_city,15,apf_step,0.35,length_ratio,
APF,dense_city,16,apf_step,0.35,length_ratio,
APF,dense_city,17,apf_step,0.35,length_ratio,
APF,dense_city,18,apf_step,0.35,length_ratio,
APF,dense_city,19,apf_step,0.35,length_ratio,
APF,dense_city,20,apf_step,0.35,length_ratio,1.3134
APF,dense_city,21,apf_step,0.35,length_ratio,1.3073
APF,dense_city,22,apf_step,0.35,length_ratio,
APF,dense_city,23,apf_step,0.35,length_ratio,
APF,dense_city,24,apf_step,0.35,length_ratio,
APF,dense_city,25,apf_step,0.35,length_ratio,
APF,dense_city,26,apf_step,0.35,length_ratio,
APF,dense_city,27,apf_step,0.35,length_ratio,
APF,dense_city,28,apf_step,0.35,length_ratio,
APF,dense_city,29,apf_step,0.35,length_ratio,
APF,normal_city,0,apf_step,0.5,length_ratio,1.222
APF,normal_city,1,apf_step,0.5,length_ratio,1.257
APF,normal_city,2,apf_step,0.5,length_ratio,1.2463
APF,normal_city,3,apf_step,0.5,length_ratio,1.2697
APF,normal_city,4,apf_step,0.5,length_ratio,1.238
APF,normal_city,5,apf_step,0.5,length_ratio,1.2428
APF,normal_city,6,apf_step,0.5,length_ratio,
APF,normal_city,7,apf_step,0.5,length_ratio,1.2606
APF,normal_city,8,apf_step,0.5,length_ratio,1.2871
APF,normal_city,9,apf_step,0.5,length_ratio,
APF,normal_city,10,apf_step,0.5,length_ratio,1.184
APF,normal_city,11,apf_step,0.5,length_ratio,1.31
APF,normal_city,12,apf_step,0.5,length_ratio,
APF,normal_city,13,apf_step,0.5,length_ratio,
APF,normal_city,14,apf_step,0.5,length_ratio,1.2185
APF,normal_city,15,apf_step,0.5,length_ratio,1.2205
APF,normal_city,16,apf_step,0.5,length_ratio,1.1881
APF,normal_city,17,apf_step,0.5,length_ratio,
APF,normal_city,18,apf_step,0.5,length_ratio,1.1959
APF,normal_city,19,apf_step,0.5,length_ratio,
APF,normal_city,20,apf_step,0.5,length_ratio,1.1924
APF,normal_city,21,apf_step,0.5,length_ratio,1.238
APF,normal_city,22,apf_step,0.5,length_ratio,1.2941
APF,normal_city,23,apf_step,0.5,length_ratio,
APF,normal_city,24,apf_step,0.5,length_ratio,1.2345
APF,normal_city,25,apf_step,0.5,length_ratio,1.2205
APF,normal_city,26,apf_step,0.5,length_ratio,1.1903
APF,normal_city,27,apf_step,0.5,length_ratio,1.3028
APF,normal_city,28,apf_step,0.5,length_ratio,1.257
APF,normal_city,29,apf_step,0.5,length_ratio,1.2029
APF,blocked_road,0,apf_step,0.5,length_ratio,
APF,blocked_road,1,apf_step,0.5,length_ratio,
APF,blocked_road,2,apf_step,0.5,length_ratio,
APF,blocked_road,3,apf_step,0.5,length_ratio,
APF,blocked_road,4,apf_step,0.5,length_ratio,
APF,blocked_road,5,apf_step,0.5,length_ratio,
APF,blocked_road,6,apf_step,0.5,length_ratio,
APF,blocked_road,7,apf_step,0.5,length_ratio,1.4746
APF,blocked_road,8,apf_step,0.5,length_ratio,
APF,blocked_road,9,apf_step,0.5,length_ratio,
APF,blocked_road,10,apf_step,0.5,length_ratio,
APF,blocked_road,11,apf_step,0.5,length_ratio,
APF,blocked_road,12,apf_step,0.5,length_ratio,
APF,blocked_road,13,apf_step,0.5,length_ratio,1.2649
APF,blocked_road,14,apf_step,0.5,length_ratio,
APF,blocked_road,15,apf_step,0.5,length_ratio,
APF,blocked_road,16,apf_step,0.5,length_ratio,
APF,blocked_road,17,apf_step,0.5,length_ratio,
APF,blocked_road,18,apf_step,0.5,length_ratio,1.3636
APF,blocked_road,19,apf_step,0.5,length_ratio,
APF,blocked_road,20,apf_step,0.5,length_ratio,
APF,blocked_road,21,apf_step,0.5,length_ratio,
APF,blocked_road,22,apf_step,0.5,length_ratio,1.2412
APF,blocked_road,23,apf_step,0.5,length_ratio,
APF,blocked_road,24,apf_step,0.5,length_ratio,
APF,blocked_road,25,apf_step,0.5,length_ratio,
APF,blocked_road,26,apf_step,0.5,length_ratio,
APF,blocked_road,27,apf_step,0.5,length_ratio,
APF,blocked_road,28,apf_step,0.5,length_ratio,
APF,blocked_road,29,apf_step,0.5,length_ratio,
APF,dense_city,0,apf_step,0.5,length_ratio,
APF,dense_city,1,apf_step,0.5,length_ratio,
APF,dense_city,2,apf_step,0.5,length_ratio,
APF,dense_city,3,apf_step,0.5,length_ratio,
APF,dense_city,4,apf_step,0.5,length_ratio,
APF,dense_city,5,apf_step,0.5,length_ratio,
APF,dense_city,6,apf_step,0.5,length_ratio,
APF,dense_city,7,apf_step,0.5,length_ratio,
APF,dense_city,8,apf_step,0.5,length_ratio,1.367
APF,dense_city,9,apf_step,0.5,length_ratio,
APF,dense_city,10,apf_step,0.5,length_ratio,1.3265
APF,dense_city,11,apf_step,0.5,length_ratio,
APF,dense_city,12,apf_step,0.5,length_ratio,
APF,dense_city,13,apf_step,0.5,length_ratio,
APF,dense_city,14,apf_step,0.5,length_ratio,
APF,dense_city,15,apf_step,0.5,length_ratio,
APF,dense_city,16,apf_step,0.5,length_ratio,
APF,dense_city,17,apf_step,0.5,length_ratio,
APF,dense_city,18,apf_step,0.5,length_ratio,
APF,dense_city,19,apf_step,0.5,length_ratio,
APF,dense_city,20,apf_step,0.5,length_ratio,1.3162
APF,dense_city,21,apf_step,0.5,length_ratio,1.3039
APF,dense_city,22,apf_step,0.5,length_ratio,
APF,dense_city,23,apf_step,0.5,length_ratio,
APF,dense_city,24,apf_step,0.5,length_ratio,
APF,dense_city,25,apf_step,0.5,length_ratio,
APF,dense_city,26,apf_step,0.5,length_ratio,
APF,dense_city,27,apf_step,0.5,length_ratio,
APF,dense_city,28,apf_step,0.5,length_ratio,
APF,dense_city,29,apf_step,0.5,length_ratio,
APF,normal_city,0,apf_step,0.7,length_ratio,1.2375
APF,normal_city,1,apf_step,0.7,length_ratio,1.2577
APF,normal_city,2,apf_step,0.7,length_ratio,1.2428
APF,normal_city,3,apf_step,0.7,length_ratio,1.271
APF,normal_city,4,apf_step,0.7,length_ratio,1.252
APF,normal_city,5,apf_step,0.7,length_ratio,1.2577
APF,normal_city,6,apf_step,0.7,length_ratio,
APF,normal_city,7,apf_step,0.7,length_ratio,1.2627
APF,normal_city,8,apf_step,0.7,length_ratio,1.2864
APF,normal_city,9,apf_step,0.7,length_ratio,
APF,normal_city,10,apf_step,0.7,length_ratio,1.1833
APF,normal_city,11,apf_step,0.7,length_ratio,1.3016
APF,normal_city,12,apf_step,0.7,length_ratio,
APF,normal_city,13,apf_step,0.7,length_ratio,1.2518
APF,normal_city,14,apf_step,0.7,length_ratio,1.2128
APF,normal_city,15,apf_step,0.7,length_ratio,1.2226
APF,normal_city,16,apf_step,0.7,length_ratio,1.1931
APF,normal_city,17,apf_step,0.7,length_ratio,
APF,normal_city,18,apf_step,0.7,length_ratio,1.2031
APF,normal_city,19,apf_step,0.7,length_ratio,
APF,normal_city,20,apf_step,0.7,length_ratio,1.2029
APF,normal_city,21,apf_step,0.7,length_ratio,1.2373
APF,normal_city,22,apf_step,0.7,length_ratio,1.2962
APF,normal_city,23,apf_step,0.7,length_ratio,
APF,normal_city,24,apf_step,0.7,length_ratio,1.2373
APF,normal_city,25,apf_step,0.7,length_ratio,1.2226
APF,normal_city,26,apf_step,0.7,length_ratio,1.203
APF,normal_city,27,apf_step,0.7,length_ratio,1.3056
APF,normal_city,28,apf_step,0.7,length_ratio,1.2627
APF,normal_city,29,apf_step,0.7,length_ratio,1.198
APF,blocked_road,0,apf_step,0.7,length_ratio,
APF,blocked_road,1,apf_step,0.7,length_ratio,
APF,blocked_road,2,apf_step,0.7,length_ratio,
APF,blocked_road,3,apf_step,0.7,length_ratio,
APF,blocked_road,4,apf_step,0.7,length_ratio,
APF,blocked_road,5,apf_step,0.7,length_ratio,
APF,blocked_road,6,apf_step,0.7,length_ratio,
APF,blocked_road,7,apf_step,0.7,length_ratio,1.2311
APF,blocked_road,8,apf_step,0.7,length_ratio,
APF,blocked_road,9,apf_step,0.7,length_ratio,
APF,blocked_road,10,apf_step,0.7,length_ratio,
APF,blocked_road,11,apf_step,0.7,length_ratio,
APF,blocked_road,12,apf_step,0.7,length_ratio,
APF,blocked_road,13,apf_step,0.7,length_ratio,1.2689
APF,blocked_road,14,apf_step,0.7,length_ratio,
APF,blocked_road,15,apf_step,0.7,length_ratio,
APF,blocked_road,16,apf_step,0.7,length_ratio,
APF,blocked_road,17,apf_step,0.7,length_ratio,
APF,blocked_road,18,apf_step,0.7,length_ratio,1.3698
APF,blocked_road,19,apf_step,0.7,length_ratio,
APF,blocked_road,20,apf_step,0.7,length_ratio,
APF,blocked_road,21,apf_step,0.7,length_ratio,
APF,blocked_road,22,apf_step,0.7,length_ratio,
APF,blocked_road,23,apf_step,0.7,length_ratio,
APF,blocked_road,24,apf_step,0.7,length_ratio,
APF,blocked_road,25,apf_step,0.7,length_ratio,1.1838
APF,blocked_road,26,apf_step,0.7,length_ratio,
APF,blocked_road,27,apf_step,0.7,length_ratio,
APF,blocked_road,28,apf_step,0.7,length_ratio,
APF,blocked_road,29,apf_step,0.7,length_ratio,
APF,dense_city,0,apf_step,0.7,length_ratio,
APF,dense_city,1,apf_step,0.7,length_ratio,
APF,dense_city,2,apf_step,0.7,length_ratio,
APF,dense_city,3,apf_step,0.7,length_ratio,
APF,dense_city,4,apf_step,0.7,length_ratio,
APF,dense_city,5,apf_step,0.7,length_ratio,
APF,dense_city,6,apf_step,0.7,length_ratio,
APF,dense_city,7,apf_step,0.7,length_ratio,
APF,dense_city,8,apf_step,0.7,length_ratio,
APF,dense_city,9,apf_step,0.7,length_ratio,
APF,dense_city,10,apf_step,0.7,length_ratio,
APF,dense_city,11,apf_step,0.7,length_ratio,
APF,dense_city,12,apf_step,0.7,length_ratio,
APF,dense_city,13,apf_step,0.7,length_ratio,
APF,dense_city,14,apf_step,0.7,length_ratio,
APF,dense_city,15,apf_step,0.7,length_ratio,
APF,dense_city,16,apf_step,0.7,length_ratio,
APF,dense_city,17,apf_step,0.7,length_ratio,
APF,dense_city,18,apf_step,0.7,length_ratio,
APF,dense_city,19,apf_step,0.7,length_ratio,
APF,dense_city,20,apf_step,0.7,length_ratio,
APF,dense_city,21,apf_step,0.7,length_ratio,
APF,dense_city,22,apf_step,0.7,length_ratio,
APF,dense_city,23,apf_step,0.7,length_ratio,
APF,dense_city,24,apf_step,0.7,length_ratio,
APF,dense_city,25,apf_step,0.7,length_ratio,
APF,dense_city,26,apf_step,0.7,length_ratio,
APF,dense_city,27,apf_step,0.7,length_ratio,
APF,dense_city,28,apf_step,0.7,length_ratio,
APF,dense_city,29,apf_step,0.7,length_ratio,
APF,normal_city,0,apf_step,1.0,length_ratio,1.2325
APF,normal_city,1,apf_step,1.0,length_ratio,1.2641
APF,normal_city,2,apf_step,1.0,length_ratio,1.2641
APF,normal_city,3,apf_step,1.0,length_ratio,1.2801
APF,normal_city,4,apf_step,1.0,length_ratio,1.2766
APF,normal_city,5,apf_step,1.0,length_ratio,1.2641
APF,normal_city,6,apf_step,1.0,length_ratio,
APF,normal_city,7,apf_step,1.0,length_ratio,1.2712
APF,normal_city,8,apf_step,1.0,length_ratio,1.3046
APF,normal_city,9,apf_step,1.0,length_ratio,
APF,normal_city,10,apf_step,1.0,length_ratio,1.1805
APF,normal_city,11,apf_step,1.0,length_ratio,1.3171
APF,normal_city,12,apf_step,1.0,length_ratio,
APF,normal_city,13,apf_step,1.0,length_ratio,1.2504
APF,normal_city,14,apf_step,1.0,length_ratio,1.2185
APF,normal_city,15,apf_step,1.0,length_ratio,1.2345
APF,normal_city,16,apf_step,1.0,length_ratio,1.2094
APF,normal_city,17,apf_step,1.0,length_ratio,
APF,normal_city,18,apf_step,1.0,length_ratio,1.1959
APF,normal_city,19,apf_step,1.0,length_ratio,
APF,normal_city,20,apf_step,1.0,length_ratio,
APF,normal_city,21,apf_step,1.0,length_ratio,1.2485
APF,normal_city,22,apf_step,1.0,length_ratio,1.3046
APF,normal_city,23,apf_step,1.0,length_ratio,
APF,normal_city,24,apf_step,1.0,length_ratio,1.2555
APF,normal_city,25,apf_step,1.0,length_ratio,1.2345
APF,normal_city,26,apf_step,1.0,length_ratio,1.2185
APF,normal_city,27,apf_step,1.0,length_ratio,1.3133
APF,normal_city,28,apf_step,1.0,length_ratio,1.2712
APF,normal_city,29,apf_step,1.0,length_ratio,1.2135
APF,blocked_road,0,apf_step,1.0,length_ratio,
APF,blocked_road,1,apf_step,1.0,length_ratio,
APF,blocked_road,2,apf_step,1.0,length_ratio,
APF,blocked_road,3,apf_step,1.0,length_ratio,
APF,blocked_road,4,apf_step,1.0,length_ratio,
APF,blocked_road,5,apf_step,1.0,length_ratio,
APF,blocked_road,6,apf_step,1.0,length_ratio,
APF,blocked_road,7,apf_step,1.0,length_ratio,1.5016
APF,blocked_road,8,apf_step,1.0,length_ratio,
APF,blocked_road,9,apf_step,1.0,length_ratio,
APF,blocked_road,10,apf_step,1.0,length_ratio,
APF,blocked_road,11,apf_step,1.0,length_ratio,
APF,blocked_road,12,apf_step,1.0,length_ratio,
APF,blocked_road,13,apf_step,1.0,length_ratio,1.2716
APF,blocked_road,14,apf_step,1.0,length_ratio,
APF,blocked_road,15,apf_step,1.0,length_ratio,
APF,blocked_road,16,apf_step,1.0,length_ratio,
APF,blocked_road,17,apf_step,1.0,length_ratio,
APF,blocked_road,18,apf_step,1.0,length_ratio,1.3909
APF,blocked_road,19,apf_step,1.0,length_ratio,
APF,blocked_road,20,apf_step,1.0,length_ratio,
APF,blocked_road,21,apf_step,1.0,length_ratio,
APF,blocked_road,22,apf_step,1.0,length_ratio,1.2513
APF,blocked_road,23,apf_step,1.0,length_ratio,
APF,blocked_road,24,apf_step,1.0,length_ratio,
APF,blocked_road,25,apf_step,1.0,length_ratio,
APF,blocked_road,26,apf_step,1.0,length_ratio,
APF,blocked_road,27,apf_step,1.0,length_ratio,
APF,blocked_road,28,apf_step,1.0,length_ratio,
APF,blocked_road,29,apf_step,1.0,length_ratio,
APF,dense_city,0,apf_step,1.0,length_ratio,
APF,dense_city,1,apf_step,1.0,length_ratio,
APF,dense_city,2,apf_step,1.0,length_ratio,
APF,dense_city,3,apf_step,1.0,length_ratio,
APF,dense_city,4,apf_step,1.0,length_ratio,
APF,dense_city,5,apf_step,1.0,length_ratio,
APF,dense_city,6,apf_step,1.0,length_ratio,
APF,dense_city,7,apf_step,1.0,length_ratio,
APF,dense_city,8,apf_step,1.0,length_ratio,
APF,dense_city,9,apf_step,1.0,length_ratio,
APF,dense_city,10,apf_step,1.0,length_ratio,
APF,dense_city,11,apf_step,1.0,length_ratio,
APF,dense_city,12,apf_step,1.0,length_ratio,
APF,dense_city,13,apf_step,1.0,length_ratio,
APF,dense_city,14,apf_step,1.0,length_ratio,
APF,dense_city,15,apf_step,1.0,length_ratio,
APF,dense_city,16,apf_step,1.0,length_ratio,
APF,dense_city,17,apf_step,1.0,length_ratio,
APF,dense_city,18,apf_step,1.0,length_ratio,
APF,dense_city,19,apf_step,1.0,length_ratio,
APF,dense_city,20,apf_step,1.0,length_ratio,
APF,dense_city,21,apf_step,1.0,length_ratio,
APF,dense_city,22,apf_step,1.0,length_ratio,
APF,dense_city,23,apf_step,1.0,length_ratio,
APF,dense_city,24,apf_step,1.0,length_ratio,
APF,dense_city,25,apf_step,1.0,length_ratio,
APF,dense_city,26,apf_step,1.0,length_ratio,
APF,dense_city,27,apf_step,1.0,length_ratio,
APF,dense_city,28,apf_step,1.0,length_ratio,
APF,dense_city,29,apf_step,1.0,length_ratio,
APF,normal_city,0,apf_step,1.4,length_ratio,
APF,normal_city,1,apf_step,1.4,length_ratio,
APF,normal_city,2,apf_step,1.4,length_ratio,
APF,normal_city,3,apf_step,1.4,length_ratio,
APF,normal_city,4,apf_step,1.4,length_ratio,
APF,normal_city,5,apf_step,1.4,length_ratio,
APF,normal_city,6,apf_step,1.4,length_ratio,
APF,normal_city,7,apf_step,1.4,length_ratio,
APF,normal_city,8,apf_step,1.4,length_ratio,
APF,normal_city,9,apf_step,1.4,length_ratio,
APF,normal_city,10,apf_step,1.4,length_ratio,
APF,normal_city,11,apf_step,1.4,length_ratio,
APF,normal_city,12,apf_step,1.4,length_ratio,
APF,normal_city,13,apf_step,1.4,length_ratio,1.2714
APF,normal_city,14,apf_step,1.4,length_ratio,
APF,normal_city,15,apf_step,1.4,length_ratio,
APF,normal_city,16,apf_step,1.4,length_ratio,1.2079
APF,normal_city,17,apf_step,1.4,length_ratio,
APF,normal_city,18,apf_step,1.4,length_ratio,1.2332
APF,normal_city,19,apf_step,1.4,length_ratio,
APF,normal_city,20,apf_step,1.4,length_ratio,
APF,normal_city,21,apf_step,1.4,length_ratio,
APF,normal_city,22,apf_step,1.4,length_ratio,1.3355
APF,normal_city,23,apf_step,1.4,length_ratio,
APF,normal_city,24,apf_step,1.4,length_ratio,
APF,normal_city,25,apf_step,1.4,length_ratio,
APF,normal_city,26,apf_step,1.4,length_ratio,
APF,normal_city,27,apf_step,1.4,length_ratio,1.3398
APF,normal_city,28,apf_step,1.4,length_ratio,
APF,normal_city,29,apf_step,1.4,length_ratio,
APF,blocked_road,0,apf_step,1.4,length_ratio,
APF,blocked_road,1,apf_step,1.4,length_ratio,
APF,blocked_road,2,apf_step,1.4,length_ratio,
APF,blocked_road,3,apf_step,1.4,length_ratio,
APF,blocked_road,4,apf_step,1.4,length_ratio,
APF,blocked_road,5,apf_step,1.4,length_ratio,
APF,blocked_road,6,apf_step,1.4,length_ratio,
APF,blocked_road,7,apf_step,1.4,length_ratio,
APF,blocked_road,8,apf_step,1.4,length_ratio,
APF,blocked_road,9,apf_step,1.4,length_ratio,
APF,blocked_road,10,apf_step,1.4,length_ratio,
APF,blocked_road,11,apf_step,1.4,length_ratio,
APF,blocked_road,12,apf_step,1.4,length_ratio,
APF,blocked_road,13,apf_step,1.4,length_ratio,
APF,blocked_road,14,apf_step,1.4,length_ratio,
APF,blocked_road,15,apf_step,1.4,length_ratio,
APF,blocked_road,16,apf_step,1.4,length_ratio,
APF,blocked_road,17,apf_step,1.4,length_ratio,
APF,blocked_road,18,apf_step,1.4,length_ratio,
APF,blocked_road,19,apf_step,1.4,length_ratio,
APF,blocked_road,20,apf_step,1.4,length_ratio,
APF,blocked_road,21,apf_step,1.4,length_ratio,
APF,blocked_road,22,apf_step,1.4,length_ratio,
APF,blocked_road,23,apf_step,1.4,length_ratio,
APF,blocked_road,24,apf_step,1.4,length_ratio,
APF,blocked_road,25,apf_step,1.4,length_ratio,
APF,blocked_road,26,apf_step,1.4,length_ratio,
APF,blocked_road,27,apf_step,1.4,length_ratio,
APF,blocked_road,28,apf_step,1.4,length_ratio,
APF,blocked_road,29,apf_step,1.4,length_ratio,
APF,dense_city,0,apf_step,1.4,length_ratio,
APF,dense_city,1,apf_step,1.4,length_ratio,
APF,dense_city,2,apf_step,1.4,length_ratio,
APF,dense_city,3,apf_step,1.4,length_ratio,
APF,dense_city,4,apf_step,1.4,length_ratio,
APF,dense_city,5,apf_step,1.4,length_ratio,
APF,dense_city,6,apf_step,1.4,length_ratio,
APF,dense_city,7,apf_step,1.4,length_ratio,
APF,dense_city,8,apf_step,1.4,length_ratio,
APF,dense_city,9,apf_step,1.4,length_ratio,
APF,dense_city,10,apf_step,1.4,length_ratio,
APF,dense_city,11,apf_step,1.4,length_ratio,
APF,dense_city,12,apf_step,1.4,length_ratio,
APF,dense_city,13,apf_step,1.4,length_ratio,
APF,dense_city,14,apf_step,1.4,length_ratio,
APF,dense_city,15,apf_step,1.4,length_ratio,
APF,dense_city,16,apf_step,1.4,length_ratio,
APF,dense_city,17,apf_step,1.4,length_ratio,
APF,dense_city,18,apf_step,1.4,length_ratio,
APF,dense_city,19,apf_step,1.4,length_ratio,
APF,dense_city,20,apf_step,1.4,length_ratio,
APF,dense_city,21,apf_step,1.4,length_ratio,
APF,dense_city,22,apf_step,1.4,length_ratio,
APF,dense_city,23,apf_step,1.4,length_ratio,
APF,dense_city,24,apf_step,1.4,length_ratio,
APF,dense_city,25,apf_step,1.4,length_ratio,
APF,dense_city,26,apf_step,1.4,length_ratio,
APF,dense_city,27,apf_step,1.4,length_ratio,
APF,dense_city,28,apf_step,1.4,length_ratio,
APF,dense_city,29,apf_step,1.4,length_ratio,
APF,normal_city,0,apf_step,0.35,curvature,2.0774
APF,normal_city,1,apf_step,0.35,curvature,2.1337
APF,normal_city,2,apf_step,0.35,curvature,2.1467
APF,normal_city,3,apf_step,0.35,curvature,2.3154
APF,normal_city,4,apf_step,0.35,curvature,2.1349
APF,normal_city,5,apf_step,0.35,curvature,2.1595
APF,normal_city,6,apf_step,0.35,curvature,
APF,normal_city,7,apf_step,0.35,curvature,2.1957
APF,normal_city,8,apf_step,0.35,curvature,2.3757
APF,normal_city,9,apf_step,0.35,curvature,
APF,normal_city,10,apf_step,0.35,curvature,1.895
APF,normal_city,11,apf_step,0.35,curvature,2.5735
APF,normal_city,12,apf_step,0.35,curvature,
APF,normal_city,13,apf_step,0.35,curvature,
APF,normal_city,14,apf_step,0.35,curvature,2.0096
APF,normal_city,15,apf_step,0.35,curvature,2.11
APF,normal_city,16,apf_step,0.35,curvature,1.9196
APF,normal_city,17,apf_step,0.35,curvature,
APF,normal_city,18,apf_step,0.35,curvature,1.8951
APF,normal_city,19,apf_step,0.35,curvature,
APF,normal_city,20,apf_step,0.35,curvature,1.9726
APF,normal_city,21,apf_step,0.35,curvature,2.2118
APF,normal_city,22,apf_step,0.35,curvature,2.3911
APF,normal_city,23,apf_step,0.35,curvature,
APF,normal_city,24,apf_step,0.35,curvature,2.0656
APF,normal_city,25,apf_step,0.35,curvature,2.0025
APF,normal_city,26,apf_step,0.35,curvature,1.9632
APF,normal_city,27,apf_step,0.35,curvature,2.5808
APF,normal_city,28,apf_step,0.35,curvature,2.1229
APF,normal_city,29,apf_step,0.35,curvature,1.9765
APF,blocked_road,0,apf_step,0.35,curvature,
APF,blocked_road,1,apf_step,0.35,curvature,
APF,blocked_road,2,apf_step,0.35,curvature,
APF,blocked_road,3,apf_step,0.35,curvature,
APF,blocked_road,4,apf_step,0.35,curvature,
APF,blocked_road,5,apf_step,0.35,curvature,
APF,blocked_road,6,apf_step,0.35,curvature,
APF,blocked_road,7,apf_step,0.35,curvature,1.8797
APF,blocked_road,8,apf_step,0.35,curvature,
APF,blocked_road,9,apf_step,0.35,curvature,
APF,blocked_road,10,apf_step,0.35,curvature,
APF,blocked_road,11,apf_step,0.35,curvature,
APF,blocked_road,12,apf_step,0.35,curvature,
APF,blocked_road,13,apf_step,0.35,curvature,2.0439
APF,blocked_road,14,apf_step,0.35,curvature,
APF,blocked_road,15,apf_step,0.35,curvature,
APF,blocked_road,16,apf_step,0.35,curvature,
APF,blocked_road,17,apf_step,0.35,curvature,
APF,blocked_road,18,apf_step,0.35,curvature,2.6336
APF,blocked_road,19,apf_step,0.35,curvature,
APF,blocked_road,20,apf_step,0.35,curvature,
APF,blocked_road,21,apf_step,0.35,curvature,
APF,blocked_road,22,apf_step,0.35,curvature,
APF,blocked_road,23,apf_step,0.35,curvature,
APF,blocked_road,24,apf_step,0.35,curvature,
APF,blocked_road,25,apf_step,0.35,curvature,
APF,blocked_road,26,apf_step,0.35,curvature,
APF,blocked_road,27,apf_step,0.35,curvature,
APF,blocked_road,28,apf_step,0.35,curvature,
APF,blocked_road,29,apf_step,0.35,curvature,
APF,dense_city,0,apf_step,0.35,curvature,
APF,dense_city,1,apf_step,0.35,curvature,
APF,dense_city,2,apf_step,0.35,curvature,
APF,dense_city,3,apf_step,0.35,curvature,
APF,dense_city,4,apf_step,0.35,curvature,
APF,dense_city,5,apf_step,0.35,curvature,
APF,dense_city,6,apf_step,0.35,curvature,
APF,dense_city,7,apf_step,0.35,curvature,
APF,dense_city,8,apf_step,0.35,curvature,2.8405
APF,dense_city,9,apf_step,0.35,curvature,
APF,dense_city,10,apf_step,0.35,curvature,2.5609
APF,dense_city,11,apf_step,0.35,curvature,
APF,dense_city,12,apf_step,0.35,curvature,
APF,dense_city,13,apf_step,0.35,curvature,
APF,dense_city,14,apf_step,0.35,curvature,
APF,dense_city,15,apf_step,0.35,curvature,
APF,dense_city,16,apf_step,0.35,curvature,
APF,dense_city,17,apf_step,0.35,curvature,
APF,dense_city,18,apf_step,0.35,curvature,
APF,dense_city,19,apf_step,0.35,curvature,
APF,dense_city,20,apf_step,0.35,curvature,2.5084
APF,dense_city,21,apf_step,0.35,curvature,2.6879
APF,dense_city,22,apf_step,0.35,curvature,
APF,dense_city,23,apf_step,0.35,curvature,
APF,dense_city,24,apf_step,0.35,curvature,
APF,dense_city,25,apf_step,0.35,curvature,
APF,dense_city,26,apf_step,0.35,curvature,
APF,dense_city,27,apf_step,0.35,curvature,
APF,dense_city,28,apf_step,0.35,curvature,
APF,dense_city,29,apf_step,0.35,curvature,
APF,normal_city,0,apf_step,0.5,curvature,1.4794
APF,normal_city,1,apf_step,0.5,curvature,1.5534
APF,normal_city,2,apf_step,0.5,curvature,1.5261
APF,normal_city,3,apf_step,0.5,curvature,1.6574
APF,normal_city,4,apf_step,0.5,curvature,1.4933
APF,normal_city,5,apf_step,0.5,curvature,1.5081
APF,normal_city,6,apf_step,0.5,curvature,
APF,normal_city,7,apf_step,0.5,curvature,1.5807
APF,normal_city,8,apf_step,0.5,curvature,1.683
APF,normal_city,9,apf_step,0.5,curvature,
APF,normal_city,10,apf_step,0.5,curvature,1.3521
APF,normal_city,11,apf_step,0.5,curvature,1.8277
APF,normal_city,12,apf_step,0.5,curvature,
APF,normal_city,13,apf_step,0.5,curvature,
APF,normal_city,14,apf_step,0.5,curvature,1.4438
APF,normal_city,15,apf_step,0.5,curvature,1.5007
APF,normal_city,16,apf_step,0.5,curvature,1.3795
APF,normal_city,17,apf_step,0.5,curvature,
APF,normal_city,18,apf_step,0.5,curvature,1.3405
APF,normal_city,19,apf_step,0.5,curvature,
APF,normal_city,20,apf_step,0.5,curvature,1.4129
APF,normal_city,21,apf_step,0.5,curvature,1.5776
APF,normal_city,22,apf_step,0.5,curvature,1.7102
APF,normal_city,23,apf_step,0.5,curvature,
APF,normal_city,24,apf_step,0.5,curvature,1.4876
APF,normal_city,25,apf_step,0.5,curvature,1.4663
APF,normal_city,26,apf_step,0.5,curvature,1.3803
APF,normal_city,27,apf_step,0.5,curvature,1.8415
APF,normal_city,28,apf_step,0.5,curvature,1.5382
APF,normal_city,29,apf_step,0.5,curvature,1.4197
APF,blocked_road,0,apf_step,0.5,curvature,
APF,blocked_road,1,apf_step,0.5,curvature,
APF,blocked_road,2,apf_step,0.5,curvature,
APF,blocked_road,3,apf_step,0.5,curvature,
APF,blocked_road,4,apf_step,0.5,curvature,
APF,blocked_road,5,apf_step,0.5,curvature,
APF,blocked_road,6,apf_step,0.5,curvature,
APF,blocked_road,7,apf_step,0.5,curvature,2.2113
APF,blocked_road,8,apf_step,0.5,curvature,
APF,blocked_road,9,apf_step,0.5,curvature,
APF,blocked_road,10,apf_step,0.5,curvature,
APF,blocked_road,11,apf_step,0.5,curvature,
APF,blocked_road,12,apf_step,0.5,curvature,
APF,blocked_road,13,apf_step,0.5,curvature,1.4402
APF,blocked_road,14,apf_step,0.5,curvature,
APF,blocked_road,15,apf_step,0.5,curvature,
APF,blocked_road,16,apf_step,0.5,curvature,
APF,blocked_road,17,apf_step,0.5,curvature,
APF,blocked_road,18,apf_step,0.5,curvature,1.8642
APF,blocked_road,19,apf_step,0.5,curvature,
APF,blocked_road,20,apf_step,0.5,curvature,
APF,blocked_road,21,apf_step,0.5,curvature,
APF,blocked_road,22,apf_step,0.5,curvature,1.3852
APF,blocked_road,23,apf_step,0.5,curvature,
APF,blocked_road,24,apf_step,0.5,curvature,
APF,blocked_road,25,apf_step,0.5,curvature,
APF,blocked_road,26,apf_step,0.5,curvature,
APF,blocked_road,27,apf_step,0.5,curvature,
APF,blocked_road,28,apf_step,0.5,curvature,
APF,blocked_road,29,apf_step,0.5,curvature,
APF,dense_city,0,apf_step,0.5,curvature,
APF,dense_city,1,apf_step,0.5,curvature,
APF,dense_city,2,apf_step,0.5,curvature,
APF,dense_city,3,apf_step,0.5,curvature,
APF,dense_city,4,apf_step,0.5,curvature,
APF,dense_city,5,apf_step,0.5,curvature,
APF,dense_city,6,apf_step,0.5,curvature,
APF,dense_city,7,apf_step,0.5,curvature,
APF,dense_city,8,apf_step,0.5,curvature,2.0185
APF,dense_city,9,apf_step,0.5,curvature,
APF,dense_city,10,apf_step,0.5,curvature,1.7917
APF,dense_city,11,apf_step,0.5,curvature,
APF,dense_city,12,apf_step,0.5,curvature,
APF,dense_city,13,apf_step,0.5,curvature,
APF,dense_city,14,apf_step,0.5,curvature,
APF,dense_city,15,apf_step,0.5,curvature,
APF,dense_city,16,apf_step,0.5,curvature,
APF,dense_city,17,apf_step,0.5,curvature,
APF,dense_city,18,apf_step,0.5,curvature,
APF,dense_city,19,apf_step,0.5,curvature,
APF,dense_city,20,apf_step,0.5,curvature,1.7629
APF,dense_city,21,apf_step,0.5,curvature,1.8552
APF,dense_city,22,apf_step,0.5,curvature,
APF,dense_city,23,apf_step,0.5,curvature,
APF,dense_city,24,apf_step,0.5,curvature,
APF,dense_city,25,apf_step,0.5,curvature,
APF,dense_city,26,apf_step,0.5,curvature,
APF,dense_city,27,apf_step,0.5,curvature,
APF,dense_city,28,apf_step,0.5,curvature,
APF,dense_city,29,apf_step,0.5,curvature,
APF,normal_city,0,apf_step,0.7,curvature,1.103
APF,normal_city,1,apf_step,0.7,curvature,1.0713
APF,normal_city,2,apf_step,0.7,curvature,1.1158
APF,normal_city,3,apf_step,0.7,curvature,1.2066
APF,normal_city,4,apf_step,0.7,curvature,1.1226
APF,normal_city,5,apf_step,0.7,curvature,1.1345
APF,normal_city,6,apf_step,0.7,curvature,
APF,normal_city,7,apf_step,0.7,curvature,1.1562
APF,normal_city,8,apf_step,0.7,curvature,1.2025
APF,normal_city,9,apf_step,0.7,curvature,
APF,normal_city,10,apf_step,0.7,curvature,0.9964
APF,normal_city,11,apf_step,0.7,curvature,1.2698
APF,normal_city,12,apf_step,0.7,curvature,
APF,normal_city,13,apf_step,0.7,curvature,1.0704
APF,normal_city,14,apf_step,0.7,curvature,1.0393
APF,normal_city,15,apf_step,0.7,curvature,1.0973
APF,normal_city,16,apf_step,0.7,curvature,0.9981
APF,normal_city,17,apf_step,0.7,curvature,
APF,normal_city,18,apf_step,0.7,curvature,0.9975
APF,normal_city,19,apf_step,0.7,curvature,
APF,normal_city,20,apf_step,0.7,curvature,1.0381
APF,normal_city,21,apf_step,0.7,curvature,1.1062
APF,normal_city,22,apf_step,0.7,curvature,1.2287
APF,normal_city,23,apf_step,0.7,curvature,
APF,normal_city,24,apf_step,0.7,curvature,1.0885
APF,normal_city,25,apf_step,0.7,curvature,1.0472
APF,normal_city,26,apf_step,0.7,curvature,1.0486
APF,normal_city,27,apf_step,0.7,curvature,1.3511
APF,normal_city,28,apf_step,0.7,curvature,1.118
APF,normal_city,29,apf_step,0.7,curvature,1.0144
APF,blocked_road,0,apf_step,0.7,curvature,
APF,blocked_road,1,apf_step,0.7,curvature,
APF,blocked_road,2,apf_step,0.7,curvature,
APF,blocked_road,3,apf_step,0.7,curvature,
APF,blocked_road,4,apf_step,0.7,curvature,
APF,blocked_road,5,apf_step,0.7,curvature,
APF,blocked_road,6,apf_step,0.7,curvature,
APF,blocked_road,7,apf_step,0.7,curvature,1.0018
APF,blocked_road,8,apf_step,0.7,curvature,
APF,blocked_road,9,apf_step,0.7,curvature,
APF,blocked_road,10,apf_step,0.7,curvature,
APF,blocked_road,11,apf_step,0.7,curvature,
APF,blocked_road,12,apf_step,0.7,curvature,
APF,blocked_road,13,apf_step,0.7,curvature,1.0491
APF,blocked_road,14,apf_step,0.7,curvature,
APF,blocked_road,15,apf_step,0.7,curvature,
APF,blocked_road,16,apf_step,0.7,curvature,
APF,blocked_road,17,apf_step,0.7,curvature,
APF,blocked_road,18,apf_step,0.7,curvature,1.3416
APF,blocked_road,19,apf_step,0.7,curvature,
APF,blocked_road,20,apf_step,0.7,curvature,
APF,blocked_road,21,apf_step,0.7,curvature,
APF,blocked_road,22,apf_step,0.7,curvature,
APF,blocked_road,23,apf_step,0.7,curvature,
APF,blocked_road,24,apf_step,0.7,curvature,
APF,blocked_road,25,apf_step,0.7,curvature,0.8534
APF,blocked_road,26,apf_step,0.7,curvature,
APF,blocked_road,27,apf_step,0.7,curvature,
APF,blocked_road,28,apf_step,0.7,curvature,
APF,blocked_road,29,apf_step,0.7,curvature,
APF,dense_city,0,apf_step,0.7,curvature,
APF,dense_city,1,apf_step,0.7,curvature,
APF,dense_city,2,apf_step,0.7,curvature,
APF,dense_city,3,apf_step,0.7,curvature,
APF,dense_city,4,apf_step,0.7,curvature,
APF,dense_city,5,apf_step,0.7,curvature,
APF,dense_city,6,apf_step,0.7,curvature,
APF,dense_city,7,apf_step,0.7,curvature,
APF,dense_city,8,apf_step,0.7,curvature,
APF,dense_city,9,apf_step,0.7,curvature,
APF,dense_city,10,apf_step,0.7,curvature,
APF,dense_city,11,apf_step,0.7,curvature,
APF,dense_city,12,apf_step,0.7,curvature,
APF,dense_city,13,apf_step,0.7,curvature,
APF,dense_city,14,apf_step,0.7,curvature,
APF,dense_city,15,apf_step,0.7,curvature,
APF,dense_city,16,apf_step,0.7,curvature,
APF,dense_city,17,apf_step,0.7,curvature,
APF,dense_city,18,apf_step,0.7,curvature,
APF,dense_city,19,apf_step,0.7,curvature,
APF,dense_city,20,apf_step,0.7,curvature,
APF,dense_city,21,apf_step,0.7,curvature,
APF,dense_city,22,apf_step,0.7,curvature,
APF,dense_city,23,apf_step,0.7,curvature,
APF,dense_city,24,apf_step,0.7,curvature,
APF,dense_city,25,apf_step,0.7,curvature,
APF,dense_city,26,apf_step,0.7,curvature,
APF,dense_city,27,apf_step,0.7,curvature,
APF,dense_city,28,apf_step,0.7,curvature,
APF,dense_city,29,apf_step,0.7,curvature,
APF,normal_city,0,apf_step,1.0,curvature,0.7705
APF,normal_city,1,apf_step,1.0,curvature,0.8073
APF,normal_city,2,apf_step,1.0,curvature,0.8138
APF,normal_city,3,apf_step,1.0,curvature,0.8451
APF,normal_city,4,apf_step,1.0,curvature,0.8303
APF,normal_city,5,apf_step,1.0,curvature,0.807
APF,normal_city,6,apf_step,1.0,curvature,
APF,normal_city,7,apf_step,1.0,curvature,0.8211
APF,normal_city,8,apf_step,1.0,curvature,0.8777
APF,normal_city,9,apf_step,1.0,curvature,
APF,normal_city,10,apf_step,1.0,curvature,0.6784
APF,normal_city,11,apf_step,1.0,curvature,0.9224
APF,normal_city,12,apf_step,1.0,curvature,
APF,normal_city,13,apf_step,1.0,curvature,0.7756
APF,normal_city,14,apf_step,1.0,curvature,0.7506
APF,normal_city,15,apf_step,1.0,curvature,0.7799
APF,normal_city,16,apf_step,1.0,curvature,0.7332
APF,normal_city,17,apf_step,1.0,curvature,
APF,normal_city,18,apf_step,1.0,curvature,0.6869
APF,normal_city,19,apf_step,1.0,curvature,
APF,normal_city,20,apf_step,1.0,curvature,
APF,normal_city,21,apf_step,1.0,curvature,0.8096
APF,normal_city,22,apf_step,1.0,curvature,0.8819
APF,normal_city,23,apf_step,1.0,curvature,
APF,normal_city,24,apf_step,1.0,curvature,0.7549
APF,normal_city,25,apf_step,1.0,curvature,0.7668
APF,normal_city,26,apf_step,1.0,curvature,0.7627
APF,normal_city,27,apf_step,1.0,curvature,0.9483
APF,normal_city,28,apf_step,1.0,curvature,0.8072
APF,normal_city,29,apf_step,1.0,curvature,0.7244
APF,blocked_road,0,apf_step,1.0,curvature,
APF,blocked_road,1,apf_step,1.0,curvature,
APF,blocked_road,2,apf_step,1.0,curvature,
APF,blocked_road,3,apf_step,1.0,curvature,
APF,blocked_road,4,apf_step,1.0,curvature,
APF,blocked_road,5,apf_step,1.0,curvature,
APF,blocked_road,6,apf_step,1.0,curvature,
APF,blocked_road,7,apf_step,1.0,curvature,1.1163
APF,blocked_road,8,apf_step,1.0,curvature,
APF,blocked_road,9,apf_step,1.0,curvature,
APF,blocked_road,10,apf_step,1.0,curvature,
APF,blocked_road,11,apf_step,1.0,curvature,
APF,blocked_road,12,apf_step,1.0,curvature,
APF,blocked_road,13,apf_step,1.0,curvature,0.7637
APF,blocked_road,14,apf_step,1.0,curvature,
APF,blocked_road,15,apf_step,1.0,curvature,
APF,blocked_road,16,apf_step,1.0,curvature,
APF,blocked_road,17,apf_step,1.0,curvature,
APF,blocked_road,18,apf_step,1.0,curvature,0.9768
APF,blocked_road,19,apf_step,1.0,curvature,
APF,blocked_road,20,apf_step,1.0,curvature,
APF,blocked_road,21,apf_step,1.0,curvature,
APF,blocked_road,22,apf_step,1.0,curvature,0.7064
APF,blocked_road,23,apf_step,1.0,curvature,
APF,blocked_road,24,apf_step,1.0,curvature,
APF,blocked_road,25,apf_step,1.0,curvature,
APF,blocked_road,26,apf_step,1.0,curvature,
APF,blocked_road,27,apf_step,1.0,curvature,
APF,blocked_road,28,apf_step,1.0,curvature,
APF,blocked_road,29,apf_step,1.0,curvature,
APF,dense_city,0,apf_step,1.0,curvature,
APF,dense_city,1,apf_step,1.0,curvature,
APF,dense_city,2,apf_step,1.0,curvature,
APF,dense_city,3,apf_step,1.0,curvature,
APF,dense_city,4,apf_step,1.0,curvature,
APF,dense_city,5,apf_step,1.0,curvature,
APF,dense_city,6,apf_step,1.0,curvature,
APF,dense_city,7,apf_step,1.0,curvature,
APF,dense_city,8,apf_step,1.0,curvature,
APF,dense_city,9,apf_step,1.0,curvature,
APF,dense_city,10,apf_step,1.0,curvature,
APF,dense_city,11,apf_step,1.0,curvature,
APF,dense_city,12,apf_step,1.0,curvature,
APF,dense_city,13,apf_step,1.0,curvature,
APF,dense_city,14,apf_step,1.0,curvature,
APF,dense_city,15,apf_step,1.0,curvature,
APF,dense_city,16,apf_step,1.0,curvature,
APF,dense_city,17,apf_step,1.0,curvature,
APF,dense_city,18,apf_step,1.0,curvature,
APF,dense_city,19,apf_step,1.0,curvature,
APF,dense_city,20,apf_step,1.0,curvature,
APF,dense_city,21,apf_step,1.0,curvature,
APF,dense_city,22,apf_step,1.0,curvature,
APF,dense_city,23,apf_step,1.0,curvature,
APF,dense_city,24,apf_step,1.0,curvature,
APF,dense_city,25,apf_step,1.0,curvature,
APF,dense_city,26,apf_step,1.0,curvature,
APF,dense_city,27,apf_step,1.0,curvature,
APF,dense_city,28,apf_step,1.0,curvature,
APF,dense_city,29,apf_step,1.0,curvature,
APF,normal_city,0,apf_step,1.4,curvature,
APF,normal_city,1,apf_step,1.4,curvature,
APF,normal_city,2,apf_step,1.4,curvature,
APF,normal_city,3,apf_step,1.4,curvature,
APF,normal_city,4,apf_step,1.4,curvature,
APF,normal_city,5,apf_step,1.4,curvature,
APF,normal_city,6,apf_step,1.4,curvature,
APF,normal_city,7,apf_step,1.4,curvature,
APF,normal_city,8,apf_step,1.4,curvature,
APF,normal_city,9,apf_step,1.4,curvature,
APF,normal_city,10,apf_step,1.4,curvature,
APF,normal_city,11,apf_step,1.4,curvature,
APF,normal_city,12,apf_step,1.4,curvature,
APF,normal_city,13,apf_step,1.4,curvature,0.5853
APF,normal_city,14,apf_step,1.4,curvature,
APF,normal_city,15,apf_step,1.4,curvature,
APF,normal_city,16,apf_step,1.4,curvature,0.5501
APF,normal_city,17,apf_step,1.4,curvature,
APF,normal_city,18,apf_step,1.4,curvature,0.5368
APF,normal_city,19,apf_step,1.4,curvature,
APF,normal_city,20,apf_step,1.4,curvature,
APF,normal_city,21,apf_step,1.4,curvature,
APF,normal_city,22,apf_step,1.4,curvature,0.6619
APF,normal_city,23,apf_step,1.4,curvature,
APF,normal_city,24,apf_step,1.4,curvature,
APF,normal_city,25,apf_step,1.4,curvature,
APF,normal_city,26,apf_step,1.4,curvature,
APF,normal_city,27,apf_step,1.4,curvature,0.725
APF,normal_city,28,apf_step,1.4,curvature,
APF,normal_city,29,apf_step,1.4,curvature,
APF,blocked_road,0,apf_step,1.4,curvature,
APF,blocked_road,1,apf_step,1.4,curvature,
APF,blocked_road,2,apf_step,1.4,curvature,
APF,blocked_road,3,apf_step,1.4,curvature,
APF,blocked_road,4,apf_step,1.4,curvature,
APF,blocked_road,5,apf_step,1.4,curvature,
APF,blocked_road,6,apf_step,1.4,curvature,
APF,blocked_road,7,apf_step,1.4,curvature,
APF,blocked_road,8,apf_step,1.4,curvature,
APF,blocked_road,9,apf_step,1.4,curvature,
APF,blocked_road,10,apf_step,1.4,curvature,
APF,blocked_road,11,apf_step,1.4,curvature,
APF,blocked_road,12,apf_step,1.4,curvature,
APF,blocked_road,13,apf_step,1.4,curvature,
APF,blocked_road,14,apf_step,1.4,curvature,
APF,blocked_road,15,apf_step,1.4,curvature,
APF,blocked_road,16,apf_step,1.4,curvature,
APF,blocked_road,17,apf_step,1.4,curvature,
APF,blocked_road,18,apf_step,1.4,curvature,
APF,blocked_road,19,apf_step,1.4,curvature,
APF,blocked_road,20,apf_step,1.4,curvature,
APF,blocked_road,21,apf_step,1.4,curvature,
APF,blocked_road,22,apf_step,1.4,curvature,
APF,blocked_road,23,apf_step,1.4,curvature,
APF,blocked_road,24,apf_step,1.4,curvature,
APF,blocked_road,25,apf_step,1.4,curvature,
APF,blocked_road,26,apf_step,1.4,curvature,
APF,blocked_road,27,apf_step,1.4,curvature,
APF,blocked_road,28,apf_step,1.4,curvature,
APF,blocked_road,29,apf_step,1.4,curvature,
APF,dense_city,0,apf_step,1.4,curvature,
APF,dense_city,1,apf_step,1.4,curvature,
APF,dense_city,2,apf_step,1.4,curvature,
APF,dense_city,3,apf_step,1.4,curvature,
APF,dense_city,4,apf_step,1.4,curvature,
APF,dense_city,5,apf_step,1.4,curvature,
APF,dense_city,6,apf_step,1.4,curvature,
APF,dense_city,7,apf_step,1.4,curvature,
APF,dense_city,8,apf_step,1.4,curvature,
APF,dense_city,9,apf_step,1.4,curvature,
APF,dense_city,10,apf_step,1.4,curvature,
APF,dense_city,11,apf_step,1.4,curvature,
APF,dense_city,12,apf_step,1.4,curvature,
APF,dense_city,13,apf_step,1.4,curvature,
APF,dense_city,14,apf_step,1.4,curvature,
APF,dense_city,15,apf_step,1.4,curvature,
APF,dense_city,16,apf_step,1.4,curvature,
APF,dense_city,17,apf_step,1.4,curvature,
APF,dense_city,18,apf_step,1.4,curvature,
APF,dense_city,19,apf_step,1.4,curvature,
APF,dense_city,20,apf_step,1.4,curvature,
APF,dense_city,21,apf_step,1.4,curvature,
APF,dense_city,22,apf_step,1.4,curvature,
APF,dense_city,23,apf_step,1.4,curvature,
APF,dense_city,24,apf_step,1.4,curvature,
APF,dense_city,25,apf_step,1.4,curvature,
APF,dense_city,26,apf_step,1.4,curvature,
APF,dense_city,27,apf_step,1.4,curvature,
APF,dense_city,28,apf_step,1.4,curvature,
APF,dense_city,29,apf_step,1.4,curvature,
APF,normal_city,0,apf_step,0.35,max_curvature,2.3763
APF,normal_city,1,apf_step,0.35,max_curvature,3.2239
APF,normal_city,2,apf_step,0.35,max_curvature,3.0961
APF,normal_city,3,apf_step,0.35,max_curvature,4.3513
APF,normal_city,4,apf_step,0.35,max_curvature,2.8427
APF,normal_city,5,apf_step,0.35,max_curvature,2.9277
APF,normal_city,6,apf_step,0.35,max_curvature,
APF,normal_city,7,apf_step,0.35,max_curvature,3.1469
APF,normal_city,8,apf_step,0.35,max_curvature,4.5882
APF,normal_city,9,apf_step,0.35,max_curvature,
APF,normal_city,10,apf_step,0.35,max_curvature,2.7012
APF,normal_city,11,apf_step,0.35,max_curvature,6.7185
APF,normal_city,12,apf_step,0.35,max_curvature,
APF,normal_city,13,apf_step,0.35,max_curvature,
APF,normal_city,14,apf_step,0.35,max_curvature,1.8302
APF,normal_city,15,apf_step,0.35,max_curvature,2.4352
APF,normal_city,16,apf_step,0.35,max_curvature,2.2281
APF,normal_city,17,apf_step,0.35,max_curvature,
APF,normal_city,18,apf_step,0.35,max_curvature,1.7725
APF,normal_city,19,apf_step,0.35,max_curvature,
APF,normal_city,20,apf_step,0.35,max_curvature,2.6531
APF,normal_city,21,apf_step,0.35,max_curvature,3.1171
APF,normal_city,22,apf_step,0.35,max_curvature,4.9046
APF,normal_city,23,apf_step,0.35,max_curvature,
APF,normal_city,24,apf_step,0.35,max_curvature,3.428
APF,normal_city,25,apf_step,0.35,max_curvature,2.396
APF,normal_city,26,apf_step,0.35,max_curvature,2.2476
APF,normal_city,27,apf_step,0.35,max_curvature,3.6201
APF,normal_city,28,apf_step,0.35,max_curvature,3.7426
APF,normal_city,29,apf_step,0.35,max_curvature,2.4916
APF,blocked_road,0,apf_step,0.35,max_curvature,
APF,blocked_road,1,apf_step,0.35,max_curvature,
APF,blocked_road,2,apf_step,0.35,max_curvature,
APF,blocked_road,3,apf_step,0.35,max_curvature,
APF,blocked_road,4,apf_step,0.35,max_curvature,
APF,blocked_road,5,apf_step,0.35,max_curvature,
APF,blocked_road,6,apf_step,0.35,max_curvature,
APF,blocked_road,7,apf_step,0.35,max_curvature,3.2814
APF,blocked_road,8,apf_step,0.35,max_curvature,
APF,blocked_road,9,apf_step,0.35,max_curvature,
APF,blocked_road,10,apf_step,0.35,max_curvature,
APF,blocked_road,11,apf_step,0.35,max_curvature,
APF,blocked_road,12,apf_step,0.35,max_curvature,
APF,blocked_road,13,apf_step,0.35,max_curvature,4.4992
APF,blocked_road,14,apf_step,0.35,max_curvature,
APF,blocked_road,15,apf_step,0.35,max_curvature,
APF,blocked_road,16,apf_step,0.35,max_curvature,
APF,blocked_road,17,apf_step,0.35,max_curvature,
APF,blocked_road,18,apf_step,0.35,max_curvature,9.2103
APF,blocked_road,19,apf_step,0.35,max_curvature,
APF,blocked_road,20,apf_step,0.35,max_curvature,
APF,blocked_road,21,apf_step,0.35,max_curvature,
APF,blocked_road,22,apf_step,0.35,max_curvature,
APF,blocked_road,23,apf_step,0.35,max_curvature,
APF,blocked_road,24,apf_step,0.35,max_curvature,
APF,blocked_road,25,apf_step,0.35,max_curvature,
APF,blocked_road,26,apf_step,0.35,max_curvature,
APF,blocked_road,27,apf_step,0.35,max_curvature,
APF,blocked_road,28,apf_step,0.35,max_curvature,
APF,blocked_road,29,apf_step,0.35,max_curvature,
APF,dense_city,0,apf_step,0.35,max_curvature,
APF,dense_city,1,apf_step,0.35,max_curvature,
APF,dense_city,2,apf_step,0.35,max_curvature,
APF,dense_city,3,apf_step,0.35,max_curvature,
APF,dense_city,4,apf_step,0.35,max_curvature,
APF,dense_city,5,apf_step,0.35,max_curvature,
APF,dense_city,6,apf_step,0.35,max_curvature,
APF,dense_city,7,apf_step,0.35,max_curvature,
APF,dense_city,8,apf_step,0.35,max_curvature,5.3174
APF,dense_city,9,apf_step,0.35,max_curvature,
APF,dense_city,10,apf_step,0.35,max_curvature,4.0124
APF,dense_city,11,apf_step,0.35,max_curvature,
APF,dense_city,12,apf_step,0.35,max_curvature,
APF,dense_city,13,apf_step,0.35,max_curvature,
APF,dense_city,14,apf_step,0.35,max_curvature,
APF,dense_city,15,apf_step,0.35,max_curvature,
APF,dense_city,16,apf_step,0.35,max_curvature,
APF,dense_city,17,apf_step,0.35,max_curvature,
APF,dense_city,18,apf_step,0.35,max_curvature,
APF,dense_city,19,apf_step,0.35,max_curvature,
APF,dense_city,20,apf_step,0.35,max_curvature,3.4398
APF,dense_city,21,apf_step,0.35,max_curvature,4.2852
APF,dense_city,22,apf_step,0.35,max_curvature,
APF,dense_city,23,apf_step,0.35,max_curvature,
APF,dense_city,24,apf_step,0.35,max_curvature,
APF,dense_city,25,apf_step,0.35,max_curvature,
APF,dense_city,26,apf_step,0.35,max_curvature,
APF,dense_city,27,apf_step,0.35,max_curvature,
APF,dense_city,28,apf_step,0.35,max_curvature,
APF,dense_city,29,apf_step,0.35,max_curvature,
APF,normal_city,0,apf_step,0.5,max_curvature,1.6221
APF,normal_city,1,apf_step,0.5,max_curvature,1.8097
APF,normal_city,2,apf_step,0.5,max_curvature,1.883
APF,normal_city,3,apf_step,0.5,max_curvature,2.052
APF,normal_city,4,apf_step,0.5,max_curvature,2.2827
APF,normal_city,5,apf_step,0.5,max_curvature,1.7831
APF,normal_city,6,apf_step,0.5,max_curvature,
APF,normal_city,7,apf_step,0.5,max_curvature,1.7525
APF,normal_city,8,apf_step,0.5,max_curvature,2.2516
APF,normal_city,9,apf_step,0.5,max_curvature,
APF,normal_city,10,apf_step,0.5,max_curvature,1.3322
APF,normal_city,11,apf_step,0.5,max_curvature,1.5199
APF,normal_city,12,apf_step,0.5,max_curvature,
APF,normal_city,13,apf_step,0.5,max_curvature,
APF,normal_city,14,apf_step,0.5,max_curvature,1.5438
APF,normal_city,15,apf_step,0.5,max_curvature,1.4338
APF,normal_city,16,apf_step,0.5,max_curvature,1.4905
APF,normal_city,17,apf_step,0.5,max_curvature,
APF,normal_city,18,apf_step,0.5,max_curvature,1.383
APF,normal_city,19,apf_step,0.5,max_curvature,
APF,normal_city,20,apf_step,0.5,max_curvature,1.4215
APF,normal_city,21,apf_step,0.5,max_curvature,1.7447
APF,normal_city,22,apf_step,0.5,max_curvature,1.5886
APF,normal_city,23,apf_step,0.5,max_curvature,
APF,normal_city,24,apf_step,0.5,max_curvature,1.5001
APF,normal_city,25,apf_step,0.5,max_curvature,1.5006
APF,normal_city,26,apf_step,0.5,max_curvature,1.621
APF,normal_city,27,apf_step,0.5,max_curvature,1.4359
APF,normal_city,28,apf_step,0.5,max_curvature,1.7517
APF,normal_city,29,apf_step,0.5,max_curvature,1.4096
APF,blocked_road,0,apf_step,0.5,max_curvature,
APF,blocked_road,1,apf_step,0.5,max_curvature,
APF,blocked_road,2,apf_step,0.5,max_curvature,
APF,blocked_road,3,apf_step,0.5,max_curvature,
APF,blocked_road,4,apf_step,0.5,max_curvature,
APF,blocked_road,5,apf_step,0.5,max_curvature,
APF,blocked_road,6,apf_step,0.5,max_curvature,
APF,blocked_road,7,apf_step,0.5,max_curvature,2.9461
APF,blocked_road,8,apf_step,0.5,max_curvature,
APF,blocked_road,9,apf_step,0.5,max_curvature,
APF,blocked_road,10,apf_step,0.5,max_curvature,
APF,blocked_road,11,apf_step,0.5,max_curvature,
APF,blocked_road,12,apf_step,0.5,max_curvature,
APF,blocked_road,13,apf_step,0.5,max_curvature,2.0168
APF,blocked_road,14,apf_step,0.5,max_curvature,
APF,blocked_road,15,apf_step,0.5,max_curvature,
APF,blocked_road,16,apf_step,0.5,max_curvature,
APF,blocked_road,17,apf_step,0.5,max_curvature,
APF,blocked_road,18,apf_step,0.5,max_curvature,2.6163
APF,blocked_road,19,apf_step,0.5,max_curvature,
APF,blocked_road,20,apf_step,0.5,max_curvature,
APF,blocked_road,21,apf_step,0.5,max_curvature,
APF,blocked_road,22,apf_step,0.5,max_curvature,2.3421
APF,blocked_road,23,apf_step,0.5,max_curvature,
APF,blocked_road,24,apf_step,0.5,max_curvature,
APF,blocked_road,25,apf_step,0.5,max_curvature,
APF,blocked_road,26,apf_step,0.5,max_curvature,
APF,blocked_road,27,apf_step,0.5,max_curvature,
APF,blocked_road,28,apf_step,0.5,max_curvature,
APF,blocked_road,29,apf_step,0.5,max_curvature,
APF,dense_city,0,apf_step,0.5,max_curvature,
APF,dense_city,1,apf_step,0.5,max_curvature,
APF,dense_city,2,apf_step,0.5,max_curvature,
APF,dense_city,3,apf_step,0.5,max_curvature,
APF,dense_city,4,apf_step,0.5,max_curvature,
APF,dense_city,5,apf_step,0.5,max_curvature,
APF,dense_city,6,apf_step,0.5,max_curvature,
APF,dense_city,7,apf_step,0.5,max_curvature,
APF,dense_city,8,apf_step,0.5,max_curvature,2.5424
APF,dense_city,9,apf_step,0.5,max_curvature,
APF,dense_city,10,apf_step,0.5,max_curvature,2.5781
APF,dense_city,11,apf_step,0.5,max_curvature,
APF,dense_city,12,apf_step,0.5,max_curvature,
APF,dense_city,13,apf_step,0.5,max_curvature,
APF,dense_city,14,apf_step,0.5,max_curvature,
APF,dense_city,15,apf_step,0.5,max_curvature,
APF,dense_city,16,apf_step,0.5,max_curvature,
APF,dense_city,17,apf_step,0.5,max_curvature,
APF,dense_city,18,apf_step,0.5,max_curvature,
APF,dense_city,19,apf_step,0.5,max_curvature,
APF,dense_city,20,apf_step,0.5,max_curvature,2.3429
APF,dense_city,21,apf_step,0.5,max_curvature,2.393
APF,dense_city,22,apf_step,0.5,max_curvature,
APF,dense_city,23,apf_step,0.5,max_curvature,
APF,dense_city,24,apf_step,0.5,max_curvature,
APF,dense_city,25,apf_step,0.5,max_curvature,
APF,dense_city,26,apf_step,0.5,max_curvature,
APF,dense_city,27,apf_step,0.5,max_curvature,
APF,dense_city,28,apf_step,0.5,max_curvature,
APF,dense_city,29,apf_step,0.5,max_curvature,
APF,normal_city,0,apf_step,0.7,max_curvature,2.4439
APF,normal_city,1,apf_step,0.7,max_curvature,3.3413
APF,normal_city,2,apf_step,0.7,max_curvature,2.8588
APF,normal_city,3,apf_step,0.7,max_curvature,4.4751
APF,normal_city,4,apf_step,0.7,max_curvature,4.2543
APF,normal_city,5,apf_step,0.7,max_curvature,3.2081
APF,normal_city,6,apf_step,0.7,max_curvature,
APF,normal_city,7,apf_step,0.7,max_curvature,3.5215
APF,normal_city,8,apf_step,0.7,max_curvature,4.3131
APF,normal_city,9,apf_step,0.7,max_curvature,
APF,normal_city,10,apf_step,0.7,max_curvature,3.3271
APF,normal_city,11,apf_step,0.7,max_curvature,6.0017
APF,normal_city,12,apf_step,0.7,max_curvature,
APF,normal_city,13,apf_step,0.7,max_curvature,2.1
APF,normal_city,14,apf_step,0.7,max_curvature,2.2146
APF,normal_city,15,apf_step,0.7,max_curvature,2.298
APF,normal_city,16,apf_step,0.7,max_curvature,2.4159
APF,normal_city,17,apf_step,0.7,max_curvature,
APF,normal_city,18,apf_step,0.7,max_curvature,2.1645
APF,normal_city,19,apf_step,0.7,max_curvature,
APF,normal_city,20,apf_step,0.7,max_curvature,2.6283
APF,normal_city,21,apf_step,0.7,max_curvature,3.5381
APF,normal_city,22,apf_step,0.7,max_curvature,4.7415
APF,normal_city,23,apf_step,0.7,max_curvature,
APF,normal_city,24,apf_step,0.7,max_curvature,3.6643
APF,normal_city,25,apf_step,0.7,max_curvature,2.727
APF,normal_city,26,apf_step,0.7,max_curvature,2.5179
APF,normal_city,27,apf_step,0.7,max_curvature,4.3266
APF,normal_city,28,apf_step,0.7,max_curvature,3.794
APF,normal_city,29,apf_step,0.7,max_curvature,2.5696
APF,blocked_road,0,apf_step,0.7,max_curvature,
APF,blocked_road,1,apf_step,0.7,max_curvature,
APF,blocked_road,2,apf_step,0.7,max_curvature,
APF,blocked_road,3,apf_step,0.7,max_curvature,
APF,blocked_road,4,apf_step,0.7,max_curvature,
APF,blocked_road,5,apf_step,0.7,max_curvature,
APF,blocked_road,6,apf_step,0.7,max_curvature,
APF,blocked_road,7,apf_step,0.7,max_curvature,3.5412
APF,blocked_road,8,apf_step,0.7,max_curvature,
APF,blocked_road,9,apf_step,0.7,max_curvature,
APF,blocked_road,10,apf_step,0.7,max_curvature,
APF,blocked_road,11,apf_step,0.7,max_curvature,
APF,blocked_road,12,apf_step,0.7,max_curvature,
APF,blocked_road,13,apf_step,0.7,max_curvature,4.0548
APF,blocked_road,14,apf_step,0.7,max_curvature,
APF,blocked_road,15,apf_step,0.7,max_curvature,
APF,blocked_road,16,apf_step,0.7,max_curvature,
APF,blocked_road,17,apf_step,0.7,max_curvature,
APF,blocked_road,18,apf_step,0.7,max_curvature,7.3153
APF,blocked_road,19,apf_step,0.7,max_curvature,
APF,blocked_road,20,apf_step,0.7,max_curvature,
APF,blocked_road,21,apf_step,0.7,max_curvature,
APF,blocked_road,22,apf_step,0.7,max_curvature,
APF,blocked_road,23,apf_step,0.7,max_curvature,
APF,blocked_road,24,apf_step,0.7,max_curvature,
APF,blocked_road,25,apf_step,0.7,max_curvature,2.605
APF,blocked_road,26,apf_step,0.7,max_curvature,
APF,blocked_road,27,apf_step,0.7,max_curvature,
APF,blocked_road,28,apf_step,0.7,max_curvature,
APF,blocked_road,29,apf_step,0.7,max_curvature,
APF,dense_city,0,apf_step,0.7,max_curvature,
APF,dense_city,1,apf_step,0.7,max_curvature,
APF,dense_city,2,apf_step,0.7,max_curvature,
APF,dense_city,3,apf_step,0.7,max_curvature,
APF,dense_city,4,apf_step,0.7,max_curvature,
APF,dense_city,5,apf_step,0.7,max_curvature,
APF,dense_city,6,apf_step,0.7,max_curvature,
APF,dense_city,7,apf_step,0.7,max_curvature,
APF,dense_city,8,apf_step,0.7,max_curvature,
APF,dense_city,9,apf_step,0.7,max_curvature,
APF,dense_city,10,apf_step,0.7,max_curvature,
APF,dense_city,11,apf_step,0.7,max_curvature,
APF,dense_city,12,apf_step,0.7,max_curvature,
APF,dense_city,13,apf_step,0.7,max_curvature,
APF,dense_city,14,apf_step,0.7,max_curvature,
APF,dense_city,15,apf_step,0.7,max_curvature,
APF,dense_city,16,apf_step,0.7,max_curvature,
APF,dense_city,17,apf_step,0.7,max_curvature,
APF,dense_city,18,apf_step,0.7,max_curvature,
APF,dense_city,19,apf_step,0.7,max_curvature,
APF,dense_city,20,apf_step,0.7,max_curvature,
APF,dense_city,21,apf_step,0.7,max_curvature,
APF,dense_city,22,apf_step,0.7,max_curvature,
APF,dense_city,23,apf_step,0.7,max_curvature,
APF,dense_city,24,apf_step,0.7,max_curvature,
APF,dense_city,25,apf_step,0.7,max_curvature,
APF,dense_city,26,apf_step,0.7,max_curvature,
APF,dense_city,27,apf_step,0.7,max_curvature,
APF,dense_city,28,apf_step,0.7,max_curvature,
APF,dense_city,29,apf_step,0.7,max_curvature,
APF,normal_city,0,apf_step,1.0,max_curvature,2.3881
APF,normal_city,1,apf_step,1.0,max_curvature,2.5837
APF,normal_city,2,apf_step,1.0,max_curvature,2.565
APF,normal_city,3,apf_step,1.0,max_curvature,2.6478
APF,normal_city,4,apf_step,1.0,max_curvature,2.7659
APF,normal_city,5,apf_step,1.0,max_curvature,2.5087
APF,normal_city,6,apf_step,1.0,max_curvature,
APF,normal_city,7,apf_step,1.0,max_curvature,2.5634
APF,normal_city,8,apf_step,1.0,max_curvature,2.6567
APF,normal_city,9,apf_step,1.0,max_curvature,
APF,normal_city,10,apf_step,1.0,max_curvature,2.4585
APF,normal_city,11,apf_step,1.0,max_curvature,2.823
APF,normal_city,12,apf_step,1.0,max_curvature,
APF,normal_city,13,apf_step,1.0,max_curvature,2.1505
APF,normal_city,14,apf_step,1.0,max_curvature,2.2973
APF,normal_city,15,apf_step,1.0,max_curvature,2.3154
APF,normal_city,16,apf_step,1.0,max_curvature,2.3079
APF,normal_city,17,apf_step,1.0,max_curvature,
APF,normal_city,18,apf_step,1.0,max_curvature,2.1473
APF,normal_city,19,apf_step,1.0,max_curvature,
APF,normal_city,20,apf_step,1.0,max_curvature,
APF,normal_city,21,apf_step,1.0,max_curvature,2.4936
APF,normal_city,22,apf_step,1.0,max_curvature,2.6896
APF,normal_city,23,apf_step,1.0,max_curvature,
APF,normal_city,24,apf_step,1.0,max_curvature,2.5657
APF,normal_city,25,apf_step,1.0,max_curvature,2.4174
APF,normal_city,26,apf_step,1.0,max_curvature,2.363
APF,normal_city,27,apf_step,1.0,max_curvature,2.6642
APF,normal_city,28,apf_step,1.0,max_curvature,2.6222
APF,normal_city,29,apf_step,1.0,max_curvature,2.3491
APF,blocked_road,0,apf_step,1.0,max_curvature,
APF,blocked_road,1,apf_step,1.0,max_curvature,
APF,blocked_road,2,apf_step,1.0,max_curvature,
APF,blocked_road,3,apf_step,1.0,max_curvature,
APF,blocked_road,4,apf_step,1.0,max_curvature,
APF,blocked_road,5,apf_step,1.0,max_curvature,
APF,blocked_road,6,apf_step,1.0,max_curvature,
APF,blocked_road,7,apf_step,1.0,max_curvature,3.0902
APF,blocked_road,8,apf_step,1.0,max_curvature,
APF,blocked_road,9,apf_step,1.0,max_curvature,
APF,blocked_road,10,apf_step,1.0,max_curvature,
APF,blocked_road,11,apf_step,1.0,max_curvature,
APF,blocked_road,12,apf_step,1.0,max_curvature,
APF,blocked_road,13,apf_step,1.0,max_curvature,2.6525
APF,blocked_road,14,apf_step,1.0,max_curvature,
APF,blocked_road,15,apf_step,1.0,max_curvature,
APF,blocked_road,16,apf_step,1.0,max_curvature,
APF,blocked_road,17,apf_step,1.0,max_curvature,
APF,blocked_road,18,apf_step,1.0,max_curvature,2.9241
APF,blocked_road,19,apf_step,1.0,max_curvature,
APF,blocked_road,20,apf_step,1.0,max_curvature,
APF,blocked_road,21,apf_step,1.0,max_curvature,
APF,blocked_road,22,apf_step,1.0,max_curvature,2.595
APF,blocked_road,23,apf_step,1.0,max_curvature,
APF,blocked_road,24,apf_step,1.0,max_curvature,
APF,blocked_road,25,apf_step,1.0,max_curvature,
APF,blocked_road,26,apf_step,1.0,max_curvature,
APF,blocked_road,27,apf_step,1.0,max_curvature,
APF,blocked_road,28,apf_step,1.0,max_curvature,
APF,blocked_road,29,apf_step,1.0,max_curvature,
APF,dense_city,0,apf_step,1.0,max_curvature,
APF,dense_city,1,apf_step,1.0,max_curvature,
APF,dense_city,2,apf_step,1.0,max_curvature,
APF,dense_city,3,apf_step,1.0,max_curvature,
APF,dense_city,4,apf_step,1.0,max_curvature,
APF,dense_city,5,apf_step,1.0,max_curvature,
APF,dense_city,6,apf_step,1.0,max_curvature,
APF,dense_city,7,apf_step,1.0,max_curvature,
APF,dense_city,8,apf_step,1.0,max_curvature,
APF,dense_city,9,apf_step,1.0,max_curvature,
APF,dense_city,10,apf_step,1.0,max_curvature,
APF,dense_city,11,apf_step,1.0,max_curvature,
APF,dense_city,12,apf_step,1.0,max_curvature,
APF,dense_city,13,apf_step,1.0,max_curvature,
APF,dense_city,14,apf_step,1.0,max_curvature,
APF,dense_city,15,apf_step,1.0,max_curvature,
APF,dense_city,16,apf_step,1.0,max_curvature,
APF,dense_city,17,apf_step,1.0,max_curvature,
APF,dense_city,18,apf_step,1.0,max_curvature,
APF,dense_city,19,apf_step,1.0,max_curvature,
APF,dense_city,20,apf_step,1.0,max_curvature,
APF,dense_city,21,apf_step,1.0,max_curvature,
APF,dense_city,22,apf_step,1.0,max_curvature,
APF,dense_city,23,apf_step,1.0,max_curvature,
APF,dense_city,24,apf_step,1.0,max_curvature,
APF,dense_city,25,apf_step,1.0,max_curvature,
APF,dense_city,26,apf_step,1.0,max_curvature,
APF,dense_city,27,apf_step,1.0,max_curvature,
APF,dense_city,28,apf_step,1.0,max_curvature,
APF,dense_city,29,apf_step,1.0,max_curvature,
APF,normal_city,0,apf_step,1.4,max_curvature,
APF,normal_city,1,apf_step,1.4,max_curvature,
APF,normal_city,2,apf_step,1.4,max_curvature,
APF,normal_city,3,apf_step,1.4,max_curvature,
APF,normal_city,4,apf_step,1.4,max_curvature,
APF,normal_city,5,apf_step,1.4,max_curvature,
APF,normal_city,6,apf_step,1.4,max_curvature,
APF,normal_city,7,apf_step,1.4,max_curvature,
APF,normal_city,8,apf_step,1.4,max_curvature,
APF,normal_city,9,apf_step,1.4,max_curvature,
APF,normal_city,10,apf_step,1.4,max_curvature,
APF,normal_city,11,apf_step,1.4,max_curvature,
APF,normal_city,12,apf_step,1.4,max_curvature,
APF,normal_city,13,apf_step,1.4,max_curvature,2.6335
APF,normal_city,14,apf_step,1.4,max_curvature,
APF,normal_city,15,apf_step,1.4,max_curvature,
APF,normal_city,16,apf_step,1.4,max_curvature,2.5401
APF,normal_city,17,apf_step,1.4,max_curvature,
APF,normal_city,18,apf_step,1.4,max_curvature,2.3604
APF,normal_city,19,apf_step,1.4,max_curvature,
APF,normal_city,20,apf_step,1.4,max_curvature,
APF,normal_city,21,apf_step,1.4,max_curvature,
APF,normal_city,22,apf_step,1.4,max_curvature,3.3696
APF,normal_city,23,apf_step,1.4,max_curvature,
APF,normal_city,24,apf_step,1.4,max_curvature,
APF,normal_city,25,apf_step,1.4,max_curvature,
APF,normal_city,26,apf_step,1.4,max_curvature,
APF,normal_city,27,apf_step,1.4,max_curvature,3.1835
APF,normal_city,28,apf_step,1.4,max_curvature,
APF,normal_city,29,apf_step,1.4,max_curvature,
APF,blocked_road,0,apf_step,1.4,max_curvature,
APF,blocked_road,1,apf_step,1.4,max_curvature,
APF,blocked_road,2,apf_step,1.4,max_curvature,
APF,blocked_road,3,apf_step,1.4,max_curvature,
APF,blocked_road,4,apf_step,1.4,max_curvature,
APF,blocked_road,5,apf_step,1.4,max_curvature,
APF,blocked_road,6,apf_step,1.4,max_curvature,
APF,blocked_road,7,apf_step,1.4,max_curvature,
APF,blocked_road,8,apf_step,1.4,max_curvature,
APF,blocked_road,9,apf_step,1.4,max_curvature,
APF,blocked_road,10,apf_step,1.4,max_curvature,
APF,blocked_road,11,apf_step,1.4,max_curvature,
APF,blocked_road,12,apf_step,1.4,max_curvature,
APF,blocked_road,13,apf_step,1.4,max_curvature,
APF,blocked_road,14,apf_step,1.4,max_curvature,
APF,blocked_road,15,apf_step,1.4,max_curvature,
APF,blocked_road,16,apf_step,1.4,max_curvature,
APF,blocked_road,17,apf_step,1.4,max_curvature,
APF,blocked_road,18,apf_step,1.4,max_curvature,
APF,blocked_road,19,apf_step,1.4,max_curvature,
APF,blocked_road,20,apf_step,1.4,max_curvature,
APF,blocked_road,21,apf_step,1.4,max_curvature,
APF,blocked_road,22,apf_step,1.4,max_curvature,
APF,blocked_road,23,apf_step,1.4,max_curvature,
APF,blocked_road,24,apf_step,1.4,max_curvature,
APF,blocked_road,25,apf_step,1.4,max_curvature,
APF,blocked_road,26,apf_step,1.4,max_curvature,
APF,blocked_road,27,apf_step,1.4,max_curvature,
APF,blocked_road,28,apf_step,1.4,max_curvature,
APF,blocked_road,29,apf_step,1.4,max_curvature,
APF,dense_city,0,apf_step,1.4,max_curvature,
APF,dense_city,1,apf_step,1.4,max_curvature,
APF,dense_city,2,apf_step,1.4,max_curvature,
APF,dense_city,3,apf_step,1.4,max_curvature,
APF,dense_city,4,apf_step,1.4,max_curvature,
APF,dense_city,5,apf_step,1.4,max_curvature,
APF,dense_city,6,apf_step,1.4,max_curvature,
APF,dense_city,7,apf_step,1.4,max_curvature,
APF,dense_city,8,apf_step,1.4,max_curvature,
APF,dense_city,9,apf_step,1.4,max_curvature,
APF,dense_city,10,apf_step,1.4,max_curvature,
APF,dense_city,11,apf_step,1.4,max_curvature,
APF,dense_city,12,apf_step,1.4,max_curvature,
APF,dense_city,13,apf_step,1.4,max_curvature,
APF,dense_city,14,apf_step,1.4,max_curvature,
APF,dense_city,15,apf_step,1.4,max_curvature,
APF,dense_city,16,apf_step,1.4,max_curvature,
APF,dense_city,17,apf_step,1.4,max_curvature,
APF,dense_city,18,apf_step,1.4,max_curvature,
APF,dense_city,19,apf_step,1.4,max_curvature,
APF,dense_city,20,apf_step,1.4,max_curvature,
APF,dense_city,21,apf_step,1.4,max_curvature,
APF,dense_city,22,apf_step,1.4,max_curvature,
APF,dense_city,23,apf_step,1.4,max_curvature,
APF,dense_city,24,apf_step,1.4,max_curvature,
APF,dense_city,25,apf_step,1.4,max_curvature,
APF,dense_city,26,apf_step,1.4,max_curvature,
APF,dense_city,27,apf_step,1.4,max_curvature,
APF,dense_city,28,apf_step,1.4,max_curvature,
APF,dense_city,29,apf_step,1.4,max_curvature,
APF,normal_city,0,apf_step,0.35,drive_time_curved,53.7036
APF,normal_city,1,apf_step,0.35,drive_time_curved,55.4343
APF,normal_city,2,apf_step,0.35,drive_time_curved,53.7728
APF,normal_city,3,apf_step,0.35,drive_time_curved,52.5736
APF,normal_city,4,apf_step,0.35,drive_time_curved,49.5764
APF,normal_city,5,apf_step,0.35,drive_time_curved,54.8248
APF,normal_city,6,apf_step,0.35,drive_time_curved,
APF,normal_city,7,apf_step,0.35,drive_time_curved,54.178
APF,normal_city,8,apf_step,0.35,drive_time_curved,53.0487
APF,normal_city,9,apf_step,0.35,drive_time_curved,
APF,normal_city,10,apf_step,0.35,drive_time_curved,44.9078
APF,normal_city,11,apf_step,0.35,drive_time_curved,59.5918
APF,normal_city,12,apf_step,0.35,drive_time_curved,
APF,normal_city,13,apf_step,0.35,drive_time_curved,
APF,normal_city,14,apf_step,0.35,drive_time_curved,53.1204
APF,normal_city,15,apf_step,0.35,drive_time_curved,52.2642
APF,normal_city,16,apf_step,0.35,drive_time_curved,52.9917
APF,normal_city,17,apf_step,0.35,drive_time_curved,
APF,normal_city,18,apf_step,0.35,drive_time_curved,45.1481
APF,normal_city,19,apf_step,0.35,drive_time_curved,
APF,normal_city,20,apf_step,0.35,drive_time_curved,50.8097
APF,normal_city,21,apf_step,0.35,drive_time_curved,52.3189
APF,normal_city,22,apf_step,0.35,drive_time_curved,49.8625
APF,normal_city,23,apf_step,0.35,drive_time_curved,
APF,normal_city,24,apf_step,0.35,drive_time_curved,47.2125
APF,normal_city,25,apf_step,0.35,drive_time_curved,52.29
APF,normal_city,26,apf_step,0.35,drive_time_curved,51.3429
APF,normal_city,27,apf_step,0.35,drive_time_curved,60.0614
APF,normal_city,28,apf_step,0.35,drive_time_curved,53.871
APF,normal_city,29,apf_step,0.35,drive_time_curved,53.7218
APF,blocked_road,0,apf_step,0.35,drive_time_curved,
APF,blocked_road,1,apf_step,0.35,drive_time_curved,
APF,blocked_road,2,apf_step,0.35,drive_time_curved,
APF,blocked_road,3,apf_step,0.35,drive_time_curved,
APF,blocked_road,4,apf_step,0.35,drive_time_curved,
APF,blocked_road,5,apf_step,0.35,drive_time_curved,
APF,blocked_road,6,apf_step,0.35,drive_time_curved,
APF,blocked_road,7,apf_step,0.35,drive_time_curved,50.0501
APF,blocked_road,8,apf_step,0.35,drive_time_curved,
APF,blocked_road,9,apf_step,0.35,drive_time_curved,
APF,blocked_road,10,apf_step,0.35,drive_time_curved,
APF,blocked_road,11,apf_step,0.35,drive_time_curved,
APF,blocked_road,12,apf_step,0.35,drive_time_curved,
APF,blocked_road,13,apf_step,0.35,drive_time_curved,48.3698
APF,blocked_road,14,apf_step,0.35,drive_time_curved,
APF,blocked_road,15,apf_step,0.35,drive_time_curved,
APF,blocked_road,16,apf_step,0.35,drive_time_curved,
APF,blocked_road,17,apf_step,0.35,drive_time_curved,
APF,blocked_road,18,apf_step,0.35,drive_time_curved,54.2646
APF,blocked_road,19,apf_step,0.35,drive_time_curved,
APF,blocked_road,20,apf_step,0.35,drive_time_curved,
APF,blocked_road,21,apf_step,0.35,drive_time_curved,
APF,blocked_road,22,apf_step,0.35,drive_time_curved,
APF,blocked_road,23,apf_step,0.35,drive_time_curved,
APF,blocked_road,24,apf_step,0.35,drive_time_curved,
APF,blocked_road,25,apf_step,0.35,drive_time_curved,
APF,blocked_road,26,apf_step,0.35,drive_time_curved,
APF,blocked_road,27,apf_step,0.35,drive_time_curved,
APF,blocked_road,28,apf_step,0.35,drive_time_curved,
APF,blocked_road,29,apf_step,0.35,drive_time_curved,
APF,dense_city,0,apf_step,0.35,drive_time_curved,
APF,dense_city,1,apf_step,0.35,drive_time_curved,
APF,dense_city,2,apf_step,0.35,drive_time_curved,
APF,dense_city,3,apf_step,0.35,drive_time_curved,
APF,dense_city,4,apf_step,0.35,drive_time_curved,
APF,dense_city,5,apf_step,0.35,drive_time_curved,
APF,dense_city,6,apf_step,0.35,drive_time_curved,
APF,dense_city,7,apf_step,0.35,drive_time_curved,
APF,dense_city,8,apf_step,0.35,drive_time_curved,66.4252
APF,dense_city,9,apf_step,0.35,drive_time_curved,
APF,dense_city,10,apf_step,0.35,drive_time_curved,64.9518
APF,dense_city,11,apf_step,0.35,drive_time_curved,
APF,dense_city,12,apf_step,0.35,drive_time_curved,
APF,dense_city,13,apf_step,0.35,drive_time_curved,
APF,dense_city,14,apf_step,0.35,drive_time_curved,
APF,dense_city,15,apf_step,0.35,drive_time_curved,
APF,dense_city,16,apf_step,0.35,drive_time_curved,
APF,dense_city,17,apf_step,0.35,drive_time_curved,
APF,dense_city,18,apf_step,0.35,drive_time_curved,
APF,dense_city,19,apf_step,0.35,drive_time_curved,
APF,dense_city,20,apf_step,0.35,drive_time_curved,67.0927
APF,dense_city,21,apf_step,0.35,drive_time_curved,64.928
APF,dense_city,22,apf_step,0.35,drive_time_curved,
APF,dense_city,23,apf_step,0.35,drive_time_curved,
APF,dense_city,24,apf_step,0.35,drive_time_curved,
APF,dense_city,25,apf_step,0.35,drive_time_curved,
APF,dense_city,26,apf_step,0.35,drive_time_curved,
APF,dense_city,27,apf_step,0.35,drive_time_curved,
APF,dense_city,28,apf_step,0.35,drive_time_curved,
APF,dense_city,29,apf_step,0.35,drive_time_curved,
APF,normal_city,0,apf_step,0.5,drive_time_curved,55.5129
APF,normal_city,1,apf_step,0.5,drive_time_curved,48.1871
APF,normal_city,2,apf_step,0.5,drive_time_curved,50.0076
APF,normal_city,3,apf_step,0.5,drive_time_curved,45.9501
APF,normal_city,4,apf_step,0.5,drive_time_curved,48.2276
APF,normal_city,5,apf_step,0.5,drive_time_curved,52.6367
APF,normal_city,6,apf_step,0.5,drive_time_curved,
APF,normal_city,7,apf_step,0.5,drive_time_curved,50.7348
APF,normal_city,8,apf_step,0.5,drive_time_curved,46.7887
APF,normal_city,9,apf_step,0.5,drive_time_curved,
APF,normal_city,10,apf_step,0.5,drive_time_curved,42.239
APF,normal_city,11,apf_step,0.5,drive_time_curved,51.6578
APF,normal_city,12,apf_step,0.5,drive_time_curved,
APF,normal_city,13,apf_step,0.5,drive_time_curved,
APF,normal_city,14,apf_step,0.5,drive_time_curved,56.1463
APF,normal_city,15,apf_step,0.5,drive_time_curved,55.4968
APF,normal_city,16,apf_step,0.5,drive_time_curved,49.3879
APF,normal_city,17,apf_step,0.5,drive_time_curved,
APF,normal_city,18,apf_step,0.5,drive_time_curved,54.1209
APF,normal_city,19,apf_step,0.5,drive_time_curved,
APF,normal_city,20,apf_step,0.5,drive_time_curved,48.422
APF,normal_city,21,apf_step,0.5,drive_time_curved,46.3043
APF,normal_city,22,apf_step,0.5,drive_time_curved,41.6573
APF,normal_city,23,apf_step,0.5,drive_time_curved,
APF,normal_city,24,apf_step,0.5,drive_time_curved,44.8423
APF,normal_city,25,apf_step,0.5,drive_time_curved,49.7341
APF,normal_city,26,apf_step,0.5,drive_time_curved,50.9129
APF,normal_city,27,apf_step,0.5,drive_time_curved,58.3368
APF,normal_city,28,apf_step,0.5,drive_time_curved,48.7023
APF,normal_city,29,apf_step,0.5,drive_time_curved,56.6508
APF,blocked_road,0,apf_step,0.5,drive_time_curved,
APF,blocked_road,1,apf_step,0.5,drive_time_curved,
APF,blocked_road,2,apf_step,0.5,drive_time_curved,
APF,blocked_road,3,apf_step,0.5,drive_time_curved,
APF,blocked_road,4,apf_step,0.5,drive_time_curved,
APF,blocked_road,5,apf_step,0.5,drive_time_curved,
APF,blocked_road,6,apf_step,0.5,drive_time_curved,
APF,blocked_road,7,apf_step,0.5,drive_time_curved,49.9447
APF,blocked_road,8,apf_step,0.5,drive_time_curved,
APF,blocked_road,9,apf_step,0.5,drive_time_curved,
APF,blocked_road,10,apf_step,0.5,drive_time_curved,
APF,blocked_road,11,apf_step,0.5,drive_time_curved,
APF,blocked_road,12,apf_step,0.5,drive_time_curved,
APF,blocked_road,13,apf_step,0.5,drive_time_curved,48.5995
APF,blocked_road,14,apf_step,0.5,drive_time_curved,
APF,blocked_road,15,apf_step,0.5,drive_time_curved,
APF,blocked_road,16,apf_step,0.5,drive_time_curved,
APF,blocked_road,17,apf_step,0.5,drive_time_curved,
APF,blocked_road,18,apf_step,0.5,drive_time_curved,52.3607
APF,blocked_road,19,apf_step,0.5,drive_time_curved,
APF,blocked_road,20,apf_step,0.5,drive_time_curved,
APF,blocked_road,21,apf_step,0.5,drive_time_curved,
APF,blocked_road,22,apf_step,0.5,drive_time_curved,48.0248
APF,blocked_road,23,apf_step,0.5,drive_time_curved,
APF,blocked_road,24,apf_step,0.5,drive_time_curved,
APF,blocked_road,25,apf_step,0.5,drive_time_curved,
APF,blocked_road,26,apf_step,0.5,drive_time_curved,
APF,blocked_road,27,apf_step,0.5,drive_time_curved,
APF,blocked_road,28,apf_step,0.5,drive_time_curved,
APF,blocked_road,29,apf_step,0.5,drive_time_curved,
APF,dense_city,0,apf_step,0.5,drive_time_curved,
APF,dense_city,1,apf_step,0.5,drive_time_curved,
APF,dense_city,2,apf_step,0.5,drive_time_curved,
APF,dense_city,3,apf_step,0.5,drive_time_curved,
APF,dense_city,4,apf_step,0.5,drive_time_curved,
APF,dense_city,5,apf_step,0.5,drive_time_curved,
APF,dense_city,6,apf_step,0.5,drive_time_curved,
APF,dense_city,7,apf_step,0.5,drive_time_curved,
APF,dense_city,8,apf_step,0.5,drive_time_curved,55.1825
APF,dense_city,9,apf_step,0.5,drive_time_curved,
APF,dense_city,10,apf_step,0.5,drive_time_curved,63.8125
APF,dense_city,11,apf_step,0.5,drive_time_curved,
APF,dense_city,12,apf_step,0.5,drive_time_curved,
APF,dense_city,13,apf_step,0.5,drive_time_curved,
APF,dense_city,14,apf_step,0.5,drive_time_curved,
APF,dense_city,15,apf_step,0.5,drive_time_curved,
APF,dense_city,16,apf_step,0.5,drive_time_curved,
APF,dense_city,17,apf_step,0.5,drive_time_curved,
APF,dense_city,18,apf_step,0.5,drive_time_curved,
APF,dense_city,19,apf_step,0.5,drive_time_curved,
APF,dense_city,20,apf_step,0.5,drive_time_curved,64.5442
APF,dense_city,21,apf_step,0.5,drive_time_curved,57.0111
APF,dense_city,22,apf_step,0.5,drive_time_curved,
APF,dense_city,23,apf_step,0.5,drive_time_curved,
APF,dense_city,24,apf_step,0.5,drive_time_curved,
APF,dense_city,25,apf_step,0.5,drive_time_curved,
APF,dense_city,26,apf_step,0.5,drive_time_curved,
APF,dense_city,27,apf_step,0.5,drive_time_curved,
APF,dense_city,28,apf_step,0.5,drive_time_curved,
APF,dense_city,29,apf_step,0.5,drive_time_curved,
APF,normal_city,0,apf_step,0.7,drive_time_curved,73.9379
APF,normal_city,1,apf_step,0.7,drive_time_curved,68.2133
APF,normal_city,2,apf_step,0.7,drive_time_curved,70.3096
APF,normal_city,3,apf_step,0.7,drive_time_curved,68.1822
APF,normal_city,4,apf_step,0.7,drive_time_curved,68.8736
APF,normal_city,5,apf_step,0.7,drive_time_curved,74.2637
APF,normal_city,6,apf_step,0.7,drive_time_curved,
APF,normal_city,7,apf_step,0.7,drive_time_curved,74.6543
APF,normal_city,8,apf_step,0.7,drive_time_curved,70.9257
APF,normal_city,9,apf_step,0.7,drive_time_curved,
APF,normal_city,10,apf_step,0.7,drive_time_curved,62.1627
APF,normal_city,11,apf_step,0.7,drive_time_curved,78.0522
APF,normal_city,12,apf_step,0.7,drive_time_curved,
APF,normal_city,13,apf_step,0.7,drive_time_curved,78.6886
APF,normal_city,14,apf_step,0.7,drive_time_curved,71.5591
APF,normal_city,15,apf_step,0.7,drive_time_curved,71.3762
APF,normal_city,16,apf_step,0.7,drive_time_curved,68.1777
APF,normal_city,17,apf_step,0.7,drive_time_curved,
APF,normal_city,18,apf_step,0.7,drive_time_curved,68.4413
APF,normal_city,19,apf_step,0.7,drive_time_curved,
APF,normal_city,20,apf_step,0.7,drive_time_curved,67.4884
APF,normal_city,21,apf_step,0.7,drive_time_curved,63.8976
APF,normal_city,22,apf_step,0.7,drive_time_curved,68.3413
APF,normal_city,23,apf_step,0.7,drive_time_curved,
APF,normal_city,24,apf_step,0.7,drive_time_curved,63.2702
APF,normal_city,25,apf_step,0.7,drive_time_curved,69.7076
APF,normal_city,26,apf_step,0.7,drive_time_curved,68.7979
APF,normal_city,27,apf_step,0.7,drive_time_curved,83.0692
APF,normal_city,28,apf_step,0.7,drive_time_curved,70.3393
APF,normal_city,29,apf_step,0.7,drive_time_curved,68.7412
APF,blocked_road,0,apf_step,0.7,drive_time_curved,
APF,blocked_road,1,apf_step,0.7,drive_time_curved,
APF,blocked_road,2,apf_step,0.7,drive_time_curved,
APF,blocked_road,3,apf_step,0.7,drive_time_curved,
APF,blocked_road,4,apf_step,0.7,drive_time_curved,
APF,blocked_road,5,apf_step,0.7,drive_time_curved,
APF,blocked_road,6,apf_step,0.7,drive_time_curved,
APF,blocked_road,7,apf_step,0.7,drive_time_curved,77.9347
APF,blocked_road,8,apf_step,0.7,drive_time_curved,
APF,blocked_road,9,apf_step,0.7,drive_time_curved,
APF,blocked_road,10,apf_step,0.7,drive_time_curved,
APF,blocked_road,11,apf_step,0.7,drive_time_curved,
APF,blocked_road,12,apf_step,0.7,drive_time_curved,
APF,blocked_road,13,apf_step,0.7,drive_time_curved,67.3026
APF,blocked_road,14,apf_step,0.7,drive_time_curved,
APF,blocked_road,15,apf_step,0.7,drive_time_curved,
APF,blocked_road,16,apf_step,0.7,drive_time_curved,
APF,blocked_road,17,apf_step,0.7,drive_time_curved,
APF,blocked_road,18,apf_step,0.7,drive_time_curved,80.0766
APF,blocked_road,19,apf_step,0.7,drive_time_curved,
APF,blocked_road,20,apf_step,0.7,drive_time_curved,
APF,blocked_road,21,apf_step,0.7,drive_time_curved,
APF,blocked_road,22,apf_step,0.7,drive_time_curved,
APF,blocked_road,23,apf_step,0.7,drive_time_curved,
APF,blocked_road,24,apf_step,0.7,drive_time_curved,
APF,blocked_road,25,apf_step,0.7,drive_time_curved,71.2659
APF,blocked_road,26,apf_step,0.7,drive_time_curved,
APF,blocked_road,27,apf_step,0.7,drive_time_curved,
APF,blocked_road,28,apf_step,0.7,drive_time_curved,
APF,blocked_road,29,apf_step,0.7,drive_time_curved,
APF,dense_city,0,apf_step,0.7,drive_time_curved,
APF,dense_city,1,apf_step,0.7,drive_time_curved,
APF,dense_city,2,apf_step,0.7,drive_time_curved,
APF,dense_city,3,apf_step,0.7,drive_time_curved,
APF,dense_city,4,apf_step,0.7,drive_time_curved,
APF,dense_city,5,apf_step,0.7,drive_time_curved,
APF,dense_city,6,apf_step,0.7,drive_time_curved,
APF,dense_city,7,apf_step,0.7,drive_time_curved,
APF,dense_city,8,apf_step,0.7,drive_time_curved,
APF,dense_city,9,apf_step,0.7,drive_time_curved,
APF,dense_city,10,apf_step,0.7,drive_time_curved,
APF,dense_city,11,apf_step,0.7,drive_time_curved,
APF,dense_city,12,apf_step,0.7,drive_time_curved,
APF,dense_city,13,apf_step,0.7,drive_time_curved,
APF,dense_city,14,apf_step,0.7,drive_time_curved,
APF,dense_city,15,apf_step,0.7,drive_time_curved,
APF,dense_city,16,apf_step,0.7,drive_time_curved,
APF,dense_city,17,apf_step,0.7,drive_time_curved,
APF,dense_city,18,apf_step,0.7,drive_time_curved,
APF,dense_city,19,apf_step,0.7,drive_time_curved,
APF,dense_city,20,apf_step,0.7,drive_time_curved,
APF,dense_city,21,apf_step,0.7,drive_time_curved,
APF,dense_city,22,apf_step,0.7,drive_time_curved,
APF,dense_city,23,apf_step,0.7,drive_time_curved,
APF,dense_city,24,apf_step,0.7,drive_time_curved,
APF,dense_city,25,apf_step,0.7,drive_time_curved,
APF,dense_city,26,apf_step,0.7,drive_time_curved,
APF,dense_city,27,apf_step,0.7,drive_time_curved,
APF,dense_city,28,apf_step,0.7,drive_time_curved,
APF,dense_city,29,apf_step,0.7,drive_time_curved,
APF,normal_city,0,apf_step,1.0,drive_time_curved,105.4136
APF,normal_city,1,apf_step,1.0,drive_time_curved,104.4859
APF,normal_city,2,apf_step,1.0,drive_time_curved,106.2073
APF,normal_city,3,apf_step,1.0,drive_time_curved,108.0809
APF,normal_city,4,apf_step,1.0,drive_time_curved,108.7614
APF,normal_city,5,apf_step,1.0,drive_time_curved,106.9528
APF,normal_city,6,apf_step,1.0,drive_time_curved,
APF,normal_city,7,apf_step,1.0,drive_time_curved,106.6439
APF,normal_city,8,apf_step,1.0,drive_time_curved,111.752
APF,normal_city,9,apf_step,1.0,drive_time_curved,
APF,normal_city,10,apf_step,1.0,drive_time_curved,89.0976
APF,normal_city,11,apf_step,1.0,drive_time_curved,119.6384
APF,normal_city,12,apf_step,1.0,drive_time_curved,
APF,normal_city,13,apf_step,1.0,drive_time_curved,112.0297
APF,normal_city,14,apf_step,1.0,drive_time_curved,103.5266
APF,normal_city,15,apf_step,1.0,drive_time_curved,107.1857
APF,normal_city,16,apf_step,1.0,drive_time_curved,99.3999
APF,normal_city,17,apf_step,1.0,drive_time_curved,
APF,normal_city,18,apf_step,1.0,drive_time_curved,95.1146
APF,normal_city,19,apf_step,1.0,drive_time_curved,
APF,normal_city,20,apf_step,1.0,drive_time_curved,
APF,normal_city,21,apf_step,1.0,drive_time_curved,104.5626
APF,normal_city,22,apf_step,1.0,drive_time_curved,109.6673
APF,normal_city,23,apf_step,1.0,drive_time_curved,
APF,normal_city,24,apf_step,1.0,drive_time_curved,98.8711
APF,normal_city,25,apf_step,1.0,drive_time_curved,102.3026
APF,normal_city,26,apf_step,1.0,drive_time_curved,100.0401
APF,normal_city,27,apf_step,1.0,drive_time_curved,124.8132
APF,normal_city,28,apf_step,1.0,drive_time_curved,104.3689
APF,normal_city,29,apf_step,1.0,drive_time_curved,101.4512
APF,blocked_road,0,apf_step,1.0,drive_time_curved,
APF,blocked_road,1,apf_step,1.0,drive_time_curved,
APF,blocked_road,2,apf_step,1.0,drive_time_curved,
APF,blocked_road,3,apf_step,1.0,drive_time_curved,
APF,blocked_road,4,apf_step,1.0,drive_time_curved,
APF,blocked_road,5,apf_step,1.0,drive_time_curved,
APF,blocked_road,6,apf_step,1.0,drive_time_curved,
APF,blocked_road,7,apf_step,1.0,drive_time_curved,147.9319
APF,blocked_road,8,apf_step,1.0,drive_time_curved,
APF,blocked_road,9,apf_step,1.0,drive_time_curved,
APF,blocked_road,10,apf_step,1.0,drive_time_curved,
APF,blocked_road,11,apf_step,1.0,drive_time_curved,
APF,blocked_road,12,apf_step,1.0,drive_time_curved,
APF,blocked_road,13,apf_step,1.0,drive_time_curved,102.7316
APF,blocked_road,14,apf_step,1.0,drive_time_curved,
APF,blocked_road,15,apf_step,1.0,drive_time_curved,
APF,blocked_road,16,apf_step,1.0,drive_time_curved,
APF,blocked_road,17,apf_step,1.0,drive_time_curved,
APF,blocked_road,18,apf_step,1.0,drive_time_curved,127.3952
APF,blocked_road,19,apf_step,1.0,drive_time_curved,
APF,blocked_road,20,apf_step,1.0,drive_time_curved,
APF,blocked_road,21,apf_step,1.0,drive_time_curved,
APF,blocked_road,22,apf_step,1.0,drive_time_curved,98.3927
APF,blocked_road,23,apf_step,1.0,drive_time_curved,
APF,blocked_road,24,apf_step,1.0,drive_time_curved,
APF,blocked_road,25,apf_step,1.0,drive_time_curved,
APF,blocked_road,26,apf_step,1.0,drive_time_curved,
APF,blocked_road,27,apf_step,1.0,drive_time_curved,
APF,blocked_road,28,apf_step,1.0,drive_time_curved,
APF,blocked_road,29,apf_step,1.0,drive_time_curved,
APF,dense_city,0,apf_step,1.0,drive_time_curved,
APF,dense_city,1,apf_step,1.0,drive_time_curved,
APF,dense_city,2,apf_step,1.0,drive_time_curved,
APF,dense_city,3,apf_step,1.0,drive_time_curved,
APF,dense_city,4,apf_step,1.0,drive_time_curved,
APF,dense_city,5,apf_step,1.0,drive_time_curved,
APF,dense_city,6,apf_step,1.0,drive_time_curved,
APF,dense_city,7,apf_step,1.0,drive_time_curved,
APF,dense_city,8,apf_step,1.0,drive_time_curved,
APF,dense_city,9,apf_step,1.0,drive_time_curved,
APF,dense_city,10,apf_step,1.0,drive_time_curved,
APF,dense_city,11,apf_step,1.0,drive_time_curved,
APF,dense_city,12,apf_step,1.0,drive_time_curved,
APF,dense_city,13,apf_step,1.0,drive_time_curved,
APF,dense_city,14,apf_step,1.0,drive_time_curved,
APF,dense_city,15,apf_step,1.0,drive_time_curved,
APF,dense_city,16,apf_step,1.0,drive_time_curved,
APF,dense_city,17,apf_step,1.0,drive_time_curved,
APF,dense_city,18,apf_step,1.0,drive_time_curved,
APF,dense_city,19,apf_step,1.0,drive_time_curved,
APF,dense_city,20,apf_step,1.0,drive_time_curved,
APF,dense_city,21,apf_step,1.0,drive_time_curved,
APF,dense_city,22,apf_step,1.0,drive_time_curved,
APF,dense_city,23,apf_step,1.0,drive_time_curved,
APF,dense_city,24,apf_step,1.0,drive_time_curved,
APF,dense_city,25,apf_step,1.0,drive_time_curved,
APF,dense_city,26,apf_step,1.0,drive_time_curved,
APF,dense_city,27,apf_step,1.0,drive_time_curved,
APF,dense_city,28,apf_step,1.0,drive_time_curved,
APF,dense_city,29,apf_step,1.0,drive_time_curved,
APF,normal_city,0,apf_step,1.4,drive_time_curved,
APF,normal_city,1,apf_step,1.4,drive_time_curved,
APF,normal_city,2,apf_step,1.4,drive_time_curved,
APF,normal_city,3,apf_step,1.4,drive_time_curved,
APF,normal_city,4,apf_step,1.4,drive_time_curved,
APF,normal_city,5,apf_step,1.4,drive_time_curved,
APF,normal_city,6,apf_step,1.4,drive_time_curved,
APF,normal_city,7,apf_step,1.4,drive_time_curved,
APF,normal_city,8,apf_step,1.4,drive_time_curved,
APF,normal_city,9,apf_step,1.4,drive_time_curved,
APF,normal_city,10,apf_step,1.4,drive_time_curved,
APF,normal_city,11,apf_step,1.4,drive_time_curved,
APF,normal_city,12,apf_step,1.4,drive_time_curved,
APF,normal_city,13,apf_step,1.4,drive_time_curved,93.1102
APF,normal_city,14,apf_step,1.4,drive_time_curved,
APF,normal_city,15,apf_step,1.4,drive_time_curved,
APF,normal_city,16,apf_step,1.4,drive_time_curved,82.1826
APF,normal_city,17,apf_step,1.4,drive_time_curved,
APF,normal_city,18,apf_step,1.4,drive_time_curved,83.1021
APF,normal_city,19,apf_step,1.4,drive_time_curved,
APF,normal_city,20,apf_step,1.4,drive_time_curved,
APF,normal_city,21,apf_step,1.4,drive_time_curved,
APF,normal_city,22,apf_step,1.4,drive_time_curved,90.3703
APF,normal_city,23,apf_step,1.4,drive_time_curved,
APF,normal_city,24,apf_step,1.4,drive_time_curved,
APF,normal_city,25,apf_step,1.4,drive_time_curved,
APF,normal_city,26,apf_step,1.4,drive_time_curved,
APF,normal_city,27,apf_step,1.4,drive_time_curved,104.9534
APF,normal_city,28,apf_step,1.4,drive_time_curved,
APF,normal_city,29,apf_step,1.4,drive_time_curved,
APF,blocked_road,0,apf_step,1.4,drive_time_curved,
APF,blocked_road,1,apf_step,1.4,drive_time_curved,
APF,blocked_road,2,apf_step,1.4,drive_time_curved,
APF,blocked_road,3,apf_step,1.4,drive_time_curved,
APF,blocked_road,4,apf_step,1.4,drive_time_curved,
APF,blocked_road,5,apf_step,1.4,drive_time_curved,
APF,blocked_road,6,apf_step,1.4,drive_time_curved,
APF,blocked_road,7,apf_step,1.4,drive_time_curved,
APF,blocked_road,8,apf_step,1.4,drive_time_curved,
APF,blocked_road,9,apf_step,1.4,drive_time_curved,
APF,blocked_road,10,apf_step,1.4,drive_time_curved,
APF,blocked_road,11,apf_step,1.4,drive_time_curved,
APF,blocked_road,12,apf_step,1.4,drive_time_curved,
APF,blocked_road,13,apf_step,1.4,drive_time_curved,
APF,blocked_road,14,apf_step,1.4,drive_time_curved,
APF,blocked_road,15,apf_step,1.4,drive_time_curved,
APF,blocked_road,16,apf_step,1.4,drive_time_curved,
APF,blocked_road,17,apf_step,1.4,drive_time_curved,
APF,blocked_road,18,apf_step,1.4,drive_time_curved,
APF,blocked_road,19,apf_step,1.4,drive_time_curved,
APF,blocked_road,20,apf_step,1.4,drive_time_curved,
APF,blocked_road,21,apf_step,1.4,drive_time_curved,
APF,blocked_road,22,apf_step,1.4,drive_time_curved,
APF,blocked_road,23,apf_step,1.4,drive_time_curved,
APF,blocked_road,24,apf_step,1.4,drive_time_curved,
APF,blocked_road,25,apf_step,1.4,drive_time_curved,
APF,blocked_road,26,apf_step,1.4,drive_time_curved,
APF,blocked_road,27,apf_step,1.4,drive_time_curved,
APF,blocked_road,28,apf_step,1.4,drive_time_curved,
APF,blocked_road,29,apf_step,1.4,drive_time_curved,
APF,dense_city,0,apf_step,1.4,drive_time_curved,
APF,dense_city,1,apf_step,1.4,drive_time_curved,
APF,dense_city,2,apf_step,1.4,drive_time_curved,
APF,dense_city,3,apf_step,1.4,drive_time_curved,
APF,dense_city,4,apf_step,1.4,drive_time_curved,
APF,dense_city,5,apf_step,1.4,drive_time_curved,
APF,dense_city,6,apf_step,1.4,drive_time_curved,
APF,dense_city,7,apf_step,1.4,drive_time_curved,
APF,dense_city,8,apf_step,1.4,drive_time_curved,
APF,dense_city,9,apf_step,1.4,drive_time_curved,
APF,dense_city,10,apf_step,1.4,drive_time_curved,
APF,dense_city,11,apf_step,1.4,drive_time_curved,
APF,dense_city,12,apf_step,1.4,drive_time_curved,
APF,dense_city,13,apf_step,1.4,drive_time_curved,
APF,dense_city,14,apf_step,1.4,drive_time_curved,
APF,dense_city,15,apf_step,1.4,drive_time_curved,
APF,dense_city,16,apf_step,1.4,drive_time_curved,
APF,dense_city,17,apf_step,1.4,drive_time_curved,
APF,dense_city,18,apf_step,1.4,drive_time_curved,
APF,dense_city,19,apf_step,1.4,drive_time_curved,
APF,dense_city,20,apf_step,1.4,drive_time_curved,
APF,dense_city,21,apf_step,1.4,drive_time_curved,
APF,dense_city,22,apf_step,1.4,drive_time_curved,
APF,dense_city,23,apf_step,1.4,drive_time_curved,
APF,dense_city,24,apf_step,1.4,drive_time_curved,
APF,dense_city,25,apf_step,1.4,drive_time_curved,
APF,dense_city,26,apf_step,1.4,drive_time_curved,
APF,dense_city,27,apf_step,1.4,drive_time_curved,
APF,dense_city,28,apf_step,1.4,drive_time_curved,
APF,dense_city,29,apf_step,1.4,drive_time_curved,
APF,normal_city,0,apf_step,0.35,comp_time,0.07497
APF,normal_city,1,apf_step,0.35,comp_time,0.07093
APF,normal_city,2,apf_step,0.35,comp_time,0.0674
APF,normal_city,3,apf_step,0.35,comp_time,0.06811
APF,normal_city,4,apf_step,0.35,comp_time,0.06574
APF,normal_city,5,apf_step,0.35,comp_time,0.06935
APF,normal_city,6,apf_step,0.35,comp_time,0.02103
APF,normal_city,7,apf_step,0.35,comp_time,0.07444
APF,normal_city,8,apf_step,0.35,comp_time,0.06736
APF,normal_city,9,apf_step,0.35,comp_time,0.02088
APF,normal_city,10,apf_step,0.35,comp_time,0.07388
APF,normal_city,11,apf_step,0.35,comp_time,0.07773
APF,normal_city,12,apf_step,0.35,comp_time,0.50808
APF,normal_city,13,apf_step,0.35,comp_time,0.04364
APF,normal_city,14,apf_step,0.35,comp_time,0.06842
APF,normal_city,15,apf_step,0.35,comp_time,0.06664
APF,normal_city,16,apf_step,0.35,comp_time,0.06598
APF,normal_city,17,apf_step,0.35,comp_time,0.00987
APF,normal_city,18,apf_step,0.35,comp_time,0.06363
APF,normal_city,19,apf_step,0.35,comp_time,0.49962
APF,normal_city,20,apf_step,0.35,comp_time,0.06509
APF,normal_city,21,apf_step,0.35,comp_time,0.06219
APF,normal_city,22,apf_step,0.35,comp_time,0.06785
APF,normal_city,23,apf_step,0.35,comp_time,0.02058
APF,normal_city,24,apf_step,0.35,comp_time,0.0628
APF,normal_city,25,apf_step,0.35,comp_time,0.06776
APF,normal_city,26,apf_step,0.35,comp_time,0.06675
APF,normal_city,27,apf_step,0.35,comp_time,0.07058
APF,normal_city,28,apf_step,0.35,comp_time,0.06855
APF,normal_city,29,apf_step,0.35,comp_time,0.0681
APF,blocked_road,0,apf_step,0.35,comp_time,0.52669
APF,blocked_road,1,apf_step,0.35,comp_time,0.51038
APF,blocked_road,2,apf_step,0.35,comp_time,0.02502
APF,blocked_road,3,apf_step,0.35,comp_time,0.02155
APF,blocked_road,4,apf_step,0.35,comp_time,0.52025
APF,blocked_road,5,apf_step,0.35,comp_time,0.50525
APF,blocked_road,6,apf_step,0.35,comp_time,0.51903
APF,blocked_road,7,apf_step,0.35,comp_time,0.07509
APF,blocked_road,8,apf_step,0.35,comp_time,0.01929
APF,blocked_road,9,apf_step,0.35,comp_time,0.48938
APF,blocked_road,10,apf_step,0.35,comp_time,0.02155
APF,blocked_road,11,apf_step,0.35,comp_time,0.02341
APF,blocked_road,12,apf_step,0.35,comp_time,0.4891
APF,blocked_road,13,apf_step,0.35,comp_time,0.06504
APF,blocked_road,14,apf_step,0.35,comp_time,0.51255
APF,blocked_road,15,apf_step,0.35,comp_time,0.49514
APF,blocked_road,16,apf_step,0.35,comp_time,0.50457
APF,blocked_road,17,apf_step,0.35,comp_time,0.02204
APF,blocked_road,18,apf_step,0.35,comp_time,0.07308
APF,blocked_road,19,apf_step,0.35,comp_time,0.03942
APF,blocked_road,20,apf_step,0.35,comp_time,0.51458
APF,blocked_road,21,apf_step,0.35,comp_time,0.00818
APF,blocked_road,22,apf_step,0.35,comp_time,0.02201
APF,blocked_road,23,apf_step,0.35,comp_time,0.01903
APF,blocked_road,24,apf_step,0.35,comp_time,0.02439
APF,blocked_road,25,apf_step,0.35,comp_time,0.02802
APF,blocked_road,26,apf_step,0.35,comp_time,0.53942
APF,blocked_road,27,apf_step,0.35,comp_time,0.02442
APF,blocked_road,28,apf_step,0.35,comp_time,0.02014
APF,blocked_road,29,apf_step,0.35,comp_time,0.02569
APF,dense_city,0,apf_step,0.35,comp_time,0.02973
APF,dense_city,1,apf_step,0.35,comp_time,0.01965
APF,dense_city,2,apf_step,0.35,comp_time,0.01569
APF,dense_city,3,apf_step,0.35,comp_time,0.03106
APF,dense_city,4,apf_step,0.35,comp_time,0.03612
APF,dense_city,5,apf_step,0.35,comp_time,0.08388
APF,dense_city,6,apf_step,0.35,comp_time,0.04242
APF,dense_city,7,apf_step,0.35,comp_time,0.53465
APF,dense_city,8,apf_step,0.35,comp_time,0.07676
APF,dense_city,9,apf_step,0.35,comp_time,0.01815
APF,dense_city,10,apf_step,0.35,comp_time,0.0826
APF,dense_city,11,apf_step,0.35,comp_time,0.06165
APF,dense_city,12,apf_step,0.35,comp_time,0.5318
APF,dense_city,13,apf_step,0.35,comp_time,0.01322
APF,dense_city,14,apf_step,0.35,comp_time,0.01787
APF,dense_city,15,apf_step,0.35,comp_time,0.03754
APF,dense_city,16,apf_step,0.35,comp_time,0.10073
APF,dense_city,17,apf_step,0.35,comp_time,0.01941
APF,dense_city,18,apf_step,0.35,comp_time,0.01847
APF,dense_city,19,apf_step,0.35,comp_time,0.52923
APF,dense_city,20,apf_step,0.35,comp_time,0.07914
APF,dense_city,21,apf_step,0.35,comp_time,0.07754
APF,dense_city,22,apf_step,0.35,comp_time,0.51352
APF,dense_city,23,apf_step,0.35,comp_time,0.01423
APF,dense_city,24,apf_step,0.35,comp_time,0.51059
APF,dense_city,25,apf_step,0.35,comp_time,0.52774
APF,dense_city,26,apf_step,0.35,comp_time,0.52612
APF,dense_city,27,apf_step,0.35,comp_time,0.02281
APF,dense_city,28,apf_step,0.35,comp_time,0.02266
APF,dense_city,29,apf_step,0.35,comp_time,0.36941
APF,normal_city,0,apf_step,0.5,comp_time,0.05198
APF,normal_city,1,apf_step,0.5,comp_time,0.05395
APF,normal_city,2,apf_step,0.5,comp_time,0.05255
APF,normal_city,3,apf_step,0.5,comp_time,0.04948
APF,normal_city,4,apf_step,0.5,comp_time,0.05208
APF,normal_city,5,apf_step,0.5,comp_time,0.05022
APF,normal_city,6,apf_step,0.5,comp_time,0.01667
APF,normal_city,7,apf_step,0.5,comp_time,0.053
APF,normal_city,8,apf_step,0.5,comp_time,0.0609
APF,normal_city,9,apf_step,0.5,comp_time,0.0175
APF,normal_city,10,apf_step,0.5,comp_time,0.0479
APF,normal_city,11,apf_step,0.5,comp_time,0.07094
APF,normal_city,12,apf_step,0.5,comp_time,0.51737
APF,normal_city,13,apf_step,0.5,comp_time,0.03236
APF,normal_city,14,apf_step,0.5,comp_time,0.05002
APF,normal_city,15,apf_step,0.5,comp_time,0.04874
APF,normal_city,16,apf_step,0.5,comp_time,0.05008
APF,normal_city,17,apf_step,0.5,comp_time,0.00913
APF,normal_city,18,apf_step,0.5,comp_time,0.04623
APF,normal_city,19,apf_step,0.5,comp_time,0.51902
APF,normal_city,20,apf_step,0.5,comp_time,0.04744
APF,normal_city,21,apf_step,0.5,comp_time,0.05186
APF,normal_city,22,apf_step,0.5,comp_time,0.05455
APF,normal_city,23,apf_step,0.5,comp_time,0.01852
APF,normal_city,24,apf_step,0.5,comp_time,0.04814
APF,normal_city,25,apf_step,0.5,comp_time,0.05401
APF,normal_city,26,apf_step,0.5,comp_time,0.05012
APF,normal_city,27,apf_step,0.5,comp_time,0.05224
APF,normal_city,28,apf_step,0.5,comp_time,0.05117
APF,normal_city,29,apf_step,0.5,comp_time,0.05306
APF,blocked_road,0,apf_step,0.5,comp_time,0.53009
APF,blocked_road,1,apf_step,0.5,comp_time,0.52443
APF,blocked_road,2,apf_step,0.5,comp_time,0.02011
APF,blocked_road,3,apf_step,0.5,comp_time,0.01768
APF,blocked_road,4,apf_step,0.5,comp_time,0.54225
APF,blocked_road,5,apf_step,0.5,comp_time,0.52499
APF,blocked_road,6,apf_step,0.5,comp_time,0.52577
APF,blocked_road,7,apf_step,0.5,comp_time,0.06451
APF,blocked_road,8,apf_step,0.5,comp_time,0.01556
APF,blocked_road,9,apf_step,0.5,comp_time,0.5261
APF,blocked_road,10,apf_step,0.5,comp_time,0.01777
APF,blocked_road,11,apf_step,0.5,comp_time,0.0183
APF,blocked_road,12,apf_step,0.5,comp_time,0.5351
APF,blocked_road,13,apf_step,0.5,comp_time,0.05626
APF,blocked_road,14,apf_step,0.5,comp_time,0.53034
APF,blocked_road,15,apf_step,0.5,comp_time,0.51123
APF,blocked_road,16,apf_step,0.5,comp_time,0.50539
APF,blocked_road,17,apf_step,0.5,comp_time,0.01917
APF,blocked_road,18,apf_step,0.5,comp_time,0.05705
APF,blocked_road,19,apf_step,0.5,comp_time,0.03024
APF,blocked_road,20,apf_step,0.5,comp_time,0.55882
APF,blocked_road,21,apf_step,0.5,comp_time,0.0077
APF,blocked_road,22,apf_step,0.5,comp_time,0.06668
APF,blocked_road,23,apf_step,0.5,comp_time,0.01557
APF,blocked_road,24,apf_step,0.5,comp_time,0.02012
APF,blocked_road,25,apf_step,0.5,comp_time,0.02073
APF,blocked_road,26,apf_step,0.5,comp_time,0.51626
APF,blocked_road,27,apf_step,0.5,comp_time,0.01974
APF,blocked_road,28,apf_step,0.5,comp_time,0.01624
APF,blocked_road,29,apf_step,0.5,comp_time,0.02052
APF,dense_city,0,apf_step,0.5,comp_time,0.0223
APF,dense_city,1,apf_step,0.5,comp_time,0.0174
APF,dense_city,2,apf_step,0.5,comp_time,0.01378
APF,dense_city,3,apf_step,0.5,comp_time,0.01581
APF,dense_city,4,apf_step,0.5,comp_time,0.01954
APF,dense_city,5,apf_step,0.5,comp_time,0.06613
APF,dense_city,6,apf_step,0.5,comp_time,0.01978
APF,dense_city,7,apf_step,0.5,comp_time,0.5581
APF,dense_city,8,apf_step,0.5,comp_time,0.06177
APF,dense_city,9,apf_step,0.5,comp_time,0.01813
APF,dense_city,10,apf_step,0.5,comp_time,0.06512
APF,dense_city,11,apf_step,0.5,comp_time,0.04165
APF,dense_city,12,apf_step,0.5,comp_time,0.53758
APF,dense_city,13,apf_step,0.5,comp_time,0.01296
APF,dense_city,14,apf_step,0.5,comp_time,0.01628
APF,dense_city,15,apf_step,0.5,comp_time,0.02907
APF,dense_city,16,apf_step,0.5,comp_time,0.06399
APF,dense_city,17,apf_step,0.5,comp_time,0.01565
APF,dense_city,18,apf_step,0.5,comp_time,0.01666
APF,dense_city,19,apf_step,0.5,comp_time,0.53538
APF,dense_city,20,apf_step,0.5,comp_time,0.0636
APF,dense_city,21,apf_step,0.5,comp_time,0.05971
APF,dense_city,22,apf_step,0.5,comp_time,0.51415
APF,dense_city,23,apf_step,0.5,comp_time,0.01433
APF,dense_city,24,apf_step,0.5,comp_time,0.52852
APF,dense_city,25,apf_step,0.5,comp_time,0.57106
APF,dense_city,26,apf_step,0.5,comp_time,0.54605
APF,dense_city,27,apf_step,0.5,comp_time,0.01981
APF,dense_city,28,apf_step,0.5,comp_time,0.01986
APF,dense_city,29,apf_step,0.5,comp_time,0.36599
APF,normal_city,0,apf_step,0.7,comp_time,0.04578
APF,normal_city,1,apf_step,0.7,comp_time,0.0469
APF,normal_city,2,apf_step,0.7,comp_time,0.04453
APF,normal_city,3,apf_step,0.7,comp_time,0.04223
APF,normal_city,4,apf_step,0.7,comp_time,0.04083
APF,normal_city,5,apf_step,0.7,comp_time,0.04092
APF,normal_city,6,apf_step,0.7,comp_time,0.01589
APF,normal_city,7,apf_step,0.7,comp_time,0.04648
APF,normal_city,8,apf_step,0.7,comp_time,0.04015
APF,normal_city,9,apf_step,0.7,comp_time,0.01507
APF,normal_city,10,apf_step,0.7,comp_time,0.03488
APF,normal_city,11,apf_step,0.7,comp_time,0.04252
APF,normal_city,12,apf_step,0.7,comp_time,0.53737
APF,normal_city,13,apf_step,0.7,comp_time,0.04481
APF,normal_city,14,apf_step,0.7,comp_time,0.03849
APF,normal_city,15,apf_step,0.7,comp_time,0.03908
APF,normal_city,16,apf_step,0.7,comp_time,0.03791
APF,normal_city,17,apf_step,0.7,comp_time,0.00875
APF,normal_city,18,apf_step,0.7,comp_time,0.03619
APF,normal_city,19,apf_step,0.7,comp_time,0.54823
APF,normal_city,20,apf_step,0.7,comp_time,0.0384
APF,normal_city,21,apf_step,0.7,comp_time,0.03898
APF,normal_city,22,apf_step,0.7,comp_time,0.04006
APF,normal_city,23,apf_step,0.7,comp_time,0.01622
APF,normal_city,24,apf_step,0.7,comp_time,0.03817
APF,normal_city,25,apf_step,0.7,comp_time,0.04035
APF,normal_city,26,apf_step,0.7,comp_time,0.0398
APF,normal_city,27,apf_step,0.7,comp_time,0.04016
APF,normal_city,28,apf_step,0.7,comp_time,0.0441
APF,normal_city,29,apf_step,0.7,comp_time,0.03976
APF,blocked_road,0,apf_step,0.7,comp_time,0.53252
APF,blocked_road,1,apf_step,0.7,comp_time,0.53011
APF,blocked_road,2,apf_step,0.7,comp_time,0.01305
APF,blocked_road,3,apf_step,0.7,comp_time,0.01392
APF,blocked_road,4,apf_step,0.7,comp_time,0.56776
APF,blocked_road,5,apf_step,0.7,comp_time,0.57246
APF,blocked_road,6,apf_step,0.7,comp_time,0.54215
APF,blocked_road,7,apf_step,0.7,comp_time,0.04182
APF,blocked_road,8,apf_step,0.7,comp_time,0.01229
APF,blocked_road,9,apf_step,0.7,comp_time,0.56184
APF,blocked_road,10,apf_step,0.7,comp_time,0.01366
APF,blocked_road,11,apf_step,0.7,comp_time,0.01519
APF,blocked_road,12,apf_step,0.7,comp_time,0.55185
APF,blocked_road,13,apf_step,0.7,comp_time,0.03859
APF,blocked_road,14,apf_step,0.7,comp_time,0.53023
APF,blocked_road,15,apf_step,0.7,comp_time,0.53411
APF,blocked_road,16,apf_step,0.7,comp_time,0.56911
APF,blocked_road,17,apf_step,0.7,comp_time,0.01851
APF,blocked_road,18,apf_step,0.7,comp_time,0.04535
APF,blocked_road,19,apf_step,0.7,comp_time,0.0296
APF,blocked_road,20,apf_step,0.7,comp_time,0.53196
APF,blocked_road,21,apf_step,0.7,comp_time,0.00773
APF,blocked_road,22,apf_step,0.7,comp_time,0.01464
APF,blocked_road,23,apf_step,0.7,comp_time,0.01424
APF,blocked_road,24,apf_step,0.7,comp_time,0.01599
APF,blocked_road,25,apf_step,0.7,comp_time,0.04493
APF,blocked_road,26,apf_step,0.7,comp_time,0.55443
APF,blocked_road,27,apf_step,0.7,comp_time,0.02234
APF,blocked_road,28,apf_step,0.7,comp_time,0.01519
APF,blocked_road,29,apf_step,0.7,comp_time,0.01696
APF,dense_city,0,apf_step,0.7,comp_time,0.01872
APF,dense_city,1,apf_step,0.7,comp_time,0.01446
APF,dense_city,2,apf_step,0.7,comp_time,0.01395
APF,dense_city,3,apf_step,0.7,comp_time,0.0129
APF,dense_city,4,apf_step,0.7,comp_time,0.01527
APF,dense_city,5,apf_step,0.7,comp_time,0.04893
APF,dense_city,6,apf_step,0.7,comp_time,0.01733
APF,dense_city,7,apf_step,0.7,comp_time,0.55945
APF,dense_city,8,apf_step,0.7,comp_time,0.01334
APF,dense_city,9,apf_step,0.7,comp_time,0.01545
APF,dense_city,10,apf_step,0.7,comp_time,0.01638
APF,dense_city,11,apf_step,0.7,comp_time,0.01795
APF,dense_city,12,apf_step,0.7,comp_time,0.54013
APF,dense_city,13,apf_step,0.7,comp_time,0.01186
APF,dense_city,14,apf_step,0.7,comp_time,0.01506
APF,dense_city,15,apf_step,0.7,comp_time,0.02439
APF,dense_city,16,apf_step,0.7,comp_time,0.01519
APF,dense_city,17,apf_step,0.7,comp_time,0.01512
APF,dense_city,18,apf_step,0.7,comp_time,0.01426
APF,dense_city,19,apf_step,0.7,comp_time,0.0137
APF,dense_city,20,apf_step,0.7,comp_time,0.01447
APF,dense_city,21,apf_step,0.7,comp_time,0.01546
APF,dense_city,22,apf_step,0.7,comp_time,0.01439
APF,dense_city,23,apf_step,0.7,comp_time,0.0126
APF,dense_city,24,apf_step,0.7,comp_time,0.01359
APF,dense_city,25,apf_step,0.7,comp_time,0.01553
APF,dense_city,26,apf_step,0.7,comp_time,0.01352
APF,dense_city,27,apf_step,0.7,comp_time,0.01522
APF,dense_city,28,apf_step,0.7,comp_time,0.01369
APF,dense_city,29,apf_step,0.7,comp_time,0.01192
APF,normal_city,0,apf_step,1.0,comp_time,0.0378
APF,normal_city,1,apf_step,1.0,comp_time,0.0378
APF,normal_city,2,apf_step,1.0,comp_time,0.03834
APF,normal_city,3,apf_step,1.0,comp_time,0.03018
APF,normal_city,4,apf_step,1.0,comp_time,0.03432
APF,normal_city,5,apf_step,1.0,comp_time,0.03753
APF,normal_city,6,apf_step,1.0,comp_time,0.01385
APF,normal_city,7,apf_step,1.0,comp_time,0.03525
APF,normal_city,8,apf_step,1.0,comp_time,0.03626
APF,normal_city,9,apf_step,1.0,comp_time,0.01541
APF,normal_city,10,apf_step,1.0,comp_time,0.02733
APF,normal_city,11,apf_step,1.0,comp_time,0.03674
APF,normal_city,12,apf_step,1.0,comp_time,0.57472
APF,normal_city,13,apf_step,1.0,comp_time,0.03073
APF,normal_city,14,apf_step,1.0,comp_time,0.03026
APF,normal_city,15,apf_step,1.0,comp_time,0.03045
APF,normal_city,16,apf_step,1.0,comp_time,0.02987
APF,normal_city,17,apf_step,1.0,comp_time,0.00915
APF,normal_city,18,apf_step,1.0,comp_time,0.02797
APF,normal_city,19,apf_step,1.0,comp_time,0.02108
APF,normal_city,20,apf_step,1.0,comp_time,0.01088
APF,normal_city,21,apf_step,1.0,comp_time,0.03254
APF,normal_city,22,apf_step,1.0,comp_time,0.03275
APF,normal_city,23,apf_step,1.0,comp_time,0.01428
APF,normal_city,24,apf_step,1.0,comp_time,0.02908
APF,normal_city,25,apf_step,1.0,comp_time,0.03307
APF,normal_city,26,apf_step,1.0,comp_time,0.03597
APF,normal_city,27,apf_step,1.0,comp_time,0.03287
APF,normal_city,28,apf_step,1.0,comp_time,0.03304
APF,normal_city,29,apf_step,1.0,comp_time,0.03481
APF,blocked_road,0,apf_step,1.0,comp_time,0.55253
APF,blocked_road,1,apf_step,1.0,comp_time,0.57188
APF,blocked_road,2,apf_step,1.0,comp_time,0.01112
APF,blocked_road,3,apf_step,1.0,comp_time,0.01183
APF,blocked_road,4,apf_step,1.0,comp_time,0.57112
APF,blocked_road,5,apf_step,1.0,comp_time,0.5582
APF,blocked_road,6,apf_step,1.0,comp_time,0.54942
APF,blocked_road,7,apf_step,1.0,comp_time,0.03796
APF,blocked_road,8,apf_step,1.0,comp_time,0.01094
APF,blocked_road,9,apf_step,1.0,comp_time,0.5463
APF,blocked_road,10,apf_step,1.0,comp_time,0.01152
APF,blocked_road,11,apf_step,1.0,comp_time,0.01307
APF,blocked_road,12,apf_step,1.0,comp_time,0.02069
APF,blocked_road,13,apf_step,1.0,comp_time,0.02949
APF,blocked_road,14,apf_step,1.0,comp_time,0.56057
APF,blocked_road,15,apf_step,1.0,comp_time,0.53969
APF,blocked_road,16,apf_step,1.0,comp_time,0.52696
APF,blocked_road,17,apf_step,1.0,comp_time,0.01405
APF,blocked_road,18,apf_step,1.0,comp_time,0.0335
APF,blocked_road,19,apf_step,1.0,comp_time,0.54176
APF,blocked_road,20,apf_step,1.0,comp_time,0.54595
APF,blocked_road,21,apf_step,1.0,comp_time,0.00672
APF,blocked_road,22,apf_step,1.0,comp_time,0.02908
APF,blocked_road,23,apf_step,1.0,comp_time,0.01281
APF,blocked_road,24,apf_step,1.0,comp_time,0.01388
APF,blocked_road,25,apf_step,1.0,comp_time,0.01768
APF,blocked_road,26,apf_step,1.0,comp_time,0.52254
APF,blocked_road,27,apf_step,1.0,comp_time,0.01434
APF,blocked_road,28,apf_step,1.0,comp_time,0.01332
APF,blocked_road,29,apf_step,1.0,comp_time,0.01519
APF,dense_city,0,apf_step,1.0,comp_time,0.01291
APF,dense_city,1,apf_step,1.0,comp_time,0.01298
APF,dense_city,2,apf_step,1.0,comp_time,0.01362
APF,dense_city,3,apf_step,1.0,comp_time,0.01096
APF,dense_city,4,apf_step,1.0,comp_time,0.01355
APF,dense_city,5,apf_step,1.0,comp_time,0.01505
APF,dense_city,6,apf_step,1.0,comp_time,0.01316
APF,dense_city,7,apf_step,1.0,comp_time,0.01336
APF,dense_city,8,apf_step,1.0,comp_time,0.01237
APF,dense_city,9,apf_step,1.0,comp_time,0.0147
APF,dense_city,10,apf_step,1.0,comp_time,0.01549
APF,dense_city,11,apf_step,1.0,comp_time,0.01596
APF,dense_city,12,apf_step,1.0,comp_time,0.01493
APF,dense_city,13,apf_step,1.0,comp_time,0.01223
APF,dense_city,14,apf_step,1.0,comp_time,0.01251
APF,dense_city,15,apf_step,1.0,comp_time,0.01127
APF,dense_city,16,apf_step,1.0,comp_time,0.01393
APF,dense_city,17,apf_step,1.0,comp_time,0.01354
APF,dense_city,18,apf_step,1.0,comp_time,0.0109
APF,dense_city,19,apf_step,1.0,comp_time,0.01284
APF,dense_city,20,apf_step,1.0,comp_time,0.01314
APF,dense_city,21,apf_step,1.0,comp_time,0.01339
APF,dense_city,22,apf_step,1.0,comp_time,0.01376
APF,dense_city,23,apf_step,1.0,comp_time,0.01393
APF,dense_city,24,apf_step,1.0,comp_time,0.01261
APF,dense_city,25,apf_step,1.0,comp_time,0.01375
APF,dense_city,26,apf_step,1.0,comp_time,0.0121
APF,dense_city,27,apf_step,1.0,comp_time,0.01071
APF,dense_city,28,apf_step,1.0,comp_time,0.01224
APF,dense_city,29,apf_step,1.0,comp_time,0.01127
APF,normal_city,0,apf_step,1.4,comp_time,0.02178
APF,normal_city,1,apf_step,1.4,comp_time,0.01814
APF,normal_city,2,apf_step,1.4,comp_time,0.02354
APF,normal_city,3,apf_step,1.4,comp_time,0.01423
APF,normal_city,4,apf_step,1.4,comp_time,0.02305
APF,normal_city,5,apf_step,1.4,comp_time,0.02012
APF,normal_city,6,apf_step,1.4,comp_time,0.01316
APF,normal_city,7,apf_step,1.4,comp_time,0.02638
APF,normal_city,8,apf_step,1.4,comp_time,0.02195
APF,normal_city,9,apf_step,1.4,comp_time,0.01154
APF,normal_city,10,apf_step,1.4,comp_time,0.0122
APF,normal_city,11,apf_step,1.4,comp_time,0.02124
APF,normal_city,12,apf_step,1.4,comp_time,0.01478
APF,normal_city,13,apf_step,1.4,comp_time,0.02616
APF,normal_city,14,apf_step,1.4,comp_time,0.02035
APF,normal_city,15,apf_step,1.4,comp_time,0.01308
APF,normal_city,16,apf_step,1.4,comp_time,0.02378
APF,normal_city,17,apf_step,1.4,comp_time,0.00822
APF,normal_city,18,apf_step,1.4,comp_time,0.0223
APF,normal_city,19,apf_step,1.4,comp_time,0.01389
APF,normal_city,20,apf_step,1.4,comp_time,0.02637
APF,normal_city,21,apf_step,1.4,comp_time,0.01918
APF,normal_city,22,apf_step,1.4,comp_time,0.03547
APF,normal_city,23,apf_step,1.4,comp_time,0.01243
APF,normal_city,24,apf_step,1.4,comp_time,0.01351
APF,normal_city,25,apf_step,1.4,comp_time,0.02021
APF,normal_city,26,apf_step,1.4,comp_time,0.01891
APF,normal_city,27,apf_step,1.4,comp_time,0.02533
APF,normal_city,28,apf_step,1.4,comp_time,0.01613
APF,normal_city,29,apf_step,1.4,comp_time,0.02398
APF,blocked_road,0,apf_step,1.4,comp_time,0.55027
APF,blocked_road,1,apf_step,1.4,comp_time,0.01421
APF,blocked_road,2,apf_step,1.4,comp_time,0.01093
APF,blocked_road,3,apf_step,1.4,comp_time,0.01072
APF,blocked_road,4,apf_step,1.4,comp_time,0.58001
APF,blocked_road,5,apf_step,1.4,comp_time,0.01872
APF,blocked_road,6,apf_step,1.4,comp_time,0.01336
APF,blocked_road,7,apf_step,1.4,comp_time,0.01587
APF,blocked_road,8,apf_step,1.4,comp_time,0.00998
APF,blocked_road,9,apf_step,1.4,comp_time,0.0117
APF,blocked_road,10,apf_step,1.4,comp_time,0.01035
APF,blocked_road,11,apf_step,1.4,comp_time,0.01121
APF,blocked_road,12,apf_step,1.4,comp_time,0.01127
APF,blocked_road,13,apf_step,1.4,comp_time,0.01788
APF,blocked_road,14,apf_step,1.4,comp_time,0.01501
APF,blocked_road,15,apf_step,1.4,comp_time,0.01249
APF,blocked_road,16,apf_step,1.4,comp_time,0.10501
APF,blocked_road,17,apf_step,1.4,comp_time,0.01174
APF,blocked_road,18,apf_step,1.4,comp_time,0.01433
APF,blocked_road,19,apf_step,1.4,comp_time,0.01211
APF,blocked_road,20,apf_step,1.4,comp_time,0.57614
APF,blocked_road,21,apf_step,1.4,comp_time,0.00609
APF,blocked_road,22,apf_step,1.4,comp_time,0.01058
APF,blocked_road,23,apf_step,1.4,comp_time,0.01061
APF,blocked_road,24,apf_step,1.4,comp_time,0.01143
APF,blocked_road,25,apf_step,1.4,comp_time,0.01368
APF,blocked_road,26,apf_step,1.4,comp_time,0.55478
APF,blocked_road,27,apf_step,1.4,comp_time,0.01264
APF,blocked_road,28,apf_step,1.4,comp_time,0.01151
APF,blocked_road,29,apf_step,1.4,comp_time,0.01386
APF,dense_city,0,apf_step,1.4,comp_time,0.01515
APF,dense_city,1,apf_step,1.4,comp_time,0.01205
APF,dense_city,2,apf_step,1.4,comp_time,0.01249
APF,dense_city,3,apf_step,1.4,comp_time,0.01127
APF,dense_city,4,apf_step,1.4,comp_time,0.01429
APF,dense_city,5,apf_step,1.4,comp_time,0.02574
APF,dense_city,6,apf_step,1.4,comp_time,0.01442
APF,dense_city,7,apf_step,1.4,comp_time,0.03009
APF,dense_city,8,apf_step,1.4,comp_time,0.01166
APF,dense_city,9,apf_step,1.4,comp_time,0.01349
APF,dense_city,10,apf_step,1.4,comp_time,0.01552
APF,dense_city,11,apf_step,1.4,comp_time,0.01484
APF,dense_city,12,apf_step,1.4,comp_time,0.60373
APF,dense_city,13,apf_step,1.4,comp_time,0.01143
APF,dense_city,14,apf_step,1.4,comp_time,0.01249
APF,dense_city,15,apf_step,1.4,comp_time,0.01693
APF,dense_city,16,apf_step,1.4,comp_time,0.01323
APF,dense_city,17,apf_step,1.4,comp_time,0.01284
APF,dense_city,18,apf_step,1.4,comp_time,0.0131
APF,dense_city,19,apf_step,1.4,comp_time,0.01175
APF,dense_city,20,apf_step,1.4,comp_time,0.0133
APF,dense_city,21,apf_step,1.4,comp_time,0.0152
APF,dense_city,22,apf_step,1.4,comp_time,0.02069
APF,dense_city,23,apf_step,1.4,comp_time,0.01215
APF,dense_city,24,apf_step,1.4,comp_time,0.01234
APF,dense_city,25,apf_step,1.4,comp_time,0.0131
APF,dense_city,26,apf_step,1.4,comp_time,0.01207
APF,dense_city,27,apf_step,1.4,comp_time,0.01231
APF,dense_city,28,apf_step,1.4,comp_time,0.01203
APF,dense_city,29,apf_step,1.4,comp_time,0.01075
