scenario,algorithm,instance,repeat,success,path_length,astar_length,length_ratio,comp_time,smoothness,curvature,max_curvature,clearance_min,clearance_mean,total_turning,sharp_turns,radius_violated,drive_time_curved,switches,false_alarm,time_to_detection,collision_checks
normal_city,APF,0,0,1,175.7,141.983,1.2375,0.02713,0.2467,1.103,2.4439,1.82,2.953,193.7923,124,1,73.9379,0,0.0,nan,753
normal_city,RRT*,0,0,1,147.909,141.983,1.0417,0.19823,0.0984,0.046,1.5556,1.566,4.028,6.7987,7,1,26.3754,0,0.0,nan,21776
normal_city,RRT*+Bezier,0,0,1,147.909,141.983,1.0417,0.21677,0.0984,0.046,1.5556,1.566,4.028,6.7987,7,1,26.3754,0,0.0,nan,21809
normal_city,Hybrid,0,0,1,160.735,141.983,1.1321,0.64584,0.2045,0.6716,1.6889,1.82,2.885,107.9422,84,1,58.6584,1,1.0,nan,67168
normal_city,Modified,0,0,1,150.442,141.983,1.0596,0.13012,0.0513,0.3656,2.2033,1.82,2.953,55.0016,32,1,44.4162,0,0.0,nan,1615
normal_city,Adaptive,0,0,1,175.7,141.983,1.2375,0.04035,0.2467,1.103,2.4439,1.82,2.953,193.7923,124,1,73.9379,0,0.0,nan,753
normal_city,Bezier,0,0,1,170.297,141.983,1.1994,0.50156,0.0558,0.2544,3.507,1.804,2.86,43.3289,32,1,45.0117,1,1.0,nan,45236
normal_city,BSpline,0,0,1,155.379,141.983,1.0943,0.05122,0.0995,0.686,2.2375,1.82,2.926,106.5835,106,1,56.3102,0,0.0,nan,1638
normal_city,Dubins,0,0,1,164.427,141.983,1.1581,0.04617,0.1018,0.609,2.5921,1.791,3.232,100.1332,52,1,58.6987,0,0.0,nan,1397
normal_city,APF,1,0,1,177.1,140.811,1.2577,0.02745,0.2396,1.0713,3.3413,1.78,2.98,189.7222,115,1,68.2133,0,0.0,nan,759
normal_city,RRT*,1,0,1,148.241,140.811,1.0528,0.34666,0.1585,0.0537,1.0368,1.694,3.987,7.9678,10,1,28.2993,0,0.0,nan,36957
normal_city,RRT*+Bezier,1,0,1,148.241,140.811,1.0528,0.361,0.1585,0.0537,1.0368,1.694,3.987,7.9678,10,1,28.2993,0,0.0,nan,36976
normal_city,Hybrid,1,0,1,155.406,140.811,1.1036,0.11929,0.1631,0.5472,1.8917,1.78,2.952,85.0373,68,1,52.312,1,1.0,nan,12265
normal_city,Modified,1,0,1,159.276,140.811,1.1311,0.10837,0.0882,0.6053,3.0624,1.775,2.956,96.4069,48,1,48.7576,0,0.0,nan,1535
normal_city,Adaptive,1,0,1,177.1,140.811,1.2577,0.03966,0.2396,1.0713,3.3413,1.78,2.98,189.7222,115,1,68.2133,0,0.0,nan,759
normal_city,Bezier,1,0,1,156.573,140.811,1.1119,0.5876,0.0593,0.2929,4.8507,1.775,2.925,45.8557,27,1,42.6453,1,1.0,nan,53422
normal_city,BSpline,1,0,1,163.965,140.811,1.1644,0.05149,0.1293,0.8625,3.1955,1.779,2.961,141.4143,113,1,55.5743,0,0.0,nan,1561
normal_city,Dubins,1,0,1,163.64,140.811,1.1621,0.04836,0.0768,0.4718,3.4739,1.762,3.274,77.2,35,1,52.7987,0,0.0,nan,1467
normal_city,APF,2,0,1,175.0,140.811,1.2428,0.0269,0.2496,1.1158,2.8588,1.768,2.934,195.2571,119,1,70.3096,0,0.0,nan,750
normal_city,RRT*,2,0,1,144.447,140.811,1.0258,0.65105,0.1515,0.0626,1.2002,2.293,3.994,9.043,9,1,28.6809,0,0.0,nan,64991
normal_city,RRT*+Bezier,2,0,1,144.447,140.811,1.0258,0.67884,0.1515,0.0626,1.2002,2.293,3.994,9.043,9,1,28.6809,0,0.0,nan,65014
normal_city,Hybrid,2,0,1,157.733,140.811,1.1202,1.50509,0.1859,0.6147,3.2643,1.768,2.884,96.953,74,1,55.2703,1,1.0,nan,138458
normal_city,Modified,2,0,1,153.253,140.811,1.0884,0.11658,0.0692,0.4782,3.3136,1.766,2.936,73.2923,39,1,43.8255,0,0.0,nan,1528
normal_city,Adaptive,2,0,1,175.0,140.811,1.2428,0.03921,0.2496,1.1158,2.8588,1.768,2.934,195.2571,119,1,70.3096,0,0.0,nan,750
normal_city,Bezier,2,0,1,145.431,140.811,1.0328,0.20347,0.0457,0.222,1.3814,1.768,2.886,32.2929,23,1,40.0411,1,1.0,nan,14549
normal_city,BSpline,2,0,1,156.987,140.811,1.1149,0.0502,0.1121,0.7563,2.6706,1.767,2.924,118.7303,106,1,51.055,0,0.0,nan,1556
normal_city,Dubins,2,0,1,155.427,140.811,1.1038,0.04618,0.0925,0.5423,3.4586,1.73,2.908,84.281,44,1,48.452,0,0.0,nan,1342
normal_city,APF,3,0,1,182.7,143.74,1.271,0.02397,0.2699,1.2066,4.4751,1.742,3.408,220.4484,125,1,68.1822,0,0.0,nan,783
normal_city,RRT*,3,0,1,154.421,143.74,1.0743,0.1596,0.1169,0.0428,1.3413,2.109,5.428,6.6128,4,1,26.6886,0,0.0,nan,18628
normal_city,RRT*+Bezier,3,0,1,154.421,143.74,1.0743,0.17372,0.1169,0.0428,1.3413,2.109,5.428,6.6128,4,1,26.6886,0,0.0,nan,18650
normal_city,Hybrid,3,0,1,162.804,143.74,1.1326,0.08787,0.1592,0.596,1.6263,1.742,3.538,97.0262,73,1,53.8025,1,1.0,nan,9610
normal_city,Modified,3,0,1,157.838,143.74,1.0981,0.1745,0.0717,0.4025,2.8915,1.742,3.246,63.5322,33,1,45.0641,1,1.0,nan,9954
normal_city,Adaptive,3,0,1,172.815,143.74,1.2023,0.05302,0.2392,0.9437,2.9179,1.742,3.329,163.0846,103,1,63.5656,1,1.0,nan,3643
normal_city,Bezier,3,0,1,151.252,143.74,1.0523,0.12088,0.0503,0.2738,1.7659,1.502,3.338,41.4137,22,1,38.674,1,1.0,nan,6775
normal_city,BSpline,3,0,1,157.609,143.74,1.0965,0.10735,0.1211,0.6805,2.9576,1.742,3.188,107.259,90,1,50.0806,1,1.0,nan,9902
normal_city,Dubins,3,0,1,157.432,143.74,1.0953,0.40041,0.0872,0.4246,8.4713,1.617,3.246,66.8513,33,1,47.7122,1,1.0,nan,42558
normal_city,APF,4,0,1,178.5,142.569,1.252,0.03028,0.2511,1.1226,4.2543,1.78,2.975,200.392,117,1,68.8736,0,0.0,nan,765
normal_city,RRT*,4,0,1,152.805,142.569,1.0718,0.13144,0.1218,0.0451,1.4386,1.602,3.799,6.8865,7,1,27.0162,0,0.0,nan,14894
normal_city,RRT*+Bezier,4,0,1,152.805,142.569,1.0718,0.15059,0.1218,0.0451,1.4386,1.602,3.799,6.8865,7,1,27.0162,0,0.0,nan,14927
normal_city,Hybrid,4,0,1,162.057,142.569,1.1367,0.29818,0.165,0.5311,1.3299,1.78,2.896,86.0621,68,1,50.9633,1,1.0,nan,29451
normal_city,Modified,4,0,1,159.383,142.569,1.1179,0.10792,0.0892,0.6152,3.9804,1.775,2.947,98.051,46,1,46.4283,0,0.0,nan,1541
normal_city,Adaptive,4,0,1,178.5,142.569,1.252,0.04656,0.2511,1.1226,4.2543,1.78,2.975,200.392,117,1,68.8736,0,0.0,nan,765
normal_city,Bezier,4,0,1,150.979,142.569,1.059,0.24879,0.0559,0.2874,2.1466,1.775,2.86,43.3897,27,1,41.8972,1,1.0,nan,19315
normal_city,BSpline,4,0,1,163.349,142.569,1.1458,0.04896,0.1276,0.8591,4.526,1.779,2.935,140.3351,113,1,56.0291,0,0.0,nan,1565
normal_city,Dubins,4,0,1,168.644,142.569,1.1829,0.04673,0.0948,0.5776,4.1156,1.585,3.302,97.4067,39,1,52.8413,0,0.0,nan,1464
normal_city,APF,5,0,1,177.1,140.811,1.2577,0.03318,0.2538,1.1345,3.2081,1.82,2.965,200.9266,124,1,74.2637,0,0.0,nan,759
normal_city,RRT*,5,0,1,147.857,140.811,1.05,0.26755,0.1149,0.0415,1.3036,2.036,4.025,6.1367,7,1,25.68,0,0.0,nan,28342
normal_city,RRT*+Bezier,5,0,1,147.857,140.811,1.05,0.27924,0.1149,0.0415,1.3036,2.036,4.025,6.1367,7,1,25.68,0,0.0,nan,28354
normal_city,Hybrid,5,0,1,168.456,140.811,1.1963,0.43319,0.1865,0.5878,2.034,1.82,2.94,99.0158,78,1,58.205,1,1.0,nan,43248
normal_city,Modified,5,0,1,151.623,140.811,1.0768,0.12134,0.0603,0.4383,2.8413,1.82,2.962,66.4536,35,1,44.8947,0,0.0,nan,1610
normal_city,Adaptive,5,0,1,177.1,140.811,1.2577,0.03888,0.2538,1.1345,3.2081,1.82,2.965,200.9266,124,1,74.2637,0,0.0,nan,759
normal_city,Bezier,5,0,1,147.926,140.811,1.0505,0.31576,0.0525,0.2765,1.3084,1.625,2.902,40.9009,30,1,41.8067,1,1.0,nan,26177
normal_city,BSpline,5,0,1,157.078,140.811,1.1155,0.04985,0.1169,0.8204,3.0353,1.82,2.922,128.8744,125,1,58.4092,0,0.0,nan,1637
normal_city,Dubins,5,0,1,151.268,140.811,1.0743,0.04636,0.0693,0.4319,2.6898,1.791,3.073,65.326,34,1,45.861,0,0.0,nan,1448
normal_city,APF,6,0,0,29.4,140.811,0.2088,0.01056,0.0249,0.1093,0.5632,1.82,2.955,3.2127,4,1,6.776,0,0.0,nan,128
normal_city,RRT*,6,0,1,148.175,140.811,1.0523,0.26949,0.1071,0.0477,1.2022,2.021,3.953,7.0673,7,1,27.388,0,0.0,nan,28459
normal_city,RRT*+Bezier,6,0,1,148.175,140.811,1.0523,0.28959,0.1071,0.0477,1.2022,2.021,3.953,7.0673,7,1,27.388,0,0.0,nan,28483
normal_city,Hybrid,6,0,1,148.492,140.811,1.0545,0.13695,0.0675,0.0799,1.3452,1.82,3.275,11.8718,13,1,31.7164,1,1.0,nan,14780
normal_city,Modified,6,0,1,145.826,140.811,1.0356,0.28319,0.0446,0.0769,1.2789,1.611,3.124,11.2075,12,1,31.3788,1,1.0,nan,28495
normal_city,Adaptive,6,0,1,150.595,140.811,1.0695,0.49813,0.053,0.0642,1.3908,1.82,3.272,9.664,9,1,29.5876,1,1.0,nan,50783
normal_city,Bezier,6,0,1,151.316,140.811,1.0746,0.37711,0.0386,0.0632,0.8822,1.807,3.156,9.5691,9,1,29.6652,1,1.0,nan,36868
normal_city,BSpline,6,0,1,155.252,140.811,1.1026,0.2914,0.0407,0.0659,1.1759,1.819,3.144,10.2303,8,1,30.8108,1,1.0,nan,31990
normal_city,Dubins,6,0,1,146.2,140.811,1.0383,0.27778,0.054,0.0766,1.0692,1.82,3.366,11.1926,11,1,30.8143,1,1.0,nan,28896
normal_city,APF,7,0,1,177.8,140.811,1.2627,0.02814,0.2586,1.1562,3.5215,1.82,2.973,205.5654,123,1,74.6543,0,0.0,nan,762
normal_city,RRT*,7,0,1,149.094,140.811,1.0588,0.27189,0.1149,0.0436,1.3449,2.125,3.714,6.4989,5,1,25.659,0,0.0,nan,29931
normal_city,RRT*+Bezier,7,0,1,149.094,140.811,1.0588,0.29561,0.1149,0.0436,1.3449,2.125,3.714,6.4989,5,1,25.659,0,0.0,nan,29958
normal_city,Hybrid,7,0,1,193.6,140.811,1.3749,0.37099,0.1828,0.5101,2.9625,1.82,3.024,98.7571,76,1,62.2588,1,1.0,nan,39505
normal_city,Modified,7,0,1,152.348,140.811,1.0819,0.12776,0.0682,0.4722,3.7787,1.82,2.976,71.9437,40,1,45.9952,0,0.0,nan,1560
normal_city,Adaptive,7,0,1,177.8,140.811,1.2627,0.04078,0.2586,1.1562,3.5215,1.82,2.973,205.5654,123,1,74.6543,0,0.0,nan,762
normal_city,Bezier,7,0,1,147.606,140.811,1.0483,0.49879,0.0627,0.3098,1.3528,1.82,2.976,45.7348,34,1,39.8886,1,1.0,nan,43642
normal_city,BSpline,7,0,1,157.106,140.811,1.1157,0.0507,0.1129,0.7585,3.302,1.82,2.95,119.1703,109,1,56.3524,0,0.0,nan,1580
normal_city,Dubins,7,0,1,163.231,140.811,1.1592,0.05045,0.0959,0.5703,3.0989,1.717,3.229,93.0942,43,1,53.8207,0,0.0,nan,1394
normal_city,APF,8,0,1,183.4,142.569,1.2864,0.02644,0.269,1.2025,4.3131,1.759,3.299,220.5426,126,1,70.9257,0,0.0,nan,786
normal_city,RRT*,8,0,1,142.655,142.569,1.0006,0.4713,0.1164,0.0538,1.0592,1.618,4.286,7.6795,7,1,27.6608,0,0.0,nan,49496
normal_city,RRT*+Bezier,8,0,1,142.655,142.569,1.0006,0.50942,0.1164,0.0538,1.0592,1.618,4.286,7.6795,7,1,27.6608,0,0.0,nan,49527
normal_city,Hybrid,8,0,1,162.485,142.569,1.1397,0.17372,0.1755,0.5734,1.3339,1.759,3.055,93.1679,73,1,51.5608,1,1.0,nan,18016
normal_city,Modified,8,0,1,193.765,142.569,1.3591,0.25706,0.0666,0.323,6.0915,1.747,3.059,62.5859,38,1,53.8603,1,1.0,nan,16115
normal_city,Adaptive,8,0,1,180.808,142.569,1.2682,0.11587,0.2643,1.0332,3.519,1.759,3.124,186.8127,113,1,67.0909,1,1.0,nan,10129
normal_city,Bezier,8,0,1,151.935,142.569,1.0657,0.2183,0.0546,0.2811,1.6201,1.747,2.959,42.7108,26,1,38.4783,1,1.0,nan,18267
normal_city,BSpline,8,0,1,156.767,142.569,1.0996,0.05292,0.1052,0.6471,2.6392,1.753,3.108,101.4428,103,1,50.0079,1,1.0,nan,2712
normal_city,Dubins,8,0,1,155.062,142.569,1.0876,0.05357,0.0765,0.3906,3.4202,1.759,3.186,60.5705,33,1,46.984,1,1.0,nan,2961
normal_city,APF,9,0,0,37.8,141.983,0.2662,0.00987,0.0589,0.2593,0.7689,1.794,2.791,9.8023,11,1,10.2048,0,0.0,nan,165
normal_city,RRT*,9,0,1,141.328,141.983,0.9954,0.09939,0.1575,0.056,1.225,1.789,4.682,7.9164,9,1,26.4254,0,0.0,nan,11336
normal_city,RRT*+Bezier,9,0,1,141.328,141.983,0.9954,0.11055,0.1575,0.056,1.225,1.789,4.682,7.9164,9,1,26.4254,0,0.0,nan,11353
normal_city,Hybrid,9,0,1,152.539,141.983,1.0743,0.1632,0.0937,0.1351,2.0277,1.794,3.202,20.6124,22,1,36.1829,1,1.0,nan,17264
normal_city,Modified,9,0,1,148.228,141.983,1.044,1.11491,0.0385,0.0801,1.3016,1.781,3.019,11.8667,7,1,30.6104,1,1.0,nan,107963
normal_city,Adaptive,9,0,1,155.051,141.983,1.092,0.69263,0.0914,0.1259,1.9413,1.794,3.206,19.5213,17,1,34.6269,1,1.0,nan,66595
normal_city,Bezier,9,0,1,156.965,141.983,1.1055,0.20013,0.0333,0.0659,1.4013,1.781,3.125,10.3417,5,1,30.1199,1,1.0,nan,15823
normal_city,BSpline,9,0,1,222.27,141.983,1.5655,0.68481,0.048,0.0813,3.264,1.545,3.382,18.0784,14,1,43.9451,1,1.0,nan,70416
normal_city,Dubins,9,0,1,163.619,141.983,1.1524,0.20984,0.045,0.0742,4.2591,1.737,3.366,12.1484,6,1,30.8445,1,1.0,nan,20111
normal_city,APF,10,0,1,169.4,143.154,1.1833,0.03093,0.2229,0.9964,3.3271,1.742,3.911,168.7824,104,1,62.1627,0,0.0,nan,726
normal_city,RRT*,10,0,1,145.69,143.154,1.0177,0.45011,0.1148,0.0445,1.1395,1.903,5.992,6.4892,4,1,25.3039,0,0.0,nan,47344
normal_city,RRT*+Bezier,10,0,1,145.69,143.154,1.0177,0.46627,0.1148,0.0445,1.1395,1.903,5.992,6.4892,4,1,25.3039,0,0.0,nan,47371
normal_city,Hybrid,10,0,1,155.595,143.154,1.0869,0.06353,0.1507,0.5783,1.4495,1.742,3.892,89.9754,70,1,48.7885,1,1.0,nan,6371
normal_city,Modified,10,0,1,152.05,143.154,1.0621,0.09158,0.0742,0.4629,3.1554,1.742,3.701,70.3807,35,1,40.1171,0,0.0,nan,1290
normal_city,Adaptive,10,0,1,169.4,143.154,1.1833,0.03659,0.2229,0.9964,3.3271,1.742,3.911,168.7824,104,1,62.1627,0,0.0,nan,726
normal_city,Bezier,10,0,1,149.806,143.154,1.0465,0.1181,0.0396,0.2119,1.5289,1.742,3.656,31.7462,20,1,38.0341,1,1.0,nan,7050
normal_city,BSpline,10,0,1,155.029,143.154,1.0829,0.0435,0.1142,0.6987,3.1944,1.742,3.676,108.3247,93,1,49.3862,0,0.0,nan,1309
normal_city,Dubins,10,0,1,156.56,143.154,1.0936,0.04133,0.0806,0.4563,3.0681,1.617,3.944,71.4375,34,1,44.5718,0,0.0,nan,1228
normal_city,APF,11,0,1,184.8,141.983,1.3016,0.02824,0.284,1.2698,6.0017,1.759,2.86,234.659,136,1,78.0522,0,0.0,nan,792
normal_city,RRT*,11,0,1,149.815,141.983,1.0552,0.70433,0.124,0.0494,1.0871,1.714,4.167,7.4018,7,1,27.893,0,0.0,nan,67873
normal_city,RRT*+Bezier,11,0,1,149.815,141.983,1.0552,0.7209,0.124,0.0494,1.0871,1.714,4.167,7.4018,7,1,27.893,0,0.0,nan,67893
normal_city,Hybrid,11,0,1,160.362,141.983,1.1294,0.127,0.1863,0.6132,1.9324,1.759,2.908,98.3307,77,1,54.6573,1,1.0,nan,12341
normal_city,Modified,11,0,1,151.762,141.983,1.0689,0.26437,0.0716,0.4538,5.7435,1.747,2.856,68.8758,36,1,45.4371,1,1.0,nan,18596
normal_city,Adaptive,11,0,1,173.556,141.983,1.2224,0.0947,0.2691,1.0861,6.0086,1.759,2.846,188.5076,116,1,67.3994,1,1.0,nan,7312
normal_city,Bezier,11,0,1,147.181,141.983,1.0366,0.24361,0.0393,0.202,1.34,1.747,2.894,29.7297,19,1,38.5937,1,1.0,nan,20123
normal_city,BSpline,11,0,1,160.294,141.983,1.129,0.20953,0.1318,0.7907,5.5916,1.753,2.857,126.7456,111,1,57.7948,1,1.0,nan,19317
normal_city,Dubins,11,0,1,157.55,141.983,1.1096,0.0683,0.0855,0.4569,5.779,1.759,3.03,71.9871,33,1,51.007,1,1.0,nan,4797
normal_city,APF,12,0,0,2800.0,140.811,19.8848,0.34723,0.9835,4.4127,10.472,1.794,2.151,12355.5058,3948,1,1718.0022,0,0.0,nan,12000
normal_city,RRT*,12,0,1,141.511,140.811,1.005,0.64991,0.1811,0.0724,1.1701,1.729,3.728,10.2394,12,1,30.0556,0,0.0,nan,65312
normal_city,RRT*+Bezier,12,0,1,141.511,140.811,1.005,0.67587,0.1811,0.0724,1.1701,1.729,3.728,10.2394,12,1,30.0556,0,0.0,nan,65324
normal_city,Hybrid,12,0,1,160.013,140.811,1.1364,0.41647,0.1271,0.2396,3.3867,1.731,2.906,38.3355,34,1,44.1646,1,1.0,nan,43328
normal_city,Modified,12,0,1,161.553,140.811,1.1473,0.32945,0.086,0.2408,10.4322,1.783,2.912,38.9094,22,1,39.1253,1,1.0,nan,28362
normal_city,Adaptive,12,0,1,164.436,140.811,1.1678,1.30248,0.1713,0.3371,10.5103,1.794,2.916,55.4315,39,1,47.6133,1,1.0,nan,119424
normal_city,Bezier,12,0,1,157.513,140.811,1.1186,1.14085,0.0381,0.1148,1.5434,1.783,3.021,18.0776,14,1,35.6031,1,1.0,nan,78823
normal_city,BSpline,12,0,1,158.281,140.811,1.1241,0.98169,0.0923,0.2857,9.7616,1.516,2.902,45.2239,34,1,40.5345,1,1.0,nan,65828
normal_city,Dubins,12,0,1,165.288,140.811,1.1738,0.49875,0.1137,0.2571,7.6967,1.794,2.952,42.494,26,1,45.127,1,1.0,nan,34408
normal_city,APF,13,0,1,179.2,143.154,1.2518,0.02629,0.2394,1.0704,2.1,1.742,2.95,191.8164,123,1,78.6886,0,0.0,nan,768
normal_city,RRT*,13,0,1,142.244,143.154,0.9936,0.15999,0.1662,0.0624,1.0988,2.112,4.141,8.8772,10,1,28.1387,0,0.0,nan,18782
normal_city,RRT*+Bezier,13,0,1,142.244,143.154,0.9936,0.17842,0.1662,0.0624,1.0988,2.112,4.141,8.8772,10,1,28.1387,0,0.0,nan,18795
normal_city,Hybrid,13,0,1,168.898,143.154,1.1798,0.29677,0.2056,0.6921,1.7221,1.742,2.852,116.8903,85,1,59.9078,1,1.0,nan,30360
normal_city,Modified,13,0,1,154.808,143.154,1.0814,0.11317,0.0574,0.4357,1.8712,1.739,2.918,67.4535,41,1,46.7936,0,0.0,nan,1685
normal_city,Adaptive,13,0,1,179.2,143.154,1.2518,0.03947,0.2394,1.0704,2.1,1.742,2.95,191.8164,123,1,78.6886,0,0.0,nan,768
normal_city,Bezier,13,0,1,154.367,143.154,1.0783,1.09624,0.053,0.29,1.262,1.739,2.808,44.77,29,1,39.5756,1,1.0,nan,103780
normal_city,BSpline,13,0,1,161.099,143.154,1.1254,0.05051,0.1151,0.8393,1.9116,1.741,2.902,135.2052,139,1,62.099,0,0.0,nan,1717
normal_city,Dubins,13,0,1,156.9,143.154,1.096,0.04645,0.0774,0.4572,2.0988,1.631,2.89,71.7424,38,1,50.8536,0,0.0,nan,1398
normal_city,APF,14,0,1,172.2,141.983,1.2128,0.02609,0.2325,1.0393,2.2146,1.794,2.981,178.975,117,1,71.5591,0,0.0,nan,738
normal_city,RRT*,14,0,1,148.34,141.983,1.0448,0.25109,0.1186,0.0477,1.1765,2.38,4.668,7.0765,7,1,26.6068,0,0.0,nan,26989
normal_city,RRT*+Bezier,14,0,1,148.34,141.983,1.0448,0.26049,0.1186,0.0477,1.1765,2.38,4.668,7.0765,7,1,26.6068,0,0.0,nan,27011
normal_city,Hybrid,14,0,1,160.9,141.983,1.1332,0.07246,0.197,0.6617,1.7698,1.794,2.862,106.4686,82,1,56.9883,1,1.0,nan,7264
normal_city,Modified,14,0,1,149.26,141.983,1.0513,0.1158,0.0486,0.3549,1.6253,1.783,2.926,52.9717,27,1,44.362,0,0.0,nan,1586
normal_city,Adaptive,14,0,1,172.2,141.983,1.2128,0.03762,0.2325,1.0393,2.2146,1.794,2.981,178.975,117,1,71.5591,0,0.0,nan,738
normal_city,Bezier,14,0,1,146.26,141.983,1.0301,0.13105,0.0418,0.2315,1.4726,1.783,2.843,33.8548,20,1,38.8105,1,1.0,nan,7522
normal_city,BSpline,14,0,1,154.887,141.983,1.0909,0.05168,0.1081,0.761,1.916,1.793,2.907,117.8761,132,1,57.5079,0,0.0,nan,1617
normal_city,Dubins,14,0,1,153.404,141.983,1.0804,0.04521,0.0776,0.4611,2.3764,1.758,2.965,70.7291,36,1,48.4229,0,0.0,nan,1369
normal_city,APF,15,0,1,174.3,142.569,1.2226,0.02497,0.2455,1.0973,2.298,1.82,2.96,191.2518,125,1,71.3762,0,0.0,nan,747
normal_city,RRT*,15,0,1,146.404,142.569,1.0269,0.27469,0.0937,0.0362,0.9736,1.897,3.793,5.2959,4,1,23.9544,0,0.0,nan,30320
normal_city,RRT*+Bezier,15,0,1,146.404,142.569,1.0269,0.28742,0.0937,0.0362,0.9736,1.897,3.793,5.2959,4,1,23.9544,0,0.0,nan,30343
normal_city,Hybrid,15,0,1,159.992,142.569,1.1222,0.11505,0.2083,0.7034,1.6569,1.82,2.887,112.5433,86,1,56.6568,1,1.0,nan,11398
normal_city,Modified,15,0,1,150.79,142.569,1.0577,0.11776,0.0576,0.4144,1.6217,1.807,2.926,62.4803,34,1,46.4166,0,0.0,nan,1600
normal_city,Adaptive,15,0,1,174.3,142.569,1.2226,0.03747,0.2455,1.0973,2.298,1.82,2.96,191.2518,125,1,71.3762,0,0.0,nan,747
normal_city,Bezier,15,0,1,147.534,142.569,1.0348,0.28901,0.0513,0.2613,1.0459,1.807,2.873,38.5456,29,1,38.3307,1,1.0,nan,24737
normal_city,BSpline,15,0,1,155.772,142.569,1.0926,0.04887,0.1115,0.7761,1.5573,1.819,2.913,120.902,123,1,58.3541,0,0.0,nan,1632
normal_city,Dubins,15,0,1,152.301,142.569,1.0683,0.04518,0.0724,0.4343,1.7372,1.82,2.948,66.1481,36,1,47.6134,0,0.0,nan,1366
normal_city,APF,16,0,1,168.7,141.397,1.1931,0.0266,0.2233,0.9981,2.4159,1.78,2.945,168.3743,111,1,68.1777,0,0.0,nan,723
normal_city,RRT*,16,0,1,152.981,141.397,1.0819,0.20458,0.0939,0.0405,1.55,2.263,5.379,6.1944,6,1,26.2365,0,0.0,nan,22464
normal_city,RRT*+Bezier,16,0,1,152.981,141.397,1.0819,0.21958,0.0939,0.0405,1.55,2.263,5.379,6.1944,6,1,26.2365,0,0.0,nan,22489
normal_city,Hybrid,16,0,1,156.14,141.397,1.1043,0.12008,0.1625,0.618,1.4976,1.78,3.006,96.4976,76,1,54.5693,1,1.0,nan,12213
normal_city,Modified,16,0,1,147.59,141.397,1.0438,0.12798,0.0488,0.3561,1.6973,1.775,2.97,52.5512,30,1,43.4309,0,0.0,nan,1569
normal_city,Adaptive,16,0,1,168.7,141.397,1.1931,0.04648,0.2233,0.9981,2.4159,1.78,2.945,168.3743,111,1,68.1777,0,0.0,nan,723
normal_city,Bezier,16,0,1,149.364,141.397,1.0563,0.17441,0.036,0.2046,1.5042,1.775,2.991,30.565,16,1,39.4916,1,1.0,nan,6748
normal_city,BSpline,16,0,1,151.818,141.397,1.0737,0.06782,0.0943,0.6696,1.6965,1.779,2.948,101.6533,109,1,53.2638,0,0.0,nan,1600
normal_city,Dubins,16,0,1,151.373,141.397,1.0705,0.06303,0.0768,0.4577,2.4495,1.769,2.901,69.2906,40,1,45.8677,0,0.0,nan,1324
normal_city,APF,17,0,0,7.7,141.983,0.0542,0.00638,0.0257,0.1048,0.6788,1.941,4.28,0.8069,1,1,1.9247,0,0.0,nan,36
normal_city,RRT*,17,0,1,151.188,141.983,1.0648,0.42819,0.1426,0.0563,1.2499,2.242,4.707,8.5146,7,1,28.6565,0,0.0,nan,43598
normal_city,RRT*+Bezier,17,0,1,151.188,141.983,1.0648,0.55037,0.1426,0.0563,1.2499,2.242,4.707,8.5146,7,1,28.6565,0,0.0,nan,43634
normal_city,Hybrid,17,0,1,149.483,141.983,1.0528,0.58362,0.1228,0.0697,1.1911,1.941,4.625,10.4191,10,1,30.6354,1,1.0,nan,40748
normal_city,Modified,17,0,1,150.6,141.983,1.0607,0.26766,0.1459,0.0913,2.2736,1.941,4.211,13.7468,12,1,33.0324,1,1.0,nan,17767
normal_city,Adaptive,17,0,1,160.992,141.983,1.1339,0.168,0.0953,0.0614,4.2669,1.941,4.876,9.8827,6,1,29.5621,1,1.0,nan,12128
normal_city,Bezier,17,0,1,146.948,141.983,1.035,0.65298,0.1016,0.0608,1.2005,1.941,4.253,8.9332,10,1,28.5253,1,1.0,nan,43478
normal_city,BSpline,17,0,1,154.014,141.983,1.0847,0.48742,0.0437,0.0509,0.6757,1.729,3.563,7.8324,8,1,28.4115,1,1.0,nan,32147
normal_city,Dubins,17,0,1,148.63,141.983,1.0468,0.3222,0.0344,0.0531,1.1459,2.103,3.459,7.8964,7,1,27.9073,1,1.0,nan,23972
normal_city,APF,18,0,1,168.0,139.64,1.2031,0.03169,0.2232,0.9975,2.1645,1.802,3.276,167.5737,112,1,68.4413,0,0.0,nan,720
normal_city,RRT*,18,0,1,145.727,139.64,1.0436,0.42921,0.1284,0.0471,1.2704,2.263,6.007,6.8587,6,1,26.0127,0,0.0,nan,32501
normal_city,RRT*+Bezier,18,0,1,145.727,139.64,1.0436,0.47188,0.1284,0.0471,1.2704,2.263,6.007,6.8587,6,1,26.0127,0,0.0,nan,32525
normal_city,Hybrid,18,0,1,153.391,139.64,1.0985,0.58507,0.1819,0.6184,1.6084,1.802,3.253,94.8542,73,1,50.941,1,1.0,nan,40938
normal_city,Modified,18,0,1,149.044,139.64,1.0673,0.14904,0.0594,0.4196,1.8452,1.802,3.18,62.5409,38,1,43.6882,0,0.0,nan,1498
normal_city,Adaptive,18,0,1,168.0,139.64,1.2031,0.05332,0.2232,0.9975,2.1645,1.802,3.276,167.5737,112,1,68.4413,0,0.0,nan,720
normal_city,Bezier,18,0,1,145.777,139.64,1.044,0.18178,0.0665,0.3312,1.6836,1.802,3.132,48.2776,30,1,39.0788,1,1.0,nan,6932
normal_city,BSpline,18,0,1,153.28,139.64,1.0977,0.07174,0.1045,0.7174,2.0286,1.802,3.154,109.9594,105,1,54.5981,0,0.0,nan,1526
normal_city,Dubins,18,0,1,156.011,139.64,1.1172,0.06073,0.0749,0.4402,1.8142,1.762,3.398,68.6819,38,1,53.8585,0,0.0,nan,1318
normal_city,APF,19,0,0,2800.0,143.74,19.4796,0.50492,0.7164,3.2145,7.7019,1.794,2.391,9000.6277,3755,1,2124.186,0,0.0,nan,12000
normal_city,RRT*,19,0,1,154.461,143.74,1.0746,0.17919,0.082,0.03,0.7674,2.951,6.408,4.6357,4,1,24.9149,0,0.0,nan,14418
normal_city,RRT*+Bezier,19,0,1,154.461,143.74,1.0746,0.20672,0.082,0.03,0.7674,2.951,6.408,4.6357,4,1,24.9149,0,0.0,nan,14437
normal_city,Hybrid,19,0,1,211.085,143.74,1.4685,0.26078,0.1741,0.4404,2.5888,1.794,3.43,92.9582,73,1,62.5786,1,1.0,nan,19008
normal_city,Modified,19,0,1,154.539,143.74,1.0751,0.23042,0.0581,0.2918,11.6428,1.781,3.137,45.0881,29,1,40.726,1,1.0,nan,10110
normal_city,Adaptive,19,0,1,167.171,143.74,1.163,0.20754,0.195,0.6267,4.289,1.794,3.334,104.771,77,1,57.4619,1,1.0,nan,15199
normal_city,Bezier,19,0,1,153.492,143.74,1.0678,0.17183,0.0471,0.2354,1.1476,1.74,3.134,36.13,24,1,39.1161,1,1.0,nan,7135
normal_city,BSpline,19,0,1,203.414,143.74,1.4152,0.30975,0.0908,0.3702,6.3165,1.792,3.266,75.302,74,1,55.6042,1,1.0,nan,21306
normal_city,Dubins,19,0,1,202.135,143.74,1.4063,0.17479,0.062,0.2054,5.5551,1.721,3.28,41.5124,24,1,48.1828,1,1.0,nan,11862
normal_city,APF,20,0,1,171.5,142.569,1.2029,0.0354,0.2323,1.0381,2.6283,1.775,3.223,178.0424,112,1,67.4884,0,0.0,nan,735
normal_city,RRT*,20,0,1,140.283,142.569,0.984,0.1677,0.1362,0.0549,1.1361,2.038,4.693,7.7036,9,1,26.5707,0,0.0,nan,13140
normal_city,RRT*+Bezier,20,0,1,140.283,142.569,0.984,0.18209,0.1362,0.0549,1.1361,2.038,4.693,7.7036,9,1,26.5707,0,0.0,nan,13159
normal_city,Hybrid,20,0,1,161.534,142.569,1.133,0.11317,0.1707,0.6373,1.628,1.775,3.362,102.9454,77,1,56.9669,1,1.0,nan,8181
normal_city,Modified,20,0,1,152.431,142.569,1.0692,0.16714,0.0699,0.4781,2.4635,1.775,3.145,72.8732,40,1,42.8748,0,0.0,nan,1450
normal_city,Adaptive,20,0,1,171.5,142.569,1.2029,0.05417,0.2323,1.0381,2.6283,1.775,3.223,178.0424,112,1,67.4884,0,0.0,nan,735
normal_city,Bezier,20,0,1,149.816,142.569,1.0508,0.24684,0.0551,0.2971,2.6083,1.775,3.213,44.51,26,1,41.3537,1,1.0,nan,11078
normal_city,BSpline,20,0,1,156.349,142.569,1.0967,0.07128,0.11,0.758,2.7751,1.773,3.122,118.5182,110,1,51.3774,0,0.0,nan,1532
normal_city,Dubins,20,0,1,160.496,142.569,1.1257,0.06777,0.089,0.5281,2.3345,1.774,3.306,84.7657,41,1,53.8822,0,0.0,nan,1332
normal_city,APF,21,0,1,176.4,142.569,1.2373,0.03546,0.2475,1.1062,3.5381,1.78,3.59,195.1344,119,1,63.8976,0,0.0,nan,756
normal_city,RRT*,21,0,1,152.753,142.569,1.0714,0.26447,0.0879,0.0325,0.9829,2.255,5.023,4.9687,3,1,24.7005,0,0.0,nan,20318
normal_city,RRT*+Bezier,21,0,1,152.753,142.569,1.0714,0.28389,0.0879,0.0325,0.9829,2.255,5.023,4.9687,3,1,24.7005,0,0.0,nan,20348
normal_city,Hybrid,21,0,1,158.618,142.569,1.1126,0.04719,0.1602,0.6187,1.5842,1.78,3.6,98.129,76,1,55.8231,1,1.0,nan,2131
normal_city,Modified,21,0,1,154.495,142.569,1.0837,0.15769,0.0743,0.5,3.0115,1.775,3.395,77.2401,40,1,42.8849,0,0.0,nan,1458
normal_city,Adaptive,21,0,1,176.4,142.569,1.2373,0.05472,0.2475,1.1062,3.5381,1.78,3.59,195.1344,119,1,63.8976,0,0.0,nan,756
normal_city,Bezier,21,0,1,148.992,142.569,1.0451,0.19898,0.0408,0.2306,1.6003,1.775,3.371,34.3562,22,1,38.3882,1,1.0,nan,7621
normal_city,BSpline,21,0,1,159.826,142.569,1.121,0.07292,0.1269,0.8258,3.1687,1.779,3.381,131.9766,115,1,54.5999,0,0.0,nan,1486
normal_city,Dubins,21,0,1,153.488,142.569,1.0766,0.06519,0.077,0.4541,3.2167,1.78,3.481,69.7027,31,1,42.0311,0,0.0,nan,1319
normal_city,APF,22,0,1,184.8,142.569,1.2962,0.03792,0.2748,1.2287,4.7415,1.78,3.432,227.0563,122,1,68.3413,0,0.0,nan,792
normal_city,RRT*,22,0,1,146.314,142.569,1.0263,0.55924,0.1487,0.0543,1.1498,2.532,4.968,7.9406,7,1,27.6761,0,0.0,nan,38204
normal_city,RRT*+Bezier,22,0,1,146.314,142.569,1.0263,0.59205,0.1487,0.0543,1.1498,2.532,4.968,7.9406,7,1,27.6761,0,0.0,nan,38231
normal_city,Hybrid,22,0,1,162.091,142.569,1.1369,0.19289,0.1521,0.4866,3.0345,1.78,3.154,78.8656,62,1,52.8302,1,1.0,nan,14078
normal_city,Modified,22,0,1,161.174,142.569,1.1305,0.21993,0.1054,0.5958,3.2756,1.775,3.096,96.0307,49,1,45.187,1,1.0,nan,2855
normal_city,Adaptive,22,0,1,209.281,142.569,1.4679,0.10422,0.236,0.7829,3.0159,1.78,3.215,163.8412,98,1,69.6145,1,1.0,nan,6011
normal_city,Bezier,22,0,1,155.647,142.569,1.0917,0.2301,0.0553,0.2614,3.9757,1.775,3.05,40.682,29,1,41.9202,1,1.0,nan,11214
normal_city,BSpline,22,0,1,198.871,142.569,1.3949,0.1402,0.1447,0.6719,5.3682,1.779,3.075,133.6212,102,1,62.9225,1,1.0,nan,8406
normal_city,Dubins,22,0,1,162.597,142.569,1.1405,0.08281,0.122,0.5848,3.1967,1.78,3.274,95.0858,45,1,48.8678,1,1.0,nan,3932
normal_city,APF,23,0,0,30.1,140.811,0.2138,0.01578,0.0401,0.1758,0.5911,1.802,2.833,5.2911,5,1,6.6292,0,0.0,nan,132
normal_city,RRT*,23,0,1,141.875,140.811,1.0076,5.11196,0.1896,0.0714,1.0945,1.959,3.843,10.128,12,1,29.647,0,0.0,nan,334372
normal_city,RRT*+Bezier,23,0,1,141.875,140.811,1.0076,5.14578,0.1896,0.0714,1.0945,1.959,3.843,10.128,12,1,29.647,0,0.0,nan,334393
normal_city,Hybrid,23,0,1,148.485,140.811,1.0545,0.57533,0.0676,0.0801,1.2718,1.658,3.008,11.8935,11,1,28.5012,1,1.0,nan,38927
normal_city,Modified,23,0,1,151.076,140.811,1.0729,0.26346,0.051,0.0828,0.9687,1.788,3.039,12.5022,12,1,30.8963,1,1.0,nan,16476
normal_city,Adaptive,23,0,1,148.674,140.811,1.0558,0.25396,0.0637,0.0754,1.4742,1.802,3.033,11.2051,11,1,27.8475,1,1.0,nan,18166
normal_city,Bezier,23,0,1,141.576,140.811,1.0054,0.95391,0.0575,0.0995,1.1719,1.788,3.055,14.0841,12,1,30.591,1,1.0,nan,61427
normal_city,BSpline,23,0,1,149.042,140.811,1.0585,0.59775,0.0501,0.0834,1.1084,1.563,2.991,12.4279,10,1,29.3693,1,1.0,nan,38455
normal_city,Dubins,23,0,1,152.855,140.811,1.0855,0.53802,0.0575,0.0769,1.1254,1.802,3.225,11.7483,10,1,30.4274,1,1.0,nan,37055
normal_city,APF,24,0,1,176.4,142.569,1.2373,0.03466,0.2435,1.0885,3.6643,1.742,3.546,192.0095,110,1,63.2702,0,0.0,nan,756
normal_city,RRT*,24,0,1,146.73,142.569,1.0292,0.34295,0.1003,0.0429,1.3193,1.88,5.274,6.3007,6,1,25.6147,0,0.0,nan,27100
normal_city,RRT*+Bezier,24,0,1,146.73,142.569,1.0292,0.36406,0.1003,0.0429,1.3193,1.88,5.274,6.3007,6,1,25.6147,0,0.0,nan,27121
normal_city,Hybrid,24,0,1,157.334,142.569,1.1036,0.13639,0.1496,0.5765,1.4052,1.742,3.499,90.7096,68,1,50.2608,1,1.0,nan,10114
normal_city,Modified,24,0,1,153.04,142.569,1.0734,0.18088,0.0697,0.4465,2.0847,1.739,3.434,68.3356,35,1,43.3253,0,0.0,nan,1401
normal_city,Adaptive,24,0,1,176.4,142.569,1.2373,0.05198,0.2435,1.0885,3.6643,1.742,3.546,192.0095,110,1,63.2702,0,0.0,nan,756
normal_city,Bezier,24,0,1,183.581,142.569,1.2877,0.88326,0.0616,0.2941,3.845,1.739,3.327,53.9963,32,1,50.9331,1,1.0,nan,55557
normal_city,BSpline,24,0,1,155.736,142.569,1.0924,0.06444,0.0954,0.6005,2.0682,1.741,3.43,93.5148,74,1,48.779,0,0.0,nan,1419
normal_city,Dubins,24,0,1,158.416,142.569,1.1112,0.06013,0.1087,0.6059,3.7617,1.742,3.603,95.9911,47,1,46.7068,0,0.0,nan,1212
normal_city,APF,25,0,1,174.3,142.569,1.2226,0.03838,0.2343,1.0472,2.727,1.759,2.958,182.524,113,1,69.7076,0,0.0,nan,747
normal_city,RRT*,25,0,1,143.495,142.569,1.0065,1.42123,0.1455,0.0573,1.3907,2.09,4.242,8.2269,8,1,26.9836,0,0.0,nan,97838
normal_city,RRT*+Bezier,25,0,1,143.495,142.569,1.0065,1.44849,0.1455,0.0573,1.3907,2.09,4.242,8.2269,8,1,26.9836,0,0.0,nan,97867
normal_city,Hybrid,25,0,1,154.784,142.569,1.0857,0.26788,0.1664,0.5539,1.3533,1.759,2.919,85.7394,69,1,50.9943,1,1.0,nan,17861
normal_city,Modified,25,0,1,155.35,142.569,1.0897,0.16072,0.0732,0.5089,2.7863,1.759,2.986,79.0552,40,1,46.4241,0,0.0,nan,1530
normal_city,Adaptive,25,0,1,174.3,142.569,1.2226,0.05568,0.2343,1.0472,2.727,1.759,2.958,182.524,113,1,69.7076,0,0.0,nan,747
normal_city,Bezier,25,0,1,155.389,142.569,1.0899,0.28329,0.0452,0.2203,1.5537,1.759,2.98,34.2375,18,1,36.9256,1,1.0,nan,16100
normal_city,BSpline,25,0,1,159.612,142.569,1.1195,0.07237,0.1138,0.7951,2.7111,1.754,2.958,126.9149,106,1,56.2305,0,0.0,nan,1619
normal_city,Dubins,25,0,1,163.297,142.569,1.1454,0.06711,0.0813,0.5022,2.9281,1.674,3.243,82.0114,35,1,54.4447,0,0.0,nan,1464
normal_city,APF,26,0,1,170.8,141.983,1.203,0.03643,0.2346,1.0486,2.5179,1.78,3.185,179.1074,114,1,68.7979,0,0.0,nan,732
normal_city,RRT*,26,0,1,154.085,141.983,1.0852,0.40239,0.0799,0.0309,0.9537,1.942,6.073,4.7669,3,1,25.1901,0,0.0,nan,30869
normal_city,RRT*+Bezier,26,0,1,154.085,141.983,1.0852,0.41616,0.0799,0.0309,0.9537,1.942,6.073,4.7669,3,1,25.1901,0,0.0,nan,30887
normal_city,Hybrid,26,0,1,162.295,141.983,1.1431,0.16778,0.1601,0.502,3.3533,1.78,3.397,81.4699,64,1,51.1127,1,1.0,nan,12855
normal_city,Modified,26,0,1,146.316,141.983,1.0305,0.18081,0.0448,0.324,1.5596,1.775,3.084,47.4135,28,1,41.3927,0,0.0,nan,1583
normal_city,Adaptive,26,0,1,170.8,141.983,1.203,0.05333,0.2346,1.0486,2.5179,1.78,3.185,179.1074,114,1,68.7979,0,0.0,nan,732
normal_city,Bezier,26,0,1,142.011,141.983,1.0002,0.14453,0.0245,0.1346,1.1243,1.775,3.244,19.1103,10,1,31.7122,1,1.0,nan,6355
normal_city,BSpline,26,0,1,151.064,141.983,1.064,0.0684,0.0908,0.6364,1.6633,1.779,3.058,96.1363,106,1,50.9705,0,0.0,nan,1612
normal_city,Dubins,26,0,1,158.495,141.983,1.1163,0.07296,0.0842,0.4888,2.4158,1.78,3.226,77.4656,38,1,49.4491,0,0.0,nan,1307
normal_city,APF,27,0,1,186.9,143.154,1.3056,0.03793,0.3022,1.3511,4.3266,1.82,3.019,252.5209,152,1,83.0692,0,0.0,nan,801
normal_city,RRT*,27,0,1,149.356,143.154,1.0433,0.43998,0.1501,0.0631,1.3493,1.749,4.474,9.4317,9,1,29.8428,0,0.0,nan,28945
normal_city,RRT*+Bezier,27,0,1,149.356,143.154,1.0433,0.42238,0.1501,0.0631,1.3493,1.749,4.474,9.4317,9,1,29.8428,0,0.0,nan,28970
normal_city,Hybrid,27,0,1,185.739,143.154,1.2975,2.6954,0.1889,0.6357,3.2855,1.82,3.215,118.0808,90,1,66.3889,1,1.0,nan,186288
normal_city,Modified,27,0,1,160.81,143.154,1.1233,0.2314,0.0995,0.6126,4.5341,1.807,2.953,98.5064,54,1,50.654,1,1.0,nan,3133
normal_city,Adaptive,27,0,1,182.557,143.154,1.2752,0.08311,0.3018,1.2048,4.1967,1.82,3.026,219.9503,136,1,77.5721,1,1.0,nan,3371
normal_city,Bezier,27,0,1,153.365,143.154,1.0713,0.23379,0.0524,0.2974,1.4466,1.807,3.142,45.6102,30,1,42.4605,1,1.0,nan,11577
normal_city,BSpline,27,0,1,164.077,143.154,1.1462,0.10351,0.1496,0.9023,4.5795,1.819,2.957,148.0423,130,1,58.2381,1,1.0,nan,4890
normal_city,Dubins,27,0,1,165.384,143.154,1.1553,0.23851,0.1388,0.7116,4.1318,1.82,3.15,117.6924,62,1,55.7969,1,1.0,nan,16526
normal_city,APF,28,0,1,177.8,140.811,1.2627,0.04001,0.2501,1.118,3.794,1.768,2.966,198.7834,119,1,70.3393,0,0.0,nan,762
normal_city,RRT*,28,0,1,144.747,140.811,1.0279,1.4607,0.1633,0.0602,1.334,2.091,4.228,8.7203,7,1,27.9754,0,0.0,nan,98885
normal_city,RRT*+Bezier,28,0,1,144.747,140.811,1.0279,1.50565,0.1633,0.0602,1.334,2.091,4.228,8.7203,7,1,27.9754,0,0.0,nan,98913
normal_city,Hybrid,28,0,1,157.055,140.811,1.1154,1.57981,0.1674,0.5493,2.2106,1.768,2.948,86.264,68,1,51.0415,1,1.0,nan,106255
normal_city,Modified,28,0,1,156.828,140.811,1.1137,0.16533,0.0811,0.5586,3.7768,1.766,2.954,87.6088,45,1,45.6656,0,0.0,nan,1544
normal_city,Adaptive,28,0,1,177.8,140.811,1.2627,0.05635,0.2501,1.118,3.794,1.768,2.966,198.7834,119,1,70.3393,0,0.0,nan,762
normal_city,Bezier,28,0,1,151.601,140.811,1.0766,1.51763,0.0563,0.2872,2.9985,1.766,2.899,43.5403,28,1,42.0235,1,1.0,nan,100269
normal_city,BSpline,28,0,1,161.341,140.811,1.1458,0.07161,0.1225,0.8204,3.4246,1.767,2.946,132.3654,107,1,56.7155,0,0.0,nan,1563
normal_city,Dubins,28,0,1,163.15,140.811,1.1586,0.06794,0.0911,0.5493,3.7957,1.768,3.17,89.6205,38,1,49.0132,0,0.0,nan,1414
normal_city,APF,29,0,1,170.8,142.569,1.198,0.03857,0.227,1.0144,2.5696,1.939,2.878,173.2651,115,1,68.7412,0,0.0,nan,732
normal_city,RRT*,29,0,1,147.655,142.569,1.0357,0.40122,0.1612,0.0618,1.3403,2.086,3.92,9.1181,6,1,28.543,0,0.0,nan,29556
normal_city,RRT*+Bezier,29,0,1,147.655,142.569,1.0357,0.42744,0.1612,0.0618,1.3403,2.086,3.92,9.1181,6,1,28.543,0,0.0,nan,29578
normal_city,Hybrid,29,0,1,179.346,142.569,1.258,0.31455,0.1832,0.5424,2.9804,2.02,2.791,97.283,74,1,58.795,1,1.0,nan,23257
normal_city,Modified,29,0,1,148.722,142.569,1.0432,0.17078,0.049,0.3552,1.8672,2.02,2.883,52.8195,30,1,46.0635,0,0.0,nan,1583
normal_city,Adaptive,29,0,1,170.8,142.569,1.198,0.05631,0.227,1.0144,2.5696,1.939,2.878,173.2651,115,1,68.7412,0,0.0,nan,732
normal_city,Bezier,29,0,1,147.289,142.569,1.0331,0.26795,0.0575,0.2979,1.6471,2.02,2.774,43.8786,28,1,40.3719,1,1.0,nan,12890
normal_city,BSpline,29,0,1,153.085,142.569,1.0738,0.07456,0.0946,0.6661,2.1948,2.02,2.888,101.9714,105,1,54.2026,0,0.0,nan,1610
normal_city,Dubins,29,0,1,148.877,142.569,1.0442,0.06836,0.0541,0.3266,2.3558,1.804,2.855,48.6276,28,1,44.6805,0,0.0,nan,1362
blocked_road,APF,0,0,0,2800.0,149.012,18.7904,0.51698,0.8144,3.6542,8.8501,1.82,2.3,10231.8475,3939,1,1949.1321,0,nan,nan,12000
blocked_road,RRT*,0,0,1,151.586,149.012,1.0173,0.89531,0.1364,0.0481,0.9886,2.853,4.154,7.2837,7,1,27.8717,0,nan,nan,58498
blocked_road,RRT*+Bezier,0,0,1,151.586,149.012,1.0173,0.91405,0.1364,0.0481,0.9886,2.853,4.154,7.2837,7,1,27.8717,0,nan,nan,58533
blocked_road,Hybrid,0,0,1,211.207,149.012,1.4174,0.56771,0.2486,0.6249,2.9635,1.82,2.801,131.9753,100,1,65.2068,1,nan,85.0,40785
blocked_road,Modified,0,0,1,200.596,149.012,1.3462,0.6694,0.0813,0.2725,5.7702,1.589,2.718,54.6659,36,1,47.1343,1,nan,87.0,39610
blocked_road,Adaptive,0,0,1,217.393,149.012,1.4589,0.29429,0.2594,0.641,4.0814,1.716,2.745,139.3385,104,1,70.3845,1,nan,87.0,21841
blocked_road,Bezier,0,0,1,199.633,149.012,1.3397,0.76052,0.074,0.2468,4.8164,1.807,2.766,49.2611,36,1,46.7512,1,nan,85.0,43967
blocked_road,BSpline,0,0,1,204.819,149.012,1.3745,0.87396,0.114,0.3761,5.6562,1.819,2.755,77.0281,72,1,57.5661,1,nan,87.0,59840
blocked_road,Dubins,0,0,1,206.661,149.012,1.3869,0.36936,0.0891,0.2844,4.9566,1.82,2.796,58.7667,33,1,51.9621,1,nan,87.0,23976
blocked_road,APF,1,0,0,2800.0,147.841,18.9393,0.49358,0.801,3.594,9.8546,1.78,2.326,10063.1928,3923,1,1965.2161,0,nan,nan,12000
blocked_road,RRT*,1,0,1,155.55,147.841,1.0521,1.29191,0.074,0.0269,1.24,1.844,3.885,4.1871,3,1,24.3781,0,nan,nan,87769
blocked_road,RRT*+Bezier,1,0,1,155.55,147.841,1.0521,1.30642,0.074,0.0269,1.24,1.844,3.885,4.1871,3,1,24.3781,0,nan,nan,87785
blocked_road,Hybrid,1,0,1,228.979,147.841,1.5488,0.64802,0.2096,0.5261,3.7679,1.746,2.794,120.4747,91,1,68.9696,1,nan,82.0,44406
blocked_road,Modified,1,0,1,207.092,147.841,1.4008,2.12244,0.0571,0.2277,2.8714,1.775,2.844,47.1496,33,1,53.5428,1,nan,82.0,141125
blocked_road,Adaptive,1,0,1,225.114,147.841,1.5227,1.25081,0.2138,0.5461,3.8505,1.78,2.823,122.9375,95,1,71.7833,1,nan,82.0,75271
blocked_road,Bezier,1,0,1,210.571,147.841,1.4243,0.56834,0.0555,0.2161,3.5838,1.775,2.84,45.5018,30,1,51.8373,1,nan,82.0,26276
blocked_road,BSpline,1,0,1,258.512,147.841,1.7486,1.85915,0.0974,0.3185,2.7119,1.722,2.809,82.3288,97,1,66.6365,1,nan,82.0,81260
blocked_road,Dubins,1,0,1,210.527,147.841,1.424,0.77749,0.0491,0.1955,3.775,1.78,3.346,41.1486,25,1,54.3291,1,nan,82.0,51184
blocked_road,APF,2,0,0,22.4,147.841,0.1515,0.01256,0.0097,0.0423,0.4107,1.504,2.631,0.9484,1,1,3.6841,0,nan,nan,99
blocked_road,RRT*,2,0,1,152.739,147.841,1.0331,0.65249,0.1317,0.046,1.0655,2.313,3.855,7.0329,7,1,27.2172,0,nan,nan,44804
blocked_road,RRT*+Bezier,2,0,1,152.739,147.841,1.0331,0.67545,0.1317,0.046,1.0655,2.313,3.855,7.0329,7,1,27.2172,0,nan,nan,44818
blocked_road,Hybrid,2,0,1,183.117,147.841,1.2386,0.38971,0.0893,0.1272,3.238,1.504,3.065,23.2927,16,1,39.29,2,nan,nan,29995
blocked_road,Modified,2,0,1,183.573,147.841,1.2417,0.38903,0.0662,0.1745,2.805,1.504,3.354,32.0359,16,1,40.3069,1,nan,nan,25419
blocked_road,Adaptive,2,0,1,189.579,147.841,1.2823,0.27289,0.1453,0.26,3.145,1.504,3.217,49.2824,27,1,44.8294,1,nan,nan,19413
blocked_road,Bezier,2,0,1,158.309,147.841,1.0708,0.24477,0.0255,0.0567,1.2432,1.504,3.148,8.9701,3,1,27.6322,2,nan,nan,17486
blocked_road,BSpline,2,0,1,208.573,147.841,1.4108,0.93488,0.0794,0.202,2.3981,1.504,3.296,42.1341,30,1,43.7571,1,nan,nan,61212
blocked_road,Dubins,2,0,1,161.618,147.841,1.0932,0.26626,0.0357,0.1645,2.664,1.504,3.851,26.5919,13,1,33.0582,1,nan,nan,17478
blocked_road,APF,3,0,0,49.0,150.77,0.325,0.01379,0.1012,0.4476,0.9872,1.662,2.65,21.9343,20,1,13.1971,0,nan,nan,212
blocked_road,RRT*,3,0,1,157.873,150.77,1.0471,1.89802,0.0575,0.0206,1.1135,2.92,7.037,3.2515,2,1,23.4124,0,nan,nan,123506
blocked_road,RRT*+Bezier,3,0,1,156.638,150.77,1.0389,2.16738,0.0271,0.0179,1.1742,2.92,8.167,2.8103,1,1,21.9193,0,nan,nan,123697
blocked_road,Hybrid,3,0,1,163.503,150.77,1.0845,0.93871,0.1006,0.1894,5.3708,1.662,3.917,30.9733,27,1,36.2067,1,nan,nan,63221
blocked_road,Modified,3,0,1,162.228,150.77,1.076,0.20906,0.0385,0.0939,1.3089,1.662,3.806,15.2336,13,1,31.4245,1,nan,nan,12676
blocked_road,Adaptive,3,0,1,164.448,150.77,1.0907,1.33406,0.095,0.1743,3.0181,1.662,3.97,28.6565,25,1,35.6822,1,nan,nan,89256
blocked_road,Bezier,3,0,1,198.514,150.77,1.3167,0.46667,0.0421,0.0852,1.2614,1.662,3.696,16.9178,14,1,37.7613,1,nan,nan,29442
blocked_road,BSpline,3,0,1,160.502,150.77,1.0646,0.3854,0.0483,0.1267,2.3992,1.742,3.989,20.3421,16,1,31.9676,1,nan,nan,25830
blocked_road,Dubins,3,0,1,163.107,150.77,1.0818,0.30018,0.0486,0.0993,2.4727,1.662,3.934,16.1898,13,1,32.6322,1,nan,nan,20691
blocked_road,APF,4,0,0,2800.0,147.841,18.9393,0.50066,0.9099,4.0825,10.4891,1.78,2.315,11430.9244,3919,1,1792.5961,0,nan,nan,12000
blocked_road,RRT*,4,0,1,146.571,147.841,0.9914,1.81848,0.1411,0.0484,1.3246,2.049,3.825,7.093,6,1,26.5476,0,nan,nan,120621
blocked_road,RRT*+Bezier,4,0,1,146.571,147.841,0.9914,1.87891,0.1411,0.0484,1.3246,2.049,3.825,7.093,6,1,26.5476,0,nan,nan,120636
blocked_road,Hybrid,4,0,1,222.822,147.841,1.5072,1.383,0.2023,0.4848,3.5982,1.78,2.813,108.0226,82,1,67.6578,1,nan,77.0,92164
blocked_road,Modified,4,0,1,299.831,147.841,2.0281,2.78898,0.0577,0.1549,4.5255,1.775,2.816,46.4295,28,1,65.4904,1,nan,78.0,166781
blocked_road,Adaptive,4,0,1,222.249,147.841,1.5033,0.50056,0.2081,0.4972,5.1067,1.78,2.808,110.51,81,1,64.9378,1,nan,78.0,32833
blocked_road,Bezier,4,0,1,208.965,147.841,1.4134,0.79939,0.0575,0.2145,4.2952,1.775,2.76,44.8324,29,1,54.3218,1,nan,77.0,48431
blocked_road,BSpline,4,0,1,206.597,147.841,1.3974,1.68273,0.0939,0.3683,3.9921,1.779,2.756,76.0963,76,1,54.3031,1,nan,78.0,110590
blocked_road,Dubins,4,0,1,210.164,147.841,1.4216,1.4429,0.0629,0.1957,4.0079,1.585,2.79,41.1307,25,1,54.2241,1,nan,78.0,90289
blocked_road,APF,5,0,0,2800.0,147.841,18.9393,0.51138,0.8546,3.8346,9.8222,1.82,2.309,10736.9738,3919,1,1852.9986,0,nan,nan,12000
blocked_road,RRT*,5,0,1,155.575,147.841,1.0523,1.06596,0.1076,0.0413,1.5193,1.761,4.178,6.422,4,1,26.5486,0,nan,nan,57934
blocked_road,RRT*+Bezier,5,0,1,155.575,147.841,1.0523,0.89432,0.1076,0.0413,1.5193,1.761,4.178,6.422,4,1,26.5486,0,nan,nan,57968
blocked_road,Hybrid,5,0,1,216.466,147.841,1.4642,1.10859,0.1775,0.4095,5.5311,1.82,2.912,88.6476,74,1,64.4891,1,nan,66.0,75680
blocked_road,Modified,5,0,1,212.464,147.841,1.4371,0.70669,0.0619,0.2213,5.3251,1.82,2.883,47.0271,27,1,49.7792,1,nan,70.0,41100
blocked_road,Adaptive,5,0,1,222.479,147.841,1.5049,0.30913,0.1845,0.4326,6.1023,1.82,2.949,96.2338,72,1,62.573,1,nan,70.0,22290
blocked_road,Bezier,5,0,1,212.044,147.841,1.4343,0.76747,0.0487,0.1695,3.0574,1.82,2.903,35.9454,24,1,47.1534,1,nan,66.0,48521
blocked_road,BSpline,5,0,1,213.029,147.841,1.4409,2.02416,0.0982,0.3506,5.6583,1.82,2.862,74.6901,73,1,62.2748,1,nan,70.0,131952
blocked_road,Dubins,5,0,1,210.843,147.841,1.4261,2.91744,0.0818,0.2438,6.5402,1.791,2.94,51.4019,29,1,53.8941,1,nan,70.0,191660
blocked_road,APF,6,0,0,2800.0,147.841,18.9393,0.50353,0.7101,3.1863,7.4416,1.82,1.999,8921.6684,3936,1,2274.1611,0,nan,nan,12000
blocked_road,RRT*,6,0,1,150.889,147.841,1.0206,0.68895,0.1069,0.0378,1.0972,2.411,4.292,5.7075,7,1,25.6534,0,nan,nan,47595
blocked_road,RRT*+Bezier,6,0,1,150.889,147.841,1.0206,0.716,0.1069,0.0378,1.0972,2.411,4.292,5.7075,7,1,25.6534,0,nan,nan,47616
blocked_road,Hybrid,6,0,1,188.281,147.841,1.2735,1.45485,0.1382,0.233,4.1992,1.82,3.015,43.8653,36,1,47.1829,1,nan,nan,93582
blocked_road,Modified,6,0,1,167.294,147.841,1.1316,5.35709,0.051,0.1369,3.3082,1.667,2.915,22.9027,16,1,38.6329,1,nan,nan,340512
blocked_road,Adaptive,6,0,1,168.326,147.841,1.1386,1.53054,0.1349,0.2567,4.8455,1.82,2.95,43.212,35,1,41.5608,1,nan,nan,103218
blocked_road,Bezier,6,0,1,170.855,147.841,1.1557,1.25886,0.0496,0.1286,3.3262,1.586,2.878,21.9773,18,1,40.0641,1,nan,nan,84179
blocked_road,BSpline,6,0,1,167.034,147.841,1.1298,0.71416,0.0696,0.2043,4.6301,1.819,2.928,34.1181,32,1,42.1661,1,nan,nan,49385
blocked_road,Dubins,6,0,1,164.773,147.841,1.1145,0.37216,0.0563,0.1288,3.3031,1.82,3.072,21.2211,14,1,37.8403,1,nan,nan,25565
blocked_road,APF,7,0,1,182.0,147.841,1.2311,0.0467,0.2241,1.0018,3.5412,1.82,2.956,182.3231,114,1,77.9347,0,nan,nan,780
blocked_road,RRT*,7,0,1,155.01,147.841,1.0485,0.83008,0.1658,0.0504,1.1505,1.551,3.783,7.8127,8,1,28.6577,0,nan,nan,58260
blocked_road,RRT*+Bezier,7,0,1,155.01,147.841,1.0485,0.85688,0.1658,0.0504,1.1505,1.551,3.783,7.8127,8,1,28.6577,0,nan,nan,58285
blocked_road,Hybrid,7,0,1,166.49,147.841,1.1261,0.12386,0.198,0.5082,1.704,1.82,2.798,84.6101,63,1,51.3434,1,nan,nan,8607
blocked_road,Modified,7,0,1,160.752,147.841,1.0873,0.14946,0.0671,0.4942,3.868,1.82,2.921,79.4396,49,1,50.5832,0,nan,nan,1620
blocked_road,Adaptive,7,0,1,182.0,147.841,1.2311,0.05872,0.2241,1.0018,3.5412,1.82,2.956,182.3231,114,1,77.9347,0,nan,nan,780
blocked_road,Bezier,7,0,1,156.053,147.841,1.0555,1.05977,0.0446,0.185,1.4765,1.82,2.764,28.8696,26,1,37.9418,1,nan,nan,66439
blocked_road,BSpline,7,0,1,166.32,147.841,1.125,0.07505,0.1178,0.8386,3.4065,1.82,2.905,139.474,137,1,63.5631,0,nan,nan,1646
blocked_road,Dubins,7,0,1,169.976,147.841,1.1497,0.0717,0.0875,0.5079,3.8524,1.69,3.129,86.3377,42,1,60.4729,0,nan,nan,1416
blocked_road,APF,8,0,0,36.4,149.012,0.2443,0.01216,0.0314,0.1381,0.7388,1.759,2.764,5.0278,6,1,7.6543,0,nan,nan,159
blocked_road,RRT*,8,0,1,148.171,149.012,0.9944,0.28839,0.0979,0.0415,0.7466,1.503,4.033,6.1498,6,1,25.9444,0,nan,nan,20466
blocked_road,RRT*+Bezier,8,0,1,148.171,149.012,0.9944,0.34472,0.0979,0.0415,0.7466,1.503,4.033,6.1498,6,1,25.9444,0,nan,nan,20496
blocked_road,Hybrid,8,0,1,178.347,149.012,1.1969,1.27295,0.0751,0.1204,4.4223,1.759,3.507,21.4767,18,1,39.3543,1,nan,nan,78467
blocked_road,Modified,8,0,1,172.23,149.012,1.1558,0.29182,0.0434,0.0989,3.263,1.747,3.403,17.0371,11,1,37.1252,1,nan,nan,15599
blocked_road,Adaptive,8,0,1,156.757,149.012,1.052,0.52043,0.0509,0.0907,1.3249,1.759,3.472,14.2181,13,1,31.5576,1,nan,nan,37947
blocked_road,Bezier,8,0,1,187.587,149.012,1.2589,1.24189,0.0453,0.0947,3.5414,1.747,3.448,17.7733,10,1,37.9483,1,nan,nan,81028
blocked_road,BSpline,8,0,1,182.107,149.012,1.2221,0.83826,0.0571,0.123,5.0066,1.515,3.377,22.4054,14,1,41.5275,1,nan,nan,56795
blocked_road,Dubins,8,0,1,179.221,149.012,1.2027,1.20723,0.0653,0.1214,4.0995,1.759,3.497,21.7585,16,1,42.1002,1,nan,nan,79257
blocked_road,APF,9,0,0,2800.0,147.841,18.9393,0.49607,0.9836,4.4132,10.472,1.658,1.812,12356.9017,3946,1,1716.7453,0,nan,nan,12000
blocked_road,RRT*,9,0,1,150.448,147.841,1.0176,1.93794,0.1356,0.0453,0.9788,2.341,3.808,6.8178,7,1,27.1329,0,nan,nan,133138
blocked_road,RRT*+Bezier,9,0,1,150.448,147.841,1.0176,1.93579,0.1356,0.0453,0.9788,2.341,3.808,6.8178,7,1,27.1329,0,nan,nan,133168
blocked_road,Hybrid,9,0,1,162.112,147.841,1.0965,0.25255,0.1096,0.1849,5.5522,1.794,2.933,29.9666,26,1,38.9143,1,nan,nan,18625
blocked_road,Modified,9,0,1,163.909,147.841,1.1087,0.58724,0.0808,0.2107,9.723,1.772,2.979,34.5401,14,1,34.4632,1,nan,nan,37074
blocked_road,Adaptive,9,0,1,164.202,147.841,1.1107,0.48763,0.1646,0.2897,11.715,1.772,2.851,47.5774,30,1,40.746,1,nan,nan,33608
blocked_road,Bezier,9,0,1,158.285,147.841,1.0706,10.65265,0.0474,0.1212,9.7527,1.781,3.029,19.1915,8,1,30.2319,1,nan,nan,723828
blocked_road,BSpline,9,0,1,204.667,147.841,1.3844,1.07901,0.0971,0.2296,10.3048,1.772,2.889,47.0016,24,1,46.0026,1,nan,nan,74055
blocked_road,Dubins,9,0,1,161.956,147.841,1.0955,0.55591,0.101,0.2135,8.8364,1.509,3.039,34.5847,16,1,33.1822,1,nan,nan,38947
blocked_road,APF,10,0,0,47.6,150.184,0.3169,0.01474,0.0932,0.4123,0.9092,1.742,2.662,19.6269,18,1,13.2645,0,nan,nan,206
blocked_road,RRT*,10,0,1,150.363,150.184,1.0012,0.28253,0.0974,0.0346,1.1502,1.842,6.452,5.1996,3,1,24.1639,0,nan,nan,19247
blocked_road,RRT*+Bezier,10,0,1,150.363,150.184,1.0012,0.30263,0.0974,0.0346,1.1502,1.842,6.452,5.1996,3,1,24.1639,0,nan,nan,19262
blocked_road,Hybrid,10,0,1,161.903,150.184,1.078,0.82935,0.0834,0.157,3.1711,1.742,4.614,25.4187,25,1,34.393,1,nan,nan,55367
blocked_road,Modified,10,0,1,188.185,150.184,1.253,0.72935,0.0345,0.0801,3.1264,1.714,4.361,15.0794,10,1,32.5763,1,nan,nan,46354
blocked_road,Adaptive,10,0,1,163.35,150.184,1.0877,0.33068,0.0943,0.1722,3.3195,1.742,4.633,28.1348,25,1,37.8639,1,nan,nan,23205
blocked_road,Bezier,10,0,1,201.263,150.184,1.3401,0.77646,0.0417,0.0925,2.8019,1.739,4.293,18.6212,10,1,37.423,1,nan,nan,50392
blocked_road,BSpline,10,0,1,190.142,150.184,1.2661,0.41012,0.0526,0.1199,5.1548,1.741,4.327,22.8007,13,1,38.1617,1,nan,nan,29625
blocked_road,Dubins,10,0,1,155.931,150.184,1.0383,0.24709,0.0208,0.081,0.9001,1.742,5.449,12.6359,10,1,28.6803,1,nan,nan,17642
blocked_road,APF,11,0,0,45.5,149.598,0.3041,0.0149,0.0747,0.33,0.7388,1.665,2.685,15.0167,16,1,11.8545,0,nan,nan,197
blocked_road,RRT*,11,0,1,154.403,149.598,1.0321,1.30606,0.0641,0.0235,0.918,2.166,3.994,3.6269,4,1,23.1675,0,nan,nan,81378
blocked_road,RRT*+Bezier,11,0,1,154.403,149.598,1.0321,1.31082,0.0641,0.0235,0.918,2.166,3.994,3.6269,4,1,23.1675,0,nan,nan,81402
blocked_road,Hybrid,11,0,1,161.462,149.598,1.0793,1.19549,0.0911,0.1382,1.71,1.661,2.911,22.3114,22,1,34.9801,1,nan,nan,78419
blocked_road,Modified,11,0,1,185.832,149.598,1.2422,1.7371,0.0391,0.0748,3.5317,1.747,3.032,13.8964,12,1,34.9404,1,nan,nan,114905
blocked_road,Adaptive,11,0,1,161.25,149.598,1.0779,1.25794,0.0958,0.1474,1.8001,1.665,2.896,23.7689,23,1,36.8785,1,nan,nan,83103
blocked_road,Bezier,11,0,1,189.262,149.598,1.2651,1.68068,0.0442,0.0828,3.2267,1.542,2.942,15.6751,12,1,37.8875,1,nan,nan,108741
blocked_road,BSpline,11,0,1,157.066,149.598,1.0499,1.82277,0.0447,0.1099,1.3759,1.665,2.884,17.2554,13,1,32.9134,1,nan,nan,118741
blocked_road,Dubins,11,0,1,159.383,149.598,1.0654,1.16586,0.0442,0.0854,1.2736,1.759,3.094,13.6157,11,1,32.3328,1,nan,nan,74978
blocked_road,APF,12,0,0,2800.0,148.426,18.8646,0.53783,0.7501,3.3655,7.9215,1.573,1.979,9423.518,3766,1,2046.9991,0,nan,nan,12000
blocked_road,RRT*,12,0,1,147.402,148.426,0.9931,0.93002,0.1208,0.0438,1.3032,1.947,4.09,6.451,6,1,25.5645,0,nan,nan,62352
blocked_road,RRT*+Bezier,12,0,1,147.402,148.426,0.9931,0.95079,0.1208,0.0438,1.3032,1.947,4.09,6.451,6,1,25.5645,0,nan,nan,62376
blocked_road,Hybrid,12,0,1,203.374,148.426,1.3702,1.56685,0.1597,0.3034,3.3634,1.794,2.661,61.6942,49,1,59.2888,1,nan,nan,103985
blocked_road,Modified,12,0,1,205.64,148.426,1.3855,0.97734,0.0461,0.1317,4.0447,1.783,2.582,27.0906,16,1,44.1166,1,nan,nan,65848
blocked_road,Adaptive,12,0,1,212.67,148.426,1.4328,0.39615,0.1561,0.2836,3.9033,1.594,2.58,60.3145,46,1,57.0296,1,nan,nan,28407
blocked_road,Bezier,12,0,1,201.663,148.426,1.3587,1.00164,0.0495,0.1443,3.7756,1.726,2.596,29.0966,20,1,45.7521,1,nan,nan,62756
blocked_road,BSpline,12,0,1,204.476,148.426,1.3776,0.66087,0.0841,0.2415,3.2219,1.587,2.599,49.3808,54,1,50.0579,1,nan,nan,42744
blocked_road,Dubins,12,0,1,207.011,148.426,1.3947,0.37366,0.0681,0.157,3.6471,1.794,2.788,32.5077,19,1,47.6576,1,nan,nan,26332
blocked_road,APF,13,0,1,187.6,147.841,1.2689,0.04447,0.2346,1.0491,4.0548,1.742,3.553,196.8028,109,1,67.3026,0,nan,nan,804
blocked_road,RRT*,13,0,1,148.441,147.841,1.0041,1.20171,0.1166,0.0395,0.8644,2.234,4.033,5.8587,6,1,25.3783,0,nan,nan,80585
blocked_road,RRT*+Bezier,13,0,1,148.441,147.841,1.0041,1.20774,0.1166,0.0395,0.8644,2.234,4.033,5.8587,6,1,25.3783,0,nan,nan,80619
blocked_road,Hybrid,13,0,1,165.103,147.841,1.1168,0.4126,0.1305,0.4296,2.316,1.742,3.425,70.9204,55,1,52.5721,1,nan,nan,26745
blocked_road,Modified,13,0,1,167.364,147.841,1.1321,0.18519,0.0775,0.4438,3.6979,1.603,3.159,74.2766,42,1,47.0128,1,nan,nan,3764
blocked_road,Adaptive,13,0,1,182.796,147.841,1.2364,0.06782,0.2296,0.9272,3.5956,1.742,3.297,169.4966,98,1,66.3542,1,nan,nan,2136
blocked_road,Bezier,13,0,1,158.366,147.841,1.0712,0.14004,0.0441,0.2048,1.5842,1.742,3.208,32.4406,23,1,37.5904,1,nan,nan,5047
blocked_road,BSpline,13,0,1,166.86,147.841,1.1286,0.11078,0.1189,0.7075,3.608,1.741,3.135,118.0524,104,1,53.6226,1,nan,nan,5817
blocked_road,Dubins,13,0,1,171.552,147.841,1.1604,0.12905,0.0957,0.5555,3.2525,1.742,3.283,95.2991,43,1,52.0798,1,nan,nan,7357
blocked_road,APF,14,0,0,2800.0,153.113,18.2872,0.49182,0.775,3.4771,9.3479,1.794,2.355,9735.9905,3930,1,2101.0858,0,nan,nan,12000
blocked_road,RRT*,14,0,1,152.974,153.113,0.9991,0.49073,0.1161,0.0429,1.1488,1.678,4.319,6.5668,5,1,27.001,0,nan,nan,35127
blocked_road,RRT*+Bezier,14,0,1,152.617,153.113,0.9968,0.51985,0.0557,0.039,0.953,1.678,4.874,5.953,4,1,25.2718,0,nan,nan,35295
blocked_road,Hybrid,14,0,1,214.068,153.113,1.3981,0.50092,0.1609,0.3163,3.778,1.557,2.992,67.7168,54,1,57.2273,1,nan,40.0,34710
blocked_road,Modified,14,0,1,202.123,153.113,1.3201,0.28953,0.0644,0.2141,7.2946,1.725,3.122,43.266,24,1,48.1855,1,nan,42.0,14675
blocked_road,Adaptive,14,0,1,217.169,153.113,1.4184,0.21925,0.1737,0.3418,8.5094,1.794,2.982,74.2273,56,1,59.0848,1,nan,42.0,13952
blocked_road,Bezier,14,0,1,201.904,153.113,1.3187,0.35935,0.0607,0.1842,5.2038,1.639,2.905,37.1947,23,1,47.6358,1,nan,40.0,20412
blocked_road,BSpline,14,0,1,215.123,153.113,1.405,0.24765,0.0867,0.2672,5.9212,1.793,3.038,57.4822,54,1,50.0309,1,nan,42.0,16959
blocked_road,Dubins,14,0,1,214.529,153.113,1.4011,0.29983,0.0766,0.1829,5.8524,1.758,2.95,39.2311,25,1,50.2611,1,nan,42.0,21055
blocked_road,APF,15,0,0,2800.0,153.698,18.2175,0.49632,0.837,3.7557,9.5026,1.82,2.306,10515.8384,3926,1,1872.145,0,nan,nan,12000
blocked_road,RRT*,15,0,1,155.137,153.698,1.0094,0.87439,0.0839,0.0323,1.1316,2.685,5.04,5.0077,3,1,24.2351,0,nan,nan,62514
blocked_road,RRT*+Bezier,15,0,1,155.137,153.698,1.0094,0.89371,0.0839,0.0323,1.1316,2.685,5.04,5.0077,3,1,24.2351,0,nan,nan,62535
blocked_road,Hybrid,15,0,1,215.407,153.698,1.4015,0.98685,0.2029,0.5296,3.9182,1.82,2.976,114.0772,86,1,64.61,1,nan,74.0,67712
blocked_road,Modified,15,0,1,205.189,153.698,1.335,0.51063,0.059,0.2221,6.2131,1.807,2.916,45.5778,26,1,49.8632,1,nan,76.0,28875
blocked_road,Adaptive,15,0,1,219.748,153.698,1.4297,0.55066,0.2104,0.5475,8.667,1.55,2.987,120.3028,88,1,69.8135,1,nan,76.0,35460
blocked_road,Bezier,15,0,1,202.759,153.698,1.3192,0.41029,0.0422,0.1646,3.5253,1.807,2.952,33.38,19,1,46.2084,1,nan,74.0,22108
blocked_road,BSpline,15,0,1,207.754,153.698,1.3517,0.40233,0.1003,0.3835,2.5027,1.819,2.9,79.6815,80,1,56.255,1,nan,76.0,26374
blocked_road,Dubins,15,0,1,205.871,153.698,1.3394,0.27948,0.0652,0.216,7.7416,1.82,2.988,44.4732,24,1,49.862,1,nan,76.0,20608
blocked_road,APF,16,0,0,2800.0,150.184,18.6438,0.485,0.9072,4.0706,10.373,1.78,2.373,11397.7849,3916,1,1800.7001,0,nan,nan,12000
blocked_road,RRT*,16,0,1,152.012,150.184,1.0122,0.85763,0.1418,0.0498,1.1579,2.126,5.268,7.5739,10,1,28.6442,0,nan,nan,63129
blocked_road,RRT*+Bezier,16,0,1,152.012,150.184,1.0122,0.88307,0.1418,0.0498,1.1579,2.126,5.268,7.5739,10,1,28.6442,0,nan,nan,63154
blocked_road,Hybrid,16,0,1,208.108,150.184,1.3857,0.70047,0.1658,0.4205,5.3936,1.78,3.401,87.508,68,1,59.2759,1,nan,65.0,47346
blocked_road,Modified,16,0,1,200.612,150.184,1.3358,0.26131,0.0629,0.2502,5.3348,1.775,3.143,50.1841,28,1,48.8124,1,nan,70.0,12541
blocked_road,Adaptive,16,0,1,251.929,150.184,1.6775,0.27474,0.1818,0.4127,6.5803,1.78,3.394,103.9722,78,1,73.1236,1,nan,70.0,18063
blocked_road,Bezier,16,0,1,199.013,150.184,1.3251,0.2607,0.0508,0.1995,3.6866,1.775,3.159,39.7013,23,1,47.3325,1,nan,65.0,14240
blocked_road,BSpline,16,0,1,207.61,150.184,1.3824,0.43327,0.0903,0.3634,5.4611,1.717,3.339,75.4538,72,1,54.8614,1,nan,70.0,26629
blocked_road,Dubins,16,0,1,202.691,150.184,1.3496,0.18788,0.0753,0.2416,4.7825,1.695,3.273,48.9674,28,1,50.7752,1,nan,70.0,12765
blocked_road,APF,17,0,0,45.5,149.012,0.3053,0.01492,0.0747,0.33,0.7388,1.665,2.685,15.0167,16,1,11.8545,0,nan,nan,197
blocked_road,RRT*,17,0,1,153.334,149.012,1.029,0.38747,0.1186,0.0462,1.2083,2.188,4.374,7.0817,7,1,27.267,0,nan,nan,28044
blocked_road,RRT*+Bezier,17,0,1,153.334,149.012,1.029,0.40962,0.1186,0.0462,1.2083,2.188,4.374,7.0817,7,1,27.267,0,nan,nan,28069
blocked_road,Hybrid,17,0,1,185.735,149.012,1.2464,0.38131,0.0872,0.1461,3.8732,1.665,3.333,27.1338,23,1,39.9265,1,nan,nan,24824
blocked_road,Modified,17,0,1,157.145,149.012,1.0546,0.26401,0.0283,0.0774,2.0361,1.665,3.295,12.1693,6,1,29.4706,1,nan,nan,15156
blocked_road,Adaptive,17,0,1,163.385,149.012,1.0965,0.78984,0.0885,0.1599,2.034,1.665,3.408,26.1326,25,1,38.0969,1,nan,nan,50095
blocked_road,Bezier,17,0,1,157.396,149.012,1.0563,0.29702,0.0301,0.0829,2.1553,1.665,3.298,13.0511,8,1,30.8847,1,nan,nan,18723
blocked_road,BSpline,17,0,1,157.158,149.012,1.0547,0.17322,0.0399,0.1076,1.4653,1.665,3.211,16.9147,13,1,32.6869,1,nan,nan,12120
blocked_road,Dubins,17,0,1,181.182,149.012,1.2159,0.67068,0.0257,0.085,3.539,1.665,4.562,15.4092,10,1,36.0758,1,nan,nan,42927
blocked_road,APF,18,0,1,200.9,146.669,1.3698,0.03921,0.3,1.3416,7.3153,1.802,3.071,269.5346,135,1,80.0766,0,nan,nan,861
blocked_road,RRT*,18,0,1,148.072,146.669,1.0096,0.27648,0.0906,0.0346,1.1583,1.736,4.173,5.1248,4,1,24.3999,0,nan,nan,21112
blocked_road,RRT*+Bezier,18,0,1,148.072,146.669,1.0096,0.31074,0.0906,0.0346,1.1583,1.736,4.173,5.1248,4,1,24.3999,0,nan,nan,21148
blocked_road,Hybrid,18,0,1,162.107,146.669,1.1053,0.12336,0.1945,0.5125,1.602,1.802,2.757,83.0838,60,1,51.5086,1,nan,nan,8452
blocked_road,Modified,18,0,1,160.517,146.669,1.0944,0.18577,0.074,0.452,7.4232,1.802,2.995,72.5524,40,1,47.1788,1,nan,nan,4890
blocked_road,Adaptive,18,0,1,178.222,146.669,1.2151,0.26294,0.2101,0.8224,6.8919,1.802,3.122,146.5645,91,1,67.5044,1,nan,nan,18407
blocked_road,Bezier,18,0,1,153.743,146.669,1.0482,0.32361,0.0428,0.1819,1.4912,1.802,2.732,27.9728,21,1,34.5845,1,nan,nan,18104
blocked_road,BSpline,18,0,1,164.814,146.669,1.1237,0.08977,0.1167,0.6893,7.2034,1.802,2.981,113.6073,103,1,54.4281,1,nan,nan,4283
blocked_road,Dubins,18,0,1,164.337,146.669,1.1205,0.11666,0.0926,0.4689,7.4882,1.731,3.129,77.062,34,1,53.67,1,nan,nan,5557
blocked_road,APF,19,0,0,102.9,150.77,0.6825,0.02286,0.1959,0.8732,3.7314,1.794,2.719,89.8553,66,1,41.9113,0,nan,nan,444
blocked_road,RRT*,19,0,1,152.294,150.77,1.0101,0.13601,0.0704,0.0261,1.3125,2.168,5.367,3.9799,3,1,23.5088,0,nan,nan,11325
blocked_road,RRT*+Bezier,19,0,1,152.294,150.77,1.0101,0.19818,0.0704,0.0261,1.3125,2.168,5.367,3.9799,3,1,23.5088,0,nan,nan,11343
blocked_road,Hybrid,19,0,1,208.58,150.77,1.3834,0.28433,0.1683,0.4283,2.5562,1.794,3.373,89.3338,67,1,59.8688,1,nan,72.0,21069
blocked_road,Modified,19,0,1,198.783,150.77,1.3185,0.4192,0.0405,0.165,2.1394,1.781,3.374,32.7959,22,1,44.5926,1,nan,74.0,26313
blocked_road,Adaptive,19,0,1,208.401,150.77,1.3822,0.84006,0.1767,0.4554,3.2641,1.794,3.417,94.9092,72,1,61.1929,1,nan,74.0,56242
blocked_road,Bezier,19,0,1,250.009,150.77,1.6582,0.44029,0.0403,0.1323,4.8283,1.781,3.46,33.0825,20,1,51.9743,1,nan,72.0,26442
blocked_road,BSpline,19,0,1,202.438,150.77,1.3427,0.62799,0.0801,0.3196,2.2781,1.792,3.34,64.6991,74,1,52.8999,1,nan,74.0,45121
blocked_road,Dubins,19,0,1,201.369,150.77,1.3356,0.4464,0.0494,0.1573,2.7807,1.794,3.315,31.673,20,1,46.9611,1,nan,74.0,29970
blocked_road,APF,20,0,0,2800.0,150.184,18.6438,0.49758,0.904,4.0561,10.2962,1.78,2.302,11357.1693,3919,1,1798.3521,0,nan,nan,12000
blocked_road,RRT*,20,0,1,152.408,150.184,1.0148,1.37231,0.1123,0.0486,1.111,2.385,4.44,7.4106,10,1,28.2643,0,nan,nan,91937
blocked_road,RRT*+Bezier,20,0,1,152.408,150.184,1.0148,1.40039,0.1123,0.0486,1.111,2.385,4.44,7.4106,10,1,28.2643,0,nan,nan,91962
blocked_road,Hybrid,20,0,1,209.915,150.184,1.3977,1.20217,0.1929,0.511,6.1803,1.78,2.988,107.2563,80,1,65.4897,1,nan,75.0,85774
blocked_road,Modified,20,0,1,196.862,150.184,1.3108,1.19236,0.0486,0.1961,2.3816,1.717,2.898,38.6121,24,1,47.5821,1,nan,78.0,81272
blocked_road,Adaptive,20,0,1,214.147,150.184,1.4259,0.3379,0.2015,0.5263,5.3224,1.78,2.973,112.6987,83,1,66.8024,1,nan,78.0,24724
blocked_road,Bezier,20,0,1,203.287,150.184,1.3536,0.98548,0.0402,0.162,1.1043,1.775,3.047,32.9304,21,1,48.2702,1,nan,75.0,62856
blocked_road,BSpline,20,0,1,209.477,150.184,1.3948,1.14462,0.0985,0.3723,3.6415,1.779,2.953,77.9891,87,1,52.3863,1,nan,78.0,78982
blocked_road,Dubins,20,0,1,205.522,150.184,1.3685,0.38721,0.0525,0.1694,3.861,1.78,2.945,34.806,23,1,49.5914,1,nan,78.0,26591
blocked_road,APF,21,0,0,9.8,149.598,0.0655,0.00647,0.0198,0.0823,0.5938,1.818,3.804,0.8069,1,1,2.1824,0,nan,nan,45
blocked_road,RRT*,21,0,1,150.287,149.598,1.0046,0.3004,0.1214,0.0431,1.0843,1.73,4.522,6.4844,5,1,26.4429,0,nan,nan,21346
blocked_road,RRT*+Bezier,21,0,1,150.287,149.598,1.0046,0.32045,0.1214,0.0431,1.0843,1.73,4.522,6.4844,5,1,26.4429,0,nan,nan,21366
blocked_road,Hybrid,21,0,1,161.806,149.598,1.0816,0.2127,0.1154,0.0739,3.8228,1.717,4.193,11.9639,11,1,32.9691,1,nan,nan,15829
blocked_road,Modified,21,0,1,165.136,149.598,1.1039,0.28405,0.0563,0.0653,4.6859,1.818,4.231,10.7813,7,1,30.7265,1,nan,nan,19083
blocked_road,Adaptive,21,0,1,165.953,149.598,1.1093,0.53645,0.1085,0.0698,3.8111,1.678,4.235,11.5846,10,1,33.1482,1,nan,nan,37565
blocked_road,Bezier,21,0,1,160.052,149.598,1.0699,0.76471,0.0898,0.0758,4.8487,1.818,4.011,12.1264,9,1,32.6978,1,nan,nan,49104
blocked_road,BSpline,21,0,1,160.831,149.598,1.0751,0.33581,0.0842,0.0724,3.9893,1.818,3.728,11.6425,10,1,32.4123,1,nan,nan,23225
blocked_road,Dubins,21,0,1,166.898,149.598,1.1156,0.66819,0.0685,0.0528,3.758,1.585,4.013,8.8178,6,1,29.3672,1,nan,nan,43376
blocked_road,APF,22,0,0,50.4,147.841,0.3409,0.0145,0.0695,0.3074,1.3753,1.78,2.834,15.4954,15,1,13.6751,0,nan,nan,218
blocked_road,RRT*,22,0,1,157.213,147.841,1.0634,0.53955,0.0773,0.0262,1.1742,2.497,5.37,4.1264,3,1,23.9155,0,nan,nan,38481
blocked_road,RRT*+Bezier,22,0,1,156.895,147.841,1.0612,0.54,0.0391,0.0251,1.3738,2.497,5.744,3.9327,2,1,23.0251,0,nan,nan,38674
blocked_road,Hybrid,22,0,1,154.76,147.841,1.0468,0.44437,0.0676,0.1248,1.0797,1.664,3.367,19.3179,19,1,31.2507,1,nan,nan,30700
blocked_road,Modified,22,0,1,153.581,147.841,1.0388,0.17202,0.0215,0.0639,1.4738,1.775,3.385,9.8107,4,1,27.8351,1,nan,nan,11197
blocked_road,Adaptive,22,0,1,156.433,147.841,1.0581,0.54317,0.068,0.1229,0.8434,1.78,3.51,19.226,18,1,31.5364,1,nan,nan,35900
blocked_road,Bezier,22,0,1,163.446,147.841,1.1056,0.34787,0.0386,0.1017,3.3483,1.775,3.245,16.6235,9,1,33.9525,1,nan,nan,22032
blocked_road,BSpline,22,0,1,155.401,147.841,1.0511,0.18399,0.0365,0.098,1.1365,1.779,3.132,15.2365,9,1,28.6458,1,nan,nan,12493
blocked_road,Dubins,22,0,1,160.199,147.841,1.0836,0.44272,0.0414,0.0901,3.9971,1.628,3.358,14.4271,10,1,34.4209,1,nan,nan,31924
blocked_road,APF,23,0,0,30.1,147.841,0.2036,0.01319,0.0401,0.1758,0.5911,1.802,2.833,5.2911,5,1,6.6292,0,nan,nan,132
blocked_road,RRT*,23,0,1,149.379,147.841,1.0104,1.38707,0.1596,0.057,1.548,2.192,4.158,8.5217,7,1,27.8729,0,nan,nan,92836
blocked_road,RRT*+Bezier,23,0,1,149.379,147.841,1.0104,1.39018,0.1596,0.057,1.548,2.192,4.158,8.5217,7,1,27.8729,0,nan,nan,92849
blocked_road,Hybrid,23,0,1,155.907,147.841,1.0546,0.57798,0.062,0.0737,0.9941,1.71,3.098,11.4859,10,1,28.7956,1,nan,nan,40726
blocked_road,Modified,23,0,1,146.766,147.841,0.9927,3.64605,0.0451,0.0763,0.8004,1.782,2.992,11.2,9,1,28.102,1,nan,nan,235194
blocked_road,Adaptive,23,0,1,153.375,147.841,1.0374,0.73771,0.0504,0.0578,0.8692,1.513,3.152,8.8702,8,1,25.9409,1,nan,nan,48600
blocked_road,Bezier,23,0,1,151.03,147.841,1.0216,1.526,0.049,0.0815,1.4483,1.788,3.119,12.316,8,1,29.4385,1,nan,nan,101096
blocked_road,BSpline,23,0,1,158.325,147.841,1.0709,0.61506,0.0237,0.0376,0.8408,1.792,3.121,5.946,4,1,24.7568,1,nan,nan,42605
blocked_road,Dubins,23,0,1,155.582,147.841,1.0524,0.92551,0.0503,0.064,1.3385,1.802,3.178,9.9514,8,1,27.6321,1,nan,nan,65276
blocked_road,APF,24,0,0,52.5,149.012,0.3523,0.01554,0.1077,0.4767,2.5123,1.742,2.612,25.0268,21,1,18.2021,0,nan,nan,228
blocked_road,RRT*,24,0,1,152.548,149.012,1.0237,1.12945,0.1066,0.0439,0.9365,2.051,4.537,6.6998,5,1,27.1766,0,nan,nan,78404
blocked_road,RRT*+Bezier,24,0,1,152.548,149.012,1.0237,1.14125,0.1066,0.0439,0.9365,2.051,4.537,6.6998,5,1,27.1766,0,nan,nan,78432
blocked_road,Hybrid,24,0,1,152.566,149.012,1.0239,0.16798,0.1006,0.1969,2.0915,1.711,3.232,30.0375,25,1,33.4877,1,nan,nan,11462
blocked_road,Modified,24,0,1,158.0,149.012,1.0603,0.18022,0.0438,0.1098,4.3535,1.742,3.28,17.3473,10,1,31.1738,1,nan,nan,10702
blocked_road,Adaptive,24,0,1,161.366,149.012,1.0829,0.81545,0.108,0.2082,4.6135,1.742,3.405,33.6013,28,1,36.9346,1,nan,nan,54732
blocked_road,Bezier,24,0,1,154.93,149.012,1.0397,0.4559,0.0402,0.1027,1.3824,1.742,3.194,15.9112,14,1,30.9987,1,nan,nan,27726
blocked_road,BSpline,24,0,1,150.941,149.012,1.0129,0.26498,0.0531,0.1535,1.1516,1.742,3.121,23.1703,21,1,32.1572,1,nan,nan,18040
blocked_road,Dubins,24,0,1,154.334,149.012,1.0357,0.14571,0.0403,0.0927,2.2196,1.742,3.453,14.3075,8,1,29.4393,1,nan,nan,9729
blocked_road,APF,25,0,1,177.1,149.598,1.1838,0.03811,0.1909,0.8534,2.605,1.759,2.847,151.1413,94,1,71.2659,0,nan,nan,759
blocked_road,RRT*,25,0,1,151.536,149.598,1.013,0.57521,0.0855,0.0319,0.8765,1.681,3.888,4.833,4,1,25.1304,0,nan,nan,40823
blocked_road,RRT*+Bezier,25,0,1,151.536,149.598,1.013,0.59761,0.0855,0.0319,0.8765,1.681,3.888,4.833,4,1,25.1304,0,nan,nan,40851
blocked_road,Hybrid,25,0,1,164.016,149.598,1.0964,0.18985,0.1588,0.4166,1.5018,1.759,2.616,68.3359,52,1,51.5327,1,nan,nan,13849
blocked_road,Modified,25,0,1,156.388,149.598,1.0454,0.15369,0.051,0.3728,2.1538,1.747,2.802,58.3021,33,1,46.5026,0,nan,nan,1604
blocked_road,Adaptive,25,0,1,177.1,149.598,1.1838,0.05646,0.1909,0.8534,2.605,1.759,2.847,151.1413,94,1,71.2659,0,nan,nan,759
blocked_road,Bezier,25,0,1,155.416,149.598,1.0389,0.27016,0.0497,0.209,1.3976,1.59,2.581,32.483,20,1,37.5932,1,nan,nan,15282
blocked_road,BSpline,25,0,1,162.026,149.598,1.0831,0.0737,0.0929,0.6554,1.9245,1.753,2.807,106.186,104,1,59.1053,0,nan,nan,1630
blocked_road,Dubins,25,0,1,167.5,149.598,1.1197,0.06745,0.0744,0.4482,2.1082,1.759,3.1,75.0746,37,1,57.3733,0,nan,nan,1525
blocked_road,APF,26,0,0,2800.0,150.184,18.6438,0.49168,0.9833,4.4121,10.472,1.78,2.109,12353.9297,3944,1,1715.3077,0,nan,nan,12000
blocked_road,RRT*,26,0,1,154.562,150.184,1.0292,0.25877,0.0511,0.0197,0.9789,1.926,5.242,3.0525,2,1,22.2755,0,nan,nan,20638
blocked_road,RRT*+Bezier,26,0,1,154.562,150.184,1.0292,0.26732,0.0511,0.0197,0.9789,1.926,5.242,3.0525,2,1,22.2755,0,nan,nan,20663
blocked_road,Hybrid,26,0,1,168.262,150.184,1.1204,0.32603,0.1017,0.1823,4.9476,1.78,3.95,30.6775,26,1,39.4838,1,nan,nan,24127
blocked_road,Modified,26,0,1,165.429,150.184,1.1015,0.35083,0.0732,0.2155,11.7337,1.775,4.012,35.6459,13,1,34.3964,1,nan,nan,22142
blocked_road,Adaptive,26,0,1,170.451,150.184,1.1349,0.43291,0.1472,0.2768,12.4589,1.564,3.737,47.1812,30,1,40.8463,1,nan,nan,30040
blocked_road,Bezier,26,0,1,161.985,150.184,1.0786,1.11438,0.0448,0.1191,4.4673,1.775,3.42,19.2979,8,1,33.08,1,nan,nan,74496
blocked_road,BSpline,26,0,1,166.056,150.184,1.1057,0.64415,0.089,0.2559,12.422,1.779,3.786,42.4916,21,1,36.2129,1,nan,nan,43001
blocked_road,Dubins,26,0,1,159.613,150.184,1.0628,0.31826,0.0981,0.2201,10.8814,1.627,3.483,35.123,18,1,35.7292,1,nan,nan,21736
blocked_road,APF,27,0,0,53.2,148.426,0.3584,0.01545,0.0984,0.4357,0.8213,1.82,2.82,23.1769,22,1,15.586,0,nan,nan,231
blocked_road,RRT*,27,0,1,152.749,148.426,1.0291,0.53404,0.0874,0.0378,1.3844,1.899,5.431,5.7689,6,1,25.8246,0,nan,nan,39585
blocked_road,RRT*+Bezier,27,0,1,152.749,148.426,1.0291,0.5425,0.0874,0.0378,1.3844,1.899,5.431,5.7689,6,1,25.8246,0,nan,nan,39605
blocked_road,Hybrid,27,0,1,164.407,148.426,1.1077,0.16856,0.1027,0.1865,4.1167,1.82,3.55,30.654,29,1,36.9773,1,nan,nan,12459
blocked_road,Modified,27,0,1,163.08,148.426,1.0987,2.28362,0.0454,0.1311,5.6346,1.562,3.673,21.377,14,1,34.3933,1,nan,nan,154154
blocked_road,Adaptive,27,0,1,166.439,148.426,1.1214,0.22406,0.0994,0.1838,4.1679,1.82,3.693,30.5916,28,1,37.2848,1,nan,nan,15542
blocked_road,Bezier,27,0,1,161.816,148.426,1.0902,0.23259,0.0448,0.1297,6.8293,1.807,3.677,20.9826,11,1,34.1578,1,nan,nan,13848
blocked_road,BSpline,27,0,1,163.707,148.426,1.103,0.27571,0.0575,0.1644,4.9619,1.819,3.635,26.9108,21,1,37.362,1,nan,nan,19219
blocked_road,Dubins,27,0,1,164.346,148.426,1.1073,0.47795,0.062,0.1315,3.1049,1.82,3.512,21.6123,16,1,35.3816,1,nan,nan,34221
blocked_road,APF,28,0,0,35.7,147.841,0.2415,0.01654,0.0593,0.261,1.9666,1.568,2.748,9.3167,7,1,9.2815,0,nan,nan,155
blocked_road,RRT*,28,0,1,147.165,147.841,0.9954,1.11085,0.1123,0.0503,1.4274,1.923,4.072,7.4067,7,1,27.0924,0,nan,nan,72368
blocked_road,RRT*+Bezier,28,0,1,147.165,147.841,0.9954,1.12041,0.1123,0.0503,1.4274,1.923,4.072,7.4067,7,1,27.0924,0,nan,nan,72393
blocked_road,Hybrid,28,0,1,214.139,147.841,1.4484,1.19944,0.1013,0.11,3.193,1.568,3.028,23.5462,20,1,46.8363,1,nan,nan,82447
blocked_road,Modified,28,0,1,163.782,147.841,1.1078,1.37605,0.0669,0.1155,5.1027,1.568,3.088,18.9238,11,1,33.4239,1,nan,nan,89309
blocked_road,Adaptive,28,0,1,171.967,147.841,1.1632,0.90499,0.0819,0.1002,3.1573,1.525,3.087,17.2309,12,1,33.0582,1,nan,nan,56096
blocked_road,Bezier,28,0,1,160.17,147.841,1.0834,1.27005,0.064,0.1118,5.1888,1.568,3.007,17.9027,12,1,32.1662,1,nan,nan,78784
blocked_road,BSpline,28,0,1,162.475,147.841,1.099,0.61536,0.0657,0.1117,4.6175,1.568,2.993,18.1556,13,1,34.1152,1,nan,nan,39797
blocked_road,Dubins,28,0,1,164.408,147.841,1.1121,0.18386,0.0776,0.1113,2.5511,1.568,3.141,18.294,15,1,35.3602,1,nan,nan,12095
blocked_road,APF,29,0,0,49.7,149.598,0.3322,0.01666,0.0915,0.405,1.3148,1.742,2.654,20.1293,21,1,14.673,0,nan,nan,216
blocked_road,RRT*,29,0,1,148.176,149.598,0.9905,0.22071,0.0969,0.039,1.0875,2.035,3.599,5.784,5,1,25.7938,0,nan,nan,15691
blocked_road,RRT*+Bezier,29,0,1,148.176,149.598,0.9905,0.24639,0.0969,0.039,1.0875,2.035,3.599,5.784,5,1,25.7938,0,nan,nan,15710
blocked_road,Hybrid,29,0,1,207.044,149.598,1.384,1.26768,0.0948,0.1309,1.9913,1.742,2.97,27.0919,26,1,41.619,1,nan,nan,80559
blocked_road,Modified,29,0,1,152.785,149.598,1.0213,0.49289,0.0489,0.1156,1.3326,1.739,2.894,17.662,17,1,32.4348,1,nan,nan,29962
blocked_road,Adaptive,29,0,1,150.0,149.598,1.0027,0.53898,0.0935,0.1606,1.4948,1.665,2.759,24.0833,24,1,30.8432,1,nan,nan,36767
blocked_road,Bezier,29,0,1,150.536,149.598,1.0063,0.43756,0.0437,0.1039,1.112,1.739,2.852,15.634,14,1,29.9003,1,nan,nan,27219
blocked_road,BSpline,29,0,1,149.398,149.598,0.9987,0.29845,0.0471,0.1269,1.2821,1.741,2.905,18.9599,17,1,29.7831,1,nan,nan,19542
blocked_road,Dubins,29,0,1,161.134,149.598,1.0771,1.60327,0.0628,0.1236,1.4363,1.583,3.019,19.9162,17,1,35.518,1,nan,nan,102415
dense_city,APF,0,0,0,42.7,150.184,0.2843,0.02019,0.0839,0.3705,1.0498,1.62,2.392,15.8222,17,1,17.2563,0,nan,nan,186
dense_city,RRT*,0,0,1,155.024,150.184,1.0322,0.68103,0.1189,0.0506,1.3509,1.684,2.887,7.8436,7,1,27.9852,0,nan,nan,39141
dense_city,RRT*+Bezier,0,0,1,155.024,150.184,1.0322,0.66425,0.1189,0.0506,1.3509,1.684,2.887,7.8436,7,1,27.9852,0,nan,nan,39168
dense_city,Hybrid,0,0,1,168.363,150.184,1.121,2.00766,0.1114,0.16,2.631,1.62,2.558,26.9417,24,1,42.4168,1,nan,nan,118114
dense_city,Modified,0,0,1,168.475,150.184,1.1218,1.27715,0.0579,0.1198,2.964,1.62,2.557,20.1794,16,1,40.0089,1,nan,nan,71950
dense_city,Adaptive,0,0,1,198.747,150.184,1.3234,0.96743,0.1139,0.1458,4.1499,1.62,2.514,28.9716,27,1,48.0053,1,nan,nan,58096
dense_city,Bezier,0,0,1,167.986,150.184,1.1185,2.12662,0.0607,0.126,3.5063,1.53,2.524,21.1725,17,1,40.5389,1,nan,nan,120002
dense_city,BSpline,0,0,1,174.236,150.184,1.1602,0.30945,0.0495,0.108,3.3391,1.62,2.559,18.8222,13,1,37.1305,1,nan,nan,19497
dense_city,Dubins,0,0,1,170.445,150.184,1.1349,0.57483,0.0666,0.1166,2.295,1.62,2.697,19.8665,16,1,40.086,1,nan,nan,33467
dense_city,APF,1,0,0,15.4,150.184,0.1025,0.01328,0.0115,0.0494,0.548,1.517,2.153,0.7606,1,1,2.8507,0,nan,nan,69
dense_city,RRT*,1,0,1,148.791,150.184,0.9907,16.71268,0.1582,0.0635,1.287,2.115,3.17,9.4453,8,1,29.5443,0,nan,nan,889026
dense_city,RRT*+Bezier,1,0,1,148.791,150.184,0.9907,17.28481,0.1582,0.0635,1.287,2.115,3.17,9.4453,8,1,29.5443,0,nan,nan,889054
dense_city,Hybrid,1,0,1,158.999,150.184,1.0587,5.06926,0.0609,0.0469,1.3309,1.517,2.469,7.462,6,1,27.5157,1,nan,nan,276864
dense_city,Modified,1,0,1,158.972,150.184,1.0585,0.34501,0.044,0.0443,1.284,1.517,2.401,7.048,6,1,27.3367,1,nan,nan,18551
dense_city,Adaptive,1,0,1,158.84,150.184,1.0576,1.32223,0.0602,0.0488,1.1743,1.517,2.405,7.7548,7,1,28.3901,1,nan,nan,72779
dense_city,Bezier,1,0,1,164.15,150.184,1.093,0.67759,0.0325,0.0311,1.3202,1.517,2.536,5.1014,2,1,26.197,1,nan,nan,39409
dense_city,BSpline,1,0,1,157.551,150.184,1.0491,0.91617,0.0638,0.0687,1.4255,1.517,2.676,10.8298,8,1,31.6294,1,nan,nan,46990
dense_city,Dubins,1,0,1,154.704,150.184,1.0301,25.93201,0.065,0.0607,1.8612,1.517,2.711,9.3887,6,1,28.549,1,nan,nan,1363939
dense_city,APF,2,0,0,10.5,150.184,0.0699,0.01306,0.0173,0.0724,0.4966,1.697,2.397,0.7606,1,1,2.2602,0,nan,nan,47
dense_city,RRT*,2,0,1,159.452,150.184,1.0617,0.34837,0.1345,0.0503,1.2663,1.844,3.183,8.0276,5,1,28.264,0,nan,nan,21240
dense_city,RRT*+Bezier,2,0,1,159.452,150.184,1.0617,0.37157,0.1345,0.0503,1.2663,1.844,3.183,8.0276,5,1,28.264,0,nan,nan,21264
dense_city,Hybrid,2,0,1,174.159,150.184,1.1596,2.034,0.137,0.0964,4.8062,1.697,2.85,16.7808,16,1,39.2217,1,nan,nan,112428
dense_city,Modified,2,0,1,206.999,150.184,1.3783,1.13983,0.0969,0.0794,4.5315,1.697,2.802,16.4405,12,1,42.6402,1,nan,nan,59698
dense_city,Adaptive,2,0,1,173.475,150.184,1.1551,1.22709,0.1175,0.0766,5.1593,1.642,2.808,13.2917,9,1,35.0177,1,nan,nan,67003
dense_city,Bezier,2,0,1,176.479,150.184,1.1751,1.4423,0.0797,0.0667,4.1809,1.697,2.673,11.7727,6,1,32.8706,1,nan,nan,76897
dense_city,BSpline,2,0,1,172.225,150.184,1.1468,0.93484,0.1185,0.1059,5.5862,1.566,2.723,18.2459,14,1,40.5329,1,nan,nan,51449
dense_city,Dubins,2,0,1,176.455,150.184,1.1749,1.59848,0.0917,0.0686,3.2764,1.684,2.865,12.1031,7,1,33.3424,1,nan,nan,86600
dense_city,APF,3,0,0,24.5,148.426,0.1651,0.0128,0.0229,0.1,0.521,1.57,2.151,2.4491,4,1,5.5393,0,nan,nan,107
dense_city,RRT*,3,0,1,159.071,148.426,1.0717,0.22031,0.1007,0.0458,1.1565,1.573,4.288,7.2785,5,1,27.9436,0,nan,nan,14699
dense_city,RRT*+Bezier,3,0,1,159.071,148.426,1.0717,0.23437,0.1007,0.0458,1.1565,1.573,4.288,7.2785,5,1,27.9436,0,nan,nan,14717
dense_city,Hybrid,3,0,1,159.493,148.426,1.0746,0.75138,0.0885,0.0924,4.0216,1.57,2.786,14.7434,12,1,33.0011,1,nan,nan,44794
dense_city,Modified,3,0,1,162.238,148.426,1.0931,0.87131,0.069,0.0908,4.6525,1.57,2.81,14.7318,13,1,34.6466,1,nan,nan,49088
dense_city,Adaptive,3,0,1,197.836,148.426,1.3329,0.73498,0.0822,0.0718,2.9933,1.57,2.786,14.197,10,1,37.7021,1,nan,nan,42668
dense_city,Bezier,3,0,1,162.328,148.426,1.0937,0.48442,0.0593,0.0747,3.8927,1.507,2.824,12.1184,8,1,31.4256,1,nan,nan,27225
dense_city,BSpline,3,0,1,160.137,148.426,1.0789,0.34297,0.054,0.0943,4.0239,1.572,2.935,15.1003,9,1,35.1679,1,nan,nan,21551
dense_city,Dubins,3,0,1,165.739,148.426,1.1166,0.69555,0.0686,0.0781,3.6332,1.57,2.89,12.9392,13,1,34.0964,1,nan,nan,40678
dense_city,APF,4,0,0,15.4,150.184,0.1025,0.0147,0.0115,0.0494,0.548,1.517,2.153,0.7606,1,1,2.8507,0,nan,nan,69
dense_city,RRT*,4,0,1,155.196,150.184,1.0334,1.11992,0.1631,0.0594,1.2661,1.672,3.242,9.2251,7,1,29.3205,0,nan,nan,64013
dense_city,RRT*+Bezier,4,0,1,155.196,150.184,1.0334,1.13282,0.1631,0.0594,1.2661,1.672,3.242,9.2251,7,1,29.3205,0,nan,nan,64039
dense_city,Hybrid,4,0,1,158.91,150.184,1.0581,1.28863,0.0856,0.0694,1.4184,1.517,2.625,11.0225,9,1,31.9711,1,nan,nan,71962
dense_city,Modified,4,0,1,159.764,150.184,1.0638,0.41418,0.0512,0.0533,1.6778,1.517,2.586,8.5174,7,1,29.229,1,nan,nan,23904
dense_city,Adaptive,4,0,1,200.779,150.184,1.3369,0.86276,0.0582,0.0401,1.4883,1.517,2.54,8.0454,6,1,33.6464,1,nan,nan,52575
dense_city,Bezier,4,0,1,155.987,150.184,1.0386,8.21183,0.0651,0.0721,1.5712,1.517,2.532,11.2452,8,1,31.1125,1,nan,nan,399886
dense_city,BSpline,4,0,1,154.991,150.184,1.032,3.03495,0.0635,0.0669,1.2505,1.517,2.436,10.3659,8,1,30.6501,1,nan,nan,158701
dense_city,Dubins,4,0,1,157.778,150.184,1.0506,1.98516,0.0616,0.0552,1.448,1.517,2.661,8.7135,8,1,30.2152,1,nan,nan,113108
dense_city,APF,5,0,0,196.0,147.497,1.3288,0.04786,0.2904,1.2987,4.1474,1.62,2.615,254.5456,152,1,98.5454,0,nan,nan,842
dense_city,RRT*,5,0,1,143.618,147.497,0.9737,34.94866,0.1744,0.0839,1.0535,2.051,2.764,12.051,14,1,31.8653,0,nan,nan,1909907
dense_city,RRT*+Bezier,5,0,1,143.618,147.497,0.9737,34.16013,0.1744,0.0839,1.0535,2.051,2.764,12.051,14,1,31.8653,0,nan,nan,1909942
dense_city,Hybrid,5,0,1,172.842,147.497,1.1718,3.4791,0.2086,0.6409,2.1171,1.62,2.529,110.7769,83,1,65.1879,1,nan,nan,199421
dense_city,Modified,5,0,1,161.497,147.497,1.0949,4.59662,0.0712,0.3728,2.3893,1.62,2.512,60.2038,42,1,50.3145,1,nan,nan,247999
dense_city,Adaptive,5,0,1,181.123,147.497,1.228,2.39202,0.2668,0.9118,2.4129,1.62,2.515,165.1423,109,1,72.2041,1,nan,nan,131103
dense_city,Bezier,5,0,1,160.005,147.497,1.0848,67.74717,0.0533,0.2701,1.5263,1.62,2.54,43.2145,29,1,46.3397,1,nan,nan,3719050
dense_city,BSpline,5,0,0,133.0,147.497,0.9017,98.25947,0.2695,1.203,2.3038,1.62,2.493,159.9962,105,1,62.325,0,nan,nan,5713117
dense_city,Dubins,5,0,1,160.378,147.497,1.0873,5.49533,0.0824,0.3807,2.4057,1.62,2.48,61.0561,37,1,49.9577,1,nan,nan,484187
dense_city,APF,6,0,0,32.2,150.184,0.2144,0.01637,0.0709,0.3115,0.6714,1.62,2.351,10.0295,12,1,11.2989,0,nan,nan,141
dense_city,RRT*,6,0,1,156.296,150.184,1.0407,6.74083,0.1235,0.0472,1.1544,1.574,2.95,7.3717,7,1,28.1049,0,nan,nan,334125
dense_city,RRT*+Bezier,6,0,1,156.296,150.184,1.0407,6.21838,0.1235,0.0472,1.1544,1.574,2.95,7.3717,7,1,28.1049,0,nan,nan,334163
dense_city,Hybrid,6,0,1,187.794,150.184,1.2504,1.97596,0.0906,0.1031,1.042,1.62,2.562,19.3609,19,1,41.3411,1,nan,nan,112809
dense_city,Modified,6,0,1,179.38,150.184,1.1944,2.67315,0.0641,0.101,1.2,1.62,2.522,18.111,19,1,41.9649,1,nan,nan,148617
dense_city,Adaptive,6,0,1,182.913,150.184,1.2179,10.60774,0.0995,0.1162,1.2936,1.62,2.604,21.257,22,1,43.3664,1,nan,nan,576037
dense_city,Bezier,6,0,1,184.418,150.184,1.228,1.83079,0.0596,0.0884,1.6269,1.62,2.523,16.2965,14,1,39.648,1,nan,nan,101688
dense_city,BSpline,6,0,1,191.199,150.184,1.2731,0.98444,0.0515,0.0838,1.3888,1.618,2.538,16.0282,11,1,38.5163,1,nan,nan,52533
dense_city,Dubins,6,0,1,184.017,150.184,1.2253,2.9839,0.0616,0.0841,1.329,1.62,2.632,15.4787,12,1,38.3544,1,nan,nan,164370
dense_city,APF,7,0,0,2800.0,151.184,18.5205,0.5234,0.7997,3.588,9.5518,1.62,2.339,10046.5025,3903,1,1973.0734,0,nan,nan,12000
dense_city,RRT*,7,0,1,149.164,151.184,0.9866,40.42086,0.1283,0.0622,1.2396,2.106,3.072,9.2733,9,1,29.4924,0,nan,nan,2207044
dense_city,RRT*+Bezier,7,0,1,149.164,151.184,0.9866,40.55551,0.1283,0.0622,1.2396,2.106,3.072,9.2733,9,1,29.4924,0,nan,nan,2207082
dense_city,Hybrid,7,0,1,200.496,151.184,1.3262,44.28861,0.2428,0.7153,1.6846,1.62,2.591,143.4094,109,1,73.4317,1,nan,nan,2384596
dense_city,Modified,7,0,1,197.399,151.184,1.3057,18.52606,0.0807,0.4446,5.529,1.62,2.629,87.7685,53,1,62.7054,1,nan,nan,998662
dense_city,Adaptive,7,0,1,226.424,151.184,1.4977,5.1203,0.2974,1.0686,6.1819,1.62,2.629,241.9478,158,1,98.1591,1,nan,nan,289071
dense_city,Bezier,7,0,1,187.168,151.184,1.238,11.7863,0.0707,0.2942,1.1444,1.62,2.603,55.0677,42,1,52.4581,1,nan,nan,608355
dense_city,BSpline,7,0,1,206.651,151.184,1.3669,52.57716,0.1415,0.7702,5.0121,1.615,2.614,159.156,141,1,79.3188,1,nan,nan,2955080
dense_city,Dubins,7,0,1,201.047,151.184,1.3298,10.64,0.0927,0.4448,7.129,1.62,2.658,89.4312,48,1,62.9917,1,nan,nan,792272
dense_city,APF,8,0,0,15.4,146.669,0.105,0.0126,0.0115,0.0494,0.548,1.517,2.153,0.7606,1,1,2.8507,0,nan,nan,69
dense_city,RRT*,8,0,1,153.483,146.669,1.0465,0.32085,0.1778,0.0728,1.5101,1.689,3.481,11.1688,10,1,31.6512,0,nan,nan,21887
dense_city,RRT*+Bezier,8,0,1,153.483,146.669,1.0465,0.35444,0.1778,0.0728,1.5101,1.689,3.481,11.1688,10,1,31.6512,0,nan,nan,21918
dense_city,Hybrid,8,0,1,154.356,146.669,1.0524,1.10982,0.0683,0.0556,1.4043,1.517,2.636,8.5829,7,1,29.0447,1,nan,nan,65606
dense_city,Modified,8,0,1,156.145,146.669,1.0646,0.2734,0.0581,0.0608,1.4281,1.517,2.675,9.4926,6,1,29.8653,1,nan,nan,15954
dense_city,Adaptive,8,0,1,151.276,146.669,1.0314,0.78342,0.0959,0.0816,1.282,1.517,2.61,12.3484,13,1,33.5478,1,nan,nan,45737
dense_city,Bezier,8,0,1,158.726,146.669,1.0822,0.8279,0.0397,0.0417,1.4182,1.517,2.785,6.6144,4,1,27.0263,1,nan,nan,49797
dense_city,BSpline,8,0,1,153.106,146.669,1.0439,0.68298,0.0514,0.0559,1.2113,1.517,2.572,8.5622,7,1,28.8926,1,nan,nan,42856
dense_city,Dubins,8,0,1,156.717,146.669,1.0685,0.35865,0.072,0.0635,1.2739,1.517,2.696,9.955,9,1,31.2464,1,nan,nan,23137
dense_city,APF,9,0,0,8.4,153.255,0.0548,0.01426,0.0758,0.3119,0.5257,1.505,2.251,2.6199,4,1,3.3579,0,nan,nan,38
dense_city,RRT*,9,0,0,0.0,153.255,0.0,0.74836,0.0,0.0,0.0,0.0,0.0,0.0,0,0,0.0,0,nan,nan,27345
dense_city,RRT*+Bezier,9,0,0,0.0,153.255,0.0,0.75633,0.0,0.0,0.0,0.0,0.0,0.0,0,0,0.0,0,nan,nan,27345
dense_city,Hybrid,9,0,0,8.4,153.255,0.0548,1.3494,0.0758,0.3119,0.5257,1.505,2.251,2.6199,4,1,3.3579,0,nan,nan,42491
dense_city,Modified,9,0,0,8.4,153.255,0.0548,1.40645,0.0758,0.3119,0.5257,1.505,2.251,2.6199,4,1,3.3579,0,nan,nan,41331
dense_city,Adaptive,9,0,0,8.4,153.255,0.0548,1.33896,0.0758,0.3119,0.5257,1.505,2.251,2.6199,4,1,3.3579,0,nan,nan,41342
dense_city,Bezier,9,0,0,8.4,153.255,0.0548,1.16713,0.0758,0.3119,0.5257,1.505,2.251,2.6199,4,1,3.3579,0,nan,nan,34537
dense_city,BSpline,9,0,1,179.435,153.255,1.1708,2.33972,0.0969,0.0814,3.6815,1.505,2.845,14.614,10,1,36.4203,1,nan,nan,109512
dense_city,Dubins,9,0,1,174.256,153.255,1.137,1.24149,0.1059,0.0764,3.0537,1.505,2.796,13.3062,12,1,35.5737,1,nan,nan,59417
dense_city,APF,10,0,0,15.4,145.497,0.1058,0.01613,0.0115,0.0494,0.548,1.517,2.153,0.7606,1,1,2.8507,0,nan,nan,69
dense_city,RRT*,10,0,1,154.978,145.497,1.0652,0.20812,0.1611,0.0653,1.3715,1.505,3.135,10.1229,9,1,30.9796,0,nan,nan,13630
dense_city,RRT*+Bezier,10,0,1,154.978,145.497,1.0652,0.2421,0.1611,0.0653,1.3715,1.505,3.135,10.1229,9,1,30.9796,0,nan,nan,13650
dense_city,Hybrid,10,0,1,160.512,145.497,1.1032,0.49396,0.0809,0.0633,1.4632,1.517,2.481,10.1664,10,1,31.5195,1,nan,nan,31058
dense_city,Modified,10,0,1,154.2,145.497,1.0598,1.35009,0.0705,0.0747,1.3357,1.517,2.558,11.5138,8,1,32.019,1,nan,nan,73476
dense_city,Adaptive,10,0,1,149.759,145.497,1.0293,2.62234,0.0932,0.0782,1.3865,1.517,2.55,11.7114,9,1,31.117,1,nan,nan,151388
dense_city,Bezier,10,0,1,150.321,145.497,1.0332,1.44676,0.0823,0.0929,1.4014,1.517,2.542,13.968,12,1,34.6279,1,nan,nan,78254
dense_city,BSpline,10,0,1,159.067,145.497,1.0933,0.33252,0.0421,0.0449,1.1779,1.517,2.612,7.1385,5,1,27.1219,1,nan,nan,21202
dense_city,Dubins,10,0,1,150.14,145.497,1.0319,0.2153,0.0838,0.0789,1.3661,1.517,2.724,11.8416,9,1,31.6724,1,nan,nan,13695
dense_city,APF,11,0,0,15.4,145.497,0.1058,0.01596,0.0115,0.0494,0.548,1.517,2.153,0.7606,1,1,2.8507,0,nan,nan,69
dense_city,RRT*,11,0,1,157.552,145.497,1.0829,0.59321,0.2318,0.097,1.4791,1.832,3.032,15.2903,12,1,35.8148,0,nan,nan,35267
dense_city,RRT*+Bezier,11,0,1,157.552,145.497,1.0829,0.62894,0.2318,0.097,1.4791,1.832,3.032,15.2903,12,1,35.8148,0,nan,nan,35292
dense_city,Hybrid,11,0,1,154.163,145.497,1.0596,1.57358,0.1043,0.0893,1.5282,1.517,2.524,13.7668,14,1,34.8127,1,nan,nan,89584
dense_city,Modified,11,0,1,158.873,145.497,1.0919,1.5333,0.0564,0.0591,1.7391,1.517,2.535,9.3956,7,1,29.2969,1,nan,nan,88285
dense_city,Adaptive,11,0,1,158.928,145.497,1.0923,0.51505,0.0937,0.076,1.3729,1.517,2.438,12.072,11,1,33.3817,1,nan,nan,30098
dense_city,Bezier,11,0,1,157.579,145.497,1.083,1.43598,0.0524,0.0553,1.3933,1.517,2.664,8.7215,6,1,29.1698,1,nan,nan,83527
dense_city,BSpline,11,0,1,153.004,145.497,1.0516,1.22926,0.0608,0.0649,1.4086,1.517,2.519,9.9335,7,1,29.735,1,nan,nan,72460
dense_city,Dubins,11,0,1,152.145,145.497,1.0457,0.63921,0.0747,0.0694,1.3203,1.517,2.569,10.557,9,1,31.2118,1,nan,nan,38436
dense_city,APF,12,0,0,2800.0,145.497,19.2443,0.51458,0.9789,4.3921,10.472,1.594,2.566,12297.8727,3944,1,1717.994,0,nan,nan,12000
dense_city,RRT*,12,0,1,151.529,145.497,1.0415,4.16124,0.2215,0.0873,2.3965,1.543,3.017,13.2243,11,1,32.1893,0,nan,nan,248991
dense_city,RRT*+Bezier,12,0,1,151.529,145.497,1.0415,4.24362,0.2215,0.0873,2.3965,1.543,3.017,13.2243,11,1,32.1893,0,nan,nan,249002
dense_city,Hybrid,12,0,1,191.807,145.497,1.3183,0.40943,0.1565,0.2948,2.8753,1.594,2.529,56.5358,51,1,53.6003,1,nan,nan,25420
dense_city,Modified,12,0,1,162.728,145.497,1.1184,2.01655,0.0688,0.2177,4.1934,1.594,2.561,35.424,24,1,42.9375,1,nan,nan,111066
dense_city,Adaptive,12,0,1,163.734,145.497,1.1253,0.20866,0.1758,0.3879,10.9587,1.594,2.552,63.5051,55,1,50.3328,1,nan,nan,13592
dense_city,Bezier,12,0,1,154.663,145.497,1.063,0.35496,0.0562,0.1827,1.9554,1.594,2.554,28.2623,21,1,40.2669,1,nan,nan,18675
dense_city,BSpline,12,0,1,159.203,145.497,1.0942,0.99767,0.0982,0.3141,3.7235,1.594,2.522,49.9998,40,1,46.552,1,nan,nan,57346
dense_city,Dubins,12,0,1,156.983,145.497,1.0789,2.93964,0.0711,0.2078,4.3519,1.594,2.595,32.6256,21,1,39.4944,1,nan,nan,172140
dense_city,APF,13,0,0,3.5,151.941,0.023,0.01208,0.0607,0.2181,0.4729,1.771,2.612,0.7634,1,1,1.154,0,nan,nan,17
dense_city,RRT*,13,0,1,159.934,151.941,1.0526,0.73851,0.0971,0.0401,1.2101,1.805,3.021,6.4072,6,1,27.4742,0,nan,nan,42533
dense_city,RRT*+Bezier,13,0,1,159.934,151.941,1.0526,0.75988,0.0971,0.0401,1.2101,1.805,3.021,6.4072,6,1,27.4742,0,nan,nan,42554
dense_city,Hybrid,13,0,1,158.745,151.941,1.0448,0.60266,0.0995,0.0493,1.2874,1.65,3.0,7.8183,7,1,28.1182,1,nan,nan,35330
dense_city,Modified,13,0,1,157.784,151.941,1.0385,0.93714,0.1262,0.0603,1.3643,1.667,2.884,9.5183,10,1,29.3896,1,nan,nan,52729
dense_city,Adaptive,13,0,1,156.524,151.941,1.0302,4.69955,0.088,0.0477,1.2534,1.771,3.212,7.4679,6,1,27.6117,1,nan,nan,268660
dense_city,Bezier,13,0,1,154.532,151.941,1.0171,1.3779,0.1285,0.0627,0.8877,1.641,3.051,9.6901,9,1,30.0043,1,nan,nan,77859
dense_city,BSpline,13,0,1,159.203,151.941,1.0478,1.48491,0.0562,0.0399,1.1584,1.771,2.87,6.3571,5,1,26.6304,1,nan,nan,86105
dense_city,Dubins,13,0,1,160.029,151.941,1.0532,0.4367,0.0806,0.0427,0.7513,1.517,3.434,6.8383,8,1,27.6856,1,nan,nan,28407
dense_city,APF,14,0,0,15.4,145.497,0.1058,0.01572,0.0115,0.0494,0.548,1.542,2.16,0.7606,1,1,2.8507,0,nan,nan,68
dense_city,RRT*,14,0,1,148.633,145.497,1.0216,1.80861,0.241,0.0866,1.4535,1.906,3.111,12.8698,12,1,32.9069,0,nan,nan,103965
dense_city,RRT*+Bezier,14,0,1,148.633,145.497,1.0216,1.86601,0.241,0.0866,1.4535,1.906,3.111,12.8698,12,1,32.9069,0,nan,nan,103982
dense_city,Hybrid,14,0,1,179.165,145.497,1.2314,6.52325,0.1426,0.105,4.8763,1.542,2.521,18.8144,15,1,41.1674,1,nan,nan,364798
dense_city,Modified,14,0,1,176.809,145.497,1.2152,1.88663,0.1052,0.1065,4.0662,1.542,2.588,18.8322,16,1,41.9803,1,nan,nan,99513
dense_city,Adaptive,14,0,1,184.555,145.497,1.2684,2.70114,0.1335,0.1023,5.3257,1.542,2.606,18.88,14,1,41.5102,1,nan,nan,152440
dense_city,Bezier,14,0,1,173.983,145.497,1.1958,1.29089,0.0932,0.0959,3.7659,1.542,2.525,16.6907,16,1,39.7176,1,nan,nan,68193
dense_city,BSpline,14,0,1,185.593,145.497,1.2756,4.52963,0.0693,0.0657,5.0063,1.529,2.487,12.1891,9,1,35.0192,1,nan,nan,246175
dense_city,Dubins,14,0,1,175.376,145.497,1.2054,0.79048,0.1168,0.0983,3.2507,1.542,2.694,17.2405,13,1,39.5437,1,nan,nan,41080
dense_city,APF,15,0,0,74.2,154.87,0.4791,0.02213,0.1707,0.759,0.9274,1.62,2.442,56.3154,48,1,29.1194,0,nan,nan,320
dense_city,RRT*,15,0,1,163.463,154.87,1.0555,1.49233,0.1443,0.0555,1.5745,2.104,3.087,9.0647,7,1,30.1354,0,nan,nan,85417
dense_city,RRT*+Bezier,15,0,1,163.463,154.87,1.0555,1.50012,0.1443,0.0555,1.5745,2.104,3.087,9.0647,7,1,30.1354,0,nan,nan,85439
dense_city,Hybrid,15,0,1,258.818,154.87,1.6712,0.67115,0.1671,0.2637,5.7269,1.62,2.524,68.2562,57,1,65.0464,1,nan,nan,40633
dense_city,Modified,15,0,1,256.233,154.87,1.6545,2.46337,0.0772,0.1686,6.5942,1.62,2.588,43.1966,31,1,58.7782,1,nan,nan,128403
dense_city,Adaptive,15,0,1,248.384,154.87,1.6038,0.98223,0.1745,0.2891,5.111,1.62,2.55,71.8083,60,1,66.778,1,nan,nan,51914
dense_city,Bezier,15,0,1,232.891,154.87,1.5038,1.56455,0.0702,0.1648,5.2855,1.62,2.566,38.3689,27,1,50.5089,1,nan,nan,84853
dense_city,BSpline,15,0,1,231.351,154.87,1.4938,1.9135,0.0894,0.2259,5.4655,1.618,2.506,52.2508,44,1,56.4837,1,nan,nan,110720
dense_city,Dubins,15,0,1,229.708,154.87,1.4832,3.40743,0.0751,0.1602,4.9262,1.62,2.639,36.8,26,1,48.0216,1,nan,nan,196144
dense_city,APF,16,0,0,15.4,145.497,0.1058,0.01422,0.0115,0.0494,0.548,1.517,2.153,0.7606,1,1,2.8507,0,nan,nan,69
dense_city,RRT*,16,0,1,148.105,145.497,1.0179,2.89824,0.1695,0.0791,1.0028,2.149,2.994,11.7146,10,1,31.5702,0,nan,nan,166917
dense_city,RRT*+Bezier,16,0,1,148.105,145.497,1.0179,2.95744,0.1695,0.0791,1.0028,2.149,2.994,11.7146,10,1,31.5702,0,nan,nan,166943
dense_city,Hybrid,16,0,1,145.832,145.497,1.0023,12.6159,0.1019,0.0878,1.2885,1.517,2.523,12.8101,12,1,32.6579,1,nan,nan,691423
dense_city,Modified,16,0,1,154.747,145.497,1.0636,2.22979,0.0742,0.0783,2.1306,1.517,2.532,12.124,12,1,33.5361,1,nan,nan,123493
dense_city,Adaptive,16,0,1,145.231,145.497,0.9982,17.61094,0.1127,0.1,1.4816,1.517,2.42,14.5207,16,1,34.882,1,nan,nan,963962
dense_city,Bezier,16,0,1,149.811,145.497,1.0296,2.41624,0.0815,0.0906,1.3723,1.517,2.551,13.5677,11,1,33.842,1,nan,nan,134246
dense_city,BSpline,16,0,1,155.454,145.497,1.0684,0.62544,0.0535,0.0703,1.3632,1.538,2.482,10.933,10,1,31.1519,1,nan,nan,38591
dense_city,Dubins,16,0,1,151.77,145.497,1.0431,2.53411,0.1193,0.1161,1.928,1.504,2.589,17.6203,14,1,37.7584,1,nan,nan,141331
dense_city,APF,17,0,0,15.4,147.841,0.1042,0.0157,0.0115,0.0494,0.548,1.517,2.153,0.7606,1,1,2.8507,0,nan,nan,69
dense_city,RRT*,17,0,1,162.043,147.841,1.0961,0.54196,0.0607,0.0271,1.5114,1.72,4.601,4.3868,2,1,24.6711,0,nan,nan,35428
dense_city,RRT*+Bezier,17,0,1,162.043,147.841,1.0961,0.55048,0.0607,0.0271,1.5114,1.72,4.601,4.3868,2,1,24.6711,0,nan,nan,35440
dense_city,Hybrid,17,0,1,185.49,147.841,1.2547,0.47202,0.0915,0.0651,4.75,1.517,2.718,12.0677,10,1,35.3236,1,nan,nan,27626
dense_city,Modified,17,0,1,184.606,147.841,1.2487,0.57197,0.0644,0.0635,4.0171,1.517,2.798,11.7286,7,1,34.2895,1,nan,nan,31441
dense_city,Adaptive,17,0,1,187.702,147.841,1.2696,0.78214,0.0776,0.0585,5.2476,1.517,2.591,10.9743,7,1,33.0909,1,nan,nan,46723
dense_city,Bezier,17,0,1,185.855,147.841,1.2571,0.96475,0.0714,0.0712,4.0266,1.517,2.951,13.2348,7,1,35.4789,1,nan,nan,53675
dense_city,BSpline,17,0,1,209.308,147.841,1.4158,0.93662,0.0777,0.0735,4.6676,1.517,2.627,15.3769,13,1,41.8488,1,nan,nan,53559
dense_city,Dubins,17,0,1,182.771,147.841,1.2363,1.26184,0.0729,0.0627,2.9616,1.517,2.906,11.4509,8,1,34.5586,1,nan,nan,71037
dense_city,APF,18,0,0,22.4,150.184,0.1492,0.01342,0.0481,0.2092,0.5885,1.594,2.308,4.6862,6,1,6.4854,0,nan,nan,99
dense_city,RRT*,18,0,1,155.004,150.184,1.0321,1.28707,0.1379,0.0531,1.0916,1.546,2.927,8.2299,8,1,29.25,0,nan,nan,77265
dense_city,RRT*+Bezier,18,0,1,155.004,150.184,1.0321,1.32091,0.1379,0.0531,1.0916,1.546,2.927,8.2299,8,1,29.25,0,nan,nan,77287
dense_city,Hybrid,18,0,1,164.945,150.184,1.0983,6.29781,0.1268,0.1208,4.2123,1.594,2.559,19.9206,18,1,39.3968,1,nan,nan,337732
dense_city,Modified,18,0,1,164.685,150.184,1.0966,0.40874,0.0969,0.1165,3.9746,1.594,2.641,19.1837,15,1,37.968,1,nan,nan,21401
dense_city,Adaptive,18,0,1,167.393,150.184,1.1146,7.68917,0.1096,0.1069,4.0672,1.556,2.611,17.9018,15,1,38.0814,1,nan,nan,417028
dense_city,Bezier,18,0,1,169.439,150.184,1.1282,1.48753,0.0896,0.103,3.7662,1.594,2.565,17.4517,12,1,36.1501,1,nan,nan,81739
dense_city,BSpline,18,0,1,171.051,150.184,1.1389,2.11162,0.0567,0.0792,3.419,1.575,2.514,13.5483,10,1,34.6673,1,nan,nan,116330
dense_city,Dubins,18,0,1,166.952,150.184,1.1116,1.68366,0.0976,0.101,3.1678,1.594,2.709,16.8658,13,1,35.4592,1,nan,nan,94599
dense_city,APF,19,0,0,15.4,150.184,0.1025,0.01545,0.0115,0.0494,0.548,1.542,2.16,0.7606,1,1,2.8507,0,nan,nan,68
dense_city,RRT*,19,0,1,154.753,150.184,1.0304,8.20817,0.141,0.0515,1.281,1.866,3.167,7.9712,7,1,27.9261,0,nan,nan,454860
dense_city,RRT*+Bezier,19,0,1,154.753,150.184,1.0304,8.28871,0.141,0.0515,1.281,1.866,3.167,7.9712,7,1,27.9261,0,nan,nan,454888
dense_city,Hybrid,19,0,1,160.15,150.184,1.0664,1.60626,0.0749,0.0603,1.6236,1.542,2.521,9.6536,8,1,30.6417,1,nan,nan,88966
dense_city,Modified,19,0,1,159.852,150.184,1.0644,1.68127,0.0653,0.0693,2.2591,1.514,2.563,11.0829,7,1,30.9656,1,nan,nan,93837
dense_city,Adaptive,19,0,1,154.312,150.184,1.0275,1.25995,0.0931,0.0739,1.5559,1.542,2.551,11.4053,9,1,32.0952,1,nan,nan,69655
dense_city,Bezier,19,0,1,156.746,150.184,1.0437,1.02243,0.0703,0.0761,1.7502,1.542,2.546,11.9328,9,1,32.8439,1,nan,nan,56059
dense_city,BSpline,19,0,1,153.283,150.184,1.0206,3.36373,0.0595,0.083,1.6685,1.542,2.542,12.7201,7,1,29.1949,1,nan,nan,180297
dense_city,Dubins,19,0,1,155.621,150.184,1.0362,0.2832,0.0684,0.0636,1.5885,1.542,2.575,9.8912,9,1,30.7621,1,nan,nan,17419
dense_city,APF,20,0,0,15.4,145.497,0.1058,0.01428,0.0115,0.0494,0.548,1.542,2.16,0.7606,1,1,2.8507,0,nan,nan,68
dense_city,RRT*,20,0,1,146.439,145.497,1.0065,1.46552,0.1737,0.0783,1.134,2.128,3.132,11.4596,12,1,32.3205,0,nan,nan,77432
dense_city,RRT*+Bezier,20,0,1,146.439,145.497,1.0065,1.50771,0.1737,0.0783,1.134,2.128,3.132,11.4596,12,1,32.3205,0,nan,nan,77463
dense_city,Hybrid,20,0,1,154.998,145.497,1.0653,0.44051,0.1029,0.0834,1.0549,1.503,2.458,12.9316,13,1,34.2104,1,nan,nan,25940
dense_city,Modified,20,0,1,151.249,145.497,1.0395,2.18034,0.0932,0.1026,1.911,1.542,2.543,15.5126,13,1,34.8572,1,nan,nan,116391
dense_city,Adaptive,20,0,1,149.076,145.497,1.0246,3.97092,0.1043,0.0901,1.289,1.542,2.565,13.4297,10,1,32.7425,1,nan,nan,225990
dense_city,Bezier,20,0,1,151.381,145.497,1.0404,1.66607,0.0753,0.0829,1.5688,1.542,2.581,12.542,8,1,32.588,1,nan,nan,96261
dense_city,BSpline,20,0,1,151.508,145.497,1.0413,4.2303,0.0909,0.1018,1.9757,1.542,2.475,15.4188,14,1,35.9693,1,nan,nan,237382
dense_city,Dubins,20,0,1,149.677,145.497,1.0287,4.34601,0.0893,0.0863,1.6196,1.542,2.664,12.9116,11,1,32.8962,1,nan,nan,242769
dense_city,APF,21,0,0,15.4,147.255,0.1046,0.01406,0.0115,0.0494,0.548,1.542,2.16,0.7606,1,1,2.8507,0,nan,nan,68
dense_city,RRT*,21,0,1,155.166,147.255,1.0537,0.33445,0.1214,0.0442,1.2357,1.993,3.721,6.8632,6,1,26.4545,0,nan,nan,20834
dense_city,RRT*+Bezier,21,0,1,155.166,147.255,1.0537,0.35707,0.1214,0.0442,1.2357,1.993,3.721,6.8632,6,1,26.4545,0,nan,nan,20868
dense_city,Hybrid,21,0,1,160.17,147.255,1.0877,0.30438,0.0537,0.0411,1.2104,1.542,2.737,6.5755,5,1,27.4295,1,nan,nan,17739
dense_city,Modified,21,0,1,155.037,147.255,1.0528,1.01085,0.0625,0.0696,1.5462,1.542,2.743,10.7981,9,1,31.4041,1,nan,nan,60977
dense_city,Adaptive,21,0,1,156.947,147.255,1.0658,0.26007,0.081,0.0665,2.0984,1.542,2.894,10.432,8,1,30.0863,1,nan,nan,17179
dense_city,Bezier,21,0,1,153.159,147.255,1.0401,0.54094,0.0567,0.0628,1.3259,1.542,2.789,9.6229,8,1,30.2032,1,nan,nan,30642
dense_city,BSpline,21,0,1,152.187,147.255,1.0335,0.19656,0.0416,0.0567,1.0806,1.542,2.868,8.6329,9,1,29.5565,1,nan,nan,12167
dense_city,Dubins,21,0,1,154.819,147.255,1.0514,0.743,0.0654,0.0584,1.5387,1.542,2.874,9.0455,6,1,29.351,1,nan,nan,42345
dense_city,APF,22,0,0,15.4,151.355,0.1017,0.01932,0.0115,0.0494,0.548,1.517,2.153,0.7606,1,1,2.8507,0,nan,nan,69
dense_city,RRT*,22,0,1,161.974,151.355,1.0702,0.84408,0.0911,0.0353,0.944,1.501,3.505,5.7216,5,1,26.3112,0,nan,nan,49113
dense_city,RRT*+Bezier,22,0,1,161.974,151.355,1.0702,0.84758,0.0911,0.0353,0.944,1.501,3.505,5.7216,5,1,26.3112,0,nan,nan,49146
dense_city,Hybrid,22,0,1,153.288,151.355,1.0128,1.38467,0.0691,0.0566,1.2721,1.517,2.702,8.6791,8,1,28.575,1,nan,nan,84461
dense_city,Modified,22,0,1,154.397,151.355,1.0201,7.82929,0.0592,0.0663,1.4091,1.517,2.703,10.2368,8,1,29.986,1,nan,nan,445072
dense_city,Adaptive,22,0,1,194.203,151.355,1.2831,1.01338,0.0939,0.0699,1.3397,1.517,2.735,13.5739,12,1,39.8329,1,nan,nan,58638
dense_city,Bezier,22,0,1,162.444,151.355,1.0733,1.30227,0.0459,0.0462,2.1359,1.517,2.771,7.5029,6,1,28.389,1,nan,nan,74665
dense_city,BSpline,22,0,1,156.585,151.355,1.0346,2.67774,0.0585,0.0622,1.0886,1.517,2.761,9.7357,7,1,30.7959,1,nan,nan,149052
dense_city,Dubins,22,0,1,150.589,151.355,0.9949,11.1809,0.0549,0.0527,1.4237,1.517,2.898,7.9316,5,1,26.7936,1,nan,nan,628383
dense_city,APF,23,0,0,2.8,147.841,0.0189,0.01198,0.1368,0.4606,0.3907,2.306,2.606,1.2896,2,0,1.0033,0,nan,nan,14
dense_city,RRT*,23,0,1,159.289,147.841,1.0774,1.03316,0.1334,0.05,1.3378,2.128,3.081,7.9632,6,1,28.1593,0,nan,nan,59034
dense_city,RRT*+Bezier,23,0,1,159.289,147.841,1.0774,1.05159,0.1334,0.05,1.3378,2.128,3.081,7.9632,6,1,28.1593,0,nan,nan,59049
dense_city,Hybrid,23,0,1,162.018,147.841,1.0959,5.15713,0.212,0.0986,2.3842,1.568,2.654,15.9829,15,1,36.3206,1,nan,nan,281858
dense_city,Modified,23,0,1,157.416,147.841,1.0648,1.71069,0.1613,0.0741,1.5618,1.604,2.668,11.6583,13,1,32.63,1,nan,nan,95563
dense_city,Adaptive,23,0,1,146.966,147.841,0.9941,16.41938,0.1764,0.0867,1.3886,1.766,2.596,12.7469,13,1,32.0023,1,nan,nan,920055
dense_city,Bezier,23,0,1,149.61,147.841,1.012,3.28597,0.1674,0.0844,1.5624,1.865,2.766,12.6233,12,1,31.8662,1,nan,nan,182299
dense_city,BSpline,23,0,1,189.688,147.841,1.2831,2.44302,0.1524,0.0707,1.3812,1.756,2.776,13.4052,13,1,38.0333,1,nan,nan,117244
dense_city,Dubins,23,0,1,155.072,147.841,1.0489,0.64304,0.1425,0.0606,1.0816,1.623,2.833,9.3982,9,1,28.5091,1,nan,nan,39286
dense_city,APF,24,0,0,15.4,147.255,0.1046,0.01329,0.0115,0.0494,0.548,1.517,2.153,0.7606,1,1,2.8507,0,nan,nan,69
dense_city,RRT*,24,0,1,158.765,147.255,1.0782,0.84002,0.0907,0.0341,0.6607,1.516,3.546,5.4113,6,1,26.2531,0,nan,nan,51718
dense_city,RRT*+Bezier,24,0,1,158.765,147.255,1.0782,0.85367,0.0907,0.0341,0.6607,1.516,3.546,5.4113,6,1,26.2531,0,nan,nan,51751
dense_city,Hybrid,24,0,1,153.737,147.255,1.044,1.8823,0.0799,0.0637,1.2725,1.517,3.208,9.7905,11,1,30.3957,1,nan,nan,105353
dense_city,Modified,24,0,1,149.609,147.255,1.016,0.35795,0.0704,0.0768,1.4492,1.517,2.764,11.4952,11,1,31.3096,1,nan,nan,22258
dense_city,Adaptive,24,0,1,150.665,147.255,1.0232,1.07007,0.0684,0.0584,1.1306,1.517,3.172,8.8062,7,1,29.3312,1,nan,nan,64817
dense_city,Bezier,24,0,1,148.603,147.255,1.0092,13.68639,0.0728,0.0801,1.6368,1.517,2.721,11.9002,11,1,31.7345,1,nan,nan,763835
dense_city,BSpline,24,0,1,154.978,147.255,1.0524,0.49708,0.0525,0.0574,1.1473,1.517,3.105,8.901,7,1,29.2388,1,nan,nan,28112
dense_city,Dubins,24,0,1,152.199,147.255,1.0336,0.67191,0.0827,0.0785,1.4265,1.517,2.812,11.9516,10,1,32.5666,1,nan,nan,38778
dense_city,APF,25,0,0,15.4,147.154,0.1047,0.0142,0.0115,0.0494,0.548,1.517,2.153,0.7606,1,1,2.8507,0,nan,nan,69
dense_city,RRT*,25,0,1,152.453,147.154,1.036,1.96688,0.1404,0.055,1.2405,2.615,3.382,8.3784,8,1,28.2506,0,nan,nan,116100
dense_city,RRT*+Bezier,25,0,1,152.453,147.154,1.036,1.98073,0.1404,0.055,1.2405,2.615,3.382,8.3784,8,1,28.2506,0,nan,nan,116125
dense_city,Hybrid,25,0,1,148.682,147.154,1.0104,4.25343,0.0905,0.0765,1.3566,1.517,2.582,11.37,10,1,30.6096,1,nan,nan,224892
dense_city,Modified,25,0,1,152.229,147.154,1.0345,1.25233,0.0829,0.0872,1.4665,1.517,2.502,13.2748,12,1,33.966,1,nan,nan,73059
dense_city,Adaptive,25,0,1,151.44,147.154,1.0291,0.85687,0.0945,0.0804,1.4011,1.517,2.658,12.172,10,1,31.7668,1,nan,nan,51826
dense_city,Bezier,25,0,1,156.865,147.154,1.066,0.51233,0.0627,0.0666,1.5107,1.517,2.628,10.4421,7,1,30.5441,1,nan,nan,29910
dense_city,BSpline,25,0,1,156.831,147.154,1.0658,0.62983,0.0666,0.0707,1.6146,1.517,2.556,11.0892,6,1,31.4941,1,nan,nan,37509
dense_city,Dubins,25,0,1,153.371,147.154,1.0422,3.87226,0.092,0.0848,1.4218,1.517,2.654,13.0033,11,1,34.0605,1,nan,nan,218260
dense_city,APF,26,0,0,15.4,150.184,0.1025,0.01263,0.0115,0.0494,0.548,1.542,2.16,0.7606,1,1,2.8507,0,nan,nan,68
dense_city,RRT*,26,0,1,154.712,150.184,1.0302,1.38068,0.1161,0.0448,1.341,1.68,3.666,6.9326,7,1,27.0161,0,nan,nan,81890
dense_city,RRT*+Bezier,26,0,1,154.712,150.184,1.0302,1.38522,0.1161,0.0448,1.341,1.68,3.666,6.9326,7,1,27.0161,0,nan,nan,81917
dense_city,Hybrid,26,0,1,158.861,150.184,1.0578,0.32802,0.0618,0.0488,1.1593,1.542,2.607,7.7599,5,1,28.0543,1,nan,nan,19855
dense_city,Modified,26,0,1,154.37,150.184,1.0279,0.38184,0.0642,0.0679,1.5609,1.542,2.616,10.4884,10,1,31.4431,1,nan,nan,21539
dense_city,Adaptive,26,0,1,154.941,150.184,1.0317,0.38159,0.0938,0.0761,1.3528,1.542,2.666,11.7907,12,1,32.4798,1,nan,nan,22108
dense_city,Bezier,26,0,1,156.11,150.184,1.0395,2.08234,0.0495,0.0508,1.4631,1.542,2.643,7.934,7,1,28.2928,1,nan,nan,116658
dense_city,BSpline,26,0,1,151.263,150.184,1.0072,1.56161,0.0646,0.0711,1.3454,1.542,2.676,10.7551,8,1,30.9035,1,nan,nan,89679
dense_city,Dubins,26,0,1,156.268,150.184,1.0405,1.57498,0.0858,0.0794,1.6469,1.542,2.825,12.4026,10,1,32.3331,1,nan,nan,89804
dense_city,APF,27,0,0,35.7,152.527,0.2341,0.01578,0.0806,0.3548,1.2384,1.62,2.328,12.668,15,1,13.6405,0,nan,nan,155
dense_city,RRT*,27,0,1,159.677,152.527,1.0469,1.12838,0.1055,0.0436,1.3099,1.91,3.94,6.9584,6,1,27.8113,0,nan,nan,66399
dense_city,RRT*+Bezier,27,0,1,159.677,152.527,1.0469,1.14115,0.1055,0.0436,1.3099,1.91,3.94,6.9584,6,1,27.8113,0,nan,nan,66429
dense_city,Hybrid,27,0,1,161.349,152.527,1.0578,1.24151,0.1056,0.1419,1.9938,1.62,2.756,22.8929,21,1,39.8088,1,nan,nan,68057
dense_city,Modified,27,0,1,152.855,152.527,1.0022,1.8402,0.0319,0.0766,1.0189,1.62,3.045,11.7079,9,1,29.1368,1,nan,nan,105391
dense_city,Adaptive,27,0,1,156.753,152.527,1.0277,0.58969,0.0847,0.1103,1.2702,1.62,2.801,17.2891,18,1,33.9542,1,nan,nan,33861
dense_city,Bezier,27,0,1,187.364,152.527,1.2284,0.59528,0.044,0.0804,1.1884,1.62,2.815,15.0579,14,1,38.5387,1,nan,nan,36599
dense_city,BSpline,27,0,1,154.85,152.527,1.0152,1.68863,0.0489,0.0981,1.1159,1.62,2.693,15.1932,9,1,31.178,1,nan,nan,93130
dense_city,Dubins,27,0,1,155.871,152.527,1.0219,0.81498,0.0417,0.0756,1.1597,1.62,3.097,11.781,9,1,30.06,1,nan,nan,48715
dense_city,APF,28,0,0,15.4,150.184,0.1025,0.01433,0.0115,0.0494,0.548,1.517,2.153,0.7606,1,1,2.8507,0,nan,nan,69
dense_city,RRT*,28,0,1,154.189,150.184,1.0267,1.19367,0.168,0.065,1.1556,2.155,3.433,10.0271,9,1,30.2986,0,nan,nan,67718
dense_city,RRT*+Bezier,28,0,1,154.189,150.184,1.0267,1.24565,0.168,0.065,1.1556,2.155,3.433,10.0271,9,1,30.2986,0,nan,nan,67749
dense_city,Hybrid,28,0,1,158.411,150.184,1.0548,0.83169,0.0618,0.0466,1.1924,1.517,2.529,7.3743,6,1,27.6502,1,nan,nan,45269
dense_city,Modified,28,0,1,164.357,150.184,1.0944,0.90451,0.0385,0.0383,1.1004,1.517,2.464,6.2876,5,1,27.6003,1,nan,nan,53168
dense_city,Adaptive,28,0,1,182.759,150.184,1.2169,0.76705,0.0929,0.0703,1.4016,1.517,2.605,12.848,10,1,36.7793,1,nan,nan,43930
dense_city,Bezier,28,0,1,155.243,150.184,1.0337,1.94911,0.0656,0.073,1.2658,1.517,2.678,11.3285,10,1,32.8386,1,nan,nan,105850
dense_city,BSpline,28,0,1,153.93,150.184,1.0249,0.91978,0.066,0.0701,1.4628,1.517,2.515,10.7878,7,1,30.251,1,nan,nan,52086
dense_city,Dubins,28,0,1,156.97,150.184,1.0452,0.86397,0.0785,0.0691,1.5726,1.517,2.665,10.8526,8,1,31.2254,1,nan,nan,48672
dense_city,APF,29,0,0,15.4,147.255,0.1046,0.01512,0.0115,0.0494,0.548,1.517,2.153,0.7606,1,1,2.8507,0,nan,nan,69
dense_city,RRT*,29,0,1,155.4,147.255,1.0553,1.61888,0.1683,0.0681,2.0435,1.822,3.165,10.5773,9,1,30.4091,0,nan,nan,89237
dense_city,RRT*+Bezier,29,0,1,155.4,147.255,1.0553,1.60816,0.1683,0.0681,2.0435,1.822,3.165,10.5773,9,1,30.4091,0,nan,nan,89269
dense_city,Hybrid,29,0,1,157.231,147.255,1.0677,0.38376,0.0672,0.0537,1.4161,1.517,2.589,8.4398,7,1,29.1736,1,nan,nan,22999
dense_city,Modified,29,0,1,165.057,147.255,1.1209,1.02826,0.0627,0.0644,1.3793,1.517,2.523,10.6302,7,1,31.8797,1,nan,nan,57396
dense_city,Adaptive,29,0,1,152.886,147.255,1.0382,1.02995,0.0917,0.0753,1.154,1.517,2.477,11.5198,10,1,32.238,1,nan,nan,62839
dense_city,Bezier,29,0,1,158.184,147.255,1.0742,2.57124,0.0631,0.0652,1.4011,1.517,2.616,10.3111,6,1,30.2689,1,nan,nan,145033
dense_city,BSpline,29,0,1,159.122,147.255,1.0806,0.94427,0.039,0.0432,1.196,1.517,2.671,6.8674,5,1,27.5856,1,nan,nan,61224
dense_city,Dubins,29,0,1,153.953,147.255,1.0455,0.97321,0.0938,0.0881,1.5971,1.517,2.643,13.5596,12,1,34.7119,1,nan,nan,66310
