scenario,algorithm,instance,repeat,success,path_length,astar_length,length_ratio,comp_time,smoothness,curvature,max_curvature,clearance_min,clearance_mean,total_turning,sharp_turns,radius_violated,drive_time_curved,switches,false_alarm,time_to_detection,collision_checks,planner,parameter,value
normal_city,APF,0,0,1,168.0,139.64,1.2031,0.02452,0.2288,1.0225,1.9376,1.82,3.285,171.7783,116,1,64.8145,0,0.0,,720,APF,apf_k_rep,120.0
normal_city,APF,1,0,1,172.2,143.154,1.2029,0.02541,0.2379,1.0635,3.3141,1.768,3.915,183.1324,107,1,61.351,0,0.0,,738,APF,apf_k_rep,120.0
normal_city,APF,2,0,0,2800.0,143.154,19.5593,0.34274,0.9572,4.2946,10.472,1.742,2.419,12024.923,3881,1,1697.4033,0,0.0,,12000,APF,apf_k_rep,120.0
normal_city,APF,3,0,1,177.8,140.811,1.2627,0.0289,0.2524,1.1285,4.6259,1.956,2.918,200.6485,122,1,68.3969,0,0.0,,762,APF,apf_k_rep,120.0
normal_city,APF,4,0,1,181.3,141.983,1.2769,0.02649,0.2579,1.1531,4.2008,1.742,3.311,209.0536,119,1,70.6932,0,0.0,,777,APF,apf_k_rep,120.0
normal_city,APF,5,0,1,170.8,141.397,1.2079,0.02742,0.2303,1.0295,3.1577,1.78,3.778,175.847,105,1,61.9027,0,0.0,,732,APF,apf_k_rep,120.0
normal_city,APF,6,0,1,174.3,143.154,1.2176,0.0262,0.2372,1.0602,2.7664,1.759,3.169,184.7952,116,1,71.5104,0,0.0,,747,APF,apf_k_rep,120.0
normal_city,APF,7,0,1,172.9,141.983,1.2178,0.02602,0.2319,1.0364,2.4309,1.742,2.931,179.2008,113,1,66.5207,0,0.0,,741,APF,apf_k_rep,120.0
normal_city,APF,8,0,0,2800.0,141.397,19.8024,0.3548,0.8959,4.0197,10.0066,1.768,2.501,11255.2316,3883,1,1778.9694,0,0.0,,12000,APF,apf_k_rep,120.0
normal_city,APF,9,0,1,175.0,140.811,1.2428,0.02607,0.242,1.0816,2.8597,1.742,2.912,189.2764,117,1,71.4081,0,0.0,,750,APF,apf_k_rep,120.0
normal_city,APF,10,0,1,175.0,141.983,1.2325,0.02785,0.2393,1.0698,2.6361,1.794,2.96,187.2204,118,1,72.7203,0,0.0,,750,APF,apf_k_rep,120.0
normal_city,APF,11,0,1,170.8,140.811,1.213,0.02394,0.2293,1.025,3.0979,1.759,3.79,175.0676,106,1,62.0011,0,0.0,,732,APF,apf_k_rep,120.0
normal_city,APF,12,0,0,13.3,140.811,0.0945,0.00857,0.0143,0.0607,0.3974,1.88,3.333,0.8069,1,0,2.5633,0,0.0,,60,APF,apf_k_rep,120.0
normal_city,APF,13,0,0,2800.0,141.983,19.7207,0.36221,0.8741,3.9218,8.7146,1.794,2.288,10981.0749,3926,1,1788.9963,0,0.0,,12000,APF,apf_k_rep,120.0
normal_city,APF,14,0,1,176.4,140.811,1.2527,0.02801,0.248,1.1084,3.2263,1.78,2.973,195.5248,114,1,68.673,0,0.0,,756,APF,apf_k_rep,120.0
normal_city,APF,15,0,0,58.1,140.811,0.4126,0.0128,0.0975,0.4324,1.8343,1.742,2.757,25.1209,24,1,18.3087,0,0.0,,251,APF,apf_k_rep,120.0
normal_city,APF,16,0,1,172.2,140.811,1.2229,0.02722,0.2344,1.0476,2.0568,1.82,2.939,180.4019,120,1,71.4025,0,0.0,,738,APF,apf_k_rep,120.0
normal_city,APF,17,0,1,172.2,142.569,1.2078,0.02454,0.228,1.019,2.5247,1.768,3.025,175.4767,114,1,69.7117,0,0.0,,738,APF,apf_k_rep,120.0
normal_city,APF,18,0,1,176.4,141.397,1.2476,0.03085,0.2454,1.0971,2.8523,1.742,2.945,193.5336,117,1,66.5311,0,0.0,,756,APF,apf_k_rep,120.0
normal_city,APF,19,0,1,178.5,140.811,1.2677,0.02764,0.2651,1.185,3.1549,1.82,2.965,211.527,130,1,76.1772,0,0.0,,765,APF,apf_k_rep,120.0
blocked_road,APF,0,0,0,2800.0,150.77,18.5714,0.3564,0.8216,3.6866,9.2943,1.82,2.304,10322.4897,3925,1,1898.9165,0,,,12000,APF,apf_k_rep,120.0
blocked_road,APF,1,0,1,169.4,147.255,1.1504,0.02333,0.1631,0.7288,2.4973,1.768,4.428,123.465,76,1,56.3559,0,,,726,APF,apf_k_rep,120.0
blocked_road,APF,2,0,0,46.2,149.012,0.31,0.00959,0.0776,0.3429,1.2045,1.742,2.673,15.8432,17,1,12.9886,0,,,201,APF,apf_k_rep,120.0
blocked_road,APF,3,0,0,47.6,147.841,0.322,0.01187,0.0734,0.3244,2.0542,1.788,2.831,15.4419,14,1,14.7764,0,,,207,APF,apf_k_rep,120.0
blocked_road,APF,4,0,0,2800.0,148.255,18.8864,0.34533,0.7631,3.4238,9.9605,1.742,2.313,9586.656,3918,1,2099.9452,0,,,12000,APF,apf_k_rep,120.0
blocked_road,APF,5,0,0,2800.0,148.426,18.8646,0.33956,0.9032,4.0527,10.2962,1.78,2.304,11347.6371,3917,1,1799.8395,0,,,12000,APF,apf_k_rep,120.0
blocked_road,APF,6,0,0,43.4,149.598,0.2901,0.01037,0.0674,0.2976,0.7293,1.515,2.696,12.9159,14,1,11.065,0,,,188,APF,apf_k_rep,120.0
blocked_road,APF,7,0,0,98.0,149.012,0.6577,0.01695,0.1902,0.8475,1.9916,1.742,2.565,83.0583,63,1,37.8739,0,,,422,APF,apf_k_rep,120.0
blocked_road,APF,8,0,0,46.2,148.426,0.3113,0.01334,0.0821,0.3631,1.3403,1.768,2.709,16.7748,18,1,13.7936,0,,,201,APF,apf_k_rep,120.0
blocked_road,APF,9,0,0,5.6,147.841,0.0379,0.00615,0.059,0.2318,0.4085,2.35,3.465,1.2981,2,1,1.2904,0,,,27,APF,apf_k_rep,120.0
blocked_road,APF,10,0,0,2800.0,149.012,18.7904,0.34683,0.8463,3.7971,10.0067,1.794,2.322,10631.8464,3922,1,1871.573,0,,,12000,APF,apf_k_rep,120.0
blocked_road,APF,11,0,0,2800.0,147.841,18.9393,0.3456,0.8717,3.911,9.9704,1.759,2.295,10950.9279,3918,1,1829.5052,0,,,12000,APF,apf_k_rep,120.0
blocked_road,APF,12,0,0,13.3,147.841,0.09,0.00773,0.0143,0.0607,0.3974,1.88,3.333,0.8069,1,0,2.5633,0,,,60,APF,apf_k_rep,120.0
blocked_road,APF,13,0,0,107.8,149.012,0.7234,0.01919,0.2224,0.9916,7.6952,1.794,2.737,106.8934,78,1,42.3182,0,,,465,APF,apf_k_rep,120.0
blocked_road,APF,14,0,0,42.7,147.841,0.2888,0.01084,0.0675,0.2979,0.7213,1.635,2.738,12.722,13,1,12.172,0,,,185,APF,apf_k_rep,120.0
blocked_road,APF,15,0,1,174.3,147.841,1.179,0.02306,0.1879,0.8397,2.839,1.742,4.209,146.3581,90,1,57.7065,0,,,747,APF,apf_k_rep,120.0
blocked_road,APF,16,0,0,2800.0,149.598,18.7168,0.35007,0.8542,3.8327,9.8172,1.82,2.309,10731.5506,3919,1,1851.1275,0,,,12000,APF,apf_k_rep,120.0
blocked_road,APF,17,0,0,44.1,149.598,0.2948,0.01068,0.0883,0.39,0.7377,1.768,2.705,17.1991,16,1,12.3767,0,,,192,APF,apf_k_rep,120.0
blocked_road,APF,18,0,1,176.4,148.426,1.1885,0.02641,0.1988,0.8887,2.3292,1.742,2.922,156.7654,100,1,67.9853,0,,,756,APF,apf_k_rep,120.0
blocked_road,APF,19,0,0,2800.0,147.841,18.9393,0.34799,0.8394,3.7665,8.6881,1.82,2.305,10546.088,3923,1,1833.5134,0,,,12000,APF,apf_k_rep,120.0
dense_city,APF,0,0,0,41.3,145.497,0.2839,0.01409,0.0832,0.367,0.8724,1.656,2.413,15.1581,17,1,16.1373,0,,,180,APF,apf_k_rep,120.0
dense_city,APF,1,0,0,15.4,148.426,0.1038,0.00878,0.0115,0.0494,0.548,1.517,2.153,0.7606,1,1,2.8507,0,,,69,APF,apf_k_rep,120.0
dense_city,APF,2,0,0,15.4,150.184,0.1025,0.0084,0.0115,0.0494,0.548,1.517,2.153,0.7606,1,1,2.8507,0,,,69,APF,apf_k_rep,120.0
dense_city,APF,3,0,0,51.1,147.255,0.347,0.01695,0.13,0.5753,1.2343,1.573,2.345,29.3979,26,1,21.5309,0,,,221,APF,apf_k_rep,120.0
dense_city,APF,4,0,0,15.4,146.669,0.105,0.00949,0.0115,0.0494,0.548,1.517,2.153,0.7606,1,1,2.8507,0,,,69,APF,apf_k_rep,120.0
dense_city,APF,5,0,0,15.4,145.497,0.1058,0.01128,0.0115,0.0494,0.548,1.517,2.153,0.7606,1,1,2.8507,0,,,69,APF,apf_k_rep,120.0
dense_city,APF,6,0,0,15.4,147.255,0.1046,0.00979,0.0115,0.0494,0.548,1.517,2.153,0.7606,1,1,2.8507,0,,,69,APF,apf_k_rep,120.0
dense_city,APF,7,0,0,2.8,150.184,0.0186,0.00944,0.1309,0.4407,0.3972,2.306,2.61,1.234,2,0,0.931,0,,,14,APF,apf_k_rep,120.0
dense_city,APF,8,0,0,15.4,151.841,0.1014,0.0096,0.0115,0.0494,0.548,1.517,2.153,0.7606,1,1,2.8507,0,,,69,APF,apf_k_rep,120.0
dense_city,APF,9,0,0,26.6,148.426,0.1792,0.01174,0.0515,0.2249,0.7743,1.733,2.239,5.9818,7,1,8.2499,0,,,117,APF,apf_k_rep,120.0
dense_city,APF,10,0,0,4.9,145.497,0.0337,0.00891,0.0404,0.1552,0.6588,1.847,3.0,0.7606,1,1,1.5672,0,,,24,APF,apf_k_rep,120.0
dense_city,APF,11,0,0,15.4,147.255,0.1046,0.01026,0.0115,0.0494,0.548,1.517,2.153,0.7606,1,1,2.8507,0,,,69,APF,apf_k_rep,120.0
dense_city,APF,12,0,0,25.9,151.841,0.1706,0.01096,0.0564,0.2464,0.8134,1.62,2.344,6.3828,8,1,8.6122,0,,,114,APF,apf_k_rep,120.0
dense_city,APF,13,0,0,14.0,145.497,0.0962,0.01076,0.0127,0.0543,0.6101,1.517,2.209,0.7606,1,1,2.6754,0,,,62,APF,apf_k_rep,120.0
dense_city,APF,14,0,0,15.4,145.497,0.1058,0.01041,0.0115,0.0494,0.548,1.517,2.153,0.7606,1,1,2.8507,0,,,69,APF,apf_k_rep,120.0
dense_city,APF,15,0,0,15.4,145.497,0.1058,0.01065,0.0115,0.0494,0.548,1.517,2.153,0.7606,1,1,2.8507,0,,,69,APF,apf_k_rep,120.0
dense_city,APF,16,0,0,19.6,148.426,0.1321,0.00914,0.0538,0.2328,0.6588,1.62,2.232,4.563,6,1,5.2072,0,,,87,APF,apf_k_rep,120.0
dense_city,APF,17,0,0,15.4,144.912,0.1063,0.00911,0.0115,0.0494,0.548,1.517,2.153,0.7606,1,1,2.8507,0,,,69,APF,apf_k_rep,120.0
dense_city,APF,18,0,0,15.4,150.184,0.1025,0.00981,0.0115,0.0494,0.548,1.517,2.153,0.7605,1,1,2.8505,0,,,69,APF,apf_k_rep,120.0
dense_city,APF,19,0,0,2800.0,150.184,18.6438,0.29691,0.9782,4.3889,10.472,1.62,2.344,12288.9032,3944,1,1720.0856,0,,,12000,APF,apf_k_rep,120.0
normal_city,APF,0,0,0,6.3,139.64,0.0451,0.00619,0.011,0.0437,0.1665,1.784,4.719,0.2753,0,0,1.1096,0,0.0,,29,APF,apf_k_rep,60.0
normal_city,APF,1,0,0,6.3,143.154,0.044,0.006,0.011,0.0437,0.1665,1.784,4.719,0.2753,0,0,1.1096,0,0.0,,29,APF,apf_k_rep,60.0
normal_city,APF,2,0,0,6.3,143.154,0.044,0.00576,0.011,0.0437,0.1665,1.784,4.719,0.2753,0,0,1.1096,0,0.0,,29,APF,apf_k_rep,60.0
normal_city,APF,3,0,0,7.0,140.811,0.0497,0.00858,0.06,0.2424,0.2032,1.808,2.545,1.6971,0,0,1.8457,0,0.0,,33,APF,apf_k_rep,60.0
normal_city,APF,4,0,0,6.3,141.983,0.0444,0.00756,0.011,0.0437,0.1665,1.784,4.719,0.2753,0,0,1.1096,0,0.0,,29,APF,apf_k_rep,60.0
normal_city,APF,5,0,0,6.3,141.397,0.0446,0.00662,0.011,0.0437,0.1665,1.784,4.719,0.2753,0,0,1.1096,0,0.0,,29,APF,apf_k_rep,60.0
normal_city,APF,6,0,0,6.3,143.154,0.044,0.00611,0.011,0.0437,0.1665,1.784,4.719,0.2753,0,0,1.1096,0,0.0,,29,APF,apf_k_rep,60.0
normal_city,APF,7,0,0,6.3,141.983,0.0444,0.00757,0.011,0.0437,0.1665,1.784,4.719,0.2753,0,0,1.1096,0,0.0,,29,APF,apf_k_rep,60.0
normal_city,APF,8,0,0,6.3,141.397,0.0446,0.00811,0.011,0.0437,0.1665,1.784,4.719,0.2753,0,0,1.1096,0,0.0,,29,APF,apf_k_rep,60.0
normal_city,APF,9,0,0,6.3,140.811,0.0447,0.00741,0.011,0.0437,0.1665,1.784,4.719,0.2753,0,0,1.1096,0,0.0,,29,APF,apf_k_rep,60.0
normal_city,APF,10,0,0,6.3,141.983,0.0444,0.00791,0.011,0.0437,0.1665,1.784,4.719,0.2753,0,0,1.1096,0,0.0,,29,APF,apf_k_rep,60.0
normal_city,APF,11,0,0,6.3,140.811,0.0447,0.00623,0.011,0.0437,0.1665,1.784,4.719,0.2753,0,0,1.1096,0,0.0,,29,APF,apf_k_rep,60.0
normal_city,APF,12,0,0,6.3,140.811,0.0447,0.00847,0.011,0.0437,0.1665,1.784,4.719,0.2753,0,0,1.1096,0,0.0,,29,APF,apf_k_rep,60.0
normal_city,APF,13,0,0,6.3,141.983,0.0444,0.00857,0.011,0.0437,0.1665,1.784,4.719,0.2753,0,0,1.1096,0,0.0,,29,APF,apf_k_rep,60.0
normal_city,APF,14,0,0,6.3,140.811,0.0447,0.00935,0.011,0.0437,0.1665,1.784,4.719,0.2753,0,0,1.1096,0,0.0,,29,APF,apf_k_rep,60.0
normal_city,APF,15,0,0,6.3,140.811,0.0447,0.00739,0.011,0.0437,0.1665,1.784,4.719,0.2753,0,0,1.1096,0,0.0,,29,APF,apf_k_rep,60.0
normal_city,APF,16,0,0,6.3,140.811,0.0447,0.01011,0.011,0.0437,0.1665,1.784,4.719,0.2753,0,0,1.1096,0,0.0,,29,APF,apf_k_rep,60.0
normal_city,APF,17,0,0,6.3,142.569,0.0442,0.0084,0.011,0.0437,0.1665,1.784,4.719,0.2753,0,0,1.1096,0,0.0,,29,APF,apf_k_rep,60.0
normal_city,APF,18,0,0,6.3,141.397,0.0446,0.01191,0.011,0.0437,0.1665,1.784,4.719,0.2753,0,0,1.1096,0,0.0,,29,APF,apf_k_rep,60.0
normal_city,APF,19,0,0,6.3,140.811,0.0447,0.01106,0.011,0.0437,0.1665,1.784,4.719,0.2753,0,0,1.1096,0,0.0,,29,APF,apf_k_rep,60.0
blocked_road,APF,0,0,0,6.3,150.77,0.0418,0.00659,0.011,0.0437,0.1665,1.784,4.719,0.2753,0,0,1.1096,0,,,29,APF,apf_k_rep,60.0
blocked_road,APF,1,0,0,6.3,147.255,0.0428,0.00644,0.011,0.0437,0.1665,1.784,4.719,0.2753,0,0,1.1096,0,,,29,APF,apf_k_rep,60.0
blocked_road,APF,2,0,0,6.3,149.012,0.0423,0.00687,0.011,0.0437,0.1665,1.784,4.719,0.2753,0,0,1.1096,0,,,29,APF,apf_k_rep,60.0
blocked_road,APF,3,0,0,6.3,147.841,0.0426,0.00947,0.011,0.0437,0.1665,1.784,4.719,0.2753,0,0,1.1096,0,,,29,APF,apf_k_rep,60.0
blocked_road,APF,4,0,0,6.3,148.255,0.0425,0.00852,0.011,0.0437,0.1665,1.784,4.719,0.2753,0,0,1.1096,0,,,29,APF,apf_k_rep,60.0
blocked_road,APF,5,0,0,6.3,148.426,0.0424,0.00659,0.011,0.0437,0.1665,1.784,4.719,0.2753,0,0,1.1096,0,,,29,APF,apf_k_rep,60.0
blocked_road,APF,6,0,0,6.3,149.598,0.0421,0.00781,0.011,0.0437,0.1665,1.784,4.719,0.2753,0,0,1.1096,0,,,29,APF,apf_k_rep,60.0
blocked_road,APF,7,0,0,6.3,149.012,0.0423,0.00844,0.011,0.0437,0.1665,1.784,4.719,0.2753,0,0,1.1096,0,,,29,APF,apf_k_rep,60.0
blocked_road,APF,8,0,0,6.3,148.426,0.0424,0.01192,0.011,0.0437,0.1665,1.784,4.719,0.2753,0,0,1.1096,0,,,29,APF,apf_k_rep,60.0
blocked_road,APF,9,0,0,5.6,147.841,0.0379,0.00879,0.0267,0.1049,0.1794,2.295,3.414,0.5875,0,0,1.0045,0,,,27,APF,apf_k_rep,60.0
blocked_road,APF,10,0,0,6.3,149.012,0.0423,0.00885,0.011,0.0437,0.1665,1.784,4.719,0.2753,0,0,1.1096,0,,,29,APF,apf_k_rep,60.0
blocked_road,APF,11,0,0,6.3,147.841,0.0426,0.00685,0.011,0.0437,0.1665,1.784,4.719,0.2753,0,0,1.1096,0,,,29,APF,apf_k_rep,60.0
blocked_road,APF,12,0,0,6.3,147.841,0.0426,0.00881,0.011,0.0437,0.1665,1.784,4.719,0.2753,0,0,1.1096,0,,,29,APF,apf_k_rep,60.0
blocked_road,APF,13,0,0,6.3,149.012,0.0423,0.00868,0.011,0.0437,0.1665,1.784,4.719,0.2753,0,0,1.1096,0,,,29,APF,apf_k_rep,60.0
blocked_road,APF,14,0,0,6.3,147.841,0.0426,0.00916,0.011,0.0437,0.1665,1.784,4.719,0.2753,0,0,1.1096,0,,,29,APF,apf_k_rep,60.0
blocked_road,APF,15,0,0,6.3,147.841,0.0426,0.00708,0.011,0.0437,0.1665,1.784,4.719,0.2753,0,0,1.1096,0,,,29,APF,apf_k_rep,60.0
blocked_road,APF,16,0,0,6.3,149.598,0.0421,0.00923,0.011,0.0437,0.1665,1.784,4.719,0.2753,0,0,1.1096,0,,,29,APF,apf_k_rep,60.0
blocked_road,APF,17,0,0,6.3,149.598,0.0421,0.00882,0.011,0.0437,0.1665,1.784,4.719,0.2753,0,0,1.1096,0,,,29,APF,apf_k_rep,60.0
blocked_road,APF,18,0,0,6.3,148.426,0.0424,0.00995,0.011,0.0437,0.1665,1.784,4.719,0.2753,0,0,1.1096,0,,,29,APF,apf_k_rep,60.0
blocked_road,APF,19,0,0,6.3,147.841,0.0426,0.0089,0.011,0.0437,0.1665,1.784,4.719,0.2753,0,0,1.1096,0,,,29,APF,apf_k_rep,60.0
dense_city,APF,0,0,0,3.5,145.497,0.0241,0.01303,0.0195,0.07,0.2211,1.785,2.968,0.245,0,0,0.7914,0,,,17,APF,apf_k_rep,60.0
dense_city,APF,1,0,0,3.5,148.426,0.0236,0.00992,0.0212,0.0761,0.1302,1.77,3.326,0.2664,0,0,0.7335,0,,,17,APF,apf_k_rep,60.0
dense_city,APF,2,0,0,3.5,150.184,0.0233,0.00964,0.0212,0.0761,0.1302,1.77,3.326,0.2664,0,0,0.7335,0,,,17,APF,apf_k_rep,60.0
dense_city,APF,3,0,0,3.5,147.255,0.0238,0.01206,0.0212,0.0761,0.1302,1.77,3.326,0.2664,0,0,0.7335,0,,,17,APF,apf_k_rep,60.0
dense_city,APF,4,0,0,3.5,146.669,0.0239,0.01117,0.0212,0.0761,0.1302,1.77,3.326,0.2664,0,0,0.7335,0,,,17,APF,apf_k_rep,60.0
dense_city,APF,5,0,0,3.5,145.497,0.0241,0.01353,0.0212,0.0761,0.1302,1.77,3.326,0.2664,0,0,0.7335,0,,,17,APF,apf_k_rep,60.0
dense_city,APF,6,0,0,3.5,147.255,0.0238,0.01191,0.0212,0.0761,0.1302,1.77,3.326,0.2664,0,0,0.7335,0,,,17,APF,apf_k_rep,60.0
dense_city,APF,7,0,0,2.8,150.184,0.0186,0.01422,0.059,0.1986,0.1744,2.268,2.524,0.556,0,0,0.6596,0,,,15,APF,apf_k_rep,60.0
dense_city,APF,8,0,0,3.5,151.841,0.0231,0.01165,0.0212,0.0761,0.1302,1.77,3.326,0.2664,0,0,0.7335,0,,,17,APF,apf_k_rep,60.0
dense_city,APF,9,0,0,2.1,148.426,0.0141,0.01221,0.0406,0.1216,0.1628,1.797,2.658,0.2553,0,0,0.5971,0,,,12,APF,apf_k_rep,60.0
dense_city,APF,10,0,0,3.5,145.497,0.0241,0.01248,0.0212,0.0761,0.1302,1.77,3.326,0.2664,0,0,0.7335,0,,,17,APF,apf_k_rep,60.0
dense_city,APF,11,0,0,3.5,147.255,0.0238,0.01207,0.0212,0.0761,0.1302,1.77,3.326,0.2664,0,0,0.7335,0,,,17,APF,apf_k_rep,60.0
dense_city,APF,12,0,0,3.5,151.841,0.0231,0.01198,0.0212,0.0761,0.1302,1.77,3.326,0.2664,0,0,0.7335,0,,,17,APF,apf_k_rep,60.0
dense_city,APF,13,0,0,3.5,145.497,0.0241,0.01345,0.0212,0.0761,0.1302,1.77,3.326,0.2664,0,0,0.7335,0,,,17,APF,apf_k_rep,60.0
dense_city,APF,14,0,0,3.5,145.497,0.0241,0.01295,0.0212,0.0761,0.1302,1.77,3.326,0.2664,0,0,0.7335,0,,,17,APF,apf_k_rep,60.0
dense_city,APF,15,0,0,3.5,145.497,0.0241,0.01305,0.0212,0.0761,0.1302,1.77,3.326,0.2664,0,0,0.7335,0,,,17,APF,apf_k_rep,60.0
dense_city,APF,16,0,0,3.5,148.426,0.0236,0.01169,0.0212,0.0761,0.1302,1.77,3.326,0.2664,0,0,0.7335,0,,,17,APF,apf_k_rep,60.0
dense_city,APF,17,0,0,3.5,144.912,0.0242,0.01184,0.0212,0.0761,0.1302,1.77,3.326,0.2664,0,0,0.7335,0,,,17,APF,apf_k_rep,60.0
dense_city,APF,18,0,0,3.5,150.184,0.0233,0.01118,0.0212,0.0761,0.1301,1.771,3.326,0.2664,0,0,0.7334,0,,,17,APF,apf_k_rep,60.0
dense_city,APF,19,0,0,3.5,150.184,0.0233,0.00917,0.0212,0.0761,0.1302,1.77,3.326,0.2664,0,0,0.7335,0,,,17,APF,apf_k_rep,60.0
normal_city,APF,0,0,1,191.1,139.64,1.3685,0.03996,0.3241,1.4491,2.2836,2.031,3.329,276.9271,160,1,89.0424,0,0.0,,819,APF,apf_k_rep,240.0
normal_city,APF,1,0,1,202.3,143.154,1.4132,0.04059,0.3639,1.6276,3.7668,1.947,3.859,329.2713,172,1,84.9561,0,0.0,,867,APF,apf_k_rep,240.0
normal_city,APF,2,0,0,2800.0,143.154,19.5593,0.52383,0.9586,4.3009,10.472,1.867,2.375,12042.6541,3908,1,1705.0982,0,0.0,,12000,APF,apf_k_rep,240.0
normal_city,APF,3,0,1,204.4,140.811,1.4516,0.04663,0.3588,1.6046,3.5571,1.957,3.012,327.9708,179,1,99.3561,0,0.0,,876,APF,apf_k_rep,240.0
normal_city,APF,4,0,1,219.1,141.983,1.5431,0.04554,0.3992,1.786,4.6617,1.924,3.327,391.3068,199,1,101.8916,0,0.0,,939,APF,apf_k_rep,240.0
normal_city,APF,5,0,1,199.5,141.397,1.4109,0.04022,0.3535,1.5808,3.4146,1.947,3.779,315.3789,170,1,87.8258,0,0.0,,855,APF,apf_k_rep,240.0
normal_city,APF,6,0,1,210.7,143.154,1.4718,0.04556,0.3883,1.7369,3.8233,1.933,3.227,365.9633,201,1,103.7041,0,0.0,,903,APF,apf_k_rep,240.0
normal_city,APF,7,0,1,198.1,141.983,1.3952,0.04287,0.342,1.5296,3.2667,2.013,3.066,303.0163,173,1,90.4341,0,0.0,,849,APF,apf_k_rep,240.0
normal_city,APF,8,0,0,2800.0,141.397,19.8024,0.55274,0.9284,4.1656,10.33,1.999,2.551,11663.6616,3903,1,1739.3838,0,0.0,,12000,APF,apf_k_rep,240.0
normal_city,APF,9,0,1,206.5,140.811,1.4665,0.04478,0.3675,1.644,4.9866,1.837,2.999,339.4794,181,1,98.8164,0,0.0,,885,APF,apf_k_rep,240.0
normal_city,APF,10,0,1,198.8,141.983,1.4002,0.04557,0.3397,1.5194,2.9236,1.992,3.077,302.0556,170,1,95.1151,0,0.0,,852,APF,apf_k_rep,240.0
normal_city,APF,11,0,1,200.2,140.811,1.4218,0.03986,0.3527,1.5773,3.5361,1.948,3.774,315.7848,171,1,86.0205,0,0.0,,858,APF,apf_k_rep,240.0
normal_city,APF,12,0,0,2800.0,140.811,19.8848,0.52659,0.8973,4.0263,9.3612,1.974,2.282,11273.6092,3992,1,1852.6809,0,0.0,,12000,APF,apf_k_rep,240.0
normal_city,APF,13,0,0,2800.0,141.983,19.7207,0.52562,0.6717,3.0137,9.4075,1.978,2.453,8438.4922,3950,1,2485.467,0,0.0,,12000,APF,apf_k_rep,240.0
normal_city,APF,14,0,1,203.7,140.811,1.4466,0.04384,0.3584,1.6031,3.5616,1.951,3.081,326.5564,178,1,95.0236,0,0.0,,873,APF,apf_k_rep,240.0
normal_city,APF,15,0,0,79.8,140.811,0.5667,0.02155,0.4146,1.8446,9.1463,1.98,2.902,147.1985,82,1,38.5544,0,0.0,,345,APF,apf_k_rep,240.0
normal_city,APF,16,0,1,192.5,140.811,1.3671,0.04316,0.3169,1.4172,2.3704,1.981,3.05,272.8066,161,1,91.1681,0,0.0,,825,APF,apf_k_rep,240.0
normal_city,APF,17,0,1,198.1,142.569,1.3895,0.03842,0.3428,1.5332,2.6689,1.992,3.157,303.7333,177,1,94.1462,0,0.0,,849,APF,apf_k_rep,240.0
normal_city,APF,18,0,1,203.7,141.397,1.4406,0.04797,0.3581,1.6016,3.6989,1.952,3.077,326.2493,183,1,97.6771,0,0.0,,873,APF,apf_k_rep,240.0
normal_city,APF,19,0,1,199.5,140.811,1.4168,0.04327,0.3449,1.5423,3.0975,1.977,3.056,307.6981,171,1,95.7698,0,0.0,,855,APF,apf_k_rep,240.0
blocked_road,APF,0,0,0,2800.0,150.77,18.5714,0.50648,0.7662,3.4379,9.5038,1.972,2.398,9626.0987,3926,1,2191.8693,0,,,12000,APF,apf_k_rep,240.0
blocked_road,APF,1,0,0,2800.0,147.255,19.0147,0.50946,0.7563,3.3936,9.4943,1.968,2.404,9502.1081,3898,1,2201.1008,0,,,12000,APF,apf_k_rep,240.0
blocked_road,APF,2,0,0,2800.0,149.012,18.7904,0.51734,0.7368,3.3061,7.4528,1.946,2.311,9257.16,3859,1,2129.1899,0,,,12000,APF,apf_k_rep,240.0
blocked_road,APF,3,0,0,2800.0,147.841,18.9393,0.53026,0.7991,3.5853,9.9589,1.979,2.311,10038.7759,3974,1,2078.6299,0,,,12000,APF,apf_k_rep,240.0
blocked_road,APF,4,0,0,69.3,148.255,0.4674,0.01857,0.3891,1.7286,4.1876,2.029,2.95,119.7935,73,1,32.0886,0,,,300,APF,apf_k_rep,240.0
blocked_road,APF,5,0,0,2800.0,148.426,18.8646,0.49092,0.7272,3.2629,10.2783,1.997,2.402,9135.9887,3886,1,2310.667,0,,,12000,APF,apf_k_rep,240.0
blocked_road,APF,6,0,0,2800.0,149.598,18.7168,0.51852,0.799,3.5852,9.4272,1.956,2.322,10038.4849,3978,1,2025.7419,0,,,12000,APF,apf_k_rep,240.0
blocked_road,APF,7,0,0,2800.0,149.012,18.7904,0.50536,0.6687,3.0003,9.2614,1.813,2.434,8400.7435,3832,1,2427.8127,0,,,12000,APF,apf_k_rep,240.0
blocked_road,APF,8,0,0,63.0,148.426,0.4245,0.02002,0.3926,1.7422,3.9905,2.134,2.955,109.7616,67,1,30.9158,0,,,273,APF,apf_k_rep,240.0
blocked_road,APF,9,0,0,2800.0,147.841,18.9393,0.52318,0.7365,3.3046,8.6902,1.901,2.375,9252.7498,3891,1,2182.4095,0,,,12000,APF,apf_k_rep,240.0
blocked_road,APF,10,0,0,2800.0,149.012,18.7904,0.5111,0.7163,3.2138,9.621,1.976,2.434,8998.7236,3924,1,2334.8097,0,,,12000,APF,apf_k_rep,240.0
blocked_road,APF,11,0,0,56.7,147.841,0.3835,0.01498,0.3831,1.6983,1.4282,2.13,2.977,96.2959,59,1,25.3504,0,,,246,APF,apf_k_rep,240.0
blocked_road,APF,12,0,0,2800.0,147.841,18.9393,0.51271,0.8973,4.0263,9.3612,1.974,2.282,11273.6092,3992,1,1852.6809,0,,,12000,APF,apf_k_rep,240.0
blocked_road,APF,13,0,0,2800.0,149.012,18.7904,0.50061,0.7587,3.4044,9.1535,1.985,2.546,9532.2813,3945,1,2082.1612,0,,,12000,APF,apf_k_rep,240.0
blocked_road,APF,14,0,0,2800.0,147.841,18.9393,0.5091,0.7967,3.5746,9.2167,2.073,2.454,10008.979,3979,1,2110.8899,0,,,12000,APF,apf_k_rep,240.0
blocked_road,APF,15,0,1,235.9,147.841,1.5956,0.04337,0.4427,1.9812,5.5124,1.846,3.902,467.3536,219,1,101.5584,0,,,1011,APF,apf_k_rep,240.0
blocked_road,APF,16,0,0,2800.0,149.598,18.7168,0.51456,0.7606,3.4127,9.5969,1.979,2.415,9555.6335,3898,1,2205.878,0,,,12000,APF,apf_k_rep,240.0
blocked_road,APF,17,0,0,2800.0,149.598,18.7168,0.49645,0.7959,3.5711,9.6402,1.963,2.328,9998.9428,3979,1,2040.5663,0,,,12000,APF,apf_k_rep,240.0
blocked_road,APF,18,0,1,230.3,148.426,1.5516,0.0466,0.4268,1.9098,5.1569,1.857,3.026,439.8354,217,1,102.6622,0,,,987,APF,apf_k_rep,240.0
blocked_road,APF,19,0,0,2800.0,147.841,18.9393,0.52273,0.7581,3.4014,9.2461,1.957,2.432,9523.9075,3942,1,2195.5442,0,,,12000,APF,apf_k_rep,240.0
dense_city,APF,0,0,0,2800.0,145.497,19.2443,0.5311,0.9107,4.0863,10.284,2.001,2.311,11441.6773,3984,1,1824.0947,0,,,12000,APF,apf_k_rep,240.0
dense_city,APF,1,0,0,2800.0,148.426,18.8646,0.50526,0.7921,3.554,8.8236,2.033,2.388,9951.2214,3979,1,2055.5989,0,,,12000,APF,apf_k_rep,240.0
dense_city,APF,2,0,0,2800.0,150.184,18.6438,0.5207,0.7852,3.5229,9.18,1.953,2.371,9864.0451,3971,1,2116.8421,0,,,12000,APF,apf_k_rep,240.0
dense_city,APF,3,0,0,2800.0,147.255,19.0147,0.53038,0.7766,3.4846,8.5283,1.822,2.004,9756.9075,3946,1,2086.2699,0,,,12000,APF,apf_k_rep,240.0
dense_city,APF,4,0,0,2800.0,146.669,19.0906,0.52537,0.841,3.7736,10.1981,1.844,2.13,10566.136,3478,1,1965.7558,0,,,12000,APF,apf_k_rep,240.0
dense_city,APF,5,0,0,2800.0,145.497,19.2443,0.51999,0.751,3.3695,9.6523,1.922,3.119,9434.6572,3608,1,1988.681,0,,,12000,APF,apf_k_rep,240.0
dense_city,APF,6,0,0,2800.0,147.255,19.0147,0.52504,0.9681,4.3438,10.6294,1.833,2.264,12162.6546,3966,1,1727.1783,0,,,12000,APF,apf_k_rep,240.0
dense_city,APF,7,0,0,2800.0,150.184,18.6438,0.52909,0.8688,3.898,8.5356,1.967,2.28,10914.4377,3992,1,1841.1119,0,,,12000,APF,apf_k_rep,240.0
dense_city,APF,8,0,0,2800.0,151.841,18.4404,0.50875,0.611,2.7413,6.3894,1.956,2.406,7675.5959,3568,1,2513.7186,0,,,12000,APF,apf_k_rep,240.0
dense_city,APF,9,0,0,2800.0,148.426,18.8646,0.51276,0.879,3.9439,9.2882,1.988,2.28,11042.8237,3993,1,1856.3207,0,,,12000,APF,apf_k_rep,240.0
dense_city,APF,10,0,0,2800.0,145.497,19.2443,0.52127,0.9625,4.3187,10.0628,1.994,2.219,12092.4001,3996,1,1757.0654,0,,,12000,APF,apf_k_rep,240.0
dense_city,APF,11,0,0,2800.0,147.255,19.0147,0.53328,0.718,3.2216,7.9376,1.874,2.377,9020.362,3887,1,2226.2001,0,,,12000,APF,apf_k_rep,240.0
dense_city,APF,12,0,0,2800.0,151.841,18.4404,0.52619,0.8483,3.8063,9.8064,2.017,2.358,10657.6479,3988,1,1956.4678,0,,,12000,APF,apf_k_rep,240.0
dense_city,APF,13,0,0,22.4,145.497,0.154,0.01687,0.5343,2.3228,6.6138,2.13,2.626,52.0318,28,1,9.7915,0,,,99,APF,apf_k_rep,240.0
dense_city,APF,14,0,0,2800.0,145.497,19.2443,0.51778,0.8397,3.7676,8.2373,1.915,2.249,10549.3577,3887,1,1909.5324,0,,,12000,APF,apf_k_rep,240.0
dense_city,APF,15,0,0,2800.0,145.497,19.2443,0.54365,0.665,2.9839,8.4305,2.006,2.56,8355.0064,3946,1,2456.5945,0,,,12000,APF,apf_k_rep,240.0
dense_city,APF,16,0,0,27.3,148.426,0.1839,0.01675,0.4657,2.0367,3.8908,1.997,2.623,55.6009,33,1,12.4533,0,,,120,APF,apf_k_rep,240.0
dense_city,APF,17,0,0,2800.0,144.912,19.3221,0.53333,0.8587,3.8527,8.8789,1.968,2.294,10787.4487,3988,1,1856.9143,0,,,12000,APF,apf_k_rep,240.0
dense_city,APF,18,0,0,2800.0,150.184,18.6438,0.52251,0.8457,3.7946,8.4288,1.951,2.287,10624.9163,3992,1,1873.4476,0,,,12000,APF,apf_k_rep,240.0
dense_city,APF,19,0,0,2800.0,150.184,18.6438,0.46511,0.8602,3.8597,9.8003,1.958,2.339,10807.2359,3971,1,1931.8271,0,,,12000,APF,apf_k_rep,240.0
normal_city,APF,0,0,1,168.0,139.64,1.2031,0.02452,0.2288,1.0225,1.9376,1.82,3.285,171.7783,116,1,64.8145,0,0.0,,720,APF,apf_rho0,3.0
normal_city,APF,1,0,1,172.2,143.154,1.2029,0.02541,0.2379,1.0635,3.3141,1.768,3.915,183.1324,107,1,61.351,0,0.0,,738,APF,apf_rho0,3.0
normal_city,APF,2,0,0,2800.0,143.154,19.5593,0.34274,0.9572,4.2946,10.472,1.742,2.419,12024.923,3881,1,1697.4033,0,0.0,,12000,APF,apf_rho0,3.0
normal_city,APF,3,0,1,177.8,140.811,1.2627,0.0289,0.2524,1.1285,4.6259,1.956,2.918,200.6485,122,1,68.3969,0,0.0,,762,APF,apf_rho0,3.0
normal_city,APF,4,0,1,181.3,141.983,1.2769,0.02649,0.2579,1.1531,4.2008,1.742,3.311,209.0536,119,1,70.6932,0,0.0,,777,APF,apf_rho0,3.0
normal_city,APF,5,0,1,170.8,141.397,1.2079,0.02742,0.2303,1.0295,3.1577,1.78,3.778,175.847,105,1,61.9027,0,0.0,,732,APF,apf_rho0,3.0
normal_city,APF,6,0,1,174.3,143.154,1.2176,0.0262,0.2372,1.0602,2.7664,1.759,3.169,184.7952,116,1,71.5104,0,0.0,,747,APF,apf_rho0,3.0
normal_city,APF,7,0,1,172.9,141.983,1.2178,0.02602,0.2319,1.0364,2.4309,1.742,2.931,179.2008,113,1,66.5207,0,0.0,,741,APF,apf_rho0,3.0
normal_city,APF,8,0,0,2800.0,141.397,19.8024,0.3548,0.8959,4.0197,10.0066,1.768,2.501,11255.2316,3883,1,1778.9694,0,0.0,,12000,APF,apf_rho0,3.0
normal_city,APF,9,0,1,175.0,140.811,1.2428,0.02607,0.242,1.0816,2.8597,1.742,2.912,189.2764,117,1,71.4081,0,0.0,,750,APF,apf_rho0,3.0
normal_city,APF,10,0,1,175.0,141.983,1.2325,0.02785,0.2393,1.0698,2.6361,1.794,2.96,187.2204,118,1,72.7203,0,0.0,,750,APF,apf_rho0,3.0
normal_city,APF,11,0,1,170.8,140.811,1.213,0.02394,0.2293,1.025,3.0979,1.759,3.79,175.0676,106,1,62.0011,0,0.0,,732,APF,apf_rho0,3.0
normal_city,APF,12,0,0,13.3,140.811,0.0945,0.00857,0.0143,0.0607,0.3974,1.88,3.333,0.8069,1,0,2.5633,0,0.0,,60,APF,apf_rho0,3.0
normal_city,APF,13,0,0,2800.0,141.983,19.7207,0.36221,0.8741,3.9218,8.7146,1.794,2.288,10981.0749,3926,1,1788.9963,0,0.0,,12000,APF,apf_rho0,3.0
normal_city,APF,14,0,1,176.4,140.811,1.2527,0.02801,0.248,1.1084,3.2263,1.78,2.973,195.5248,114,1,68.673,0,0.0,,756,APF,apf_rho0,3.0
normal_city,APF,15,0,0,58.1,140.811,0.4126,0.0128,0.0975,0.4324,1.8343,1.742,2.757,25.1209,24,1,18.3087,0,0.0,,251,APF,apf_rho0,3.0
normal_city,APF,16,0,1,172.2,140.811,1.2229,0.02722,0.2344,1.0476,2.0568,1.82,2.939,180.4019,120,1,71.4025,0,0.0,,738,APF,apf_rho0,3.0
normal_city,APF,17,0,1,172.2,142.569,1.2078,0.02454,0.228,1.019,2.5247,1.768,3.025,175.4767,114,1,69.7117,0,0.0,,738,APF,apf_rho0,3.0
normal_city,APF,18,0,1,176.4,141.397,1.2476,0.03085,0.2454,1.0971,2.8523,1.742,2.945,193.5336,117,1,66.5311,0,0.0,,756,APF,apf_rho0,3.0
normal_city,APF,19,0,1,178.5,140.811,1.2677,0.02764,0.2651,1.185,3.1549,1.82,2.965,211.527,130,1,76.1772,0,0.0,,765,APF,apf_rho0,3.0
blocked_road,APF,0,0,0,2800.0,150.77,18.5714,0.3564,0.8216,3.6866,9.2943,1.82,2.304,10322.4897,3925,1,1898.9165,0,,,12000,APF,apf_rho0,3.0
blocked_road,APF,1,0,1,169.4,147.255,1.1504,0.02333,0.1631,0.7288,2.4973,1.768,4.428,123.465,76,1,56.3559,0,,,726,APF,apf_rho0,3.0
blocked_road,APF,2,0,0,46.2,149.012,0.31,0.00959,0.0776,0.3429,1.2045,1.742,2.673,15.8432,17,1,12.9886,0,,,201,APF,apf_rho0,3.0
blocked_road,APF,3,0,0,47.6,147.841,0.322,0.01187,0.0734,0.3244,2.0542,1.788,2.831,15.4419,14,1,14.7764,0,,,207,APF,apf_rho0,3.0
blocked_road,APF,4,0,0,2800.0,148.255,18.8864,0.34533,0.7631,3.4238,9.9605,1.742,2.313,9586.656,3918,1,2099.9452,0,,,12000,APF,apf_rho0,3.0
blocked_road,APF,5,0,0,2800.0,148.426,18.8646,0.33956,0.9032,4.0527,10.2962,1.78,2.304,11347.6371,3917,1,1799.8395,0,,,12000,APF,apf_rho0,3.0
blocked_road,APF,6,0,0,43.4,149.598,0.2901,0.01037,0.0674,0.2976,0.7293,1.515,2.696,12.9159,14,1,11.065,0,,,188,APF,apf_rho0,3.0
blocked_road,APF,7,0,0,98.0,149.012,0.6577,0.01695,0.1902,0.8475,1.9916,1.742,2.565,83.0583,63,1,37.8739,0,,,422,APF,apf_rho0,3.0
blocked_road,APF,8,0,0,46.2,148.426,0.3113,0.01334,0.0821,0.3631,1.3403,1.768,2.709,16.7748,18,1,13.7936,0,,,201,APF,apf_rho0,3.0
blocked_road,APF,9,0,0,5.6,147.841,0.0379,0.00615,0.059,0.2318,0.4085,2.35,3.465,1.2981,2,1,1.2904,0,,,27,APF,apf_rho0,3.0
blocked_road,APF,10,0,0,2800.0,149.012,18.7904,0.34683,0.8463,3.7971,10.0067,1.794,2.322,10631.8464,3922,1,1871.573,0,,,12000,APF,apf_rho0,3.0
blocked_road,APF,11,0,0,2800.0,147.841,18.9393,0.3456,0.8717,3.911,9.9704,1.759,2.295,10950.9279,3918,1,1829.5052,0,,,12000,APF,apf_rho0,3.0
blocked_road,APF,12,0,0,13.3,147.841,0.09,0.00773,0.0143,0.0607,0.3974,1.88,3.333,0.8069,1,0,2.5633,0,,,60,APF,apf_rho0,3.0
blocked_road,APF,13,0,0,107.8,149.012,0.7234,0.01919,0.2224,0.9916,7.6952,1.794,2.737,106.8934,78,1,42.3182,0,,,465,APF,apf_rho0,3.0
blocked_road,APF,14,0,0,42.7,147.841,0.2888,0.01084,0.0675,0.2979,0.7213,1.635,2.738,12.722,13,1,12.172,0,,,185,APF,apf_rho0,3.0
blocked_road,APF,15,0,1,174.3,147.841,1.179,0.02306,0.1879,0.8397,2.839,1.742,4.209,146.3581,90,1,57.7065,0,,,747,APF,apf_rho0,3.0
blocked_road,APF,16,0,0,2800.0,149.598,18.7168,0.35007,0.8542,3.8327,9.8172,1.82,2.309,10731.5506,3919,1,1851.1275,0,,,12000,APF,apf_rho0,3.0
blocked_road,APF,17,0,0,44.1,149.598,0.2948,0.01068,0.0883,0.39,0.7377,1.768,2.705,17.1991,16,1,12.3767,0,,,192,APF,apf_rho0,3.0
blocked_road,APF,18,0,1,176.4,148.426,1.1885,0.02641,0.1988,0.8887,2.3292,1.742,2.922,156.7654,100,1,67.9853,0,,,756,APF,apf_rho0,3.0
blocked_road,APF,19,0,0,2800.0,147.841,18.9393,0.34799,0.8394,3.7665,8.6881,1.82,2.305,10546.088,3923,1,1833.5134,0,,,12000,APF,apf_rho0,3.0
dense_city,APF,0,0,0,41.3,145.497,0.2839,0.01409,0.0832,0.367,0.8724,1.656,2.413,15.1581,17,1,16.1373,0,,,180,APF,apf_rho0,3.0
dense_city,APF,1,0,0,15.4,148.426,0.1038,0.00878,0.0115,0.0494,0.548,1.517,2.153,0.7606,1,1,2.8507,0,,,69,APF,apf_rho0,3.0
dense_city,APF,2,0,0,15.4,150.184,0.1025,0.0084,0.0115,0.0494,0.548,1.517,2.153,0.7606,1,1,2.8507,0,,,69,APF,apf_rho0,3.0
dense_city,APF,3,0,0,51.1,147.255,0.347,0.01695,0.13,0.5753,1.2343,1.573,2.345,29.3979,26,1,21.5309,0,,,221,APF,apf_rho0,3.0
dense_city,APF,4,0,0,15.4,146.669,0.105,0.00949,0.0115,0.0494,0.548,1.517,2.153,0.7606,1,1,2.8507,0,,,69,APF,apf_rho0,3.0
dense_city,APF,5,0,0,15.4,145.497,0.1058,0.01128,0.0115,0.0494,0.548,1.517,2.153,0.7606,1,1,2.8507,0,,,69,APF,apf_rho0,3.0
dense_city,APF,6,0,0,15.4,147.255,0.1046,0.00979,0.0115,0.0494,0.548,1.517,2.153,0.7606,1,1,2.8507,0,,,69,APF,apf_rho0,3.0
dense_city,APF,7,0,0,2.8,150.184,0.0186,0.00944,0.1309,0.4407,0.3972,2.306,2.61,1.234,2,0,0.931,0,,,14,APF,apf_rho0,3.0
dense_city,APF,8,0,0,15.4,151.841,0.1014,0.0096,0.0115,0.0494,0.548,1.517,2.153,0.7606,1,1,2.8507,0,,,69,APF,apf_rho0,3.0
dense_city,APF,9,0,0,26.6,148.426,0.1792,0.01174,0.0515,0.2249,0.7743,1.733,2.239,5.9818,7,1,8.2499,0,,,117,APF,apf_rho0,3.0
dense_city,APF,10,0,0,4.9,145.497,0.0337,0.00891,0.0404,0.1552,0.6588,1.847,3.0,0.7606,1,1,1.5672,0,,,24,APF,apf_rho0,3.0
dense_city,APF,11,0,0,15.4,147.255,0.1046,0.01026,0.0115,0.0494,0.548,1.517,2.153,0.7606,1,1,2.8507,0,,,69,APF,apf_rho0,3.0
dense_city,APF,12,0,0,25.9,151.841,0.1706,0.01096,0.0564,0.2464,0.8134,1.62,2.344,6.3828,8,1,8.6122,0,,,114,APF,apf_rho0,3.0
dense_city,APF,13,0,0,14.0,145.497,0.0962,0.01076,0.0127,0.0543,0.6101,1.517,2.209,0.7606,1,1,2.6754,0,,,62,APF,apf_rho0,3.0
dense_city,APF,14,0,0,15.4,145.497,0.1058,0.01041,0.0115,0.0494,0.548,1.517,2.153,0.7606,1,1,2.8507,0,,,69,APF,apf_rho0,3.0
dense_city,APF,15,0,0,15.4,145.497,0.1058,0.01065,0.0115,0.0494,0.548,1.517,2.153,0.7606,1,1,2.8507,0,,,69,APF,apf_rho0,3.0
dense_city,APF,16,0,0,19.6,148.426,0.1321,0.00914,0.0538,0.2328,0.6588,1.62,2.232,4.563,6,1,5.2072,0,,,87,APF,apf_rho0,3.0
dense_city,APF,17,0,0,15.4,144.912,0.1063,0.00911,0.0115,0.0494,0.548,1.517,2.153,0.7606,1,1,2.8507,0,,,69,APF,apf_rho0,3.0
dense_city,APF,18,0,0,15.4,150.184,0.1025,0.00981,0.0115,0.0494,0.548,1.517,2.153,0.7605,1,1,2.8505,0,,,69,APF,apf_rho0,3.0
dense_city,APF,19,0,0,2800.0,150.184,18.6438,0.29691,0.9782,4.3889,10.472,1.62,2.344,12288.9032,3944,1,1720.0856,0,,,12000,APF,apf_rho0,3.0
normal_city,APF,0,0,0,7.0,139.64,0.0501,0.00808,0.0191,0.0773,0.3356,1.593,4.444,0.5413,1,0,1.5994,0,0.0,,33,APF,apf_rho0,2.0
normal_city,APF,1,0,0,7.0,143.154,0.0489,0.00846,0.0191,0.0773,0.3356,1.593,4.444,0.5413,1,0,1.5994,0,0.0,,33,APF,apf_rho0,2.0
normal_city,APF,2,0,0,7.0,143.154,0.0489,0.00745,0.0191,0.0773,0.3356,1.593,4.444,0.5413,1,0,1.5994,0,0.0,,33,APF,apf_rho0,2.0
normal_city,APF,3,0,0,9.1,140.811,0.0646,0.01126,0.0428,0.1771,0.4182,1.571,2.558,1.6118,3,1,2.938,0,0.0,,41,APF,apf_rho0,2.0
normal_city,APF,4,0,0,7.0,141.983,0.0493,0.00987,0.0191,0.0773,0.3356,1.593,4.444,0.5413,1,0,1.5994,0,0.0,,33,APF,apf_rho0,2.0
normal_city,APF,5,0,0,7.0,141.397,0.0495,0.00848,0.0191,0.0773,0.3356,1.593,4.444,0.5413,1,0,1.5994,0,0.0,,33,APF,apf_rho0,2.0
normal_city,APF,6,0,0,7.0,143.154,0.0489,0.00854,0.0191,0.0773,0.3356,1.593,4.444,0.5413,1,0,1.5994,0,0.0,,33,APF,apf_rho0,2.0
normal_city,APF,7,0,0,7.0,141.983,0.0493,0.01093,0.0191,0.0773,0.3356,1.593,4.444,0.5413,1,0,1.5994,0,0.0,,33,APF,apf_rho0,2.0
normal_city,APF,8,0,0,7.0,141.397,0.0495,0.01271,0.0191,0.0773,0.3356,1.593,4.444,0.5413,1,0,1.5994,0,0.0,,33,APF,apf_rho0,2.0
normal_city,APF,9,0,0,7.0,140.811,0.0497,0.01034,0.0191,0.0773,0.3356,1.593,4.444,0.5413,1,0,1.5994,0,0.0,,33,APF,apf_rho0,2.0
normal_city,APF,10,0,0,7.0,141.983,0.0493,0.01203,0.0191,0.0773,0.3356,1.593,4.444,0.5413,1,0,1.5994,0,0.0,,33,APF,apf_rho0,2.0
normal_city,APF,11,0,0,7.0,140.811,0.0497,0.0086,0.0191,0.0773,0.3356,1.593,4.444,0.5413,1,0,1.5994,0,0.0,,33,APF,apf_rho0,2.0
normal_city,APF,12,0,0,7.0,140.811,0.0497,0.01098,0.0191,0.0773,0.3356,1.593,4.444,0.5413,1,0,1.5994,0,0.0,,33,APF,apf_rho0,2.0
normal_city,APF,13,0,0,7.0,141.983,0.0493,0.01084,0.0191,0.0773,0.3356,1.593,4.444,0.5413,1,0,1.5994,0,0.0,,33,APF,apf_rho0,2.0
normal_city,APF,14,0,0,7.0,140.811,0.0497,0.0115,0.0191,0.0773,0.3356,1.593,4.444,0.5413,1,0,1.5994,0,0.0,,33,APF,apf_rho0,2.0
normal_city,APF,15,0,0,7.0,140.811,0.0497,0.00914,0.0191,0.0773,0.3356,1.593,4.444,0.5413,1,0,1.5994,0,0.0,,33,APF,apf_rho0,2.0
normal_city,APF,16,0,0,7.0,140.811,0.0497,0.01111,0.0191,0.0773,0.3356,1.593,4.444,0.5413,1,0,1.5994,0,0.0,,33,APF,apf_rho0,2.0
normal_city,APF,17,0,0,7.0,142.569,0.0491,0.00817,0.0191,0.0773,0.3356,1.593,4.444,0.5413,1,0,1.5994,0,0.0,,33,APF,apf_rho0,2.0
normal_city,APF,18,0,0,7.0,141.397,0.0495,0.01226,0.0191,0.0773,0.3356,1.593,4.444,0.5413,1,0,1.5994,0,0.0,,33,APF,apf_rho0,2.0
normal_city,APF,19,0,0,7.0,140.811,0.0497,0.01114,0.0191,0.0773,0.3356,1.593,4.444,0.5413,1,0,1.5994,0,0.0,,33,APF,apf_rho0,2.0
blocked_road,APF,0,0,0,7.0,150.77,0.0464,0.00704,0.0191,0.0773,0.3356,1.593,4.444,0.5413,1,0,1.5994,0,,,33,APF,apf_rho0,2.0
blocked_road,APF,1,0,0,7.0,147.255,0.0475,0.00985,0.0191,0.0773,0.3356,1.593,4.444,0.5413,1,0,1.5994,0,,,33,APF,apf_rho0,2.0
blocked_road,APF,2,0,0,7.0,149.012,0.047,0.00647,0.0191,0.0773,0.3356,1.593,4.444,0.5413,1,0,1.5994,0,,,33,APF,apf_rho0,2.0
blocked_road,APF,3,0,0,7.0,147.841,0.0473,0.00939,0.0191,0.0773,0.3356,1.593,4.444,0.5413,1,0,1.5994,0,,,33,APF,apf_rho0,2.0
blocked_road,APF,4,0,0,7.0,148.255,0.0472,0.00762,0.0191,0.0773,0.3356,1.593,4.444,0.5413,1,0,1.5994,0,,,33,APF,apf_rho0,2.0
blocked_road,APF,5,0,0,7.0,148.426,0.0472,0.00617,0.0191,0.0773,0.3356,1.593,4.444,0.5413,1,0,1.5994,0,,,33,APF,apf_rho0,2.0
blocked_road,APF,6,0,0,7.0,149.598,0.0468,0.00783,0.0191,0.0773,0.3356,1.593,4.444,0.5413,1,0,1.5994,0,,,33,APF,apf_rho0,2.0
blocked_road,APF,7,0,0,7.0,149.012,0.047,0.00842,0.0191,0.0773,0.3356,1.593,4.444,0.5413,1,0,1.5994,0,,,33,APF,apf_rho0,2.0
blocked_road,APF,8,0,0,7.0,148.426,0.0472,0.01264,0.0191,0.0773,0.3356,1.593,4.444,0.5413,1,0,1.5994,0,,,33,APF,apf_rho0,2.0
blocked_road,APF,9,0,0,5.6,147.841,0.0379,0.01122,0.0447,0.1754,0.3008,2.3,3.427,0.9824,2,0,1.199,0,,,26,APF,apf_rho0,2.0
blocked_road,APF,10,0,0,7.0,149.012,0.047,0.00878,0.0191,0.0773,0.3356,1.593,4.444,0.5413,1,0,1.5994,0,,,33,APF,apf_rho0,2.0
blocked_road,APF,11,0,0,7.0,147.841,0.0473,0.00672,0.0191,0.0773,0.3356,1.593,4.444,0.5413,1,0,1.5994,0,,,33,APF,apf_rho0,2.0
blocked_road,APF,12,0,0,7.0,147.841,0.0473,0.00893,0.0191,0.0773,0.3356,1.593,4.444,0.5413,1,0,1.5994,0,,,33,APF,apf_rho0,2.0
blocked_road,APF,13,0,0,7.0,149.012,0.047,0.00897,0.0191,0.0773,0.3356,1.593,4.444,0.5413,1,0,1.5994,0,,,33,APF,apf_rho0,2.0
blocked_road,APF,14,0,0,7.0,147.841,0.0473,0.01035,0.0191,0.0773,0.3356,1.593,4.444,0.5413,1,0,1.5994,0,,,33,APF,apf_rho0,2.0
blocked_road,APF,15,0,0,7.0,147.841,0.0473,0.00691,0.0191,0.0773,0.3356,1.593,4.444,0.5413,1,0,1.5994,0,,,33,APF,apf_rho0,2.0
blocked_road,APF,16,0,0,7.0,149.598,0.0468,0.01096,0.0191,0.0773,0.3356,1.593,4.444,0.5413,1,0,1.5994,0,,,33,APF,apf_rho0,2.0
blocked_road,APF,17,0,0,7.0,149.598,0.0468,0.00894,0.0191,0.0773,0.3356,1.593,4.444,0.5413,1,0,1.5994,0,,,33,APF,apf_rho0,2.0
blocked_road,APF,18,0,0,7.0,148.426,0.0472,0.01051,0.0191,0.0773,0.3356,1.593,4.444,0.5413,1,0,1.5994,0,,,33,APF,apf_rho0,2.0
blocked_road,APF,19,0,0,7.0,147.841,0.0473,0.00918,0.0191,0.0773,0.3356,1.593,4.444,0.5413,1,0,1.5994,0,,,33,APF,apf_rho0,2.0
dense_city,APF,0,0,0,4.2,145.497,0.0289,0.01325,0.0466,0.1742,0.336,1.626,2.8,0.7317,1,0,1.2255,0,,,21,APF,apf_rho0,2.0
dense_city,APF,1,0,0,4.2,148.426,0.0283,0.0096,0.0334,0.1248,0.3371,1.573,3.09,0.5242,1,0,1.2614,0,,,20,APF,apf_rho0,2.0
dense_city,APF,2,0,0,4.2,150.184,0.028,0.00926,0.0334,0.1248,0.3371,1.573,3.09,0.5242,1,0,1.2614,0,,,20,APF,apf_rho0,2.0
dense_city,APF,3,0,0,4.2,147.255,0.0285,0.0116,0.0334,0.1248,0.3371,1.573,3.09,0.5242,1,0,1.2614,0,,,20,APF,apf_rho0,2.0
dense_city,APF,4,0,0,4.2,146.669,0.0286,0.01201,0.0334,0.1248,0.3371,1.573,3.09,0.5242,1,0,1.2614,0,,,20,APF,apf_rho0,2.0
dense_city,APF,5,0,0,4.2,145.497,0.0289,0.01462,0.0334,0.1248,0.3371,1.573,3.09,0.5242,1,0,1.2614,0,,,20,APF,apf_rho0,2.0
dense_city,APF,6,0,0,4.2,147.255,0.0285,0.01244,0.0334,0.1248,0.3371,1.573,3.09,0.5242,1,0,1.2614,0,,,20,APF,apf_rho0,2.0
dense_city,APF,7,0,0,2.8,150.184,0.0186,0.01392,0.1014,0.3414,0.2924,2.257,2.546,0.9558,2,0,0.8501,0,,,14,APF,apf_rho0,2.0
dense_city,APF,8,0,0,4.2,151.841,0.0277,0.01183,0.0334,0.1248,0.3371,1.573,3.09,0.5242,1,0,1.2614,0,,,20,APF,apf_rho0,2.0
dense_city,APF,9,0,0,2.8,148.426,0.0189,0.01207,0.0549,0.1848,0.2966,1.733,2.492,0.5176,1,0,1.0391,0,,,15,APF,apf_rho0,2.0
dense_city,APF,10,0,0,4.2,145.497,0.0289,0.01283,0.0334,0.1248,0.3371,1.573,3.09,0.5242,1,0,1.2614,0,,,20,APF,apf_rho0,2.0
dense_city,APF,11,0,0,4.2,147.255,0.0285,0.01218,0.0334,0.1248,0.3371,1.573,3.09,0.5242,1,0,1.2614,0,,,20,APF,apf_rho0,2.0
dense_city,APF,12,0,0,4.2,151.841,0.0277,0.01183,0.0334,0.1248,0.3371,1.573,3.09,0.5242,1,0,1.2614,0,,,20,APF,apf_rho0,2.0
dense_city,APF,13,0,0,4.2,145.497,0.0289,0.01306,0.0334,0.1248,0.3371,1.573,3.09,0.5242,1,0,1.2614,0,,,20,APF,apf_rho0,2.0
dense_city,APF,14,0,0,4.2,145.497,0.0289,0.01263,0.0334,0.1248,0.3371,1.573,3.09,0.5242,1,0,1.2614,0,,,20,APF,apf_rho0,2.0
dense_city,APF,15,0,0,4.2,145.497,0.0289,0.01286,0.0334,0.1248,0.3371,1.573,3.09,0.5242,1,0,1.2614,0,,,20,APF,apf_rho0,2.0
dense_city,APF,16,0,0,4.2,148.426,0.0283,0.01164,0.0334,0.1248,0.3371,1.573,3.09,0.5242,1,0,1.2614,0,,,20,APF,apf_rho0,2.0
dense_city,APF,17,0,0,4.2,144.912,0.029,0.01184,0.0334,0.1248,0.3371,1.573,3.09,0.5242,1,0,1.2614,0,,,20,APF,apf_rho0,2.0
dense_city,APF,18,0,0,4.2,150.184,0.028,0.01146,0.0334,0.1248,0.3371,1.573,3.09,0.5242,1,0,1.2614,0,,,20,APF,apf_rho0,2.0
dense_city,APF,19,0,0,4.2,150.184,0.028,0.00841,0.0334,0.1248,0.3371,1.573,3.09,0.5242,1,0,1.2614,0,,,20,APF,apf_rho0,2.0
normal_city,APF,0,0,1,170.1,139.64,1.2181,0.0362,0.2386,1.0666,1.9346,2.026,3.329,181.4307,122,1,71.3916,0,0.0,,729,APF,apf_rho0,4.5
normal_city,APF,1,0,1,178.5,143.154,1.2469,0.04044,0.2672,1.1943,3.4409,1.95,3.987,213.1863,126,1,69.1512,0,0.0,,765,APF,apf_rho0,4.5
normal_city,APF,2,0,0,2800.0,143.154,19.5593,0.52064,0.9577,4.2971,10.472,1.867,2.692,12031.7413,3892,1,1697.7077,0,0.0,,12000,APF,apf_rho0,4.5
normal_city,APF,3,0,1,182.0,140.811,1.2925,0.04123,0.2762,1.2349,4.062,1.949,2.992,224.7468,139,1,79.6868,0,0.0,,780,APF,apf_rho0,4.5
normal_city,APF,4,0,1,188.3,141.983,1.3262,0.04121,0.29,1.2968,4.3889,1.912,3.369,244.1842,140,1,78.3,0,0.0,,807,APF,apf_rho0,4.5
normal_city,APF,5,0,1,177.8,141.397,1.2575,0.03569,0.2665,1.1911,3.1425,1.948,3.86,211.7823,132,1,69.3802,0,0.0,,762,APF,apf_rho0,4.5
normal_city,APF,6,0,1,179.2,143.154,1.2518,0.03876,0.2751,1.23,2.801,1.961,3.263,220.4173,138,1,74.6344,0,0.0,,768,APF,apf_rho0,4.5
normal_city,APF,7,0,1,175.7,141.983,1.2375,0.04186,0.2494,1.1146,2.711,1.947,3.045,195.8398,130,1,71.4618,0,0.0,,753,APF,apf_rho0,4.5
normal_city,APF,8,0,0,2800.0,141.397,19.8024,0.51101,0.6957,3.1217,8.1828,1.981,2.469,8740.8142,3814,1,2211.4863,0,0.0,,12000,APF,apf_rho0,4.5
normal_city,APF,9,0,1,176.4,140.811,1.2527,0.04119,0.2493,1.1143,2.5338,1.97,2.991,196.5594,124,1,70.9818,0,0.0,,756,APF,apf_rho0,4.5
normal_city,APF,10,0,1,177.8,141.983,1.2523,0.04286,0.252,1.1265,2.7993,1.986,3.057,200.2854,132,1,75.2201,0,0.0,,762,APF,apf_rho0,4.5
normal_city,APF,11,0,1,176.4,140.811,1.2527,0.03699,0.2618,1.1702,3.3483,1.926,3.808,206.4291,127,1,68.2123,0,0.0,,756,APF,apf_rho0,4.5
normal_city,APF,12,0,0,14.0,140.811,0.0994,0.01229,0.0816,0.3481,0.6952,1.998,3.463,4.8734,5,1,4.8871,0,0.0,,63,APF,apf_rho0,4.5
normal_city,APF,13,0,0,2800.0,141.983,19.7207,0.53227,0.8472,3.8012,9.8295,1.978,2.318,10643.2671,3939,1,1870.1756,0,0.0,,12000,APF,apf_rho0,4.5
normal_city,APF,14,0,1,181.3,140.811,1.2875,0.04433,0.271,1.2117,3.1439,1.955,3.059,219.6757,131,1,76.9323,0,0.0,,777,APF,apf_rho0,4.5
normal_city,APF,15,0,0,60.2,140.811,0.4275,0.01927,0.1557,0.6907,2.9197,2.026,2.917,41.5783,35,1,23.7964,0,0.0,,261,APF,apf_rho0,4.5
normal_city,APF,16,0,1,173.6,140.811,1.2329,0.04295,0.241,1.0771,2.1566,2.012,3.026,186.9784,130,1,74.6277,0,0.0,,744,APF,apf_rho0,4.5
normal_city,APF,17,0,1,175.0,142.569,1.2275,0.03713,0.2464,1.1014,2.5043,1.987,3.146,192.7391,126,1,70.786,0,0.0,,750,APF,apf_rho0,4.5
normal_city,APF,18,0,1,180.6,141.397,1.2773,0.0431,0.2593,1.159,3.2193,1.957,3.082,209.3173,127,1,75.0155,0,0.0,,774,APF,apf_rho0,4.5
normal_city,APF,19,0,1,177.8,140.811,1.2627,0.04411,0.2587,1.1563,2.5192,1.962,3.04,205.5885,130,1,75.291,0,0.0,,762,APF,apf_rho0,4.5
blocked_road,APF,0,0,0,2800.0,150.77,18.5714,0.48956,0.772,3.4637,9.8161,1.979,2.317,9698.4399,3934,1,2087.9475,0,,,12000,APF,apf_rho0,4.5
blocked_road,APF,1,0,1,184.8,147.255,1.255,0.03514,0.2526,1.1296,3.6942,1.856,4.357,208.7477,117,1,76.4161,0,,,792,APF,apf_rho0,4.5
blocked_road,APF,2,0,0,49.7,149.012,0.3335,0.01438,0.159,0.7034,1.9344,1.563,2.85,34.9576,30,1,20.3453,0,,,215,APF,apf_rho0,4.5
blocked_road,APF,3,0,0,2800.0,147.841,18.9393,0.52325,0.782,3.5087,8.5188,1.917,2.21,9824.2909,3957,1,2086.4695,0,,,12000,APF,apf_rho0,4.5
blocked_road,APF,4,0,0,51.1,148.255,0.3447,0.01598,0.1345,0.5955,0.8421,2.026,2.917,30.4293,28,1,19.8231,0,,,222,APF,apf_rho0,4.5
blocked_road,APF,5,0,0,2800.0,148.426,18.8646,0.52151,0.902,4.0471,10.3715,2.0,2.315,11332.0115,3934,1,1831.7164,0,,,12000,APF,apf_rho0,4.5
blocked_road,APF,6,0,0,2800.0,149.598,18.7168,0.52997,0.7557,3.3907,7.9514,1.873,2.139,9493.9175,3869,1,2063.3428,0,,,12000,APF,apf_rho0,4.5
blocked_road,APF,7,0,0,2800.0,149.012,18.7904,0.50258,0.8053,3.6131,9.3792,1.84,2.346,10116.6321,3923,1,2007.8432,0,,,12000,APF,apf_rho0,4.5
blocked_road,APF,8,0,0,50.4,148.426,0.3396,0.01738,0.1877,0.8308,3.2365,1.782,2.862,41.8708,35,1,20.7136,0,,,218,APF,apf_rho0,4.5
blocked_road,APF,9,0,0,2800.0,147.841,18.9393,0.52961,0.7964,3.5732,9.0295,1.852,2.338,10004.9078,3938,1,2003.816,0,,,12000,APF,apf_rho0,4.5
blocked_road,APF,10,0,0,2800.0,149.012,18.7904,0.52237,0.855,3.8364,10.0456,1.949,2.317,10741.9783,3933,1,1902.6457,0,,,12000,APF,apf_rho0,4.5
blocked_road,APF,11,0,0,2800.0,147.841,18.9393,0.50526,0.8648,3.8801,10.3591,1.824,2.327,10864.3718,3935,1,1888.935,0,,,12000,APF,apf_rho0,4.5
blocked_road,APF,12,0,0,14.0,147.841,0.0947,0.00948,0.0816,0.3481,0.6952,1.998,3.463,4.8734,5,1,4.8871,0,,,63,APF,apf_rho0,4.5
blocked_road,APF,13,0,0,112.0,149.012,0.7516,0.0275,0.2592,1.1558,5.4412,1.743,2.827,129.451,95,1,50.9874,0,,,483,APF,apf_rho0,4.5
blocked_road,APF,14,0,0,2800.0,147.841,18.9393,0.52128,0.7046,3.1616,7.9024,1.93,2.253,8852.5006,3855,1,2243.5294,0,,,12000,APF,apf_rho0,4.5
blocked_road,APF,15,0,1,187.6,147.841,1.2689,0.03573,0.2729,1.2201,3.6786,1.863,4.178,228.8878,130,1,69.9447,0,,,804,APF,apf_rho0,4.5
blocked_road,APF,16,0,0,2800.0,149.598,18.7168,0.50762,0.8471,3.8009,10.0995,1.982,2.322,10642.5931,3934,1,1917.9609,0,,,12000,APF,apf_rho0,4.5
blocked_road,APF,17,0,0,2800.0,149.598,18.7168,0.50502,0.7301,3.2758,7.7404,1.877,2.152,9172.2284,3877,1,2143.1009,0,,,12000,APF,apf_rho0,4.5
blocked_road,APF,18,0,1,187.6,148.426,1.2639,0.04016,0.2653,1.186,3.2214,1.86,3.04,222.4931,131,1,74.7381,0,,,804,APF,apf_rho0,4.5
blocked_road,APF,19,0,0,2800.0,147.841,18.9393,0.51208,0.7987,3.5835,9.5795,1.959,2.336,10033.7875,3931,1,1993.6012,0,,,12000,APF,apf_rho0,4.5
dense_city,APF,0,0,0,2800.0,145.497,19.2443,0.52616,0.7823,3.5101,8.6093,1.988,2.215,9828.3727,3965,1,2138.8654,0,,,12000,APF,apf_rho0,4.5
dense_city,APF,1,0,0,2800.0,148.426,18.8646,0.50704,0.7451,3.3431,8.4242,1.928,2.249,9360.797,3916,1,2179.4357,0,,,12000,APF,apf_rho0,4.5
dense_city,APF,2,0,0,2800.0,150.184,18.6438,0.50623,0.8331,3.7379,9.64,1.955,2.282,10466.0891,3950,1,1907.5214,0,,,12000,APF,apf_rho0,4.5
dense_city,APF,3,0,0,2800.0,147.255,19.0147,0.51373,0.6885,3.0893,7.1861,1.807,1.991,8650.0372,3834,1,2297.7222,0,,,12000,APF,apf_rho0,4.5
dense_city,APF,4,0,0,70.7,146.669,0.482,0.02263,0.2175,0.9667,1.2012,1.973,2.57,68.3443,55,1,33.0823,0,,,305,APF,apf_rho0,4.5
dense_city,APF,5,0,0,2800.0,145.497,19.2443,0.52086,0.7138,3.2026,9.7283,1.894,2.759,8967.2982,3664,1,2098.385,0,,,12000,APF,apf_rho0,4.5
dense_city,APF,6,0,0,81.9,147.255,0.5562,0.02592,0.2395,1.0659,2.8855,1.886,2.544,87.2956,68,1,36.057,0,,,354,APF,apf_rho0,4.5
dense_city,APF,7,0,0,23.8,150.184,0.1585,0.01753,0.0986,0.4293,0.73,1.751,2.401,10.2182,12,1,8.78,0,,,104,APF,apf_rho0,4.5
dense_city,APF,8,0,0,59.5,151.841,0.3919,0.02112,0.1878,0.8327,2.2587,2.0,2.59,49.5483,42,1,27.5939,0,,,258,APF,apf_rho0,4.5
dense_city,APF,9,0,0,29.4,148.426,0.1981,0.01771,0.1425,0.6244,0.9393,1.695,2.469,18.3578,17,1,13.1145,0,,,128,APF,apf_rho0,4.5
dense_city,APF,10,0,0,5.6,145.497,0.0385,0.01334,0.0907,0.3562,0.9792,1.38,2.87,1.9947,2,1,2.73,0,,,26,APF,apf_rho0,4.5
dense_city,APF,11,0,0,2800.0,147.255,19.0147,0.70309,0.741,3.3249,7.8412,1.879,2.3,9309.5891,3943,1,2224.3545,0,,,12000,APF,apf_rho0,4.5
dense_city,APF,12,0,0,28.7,151.841,0.189,0.01653,0.1366,0.5982,0.9167,2.023,2.605,17.1687,15,1,12.6318,0,,,126,APF,apf_rho0,4.5
dense_city,APF,13,0,0,14.7,145.497,0.101,0.01749,0.0824,0.3521,0.8297,1.849,2.567,5.1765,6,1,5.9734,0,,,65,APF,apf_rho0,4.5
dense_city,APF,14,0,0,34.3,145.497,0.2357,0.0195,0.1319,0.5801,0.8974,1.867,2.522,19.8961,20,1,15.2239,0,,,150,APF,apf_rho0,4.5
dense_city,APF,15,0,0,2800.0,145.497,19.2443,0.52992,0.6667,2.9914,6.8885,1.884,2.429,8375.9031,3821,1,2342.6164,0,,,12000,APF,apf_rho0,4.5
dense_city,APF,16,0,0,20.3,148.426,0.1368,0.01529,0.1001,0.4338,0.8085,1.814,2.589,8.8063,8,1,8.38,0,,,90,APF,apf_rho0,4.5
dense_city,APF,17,0,0,31.5,144.912,0.2174,0.02586,0.1387,0.6085,0.7432,1.985,2.541,19.1664,17,1,13.4493,0,,,138,APF,apf_rho0,4.5
dense_city,APF,18,0,0,29.4,150.184,0.1958,0.0157,0.1141,0.4998,0.8545,2.002,2.571,14.6933,15,1,12.4656,0,,,129,APF,apf_rho0,4.5
dense_city,APF,19,0,0,2800.0,150.184,18.6438,0.39321,0.9383,4.2098,10.4253,1.968,2.185,11787.4847,3954,1,1766.9294,0,,,12000,APF,apf_rho0,4.5
normal_city,APF,0,0,1,168.0,139.64,1.2031,0.02452,0.2288,1.0225,1.9376,1.82,3.285,171.7783,116,1,64.8145,0,0.0,,720,APF,apf_step,0.7
normal_city,APF,1,0,1,172.2,143.154,1.2029,0.02541,0.2379,1.0635,3.3141,1.768,3.915,183.1324,107,1,61.351,0,0.0,,738,APF,apf_step,0.7
normal_city,APF,2,0,0,2800.0,143.154,19.5593,0.34274,0.9572,4.2946,10.472,1.742,2.419,12024.923,3881,1,1697.4033,0,0.0,,12000,APF,apf_step,0.7
normal_city,APF,3,0,1,177.8,140.811,1.2627,0.0289,0.2524,1.1285,4.6259,1.956,2.918,200.6485,122,1,68.3969,0,0.0,,762,APF,apf_step,0.7
normal_city,APF,4,0,1,181.3,141.983,1.2769,0.02649,0.2579,1.1531,4.2008,1.742,3.311,209.0536,119,1,70.6932,0,0.0,,777,APF,apf_step,0.7
normal_city,APF,5,0,1,170.8,141.397,1.2079,0.02742,0.2303,1.0295,3.1577,1.78,3.778,175.847,105,1,61.9027,0,0.0,,732,APF,apf_step,0.7
normal_city,APF,6,0,1,174.3,143.154,1.2176,0.0262,0.2372,1.0602,2.7664,1.759,3.169,184.7952,116,1,71.5104,0,0.0,,747,APF,apf_step,0.7
normal_city,APF,7,0,1,172.9,141.983,1.2178,0.02602,0.2319,1.0364,2.4309,1.742,2.931,179.2008,113,1,66.5207,0,0.0,,741,APF,apf_step,0.7
normal_city,APF,8,0,0,2800.0,141.397,19.8024,0.3548,0.8959,4.0197,10.0066,1.768,2.501,11255.2316,3883,1,1778.9694,0,0.0,,12000,APF,apf_step,0.7
normal_city,APF,9,0,1,175.0,140.811,1.2428,0.02607,0.242,1.0816,2.8597,1.742,2.912,189.2764,117,1,71.4081,0,0.0,,750,APF,apf_step,0.7
normal_city,APF,10,0,1,175.0,141.983,1.2325,0.02785,0.2393,1.0698,2.6361,1.794,2.96,187.2204,118,1,72.7203,0,0.0,,750,APF,apf_step,0.7
normal_city,APF,11,0,1,170.8,140.811,1.213,0.02394,0.2293,1.025,3.0979,1.759,3.79,175.0676,106,1,62.0011,0,0.0,,732,APF,apf_step,0.7
normal_city,APF,12,0,0,13.3,140.811,0.0945,0.00857,0.0143,0.0607,0.3974,1.88,3.333,0.8069,1,0,2.5633,0,0.0,,60,APF,apf_step,0.7
normal_city,APF,13,0,0,2800.0,141.983,19.7207,0.36221,0.8741,3.9218,8.7146,1.794,2.288,10981.0749,3926,1,1788.9963,0,0.0,,12000,APF,apf_step,0.7
normal_city,APF,14,0,1,176.4,140.811,1.2527,0.02801,0.248,1.1084,3.2263,1.78,2.973,195.5248,114,1,68.673,0,0.0,,756,APF,apf_step,0.7
normal_city,APF,15,0,0,58.1,140.811,0.4126,0.0128,0.0975,0.4324,1.8343,1.742,2.757,25.1209,24,1,18.3087,0,0.0,,251,APF,apf_step,0.7
normal_city,APF,16,0,1,172.2,140.811,1.2229,0.02722,0.2344,1.0476,2.0568,1.82,2.939,180.4019,120,1,71.4025,0,0.0,,738,APF,apf_step,0.7
normal_city,APF,17,0,1,172.2,142.569,1.2078,0.02454,0.228,1.019,2.5247,1.768,3.025,175.4767,114,1,69.7117,0,0.0,,738,APF,apf_step,0.7
normal_city,APF,18,0,1,176.4,141.397,1.2476,0.03085,0.2454,1.0971,2.8523,1.742,2.945,193.5336,117,1,66.5311,0,0.0,,756,APF,apf_step,0.7
normal_city,APF,19,0,1,178.5,140.811,1.2677,0.02764,0.2651,1.185,3.1549,1.82,2.965,211.527,130,1,76.1772,0,0.0,,765,APF,apf_step,0.7
blocked_road,APF,0,0,0,2800.0,150.77,18.5714,0.3564,0.8216,3.6866,9.2943,1.82,2.304,10322.4897,3925,1,1898.9165,0,,,12000,APF,apf_step,0.7
blocked_road,APF,1,0,1,169.4,147.255,1.1504,0.02333,0.1631,0.7288,2.4973,1.768,4.428,123.465,76,1,56.3559,0,,,726,APF,apf_step,0.7
blocked_road,APF,2,0,0,46.2,149.012,0.31,0.00959,0.0776,0.3429,1.2045,1.742,2.673,15.8432,17,1,12.9886,0,,,201,APF,apf_step,0.7
blocked_road,APF,3,0,0,47.6,147.841,0.322,0.01187,0.0734,0.3244,2.0542,1.788,2.831,15.4419,14,1,14.7764,0,,,207,APF,apf_step,0.7
blocked_road,APF,4,0,0,2800.0,148.255,18.8864,0.34533,0.7631,3.4238,9.9605,1.742,2.313,9586.656,3918,1,2099.9452,0,,,12000,APF,apf_step,0.7
blocked_road,APF,5,0,0,2800.0,148.426,18.8646,0.33956,0.9032,4.0527,10.2962,1.78,2.304,11347.6371,3917,1,1799.8395,0,,,12000,APF,apf_step,0.7
blocked_road,APF,6,0,0,43.4,149.598,0.2901,0.01037,0.0674,0.2976,0.7293,1.515,2.696,12.9159,14,1,11.065,0,,,188,APF,apf_step,0.7
blocked_road,APF,7,0,0,98.0,149.012,0.6577,0.01695,0.1902,0.8475,1.9916,1.742,2.565,83.0583,63,1,37.8739,0,,,422,APF,apf_step,0.7
blocked_road,APF,8,0,0,46.2,148.426,0.3113,0.01334,0.0821,0.3631,1.3403,1.768,2.709,16.7748,18,1,13.7936,0,,,201,APF,apf_step,0.7
blocked_road,APF,9,0,0,5.6,147.841,0.0379,0.00615,0.059,0.2318,0.4085,2.35,3.465,1.2981,2,1,1.2904,0,,,27,APF,apf_step,0.7
blocked_road,APF,10,0,0,2800.0,149.012,18.7904,0.34683,0.8463,3.7971,10.0067,1.794,2.322,10631.8464,3922,1,1871.573,0,,,12000,APF,apf_step,0.7
blocked_road,APF,11,0,0,2800.0,147.841,18.9393,0.3456,0.8717,3.911,9.9704,1.759,2.295,10950.9279,3918,1,1829.5052,0,,,12000,APF,apf_step,0.7
blocked_road,APF,12,0,0,13.3,147.841,0.09,0.00773,0.0143,0.0607,0.3974,1.88,3.333,0.8069,1,0,2.5633,0,,,60,APF,apf_step,0.7
blocked_road,APF,13,0,0,107.8,149.012,0.7234,0.01919,0.2224,0.9916,7.6952,1.794,2.737,106.8934,78,1,42.3182,0,,,465,APF,apf_step,0.7
blocked_road,APF,14,0,0,42.7,147.841,0.2888,0.01084,0.0675,0.2979,0.7213,1.635,2.738,12.722,13,1,12.172,0,,,185,APF,apf_step,0.7
blocked_road,APF,15,0,1,174.3,147.841,1.179,0.02306,0.1879,0.8397,2.839,1.742,4.209,146.3581,90,1,57.7065,0,,,747,APF,apf_step,0.7
blocked_road,APF,16,0,0,2800.0,149.598,18.7168,0.35007,0.8542,3.8327,9.8172,1.82,2.309,10731.5506,3919,1,1851.1275,0,,,12000,APF,apf_step,0.7
blocked_road,APF,17,0,0,44.1,149.598,0.2948,0.01068,0.0883,0.39,0.7377,1.768,2.705,17.1991,16,1,12.3767,0,,,192,APF,apf_step,0.7
blocked_road,APF,18,0,1,176.4,148.426,1.1885,0.02641,0.1988,0.8887,2.3292,1.742,2.922,156.7654,100,1,67.9853,0,,,756,APF,apf_step,0.7
blocked_road,APF,19,0,0,2800.0,147.841,18.9393,0.34799,0.8394,3.7665,8.6881,1.82,2.305,10546.088,3923,1,1833.5134,0,,,12000,APF,apf_step,0.7
dense_city,APF,0,0,0,41.3,145.497,0.2839,0.01409,0.0832,0.367,0.8724,1.656,2.413,15.1581,17,1,16.1373,0,,,180,APF,apf_step,0.7
dense_city,APF,1,0,0,15.4,148.426,0.1038,0.00878,0.0115,0.0494,0.548,1.517,2.153,0.7606,1,1,2.8507,0,,,69,APF,apf_step,0.7
dense_city,APF,2,0,0,15.4,150.184,0.1025,0.0084,0.0115,0.0494,0.548,1.517,2.153,0.7606,1,1,2.8507,0,,,69,APF,apf_step,0.7
dense_city,APF,3,0,0,51.1,147.255,0.347,0.01695,0.13,0.5753,1.2343,1.573,2.345,29.3979,26,1,21.5309,0,,,221,APF,apf_step,0.7
dense_city,APF,4,0,0,15.4,146.669,0.105,0.00949,0.0115,0.0494,0.548,1.517,2.153,0.7606,1,1,2.8507,0,,,69,APF,apf_step,0.7
dense_city,APF,5,0,0,15.4,145.497,0.1058,0.01128,0.0115,0.0494,0.548,1.517,2.153,0.7606,1,1,2.8507,0,,,69,APF,apf_step,0.7
dense_city,APF,6,0,0,15.4,147.255,0.1046,0.00979,0.0115,0.0494,0.548,1.517,2.153,0.7606,1,1,2.8507,0,,,69,APF,apf_step,0.7
dense_city,APF,7,0,0,2.8,150.184,0.0186,0.00944,0.1309,0.4407,0.3972,2.306,2.61,1.234,2,0,0.931,0,,,14,APF,apf_step,0.7
dense_city,APF,8,0,0,15.4,151.841,0.1014,0.0096,0.0115,0.0494,0.548,1.517,2.153,0.7606,1,1,2.8507,0,,,69,APF,apf_step,0.7
dense_city,APF,9,0,0,26.6,148.426,0.1792,0.01174,0.0515,0.2249,0.7743,1.733,2.239,5.9818,7,1,8.2499,0,,,117,APF,apf_step,0.7
dense_city,APF,10,0,0,4.9,145.497,0.0337,0.00891,0.0404,0.1552,0.6588,1.847,3.0,0.7606,1,1,1.5672,0,,,24,APF,apf_step,0.7
dense_city,APF,11,0,0,15.4,147.255,0.1046,0.01026,0.0115,0.0494,0.548,1.517,2.153,0.7606,1,1,2.8507,0,,,69,APF,apf_step,0.7
dense_city,APF,12,0,0,25.9,151.841,0.1706,0.01096,0.0564,0.2464,0.8134,1.62,2.344,6.3828,8,1,8.6122,0,,,114,APF,apf_step,0.7
dense_city,APF,13,0,0,14.0,145.497,0.0962,0.01076,0.0127,0.0543,0.6101,1.517,2.209,0.7606,1,1,2.6754,0,,,62,APF,apf_step,0.7
dense_city,APF,14,0,0,15.4,145.497,0.1058,0.01041,0.0115,0.0494,0.548,1.517,2.153,0.7606,1,1,2.8507,0,,,69,APF,apf_step,0.7
dense_city,APF,15,0,0,15.4,145.497,0.1058,0.01065,0.0115,0.0494,0.548,1.517,2.153,0.7606,1,1,2.8507,0,,,69,APF,apf_step,0.7
dense_city,APF,16,0,0,19.6,148.426,0.1321,0.00914,0.0538,0.2328,0.6588,1.62,2.232,4.563,6,1,5.2072,0,,,87,APF,apf_step,0.7
dense_city,APF,17,0,0,15.4,144.912,0.1063,0.00911,0.0115,0.0494,0.548,1.517,2.153,0.7606,1,1,2.8507,0,,,69,APF,apf_step,0.7
dense_city,APF,18,0,0,15.4,150.184,0.1025,0.00981,0.0115,0.0494,0.548,1.517,2.153,0.7605,1,1,2.8505,0,,,69,APF,apf_step,0.7
dense_city,APF,19,0,0,2800.0,150.184,18.6438,0.29691,0.9782,4.3889,10.472,1.62,2.344,12288.9032,3944,1,1720.0856,0,,,12000,APF,apf_step,0.7
normal_city,APF,0,0,1,168.5,139.64,1.2067,0.04602,0.2243,1.4049,1.1787,1.868,3.281,236.7177,157,1,51.2978,0,0.0,,858,APF,apf_step,0.5
normal_city,APF,1,0,1,171.5,143.154,1.198,0.04426,0.2323,1.4554,1.253,1.816,3.929,249.5966,147,1,38.3896,0,0.0,,874,APF,apf_step,0.5
normal_city,APF,2,0,0,2000.0,143.154,13.9709,0.48464,0.94,5.9046,2.7129,1.79,2.753,11809.1962,3832,1,45.2588,0,0.0,,8578,APF,apf_step,0.5
normal_city,APF,3,0,1,177.5,140.811,1.2606,0.05915,0.2527,1.5832,1.4862,2.082,2.934,281.0259,169,1,50.789,0,0.0,,903,APF,apf_step,0.5
normal_city,APF,4,0,1,181.5,141.983,1.2783,0.05094,0.2581,1.6169,1.6064,1.79,3.313,293.4711,165,1,45.4433,0,0.0,,921,APF,apf_step,0.5
normal_city,APF,5,0,1,171.0,141.397,1.2094,0.04907,0.232,1.4533,1.5965,1.829,3.79,248.5139,150,1,42.1211,0,0.0,,876,APF,apf_step,0.5
normal_city,APF,6,0,1,173.5,143.154,1.212,0.05935,0.2305,1.4438,1.3828,1.803,3.165,250.5036,159,1,50.9613,0,0.0,,862,APF,apf_step,0.5
normal_city,APF,7,0,1,172.5,141.983,1.2149,0.05214,0.2268,1.4211,1.4561,1.79,2.924,245.1414,153,1,52.6217,0,0.0,,887,APF,apf_step,0.5
normal_city,APF,8,0,0,2000.0,141.397,14.1446,0.50399,0.8823,5.5422,22.4622,1.816,2.526,11084.3127,3849,1,417.8348,0,0.0,,9981,APF,apf_step,0.5
normal_city,APF,9,0,1,174.5,140.811,1.2392,0.04957,0.2322,1.455,1.787,1.79,2.918,253.9001,156,1,53.1444,0,0.0,,920,APF,apf_step,0.5
normal_city,APF,10,0,1,173.0,141.983,1.2185,0.051,0.2283,1.4301,1.5555,1.842,2.932,247.4048,156,1,54.08,0,0.0,,866,APF,apf_step,0.5
normal_city,APF,11,0,1,171.0,140.811,1.2144,0.04668,0.227,1.4223,1.3843,1.803,3.784,243.2161,148,1,41.7683,0,0.0,,892,APF,apf_step,0.5
normal_city,APF,12,0,0,14.0,140.811,0.0994,0.01338,0.0215,0.1303,0.5436,1.453,3.261,1.8243,2,1,3.3688,0,0.0,,75,APF,apf_step,0.5
normal_city,APF,13,0,0,2000.0,141.983,14.0862,0.48114,0.8659,5.4392,20.2089,1.842,2.288,10878.4192,3895,1,417.1508,0,0.0,,9903,APF,apf_step,0.5
normal_city,APF,14,0,1,175.5,140.811,1.2463,0.04862,0.2417,1.5144,1.9038,1.829,2.956,265.7783,156,1,47.266,0,0.0,,883,APF,apf_step,0.5
normal_city,APF,15,0,0,58.5,140.811,0.4154,0.02112,0.1072,0.6679,0.7628,1.79,2.768,39.0744,32,1,14.4273,0,0.0,,316,APF,apf_step,0.5
normal_city,APF,16,0,1,171.5,140.811,1.2179,0.05002,0.227,1.4218,1.4441,1.868,2.933,243.844,160,1,56.8906,0,0.0,,857,APF,apf_step,0.5
normal_city,APF,17,0,1,171.0,142.569,1.1994,0.04503,0.2262,1.4174,1.657,1.816,3.01,242.3732,159,1,50.3938,0,0.0,,880,APF,apf_step,0.5
normal_city,APF,18,0,1,174.5,141.397,1.2341,0.04943,0.2339,1.4656,1.6896,1.79,2.941,255.7447,153,1,48.1913,0,0.0,,890,APF,apf_step,0.5
normal_city,APF,19,0,1,177.0,140.811,1.257,0.05025,0.2533,1.5868,1.7766,1.868,2.959,280.8601,171,1,51.556,0,0.0,,903,APF,apf_step,0.5
blocked_road,APF,0,0,0,2000.0,150.77,13.2653,0.49154,0.8164,5.1283,13.7773,1.868,2.304,10256.5507,3892,1,697.0619,0,,,9946,APF,apf_step,0.5
blocked_road,APF,1,0,0,44.5,147.255,0.3022,0.01566,0.0703,0.4368,0.4598,1.816,2.774,19.4383,21,1,10.7646,0,,,238,APF,apf_step,0.5
blocked_road,APF,2,0,0,46.5,149.012,0.3121,0.01619,0.068,0.4225,1.4388,1.663,2.688,19.6484,21,1,11.6749,0,,,254,APF,apf_step,0.5
blocked_road,APF,3,0,0,48.0,147.841,0.3247,0.01862,0.0797,0.4953,1.0388,1.534,2.872,23.7721,22,1,13.8478,0,,,253,APF,apf_step,0.5
blocked_road,APF,4,0,0,52.5,148.255,0.3541,0.01898,0.0738,0.4593,1.1727,1.79,2.719,24.1146,24,1,14.437,0,,,286,APF,apf_step,0.5
blocked_road,APF,5,0,0,2000.0,148.426,13.4747,0.46572,0.8955,5.6254,14.8703,1.829,2.297,11250.862,3888,1,324.4515,0,,,9969,APF,apf_step,0.5
blocked_road,APF,6,0,0,44.0,149.598,0.2941,0.01617,0.0709,0.4404,1.4107,1.63,2.72,19.3772,18,1,11.519,0,,,243,APF,apf_step,0.5
blocked_road,APF,7,0,0,97.5,149.012,0.6543,0.03265,0.1721,1.0757,1.0481,1.79,2.586,104.8775,79,1,32.4005,0,,,509,APF,apf_step,0.5
blocked_road,APF,8,0,0,47.0,148.426,0.3167,0.02134,0.0803,0.4991,1.4783,1.515,2.723,23.4556,25,1,12.8779,0,,,247,APF,apf_step,0.5
blocked_road,APF,9,0,0,2000.0,147.841,13.5281,0.48762,0.8172,5.1332,10.4594,1.719,2.295,10266.3561,3884,1,731.9225,0,,,9962,APF,apf_step,0.5
blocked_road,APF,10,0,0,2000.0,149.012,13.4217,0.48461,0.8373,5.2596,11.6972,1.842,2.312,10519.1045,3890,1,619.0784,0,,,9940,APF,apf_step,0.5
blocked_road,APF,11,0,0,2000.0,147.841,13.5281,0.46854,0.8469,5.3199,14.5739,1.803,2.298,10639.8309,3887,1,524.2285,0,,,9969,APF,apf_step,0.5
blocked_road,APF,12,0,0,14.0,147.841,0.0947,0.0106,0.0215,0.1303,0.5436,1.453,3.261,1.8243,2,1,3.3688,0,,,75,APF,apf_step,0.5
blocked_road,APF,13,0,0,114.0,149.012,0.765,0.03411,0.2584,1.6167,14.8634,1.842,2.727,184.3007,118,1,34.767,0,,,568,APF,apf_step,0.5
blocked_road,APF,14,0,0,42.5,147.841,0.2875,0.01822,0.0695,0.4316,0.6665,1.792,2.765,18.3437,20,1,10.7602,0,,,214,APF,apf_step,0.5
blocked_road,APF,15,0,1,174.0,147.841,1.1769,0.04227,0.1914,1.1992,1.5728,1.79,4.239,208.6657,127,1,45.3439,0,,,885,APF,apf_step,0.5
blocked_road,APF,16,0,0,2000.0,149.598,13.3692,0.50594,0.845,5.3078,12.5951,1.868,2.301,10615.5461,3882,1,570.1572,0,,,9929,APF,apf_step,0.5
blocked_road,APF,17,0,0,43.5,149.598,0.2908,0.01791,0.0701,0.4351,0.4937,1.675,2.743,18.9266,20,1,10.8073,0,,,231,APF,apf_step,0.5
blocked_road,APF,18,0,1,176.5,148.426,1.1891,0.04992,0.1916,1.2007,1.6759,1.79,2.914,211.9242,132,1,57.6651,0,,,898,APF,apf_step,0.5
blocked_road,APF,19,0,0,2000.0,147.841,13.5281,0.509,0.8295,5.2106,12.8969,1.868,2.311,10421.2517,3886,1,585.9859,0,,,9916,APF,apf_step,0.5
dense_city,APF,0,0,0,41.0,145.497,0.2818,0.02309,0.0838,0.52,0.5729,1.826,2.461,21.3199,23,1,14.3594,0,,,220,APF,apf_step,0.5
dense_city,APF,1,0,0,64.0,148.426,0.4312,0.02745,0.2112,1.3163,1.7363,1.675,2.411,84.2453,49,1,21.3919,0,,,322,APF,apf_step,0.5
dense_city,APF,2,0,0,2000.0,150.184,13.317,0.48852,0.791,4.9689,8.0921,1.596,2.223,9937.8497,3913,1,928.3433,0,,,9960,APF,apf_step,0.5
dense_city,APF,3,0,0,50.5,147.255,0.3429,0.02267,0.1109,0.6902,1.1073,1.616,2.418,34.8543,33,1,18.6204,0,,,270,APF,apf_step,0.5
dense_city,APF,4,0,0,66.5,146.669,0.4534,0.02561,0.125,0.7793,0.7853,1.582,2.433,51.8231,47,1,21.1805,0,,,347,APF,apf_step,0.5
dense_city,APF,5,0,0,2000.0,145.497,13.7459,0.51072,0.6106,3.8355,7.9584,1.675,2.681,7671.0149,3543,1,1498.0978,0,,,9979,APF,apf_step,0.5
dense_city,APF,6,0,0,75.0,147.255,0.5093,0.02885,0.1491,0.9303,1.0392,1.636,2.454,69.7759,63,1,26.2601,0,,,386,APF,apf_step,0.5
dense_city,APF,7,0,0,15.0,150.184,0.0999,0.0161,0.0193,0.117,0.7138,1.529,1.89,1.7554,3,1,3.535,0,,,63,APF,apf_step,0.5
dense_city,APF,8,0,0,55.5,151.841,0.3655,0.02396,0.0985,0.6131,0.8322,1.675,2.471,34.029,33,1,18.3521,0,,,288,APF,apf_step,0.5
dense_city,APF,9,0,0,27.0,148.426,0.1819,0.01789,0.053,0.3271,1.4068,1.73,2.356,8.8317,9,1,8.9051,0,,,142,APF,apf_step,0.5
dense_city,APF,10,0,0,5.0,145.497,0.0344,0.01259,0.056,0.3165,0.4116,1.67,3.007,1.5826,2,1,1.8316,0,,,30,APF,apf_step,0.5
dense_city,APF,11,0,0,2000.0,147.255,13.5819,0.50705,0.7678,4.8231,7.463,1.636,2.277,9646.2699,3898,1,1005.8242,0,,,10012,APF,apf_step,0.5
dense_city,APF,12,0,0,26.5,151.841,0.1745,0.01761,0.0676,0.4164,1.3447,1.707,2.424,11.0352,12,1,8.4978,0,,,147,APF,apf_step,0.5
dense_city,APF,13,0,0,13.5,145.497,0.0928,0.01605,0.0093,0.0562,0.4702,1.753,2.36,0.7581,1,1,2.5634,0,,,81,APF,apf_step,0.5
dense_city,APF,14,0,0,32.5,145.497,0.2234,0.01955,0.0552,0.3417,0.8479,1.675,2.338,11.106,13,1,10.2755,0,,,178,APF,apf_step,0.5
dense_city,APF,15,0,0,2000.0,145.497,13.7459,0.4855,0.7391,4.6426,6.8623,1.596,2.362,9285.1006,3512,1,803.474,0,,,9937,APF,apf_step,0.5
dense_city,APF,16,0,0,20.0,148.426,0.1347,0.01615,0.0371,0.2275,1.0121,1.778,2.344,4.5505,6,1,6.126,0,,,112,APF,apf_step,0.5
dense_city,APF,17,0,0,29.0,144.912,0.2001,0.0182,0.0498,0.3076,0.8416,1.675,2.354,8.9205,11,1,8.3986,0,,,166,APF,apf_step,0.5
dense_city,APF,18,0,0,28.0,150.184,0.1864,0.01704,0.0465,0.2869,1.32,1.596,2.286,8.0329,8,1,7.9621,0,,,154,APF,apf_step,0.5
dense_city,APF,19,0,0,2000.0,150.184,13.317,0.4044,0.9695,6.0903,2793.5501,1.792,2.272,12180.5749,3918,1,28.0417,0,,,11386,APF,apf_step,0.5
normal_city,APF,0,0,1,169.0,139.64,1.2103,0.02628,0.2363,0.7378,2.1608,1.578,3.285,124.6946,84,1,99.4912,0,0.0,,589,APF,apf_step,1.0
normal_city,APF,1,0,1,173.0,143.154,1.2085,0.02615,0.2412,0.7535,2.4867,1.543,3.914,130.3568,79,1,93.2819,0,0.0,,598,APF,apf_step,1.0
normal_city,APF,2,0,0,4000.0,143.154,27.9419,0.49462,0.9702,3.0473,3.1416,1.526,2.704,12189.2283,3923,1,4910.3773,0,0.0,,12251,APF,apf_step,1.0
normal_city,APF,3,0,1,179.0,140.811,1.2712,0.03129,0.2669,0.8337,2.7258,1.672,2.919,149.2246,91,1,110.0653,0,0.0,,638,APF,apf_step,1.0
normal_city,APF,4,0,1,183.0,141.983,1.2889,0.02949,0.2694,0.8418,2.6329,1.526,3.279,154.0494,90,1,108.6377,0,0.0,,632,APF,apf_step,1.0
normal_city,APF,5,0,1,172.0,141.397,1.2164,0.03238,0.2378,0.7426,2.4614,1.552,3.844,127.7291,80,1,94.6053,0,0.0,,605,APF,apf_step,1.0
normal_city,APF,6,0,1,176.0,143.154,1.2294,0.029,0.2545,0.795,2.4174,1.534,3.142,139.9277,91,1,104.8387,0,0.0,,616,APF,apf_step,1.0
normal_city,APF,7,0,1,174.0,141.983,1.2255,0.0294,0.2412,0.7534,2.3752,1.526,2.927,131.0968,85,1,100.192,0,0.0,,607,APF,apf_step,1.0
normal_city,APF,8,0,0,4000.0,141.397,28.2891,0.53886,0.9082,2.8523,3.1092,1.543,2.418,11409.3933,3911,1,4840.5314,0,0.0,,13977,APF,apf_step,1.0
normal_city,APF,9,0,1,177.0,140.811,1.257,0.03283,0.2494,0.7791,2.4808,1.526,2.929,137.898,86,1,102.9046,0,0.0,,619,APF,apf_step,1.0
normal_city,APF,10,0,1,175.0,141.983,1.2325,0.03164,0.2459,0.7682,2.354,1.56,2.942,134.4269,87,1,105.3689,0,0.0,,629,APF,apf_step,1.0
normal_city,APF,11,0,1,171.0,140.811,1.2144,0.02803,0.2289,0.7149,2.4361,1.534,3.771,122.2548,77,1,92.5191,0,0.0,,619,APF,apf_step,1.0
normal_city,APF,12,0,0,14.0,140.811,0.0994,0.01175,0.0198,0.0579,0.7624,1.493,3.135,0.8105,1,1,2.6811,0,0.0,,46,APF,apf_step,1.0
normal_city,APF,13,0,0,4000.0,141.983,28.1724,0.53584,0.8873,2.7868,3.0114,1.56,2.27,11147.2276,3950,1,4787.8402,0,0.0,,13837,APF,apf_step,1.0
normal_city,APF,14,0,1,179.0,140.811,1.2712,0.03239,0.2652,0.8284,2.6877,1.552,2.944,148.2763,89,1,106.9515,0,0.0,,614,APF,apf_step,1.0
normal_city,APF,15,0,1,176.0,140.811,1.2499,0.03028,0.2434,0.7602,2.5312,1.526,3.766,133.7976,77,1,96.4288,0,0.0,,623,APF,apf_step,1.0
normal_city,APF,16,0,1,174.0,140.811,1.2357,0.03042,0.2383,0.7442,2.1748,1.578,2.953,129.488,85,1,103.9165,0,0.0,,590,APF,apf_step,1.0
normal_city,APF,17,0,1,174.0,142.569,1.2205,0.02977,0.2372,0.7409,2.3707,1.543,3.001,128.9225,85,1,100.8818,0,0.0,,615,APF,apf_step,1.0
normal_city,APF,18,0,1,177.0,141.397,1.2518,0.03161,0.2511,0.7844,2.4291,1.526,2.939,138.8416,87,1,102.3003,0,0.0,,622,APF,apf_step,1.0
normal_city,APF,19,0,1,179.0,140.811,1.2712,0.03036,0.2674,0.8353,2.5486,1.578,2.966,149.5155,93,1,109.5569,0,0.0,,606,APF,apf_step,1.0
blocked_road,APF,0,0,0,4000.0,150.77,26.5306,0.50824,0.831,2.61,3.0125,1.578,2.302,10440.082,3948,1,4669.1175,0,,,13810,APF,apf_step,1.0
blocked_road,APF,1,0,1,170.0,147.255,1.1545,0.02397,0.164,0.5122,2.3352,1.543,4.419,87.078,55,1,75.8853,0,,,601,APF,apf_step,1.0
blocked_road,APF,2,0,0,48.0,149.012,0.3221,0.01103,0.1119,0.3443,2.1529,1.526,2.548,16.5288,15,1,17.7819,0,,,168,APF,apf_step,1.0
blocked_road,APF,3,0,0,48.0,147.841,0.3247,0.01416,0.0895,0.2755,2.3282,1.569,2.737,13.2218,12,1,17.7471,0,,,169,APF,apf_step,1.0
blocked_road,APF,4,0,0,53.0,148.255,0.3575,0.01318,0.0965,0.2974,1.2059,1.526,2.615,15.7605,17,1,19.8007,0,,,185,APF,apf_step,1.0
blocked_road,APF,5,0,0,4000.0,148.426,26.9494,0.51278,0.9182,2.884,3.1305,1.552,2.292,11535.8453,3947,1,4824.6274,0,,,13861,APF,apf_step,1.0
blocked_road,APF,6,0,0,43.0,149.598,0.2874,0.01187,0.0715,0.2194,1.0384,1.534,2.626,9.4355,11,1,13.5891,0,,,152,APF,apf_step,1.0
blocked_road,APF,7,0,0,4000.0,149.012,26.8434,0.50991,0.7685,2.4137,2.9753,1.526,2.301,9654.7162,3945,1,4536.2007,0,,,13890,APF,apf_step,1.0
blocked_road,APF,8,0,0,47.0,148.426,0.3167,0.01471,0.0986,0.3031,1.8697,1.543,2.606,14.2471,15,1,17.5294,0,,,164,APF,apf_step,1.0
blocked_road,APF,9,0,0,4000.0,147.841,27.0562,0.51425,0.8327,2.6153,2.9375,1.706,2.275,10461.3275,3946,1,4687.5895,0,,,13907,APF,apf_step,1.0
blocked_road,APF,10,0,0,4000.0,149.012,26.8434,0.50275,0.8543,2.6832,3.0548,1.56,2.317,10732.9743,3946,1,4727.1163,0,,,13910,APF,apf_step,1.0
blocked_road,APF,11,0,0,4000.0,147.841,27.0562,0.49848,0.8699,2.7322,3.0919,1.534,2.287,10928.747,3947,1,4734.3776,0,,,13856,APF,apf_step,1.0
blocked_road,APF,12,0,0,14.0,147.841,0.0947,0.0095,0.0198,0.0579,0.7624,1.493,3.135,0.8105,1,1,2.6811,0,,,46,APF,apf_step,1.0
blocked_road,APF,13,0,0,105.0,149.012,0.7046,0.02304,0.2108,0.656,1.8832,1.56,2.72,68.8769,54,1,59.6292,0,,,367,APF,apf_step,1.0
blocked_road,APF,14,0,0,42.0,147.841,0.2841,0.01334,0.0803,0.2463,1.005,1.552,2.651,10.3428,11,1,14.0579,0,,,145,APF,apf_step,1.0
blocked_road,APF,15,0,1,175.0,147.841,1.1837,0.02414,0.206,0.6435,2.4374,1.526,4.171,112.6177,69,1,88.3343,0,,,593,APF,apf_step,1.0
blocked_road,APF,16,0,0,4000.0,149.598,26.7383,0.50424,0.8585,2.6964,3.0546,1.578,2.294,10785.7294,3942,1,4716.5412,0,,,13940,APF,apf_step,1.0
blocked_road,APF,17,0,0,43.0,149.598,0.2874,0.01323,0.0786,0.2411,1.0067,1.543,2.628,10.3684,12,1,14.1599,0,,,153,APF,apf_step,1.0
blocked_road,APF,18,0,1,179.0,148.426,1.206,0.03364,0.2123,0.6632,2.4485,1.526,2.911,118.7109,76,1,98.2133,0,,,616,APF,apf_step,1.0
blocked_road,APF,19,0,0,4000.0,147.841,27.0562,0.55293,0.8465,2.6586,2.9345,1.578,2.269,10634.5761,3945,1,4710.3347,0,,,13905,APF,apf_step,1.0
dense_city,APF,0,0,0,13.0,145.497,0.0893,0.01601,0.0196,0.0569,0.6969,1.556,2.089,0.74,1,1,2.5179,0,,,50,APF,apf_step,1.0
dense_city,APF,1,0,0,12.0,148.426,0.0808,0.01078,0.0221,0.0635,0.7197,1.515,2.238,0.7623,1,1,2.4162,0,,,45,APF,apf_step,1.0
dense_city,APF,2,0,0,12.0,150.184,0.0799,0.01045,0.0221,0.0635,0.7197,1.515,2.238,0.7623,1,1,2.4162,0,,,45,APF,apf_step,1.0
dense_city,APF,3,0,0,12.0,147.255,0.0815,0.01539,0.0221,0.0635,0.7197,1.515,2.238,0.7623,1,1,2.4162,0,,,45,APF,apf_step,1.0
dense_city,APF,4,0,0,12.0,146.669,0.0818,0.01196,0.0221,0.0635,0.7197,1.515,2.238,0.7623,1,1,2.4162,0,,,45,APF,apf_step,1.0
dense_city,APF,5,0,0,12.0,145.497,0.0825,0.01457,0.0221,0.0635,0.7197,1.515,2.238,0.7623,1,1,2.4162,0,,,45,APF,apf_step,1.0
dense_city,APF,6,0,0,12.0,147.255,0.0815,0.01286,0.0221,0.0635,0.7197,1.515,2.238,0.7623,1,1,2.4162,0,,,45,APF,apf_step,1.0
dense_city,APF,7,0,0,15.0,150.184,0.0999,0.01466,0.0399,0.117,0.7138,1.529,1.907,1.7554,3,1,3.535,0,,,52,APF,apf_step,1.0
dense_city,APF,8,0,0,12.0,151.841,0.079,0.01288,0.0221,0.0635,0.7197,1.515,2.238,0.7623,1,1,2.4162,0,,,45,APF,apf_step,1.0
dense_city,APF,9,0,0,27.0,148.426,0.1819,0.01542,0.0513,0.1552,0.876,1.558,2.305,4.1899,5,1,8.0649,0,,,88,APF,apf_step,1.0
dense_city,APF,10,0,0,5.0,145.497,0.0344,0.01246,0.0607,0.1525,0.7197,1.681,2.946,0.7623,1,1,1.5729,0,,,17,APF,apf_step,1.0
dense_city,APF,11,0,0,12.0,147.255,0.0815,0.01538,0.0221,0.0635,0.7197,1.515,2.238,0.7623,1,1,2.4162,0,,,45,APF,apf_step,1.0
dense_city,APF,12,0,0,12.0,151.841,0.079,0.01261,0.0221,0.0635,0.7197,1.515,2.238,0.7623,1,1,2.4162,0,,,45,APF,apf_step,1.0
dense_city,APF,13,0,0,12.0,145.497,0.0825,0.01374,0.0221,0.0635,0.7197,1.515,2.238,0.7623,1,1,2.4162,0,,,45,APF,apf_step,1.0
dense_city,APF,14,0,0,12.0,145.497,0.0825,0.01362,0.0221,0.0635,0.7197,1.515,2.238,0.7623,1,1,2.4162,0,,,45,APF,apf_step,1.0
dense_city,APF,15,0,0,12.0,145.497,0.0825,0.0139,0.0221,0.0635,0.7197,1.515,2.238,0.7623,1,1,2.4162,0,,,45,APF,apf_step,1.0
dense_city,APF,16,0,0,12.0,148.426,0.0808,0.01216,0.0221,0.0635,0.7197,1.515,2.238,0.7623,1,1,2.4162,0,,,45,APF,apf_step,1.0
dense_city,APF,17,0,0,12.0,144.912,0.0828,0.01192,0.0221,0.0635,0.7197,1.515,2.238,0.7623,1,1,2.4162,0,,,45,APF,apf_step,1.0
dense_city,APF,18,0,0,12.0,150.184,0.0799,0.01285,0.0221,0.0635,0.7197,1.515,2.238,0.7623,1,1,2.4162,0,,,45,APF,apf_step,1.0
dense_city,APF,19,0,0,12.0,150.184,0.0799,0.00843,0.0221,0.0635,0.7197,1.515,2.238,0.7623,1,1,2.4162,0,,,45,APF,apf_step,1.0
normal_city,RRT*,0,0,1,147.921,139.64,1.0593,0.15539,0.1257,0.0694,1.138,1.849,4.337,10.2704,13,1,31.5063,0,0.0,,9026,RRT*,rrt_step,4.0
normal_city,RRT*,1,0,1,151.452,143.154,1.058,0.13802,0.1207,0.0651,0.9331,1.801,4.478,9.8552,10,1,31.8919,0,0.0,,7807,RRT*,rrt_step,4.0
normal_city,RRT*,2,0,1,146.656,143.154,1.0245,0.29469,0.1367,0.0762,1.2011,1.54,4.249,11.1694,14,1,32.3957,0,0.0,,14927,RRT*,rrt_step,4.0
normal_city,RRT*,3,0,1,146.456,140.811,1.0401,0.50305,0.1501,0.0708,1.5531,1.683,3.679,10.3708,9,1,30.3415,0,0.0,,24410,RRT*,rrt_step,4.0
normal_city,RRT*,4,0,1,153.23,141.983,1.0792,0.23883,0.1257,0.0618,1.0219,1.857,4.436,9.4764,12,1,30.8262,0,0.0,,12390,RRT*,rrt_step,4.0
normal_city,RRT*,5,0,1,150.306,141.397,1.063,0.14598,0.1087,0.0568,1.3847,1.798,4.236,8.5408,9,1,29.2285,0,0.0,,8410,RRT*,rrt_step,4.0
normal_city,RRT*,6,0,1,152.879,143.154,1.0679,0.16508,0.0793,0.0391,0.8598,2.497,4.826,5.9792,6,1,26.8068,0,0.0,,9699,RRT*,rrt_step,4.0
normal_city,RRT*,7,0,1,142.206,141.983,1.0016,1.76284,0.1245,0.0715,1.1686,1.877,3.857,10.1708,9,1,30.0705,0,0.0,,71646,RRT*,rrt_step,4.0
normal_city,RRT*,8,0,1,161.299,141.397,1.1408,0.20151,0.1067,0.0561,1.1374,1.562,4.193,9.0483,11,1,31.9019,0,0.0,,10713,RRT*,rrt_step,4.0
normal_city,RRT*,9,0,1,155.467,140.811,1.1041,0.95096,0.1475,0.0775,1.2697,1.581,3.731,12.0458,12,1,34.0125,0,0.0,,37943,RRT*,rrt_step,4.0
normal_city,RRT*,10,0,1,146.623,141.983,1.0327,0.72332,0.1531,0.0787,1.3614,1.641,3.714,11.5441,11,1,31.9952,0,0.0,,33035,RRT*,rrt_step,4.0
normal_city,RRT*,11,0,1,157.466,140.811,1.1183,0.11449,0.1328,0.0689,1.0647,1.68,4.506,10.8513,14,1,33.9182,0,0.0,,6543,RRT*,rrt_step,4.0
normal_city,RRT*,12,0,1,150.801,140.811,1.0709,1.23377,0.1898,0.1028,1.335,1.769,3.779,15.5064,14,1,35.7504,0,0.0,,50881,RRT*,rrt_step,4.0
normal_city,RRT*,13,0,1,154.144,141.983,1.0857,0.85481,0.1127,0.0551,1.1051,1.591,4.137,8.4947,7,1,30.3305,0,0.0,,37740,RRT*,rrt_step,4.0
normal_city,RRT*,14,0,1,150.796,140.811,1.0709,0.65207,0.1143,0.0619,0.905,2.074,4.218,9.3341,10,1,30.1532,0,0.0,,30269,RRT*,rrt_step,4.0
normal_city,RRT*,15,0,1,147.217,140.811,1.0455,0.18943,0.1072,0.0595,1.0761,1.959,4.545,8.7562,9,1,30.1102,0,0.0,,9757,RRT*,rrt_step,4.0
normal_city,RRT*,16,0,1,157.457,140.811,1.1182,0.30898,0.0853,0.0443,0.8182,1.988,3.882,6.9696,5,1,28.4471,0,0.0,,15479,RRT*,rrt_step,4.0
normal_city,RRT*,17,0,1,155.296,142.569,1.0893,0.36305,0.0827,0.0418,1.1325,1.503,4.469,6.497,6,1,28.3271,0,0.0,,16093,RRT*,rrt_step,4.0
normal_city,RRT*,18,0,1,146.109,141.397,1.0333,0.36556,0.1269,0.0682,0.9896,1.55,3.768,9.9693,11,1,31.188,0,0.0,,17238,RRT*,rrt_step,4.0
normal_city,RRT*,19,0,1,154.156,140.811,1.0948,0.47468,0.1429,0.0786,1.1537,1.81,3.865,12.122,12,1,33.6576,0,0.0,,22425,RRT*,rrt_step,4.0
blocked_road,RRT*,0,0,1,151.15,150.77,1.0025,0.51788,0.0942,0.0509,0.791,1.522,5.448,7.6967,10,1,29.3493,0,,,24073,RRT*,rrt_step,4.0
blocked_road,RRT*,1,0,1,149.369,147.255,1.0144,0.27525,0.1203,0.0632,0.8259,1.897,4.605,9.4472,12,1,30.6132,0,,,13323,RRT*,rrt_step,4.0
blocked_road,RRT*,2,0,1,148.937,149.012,0.9995,0.19124,0.1105,0.0583,0.7633,1.66,4.885,8.6786,12,1,29.9413,0,,,10161,RRT*,rrt_step,4.0
blocked_road,RRT*,3,0,1,156.987,147.841,1.0619,0.55812,0.1125,0.063,1.2978,2.151,4.163,9.8936,10,1,31.7879,0,,,27393,RRT*,rrt_step,4.0
blocked_road,RRT*,4,0,1,154.882,148.255,1.0447,0.45385,0.1261,0.0614,1.1277,1.514,3.509,9.5047,13,1,31.6922,0,,,20234,RRT*,rrt_step,4.0
blocked_road,RRT*,5,0,1,148.375,148.426,0.9997,0.4446,0.1004,0.0553,1.3696,1.793,4.435,8.1991,8,1,28.9483,0,,,21451,RRT*,rrt_step,4.0
blocked_road,RRT*,6,0,1,158.186,149.598,1.0574,0.18301,0.1307,0.0701,1.3449,1.585,4.402,11.089,12,1,33.5474,0,,,9288,RRT*,rrt_step,4.0
blocked_road,RRT*,7,0,1,154.247,149.012,1.0351,0.32579,0.1049,0.0577,0.9169,1.765,4.441,8.8958,11,1,30.0357,0,,,16257,RRT*,rrt_step,4.0
blocked_road,RRT*,8,0,1,149.341,148.426,1.0062,2.32125,0.0984,0.0538,1.2046,1.794,3.907,8.0404,8,1,28.3782,0,,,93715,RRT*,rrt_step,4.0
blocked_road,RRT*,9,0,1,153.649,147.841,1.0393,0.70434,0.1409,0.0691,1.1948,1.884,3.438,10.6243,13,1,32.7064,0,,,31798,RRT*,rrt_step,4.0
blocked_road,RRT*,10,0,1,157.943,149.012,1.0599,0.61106,0.0969,0.052,1.204,2.133,4.007,8.2185,9,1,30.437,0,,,28057,RRT*,rrt_step,4.0
blocked_road,RRT*,11,0,1,158.781,147.841,1.074,0.571,0.0755,0.0388,0.764,1.698,6.356,6.1662,5,1,27.4412,0,,,25829,RRT*,rrt_step,4.0
blocked_road,RRT*,12,0,1,154.196,147.841,1.043,0.91098,0.1474,0.0841,1.3489,1.805,3.743,12.9661,13,1,34.2158,0,,,41394,RRT*,rrt_step,4.0
blocked_road,RRT*,13,0,1,151.777,149.012,1.0186,0.73203,0.1198,0.057,1.5262,1.537,3.623,8.658,7,1,29.2538,0,,,29954,RRT*,rrt_step,4.0
blocked_road,RRT*,14,0,1,154.286,147.841,1.0436,0.84699,0.0859,0.0455,0.5368,1.807,3.692,7.0151,8,1,28.5391,0,,,37950,RRT*,rrt_step,4.0
blocked_road,RRT*,15,0,1,158.489,147.841,1.072,0.8735,0.062,0.0307,0.5995,3.013,5.642,4.8673,5,1,25.7266,0,,,37982,RRT*,rrt_step,4.0
blocked_road,RRT*,16,0,1,158.283,149.598,1.0581,0.33899,0.1092,0.0542,0.7043,1.796,3.935,8.576,9,1,31.2849,0,,,17139,RRT*,rrt_step,4.0
blocked_road,RRT*,17,0,1,167.56,149.598,1.1201,2.2332,0.0824,0.0433,0.8181,1.705,4.994,7.25,7,1,30.3904,0,,,93110,RRT*,rrt_step,4.0
blocked_road,RRT*,18,0,1,158.998,148.426,1.0712,0.50068,0.143,0.0763,1.0716,1.914,3.644,12.1329,16,1,35.9351,0,,,23405,RRT*,rrt_step,4.0
blocked_road,RRT*,19,0,1,151.894,147.841,1.0274,0.28868,0.1295,0.0723,1.2017,1.748,3.771,10.9888,11,1,32.0968,0,,,13913,RRT*,rrt_step,4.0
dense_city,RRT*,0,0,1,160.135,145.497,1.1006,1.12704,0.1111,0.0545,1.2404,1.587,2.815,8.7236,9,1,30.3192,0,,,41870,RRT*,rrt_step,4.0
dense_city,RRT*,1,0,1,151.418,148.426,1.0202,1.60846,0.1122,0.0582,1.3379,2.038,3.189,8.8129,8,1,29.4646,0,,,56697,RRT*,rrt_step,4.0
dense_city,RRT*,2,0,1,154.86,150.184,1.0311,1.17492,0.1219,0.0618,1.5685,1.89,3.012,9.5735,8,1,30.4245,0,,,39968,RRT*,rrt_step,4.0
dense_city,RRT*,3,0,1,158.094,147.255,1.0736,0.50236,0.1048,0.0583,1.619,1.751,2.981,9.2177,6,1,30.094,0,,,18989,RRT*,rrt_step,4.0
dense_city,RRT*,4,0,1,153.554,146.669,1.0469,0.34634,0.1321,0.073,1.5309,1.68,3.188,11.2021,10,1,32.5797,0,,,14723,RRT*,rrt_step,4.0
dense_city,RRT*,5,0,1,158.08,145.497,1.0865,3.02622,0.1218,0.0702,1.6943,1.562,3.146,11.1011,12,1,33.0563,0,,,73284,RRT*,rrt_step,4.0
dense_city,RRT*,6,0,1,156.4,147.255,1.0621,0.56541,0.1268,0.0662,1.4389,1.804,2.941,10.36,8,1,31.5732,0,,,17791,RRT*,rrt_step,4.0
dense_city,RRT*,7,0,1,150.015,150.184,0.9989,21.50567,0.1444,0.0786,1.0357,2.208,3.065,11.7921,13,1,32.855,0,,,892190,RRT*,rrt_step,4.0
dense_city,RRT*,8,0,1,160.268,151.841,1.0555,7.12783,0.1007,0.0533,1.2712,1.942,3.164,8.54,7,1,29.8659,0,,,199558,RRT*,rrt_step,4.0
dense_city,RRT*,9,0,1,157.515,148.426,1.0612,1.1946,0.1247,0.0721,1.5582,1.508,2.765,11.3605,11,1,34.0127,0,,,27920,RRT*,rrt_step,4.0
dense_city,RRT*,10,0,1,159.603,145.497,1.0969,0.55973,0.1494,0.0765,1.2245,1.871,3.012,12.202,12,1,34.6914,0,,,19912,RRT*,rrt_step,4.0
dense_city,RRT*,11,0,1,168.922,147.255,1.1471,1.59836,0.1521,0.0792,1.1836,1.577,2.97,13.377,10,1,35.5931,0,,,54561,RRT*,rrt_step,4.0
dense_city,RRT*,12,0,1,158.21,151.841,1.0419,0.48163,0.144,0.0743,1.1253,1.684,2.938,11.7582,13,1,34.3228,0,,,18352,RRT*,rrt_step,4.0
dense_city,RRT*,13,0,1,159.674,145.497,1.0974,0.49766,0.0917,0.0523,1.0768,1.614,3.141,8.3525,6,1,30.4629,0,,,19473,RRT*,rrt_step,4.0
dense_city,RRT*,14,0,1,148.428,145.497,1.0201,1.01193,0.1635,0.0796,1.3109,1.646,2.909,11.8167,10,1,32.5453,0,,,34284,RRT*,rrt_step,4.0
dense_city,RRT*,15,0,1,150.308,145.497,1.0331,1.6982,0.1907,0.1036,1.2537,1.688,3.018,15.5779,14,1,36.7268,0,,,58051,RRT*,rrt_step,4.0
dense_city,RRT*,16,0,1,153.278,148.426,1.0327,1.28728,0.1433,0.0852,1.3899,1.693,3.044,13.0518,14,1,34.1998,0,,,41193,RRT*,rrt_step,4.0
dense_city,RRT*,17,0,1,157.169,144.912,1.0846,0.6816,0.1021,0.049,1.242,1.852,3.512,7.7003,7,1,28.6634,0,,,25505,RRT*,rrt_step,4.0
dense_city,RRT*,18,0,1,155.956,150.184,1.0384,1.21679,0.1152,0.058,1.061,1.775,3.078,9.0517,9,1,30.569,0,,,45113,RRT*,rrt_step,4.0
dense_city,RRT*,19,0,1,158.747,150.184,1.057,1.11298,0.0956,0.0492,1.2877,1.588,3.075,7.8099,7,1,28.6005,0,,,45505,RRT*,rrt_step,4.0
normal_city,RRT*,0,0,1,153.837,139.64,1.1017,0.54563,0.1046,0.0577,1.3751,1.704,6.405,8.8711,10,1,30.3028,0,0.0,,27630,RRT*,rrt_step,3.0
normal_city,RRT*,1,0,1,145.866,143.154,1.0189,0.23599,0.107,0.0599,1.1658,1.743,4.538,8.7429,7,1,29.4939,0,0.0,,12867,RRT*,rrt_step,3.0
normal_city,RRT*,2,0,1,148.213,143.154,1.0353,0.62175,0.1015,0.0602,1.0904,1.85,4.166,8.9268,7,1,29.4929,0,0.0,,29726,RRT*,rrt_step,3.0
normal_city,RRT*,3,0,1,144.087,140.811,1.0233,0.29137,0.1273,0.0777,0.8278,1.512,3.353,11.1985,16,1,33.1301,0,0.0,,15258,RRT*,rrt_step,3.0
normal_city,RRT*,4,0,1,144.625,141.983,1.0186,0.28617,0.097,0.0611,1.0176,1.613,4.118,8.8398,11,1,28.8436,0,0.0,,15547,RRT*,rrt_step,3.0
normal_city,RRT*,5,0,1,143.345,141.397,1.0138,0.22995,0.1297,0.0739,1.2439,1.943,5.138,10.5956,11,1,31.2342,0,0.0,,12587,RRT*,rrt_step,3.0
normal_city,RRT*,6,0,1,147.756,143.154,1.0321,0.38262,0.0985,0.0566,0.7965,2.013,4.259,8.3567,11,1,29.2125,0,0.0,,18836,RRT*,rrt_step,3.0
normal_city,RRT*,7,0,1,147.396,141.983,1.0381,0.88468,0.112,0.0668,0.9398,1.658,3.384,9.8521,10,1,30.0151,0,0.0,,36166,RRT*,rrt_step,3.0
normal_city,RRT*,8,0,1,147.903,141.397,1.046,0.19946,0.12,0.0714,1.2742,1.942,3.918,10.5601,11,1,31.1206,0,0.0,,10435,RRT*,rrt_step,3.0
normal_city,RRT*,9,0,1,143.195,140.811,1.0169,8.73261,0.1155,0.0634,1.0517,1.952,3.988,9.0747,8,1,29.347,0,0.0,,276026,RRT*,rrt_step,3.0
normal_city,RRT*,10,0,1,147.443,141.983,1.0385,0.77194,0.1159,0.0617,1.3578,1.716,4.014,9.1035,7,1,29.0329,0,0.0,,33027,RRT*,rrt_step,3.0
normal_city,RRT*,11,0,1,143.593,140.811,1.0198,0.47353,0.1106,0.0581,0.9883,1.859,4.735,8.3389,6,1,28.5956,0,0.0,,21251,RRT*,rrt_step,3.0
normal_city,RRT*,12,0,1,141.664,140.811,1.0061,1.15169,0.1164,0.0697,1.2049,1.752,3.887,9.8727,7,1,29.8057,0,0.0,,46348,RRT*,rrt_step,3.0
normal_city,RRT*,13,0,1,142.638,141.983,1.0046,0.80305,0.1264,0.0779,1.5196,1.842,3.426,11.1186,8,1,31.864,0,0.0,,35324,RRT*,rrt_step,3.0
normal_city,RRT*,14,0,1,144.699,140.811,1.0276,0.68258,0.1442,0.0845,0.8858,2.2,3.782,12.234,15,1,33.2714,0,0.0,,30993,RRT*,rrt_step,3.0
normal_city,RRT*,15,0,1,155.263,140.811,1.1026,0.39743,0.0687,0.0403,1.0004,1.659,4.111,6.2573,4,1,27.8063,0,0.0,,20373,RRT*,rrt_step,3.0
normal_city,RRT*,16,0,1,148.372,140.811,1.0537,0.88303,0.1473,0.078,1.3732,1.518,3.546,11.5663,12,1,33.1193,0,0.0,,37657,RRT*,rrt_step,3.0
normal_city,RRT*,17,0,1,152.572,142.569,1.0702,1.03257,0.1222,0.0704,0.9544,1.541,4.134,10.7481,11,1,32.6237,0,0.0,,47105,RRT*,rrt_step,3.0
normal_city,RRT*,18,0,1,142.775,141.397,1.0097,1.66076,0.1112,0.0636,0.9432,1.82,3.893,9.0845,8,1,29.1456,0,0.0,,70025,RRT*,rrt_step,3.0
normal_city,RRT*,19,0,1,147.167,140.811,1.0451,2.76358,0.0986,0.0526,0.9136,2.367,4.113,7.7475,7,1,28.3657,0,0.0,,106791,RRT*,rrt_step,3.0
blocked_road,RRT*,0,0,1,180.821,150.77,1.1993,0.36015,0.1275,0.0753,1.7535,1.547,4.378,13.6228,14,1,40.1525,0,,,18345,RRT*,rrt_step,3.0
blocked_road,RRT*,1,0,1,183.491,147.255,1.2461,1.15678,0.1063,0.0619,1.1637,1.598,5.944,11.3553,13,1,37.3253,0,,,46752,RRT*,rrt_step,3.0
blocked_road,RRT*,2,0,1,157.032,149.012,1.0538,0.38597,0.0973,0.0564,1.3406,1.831,4.493,8.8634,9,1,31.5791,0,,,18176,RRT*,rrt_step,3.0
blocked_road,RRT*,3,0,1,157.222,147.841,1.0635,3.16321,0.0637,0.0369,0.7547,1.816,4.304,5.7991,5,1,27.5142,0,,,115778,RRT*,rrt_step,3.0
blocked_road,RRT*,4,0,1,158.342,148.255,1.068,1.00589,0.0732,0.0436,0.7683,1.562,4.035,6.8969,5,1,29.0042,0,,,41280,RRT*,rrt_step,3.0
blocked_road,RRT*,5,0,1,152.397,148.426,1.0268,0.60688,0.0932,0.0499,0.9458,1.801,4.579,7.6102,8,1,29.3149,0,,,25269,RRT*,rrt_step,3.0
blocked_road,RRT*,6,0,1,148.872,149.598,0.9951,0.54539,0.0756,0.0479,0.9401,2.41,5.81,7.1297,5,1,27.8882,0,,,27762,RRT*,rrt_step,3.0
blocked_road,RRT*,7,0,1,153.572,149.012,1.0306,0.24312,0.0884,0.0506,0.8702,1.744,3.992,7.7778,7,1,29.4266,0,,,13461,RRT*,rrt_step,3.0
blocked_road,RRT*,8,0,1,149.164,148.426,1.005,1.4742,0.0833,0.0456,0.7904,1.794,3.641,6.8062,7,1,26.9041,0,,,60799,RRT*,rrt_step,3.0
blocked_road,RRT*,9,0,1,159.661,147.841,1.08,2.7307,0.069,0.0366,0.9253,2.188,3.871,5.8514,5,1,27.0715,0,,,108880,RRT*,rrt_step,3.0
blocked_road,RRT*,10,0,1,153.526,149.012,1.0303,0.91856,0.1111,0.0659,1.1646,1.968,3.76,10.1199,10,1,31.9531,0,,,41176,RRT*,rrt_step,3.0
blocked_road,RRT*,11,0,1,151.58,147.841,1.0253,0.59114,0.0914,0.0531,0.9891,1.86,4.717,8.0436,10,1,29.715,0,,,26887,RRT*,rrt_step,3.0
blocked_road,RRT*,12,0,1,157.407,147.841,1.0647,2.15683,0.1003,0.054,1.1333,2.025,3.77,8.5068,10,1,30.735,0,,,88544,RRT*,rrt_step,3.0
blocked_road,RRT*,13,0,1,152.179,149.012,1.0213,1.05801,0.0821,0.0492,0.8783,1.793,3.344,7.4837,8,1,28.9927,0,,,47043,RRT*,rrt_step,3.0
blocked_road,RRT*,14,0,1,150.321,147.841,1.0168,1.16869,0.084,0.0509,1.1287,1.688,4.09,7.6559,7,1,28.5287,0,,,55465,RRT*,rrt_step,3.0
blocked_road,RRT*,15,0,1,185.094,147.841,1.252,1.17644,0.0754,0.0474,1.1247,1.899,5.595,8.7676,7,1,33.0598,0,,,52281,RRT*,rrt_step,3.0
blocked_road,RRT*,16,0,1,155.615,149.598,1.0402,2.28781,0.0851,0.0464,0.8009,1.598,3.815,7.2177,5,1,28.8508,0,,,99821,RRT*,rrt_step,3.0
blocked_road,RRT*,17,0,1,150.824,149.598,1.0082,1.33068,0.086,0.0484,1.2081,1.716,4.507,7.2928,5,1,28.2808,0,,,60850,RRT*,rrt_step,3.0
blocked_road,RRT*,18,0,1,161.819,148.426,1.0902,0.40429,0.0854,0.0481,0.6555,2.044,4.318,7.7839,8,1,30.927,0,,,19788,RRT*,rrt_step,3.0
blocked_road,RRT*,19,0,1,158.182,147.841,1.0699,2.20975,0.0908,0.0523,1.0296,1.756,4.13,8.2726,8,1,30.4983,0,,,89509,RRT*,rrt_step,3.0
dense_city,RRT*,0,0,1,154.503,145.497,1.0619,5.13642,0.1757,0.0965,2.8319,1.706,2.989,14.9057,12,1,34.6023,0,,,179662,RRT*,rrt_step,3.0
dense_city,RRT*,1,0,1,152.996,148.426,1.0308,6.02334,0.1245,0.0716,1.0024,1.617,3.2,10.9531,9,1,32.0775,0,,,215643,RRT*,rrt_step,3.0
dense_city,RRT*,2,0,1,151.983,150.184,1.012,3.0723,0.107,0.0619,0.7963,1.552,2.939,9.4108,11,1,30.727,0,,,109723,RRT*,rrt_step,3.0
dense_city,RRT*,3,0,1,154.713,147.255,1.0506,0.5856,0.1,0.063,1.3163,1.508,2.636,9.7403,9,1,31.5616,0,,,24584,RRT*,rrt_step,3.0
dense_city,RRT*,4,0,1,158.041,146.669,1.0775,0.80662,0.0984,0.0607,1.3662,1.515,3.264,9.586,5,1,31.1372,0,,,32023,RRT*,rrt_step,3.0
dense_city,RRT*,5,0,1,156.175,145.497,1.0734,0.75242,0.1067,0.0622,1.2897,1.55,2.938,9.7184,7,1,30.7989,0,,,29211,RRT*,rrt_step,3.0
dense_city,RRT*,6,0,1,150.899,147.255,1.0247,1.84122,0.132,0.0742,1.6048,1.733,2.954,11.1924,9,1,31.2679,0,,,60075,RRT*,rrt_step,3.0
dense_city,RRT*,7,0,1,151.439,150.184,1.0084,11.90437,0.1131,0.0657,1.1046,1.937,2.819,9.9524,10,1,31.1218,0,,,386240,RRT*,rrt_step,3.0
dense_city,RRT*,8,0,1,148.364,151.841,0.9771,10.83135,0.1192,0.0707,0.989,2.077,3.01,10.486,12,1,32.1717,0,,,370968,RRT*,rrt_step,3.0
dense_city,RRT*,9,0,1,160.049,148.426,1.0783,0.91009,0.0985,0.0522,1.2034,1.575,3.128,8.3513,5,1,29.7369,0,,,33948,RRT*,rrt_step,3.0
dense_city,RRT*,10,0,1,153.883,145.497,1.0576,1.04323,0.1404,0.0802,1.0584,1.546,2.829,12.3459,12,1,33.6776,0,,,41821,RRT*,rrt_step,3.0
dense_city,RRT*,11,0,1,151.434,147.255,1.0284,1.49299,0.1311,0.0761,1.0501,1.9,2.95,11.53,11,1,32.8213,0,,,54787,RRT*,rrt_step,3.0
dense_city,RRT*,12,0,1,156.969,151.841,1.0338,1.13774,0.0978,0.0568,1.1596,1.814,2.845,8.9119,6,1,30.4408,0,,,40398,RRT*,rrt_step,3.0
dense_city,RRT*,13,0,1,148.434,145.497,1.0202,1.64001,0.1445,0.0795,1.4425,1.916,2.762,11.8016,11,1,32.3835,0,,,60612,RRT*,rrt_step,3.0
dense_city,RRT*,14,0,1,146.301,145.497,1.0055,3.93964,0.1412,0.0849,1.2113,1.506,3.007,12.424,12,1,32.8584,0,,,130485,RRT*,rrt_step,3.0
dense_city,RRT*,15,0,1,151.288,145.497,1.0398,8.12841,0.1463,0.082,1.2327,1.643,2.861,12.4079,13,1,33.6953,0,,,313104,RRT*,rrt_step,3.0
dense_city,RRT*,16,0,1,157.055,148.426,1.0581,0.716,0.1049,0.065,1.1597,2.123,3.098,10.216,8,1,32.8878,0,,,26972,RRT*,rrt_step,3.0
dense_city,RRT*,17,0,1,150.631,144.912,1.0395,0.19925,0.1347,0.0758,1.2547,1.758,3.6,11.4234,10,1,32.3996,0,,,10149,RRT*,rrt_step,3.0
dense_city,RRT*,18,0,1,153.088,150.184,1.0193,0.52491,0.1286,0.0818,1.2472,1.822,3.066,12.5287,11,1,34.5191,0,,,19761,RRT*,rrt_step,3.0
dense_city,RRT*,19,0,1,158.741,150.184,1.057,1.60577,0.0811,0.0466,0.9169,1.697,2.83,7.3931,5,1,29.0924,0,,,69214,RRT*,rrt_step,3.0
normal_city,RRT*,0,0,1,152.741,139.64,1.0938,0.5989,0.1278,0.0657,1.4534,2.112,5.14,10.0342,9,1,31.7603,0,0.0,,26814,RRT*,rrt_step,6.0
normal_city,RRT*,1,0,1,165.894,143.154,1.1588,0.0374,0.1478,0.0784,1.587,2.402,5.685,12.9989,14,1,36.8356,0,0.0,,2347,RRT*,rrt_step,6.0
normal_city,RRT*,2,0,1,163.959,143.154,1.1453,0.54048,0.1527,0.0848,1.1169,1.982,5.51,13.911,14,1,38.0396,0,0.0,,24028,RRT*,rrt_step,6.0
normal_city,RRT*,3,0,1,157.191,140.811,1.1163,0.50264,0.1265,0.0632,1.7753,1.652,3.877,9.932,10,1,31.7806,0,0.0,,21576,RRT*,rrt_step,6.0
normal_city,RRT*,4,0,1,169.166,141.983,1.1915,0.09768,0.1904,0.099,1.1772,1.741,4.593,16.7482,17,1,40.8026,0,0.0,,4936,RRT*,rrt_step,6.0
normal_city,RRT*,5,0,1,156.746,141.397,1.1086,0.10213,0.1965,0.1024,1.0056,1.672,4.216,16.0487,17,1,38.7149,0,0.0,,5381,RRT*,rrt_step,6.0
normal_city,RRT*,6,0,1,152.422,143.154,1.0647,0.10897,0.172,0.0922,1.1107,1.567,5.309,14.0528,13,1,35.0758,0,0.0,,5593,RRT*,rrt_step,6.0
normal_city,RRT*,7,0,1,159.828,141.983,1.1257,0.42312,0.1664,0.0883,1.3647,1.722,4.17,14.116,14,1,36.919,0,0.0,,18605,RRT*,rrt_step,6.0
normal_city,RRT*,8,0,1,156.269,141.397,1.1052,0.18067,0.1581,0.0795,1.1295,1.925,4.093,12.4194,14,1,34.6144,0,0.0,,8817,RRT*,rrt_step,6.0
normal_city,RRT*,9,0,1,167.114,140.811,1.1868,0.07855,0.1845,0.0971,1.3152,1.763,3.789,16.228,16,1,40.382,0,0.0,,4349,RRT*,rrt_step,6.0
normal_city,RRT*,10,0,1,155.323,141.983,1.094,0.19341,0.1321,0.0695,1.4924,1.801,3.724,10.7875,11,1,32.1609,0,0.0,,8867,RRT*,rrt_step,6.0
normal_city,RRT*,11,0,1,163.596,140.811,1.1618,0.09741,0.175,0.0907,1.3076,1.659,4.83,14.8421,17,1,38.6302,0,0.0,,4795,RRT*,rrt_step,6.0
normal_city,RRT*,12,0,1,153.181,140.811,1.0878,0.1707,0.1561,0.0832,1.3439,1.675,3.953,12.751,11,1,35.1152,0,0.0,,7850,RRT*,rrt_step,6.0
normal_city,RRT*,13,0,1,148.711,141.983,1.0474,0.33836,0.1114,0.0612,1.1912,1.972,3.889,9.1021,10,1,30.8026,0,0.0,,14985,RRT*,rrt_step,6.0
normal_city,RRT*,14,0,1,155.504,140.811,1.1043,0.58336,0.1326,0.067,1.4327,1.935,3.875,10.4179,9,1,32.5194,0,0.0,,24939,RRT*,rrt_step,6.0
normal_city,RRT*,15,0,1,153.282,140.811,1.0886,0.04726,0.1269,0.065,1.0312,1.516,5.446,9.9701,12,1,32.0534,0,0.0,,2527,RRT*,rrt_step,6.0
normal_city,RRT*,16,0,1,165.527,140.811,1.1755,0.13555,0.151,0.0774,1.0209,1.615,3.819,12.8103,14,1,36.5916,0,0.0,,6746,RRT*,rrt_step,6.0
normal_city,RRT*,17,0,1,157.794,142.569,1.1068,0.37662,0.1775,0.0954,1.9641,1.712,4.172,15.0572,15,1,36.8922,0,0.0,,17050,RRT*,rrt_step,6.0
normal_city,RRT*,18,0,1,151.138,141.397,1.0689,1.3141,0.1609,0.0836,1.647,2.24,4.104,12.6355,10,1,33.6795,0,0.0,,51234,RRT*,rrt_step,6.0
normal_city,RRT*,19,0,1,154.786,140.811,1.0992,0.36831,0.1079,0.0548,0.8742,1.503,3.638,8.4754,12,1,30.6283,0,0.0,,15977,RRT*,rrt_step,6.0
blocked_road,RRT*,0,0,1,153.279,150.77,1.0166,0.16043,0.08,0.041,0.5572,2.619,5.962,6.2826,6,1,27.203,0,,,7794,RRT*,rrt_step,6.0
blocked_road,RRT*,1,0,1,161.765,147.255,1.0985,0.1728,0.1384,0.0699,1.0404,1.683,4.859,11.3046,14,1,34.0935,0,,,7814,RRT*,rrt_step,6.0
blocked_road,RRT*,2,0,1,164.11,149.012,1.1013,0.29333,0.1526,0.0759,1.3066,1.633,4.712,12.4624,14,1,35.1016,0,,,11975,RRT*,rrt_step,6.0
blocked_road,RRT*,3,0,1,160.523,147.841,1.0858,0.13062,0.135,0.0713,1.1482,1.804,3.897,11.4508,11,1,33.5382,0,,,5121,RRT*,rrt_step,6.0
blocked_road,RRT*,4,0,1,153.951,148.255,1.0384,0.30495,0.1202,0.0613,1.0349,1.538,3.443,9.4411,9,1,31.2467,0,,,6852,RRT*,rrt_step,6.0
blocked_road,RRT*,5,0,1,158.905,148.426,1.0706,0.39324,0.1254,0.062,2.1132,1.937,4.323,9.845,9,1,31.1899,0,,,12615,RRT*,rrt_step,6.0
blocked_road,RRT*,6,0,1,157.219,149.598,1.0509,0.32401,0.1307,0.0679,0.9431,2.107,5.472,10.6729,11,1,33.2951,0,,,13094,RRT*,rrt_step,6.0
blocked_road,RRT*,7,0,1,165.37,149.012,1.1098,0.12321,0.0738,0.0392,1.6028,2.106,4.854,6.4891,6,1,28.2109,0,,,5206,RRT*,rrt_step,6.0
blocked_road,RRT*,8,0,1,160.211,148.426,1.0794,1.20321,0.0808,0.0396,0.5827,1.576,3.923,6.3455,8,1,28.2653,0,,,47740,RRT*,rrt_step,6.0
blocked_road,RRT*,9,0,1,166.792,147.841,1.1282,0.4532,0.1279,0.0651,1.5935,1.895,3.835,10.8523,10,1,34.4841,0,,,19802,RRT*,rrt_step,6.0
blocked_road,RRT*,10,0,1,165.275,149.012,1.1091,1.06088,0.1431,0.0761,1.5417,1.562,3.761,12.5853,10,1,35.8085,0,,,43488,RRT*,rrt_step,6.0
blocked_road,RRT*,11,0,1,165.523,147.841,1.1196,0.27701,0.1162,0.0617,1.2615,1.983,6.263,10.2189,10,1,33.6017,0,,,12432,RRT*,rrt_step,6.0
blocked_road,RRT*,12,0,1,160.737,147.841,1.0872,1.40425,0.1247,0.0634,1.2022,2.361,4.377,10.1837,10,1,33.4142,0,,,55991,RRT*,rrt_step,6.0
blocked_road,RRT*,13,0,1,159.353,149.012,1.0694,0.12784,0.122,0.0625,0.9765,1.524,4.605,9.9657,10,1,32.2204,0,,,6969,RRT*,rrt_step,6.0
blocked_road,RRT*,14,0,1,161.787,147.841,1.0943,0.46814,0.1041,0.0546,1.2113,2.078,4.185,8.8327,8,1,31.6254,0,,,20712,RRT*,rrt_step,6.0
blocked_road,RRT*,15,0,1,190.079,147.841,1.2857,0.2902,0.1604,0.0848,1.4956,1.648,4.176,16.1218,14,1,43.0217,0,,,12387,RRT*,rrt_step,6.0
blocked_road,RRT*,16,0,1,160.696,149.598,1.0742,0.60392,0.1288,0.073,0.8558,1.826,4.172,11.7368,13,1,35.6869,0,,,26547,RRT*,rrt_step,6.0
blocked_road,RRT*,17,0,1,156.483,149.598,1.046,0.25136,0.1634,0.0853,1.4331,1.617,4.06,13.3442,14,1,35.8195,0,,,12653,RRT*,rrt_step,6.0
blocked_road,RRT*,18,0,1,168.131,148.426,1.1328,0.29195,0.1491,0.078,0.8173,1.82,4.165,13.1167,14,1,37.1027,0,,,13514,RRT*,rrt_step,6.0
blocked_road,RRT*,19,0,1,153.947,147.841,1.0413,0.2064,0.1766,0.0937,1.2939,1.888,3.801,14.4211,18,1,37.1017,0,,,8844,RRT*,rrt_step,6.0
dense_city,RRT*,0,0,1,162.773,145.497,1.1187,0.30345,0.1729,0.0901,1.1877,1.748,3.132,14.6625,17,1,38.546,0,,,12687,RRT*,rrt_step,6.0
dense_city,RRT*,1,0,1,162.562,148.426,1.0952,0.95561,0.18,0.0939,1.4397,1.613,3.2,15.2678,15,1,38.1459,0,,,27613,RRT*,rrt_step,6.0
dense_city,RRT*,2,0,1,165.185,150.184,1.0999,4.37255,0.1762,0.0972,1.7291,1.521,3.132,16.0553,14,1,39.7643,0,,,130832,RRT*,rrt_step,6.0
dense_city,RRT*,3,0,1,159.318,147.255,1.0819,0.85544,0.1081,0.0618,1.3361,1.579,2.789,9.851,9,1,32.2674,0,,,20593,RRT*,rrt_step,6.0
dense_city,RRT*,4,0,1,155.536,146.669,1.0605,1.79295,0.1206,0.0658,1.3531,1.548,3.577,10.2289,10,1,31.8615,0,,,58626,RRT*,rrt_step,6.0
dense_city,RRT*,5,0,1,155.682,145.497,1.07,3.45937,0.1304,0.0737,1.3329,1.882,3.219,11.4708,11,1,33.49,0,,,112529,RRT*,rrt_step,6.0
dense_city,RRT*,6,0,1,163.034,147.255,1.1072,1.57697,0.1359,0.0733,1.4452,1.543,2.759,11.9562,10,1,33.7768,0,,,50452,RRT*,rrt_step,6.0
dense_city,RRT*,7,0,1,151.615,150.184,1.0095,20.33511,0.1502,0.0872,1.0781,2.159,2.985,13.2156,14,1,34.0256,0,,,812571,RRT*,rrt_step,6.0
dense_city,RRT*,8,0,1,157.314,151.841,1.036,5.77118,0.1641,0.0951,1.4091,1.521,3.008,14.9533,17,1,37.7919,0,,,161133,RRT*,rrt_step,6.0
dense_city,RRT*,9,0,1,163.297,148.426,1.1002,0.78256,0.1249,0.0673,1.7296,1.726,2.973,10.9865,11,1,33.3084,0,,,27966,RRT*,rrt_step,6.0
dense_city,RRT*,10,0,1,200.331,145.497,1.3769,1.67075,0.1211,0.0646,1.2817,1.818,3.287,12.9359,11,1,41.7248,0,,,55756,RRT*,rrt_step,6.0
dense_city,RRT*,11,0,1,199.2,147.255,1.3528,0.43958,0.2109,0.1131,1.3,1.567,2.806,22.5221,23,1,50.4754,0,,,16754,RRT*,rrt_step,6.0
dense_city,RRT*,12,0,1,166.368,151.841,1.0957,0.17703,0.1461,0.0773,1.8325,1.593,2.944,12.8531,10,1,35.7625,0,,,4619,RRT*,rrt_step,6.0
dense_city,RRT*,13,0,1,159.215,145.497,1.0943,2.53413,0.119,0.0634,1.476,1.592,3.059,10.0957,9,1,31.7636,0,,,76979,RRT*,rrt_step,6.0
dense_city,RRT*,14,0,1,165.962,145.497,1.1406,0.29762,0.1554,0.0794,1.5717,1.56,2.992,13.181,11,1,35.5431,0,,,8869,RRT*,rrt_step,6.0
dense_city,RRT*,15,0,1,157.09,145.497,1.0797,4.41005,0.1454,0.0814,1.347,2.114,3.28,12.7926,12,1,34.3314,0,,,137964,RRT*,rrt_step,6.0
dense_city,RRT*,16,0,1,161.854,148.426,1.0905,0.99499,0.1294,0.0678,1.2575,1.538,3.189,10.9785,9,1,33.7021,0,,,26147,RRT*,rrt_step,6.0
dense_city,RRT*,17,0,1,155.864,144.912,1.0756,0.61567,0.1556,0.0784,1.2911,1.577,3.726,12.2199,12,1,33.9879,0,,,21048,RRT*,rrt_step,6.0
dense_city,RRT*,18,0,1,162.916,150.184,1.0848,0.47056,0.1863,0.1006,1.392,1.616,2.877,16.3867,15,1,39.6659,0,,,16836,RRT*,rrt_step,6.0
dense_city,RRT*,19,0,1,155.563,150.184,1.0358,1.29356,0.1583,0.0767,1.1079,1.588,3.136,11.9385,14,1,34.2269,0,,,45502,RRT*,rrt_step,6.0
normal_city,RRT*,0,0,1,147.921,139.64,1.0593,0.15539,0.1257,0.0694,1.138,1.849,4.337,10.2704,13,1,31.5063,0,0.0,,9026,RRT*,rrt_radius,8.0
normal_city,RRT*,1,0,1,151.452,143.154,1.058,0.13802,0.1207,0.0651,0.9331,1.801,4.478,9.8552,10,1,31.8919,0,0.0,,7807,RRT*,rrt_radius,8.0
normal_city,RRT*,2,0,1,146.656,143.154,1.0245,0.29469,0.1367,0.0762,1.2011,1.54,4.249,11.1694,14,1,32.3957,0,0.0,,14927,RRT*,rrt_radius,8.0
normal_city,RRT*,3,0,1,146.456,140.811,1.0401,0.50305,0.1501,0.0708,1.5531,1.683,3.679,10.3708,9,1,30.3415,0,0.0,,24410,RRT*,rrt_radius,8.0
normal_city,RRT*,4,0,1,153.23,141.983,1.0792,0.23883,0.1257,0.0618,1.0219,1.857,4.436,9.4764,12,1,30.8262,0,0.0,,12390,RRT*,rrt_radius,8.0
normal_city,RRT*,5,0,1,150.306,141.397,1.063,0.14598,0.1087,0.0568,1.3847,1.798,4.236,8.5408,9,1,29.2285,0,0.0,,8410,RRT*,rrt_radius,8.0
normal_city,RRT*,6,0,1,152.879,143.154,1.0679,0.16508,0.0793,0.0391,0.8598,2.497,4.826,5.9792,6,1,26.8068,0,0.0,,9699,RRT*,rrt_radius,8.0
normal_city,RRT*,7,0,1,142.206,141.983,1.0016,1.76284,0.1245,0.0715,1.1686,1.877,3.857,10.1708,9,1,30.0705,0,0.0,,71646,RRT*,rrt_radius,8.0
normal_city,RRT*,8,0,1,161.299,141.397,1.1408,0.20151,0.1067,0.0561,1.1374,1.562,4.193,9.0483,11,1,31.9019,0,0.0,,10713,RRT*,rrt_radius,8.0
normal_city,RRT*,9,0,1,155.467,140.811,1.1041,0.95096,0.1475,0.0775,1.2697,1.581,3.731,12.0458,12,1,34.0125,0,0.0,,37943,RRT*,rrt_radius,8.0
normal_city,RRT*,10,0,1,146.623,141.983,1.0327,0.72332,0.1531,0.0787,1.3614,1.641,3.714,11.5441,11,1,31.9952,0,0.0,,33035,RRT*,rrt_radius,8.0
normal_city,RRT*,11,0,1,157.466,140.811,1.1183,0.11449,0.1328,0.0689,1.0647,1.68,4.506,10.8513,14,1,33.9182,0,0.0,,6543,RRT*,rrt_radius,8.0
normal_city,RRT*,12,0,1,150.801,140.811,1.0709,1.23377,0.1898,0.1028,1.335,1.769,3.779,15.5064,14,1,35.7504,0,0.0,,50881,RRT*,rrt_radius,8.0
normal_city,RRT*,13,0,1,154.144,141.983,1.0857,0.85481,0.1127,0.0551,1.1051,1.591,4.137,8.4947,7,1,30.3305,0,0.0,,37740,RRT*,rrt_radius,8.0
normal_city,RRT*,14,0,1,150.796,140.811,1.0709,0.65207,0.1143,0.0619,0.905,2.074,4.218,9.3341,10,1,30.1532,0,0.0,,30269,RRT*,rrt_radius,8.0
normal_city,RRT*,15,0,1,147.217,140.811,1.0455,0.18943,0.1072,0.0595,1.0761,1.959,4.545,8.7562,9,1,30.1102,0,0.0,,9757,RRT*,rrt_radius,8.0
normal_city,RRT*,16,0,1,157.457,140.811,1.1182,0.30898,0.0853,0.0443,0.8182,1.988,3.882,6.9696,5,1,28.4471,0,0.0,,15479,RRT*,rrt_radius,8.0
normal_city,RRT*,17,0,1,155.296,142.569,1.0893,0.36305,0.0827,0.0418,1.1325,1.503,4.469,6.497,6,1,28.3271,0,0.0,,16093,RRT*,rrt_radius,8.0
normal_city,RRT*,18,0,1,146.109,141.397,1.0333,0.36556,0.1269,0.0682,0.9896,1.55,3.768,9.9693,11,1,31.188,0,0.0,,17238,RRT*,rrt_radius,8.0
normal_city,RRT*,19,0,1,154.156,140.811,1.0948,0.47468,0.1429,0.0786,1.1537,1.81,3.865,12.122,12,1,33.6576,0,0.0,,22425,RRT*,rrt_radius,8.0
blocked_road,RRT*,0,0,1,151.15,150.77,1.0025,0.51788,0.0942,0.0509,0.791,1.522,5.448,7.6967,10,1,29.3493,0,,,24073,RRT*,rrt_radius,8.0
blocked_road,RRT*,1,0,1,149.369,147.255,1.0144,0.27525,0.1203,0.0632,0.8259,1.897,4.605,9.4472,12,1,30.6132,0,,,13323,RRT*,rrt_radius,8.0
blocked_road,RRT*,2,0,1,148.937,149.012,0.9995,0.19124,0.1105,0.0583,0.7633,1.66,4.885,8.6786,12,1,29.9413,0,,,10161,RRT*,rrt_radius,8.0
blocked_road,RRT*,3,0,1,156.987,147.841,1.0619,0.55812,0.1125,0.063,1.2978,2.151,4.163,9.8936,10,1,31.7879,0,,,27393,RRT*,rrt_radius,8.0
blocked_road,RRT*,4,0,1,154.882,148.255,1.0447,0.45385,0.1261,0.0614,1.1277,1.514,3.509,9.5047,13,1,31.6922,0,,,20234,RRT*,rrt_radius,8.0
blocked_road,RRT*,5,0,1,148.375,148.426,0.9997,0.4446,0.1004,0.0553,1.3696,1.793,4.435,8.1991,8,1,28.9483,0,,,21451,RRT*,rrt_radius,8.0
blocked_road,RRT*,6,0,1,158.186,149.598,1.0574,0.18301,0.1307,0.0701,1.3449,1.585,4.402,11.089,12,1,33.5474,0,,,9288,RRT*,rrt_radius,8.0
blocked_road,RRT*,7,0,1,154.247,149.012,1.0351,0.32579,0.1049,0.0577,0.9169,1.765,4.441,8.8958,11,1,30.0357,0,,,16257,RRT*,rrt_radius,8.0
blocked_road,RRT*,8,0,1,149.341,148.426,1.0062,2.32125,0.0984,0.0538,1.2046,1.794,3.907,8.0404,8,1,28.3782,0,,,93715,RRT*,rrt_radius,8.0
blocked_road,RRT*,9,0,1,153.649,147.841,1.0393,0.70434,0.1409,0.0691,1.1948,1.884,3.438,10.6243,13,1,32.7064,0,,,31798,RRT*,rrt_radius,8.0
blocked_road,RRT*,10,0,1,157.943,149.012,1.0599,0.61106,0.0969,0.052,1.204,2.133,4.007,8.2185,9,1,30.437,0,,,28057,RRT*,rrt_radius,8.0
blocked_road,RRT*,11,0,1,158.781,147.841,1.074,0.571,0.0755,0.0388,0.764,1.698,6.356,6.1662,5,1,27.4412,0,,,25829,RRT*,rrt_radius,8.0
blocked_road,RRT*,12,0,1,154.196,147.841,1.043,0.91098,0.1474,0.0841,1.3489,1.805,3.743,12.9661,13,1,34.2158,0,,,41394,RRT*,rrt_radius,8.0
blocked_road,RRT*,13,0,1,151.777,149.012,1.0186,0.73203,0.1198,0.057,1.5262,1.537,3.623,8.658,7,1,29.2538,0,,,29954,RRT*,rrt_radius,8.0
blocked_road,RRT*,14,0,1,154.286,147.841,1.0436,0.84699,0.0859,0.0455,0.5368,1.807,3.692,7.0151,8,1,28.5391,0,,,37950,RRT*,rrt_radius,8.0
blocked_road,RRT*,15,0,1,158.489,147.841,1.072,0.8735,0.062,0.0307,0.5995,3.013,5.642,4.8673,5,1,25.7266,0,,,37982,RRT*,rrt_radius,8.0
blocked_road,RRT*,16,0,1,158.283,149.598,1.0581,0.33899,0.1092,0.0542,0.7043,1.796,3.935,8.576,9,1,31.2849,0,,,17139,RRT*,rrt_radius,8.0
blocked_road,RRT*,17,0,1,167.56,149.598,1.1201,2.2332,0.0824,0.0433,0.8181,1.705,4.994,7.25,7,1,30.3904,0,,,93110,RRT*,rrt_radius,8.0
blocked_road,RRT*,18,0,1,158.998,148.426,1.0712,0.50068,0.143,0.0763,1.0716,1.914,3.644,12.1329,16,1,35.9351,0,,,23405,RRT*,rrt_radius,8.0
blocked_road,RRT*,19,0,1,151.894,147.841,1.0274,0.28868,0.1295,0.0723,1.2017,1.748,3.771,10.9888,11,1,32.0968,0,,,13913,RRT*,rrt_radius,8.0
dense_city,RRT*,0,0,1,160.135,145.497,1.1006,1.12704,0.1111,0.0545,1.2404,1.587,2.815,8.7236,9,1,30.3192,0,,,41870,RRT*,rrt_radius,8.0
dense_city,RRT*,1,0,1,151.418,148.426,1.0202,1.60846,0.1122,0.0582,1.3379,2.038,3.189,8.8129,8,1,29.4646,0,,,56697,RRT*,rrt_radius,8.0
dense_city,RRT*,2,0,1,154.86,150.184,1.0311,1.17492,0.1219,0.0618,1.5685,1.89,3.012,9.5735,8,1,30.4245,0,,,39968,RRT*,rrt_radius,8.0
dense_city,RRT*,3,0,1,158.094,147.255,1.0736,0.50236,0.1048,0.0583,1.619,1.751,2.981,9.2177,6,1,30.094,0,,,18989,RRT*,rrt_radius,8.0
dense_city,RRT*,4,0,1,153.554,146.669,1.0469,0.34634,0.1321,0.073,1.5309,1.68,3.188,11.2021,10,1,32.5797,0,,,14723,RRT*,rrt_radius,8.0
dense_city,RRT*,5,0,1,158.08,145.497,1.0865,3.02622,0.1218,0.0702,1.6943,1.562,3.146,11.1011,12,1,33.0563,0,,,73284,RRT*,rrt_radius,8.0
dense_city,RRT*,6,0,1,156.4,147.255,1.0621,0.56541,0.1268,0.0662,1.4389,1.804,2.941,10.36,8,1,31.5732,0,,,17791,RRT*,rrt_radius,8.0
dense_city,RRT*,7,0,1,150.015,150.184,0.9989,21.50567,0.1444,0.0786,1.0357,2.208,3.065,11.7921,13,1,32.855,0,,,892190,RRT*,rrt_radius,8.0
dense_city,RRT*,8,0,1,160.268,151.841,1.0555,7.12783,0.1007,0.0533,1.2712,1.942,3.164,8.54,7,1,29.8659,0,,,199558,RRT*,rrt_radius,8.0
dense_city,RRT*,9,0,1,157.515,148.426,1.0612,1.1946,0.1247,0.0721,1.5582,1.508,2.765,11.3605,11,1,34.0127,0,,,27920,RRT*,rrt_radius,8.0
dense_city,RRT*,10,0,1,159.603,145.497,1.0969,0.55973,0.1494,0.0765,1.2245,1.871,3.012,12.202,12,1,34.6914,0,,,19912,RRT*,rrt_radius,8.0
dense_city,RRT*,11,0,1,168.922,147.255,1.1471,1.59836,0.1521,0.0792,1.1836,1.577,2.97,13.377,10,1,35.5931,0,,,54561,RRT*,rrt_radius,8.0
dense_city,RRT*,12,0,1,158.21,151.841,1.0419,0.48163,0.144,0.0743,1.1253,1.684,2.938,11.7582,13,1,34.3228,0,,,18352,RRT*,rrt_radius,8.0
dense_city,RRT*,13,0,1,159.674,145.497,1.0974,0.49766,0.0917,0.0523,1.0768,1.614,3.141,8.3525,6,1,30.4629,0,,,19473,RRT*,rrt_radius,8.0
dense_city,RRT*,14,0,1,148.428,145.497,1.0201,1.01193,0.1635,0.0796,1.3109,1.646,2.909,11.8167,10,1,32.5453,0,,,34284,RRT*,rrt_radius,8.0
dense_city,RRT*,15,0,1,150.308,145.497,1.0331,1.6982,0.1907,0.1036,1.2537,1.688,3.018,15.5779,14,1,36.7268,0,,,58051,RRT*,rrt_radius,8.0
dense_city,RRT*,16,0,1,153.278,148.426,1.0327,1.28728,0.1433,0.0852,1.3899,1.693,3.044,13.0518,14,1,34.1998,0,,,41193,RRT*,rrt_radius,8.0
dense_city,RRT*,17,0,1,157.169,144.912,1.0846,0.6816,0.1021,0.049,1.242,1.852,3.512,7.7003,7,1,28.6634,0,,,25505,RRT*,rrt_radius,8.0
dense_city,RRT*,18,0,1,155.956,150.184,1.0384,1.21679,0.1152,0.058,1.061,1.775,3.078,9.0517,9,1,30.569,0,,,45113,RRT*,rrt_radius,8.0
dense_city,RRT*,19,0,1,158.747,150.184,1.057,1.11298,0.0956,0.0492,1.2877,1.588,3.075,7.8099,7,1,28.6005,0,,,45505,RRT*,rrt_radius,8.0
normal_city,RRT*,0,0,1,155.999,139.64,1.1172,0.12753,0.1546,0.1121,1.3747,1.55,3.953,17.4896,22,1,41.5248,0,0.0,,4994,RRT*,rrt_radius,6.0
normal_city,RRT*,1,0,1,159.035,143.154,1.1109,0.10561,0.1484,0.1144,1.3319,1.528,4.179,18.1863,21,1,43.2592,0,0.0,,4216,RRT*,rrt_radius,6.0
normal_city,RRT*,2,0,1,153.546,143.154,1.0726,0.24783,0.1532,0.116,1.1402,1.522,4.043,17.808,22,1,41.3047,0,0.0,,8313,RRT*,rrt_radius,6.0
normal_city,RRT*,3,0,1,155.291,140.811,1.1028,0.4225,0.1563,0.1139,1.5405,1.683,3.502,17.6805,19,1,41.5251,0,0.0,,12812,RRT*,rrt_radius,6.0
normal_city,RRT*,4,0,1,159.183,141.983,1.1211,0.21782,0.1292,0.0969,1.2165,1.763,3.922,15.4258,18,1,39.806,0,0.0,,6478,RRT*,rrt_radius,6.0
normal_city,RRT*,5,0,1,155.683,141.397,1.101,0.16507,0.1336,0.0998,1.1967,1.591,3.979,15.5333,16,1,39.1427,0,0.0,,4435,RRT*,rrt_radius,6.0
normal_city,RRT*,6,0,1,161.894,143.154,1.1309,0.17623,0.1289,0.0976,0.8688,1.579,4.033,15.7932,18,1,39.8765,0,0.0,,5152,RRT*,rrt_radius,6.0
normal_city,RRT*,7,0,1,147.18,141.983,1.0366,1.50128,0.1427,0.1066,2.158,1.503,3.535,15.6927,15,1,37.6143,0,0.0,,39637,RRT*,rrt_radius,6.0
normal_city,RRT*,8,0,1,167.514,141.397,1.1847,0.1556,0.1261,0.0994,1.2749,1.562,3.967,16.6435,17,1,41.9187,0,0.0,,5527,RRT*,rrt_radius,6.0
normal_city,RRT*,9,0,1,161.881,140.811,1.1496,0.75876,0.1427,0.1024,1.4175,1.617,3.575,16.5824,21,1,40.2041,0,0.0,,20754,RRT*,rrt_radius,6.0
normal_city,RRT*,10,0,1,152.296,141.983,1.0726,0.64867,0.1799,0.1336,1.3598,1.641,3.435,20.346,21,1,43.9676,0,0.0,,18445,RRT*,rrt_radius,6.0
normal_city,RRT*,11,0,1,165.747,140.811,1.1771,0.09156,0.1766,0.1272,1.2645,1.527,4.088,21.0823,23,1,46.8495,0,0.0,,3790,RRT*,rrt_radius,6.0
normal_city,RRT*,12,0,1,161.973,140.811,1.1503,1.1677,0.1743,0.1251,1.3572,1.709,3.578,20.2627,21,1,44.28,0,0.0,,27992,RRT*,rrt_radius,6.0
normal_city,RRT*,13,0,1,159.244,141.983,1.1216,0.72653,0.1134,0.085,1.2303,1.591,3.705,13.5345,18,1,37.5868,0,0.0,,20851,RRT*,rrt_radius,6.0
normal_city,RRT*,14,0,1,155.638,140.811,1.1053,0.50429,0.1332,0.0968,1.3415,2.394,4.1,15.0606,18,1,38.9022,0,0.0,,17039,RRT*,rrt_radius,6.0
normal_city,RRT*,15,0,1,155.381,140.811,1.1035,0.14531,0.1412,0.1085,1.3571,1.726,4.222,16.8622,17,1,40.3912,0,0.0,,5040,RRT*,rrt_radius,6.0
normal_city,RRT*,16,0,1,163.82,140.811,1.1634,0.2758,0.1296,0.0969,1.2725,1.58,3.778,15.8769,18,1,41.3077,0,0.0,,8401,RRT*,rrt_radius,6.0
normal_city,RRT*,17,0,1,160.701,142.569,1.1272,0.28325,0.1227,0.0887,0.956,1.503,3.895,14.2613,15,1,38.4561,0,0.0,,9106,RRT*,rrt_radius,6.0
normal_city,RRT*,18,0,1,149.63,141.397,1.0582,0.27693,0.1324,0.0945,1.3737,1.598,3.612,14.14,16,1,37.1795,0,0.0,,9290,RRT*,rrt_radius,6.0
normal_city,RRT*,19,0,1,157.973,140.811,1.1219,0.39504,0.1311,0.0964,0.9795,1.858,3.557,15.2361,20,1,38.5782,0,0.0,,12323,RRT*,rrt_radius,6.0
blocked_road,RRT*,0,0,1,157.072,150.77,1.0418,0.44949,0.1114,0.0825,1.2978,1.587,5.365,12.9547,16,1,36.8563,0,,,14029,RRT*,rrt_radius,6.0
blocked_road,RRT*,1,0,1,155.496,147.255,1.056,0.22673,0.1127,0.082,0.7386,1.715,4.254,12.7464,15,1,37.2944,0,,,7603,RRT*,rrt_radius,6.0
blocked_road,RRT*,2,0,1,154.292,149.012,1.0354,0.17462,0.1324,0.0998,0.8695,1.5,4.693,15.3953,17,1,38.4249,0,,,5601,RRT*,rrt_radius,6.0
blocked_road,RRT*,3,0,1,161.499,147.841,1.0924,0.49175,0.1254,0.0951,1.0732,1.731,3.715,15.3589,19,1,39.2885,0,,,15154,RRT*,rrt_radius,6.0
blocked_road,RRT*,4,0,1,165.723,148.255,1.1178,0.40833,0.1512,0.1147,1.1211,1.505,3.569,19.0041,21,1,44.939,0,,,10877,RRT*,rrt_radius,6.0
blocked_road,RRT*,5,0,1,155.692,148.426,1.0489,0.47253,0.1425,0.1093,1.348,1.551,4.004,17.0131,19,1,40.2436,0,,,12203,RRT*,rrt_radius,6.0
blocked_road,RRT*,6,0,1,162.142,149.598,1.0839,0.16721,0.1282,0.0994,0.7017,1.515,3.909,16.115,21,1,41.6975,0,,,5118,RRT*,rrt_radius,6.0
blocked_road,RRT*,7,0,1,163.297,149.012,1.0959,0.26295,0.1434,0.1021,1.2462,1.529,3.849,16.6661,17,1,41.1034,0,,,8881,RRT*,rrt_radius,6.0
blocked_road,RRT*,8,0,1,153.937,148.426,1.0371,1.98778,0.1216,0.0893,1.3173,1.709,3.652,13.7481,15,1,36.3881,0,,,53852,RRT*,rrt_radius,6.0
blocked_road,RRT*,9,0,1,162.1,147.841,1.0965,0.65929,0.1323,0.0949,0.8675,1.611,3.393,15.3801,19,1,40.6474,0,,,17960,RRT*,rrt_radius,6.0
blocked_road,RRT*,10,0,1,163.755,149.012,1.0989,0.60187,0.1201,0.083,0.8843,1.689,3.89,13.5856,15,1,38.7628,0,,,16088,RRT*,rrt_radius,6.0
blocked_road,RRT*,11,0,1,162.628,147.841,1.1,0.4821,0.1016,0.0785,0.9404,1.631,5.906,12.7695,12,1,37.5745,0,,,14153,RRT*,rrt_radius,6.0
blocked_road,RRT*,12,0,1,159.903,147.841,1.0816,0.74161,0.1597,0.1192,1.5622,1.554,3.626,19.0677,20,1,42.5682,0,,,22599,RRT*,rrt_radius,6.0
blocked_road,RRT*,13,0,1,160.619,149.012,1.0779,0.60797,0.144,0.0985,1.26,1.582,3.585,15.8284,15,1,39.9411,0,,,16968,RRT*,rrt_radius,6.0
blocked_road,RRT*,14,0,1,159.394,147.841,1.0781,0.72166,0.0926,0.0657,1.1263,1.738,3.531,10.4716,11,1,34.2008,0,,,21036,RRT*,rrt_radius,6.0
blocked_road,RRT*,15,0,1,160.575,147.841,1.0861,0.7647,0.0747,0.0555,0.8325,2.738,5.358,8.9151,9,1,32.4046,0,,,20757,RRT*,rrt_radius,6.0
blocked_road,RRT*,16,0,1,167.442,149.598,1.1193,0.28933,0.1546,0.1102,1.2784,1.585,3.648,18.4515,20,1,44.0426,0,,,9540,RRT*,rrt_radius,6.0
blocked_road,RRT*,17,0,1,172.415,149.598,1.1525,2.00145,0.1217,0.0909,1.191,1.705,4.728,15.673,14,1,38.953,0,,,53854,RRT*,rrt_radius,6.0
blocked_road,RRT*,18,0,1,166.052,148.426,1.1188,0.41945,0.1576,0.1163,1.0448,2.034,3.8,19.3095,23,1,45.3619,0,,,12925,RRT*,rrt_radius,6.0
blocked_road,RRT*,19,0,1,162.175,147.841,1.097,0.23799,0.1607,0.1183,1.4055,1.508,3.522,19.1871,22,1,43.8584,0,,,7989,RRT*,rrt_radius,6.0
dense_city,RRT*,0,0,1,167.058,145.497,1.1482,0.93469,0.1483,0.106,1.169,1.981,3.154,17.7029,22,1,43.8495,0,,,24272,RRT*,rrt_radius,6.0
dense_city,RRT*,1,0,1,155.017,148.426,1.0444,1.49025,0.1152,0.084,1.3096,1.533,3.103,13.0248,10,1,35.7372,0,,,32625,RRT*,rrt_radius,6.0
dense_city,RRT*,2,0,1,158.091,150.184,1.0527,1.02401,0.126,0.0977,1.8925,1.623,2.816,15.4432,12,1,37.7532,0,,,23785,RRT*,rrt_radius,6.0
dense_city,RRT*,3,0,1,162.472,147.255,1.1033,0.44294,0.1469,0.1079,1.6226,1.751,2.969,17.5332,22,1,43.0791,0,,,11285,RRT*,rrt_radius,6.0
dense_city,RRT*,4,0,1,158.698,146.669,1.082,0.27314,0.1277,0.096,1.5274,1.68,2.985,15.2407,17,1,38.8312,0,,,8088,RRT*,rrt_radius,6.0
dense_city,RRT*,5,0,1,165.493,145.497,1.1374,1.78322,0.1388,0.1054,1.8131,1.541,2.951,17.4416,17,1,41.6938,0,,,41241,RRT*,rrt_radius,6.0
dense_city,RRT*,6,0,1,159.567,147.255,1.0836,0.3674,0.1243,0.0857,1.366,1.596,2.881,13.6677,11,1,36.7896,0,,,10349,RRT*,rrt_radius,6.0
dense_city,RRT*,7,0,1,152.31,150.184,1.0142,18.50337,0.1015,0.0712,0.9662,1.506,3.08,10.8381,14,1,33.0562,0,,,493898,RRT*,rrt_radius,6.0
dense_city,RRT*,8,0,1,157.747,151.841,1.0389,5.62356,0.0897,0.0661,1.3766,1.898,2.914,10.4235,8,1,31.8495,0,,,112057,RRT*,rrt_radius,6.0
dense_city,RRT*,9,0,1,164.443,148.426,1.1079,0.64082,0.1665,0.1177,1.2356,1.508,2.74,19.356,19,1,44.9853,0,,,16995,RRT*,rrt_radius,6.0
dense_city,RRT*,10,0,1,163.853,145.497,1.1262,0.39168,0.1371,0.0999,1.5703,1.553,2.906,16.3691,17,1,41.3261,0,,,12061,RRT*,rrt_radius,6.0
dense_city,RRT*,11,0,1,176.723,147.255,1.2001,1.37461,0.1546,0.1155,1.9575,1.536,2.865,20.4055,18,1,45.4164,0,,,32178,RRT*,rrt_radius,6.0
dense_city,RRT*,12,0,1,161.904,151.841,1.0663,0.42714,0.1363,0.0952,0.9488,1.569,2.878,15.41,18,1,39.89,0,,,11351,RRT*,rrt_radius,6.0
dense_city,RRT*,13,0,1,161.441,145.497,1.1096,0.42293,0.1216,0.0947,1.6844,1.614,2.967,15.2843,18,1,40.6585,0,,,11958,RRT*,rrt_radius,6.0
dense_city,RRT*,14,0,1,152.788,145.497,1.0501,0.83264,0.147,0.1209,1.6978,1.593,2.798,18.4719,17,1,41.35,0,,,20915,RRT*,rrt_radius,6.0
dense_city,RRT*,15,0,1,152.728,145.497,1.0497,1.44924,0.1684,0.1178,1.4016,1.688,3.005,17.9848,18,1,40.7941,0,,,32968,RRT*,rrt_radius,6.0
dense_city,RRT*,16,0,1,156.122,148.426,1.0518,1.10085,0.1417,0.1084,1.5174,1.759,2.866,16.9176,17,1,40.7597,0,,,23871,RRT*,rrt_radius,6.0
dense_city,RRT*,17,0,1,166.956,144.912,1.1521,0.60998,0.1466,0.1103,1.2883,1.544,3.18,18.4192,20,1,44.3104,0,,,15425,RRT*,rrt_radius,6.0
dense_city,RRT*,18,0,1,158.804,150.184,1.0574,1.23719,0.1107,0.0833,1.3915,1.751,2.985,13.2207,13,1,36.8648,0,,,27359,RRT*,rrt_radius,6.0
dense_city,RRT*,19,0,1,161.111,150.184,1.0728,1.14838,0.0997,0.0738,1.2082,1.575,3.015,11.8975,13,1,36.1476,0,,,27382,RRT*,rrt_radius,6.0
normal_city,RRT*,0,0,1,145.345,139.64,1.0409,0.22896,0.1301,0.0478,1.0582,1.849,4.789,6.9492,4,1,26.5194,0,0.0,,18038,RRT*,rrt_radius,12.0
normal_city,RRT*,1,0,1,147.29,143.154,1.0289,0.18934,0.122,0.0442,1.319,1.801,4.67,6.5143,5,1,26.0087,0,0.0,,15054,RRT*,rrt_radius,12.0
normal_city,RRT*,2,0,1,140.089,143.154,0.9786,0.4154,0.135,0.0484,0.993,2.543,4.894,6.7837,7,1,25.2303,0,0.0,,30176,RRT*,rrt_radius,12.0
normal_city,RRT*,3,0,1,146.791,140.811,1.0425,0.75869,0.2116,0.077,1.5667,1.984,3.8,11.3015,11,1,31.1998,0,0.0,,51290,RRT*,rrt_radius,12.0
normal_city,RRT*,4,0,1,146.408,141.983,1.0312,0.37009,0.1495,0.0545,1.0254,1.763,4.655,7.9839,8,1,27.6954,0,0.0,,26620,RRT*,rrt_radius,12.0
normal_city,RRT*,5,0,1,148.813,141.397,1.0524,0.21017,0.1087,0.0459,1.2691,2.021,4.783,6.8312,5,1,26.3916,0,0.0,,16792,RRT*,rrt_radius,12.0
normal_city,RRT*,6,0,1,152.67,143.154,1.0665,0.24968,0.0918,0.0359,1.0221,2.497,4.818,5.4768,5,1,25.7836,0,0.0,,19050,RRT*,rrt_radius,12.0
normal_city,RRT*,7,0,1,139.437,141.983,0.9821,2.46773,0.1336,0.0572,1.0302,2.425,4.206,7.9727,6,1,27.0779,0,0.0,,161349,RRT*,rrt_radius,12.0
normal_city,RRT*,8,0,1,156.516,141.397,1.1069,0.28393,0.0999,0.0381,1.0853,1.656,4.139,5.9622,4,1,26.6647,0,0.0,,20530,RRT*,rrt_radius,12.0
normal_city,RRT*,9,0,1,144.633,140.811,1.0271,1.27847,0.1673,0.0654,1.3178,2.309,4.094,9.4599,9,1,28.7159,0,0.0,,84172,RRT*,rrt_radius,12.0
normal_city,RRT*,10,0,1,141.909,141.983,0.9995,1.04417,0.1753,0.066,1.031,1.641,3.734,9.3596,8,1,28.8179,0,0.0,,71571,RRT*,rrt_radius,12.0
normal_city,RRT*,11,0,1,151.308,140.811,1.0745,0.16687,0.0943,0.0353,0.6229,2.355,4.97,5.3339,5,1,25.4916,0,0.0,,13145,RRT*,rrt_radius,12.0
normal_city,RRT*,12,0,1,143.83,140.811,1.0214,2.004,0.1771,0.0812,1.334,1.864,4.057,11.6845,12,1,31.4236,0,0.0,,118363,RRT*,rrt_radius,12.0
normal_city,RRT*,13,0,1,148.334,141.983,1.0447,1.68313,0.182,0.0694,0.994,2.391,4.182,10.2914,12,1,30.2539,0,0.0,,82408,RRT*,rrt_radius,12.0
normal_city,RRT*,14,0,1,146.882,140.811,1.0431,0.96923,0.1053,0.045,0.8767,2.074,4.117,6.615,6,1,26.0921,0,0.0,,66097,RRT*,rrt_radius,12.0
normal_city,RRT*,15,0,1,144.91,140.811,1.0291,0.2697,0.1513,0.0558,0.9946,1.959,4.623,8.0826,8,1,27.8989,0,0.0,,20050,RRT*,rrt_radius,12.0
normal_city,RRT*,16,0,1,155.718,140.811,1.1059,0.44991,0.0646,0.0248,0.8549,1.671,3.851,3.8578,3,1,23.4542,0,0.0,,33893,RRT*,rrt_radius,12.0
normal_city,RRT*,17,0,1,152.036,142.569,1.0664,0.49184,0.1251,0.0517,1.3193,1.952,4.592,7.8575,8,1,28.9886,0,0.0,,34297,RRT*,rrt_radius,12.0
normal_city,RRT*,18,0,1,143.643,141.397,1.0159,0.5004,0.1325,0.0493,1.3606,1.785,4.221,7.0753,7,1,26.1302,0,0.0,,37718,RRT*,rrt_radius,12.0
normal_city,RRT*,19,0,1,150.932,140.811,1.0719,0.68355,0.1281,0.0533,0.9932,1.928,3.906,8.0482,6,1,28.136,0,0.0,,48947,RRT*,rrt_radius,12.0
blocked_road,RRT*,0,0,1,147.758,150.77,0.98,0.71993,0.0962,0.0389,1.0522,1.509,5.919,5.7411,6,1,25.299,0,,,49350,RRT*,rrt_radius,12.0
blocked_road,RRT*,1,0,1,146.881,147.255,0.9975,0.39905,0.1199,0.0436,1.1945,2.309,4.98,6.4033,7,1,25.6555,0,,,27136,RRT*,rrt_radius,12.0
blocked_road,RRT*,2,0,1,146.535,149.012,0.9834,0.26742,0.1385,0.0505,0.6957,1.566,4.931,7.3982,9,1,27.6707,0,,,19464,RRT*,rrt_radius,12.0
blocked_road,RRT*,3,0,1,152.713,147.841,1.033,0.8273,0.1321,0.0571,1.1912,2.151,4.322,8.717,7,1,29.8087,0,,,59722,RRT*,rrt_radius,12.0
blocked_road,RRT*,4,0,1,150.683,148.255,1.0164,0.70401,0.1658,0.0588,0.9275,1.674,4.088,8.8546,10,1,29.3976,0,,,42464,RRT*,rrt_radius,12.0
blocked_road,RRT*,5,0,1,146.34,148.426,0.9859,0.66564,0.1026,0.0419,1.0574,1.809,4.93,6.127,6,1,25.8686,0,,,44433,RRT*,rrt_radius,12.0
blocked_road,RRT*,6,0,1,153.212,149.598,1.0242,0.29369,0.1303,0.0508,1.1431,1.646,4.546,7.7765,8,1,28.2879,0,,,18366,RRT*,rrt_radius,12.0
blocked_road,RRT*,7,0,1,151.279,149.012,1.0152,0.47177,0.087,0.0416,1.1377,1.752,3.886,6.2865,5,1,25.7268,0,,,32828,RRT*,rrt_radius,12.0
blocked_road,RRT*,8,0,1,147.449,148.426,0.9934,3.15943,0.0963,0.0431,1.2245,1.794,3.857,6.3558,5,1,25.6445,0,,,205091,RRT*,rrt_radius,12.0
blocked_road,RRT*,9,0,1,150.836,147.841,1.0203,0.99893,0.1413,0.05,1.0385,2.506,4.323,7.5471,9,1,27.5148,0,,,67909,RRT*,rrt_radius,12.0
blocked_road,RRT*,10,0,1,155.214,149.012,1.0416,0.89399,0.1343,0.0516,1.1018,1.757,4.432,8.0164,8,1,29.0049,0,,,61245,RRT*,rrt_radius,12.0
blocked_road,RRT*,11,0,1,155.93,147.841,1.0547,0.81062,0.0544,0.0197,0.9644,2.829,7.064,3.0747,2,1,22.7433,0,,,56596,RRT*,rrt_radius,12.0
blocked_road,RRT*,12,0,1,149.115,147.841,1.0086,1.24412,0.1206,0.0483,1.0719,1.82,3.9,7.1976,7,1,26.9489,0,,,89302,RRT*,rrt_radius,12.0
blocked_road,RRT*,13,0,1,148.219,149.012,0.9947,0.9518,0.1198,0.0457,1.5202,1.734,3.671,6.777,5,1,26.1216,0,,,62273,RRT*,rrt_radius,12.0
blocked_road,RRT*,14,0,1,152.134,147.841,1.029,1.21585,0.1038,0.0407,1.1434,1.807,3.825,6.1954,7,1,26.2946,0,,,82390,RRT*,rrt_radius,12.0
blocked_road,RRT*,15,0,1,157.104,147.841,1.0627,1.24029,0.0617,0.0197,0.7314,3.497,6.45,3.1024,3,1,23.2402,0,,,82315,RRT*,rrt_radius,12.0
blocked_road,RRT*,16,0,1,154.289,149.598,1.0314,0.47511,0.101,0.0391,0.9314,2.135,4.164,6.0308,4,1,26.5807,0,,,35025,RRT*,rrt_radius,12.0
blocked_road,RRT*,17,0,1,163.714,149.598,1.0944,3.10347,0.0693,0.024,1.0114,2.229,5.546,3.9213,3,1,24.995,0,,,201869,RRT*,rrt_radius,12.0
blocked_road,RRT*,18,0,1,152.638,148.426,1.0284,0.71014,0.1232,0.0533,1.2913,1.568,3.842,8.1288,9,1,28.8806,0,,,47571,RRT*,rrt_radius,12.0
blocked_road,RRT*,19,0,1,147.492,147.841,0.9976,0.4203,0.0915,0.0351,1.0033,1.907,4.084,5.1741,4,1,24.3874,0,,,28966,RRT*,rrt_radius,12.0
dense_city,RRT*,0,0,1,153.852,145.497,1.0574,1.34763,0.1765,0.0613,1.4778,2.022,3.141,9.424,7,1,29.2428,0,,,84142,RRT*,rrt_radius,12.0
dense_city,RRT*,1,0,1,150.833,148.426,1.0162,2.13132,0.122,0.0483,1.3373,2.115,3.322,7.2807,7,1,26.9745,0,,,124913,RRT*,rrt_radius,12.0
dense_city,RRT*,2,0,1,153.281,150.184,1.0206,1.4732,0.1291,0.0529,1.0705,2.277,3.259,8.1134,7,1,28.1667,0,,,83248,RRT*,rrt_radius,12.0
dense_city,RRT*,3,0,1,157.667,147.255,1.0707,0.63899,0.1325,0.0502,1.5076,2.031,3.239,7.9078,6,1,28.1684,0,,,38221,RRT*,rrt_radius,12.0
dense_city,RRT*,4,0,1,153.241,146.669,1.0448,0.42903,0.1458,0.0657,1.5115,1.751,3.265,10.0749,11,1,30.808,0,,,28138,RRT*,rrt_radius,12.0
dense_city,RRT*,5,0,1,154.877,145.497,1.0645,2.70309,0.1248,0.0532,1.2326,1.562,3.363,8.2346,8,1,28.6867,0,,,151199,RRT*,rrt_radius,12.0
dense_city,RRT*,6,0,1,154.798,147.255,1.0512,0.58265,0.1356,0.0578,1.4543,1.804,3.045,8.9491,8,1,28.8992,0,,,34709,RRT*,rrt_radius,12.0
dense_city,RRT*,7,0,1,148.57,150.184,0.9893,27.26507,0.1662,0.0738,1.1616,2.039,2.769,10.966,10,1,31.0314,0,,,2052947,RRT*,rrt_radius,12.0
dense_city,RRT*,8,0,1,153.26,151.841,1.0093,8.14528,0.16,0.0656,1.3573,1.572,2.98,10.0534,8,1,29.5652,0,,,443555,RRT*,rrt_radius,12.0
dense_city,RRT*,9,0,1,156.686,148.426,1.0556,0.98062,0.1285,0.0541,1.5418,1.642,3.105,8.4752,7,1,28.6748,0,,,56169,RRT*,rrt_radius,12.0
dense_city,RRT*,10,0,1,155.797,145.497,1.0708,0.6011,0.151,0.0548,1.415,2.162,3.224,8.5394,8,1,28.7856,0,,,37765,RRT*,rrt_radius,12.0
dense_city,RRT*,11,0,1,168.074,147.255,1.1414,1.99677,0.1763,0.0692,1.4547,1.953,3.096,11.6283,9,1,33.1527,0,,,109473,RRT*,rrt_radius,12.0
dense_city,RRT*,12,0,1,155.449,151.841,1.0238,0.61701,0.157,0.0635,1.2797,1.684,3.041,9.8633,10,1,30.959,0,,,36390,RRT*,rrt_radius,12.0
dense_city,RRT*,13,0,1,158.763,145.497,1.0912,0.59657,0.1,0.0435,1.1641,1.614,3.107,6.9102,6,1,28.0332,0,,,36029,RRT*,rrt_radius,12.0
dense_city,RRT*,14,0,1,147.925,145.497,1.0167,1.19817,0.1865,0.0713,1.2095,2.056,3.078,10.5437,10,1,30.108,0,,,67513,RRT*,rrt_radius,12.0
dense_city,RRT*,15,0,1,146.847,145.497,1.0093,2.21502,0.1914,0.086,1.1944,2.173,3.19,12.626,13,1,33.1692,0,,,125659,RRT*,rrt_radius,12.0
dense_city,RRT*,16,0,1,151.083,148.426,1.0179,1.58948,0.1588,0.0661,1.4009,2.041,3.023,9.9804,7,1,29.236,0,,,82353,RRT*,rrt_radius,12.0
dense_city,RRT*,17,0,1,157.462,144.912,1.0866,0.86747,0.1104,0.044,1.1417,1.82,3.533,6.9339,7,1,27.655,0,,,49261,RRT*,rrt_radius,12.0
dense_city,RRT*,18,0,1,155.596,150.184,1.036,1.57548,0.1876,0.072,1.7757,2.067,3.184,11.1998,8,1,30.7508,0,,,92751,RRT*,rrt_radius,12.0
dense_city,RRT*,19,0,1,156.65,150.184,1.0431,1.52797,0.1817,0.0692,1.4712,1.795,2.971,10.8456,8,1,30.797,0,,,93757,RRT*,rrt_radius,12.0
normal_city,RRT*,0,0,1,147.921,139.64,1.0593,0.15539,0.1257,0.0694,1.138,1.849,4.337,10.2704,13,1,31.5063,0,0.0,,9026,RRT*,rrt_goal_bias,0.1
normal_city,RRT*,1,0,1,151.452,143.154,1.058,0.13802,0.1207,0.0651,0.9331,1.801,4.478,9.8552,10,1,31.8919,0,0.0,,7807,RRT*,rrt_goal_bias,0.1
normal_city,RRT*,2,0,1,146.656,143.154,1.0245,0.29469,0.1367,0.0762,1.2011,1.54,4.249,11.1694,14,1,32.3957,0,0.0,,14927,RRT*,rrt_goal_bias,0.1
normal_city,RRT*,3,0,1,146.456,140.811,1.0401,0.50305,0.1501,0.0708,1.5531,1.683,3.679,10.3708,9,1,30.3415,0,0.0,,24410,RRT*,rrt_goal_bias,0.1
normal_city,RRT*,4,0,1,153.23,141.983,1.0792,0.23883,0.1257,0.0618,1.0219,1.857,4.436,9.4764,12,1,30.8262,0,0.0,,12390,RRT*,rrt_goal_bias,0.1
normal_city,RRT*,5,0,1,150.306,141.397,1.063,0.14598,0.1087,0.0568,1.3847,1.798,4.236,8.5408,9,1,29.2285,0,0.0,,8410,RRT*,rrt_goal_bias,0.1
normal_city,RRT*,6,0,1,152.879,143.154,1.0679,0.16508,0.0793,0.0391,0.8598,2.497,4.826,5.9792,6,1,26.8068,0,0.0,,9699,RRT*,rrt_goal_bias,0.1
normal_city,RRT*,7,0,1,142.206,141.983,1.0016,1.76284,0.1245,0.0715,1.1686,1.877,3.857,10.1708,9,1,30.0705,0,0.0,,71646,RRT*,rrt_goal_bias,0.1
normal_city,RRT*,8,0,1,161.299,141.397,1.1408,0.20151,0.1067,0.0561,1.1374,1.562,4.193,9.0483,11,1,31.9019,0,0.0,,10713,RRT*,rrt_goal_bias,0.1
normal_city,RRT*,9,0,1,155.467,140.811,1.1041,0.95096,0.1475,0.0775,1.2697,1.581,3.731,12.0458,12,1,34.0125,0,0.0,,37943,RRT*,rrt_goal_bias,0.1
normal_city,RRT*,10,0,1,146.623,141.983,1.0327,0.72332,0.1531,0.0787,1.3614,1.641,3.714,11.5441,11,1,31.9952,0,0.0,,33035,RRT*,rrt_goal_bias,0.1
normal_city,RRT*,11,0,1,157.466,140.811,1.1183,0.11449,0.1328,0.0689,1.0647,1.68,4.506,10.8513,14,1,33.9182,0,0.0,,6543,RRT*,rrt_goal_bias,0.1
normal_city,RRT*,12,0,1,150.801,140.811,1.0709,1.23377,0.1898,0.1028,1.335,1.769,3.779,15.5064,14,1,35.7504,0,0.0,,50881,RRT*,rrt_goal_bias,0.1
normal_city,RRT*,13,0,1,154.144,141.983,1.0857,0.85481,0.1127,0.0551,1.1051,1.591,4.137,8.4947,7,1,30.3305,0,0.0,,37740,RRT*,rrt_goal_bias,0.1
normal_city,RRT*,14,0,1,150.796,140.811,1.0709,0.65207,0.1143,0.0619,0.905,2.074,4.218,9.3341,10,1,30.1532,0,0.0,,30269,RRT*,rrt_goal_bias,0.1
normal_city,RRT*,15,0,1,147.217,140.811,1.0455,0.18943,0.1072,0.0595,1.0761,1.959,4.545,8.7562,9,1,30.1102,0,0.0,,9757,RRT*,rrt_goal_bias,0.1
normal_city,RRT*,16,0,1,157.457,140.811,1.1182,0.30898,0.0853,0.0443,0.8182,1.988,3.882,6.9696,5,1,28.4471,0,0.0,,15479,RRT*,rrt_goal_bias,0.1
normal_city,RRT*,17,0,1,155.296,142.569,1.0893,0.36305,0.0827,0.0418,1.1325,1.503,4.469,6.497,6,1,28.3271,0,0.0,,16093,RRT*,rrt_goal_bias,0.1
normal_city,RRT*,18,0,1,146.109,141.397,1.0333,0.36556,0.1269,0.0682,0.9896,1.55,3.768,9.9693,11,1,31.188,0,0.0,,17238,RRT*,rrt_goal_bias,0.1
normal_city,RRT*,19,0,1,154.156,140.811,1.0948,0.47468,0.1429,0.0786,1.1537,1.81,3.865,12.122,12,1,33.6576,0,0.0,,22425,RRT*,rrt_goal_bias,0.1
blocked_road,RRT*,0,0,1,151.15,150.77,1.0025,0.51788,0.0942,0.0509,0.791,1.522,5.448,7.6967,10,1,29.3493,0,,,24073,RRT*,rrt_goal_bias,0.1
blocked_road,RRT*,1,0,1,149.369,147.255,1.0144,0.27525,0.1203,0.0632,0.8259,1.897,4.605,9.4472,12,1,30.6132,0,,,13323,RRT*,rrt_goal_bias,0.1
blocked_road,RRT*,2,0,1,148.937,149.012,0.9995,0.19124,0.1105,0.0583,0.7633,1.66,4.885,8.6786,12,1,29.9413,0,,,10161,RRT*,rrt_goal_bias,0.1
blocked_road,RRT*,3,0,1,156.987,147.841,1.0619,0.55812,0.1125,0.063,1.2978,2.151,4.163,9.8936,10,1,31.7879,0,,,27393,RRT*,rrt_goal_bias,0.1
blocked_road,RRT*,4,0,1,154.882,148.255,1.0447,0.45385,0.1261,0.0614,1.1277,1.514,3.509,9.5047,13,1,31.6922,0,,,20234,RRT*,rrt_goal_bias,0.1
blocked_road,RRT*,5,0,1,148.375,148.426,0.9997,0.4446,0.1004,0.0553,1.3696,1.793,4.435,8.1991,8,1,28.9483,0,,,21451,RRT*,rrt_goal_bias,0.1
blocked_road,RRT*,6,0,1,158.186,149.598,1.0574,0.18301,0.1307,0.0701,1.3449,1.585,4.402,11.089,12,1,33.5474,0,,,9288,RRT*,rrt_goal_bias,0.1
blocked_road,RRT*,7,0,1,154.247,149.012,1.0351,0.32579,0.1049,0.0577,0.9169,1.765,4.441,8.8958,11,1,30.0357,0,,,16257,RRT*,rrt_goal_bias,0.1
blocked_road,RRT*,8,0,1,149.341,148.426,1.0062,2.32125,0.0984,0.0538,1.2046,1.794,3.907,8.0404,8,1,28.3782,0,,,93715,RRT*,rrt_goal_bias,0.1
blocked_road,RRT*,9,0,1,153.649,147.841,1.0393,0.70434,0.1409,0.0691,1.1948,1.884,3.438,10.6243,13,1,32.7064,0,,,31798,RRT*,rrt_goal_bias,0.1
blocked_road,RRT*,10,0,1,157.943,149.012,1.0599,0.61106,0.0969,0.052,1.204,2.133,4.007,8.2185,9,1,30.437,0,,,28057,RRT*,rrt_goal_bias,0.1
blocked_road,RRT*,11,0,1,158.781,147.841,1.074,0.571,0.0755,0.0388,0.764,1.698,6.356,6.1662,5,1,27.4412,0,,,25829,RRT*,rrt_goal_bias,0.1
blocked_road,RRT*,12,0,1,154.196,147.841,1.043,0.91098,0.1474,0.0841,1.3489,1.805,3.743,12.9661,13,1,34.2158,0,,,41394,RRT*,rrt_goal_bias,0.1
blocked_road,RRT*,13,0,1,151.777,149.012,1.0186,0.73203,0.1198,0.057,1.5262,1.537,3.623,8.658,7,1,29.2538,0,,,29954,RRT*,rrt_goal_bias,0.1
blocked_road,RRT*,14,0,1,154.286,147.841,1.0436,0.84699,0.0859,0.0455,0.5368,1.807,3.692,7.0151,8,1,28.5391,0,,,37950,RRT*,rrt_goal_bias,0.1
blocked_road,RRT*,15,0,1,158.489,147.841,1.072,0.8735,0.062,0.0307,0.5995,3.013,5.642,4.8673,5,1,25.7266,0,,,37982,RRT*,rrt_goal_bias,0.1
blocked_road,RRT*,16,0,1,158.283,149.598,1.0581,0.33899,0.1092,0.0542,0.7043,1.796,3.935,8.576,9,1,31.2849,0,,,17139,RRT*,rrt_goal_bias,0.1
blocked_road,RRT*,17,0,1,167.56,149.598,1.1201,2.2332,0.0824,0.0433,0.8181,1.705,4.994,7.25,7,1,30.3904,0,,,93110,RRT*,rrt_goal_bias,0.1
blocked_road,RRT*,18,0,1,158.998,148.426,1.0712,0.50068,0.143,0.0763,1.0716,1.914,3.644,12.1329,16,1,35.9351,0,,,23405,RRT*,rrt_goal_bias,0.1
blocked_road,RRT*,19,0,1,151.894,147.841,1.0274,0.28868,0.1295,0.0723,1.2017,1.748,3.771,10.9888,11,1,32.0968,0,,,13913,RRT*,rrt_goal_bias,0.1
dense_city,RRT*,0,0,1,160.135,145.497,1.1006,1.12704,0.1111,0.0545,1.2404,1.587,2.815,8.7236,9,1,30.3192,0,,,41870,RRT*,rrt_goal_bias,0.1
dense_city,RRT*,1,0,1,151.418,148.426,1.0202,1.60846,0.1122,0.0582,1.3379,2.038,3.189,8.8129,8,1,29.4646,0,,,56697,RRT*,rrt_goal_bias,0.1
dense_city,RRT*,2,0,1,154.86,150.184,1.0311,1.17492,0.1219,0.0618,1.5685,1.89,3.012,9.5735,8,1,30.4245,0,,,39968,RRT*,rrt_goal_bias,0.1
dense_city,RRT*,3,0,1,158.094,147.255,1.0736,0.50236,0.1048,0.0583,1.619,1.751,2.981,9.2177,6,1,30.094,0,,,18989,RRT*,rrt_goal_bias,0.1
dense_city,RRT*,4,0,1,153.554,146.669,1.0469,0.34634,0.1321,0.073,1.5309,1.68,3.188,11.2021,10,1,32.5797,0,,,14723,RRT*,rrt_goal_bias,0.1
dense_city,RRT*,5,0,1,158.08,145.497,1.0865,3.02622,0.1218,0.0702,1.6943,1.562,3.146,11.1011,12,1,33.0563,0,,,73284,RRT*,rrt_goal_bias,0.1
dense_city,RRT*,6,0,1,156.4,147.255,1.0621,0.56541,0.1268,0.0662,1.4389,1.804,2.941,10.36,8,1,31.5732,0,,,17791,RRT*,rrt_goal_bias,0.1
dense_city,RRT*,7,0,1,150.015,150.184,0.9989,21.50567,0.1444,0.0786,1.0357,2.208,3.065,11.7921,13,1,32.855,0,,,892190,RRT*,rrt_goal_bias,0.1
dense_city,RRT*,8,0,1,160.268,151.841,1.0555,7.12783,0.1007,0.0533,1.2712,1.942,3.164,8.54,7,1,29.8659,0,,,199558,RRT*,rrt_goal_bias,0.1
dense_city,RRT*,9,0,1,157.515,148.426,1.0612,1.1946,0.1247,0.0721,1.5582,1.508,2.765,11.3605,11,1,34.0127,0,,,27920,RRT*,rrt_goal_bias,0.1
dense_city,RRT*,10,0,1,159.603,145.497,1.0969,0.55973,0.1494,0.0765,1.2245,1.871,3.012,12.202,12,1,34.6914,0,,,19912,RRT*,rrt_goal_bias,0.1
dense_city,RRT*,11,0,1,168.922,147.255,1.1471,1.59836,0.1521,0.0792,1.1836,1.577,2.97,13.377,10,1,35.5931,0,,,54561,RRT*,rrt_goal_bias,0.1
dense_city,RRT*,12,0,1,158.21,151.841,1.0419,0.48163,0.144,0.0743,1.1253,1.684,2.938,11.7582,13,1,34.3228,0,,,18352,RRT*,rrt_goal_bias,0.1
dense_city,RRT*,13,0,1,159.674,145.497,1.0974,0.49766,0.0917,0.0523,1.0768,1.614,3.141,8.3525,6,1,30.4629,0,,,19473,RRT*,rrt_goal_bias,0.1
dense_city,RRT*,14,0,1,148.428,145.497,1.0201,1.01193,0.1635,0.0796,1.3109,1.646,2.909,11.8167,10,1,32.5453,0,,,34284,RRT*,rrt_goal_bias,0.1
dense_city,RRT*,15,0,1,150.308,145.497,1.0331,1.6982,0.1907,0.1036,1.2537,1.688,3.018,15.5779,14,1,36.7268,0,,,58051,RRT*,rrt_goal_bias,0.1
dense_city,RRT*,16,0,1,153.278,148.426,1.0327,1.28728,0.1433,0.0852,1.3899,1.693,3.044,13.0518,14,1,34.1998,0,,,41193,RRT*,rrt_goal_bias,0.1
dense_city,RRT*,17,0,1,157.169,144.912,1.0846,0.6816,0.1021,0.049,1.242,1.852,3.512,7.7003,7,1,28.6634,0,,,25505,RRT*,rrt_goal_bias,0.1
dense_city,RRT*,18,0,1,155.956,150.184,1.0384,1.21679,0.1152,0.058,1.061,1.775,3.078,9.0517,9,1,30.569,0,,,45113,RRT*,rrt_goal_bias,0.1
dense_city,RRT*,19,0,1,158.747,150.184,1.057,1.11298,0.0956,0.0492,1.2877,1.588,3.075,7.8099,7,1,28.6005,0,,,45505,RRT*,rrt_goal_bias,0.1
normal_city,RRT*,0,0,1,139.625,139.64,0.9999,0.14438,0.1374,0.0649,0.9122,1.692,4.692,9.0672,10,1,28.931,0,0.0,,8630,RRT*,rrt_goal_bias,0.05
normal_city,RRT*,1,0,1,149.919,143.154,1.0473,0.46335,0.1095,0.0528,1.0746,1.675,5.462,7.9146,6,1,29.2655,0,0.0,,22492,RRT*,rrt_goal_bias,0.05
normal_city,RRT*,2,0,1,156.399,143.154,1.0925,0.54113,0.1538,0.0834,1.6126,2.259,4.519,13.0451,13,1,35.0019,0,0.0,,25310,RRT*,rrt_goal_bias,0.05
normal_city,RRT*,3,0,1,156.682,140.811,1.1127,1.19289,0.0889,0.0499,1.1181,1.544,3.358,7.8178,7,1,29.2889,0,0.0,,52421,RRT*,rrt_goal_bias,0.05
normal_city,RRT*,4,0,1,149.781,141.983,1.0549,0.63259,0.1243,0.0704,1.1181,1.83,4.275,10.542,11,1,32.2512,0,0.0,,28791,RRT*,rrt_goal_bias,0.05
normal_city,RRT*,5,0,1,148.102,141.397,1.0474,0.21401,0.0752,0.0383,0.9854,1.707,5.416,5.6687,6,1,25.6033,0,0.0,,11942,RRT*,rrt_goal_bias,0.05
normal_city,RRT*,6,0,1,155.202,143.154,1.0842,0.21561,0.1203,0.0536,0.9427,1.542,4.848,8.3147,7,1,29.902,0,0.0,,11969,RRT*,rrt_goal_bias,0.05
normal_city,RRT*,7,0,1,142.882,141.983,1.0063,0.58068,0.1579,0.0868,1.3906,1.763,3.631,12.3986,11,1,32.9512,0,0.0,,27271,RRT*,rrt_goal_bias,0.05
normal_city,RRT*,8,0,1,149.796,141.397,1.0594,0.19013,0.1298,0.0708,0.7696,2.069,3.664,10.5984,14,1,32.9896,0,0.0,,10355,RRT*,rrt_goal_bias,0.05
normal_city,RRT*,9,0,1,147.375,140.811,1.0466,0.57384,0.1334,0.0683,1.2478,1.727,3.778,10.061,8,1,30.7054,0,0.0,,27814,RRT*,rrt_goal_bias,0.05
normal_city,RRT*,10,0,1,150.262,141.983,1.0583,0.38908,0.1547,0.0744,1.8185,1.54,3.791,11.1765,9,1,30.8116,0,0.0,,19523,RRT*,rrt_goal_bias,0.05
normal_city,RRT*,11,0,1,151.749,140.811,1.0777,0.31596,0.1284,0.0638,1.0874,1.793,5.749,9.6845,10,1,31.1738,0,0.0,,15219,RRT*,rrt_goal_bias,0.05
normal_city,RRT*,12,0,1,152.161,140.811,1.0806,0.2164,0.1137,0.0563,1.2484,2.279,3.859,8.5704,5,1,29.0197,0,0.0,,11873,RRT*,rrt_goal_bias,0.05
normal_city,RRT*,13,0,1,154.689,141.983,1.0895,0.30693,0.0964,0.0509,1.2331,2.021,3.864,7.8712,7,1,29.3115,0,0.0,,16677,RRT*,rrt_goal_bias,0.05
normal_city,RRT*,14,0,1,144.797,140.811,1.0283,1.2541,0.1434,0.0778,1.1001,1.686,3.947,11.2629,11,1,32.6007,0,0.0,,55349,RRT*,rrt_goal_bias,0.05
normal_city,RRT*,15,0,1,148.741,140.811,1.0563,0.12706,0.1389,0.0675,1.3704,2.287,4.721,10.0342,9,1,30.7835,0,0.0,,7290,RRT*,rrt_goal_bias,0.05
normal_city,RRT*,16,0,1,152.232,140.811,1.0811,0.43069,0.1021,0.0506,0.7872,2.297,4.19,7.6982,9,1,29.2751,0,0.0,,20218,RRT*,rrt_goal_bias,0.05
normal_city,RRT*,17,0,1,149.737,142.569,1.0503,0.33091,0.1109,0.0582,1.4812,1.589,3.906,8.7115,8,1,28.9932,0,0.0,,13598,RRT*,rrt_goal_bias,0.05
normal_city,RRT*,18,0,1,156.573,141.397,1.1073,0.31349,0.1182,0.0593,1.0447,1.837,3.79,9.2866,7,1,30.1626,0,0.0,,16733,RRT*,rrt_goal_bias,0.05
normal_city,RRT*,19,0,1,158.646,140.811,1.1267,0.50423,0.107,0.0614,1.4484,1.765,3.751,9.7476,8,1,31.6975,0,0.0,,22994,RRT*,rrt_goal_bias,0.05
blocked_road,RRT*,0,0,1,156.639,150.77,1.0389,0.21214,0.099,0.0516,0.8142,1.868,4.789,8.0825,10,1,30.4565,0,,,11906,RRT*,rrt_goal_bias,0.05
blocked_road,RRT*,1,0,1,152.441,147.255,1.0352,0.2921,0.136,0.0729,0.7278,1.852,4.679,11.1079,12,1,33.6155,0,,,13569,RRT*,rrt_goal_bias,0.05
blocked_road,RRT*,2,0,1,158.054,149.012,1.0607,0.34038,0.0902,0.0466,1.0124,1.721,5.363,7.3674,8,1,29.4956,0,,,15761,RRT*,rrt_goal_bias,0.05
blocked_road,RRT*,3,0,1,153.605,147.841,1.039,0.84102,0.1063,0.0565,1.004,1.976,4.042,8.6815,6,1,30.5379,0,,,38203,RRT*,rrt_goal_bias,0.05
blocked_road,RRT*,4,0,1,155.177,148.255,1.0467,0.41229,0.1269,0.0668,1.2438,2.331,3.909,10.3681,10,1,30.9922,0,,,20304,RRT*,rrt_goal_bias,0.05
blocked_road,RRT*,5,0,1,152.884,148.426,1.03,0.53709,0.0827,0.0425,1.2525,1.597,4.161,6.4961,5,1,27.0709,0,,,24661,RRT*,rrt_goal_bias,0.05
blocked_road,RRT*,6,0,1,156.221,149.598,1.0443,1.0052,0.0618,0.0323,0.5512,1.58,4.532,5.0489,6,1,26.0902,0,,,46018,RRT*,rrt_goal_bias,0.05
blocked_road,RRT*,7,0,1,188.105,149.012,1.2623,0.41936,0.1276,0.0661,1.07,1.844,3.312,12.4254,13,1,38.6799,0,,,19474,RRT*,rrt_goal_bias,0.05
blocked_road,RRT*,8,0,1,154.688,148.426,1.0422,0.24145,0.0908,0.0461,0.9543,2.269,3.699,7.1337,8,1,28.2849,0,,,12142,RRT*,rrt_goal_bias,0.05
blocked_road,RRT*,9,0,1,149.197,147.841,1.0092,0.42348,0.1239,0.0652,0.8714,2.107,3.759,9.728,12,1,31.7917,0,,,20499,RRT*,rrt_goal_bias,0.05
blocked_road,RRT*,10,0,1,188.388,149.012,1.2642,1.82683,0.1538,0.0898,1.5586,1.585,3.252,16.9088,20,1,44.0872,0,,,76345,RRT*,rrt_goal_bias,0.05
blocked_road,RRT*,11,0,1,157.66,147.841,1.0664,0.39838,0.0886,0.0477,0.9285,2.177,6.054,7.5167,9,1,29.5176,0,,,18101,RRT*,rrt_goal_bias,0.05
blocked_road,RRT*,12,0,1,150.687,147.841,1.0193,0.33958,0.1269,0.0661,1.2723,2.138,4.137,9.9632,10,1,31.6227,0,,,15639,RRT*,rrt_goal_bias,0.05
blocked_road,RRT*,13,0,1,162.631,149.012,1.0914,0.74196,0.1409,0.0653,1.2007,1.527,3.832,10.6253,13,1,33.5978,0,,,32221,RRT*,rrt_goal_bias,0.05
blocked_road,RRT*,14,0,1,154.332,147.841,1.0439,0.14499,0.1265,0.067,0.9922,2.126,4.14,10.3364,13,1,32.4211,0,,,7398,RRT*,rrt_goal_bias,0.05
blocked_road,RRT*,15,0,1,152.129,147.841,1.029,0.48641,0.1015,0.0545,0.8651,1.549,4.384,8.2916,9,1,29.7639,0,,,23146,RRT*,rrt_goal_bias,0.05
blocked_road,RRT*,16,0,1,158.128,149.598,1.057,1.58957,0.1236,0.0687,1.0233,1.831,4.213,10.8688,13,1,33.0814,0,,,66899,RRT*,rrt_goal_bias,0.05
blocked_road,RRT*,17,0,1,152.607,149.598,1.0201,6.73651,0.0868,0.0482,0.5399,1.681,4.097,7.3613,8,1,28.9633,0,,,249812,RRT*,rrt_goal_bias,0.05
blocked_road,RRT*,18,0,1,158.938,148.426,1.0708,0.24501,0.1539,0.076,1.2791,1.988,3.631,12.0849,12,1,35.2538,0,,,5726,RRT*,rrt_goal_bias,0.05
blocked_road,RRT*,19,0,1,188.454,147.841,1.2747,0.61001,0.1341,0.0671,1.6652,1.599,3.485,12.6382,13,1,38.8207,0,,,25083,RRT*,rrt_goal_bias,0.05
dense_city,RRT*,0,0,1,156.167,145.497,1.0733,2.51741,0.1082,0.061,1.3263,1.819,2.836,9.5202,9,1,31.1336,0,,,91308,RRT*,rrt_goal_bias,0.05
dense_city,RRT*,1,0,1,155.618,148.426,1.0484,1.12798,0.136,0.0687,1.5977,1.634,2.694,10.6834,9,1,31.7001,0,,,41356,RRT*,rrt_goal_bias,0.05
dense_city,RRT*,2,0,1,155.866,150.184,1.0378,3.12027,0.128,0.0748,1.0814,1.797,3.209,11.6631,12,1,34.1467,0,,,108671,RRT*,rrt_goal_bias,0.05
dense_city,RRT*,3,0,1,160.009,147.255,1.0866,0.72583,0.1336,0.0682,1.3345,1.651,2.776,10.9121,11,1,33.356,0,,,29431,RRT*,rrt_goal_bias,0.05
dense_city,RRT*,4,0,1,158.165,146.669,1.0784,2.15372,0.1088,0.0584,1.2318,1.532,3.188,9.232,8,1,30.8047,0,,,75612,RRT*,rrt_goal_bias,0.05
dense_city,RRT*,5,0,1,156.736,145.497,1.0772,2.16261,0.1403,0.0787,1.3466,1.919,3.19,12.3423,10,1,33.5231,0,,,76415,RRT*,rrt_goal_bias,0.05
dense_city,RRT*,6,0,1,156.701,147.255,1.0641,1.45826,0.1414,0.0737,1.314,1.631,2.863,11.5479,10,1,33.4181,0,,,51276,RRT*,rrt_goal_bias,0.05
dense_city,RRT*,7,0,1,157.924,150.184,1.0515,2.37959,0.0891,0.0497,1.437,1.909,2.758,7.8417,6,1,28.5451,0,,,80182,RRT*,rrt_goal_bias,0.05
dense_city,RRT*,8,0,1,159.987,151.841,1.0537,1.77644,0.1093,0.0558,1.4427,2.105,3.202,8.9305,8,1,30.2299,0,,,57657,RRT*,rrt_goal_bias,0.05
dense_city,RRT*,9,0,1,154.115,148.426,1.0383,0.96927,0.1612,0.0854,1.3544,1.56,2.876,13.1672,13,1,34.6154,0,,,36055,RRT*,rrt_goal_bias,0.05
dense_city,RRT*,10,0,1,159.834,145.497,1.0985,0.5995,0.1188,0.0677,1.3867,1.814,3.099,10.8248,7,1,31.9162,0,,,26181,RRT*,rrt_goal_bias,0.05
dense_city,RRT*,11,0,1,152.144,147.255,1.0332,4.58598,0.1701,0.0949,1.329,1.728,2.951,14.4317,16,1,36.0647,0,,,155512,RRT*,rrt_goal_bias,0.05
dense_city,RRT*,12,0,1,156.825,151.841,1.0328,0.85168,0.1407,0.0705,1.4069,2.049,3.189,11.0523,8,1,32.3019,0,,,29900,RRT*,rrt_goal_bias,0.05
dense_city,RRT*,13,0,1,153.47,145.497,1.0548,5.01814,0.1812,0.0927,1.0695,1.716,3.053,14.2276,17,1,36.2938,0,,,174584,RRT*,rrt_goal_bias,0.05
dense_city,RRT*,14,0,1,153.006,145.497,1.0516,1.68325,0.1299,0.072,1.1672,1.576,2.976,11.0176,10,1,32.596,0,,,58704,RRT*,rrt_goal_bias,0.05
dense_city,RRT*,15,0,1,152.514,145.497,1.0482,1.78538,0.1332,0.0713,1.5798,1.528,2.941,10.879,8,1,31.7874,0,,,61219,RRT*,rrt_goal_bias,0.05
dense_city,RRT*,16,0,1,157.062,148.426,1.0582,0.82052,0.0938,0.0506,1.3212,1.798,2.962,7.9539,6,1,29.5534,0,,,28538,RRT*,rrt_goal_bias,0.05
dense_city,RRT*,17,0,1,158.972,144.912,1.097,0.4721,0.1221,0.0579,1.181,1.797,3.918,9.2061,12,1,31.6174,0,,,19263,RRT*,rrt_goal_bias,0.05
dense_city,RRT*,18,0,1,154.35,150.184,1.0277,0.61841,0.1301,0.0688,1.5495,1.58,2.729,10.6263,8,1,31.1034,0,,,25433,RRT*,rrt_goal_bias,0.05
dense_city,RRT*,19,0,1,155.346,150.184,1.0344,0.39096,0.1215,0.0614,1.4295,1.944,3.106,9.5453,7,1,30.0635,0,,,18265,RRT*,rrt_goal_bias,0.05
normal_city,RRT*,0,0,1,147.047,139.64,1.053,0.21064,0.1279,0.0711,1.3544,1.777,5.12,10.4496,12,1,30.7485,0,0.0,,10570,RRT*,rrt_goal_bias,0.2
normal_city,RRT*,1,0,1,162.899,143.154,1.1379,0.14133,0.103,0.0536,1.3133,2.351,6.764,8.7357,7,1,30.9783,0,0.0,,7600,RRT*,rrt_goal_bias,0.2
normal_city,RRT*,2,0,1,152.089,143.154,1.0624,0.27903,0.1164,0.0625,1.3429,1.769,4.209,9.5104,9,1,30.521,0,0.0,,13313,RRT*,rrt_goal_bias,0.2
normal_city,RRT*,3,0,1,145.191,140.811,1.0311,0.52744,0.1671,0.0904,1.4981,1.984,3.68,13.1242,12,1,33.4535,0,0.0,,23152,RRT*,rrt_goal_bias,0.2
normal_city,RRT*,4,0,1,150.075,141.983,1.057,0.24287,0.1222,0.0639,1.8294,1.857,4.179,9.5958,8,1,30.4195,0,0.0,,12116,RRT*,rrt_goal_bias,0.2
normal_city,RRT*,5,0,1,154.749,141.397,1.0944,0.16378,0.0639,0.0363,0.9258,1.537,5.065,5.625,4,1,26.0357,0,0.0,,9118,RRT*,rrt_goal_bias,0.2
normal_city,RRT*,6,0,1,154.881,143.154,1.0819,0.14601,0.1193,0.0581,1.2023,1.568,4.42,8.9946,10,1,31.1668,0,0.0,,8061,RRT*,rrt_goal_bias,0.2
normal_city,RRT*,7,0,1,147.345,141.983,1.0378,0.4052,0.1501,0.0768,1.0521,1.679,3.684,11.3204,12,1,32.5896,0,0.0,,17692,RRT*,rrt_goal_bias,0.2
normal_city,RRT*,8,0,1,150.823,141.397,1.0667,0.14888,0.1301,0.0651,1.0691,1.553,3.943,9.8112,13,1,31.6069,0,0.0,,8138,RRT*,rrt_goal_bias,0.2
normal_city,RRT*,9,0,1,145.581,140.811,1.0339,0.40652,0.1414,0.0763,1.5288,2.367,4.114,11.1075,11,1,31.4286,0,0.0,,18976,RRT*,rrt_goal_bias,0.2
normal_city,RRT*,10,0,1,145.787,141.983,1.0268,0.24555,0.1428,0.0739,1.1119,1.948,3.936,10.7672,12,1,32.07,0,0.0,,12408,RRT*,rrt_goal_bias,0.2
normal_city,RRT*,11,0,1,146.994,140.811,1.0439,0.17478,0.1483,0.0761,1.3983,1.563,4.357,11.1846,14,1,32.133,0,0.0,,8796,RRT*,rrt_goal_bias,0.2
normal_city,RRT*,12,0,1,148.487,140.811,1.0545,0.38976,0.128,0.065,1.2975,1.982,3.694,9.6482,9,1,30.2233,0,0.0,,18066,RRT*,rrt_goal_bias,0.2
normal_city,RRT*,13,0,1,152.587,141.983,1.0747,0.09301,0.1107,0.0615,0.8524,1.848,3.832,9.3862,10,1,31.746,0,0.0,,5746,RRT*,rrt_goal_bias,0.2
normal_city,RRT*,14,0,1,148.841,140.811,1.057,0.18749,0.1646,0.0938,1.3002,2.061,3.993,13.9641,16,1,36.1102,0,0.0,,10781,RRT*,rrt_goal_bias,0.2
normal_city,RRT*,15,0,1,146.222,140.811,1.0384,0.1438,0.1352,0.0697,1.1489,2.202,4.364,10.1905,13,1,31.6758,0,0.0,,7348,RRT*,rrt_goal_bias,0.2
normal_city,RRT*,16,0,1,141.685,140.811,1.0062,0.56217,0.1306,0.0695,1.1382,2.209,3.852,9.8445,9,1,29.4118,0,0.0,,24167,RRT*,rrt_goal_bias,0.2
normal_city,RRT*,17,0,1,150.984,142.569,1.059,0.37004,0.1542,0.0834,1.6297,1.833,4.365,12.592,16,1,34.528,0,0.0,,16944,RRT*,rrt_goal_bias,0.2
normal_city,RRT*,18,0,1,149.737,141.397,1.059,0.24902,0.1276,0.0642,0.9678,1.683,3.591,9.6176,10,1,30.4521,0,0.0,,12098,RRT*,rrt_goal_bias,0.2
normal_city,RRT*,19,0,1,143.424,140.811,1.0186,0.33894,0.1511,0.0794,1.2363,1.735,3.803,11.3941,11,1,31.8968,0,0.0,,16641,RRT*,rrt_goal_bias,0.2
blocked_road,RRT*,0,0,1,155.729,150.77,1.0329,0.71327,0.0902,0.0491,1.3195,1.516,6.763,7.6515,8,1,28.5738,0,,,31649,RRT*,rrt_goal_bias,0.2
blocked_road,RRT*,1,0,1,159.088,147.255,1.0804,0.94105,0.061,0.0338,1.17,3.14,7.028,5.3693,4,1,26.7722,0,,,41284,RRT*,rrt_goal_bias,0.2
blocked_road,RRT*,2,0,1,156.594,149.012,1.0509,0.73626,0.0602,0.035,1.204,1.842,5.423,5.4885,3,1,27.0262,0,,,29935,RRT*,rrt_goal_bias,0.2
blocked_road,RRT*,3,0,1,150.702,147.841,1.0194,0.29794,0.0906,0.0491,1.0008,1.66,4.03,7.4001,7,1,28.2807,0,,,14384,RRT*,rrt_goal_bias,0.2
blocked_road,RRT*,4,0,1,161.488,148.255,1.0893,0.81764,0.0742,0.0404,0.9282,1.535,4.694,6.5275,7,1,28.9049,0,,,33314,RRT*,rrt_goal_bias,0.2
blocked_road,RRT*,5,0,1,159.151,148.426,1.0723,0.93834,0.0753,0.0431,0.5602,2.07,7.713,6.8583,8,1,28.9919,0,,,39210,RRT*,rrt_goal_bias,0.2
blocked_road,RRT*,6,0,1,149.121,149.598,0.9968,0.4353,0.1061,0.0581,1.1176,1.865,5.662,8.6658,8,1,30.0988,0,,,20763,RRT*,rrt_goal_bias,0.2
blocked_road,RRT*,7,0,1,151.148,149.012,1.0143,0.54339,0.1022,0.0595,0.7795,2.13,3.646,8.9871,10,1,30.7073,0,,,24231,RRT*,rrt_goal_bias,0.2
blocked_road,RRT*,8,0,1,151.875,148.426,1.0232,0.38083,0.1104,0.0617,0.8669,1.847,3.801,9.3677,9,1,30.8176,0,,,16483,RRT*,rrt_goal_bias,0.2
blocked_road,RRT*,9,0,1,161.279,147.841,1.0909,0.67861,0.0866,0.0455,1.3971,1.593,4.002,7.3452,8,1,29.0689,0,,,28565,RRT*,rrt_goal_bias,0.2
blocked_road,RRT*,10,0,1,180.98,149.012,1.2145,0.62289,0.1521,0.0766,1.31,2.182,3.759,13.8548,14,1,39.7233,0,,,25636,RRT*,rrt_goal_bias,0.2
blocked_road,RRT*,11,0,1,150.013,147.841,1.0147,0.13534,0.0879,0.0497,0.866,1.886,4.416,7.4531,10,1,28.3818,0,,,7164,RRT*,rrt_goal_bias,0.2
blocked_road,RRT*,12,0,1,160.003,147.841,1.0823,2.5782,0.1007,0.0534,1.1037,2.37,4.333,8.5377,7,1,31.0118,0,,,100208,RRT*,rrt_goal_bias,0.2
blocked_road,RRT*,13,0,1,157.226,149.012,1.0551,0.51733,0.0971,0.0485,0.9334,2.16,4.075,7.6233,7,1,29.7892,0,,,23349,RRT*,rrt_goal_bias,0.2
blocked_road,RRT*,14,0,1,154.089,147.841,1.0423,0.43274,0.1218,0.0646,1.0986,1.71,3.988,9.9506,11,1,31.577,0,,,19619,RRT*,rrt_goal_bias,0.2
blocked_road,RRT*,15,0,1,154.738,147.841,1.0467,0.27318,0.0966,0.0491,1.0457,1.561,4.562,7.59,8,1,29.1948,0,,,14055,RRT*,rrt_goal_bias,0.2
blocked_road,RRT*,16,0,1,158.211,149.598,1.0576,0.21242,0.1059,0.0547,1.2247,2.003,3.664,8.6475,11,1,30.7586,0,,,10345,RRT*,rrt_goal_bias,0.2
blocked_road,RRT*,17,0,1,156.615,149.598,1.0469,1.356,0.1203,0.0676,1.1316,1.691,4.439,10.5798,13,1,32.9202,0,,,56315,RRT*,rrt_goal_bias,0.2
blocked_road,RRT*,18,0,1,155.62,148.426,1.0485,0.34719,0.108,0.0523,1.0043,1.883,3.988,8.144,10,1,30.304,0,,,16973,RRT*,rrt_goal_bias,0.2
blocked_road,RRT*,19,0,1,153.137,147.841,1.0358,0.22717,0.1202,0.0617,0.8074,2.276,3.997,9.4433,13,1,31.6983,0,,,10236,RRT*,rrt_goal_bias,0.2
dense_city,RRT*,0,0,1,153.387,145.497,1.0542,2.70303,0.1276,0.0706,1.4359,1.567,2.982,10.8215,11,1,31.7946,0,,,83640,RRT*,rrt_goal_bias,0.2
dense_city,RRT*,1,0,1,155.406,148.426,1.047,1.43704,0.0754,0.0457,0.8549,1.655,3.99,7.1086,7,1,28.5788,0,,,51730,RRT*,rrt_goal_bias,0.2
dense_city,RRT*,2,0,1,154.142,150.184,1.0264,3.07338,0.1219,0.0596,1.4483,1.913,2.926,9.1892,9,1,29.4317,0,,,98545,RRT*,rrt_goal_bias,0.2
dense_city,RRT*,3,0,1,158.459,147.255,1.0761,0.96683,0.0963,0.0496,0.904,1.616,2.845,7.8667,8,1,29.4321,0,,,34016,RRT*,rrt_goal_bias,0.2
dense_city,RRT*,4,0,1,154.526,146.669,1.0536,3.51082,0.1076,0.0612,0.9357,1.694,3.201,9.462,10,1,31.023,0,,,106732,RRT*,rrt_goal_bias,0.2
dense_city,RRT*,5,0,1,154.979,145.497,1.0652,4.73703,0.1293,0.0707,1.2415,1.8,3.171,10.9639,10,1,32.6983,0,,,138342,RRT*,rrt_goal_bias,0.2
dense_city,RRT*,6,0,1,157.947,147.255,1.0726,0.47548,0.105,0.0564,1.0321,1.642,3.138,8.9062,7,1,30.1924,0,,,18628,RRT*,rrt_goal_bias,0.2
dense_city,RRT*,7,0,1,156.329,150.184,1.0409,3.12645,0.1207,0.0752,1.1362,1.869,2.736,11.7587,13,1,33.4663,0,,,96390,RRT*,rrt_goal_bias,0.2
dense_city,RRT*,8,0,1,153.584,151.841,1.0115,10.9054,0.1205,0.0666,1.1272,1.572,3.024,10.2214,9,1,30.8277,0,,,335849,RRT*,rrt_goal_bias,0.2
dense_city,RRT*,9,0,1,159.503,148.426,1.0746,0.94698,0.1379,0.0706,1.5527,1.642,3.081,11.2641,10,1,33.1741,0,,,26827,RRT*,rrt_goal_bias,0.2
dense_city,RRT*,10,0,1,154.643,145.497,1.0629,0.50752,0.1623,0.089,1.4979,1.626,3.084,13.7631,13,1,35.8663,0,,,21183,RRT*,rrt_goal_bias,0.2
dense_city,RRT*,11,0,1,146.201,147.255,0.9928,8.72815,0.1361,0.0819,1.1984,1.949,3.072,11.9756,12,1,32.3618,0,,,276722,RRT*,rrt_goal_bias,0.2
dense_city,RRT*,12,0,0,0.0,151.841,0.0,2.85388,0.0,0.0,0.0,0.0,0.0,0.0,0,0,0.0,0,,,103442,RRT*,rrt_goal_bias,0.2
dense_city,RRT*,13,0,1,159.684,145.497,1.0975,2.28151,0.1041,0.0594,1.0679,1.799,3.077,9.4806,9,1,31.2372,0,,,75623,RRT*,rrt_goal_bias,0.2
dense_city,RRT*,14,0,1,156.977,145.497,1.0789,0.30989,0.1664,0.0866,1.3168,1.998,2.955,13.5932,13,1,35.539,0,,,13282,RRT*,rrt_goal_bias,0.2
dense_city,RRT*,15,0,1,189.085,145.497,1.2996,0.75458,0.1006,0.0568,1.1923,1.764,3.113,10.7484,8,1,35.7299,0,,,28808,RRT*,rrt_goal_bias,0.2
dense_city,RRT*,16,0,1,154.805,148.426,1.043,0.55323,0.1422,0.0721,1.1796,1.908,3.099,11.1685,13,1,33.1258,0,,,21084,RRT*,rrt_goal_bias,0.2
dense_city,RRT*,17,0,1,155.458,144.912,1.0728,0.53427,0.0925,0.0486,0.9497,1.66,3.233,7.5548,5,1,28.9341,0,,,19294,RRT*,rrt_goal_bias,0.2
dense_city,RRT*,18,0,1,153.935,150.184,1.025,0.39203,0.1389,0.068,1.2414,2.09,3.425,10.4714,10,1,32.0118,0,,,14806,RRT*,rrt_goal_bias,0.2
dense_city,RRT*,19,0,1,158.799,150.184,1.0574,3.56832,0.129,0.0715,1.7315,1.534,3.027,11.3514,13,1,33.8863,0,,,140867,RRT*,rrt_goal_bias,0.2
normal_city,Hybrid,0,0,1,168.0,139.64,1.2031,0.03604,0.2288,1.0225,1.9376,1.82,3.285,171.7783,116,1,64.8145,0,0.0,,720,Hybrid,stuck_window_fixed,12.0
normal_city,Hybrid,1,0,1,172.2,143.154,1.2029,0.03867,0.2379,1.0635,3.3141,1.768,3.915,183.1324,107,1,61.351,0,0.0,,738,Hybrid,stuck_window_fixed,12.0
normal_city,Hybrid,2,0,1,187.353,143.154,1.3087,0.14361,0.3086,1.1177,4.6247,1.742,2.817,209.4111,116,1,71.5313,1,1.0,,10775,Hybrid,stuck_window_fixed,12.0
normal_city,Hybrid,3,0,1,177.8,140.811,1.2627,0.04097,0.2524,1.1285,4.6259,1.956,2.918,200.6485,122,1,68.3969,0,0.0,,762,Hybrid,stuck_window_fixed,12.0
normal_city,Hybrid,4,0,1,181.3,141.983,1.2769,0.03995,0.2579,1.1531,4.2008,1.742,3.311,209.0536,119,1,70.6932,0,0.0,,777,Hybrid,stuck_window_fixed,12.0
normal_city,Hybrid,5,0,1,170.8,141.397,1.2079,0.03738,0.2303,1.0295,3.1577,1.78,3.778,175.847,105,1,61.9027,0,0.0,,732,Hybrid,stuck_window_fixed,12.0
normal_city,Hybrid,6,0,1,174.3,143.154,1.2176,0.03956,0.2372,1.0602,2.7664,1.759,3.169,184.7952,116,1,71.5104,0,0.0,,747,Hybrid,stuck_window_fixed,12.0
normal_city,Hybrid,7,0,1,172.9,141.983,1.2178,0.04038,0.2319,1.0364,2.4309,1.742,2.931,179.2008,113,1,66.5207,0,0.0,,741,Hybrid,stuck_window_fixed,12.0
normal_city,Hybrid,8,0,1,211.262,141.397,1.4941,0.44608,0.2647,0.7873,5.4826,1.768,2.851,166.3331,103,1,71.6105,1,1.0,,30078,Hybrid,stuck_window_fixed,12.0
normal_city,Hybrid,9,0,1,175.0,140.811,1.2428,0.04118,0.242,1.0816,2.8597,1.742,2.912,189.2764,117,1,71.4081,0,0.0,,750,Hybrid,stuck_window_fixed,12.0
normal_city,Hybrid,10,0,1,175.0,141.983,1.2325,0.0421,0.2393,1.0698,2.6361,1.794,2.96,187.2204,118,1,72.7203,0,0.0,,750,Hybrid,stuck_window_fixed,12.0
normal_city,Hybrid,11,0,1,170.8,140.811,1.213,0.03762,0.2293,1.025,3.0979,1.759,3.79,175.0676,106,1,62.0011,0,0.0,,732,Hybrid,stuck_window_fixed,12.0
normal_city,Hybrid,12,0,1,165.28,140.811,1.1738,1.43479,0.1348,0.0922,4.1165,1.88,3.419,15.2464,13,1,36.4746,1,1.0,,89821,Hybrid,stuck_window_fixed,12.0
normal_city,Hybrid,13,0,1,168.248,141.983,1.185,0.44589,0.212,0.5939,7.5647,1.553,2.781,99.915,73,1,56.8039,1,1.0,,30122,Hybrid,stuck_window_fixed,12.0
normal_city,Hybrid,14,0,1,176.4,140.811,1.2527,0.04392,0.248,1.1084,3.2263,1.78,2.973,195.5248,114,1,68.673,0,0.0,,756,Hybrid,stuck_window_fixed,12.0
normal_city,Hybrid,15,0,1,154.867,140.811,1.0998,0.30148,0.0951,0.1871,1.2611,1.742,3.503,28.9712,29,1,33.0786,1,1.0,,18078,Hybrid,stuck_window_fixed,12.0
normal_city,Hybrid,16,0,1,172.2,140.811,1.2229,0.04615,0.2344,1.0476,2.0568,1.82,2.939,180.4019,120,1,71.4025,0,0.0,,738,Hybrid,stuck_window_fixed,12.0
normal_city,Hybrid,17,0,1,172.2,142.569,1.2078,0.04158,0.228,1.019,2.5247,1.768,3.025,175.4767,114,1,69.7117,0,0.0,,738,Hybrid,stuck_window_fixed,12.0
normal_city,Hybrid,18,0,1,176.4,141.397,1.2476,0.04756,0.2454,1.0971,2.8523,1.742,2.945,193.5336,117,1,66.5311,0,0.0,,756,Hybrid,stuck_window_fixed,12.0
normal_city,Hybrid,19,0,1,178.5,140.811,1.2677,0.04106,0.2651,1.185,3.1549,1.82,2.965,211.527,130,1,76.1772,0,0.0,,765,Hybrid,stuck_window_fixed,12.0
blocked_road,Hybrid,0,0,1,215.044,150.77,1.4263,0.86384,0.1953,0.5049,8.2137,1.82,3.53,108.5712,80,1,62.6676,1,,76.0,56026,Hybrid,stuck_window_fixed,12.0
blocked_road,Hybrid,1,0,1,169.4,147.255,1.1504,0.03391,0.1631,0.7288,2.4973,1.768,4.428,123.465,76,1,56.3559,0,,,726,Hybrid,stuck_window_fixed,12.0
blocked_road,Hybrid,2,0,1,153.427,149.012,1.0296,0.20854,0.0839,0.1597,1.313,1.577,3.888,24.5088,24,1,34.6678,1,,,15789,Hybrid,stuck_window_fixed,12.0
blocked_road,Hybrid,3,0,1,159.648,147.841,1.0799,1.11225,0.0914,0.1475,3.7478,1.788,3.023,23.5513,19,1,36.2366,1,,,70752,Hybrid,stuck_window_fixed,12.0
blocked_road,Hybrid,4,0,1,234.715,148.255,1.5832,0.47453,0.222,0.5437,4.5253,1.742,2.759,127.6253,92,1,67.0758,1,,57.0,33487,Hybrid,stuck_window_fixed,12.0
blocked_road,Hybrid,5,0,1,219.85,148.426,1.4812,0.3947,0.2086,0.5337,12.5986,1.78,3.236,117.3256,80,1,68.241,1,,78.0,29048,Hybrid,stuck_window_fixed,12.0
blocked_road,Hybrid,6,0,1,163.657,149.598,1.094,1.23835,0.0691,0.122,1.9942,1.515,4.125,19.9617,19,1,32.7918,1,,,81879,Hybrid,stuck_window_fixed,12.0
blocked_road,Hybrid,7,0,1,207.609,149.012,1.3932,0.71603,0.1826,0.4282,1.7285,1.742,2.778,88.9048,70,1,57.4923,1,,54.0,50892,Hybrid,stuck_window_fixed,12.0
blocked_road,Hybrid,8,0,1,150.254,148.426,1.0123,0.20258,0.0842,0.1373,1.3546,1.628,2.842,20.6246,22,1,31.3008,1,,,14295,Hybrid,stuck_window_fixed,12.0
blocked_road,Hybrid,9,0,1,156.439,147.841,1.0582,1.4752,0.1241,0.0748,1.2173,2.063,3.655,11.7008,14,1,32.5271,1,,,99336,Hybrid,stuck_window_fixed,12.0
blocked_road,Hybrid,10,0,1,277.257,149.012,1.8606,1.23127,0.2372,0.4919,8.9755,1.75,2.756,136.3908,93,1,77.8066,1,,89.0,77917,Hybrid,stuck_window_fixed,12.0
blocked_road,Hybrid,11,0,1,210.083,147.841,1.421,0.26164,0.2061,0.5546,6.2472,1.759,3.184,116.5188,84,1,63.9409,1,,82.0,18469,Hybrid,stuck_window_fixed,12.0
blocked_road,Hybrid,12,0,1,156.309,147.841,1.0573,0.50478,0.0809,0.0618,1.2936,1.88,3.628,9.6632,7,1,29.6178,1,,,33844,Hybrid,stuck_window_fixed,12.0
blocked_road,Hybrid,13,0,1,215.147,149.012,1.4438,0.52987,0.2137,0.521,7.3125,1.794,2.81,112.0959,82,1,64.8748,1,,77.0,35140,Hybrid,stuck_window_fixed,12.0
blocked_road,Hybrid,14,0,1,163.599,147.841,1.1066,1.25097,0.0832,0.1198,1.5214,1.635,2.942,19.5997,18,1,34.1197,1,,,82220,Hybrid,stuck_window_fixed,12.0
blocked_road,Hybrid,15,0,1,174.3,147.841,1.179,0.03483,0.1879,0.8397,2.839,1.742,4.209,146.3581,90,1,57.7065,0,,,747,Hybrid,stuck_window_fixed,12.0
blocked_road,Hybrid,16,0,1,220.322,149.598,1.4728,0.67478,0.194,0.4481,5.4604,1.82,2.914,98.7261,74,1,60.2089,1,,66.0,46716,Hybrid,stuck_window_fixed,12.0
blocked_road,Hybrid,17,0,1,175.817,149.598,1.1753,0.52007,0.0902,0.158,2.621,1.768,3.482,27.7807,26,1,39.8982,1,,,34204,Hybrid,stuck_window_fixed,12.0
blocked_road,Hybrid,18,0,1,176.4,148.426,1.1885,0.03986,0.1988,0.8887,2.3292,1.742,2.922,156.7654,100,1,67.9853,0,,,756,Hybrid,stuck_window_fixed,12.0
blocked_road,Hybrid,19,0,1,216.342,147.841,1.4633,0.39847,0.196,0.4355,6.3274,1.82,2.93,94.2095,70,1,61.759,1,,65.0,27529,Hybrid,stuck_window_fixed,12.0
dense_city,Hybrid,0,0,1,197.272,145.497,1.3558,1.54204,0.1249,0.1512,3.5442,1.656,2.569,29.819,27,1,49.6471,1,,,85126,Hybrid,stuck_window_fixed,12.0
dense_city,Hybrid,1,0,1,155.601,148.426,1.0483,2.12887,0.0871,0.0756,1.6847,1.517,2.567,11.7685,10,1,31.7124,1,,,117577,Hybrid,stuck_window_fixed,12.0
dense_city,Hybrid,2,0,1,155.068,150.184,1.0325,5.93957,0.0759,0.0646,1.0897,1.517,2.621,10.0173,9,1,31.0575,1,,,311462,Hybrid,stuck_window_fixed,12.0
dense_city,Hybrid,3,0,1,192.9,147.255,1.31,1.34261,0.1429,0.2141,4.9713,1.573,2.474,41.3014,36,1,51.5185,1,,,77100,Hybrid,stuck_window_fixed,12.0
dense_city,Hybrid,4,0,1,151.39,146.669,1.0322,1.7419,0.0867,0.0756,1.3667,1.517,2.688,11.4438,9,1,31.2789,1,,,96430,Hybrid,stuck_window_fixed,12.0
dense_city,Hybrid,5,0,1,152.859,145.497,1.0506,1.25252,0.0926,0.0799,1.3171,1.517,2.524,12.2127,11,1,33.0632,1,,,76095,Hybrid,stuck_window_fixed,12.0
dense_city,Hybrid,6,0,1,158.391,147.255,1.0756,3.40618,0.0694,0.0564,1.3469,1.517,2.668,8.9335,8,1,29.3943,1,,,177987,Hybrid,stuck_window_fixed,12.0
dense_city,Hybrid,7,0,1,153.519,150.184,1.0222,1.9062,0.1742,0.0855,0.9927,1.901,2.91,13.1311,13,1,33.1351,1,,,104210,Hybrid,stuck_window_fixed,12.0
dense_city,Hybrid,8,0,1,161.337,151.841,1.0625,4.21159,0.0638,0.0485,1.3277,1.517,2.764,7.8199,7,1,28.7388,1,,,228503,Hybrid,stuck_window_fixed,12.0
dense_city,Hybrid,9,0,1,158.361,148.426,1.0669,1.76005,0.1185,0.1317,2.3816,1.733,2.487,20.8487,19,1,39.241,1,,,99263,Hybrid,stuck_window_fixed,12.0
dense_city,Hybrid,10,0,1,163.957,145.497,1.1269,0.55157,0.16,0.0828,3.3764,1.847,3.127,13.5685,11,1,33.709,1,,,31980,Hybrid,stuck_window_fixed,12.0
dense_city,Hybrid,11,0,1,152.478,147.255,1.0355,3.70815,0.1096,0.0926,1.4779,1.517,2.42,14.1213,11,1,35.0553,1,,,204724,Hybrid,stuck_window_fixed,12.0
dense_city,Hybrid,12,0,1,175.026,151.841,1.1527,1.4506,0.1133,0.1159,3.2485,1.62,2.54,20.2829,19,1,40.6772,1,,,84415,Hybrid,stuck_window_fixed,12.0
dense_city,Hybrid,13,0,1,159.323,145.497,1.095,6.36905,0.1005,0.0792,1.4954,1.517,2.636,12.6243,12,1,33.8338,1,,,367757,Hybrid,stuck_window_fixed,12.0
dense_city,Hybrid,14,0,1,181.869,145.497,1.25,1.70821,0.1081,0.0803,5.2525,1.517,2.5,14.6043,14,1,37.9809,1,,,96230,Hybrid,stuck_window_fixed,12.0
dense_city,Hybrid,15,0,1,156.514,145.497,1.0757,5.31117,0.0966,0.0737,1.4483,1.517,2.484,11.5367,9,1,31.8177,1,,,308956,Hybrid,stuck_window_fixed,12.0
dense_city,Hybrid,16,0,1,163.95,148.426,1.1046,0.53469,0.1242,0.1071,2.4779,1.62,2.526,17.5546,18,1,37.0622,1,,,31685,Hybrid,stuck_window_fixed,12.0
dense_city,Hybrid,17,0,1,189.367,144.912,1.3068,0.72515,0.0794,0.054,4.1645,1.517,2.947,10.2289,9,1,34.6266,1,,,42398,Hybrid,stuck_window_fixed,12.0
dense_city,Hybrid,18,0,1,156.165,150.184,1.0398,1.95671,0.0923,0.0724,1.5988,1.517,2.504,11.3117,10,1,31.8412,1,,,109959,Hybrid,stuck_window_fixed,12.0
dense_city,Hybrid,19,0,1,215.366,150.184,1.434,1.08929,0.2227,0.4256,12.5497,1.603,2.515,91.6511,67,1,70.7138,1,,,58636,Hybrid,stuck_window_fixed,12.0
normal_city,Hybrid,0,0,1,168.0,139.64,1.2031,0.03588,0.2288,1.0225,1.9376,1.82,3.285,171.7783,116,1,64.8145,0,0.0,,720,Hybrid,stuck_window_fixed,8.0
normal_city,Hybrid,1,0,1,168.924,143.154,1.18,0.05264,0.2282,0.9039,2.5636,1.768,3.773,152.6925,94,1,57.2452,1,1.0,,2795,Hybrid,stuck_window_fixed,8.0
normal_city,Hybrid,2,0,1,171.69,143.154,1.1993,0.15734,0.2324,0.7951,2.7158,1.742,2.84,136.5088,88,1,63.3747,1,1.0,,11618,Hybrid,stuck_window_fixed,8.0
normal_city,Hybrid,3,0,1,173.078,140.811,1.2291,1.00024,0.2682,0.9348,2.7696,1.961,2.802,161.7976,105,1,62.2081,1,1.0,,68405,Hybrid,stuck_window_fixed,8.0
normal_city,Hybrid,4,0,1,169.139,141.983,1.1913,0.06465,0.2162,0.8472,2.7726,1.742,3.282,143.2969,90,1,58.368,1,1.0,,3498,Hybrid,stuck_window_fixed,8.0
normal_city,Hybrid,5,0,1,166.568,141.397,1.178,0.05386,0.2294,0.9172,2.8823,1.78,3.618,152.771,95,1,60.0233,1,1.0,,2757,Hybrid,stuck_window_fixed,8.0
normal_city,Hybrid,6,0,1,170.7,143.154,1.1924,0.16977,0.2725,0.9878,2.6642,1.759,2.792,168.6197,109,1,64.5319,1,1.0,,12034,Hybrid,stuck_window_fixed,8.0
normal_city,Hybrid,7,0,1,172.9,141.983,1.2178,0.04535,0.2319,1.0364,2.4309,1.742,2.931,179.2008,113,1,66.5207,0,0.0,,741,Hybrid,stuck_window_fixed,8.0
normal_city,Hybrid,8,0,1,208.653,141.397,1.4757,0.4931,0.2514,0.742,2.724,1.768,2.859,154.8252,100,1,69.9346,1,1.0,,30176,Hybrid,stuck_window_fixed,8.0
normal_city,Hybrid,9,0,1,173.926,140.811,1.2352,0.09232,0.2449,1.0217,3.135,1.742,2.859,177.7007,111,1,69.1356,1,1.0,,5013,Hybrid,stuck_window_fixed,8.0
normal_city,Hybrid,10,0,1,175.0,141.983,1.2325,0.04219,0.2393,1.0698,2.6361,1.794,2.96,187.2204,118,1,72.7203,0,0.0,,750,Hybrid,stuck_window_fixed,8.0
normal_city,Hybrid,11,0,1,169.974,140.811,1.2071,0.06948,0.2333,0.9185,2.778,1.759,3.614,156.1237,98,1,62.6101,1,1.0,,4463,Hybrid,stuck_window_fixed,8.0
normal_city,Hybrid,12,0,1,165.28,140.811,1.1738,1.28828,0.1348,0.0922,4.1165,1.88,3.419,15.2464,13,1,36.4746,1,1.0,,89809,Hybrid,stuck_window_fixed,8.0
normal_city,Hybrid,13,0,1,160.018,141.983,1.127,0.1317,0.1909,0.5396,7.896,1.794,2.829,86.3514,66,1,51.8044,1,1.0,,10172,Hybrid,stuck_window_fixed,8.0
normal_city,Hybrid,14,0,1,170.891,140.811,1.2136,0.19037,0.2674,0.9291,2.9437,1.78,2.865,158.7822,96,1,62.1115,1,1.0,,13593,Hybrid,stuck_window_fixed,8.0
normal_city,Hybrid,15,0,1,154.867,140.811,1.0998,0.24354,0.0951,0.1871,1.2611,1.742,3.503,28.9712,29,1,33.0786,1,1.0,,18070,Hybrid,stuck_window_fixed,8.0
normal_city,Hybrid,16,0,1,172.2,140.811,1.2229,0.03939,0.2344,1.0476,2.0568,1.82,2.939,180.4019,120,1,71.4025,0,0.0,,738,Hybrid,stuck_window_fixed,8.0
normal_city,Hybrid,17,0,1,172.2,142.569,1.2078,0.038,0.228,1.019,2.5247,1.768,3.025,175.4767,114,1,69.7117,0,0.0,,738,Hybrid,stuck_window_fixed,8.0
normal_city,Hybrid,18,0,1,167.693,141.397,1.186,0.19951,0.2526,0.8991,2.5961,1.742,2.815,150.7716,96,1,60.6411,1,1.0,,13187,Hybrid,stuck_window_fixed,8.0
normal_city,Hybrid,19,0,1,175.394,140.811,1.2456,0.36787,0.2603,1.077,2.4913,1.82,2.9,188.9017,120,1,72.0665,1,1.0,,28537,Hybrid,stuck_window_fixed,8.0
blocked_road,Hybrid,0,0,1,208.83,150.77,1.3851,0.31804,0.1773,0.4561,5.2813,1.82,3.527,95.2552,74,1,58.1458,1,,71.0,22955,Hybrid,stuck_window_fixed,8.0
blocked_road,Hybrid,1,0,1,169.4,147.255,1.1504,0.03385,0.1631,0.7288,2.4973,1.768,4.428,123.465,76,1,56.3559,0,,,726,Hybrid,stuck_window_fixed,8.0
blocked_road,Hybrid,2,0,1,153.427,149.012,1.0296,0.20757,0.0839,0.1597,1.313,1.577,3.888,24.5088,24,1,34.6678,1,,,15777,Hybrid,stuck_window_fixed,8.0
blocked_road,Hybrid,3,0,1,159.648,147.841,1.0799,1.10282,0.0914,0.1475,3.7478,1.788,3.023,23.5513,19,1,36.2366,1,,,70740,Hybrid,stuck_window_fixed,8.0
blocked_road,Hybrid,4,0,1,233.27,148.255,1.5734,0.49431,0.2165,0.5277,4.53,1.742,2.762,123.0899,90,1,68.6522,1,,55.0,34589,Hybrid,stuck_window_fixed,8.0
blocked_road,Hybrid,5,0,1,305.025,148.426,2.0551,2.20237,0.1795,0.3439,7.8514,1.78,3.412,104.8829,77,1,78.7842,1,,74.0,145671,Hybrid,stuck_window_fixed,8.0
blocked_road,Hybrid,6,0,1,163.657,149.598,1.094,1.25382,0.0691,0.122,1.9942,1.515,4.125,19.9617,19,1,32.7918,1,,,81871,Hybrid,stuck_window_fixed,8.0
blocked_road,Hybrid,7,0,1,207.609,149.012,1.3932,0.7175,0.1826,0.4282,1.7285,1.742,2.778,88.9048,70,1,57.4923,1,,54.0,50884,Hybrid,stuck_window_fixed,8.0
blocked_road,Hybrid,8,0,1,150.254,148.426,1.0123,0.2152,0.0842,0.1373,1.3546,1.628,2.842,20.6246,22,1,31.3008,1,,,14283,Hybrid,stuck_window_fixed,8.0
blocked_road,Hybrid,9,0,1,156.439,147.841,1.0582,1.47424,0.1241,0.0748,1.2173,2.063,3.655,11.7008,14,1,32.5271,1,,,99324,Hybrid,stuck_window_fixed,8.0
blocked_road,Hybrid,10,0,1,222.848,149.012,1.4955,0.6756,0.2232,0.5474,5.8899,1.794,2.802,121.9967,88,1,68.0496,1,,85.0,44928,Hybrid,stuck_window_fixed,8.0
blocked_road,Hybrid,11,0,1,206.26,147.841,1.3952,0.25538,0.1934,0.5213,4.523,1.759,3.202,107.5329,79,1,61.553,1,,78.0,17972,Hybrid,stuck_window_fixed,8.0
blocked_road,Hybrid,12,0,1,156.309,147.841,1.0573,0.5006,0.0809,0.0618,1.2936,1.88,3.628,9.6632,7,1,29.6178,1,,,33832,Hybrid,stuck_window_fixed,8.0
blocked_road,Hybrid,13,0,1,213.918,149.012,1.4356,0.48198,0.2051,0.4999,6.8948,1.757,2.839,106.9404,81,1,64.6251,1,,75.0,33927,Hybrid,stuck_window_fixed,8.0
blocked_road,Hybrid,14,0,1,163.599,147.841,1.1066,1.20655,0.0832,0.1198,1.5214,1.635,2.942,19.5997,18,1,34.1197,1,,,82212,Hybrid,stuck_window_fixed,8.0
blocked_road,Hybrid,15,0,1,173.869,147.841,1.1761,0.11079,0.1994,0.7927,2.9049,1.742,4.078,137.8317,87,1,59.6794,1,,,7358,Hybrid,stuck_window_fixed,8.0
blocked_road,Hybrid,16,0,1,215.811,149.598,1.4426,0.72914,0.1764,0.4109,8.4593,1.82,2.881,88.6659,70,1,60.4755,1,,62.0,48539,Hybrid,stuck_window_fixed,8.0
blocked_road,Hybrid,17,0,1,175.817,149.598,1.1753,0.4958,0.0902,0.158,2.621,1.768,3.482,27.7807,26,1,39.8982,1,,,34192,Hybrid,stuck_window_fixed,8.0
blocked_road,Hybrid,18,0,1,176.4,148.426,1.1885,0.04002,0.1988,0.8887,2.3292,1.742,2.922,156.7654,100,1,67.9853,0,,,756,Hybrid,stuck_window_fixed,8.0
blocked_road,Hybrid,19,0,1,212.588,147.841,1.438,0.97541,0.1806,0.4137,4.2463,1.703,2.977,87.94,68,1,57.6823,1,,63.0,54592,Hybrid,stuck_window_fixed,8.0
dense_city,Hybrid,0,0,1,197.272,145.497,1.3558,1.72283,0.1249,0.1512,3.5442,1.656,2.569,29.819,27,1,49.6471,1,,,85114,Hybrid,stuck_window_fixed,8.0
dense_city,Hybrid,1,0,1,155.601,148.426,1.0483,2.30936,0.0871,0.0756,1.6847,1.517,2.567,11.7685,10,1,31.7124,1,,,117565,Hybrid,stuck_window_fixed,8.0
dense_city,Hybrid,2,0,1,155.068,150.184,1.0325,5.96057,0.0759,0.0646,1.0897,1.517,2.621,10.0173,9,1,31.0575,1,,,311450,Hybrid,stuck_window_fixed,8.0
dense_city,Hybrid,3,0,1,192.9,147.255,1.31,1.26591,0.1429,0.2141,4.9713,1.573,2.474,41.3014,36,1,51.5185,1,,,77092,Hybrid,stuck_window_fixed,8.0
dense_city,Hybrid,4,0,1,151.39,146.669,1.0322,1.67798,0.0867,0.0756,1.3667,1.517,2.688,11.4438,9,1,31.2789,1,,,96418,Hybrid,stuck_window_fixed,8.0
dense_city,Hybrid,5,0,1,152.859,145.497,1.0506,1.23997,0.0926,0.0799,1.3171,1.517,2.524,12.2127,11,1,33.0632,1,,,76083,Hybrid,stuck_window_fixed,8.0
dense_city,Hybrid,6,0,1,158.391,147.255,1.0756,3.30357,0.0694,0.0564,1.3469,1.517,2.668,8.9335,8,1,29.3943,1,,,177975,Hybrid,stuck_window_fixed,8.0
dense_city,Hybrid,7,0,1,153.519,150.184,1.0222,1.95157,0.1742,0.0855,0.9927,1.901,2.91,13.1311,13,1,33.1351,1,,,104202,Hybrid,stuck_window_fixed,8.0
dense_city,Hybrid,8,0,1,161.337,151.841,1.0625,4.35678,0.0638,0.0485,1.3277,1.517,2.764,7.8199,7,1,28.7388,1,,,228491,Hybrid,stuck_window_fixed,8.0
dense_city,Hybrid,9,0,1,158.361,148.426,1.0669,1.84359,0.1185,0.1317,2.3816,1.733,2.487,20.8487,19,1,39.241,1,,,99251,Hybrid,stuck_window_fixed,8.0
dense_city,Hybrid,10,0,1,163.957,145.497,1.1269,0.54483,0.16,0.0828,3.3764,1.847,3.127,13.5685,11,1,33.709,1,,,31968,Hybrid,stuck_window_fixed,8.0
dense_city,Hybrid,11,0,1,152.478,147.255,1.0355,3.98962,0.1096,0.0926,1.4779,1.517,2.42,14.1213,11,1,35.0553,1,,,204712,Hybrid,stuck_window_fixed,8.0
dense_city,Hybrid,12,0,1,175.026,151.841,1.1527,1.49021,0.1133,0.1159,3.2485,1.62,2.54,20.2829,19,1,40.6772,1,,,84403,Hybrid,stuck_window_fixed,8.0
dense_city,Hybrid,13,0,1,159.323,145.497,1.095,6.42588,0.1005,0.0792,1.4954,1.517,2.636,12.6243,12,1,33.8338,1,,,367749,Hybrid,stuck_window_fixed,8.0
dense_city,Hybrid,14,0,1,181.869,145.497,1.25,1.6893,0.1081,0.0803,5.2525,1.517,2.5,14.6043,14,1,37.9809,1,,,96218,Hybrid,stuck_window_fixed,8.0
dense_city,Hybrid,15,0,1,156.514,145.497,1.0757,5.20305,0.0966,0.0737,1.4483,1.517,2.484,11.5367,9,1,31.8177,1,,,308944,Hybrid,stuck_window_fixed,8.0
dense_city,Hybrid,16,0,1,163.95,148.426,1.1046,0.54059,0.1242,0.1071,2.4779,1.62,2.526,17.5546,18,1,37.0622,1,,,31673,Hybrid,stuck_window_fixed,8.0
dense_city,Hybrid,17,0,1,189.367,144.912,1.3068,0.70906,0.0794,0.054,4.1645,1.517,2.947,10.2289,9,1,34.6266,1,,,42386,Hybrid,stuck_window_fixed,8.0
dense_city,Hybrid,18,0,1,156.165,150.184,1.0398,1.89953,0.0923,0.0724,1.5988,1.517,2.504,11.3117,10,1,31.8412,1,,,109947,Hybrid,stuck_window_fixed,8.0
dense_city,Hybrid,19,0,1,212.598,150.184,1.4156,1.06952,0.1985,0.3725,5.7736,1.603,2.52,79.197,63,1,69.0517,1,,,58536,Hybrid,stuck_window_fixed,8.0
normal_city,Hybrid,0,0,1,168.0,139.64,1.2031,0.03713,0.2288,1.0225,1.9376,1.82,3.285,171.7783,116,1,64.8145,0,0.0,,720,Hybrid,stuck_window_fixed,18.0
normal_city,Hybrid,1,0,1,172.2,143.154,1.2029,0.03667,0.2379,1.0635,3.3141,1.768,3.915,183.1324,107,1,61.351,0,0.0,,738,Hybrid,stuck_window_fixed,18.0
normal_city,Hybrid,2,0,1,207.752,143.154,1.4512,0.23936,0.3551,1.45,8.5799,1.742,2.853,301.2395,150,1,87.6961,1,1.0,,16145,Hybrid,stuck_window_fixed,18.0
normal_city,Hybrid,3,0,1,177.8,140.811,1.2627,0.04155,0.2524,1.1285,4.6259,1.956,2.918,200.6485,122,1,68.3969,0,0.0,,762,Hybrid,stuck_window_fixed,18.0
normal_city,Hybrid,4,0,1,181.3,141.983,1.2769,0.03964,0.2579,1.1531,4.2008,1.742,3.311,209.0536,119,1,70.6932,0,0.0,,777,Hybrid,stuck_window_fixed,18.0
normal_city,Hybrid,5,0,1,170.8,141.397,1.2079,0.03944,0.2303,1.0295,3.1577,1.78,3.778,175.847,105,1,61.9027,0,0.0,,732,Hybrid,stuck_window_fixed,18.0
normal_city,Hybrid,6,0,1,174.3,143.154,1.2176,0.03802,0.2372,1.0602,2.7664,1.759,3.169,184.7952,116,1,71.5104,0,0.0,,747,Hybrid,stuck_window_fixed,18.0
normal_city,Hybrid,7,0,1,172.9,141.983,1.2178,0.04008,0.2319,1.0364,2.4309,1.742,2.931,179.2008,113,1,66.5207,0,0.0,,741,Hybrid,stuck_window_fixed,18.0
normal_city,Hybrid,8,0,1,215.505,141.397,1.5241,0.44486,0.287,0.8577,9.6172,1.768,2.837,184.8465,110,1,75.6575,1,1.0,,30166,Hybrid,stuck_window_fixed,18.0
normal_city,Hybrid,9,0,1,175.0,140.811,1.2428,0.04039,0.242,1.0816,2.8597,1.742,2.912,189.2764,117,1,71.4081,0,0.0,,750,Hybrid,stuck_window_fixed,18.0
normal_city,Hybrid,10,0,1,175.0,141.983,1.2325,0.04277,0.2393,1.0698,2.6361,1.794,2.96,187.2204,118,1,72.7203,0,0.0,,750,Hybrid,stuck_window_fixed,18.0
normal_city,Hybrid,11,0,1,170.8,140.811,1.213,0.03595,0.2293,1.025,3.0979,1.759,3.79,175.0676,106,1,62.0011,0,0.0,,732,Hybrid,stuck_window_fixed,18.0
normal_city,Hybrid,12,0,1,165.28,140.811,1.1738,1.31644,0.1348,0.0922,4.1165,1.88,3.419,15.2464,13,1,36.4746,1,1.0,,89839,Hybrid,stuck_window_fixed,18.0
normal_city,Hybrid,13,0,1,172.17,141.983,1.2126,0.42043,0.2303,0.6514,8.4567,1.553,2.765,112.1585,78,1,59.5779,1,1.0,,30156,Hybrid,stuck_window_fixed,18.0
normal_city,Hybrid,14,0,1,176.4,140.811,1.2527,0.04063,0.248,1.1084,3.2263,1.78,2.973,195.5248,114,1,68.673,0,0.0,,756,Hybrid,stuck_window_fixed,18.0
normal_city,Hybrid,15,0,1,154.867,140.811,1.0998,0.24654,0.0951,0.1871,1.2611,1.742,3.503,28.9712,29,1,33.0786,1,1.0,,18090,Hybrid,stuck_window_fixed,18.0
normal_city,Hybrid,16,0,1,172.2,140.811,1.2229,0.04016,0.2344,1.0476,2.0568,1.82,2.939,180.4019,120,1,71.4025,0,0.0,,738,Hybrid,stuck_window_fixed,18.0
normal_city,Hybrid,17,0,1,172.2,142.569,1.2078,0.03779,0.228,1.019,2.5247,1.768,3.025,175.4767,114,1,69.7117,0,0.0,,738,Hybrid,stuck_window_fixed,18.0
normal_city,Hybrid,18,0,1,176.4,141.397,1.2476,0.04239,0.2454,1.0971,2.8523,1.742,2.945,193.5336,117,1,66.5311,0,0.0,,756,Hybrid,stuck_window_fixed,18.0
normal_city,Hybrid,19,0,1,178.5,140.811,1.2677,0.04175,0.2651,1.185,3.1549,1.82,2.965,211.527,130,1,76.1772,0,0.0,,765,Hybrid,stuck_window_fixed,18.0
blocked_road,Hybrid,0,0,1,216.389,150.77,1.4352,0.31965,0.2194,0.5796,8.3942,1.82,3.458,125.4237,85,1,62.5599,1,,82.0,23021,Hybrid,stuck_window_fixed,18.0
blocked_road,Hybrid,1,0,1,169.4,147.255,1.1504,0.03308,0.1631,0.7288,2.4973,1.768,4.428,123.465,76,1,56.3559,0,,,726,Hybrid,stuck_window_fixed,18.0
blocked_road,Hybrid,2,0,1,153.427,149.012,1.0296,0.2029,0.0839,0.1597,1.313,1.577,3.888,24.5088,24,1,34.6678,1,,,15807,Hybrid,stuck_window_fixed,18.0
blocked_road,Hybrid,3,0,1,159.648,147.841,1.0799,1.07087,0.0914,0.1475,3.7478,1.788,3.023,23.5513,19,1,36.2366,1,,,70770,Hybrid,stuck_window_fixed,18.0
blocked_road,Hybrid,4,0,1,240.398,148.255,1.6215,0.47982,0.2448,0.6111,5.851,1.742,2.739,146.9177,100,1,74.7945,1,,65.0,34626,Hybrid,stuck_window_fixed,18.0
blocked_road,Hybrid,5,0,1,224.032,148.426,1.5094,0.4206,0.2341,0.6072,12.6249,1.78,3.204,136.0362,86,1,71.1316,1,,84.0,29043,Hybrid,stuck_window_fixed,18.0
blocked_road,Hybrid,6,0,1,163.657,149.598,1.094,1.21244,0.0691,0.122,1.9942,1.515,4.125,19.9617,19,1,32.7918,1,,,81891,Hybrid,stuck_window_fixed,18.0
blocked_road,Hybrid,7,0,1,207.609,149.012,1.3932,0.74301,0.1826,0.4282,1.7285,1.742,2.778,88.9048,70,1,57.4923,1,,54.0,50904,Hybrid,stuck_window_fixed,18.0
blocked_road,Hybrid,8,0,1,150.254,148.426,1.0123,0.19956,0.0842,0.1373,1.3546,1.628,2.842,20.6246,22,1,31.3008,1,,,14313,Hybrid,stuck_window_fixed,18.0
blocked_road,Hybrid,9,0,1,156.439,147.841,1.0582,1.46441,0.1241,0.0748,1.2173,2.063,3.655,11.7008,14,1,32.5271,1,,,99354,Hybrid,stuck_window_fixed,18.0
blocked_road,Hybrid,10,0,1,279.944,149.012,1.8787,1.26278,0.2528,0.5305,9.3633,1.771,2.746,148.5191,97,1,80.384,1,,93.0,77739,Hybrid,stuck_window_fixed,18.0
blocked_road,Hybrid,11,0,1,216.621,147.841,1.4652,0.82113,0.2347,0.6366,9.6679,1.759,3.15,137.8912,91,1,69.4307,1,,87.0,52417,Hybrid,stuck_window_fixed,18.0
blocked_road,Hybrid,12,0,1,156.309,147.841,1.0573,0.5203,0.0809,0.0618,1.2936,1.88,3.628,9.6632,7,1,29.6178,1,,,33862,Hybrid,stuck_window_fixed,18.0
blocked_road,Hybrid,13,0,1,215.147,149.012,1.4438,0.52601,0.2137,0.521,7.3125,1.794,2.81,112.0959,82,1,64.8748,1,,77.0,35158,Hybrid,stuck_window_fixed,18.0
blocked_road,Hybrid,14,0,1,163.599,147.841,1.1066,1.228,0.0832,0.1198,1.5214,1.635,2.942,19.5997,18,1,34.1197,1,,,82232,Hybrid,stuck_window_fixed,18.0
blocked_road,Hybrid,15,0,1,174.3,147.841,1.179,0.05014,0.1879,0.8397,2.839,1.742,4.209,146.3581,90,1,57.7065,0,,,747,Hybrid,stuck_window_fixed,18.0
blocked_road,Hybrid,16,0,1,223.931,149.598,1.4969,0.2875,0.2228,0.5252,7.7582,1.82,2.903,117.6116,81,1,65.1428,1,,72.0,19736,Hybrid,stuck_window_fixed,18.0
blocked_road,Hybrid,17,0,1,175.817,149.598,1.1753,0.49656,0.0902,0.158,2.621,1.768,3.482,27.7807,26,1,39.8982,1,,,34222,Hybrid,stuck_window_fixed,18.0
blocked_road,Hybrid,18,0,1,176.4,148.426,1.1885,0.03944,0.1988,0.8887,2.3292,1.742,2.922,156.7654,100,1,67.9853,0,,,756,Hybrid,stuck_window_fixed,18.0
blocked_road,Hybrid,19,0,1,221.269,147.841,1.4967,0.3868,0.2235,0.5109,6.5617,1.703,2.897,113.0439,77,1,64.9495,1,,72.0,27559,Hybrid,stuck_window_fixed,18.0
dense_city,Hybrid,0,0,1,197.272,145.497,1.3558,1.49012,0.1249,0.1512,3.5442,1.656,2.569,29.819,27,1,49.6471,1,,,85144,Hybrid,stuck_window_fixed,18.0
dense_city,Hybrid,1,0,1,155.601,148.426,1.0483,2.10314,0.0871,0.0756,1.6847,1.517,2.567,11.7685,10,1,31.7124,1,,,117595,Hybrid,stuck_window_fixed,18.0
dense_city,Hybrid,2,0,1,155.068,150.184,1.0325,5.72216,0.0759,0.0646,1.0897,1.517,2.621,10.0173,9,1,31.0575,1,,,311480,Hybrid,stuck_window_fixed,18.0
dense_city,Hybrid,3,0,1,192.9,147.255,1.31,1.27461,0.1429,0.2141,4.9713,1.573,2.474,41.3014,36,1,51.5185,1,,,77112,Hybrid,stuck_window_fixed,18.0
dense_city,Hybrid,4,0,1,151.39,146.669,1.0322,1.68606,0.0867,0.0756,1.3667,1.517,2.688,11.4438,9,1,31.2789,1,,,96448,Hybrid,stuck_window_fixed,18.0
dense_city,Hybrid,5,0,1,152.859,145.497,1.0506,1.25319,0.0926,0.0799,1.3171,1.517,2.524,12.2127,11,1,33.0632,1,,,76113,Hybrid,stuck_window_fixed,18.0
dense_city,Hybrid,6,0,1,158.391,147.255,1.0756,3.32533,0.0694,0.0564,1.3469,1.517,2.668,8.9335,8,1,29.3943,1,,,178005,Hybrid,stuck_window_fixed,18.0
dense_city,Hybrid,7,0,1,153.519,150.184,1.0222,1.86839,0.1742,0.0855,0.9927,1.901,2.91,13.1311,13,1,33.1351,1,,,104222,Hybrid,stuck_window_fixed,18.0
dense_city,Hybrid,8,0,1,161.337,151.841,1.0625,4.19756,0.0638,0.0485,1.3277,1.517,2.764,7.8199,7,1,28.7388,1,,,228521,Hybrid,stuck_window_fixed,18.0
dense_city,Hybrid,9,0,1,158.361,148.426,1.0669,1.75431,0.1185,0.1317,2.3816,1.733,2.487,20.8487,19,1,39.241,1,,,99281,Hybrid,stuck_window_fixed,18.0
dense_city,Hybrid,10,0,1,163.957,145.497,1.1269,0.52734,0.16,0.0828,3.3764,1.847,3.127,13.5685,11,1,33.709,1,,,31998,Hybrid,stuck_window_fixed,18.0
dense_city,Hybrid,11,0,1,152.478,147.255,1.0355,3.8006,0.1096,0.0926,1.4779,1.517,2.42,14.1213,11,1,35.0553,1,,,204742,Hybrid,stuck_window_fixed,18.0
dense_city,Hybrid,12,0,1,175.026,151.841,1.1527,1.46364,0.1133,0.1159,3.2485,1.62,2.54,20.2829,19,1,40.6772,1,,,84433,Hybrid,stuck_window_fixed,18.0
dense_city,Hybrid,13,0,1,159.323,145.497,1.095,7.21684,0.1005,0.0792,1.4954,1.517,2.636,12.6243,12,1,33.8338,1,,,367769,Hybrid,stuck_window_fixed,18.0
dense_city,Hybrid,14,0,1,181.869,145.497,1.25,1.7446,0.1081,0.0803,5.2525,1.517,2.5,14.6043,14,1,37.9809,1,,,96248,Hybrid,stuck_window_fixed,18.0
dense_city,Hybrid,15,0,1,156.514,145.497,1.0757,5.82708,0.0966,0.0737,1.4483,1.517,2.484,11.5367,9,1,31.8177,1,,,308974,Hybrid,stuck_window_fixed,18.0
dense_city,Hybrid,16,0,1,163.95,148.426,1.1046,0.54953,0.1242,0.1071,2.4779,1.62,2.526,17.5546,18,1,37.0622,1,,,31703,Hybrid,stuck_window_fixed,18.0
dense_city,Hybrid,17,0,1,189.367,144.912,1.3068,0.77078,0.0794,0.054,4.1645,1.517,2.947,10.2289,9,1,34.6266,1,,,42416,Hybrid,stuck_window_fixed,18.0
dense_city,Hybrid,18,0,1,156.165,150.184,1.0398,2.12138,0.0923,0.0724,1.5988,1.517,2.504,11.3117,10,1,31.8412,1,,,109977,Hybrid,stuck_window_fixed,18.0
dense_city,Hybrid,19,0,1,219.526,150.184,1.4617,1.35413,0.2564,0.5027,12.3146,1.603,2.507,110.3566,73,1,73.3309,1,,,58638,Hybrid,stuck_window_fixed,18.0
normal_city,Hybrid,0,0,1,168.0,139.64,1.2031,0.03604,0.2288,1.0225,1.9376,1.82,3.285,171.7783,116,1,64.8145,0,0.0,,720,Hybrid,stuck_delta,2.0
normal_city,Hybrid,1,0,1,172.2,143.154,1.2029,0.03867,0.2379,1.0635,3.3141,1.768,3.915,183.1324,107,1,61.351,0,0.0,,738,Hybrid,stuck_delta,2.0
normal_city,Hybrid,2,0,1,187.353,143.154,1.3087,0.14361,0.3086,1.1177,4.6247,1.742,2.817,209.4111,116,1,71.5313,1,1.0,,10775,Hybrid,stuck_delta,2.0
normal_city,Hybrid,3,0,1,177.8,140.811,1.2627,0.04097,0.2524,1.1285,4.6259,1.956,2.918,200.6485,122,1,68.3969,0,0.0,,762,Hybrid,stuck_delta,2.0
normal_city,Hybrid,4,0,1,181.3,141.983,1.2769,0.03995,0.2579,1.1531,4.2008,1.742,3.311,209.0536,119,1,70.6932,0,0.0,,777,Hybrid,stuck_delta,2.0
normal_city,Hybrid,5,0,1,170.8,141.397,1.2079,0.03738,0.2303,1.0295,3.1577,1.78,3.778,175.847,105,1,61.9027,0,0.0,,732,Hybrid,stuck_delta,2.0
normal_city,Hybrid,6,0,1,174.3,143.154,1.2176,0.03956,0.2372,1.0602,2.7664,1.759,3.169,184.7952,116,1,71.5104,0,0.0,,747,Hybrid,stuck_delta,2.0
normal_city,Hybrid,7,0,1,172.9,141.983,1.2178,0.04038,0.2319,1.0364,2.4309,1.742,2.931,179.2008,113,1,66.5207,0,0.0,,741,Hybrid,stuck_delta,2.0
normal_city,Hybrid,8,0,1,211.262,141.397,1.4941,0.44608,0.2647,0.7873,5.4826,1.768,2.851,166.3331,103,1,71.6105,1,1.0,,30078,Hybrid,stuck_delta,2.0
normal_city,Hybrid,9,0,1,175.0,140.811,1.2428,0.04118,0.242,1.0816,2.8597,1.742,2.912,189.2764,117,1,71.4081,0,0.0,,750,Hybrid,stuck_delta,2.0
normal_city,Hybrid,10,0,1,175.0,141.983,1.2325,0.0421,0.2393,1.0698,2.6361,1.794,2.96,187.2204,118,1,72.7203,0,0.0,,750,Hybrid,stuck_delta,2.0
normal_city,Hybrid,11,0,1,170.8,140.811,1.213,0.03762,0.2293,1.025,3.0979,1.759,3.79,175.0676,106,1,62.0011,0,0.0,,732,Hybrid,stuck_delta,2.0
normal_city,Hybrid,12,0,1,165.28,140.811,1.1738,1.43479,0.1348,0.0922,4.1165,1.88,3.419,15.2464,13,1,36.4746,1,1.0,,89821,Hybrid,stuck_delta,2.0
normal_city,Hybrid,13,0,1,168.248,141.983,1.185,0.44589,0.212,0.5939,7.5647,1.553,2.781,99.915,73,1,56.8039,1,1.0,,30122,Hybrid,stuck_delta,2.0
normal_city,Hybrid,14,0,1,176.4,140.811,1.2527,0.04392,0.248,1.1084,3.2263,1.78,2.973,195.5248,114,1,68.673,0,0.0,,756,Hybrid,stuck_delta,2.0
normal_city,Hybrid,15,0,1,154.867,140.811,1.0998,0.30148,0.0951,0.1871,1.2611,1.742,3.503,28.9712,29,1,33.0786,1,1.0,,18078,Hybrid,stuck_delta,2.0
normal_city,Hybrid,16,0,1,172.2,140.811,1.2229,0.04615,0.2344,1.0476,2.0568,1.82,2.939,180.4019,120,1,71.4025,0,0.0,,738,Hybrid,stuck_delta,2.0
normal_city,Hybrid,17,0,1,172.2,142.569,1.2078,0.04158,0.228,1.019,2.5247,1.768,3.025,175.4767,114,1,69.7117,0,0.0,,738,Hybrid,stuck_delta,2.0
normal_city,Hybrid,18,0,1,176.4,141.397,1.2476,0.04756,0.2454,1.0971,2.8523,1.742,2.945,193.5336,117,1,66.5311,0,0.0,,756,Hybrid,stuck_delta,2.0
normal_city,Hybrid,19,0,1,178.5,140.811,1.2677,0.04106,0.2651,1.185,3.1549,1.82,2.965,211.527,130,1,76.1772,0,0.0,,765,Hybrid,stuck_delta,2.0
blocked_road,Hybrid,0,0,1,215.044,150.77,1.4263,0.86384,0.1953,0.5049,8.2137,1.82,3.53,108.5712,80,1,62.6676,1,,76.0,56026,Hybrid,stuck_delta,2.0
blocked_road,Hybrid,1,0,1,169.4,147.255,1.1504,0.03391,0.1631,0.7288,2.4973,1.768,4.428,123.465,76,1,56.3559,0,,,726,Hybrid,stuck_delta,2.0
blocked_road,Hybrid,2,0,1,153.427,149.012,1.0296,0.20854,0.0839,0.1597,1.313,1.577,3.888,24.5088,24,1,34.6678,1,,,15789,Hybrid,stuck_delta,2.0
blocked_road,Hybrid,3,0,1,159.648,147.841,1.0799,1.11225,0.0914,0.1475,3.7478,1.788,3.023,23.5513,19,1,36.2366,1,,,70752,Hybrid,stuck_delta,2.0
blocked_road,Hybrid,4,0,1,234.715,148.255,1.5832,0.47453,0.222,0.5437,4.5253,1.742,2.759,127.6253,92,1,67.0758,1,,57.0,33487,Hybrid,stuck_delta,2.0
blocked_road,Hybrid,5,0,1,219.85,148.426,1.4812,0.3947,0.2086,0.5337,12.5986,1.78,3.236,117.3256,80,1,68.241,1,,78.0,29048,Hybrid,stuck_delta,2.0
blocked_road,Hybrid,6,0,1,163.657,149.598,1.094,1.23835,0.0691,0.122,1.9942,1.515,4.125,19.9617,19,1,32.7918,1,,,81879,Hybrid,stuck_delta,2.0
blocked_road,Hybrid,7,0,1,207.609,149.012,1.3932,0.71603,0.1826,0.4282,1.7285,1.742,2.778,88.9048,70,1,57.4923,1,,54.0,50892,Hybrid,stuck_delta,2.0
blocked_road,Hybrid,8,0,1,150.254,148.426,1.0123,0.20258,0.0842,0.1373,1.3546,1.628,2.842,20.6246,22,1,31.3008,1,,,14295,Hybrid,stuck_delta,2.0
blocked_road,Hybrid,9,0,1,156.439,147.841,1.0582,1.4752,0.1241,0.0748,1.2173,2.063,3.655,11.7008,14,1,32.5271,1,,,99336,Hybrid,stuck_delta,2.0
blocked_road,Hybrid,10,0,1,277.257,149.012,1.8606,1.23127,0.2372,0.4919,8.9755,1.75,2.756,136.3908,93,1,77.8066,1,,89.0,77917,Hybrid,stuck_delta,2.0
blocked_road,Hybrid,11,0,1,210.083,147.841,1.421,0.26164,0.2061,0.5546,6.2472,1.759,3.184,116.5188,84,1,63.9409,1,,82.0,18469,Hybrid,stuck_delta,2.0
blocked_road,Hybrid,12,0,1,156.309,147.841,1.0573,0.50478,0.0809,0.0618,1.2936,1.88,3.628,9.6632,7,1,29.6178,1,,,33844,Hybrid,stuck_delta,2.0
blocked_road,Hybrid,13,0,1,215.147,149.012,1.4438,0.52987,0.2137,0.521,7.3125,1.794,2.81,112.0959,82,1,64.8748,1,,77.0,35140,Hybrid,stuck_delta,2.0
blocked_road,Hybrid,14,0,1,163.599,147.841,1.1066,1.25097,0.0832,0.1198,1.5214,1.635,2.942,19.5997,18,1,34.1197,1,,,82220,Hybrid,stuck_delta,2.0
blocked_road,Hybrid,15,0,1,174.3,147.841,1.179,0.03483,0.1879,0.8397,2.839,1.742,4.209,146.3581,90,1,57.7065,0,,,747,Hybrid,stuck_delta,2.0
blocked_road,Hybrid,16,0,1,220.322,149.598,1.4728,0.67478,0.194,0.4481,5.4604,1.82,2.914,98.7261,74,1,60.2089,1,,66.0,46716,Hybrid,stuck_delta,2.0
blocked_road,Hybrid,17,0,1,175.817,149.598,1.1753,0.52007,0.0902,0.158,2.621,1.768,3.482,27.7807,26,1,39.8982,1,,,34204,Hybrid,stuck_delta,2.0
blocked_road,Hybrid,18,0,1,176.4,148.426,1.1885,0.03986,0.1988,0.8887,2.3292,1.742,2.922,156.7654,100,1,67.9853,0,,,756,Hybrid,stuck_delta,2.0
blocked_road,Hybrid,19,0,1,216.342,147.841,1.4633,0.39847,0.196,0.4355,6.3274,1.82,2.93,94.2095,70,1,61.759,1,,65.0,27529,Hybrid,stuck_delta,2.0
dense_city,Hybrid,0,0,1,197.272,145.497,1.3558,1.54204,0.1249,0.1512,3.5442,1.656,2.569,29.819,27,1,49.6471,1,,,85126,Hybrid,stuck_delta,2.0
dense_city,Hybrid,1,0,1,155.601,148.426,1.0483,2.12887,0.0871,0.0756,1.6847,1.517,2.567,11.7685,10,1,31.7124,1,,,117577,Hybrid,stuck_delta,2.0
dense_city,Hybrid,2,0,1,155.068,150.184,1.0325,5.93957,0.0759,0.0646,1.0897,1.517,2.621,10.0173,9,1,31.0575,1,,,311462,Hybrid,stuck_delta,2.0
dense_city,Hybrid,3,0,1,192.9,147.255,1.31,1.34261,0.1429,0.2141,4.9713,1.573,2.474,41.3014,36,1,51.5185,1,,,77100,Hybrid,stuck_delta,2.0
dense_city,Hybrid,4,0,1,151.39,146.669,1.0322,1.7419,0.0867,0.0756,1.3667,1.517,2.688,11.4438,9,1,31.2789,1,,,96430,Hybrid,stuck_delta,2.0
dense_city,Hybrid,5,0,1,152.859,145.497,1.0506,1.25252,0.0926,0.0799,1.3171,1.517,2.524,12.2127,11,1,33.0632,1,,,76095,Hybrid,stuck_delta,2.0
dense_city,Hybrid,6,0,1,158.391,147.255,1.0756,3.40618,0.0694,0.0564,1.3469,1.517,2.668,8.9335,8,1,29.3943,1,,,177987,Hybrid,stuck_delta,2.0
dense_city,Hybrid,7,0,1,153.519,150.184,1.0222,1.9062,0.1742,0.0855,0.9927,1.901,2.91,13.1311,13,1,33.1351,1,,,104210,Hybrid,stuck_delta,2.0
dense_city,Hybrid,8,0,1,161.337,151.841,1.0625,4.21159,0.0638,0.0485,1.3277,1.517,2.764,7.8199,7,1,28.7388,1,,,228503,Hybrid,stuck_delta,2.0
dense_city,Hybrid,9,0,1,158.361,148.426,1.0669,1.76005,0.1185,0.1317,2.3816,1.733,2.487,20.8487,19,1,39.241,1,,,99263,Hybrid,stuck_delta,2.0
dense_city,Hybrid,10,0,1,163.957,145.497,1.1269,0.55157,0.16,0.0828,3.3764,1.847,3.127,13.5685,11,1,33.709,1,,,31980,Hybrid,stuck_delta,2.0
dense_city,Hybrid,11,0,1,152.478,147.255,1.0355,3.70815,0.1096,0.0926,1.4779,1.517,2.42,14.1213,11,1,35.0553,1,,,204724,Hybrid,stuck_delta,2.0
dense_city,Hybrid,12,0,1,175.026,151.841,1.1527,1.4506,0.1133,0.1159,3.2485,1.62,2.54,20.2829,19,1,40.6772,1,,,84415,Hybrid,stuck_delta,2.0
dense_city,Hybrid,13,0,1,159.323,145.497,1.095,6.36905,0.1005,0.0792,1.4954,1.517,2.636,12.6243,12,1,33.8338,1,,,367757,Hybrid,stuck_delta,2.0
dense_city,Hybrid,14,0,1,181.869,145.497,1.25,1.70821,0.1081,0.0803,5.2525,1.517,2.5,14.6043,14,1,37.9809,1,,,96230,Hybrid,stuck_delta,2.0
dense_city,Hybrid,15,0,1,156.514,145.497,1.0757,5.31117,0.0966,0.0737,1.4483,1.517,2.484,11.5367,9,1,31.8177,1,,,308956,Hybrid,stuck_delta,2.0
dense_city,Hybrid,16,0,1,163.95,148.426,1.1046,0.53469,0.1242,0.1071,2.4779,1.62,2.526,17.5546,18,1,37.0622,1,,,31685,Hybrid,stuck_delta,2.0
dense_city,Hybrid,17,0,1,189.367,144.912,1.3068,0.72515,0.0794,0.054,4.1645,1.517,2.947,10.2289,9,1,34.6266,1,,,42398,Hybrid,stuck_delta,2.0
dense_city,Hybrid,18,0,1,156.165,150.184,1.0398,1.95671,0.0923,0.0724,1.5988,1.517,2.504,11.3117,10,1,31.8412,1,,,109959,Hybrid,stuck_delta,2.0
dense_city,Hybrid,19,0,1,215.366,150.184,1.434,1.08929,0.2227,0.4256,12.5497,1.603,2.515,91.6511,67,1,70.7138,1,,,58636,Hybrid,stuck_delta,2.0
normal_city,Hybrid,0,0,1,168.0,139.64,1.2031,0.03555,0.2288,1.0225,1.9376,1.82,3.285,171.7783,116,1,64.8145,0,0.0,,720,Hybrid,stuck_delta,1.5
normal_city,Hybrid,1,0,1,172.2,143.154,1.2029,0.03549,0.2379,1.0635,3.3141,1.768,3.915,183.1324,107,1,61.351,0,0.0,,738,Hybrid,stuck_delta,1.5
normal_city,Hybrid,2,0,1,203.407,143.154,1.4209,0.22014,0.3401,1.392,8.5693,1.742,2.865,283.1422,144,1,84.3731,1,1.0,,16004,Hybrid,stuck_delta,1.5
normal_city,Hybrid,3,0,1,177.8,140.811,1.2627,0.04081,0.2524,1.1285,4.6259,1.956,2.918,200.6485,122,1,68.3969,0,0.0,,762,Hybrid,stuck_delta,1.5
normal_city,Hybrid,4,0,1,181.3,141.983,1.2769,0.04021,0.2579,1.1531,4.2008,1.742,3.311,209.0536,119,1,70.6932,0,0.0,,777,Hybrid,stuck_delta,1.5
normal_city,Hybrid,5,0,1,170.8,141.397,1.2079,0.03698,0.2303,1.0295,3.1577,1.78,3.778,175.847,105,1,61.9027,0,0.0,,732,Hybrid,stuck_delta,1.5
normal_city,Hybrid,6,0,1,174.3,143.154,1.2176,0.04257,0.2372,1.0602,2.7664,1.759,3.169,184.7952,116,1,71.5104,0,0.0,,747,Hybrid,stuck_delta,1.5
normal_city,Hybrid,7,0,1,172.9,141.983,1.2178,0.0385,0.2319,1.0364,2.4309,1.742,2.931,179.2008,113,1,66.5207,0,0.0,,741,Hybrid,stuck_delta,1.5
normal_city,Hybrid,8,0,1,212.676,141.397,1.5041,0.41377,0.2718,0.8111,9.6579,1.768,2.847,172.5,105,1,73.4068,1,1.0,,30101,Hybrid,stuck_delta,1.5
normal_city,Hybrid,9,0,1,175.0,140.811,1.2428,0.03938,0.242,1.0816,2.8597,1.742,2.912,189.2764,117,1,71.4081,0,0.0,,750,Hybrid,stuck_delta,1.5
normal_city,Hybrid,10,0,1,175.0,141.983,1.2325,0.04189,0.2393,1.0698,2.6361,1.794,2.96,187.2204,118,1,72.7203,0,0.0,,750,Hybrid,stuck_delta,1.5
normal_city,Hybrid,11,0,1,170.8,140.811,1.213,0.03777,0.2293,1.025,3.0979,1.759,3.79,175.0676,106,1,62.0011,0,0.0,,732,Hybrid,stuck_delta,1.5
normal_city,Hybrid,12,0,1,165.28,140.811,1.1738,1.37245,0.1348,0.0922,4.1165,1.88,3.419,15.2464,13,1,36.4746,1,1.0,,89821,Hybrid,stuck_delta,1.5
normal_city,Hybrid,13,0,1,168.248,141.983,1.185,0.41705,0.212,0.5939,7.5647,1.553,2.781,99.915,73,1,56.8039,1,1.0,,30122,Hybrid,stuck_delta,1.5
normal_city,Hybrid,14,0,1,176.4,140.811,1.2527,0.04433,0.248,1.1084,3.2263,1.78,2.973,195.5248,114,1,68.673,0,0.0,,756,Hybrid,stuck_delta,1.5
normal_city,Hybrid,15,0,1,154.867,140.811,1.0998,0.24504,0.0951,0.1871,1.2611,1.742,3.503,28.9712,29,1,33.0786,1,1.0,,18080,Hybrid,stuck_delta,1.5
normal_city,Hybrid,16,0,1,172.2,140.811,1.2229,0.04053,0.2344,1.0476,2.0568,1.82,2.939,180.4019,120,1,71.4025,0,0.0,,738,Hybrid,stuck_delta,1.5
normal_city,Hybrid,17,0,1,172.2,142.569,1.2078,0.03678,0.228,1.019,2.5247,1.768,3.025,175.4767,114,1,69.7117,0,0.0,,738,Hybrid,stuck_delta,1.5
normal_city,Hybrid,18,0,1,176.4,141.397,1.2476,0.04108,0.2454,1.0971,2.8523,1.742,2.945,193.5336,117,1,66.5311,0,0.0,,756,Hybrid,stuck_delta,1.5
normal_city,Hybrid,19,0,1,178.5,140.811,1.2677,0.046,0.2651,1.185,3.1549,1.82,2.965,211.527,130,1,76.1772,0,0.0,,765,Hybrid,stuck_delta,1.5
blocked_road,Hybrid,0,0,1,215.044,150.77,1.4263,0.84537,0.1953,0.5049,8.2137,1.82,3.53,108.5712,80,1,62.6676,1,,76.0,56026,Hybrid,stuck_delta,1.5
blocked_road,Hybrid,1,0,1,169.4,147.255,1.1504,0.03205,0.1631,0.7288,2.4973,1.768,4.428,123.465,76,1,56.3559,0,,,726,Hybrid,stuck_delta,1.5
blocked_road,Hybrid,2,0,1,153.427,149.012,1.0296,0.20579,0.0839,0.1597,1.313,1.577,3.888,24.5088,24,1,34.6678,1,,,15792,Hybrid,stuck_delta,1.5
blocked_road,Hybrid,3,0,1,159.648,147.841,1.0799,1.07704,0.0914,0.1475,3.7478,1.788,3.023,23.5513,19,1,36.2366,1,,,70755,Hybrid,stuck_delta,1.5
blocked_road,Hybrid,4,0,1,236.563,148.255,1.5957,0.45923,0.2315,0.5717,5.8187,1.742,2.744,135.2452,95,1,69.4617,1,,60.0,32077,Hybrid,stuck_delta,1.5
blocked_road,Hybrid,5,0,1,219.85,148.426,1.4812,0.39321,0.2086,0.5337,12.5986,1.78,3.236,117.3256,80,1,68.241,1,,78.0,29048,Hybrid,stuck_delta,1.5
blocked_road,Hybrid,6,0,1,163.657,149.598,1.094,1.22329,0.0691,0.122,1.9942,1.515,4.125,19.9617,19,1,32.7918,1,,,81881,Hybrid,stuck_delta,1.5
blocked_road,Hybrid,7,0,1,207.609,149.012,1.3932,0.71587,0.1826,0.4282,1.7285,1.742,2.778,88.9048,70,1,57.4923,1,,54.0,50894,Hybrid,stuck_delta,1.5
blocked_road,Hybrid,8,0,1,150.254,148.426,1.0123,0.20678,0.0842,0.1373,1.3546,1.628,2.842,20.6246,22,1,31.3008,1,,,14298,Hybrid,stuck_delta,1.5
blocked_road,Hybrid,9,0,1,156.439,147.841,1.0582,1.50046,0.1241,0.0748,1.2173,2.063,3.655,11.7008,14,1,32.5271,1,,,99336,Hybrid,stuck_delta,1.5
blocked_road,Hybrid,10,0,1,277.257,149.012,1.8606,1.2213,0.2372,0.4919,8.9755,1.75,2.756,136.3908,93,1,77.8066,1,,89.0,77917,Hybrid,stuck_delta,1.5
blocked_road,Hybrid,11,0,1,210.083,147.841,1.421,0.25981,0.2061,0.5546,6.2472,1.759,3.184,116.5188,84,1,63.9409,1,,82.0,18469,Hybrid,stuck_delta,1.5
blocked_road,Hybrid,12,0,1,156.309,147.841,1.0573,0.49497,0.0809,0.0618,1.2936,1.88,3.628,9.6632,7,1,29.6178,1,,,33844,Hybrid,stuck_delta,1.5
blocked_road,Hybrid,13,0,1,215.147,149.012,1.4438,0.50602,0.2137,0.521,7.3125,1.794,2.81,112.0959,82,1,64.8748,1,,77.0,35143,Hybrid,stuck_delta,1.5
blocked_road,Hybrid,14,0,1,163.599,147.841,1.1066,1.21665,0.0832,0.1198,1.5214,1.635,2.942,19.5997,18,1,34.1197,1,,,82222,Hybrid,stuck_delta,1.5
blocked_road,Hybrid,15,0,1,174.3,147.841,1.179,0.03651,0.1879,0.8397,2.839,1.742,4.209,146.3581,90,1,57.7065,0,,,747,Hybrid,stuck_delta,1.5
blocked_road,Hybrid,16,0,1,221.693,149.598,1.4819,0.67179,0.2034,0.4728,6.5273,1.82,2.906,104.8148,76,1,63.6544,1,,68.0,46685,Hybrid,stuck_delta,1.5
blocked_road,Hybrid,17,0,1,175.817,149.598,1.1753,0.49037,0.0902,0.158,2.621,1.768,3.482,27.7807,26,1,39.8982,1,,,34207,Hybrid,stuck_delta,1.5
blocked_road,Hybrid,18,0,1,176.4,148.426,1.1885,0.04036,0.1988,0.8887,2.3292,1.742,2.922,156.7654,100,1,67.9853,0,,,756,Hybrid,stuck_delta,1.5
blocked_road,Hybrid,19,0,1,219.888,147.841,1.4873,0.92002,0.2035,0.4536,6.8597,1.82,2.956,99.7474,70,1,59.3521,1,,68.0,63819,Hybrid,stuck_delta,1.5
dense_city,Hybrid,0,0,1,197.272,145.497,1.3558,1.59471,0.1249,0.1512,3.5442,1.656,2.569,29.819,27,1,49.6471,1,,,85129,Hybrid,stuck_delta,1.5
dense_city,Hybrid,1,0,1,155.601,148.426,1.0483,2.0743,0.0871,0.0756,1.6847,1.517,2.567,11.7685,10,1,31.7124,1,,,117577,Hybrid,stuck_delta,1.5
dense_city,Hybrid,2,0,1,155.068,150.184,1.0325,5.75944,0.0759,0.0646,1.0897,1.517,2.621,10.0173,9,1,31.0575,1,,,311462,Hybrid,stuck_delta,1.5
dense_city,Hybrid,3,0,1,192.9,147.255,1.31,1.25613,0.1429,0.2141,4.9713,1.573,2.474,41.3014,36,1,51.5185,1,,,77102,Hybrid,stuck_delta,1.5
dense_city,Hybrid,4,0,1,151.39,146.669,1.0322,1.6592,0.0867,0.0756,1.3667,1.517,2.688,11.4438,9,1,31.2789,1,,,96430,Hybrid,stuck_delta,1.5
dense_city,Hybrid,5,0,1,152.859,145.497,1.0506,1.20554,0.0926,0.0799,1.3171,1.517,2.524,12.2127,11,1,33.0632,1,,,76095,Hybrid,stuck_delta,1.5
dense_city,Hybrid,6,0,1,158.391,147.255,1.0756,3.23254,0.0694,0.0564,1.3469,1.517,2.668,8.9335,8,1,29.3943,1,,,177987,Hybrid,stuck_delta,1.5
dense_city,Hybrid,7,0,1,153.519,150.184,1.0222,1.88496,0.1742,0.0855,0.9927,1.901,2.91,13.1311,13,1,33.1351,1,,,104210,Hybrid,stuck_delta,1.5
dense_city,Hybrid,8,0,1,161.337,151.841,1.0625,4.13551,0.0638,0.0485,1.3277,1.517,2.764,7.8199,7,1,28.7388,1,,,228503,Hybrid,stuck_delta,1.5
dense_city,Hybrid,9,0,1,158.361,148.426,1.0669,1.73858,0.1185,0.1317,2.3816,1.733,2.487,20.8487,19,1,39.241,1,,,99266,Hybrid,stuck_delta,1.5
dense_city,Hybrid,10,0,1,163.957,145.497,1.1269,0.53138,0.16,0.0828,3.3764,1.847,3.127,13.5685,11,1,33.709,1,,,31980,Hybrid,stuck_delta,1.5
dense_city,Hybrid,11,0,1,152.478,147.255,1.0355,3.68481,0.1096,0.0926,1.4779,1.517,2.42,14.1213,11,1,35.0553,1,,,204724,Hybrid,stuck_delta,1.5
dense_city,Hybrid,12,0,1,175.026,151.841,1.1527,1.40439,0.1133,0.1159,3.2485,1.62,2.54,20.2829,19,1,40.6772,1,,,84418,Hybrid,stuck_delta,1.5
dense_city,Hybrid,13,0,1,159.323,145.497,1.095,6.49462,0.1005,0.0792,1.4954,1.517,2.636,12.6243,12,1,33.8338,1,,,367757,Hybrid,stuck_delta,1.5
dense_city,Hybrid,14,0,1,181.869,145.497,1.25,1.64227,0.1081,0.0803,5.2525,1.517,2.5,14.6043,14,1,37.9809,1,,,96230,Hybrid,stuck_delta,1.5
dense_city,Hybrid,15,0,1,156.514,145.497,1.0757,5.33913,0.0966,0.0737,1.4483,1.517,2.484,11.5367,9,1,31.8177,1,,,308956,Hybrid,stuck_delta,1.5
dense_city,Hybrid,16,0,1,163.95,148.426,1.1046,0.54217,0.1242,0.1071,2.4779,1.62,2.526,17.5546,18,1,37.0622,1,,,31688,Hybrid,stuck_delta,1.5
dense_city,Hybrid,17,0,1,189.367,144.912,1.3068,0.73448,0.0794,0.054,4.1645,1.517,2.947,10.2289,9,1,34.6266,1,,,42398,Hybrid,stuck_delta,1.5
dense_city,Hybrid,18,0,1,156.165,150.184,1.0398,1.92343,0.0923,0.0724,1.5988,1.517,2.504,11.3117,10,1,31.8412,1,,,109959,Hybrid,stuck_delta,1.5
dense_city,Hybrid,19,0,1,215.366,150.184,1.434,1.06451,0.2227,0.4256,12.5497,1.603,2.515,91.6511,67,1,70.7138,1,,,58636,Hybrid,stuck_delta,1.5
normal_city,Hybrid,0,0,1,168.0,139.64,1.2031,0.03493,0.2288,1.0225,1.9376,1.82,3.285,171.7783,116,1,64.8145,0,0.0,,720,Hybrid,stuck_delta,3.0
normal_city,Hybrid,1,0,1,169.094,143.154,1.1812,0.05516,0.2346,0.9415,2.7807,1.768,3.769,159.1943,97,1,58.3913,1,1.0,,3035,Hybrid,stuck_delta,3.0
normal_city,Hybrid,2,0,1,170.906,143.154,1.1939,0.18206,0.236,0.833,2.89,1.742,2.935,142.3663,90,1,62.3388,1,1.0,,13153,Hybrid,stuck_delta,3.0
normal_city,Hybrid,3,0,1,174.963,140.811,1.2425,0.24473,0.2744,0.9509,2.8544,1.956,2.778,166.3686,106,1,61.9209,1,1.0,,18302,Hybrid,stuck_delta,3.0
normal_city,Hybrid,4,0,1,170.661,141.983,1.202,0.06661,0.2219,0.8741,2.7491,1.742,3.336,149.179,92,1,58.3844,1,1.0,,3139,Hybrid,stuck_delta,3.0
normal_city,Hybrid,5,0,1,168.103,141.397,1.1889,0.03745,0.2385,0.9584,2.9926,1.78,3.601,161.1052,99,1,61.0234,1,1.0,,1071,Hybrid,stuck_delta,3.0
normal_city,Hybrid,6,0,1,172.624,143.154,1.2059,0.09224,0.2765,1.0062,3.0825,1.759,2.86,173.7011,109,1,64.3976,1,1.0,,6006,Hybrid,stuck_delta,3.0
normal_city,Hybrid,7,0,1,172.9,141.983,1.2178,0.0761,0.2319,1.0364,2.4309,1.742,2.931,179.2008,113,1,66.5207,0,0.0,,741,Hybrid,stuck_delta,3.0
normal_city,Hybrid,8,0,1,208.653,141.397,1.4757,0.41374,0.2514,0.742,2.724,1.768,2.859,154.8252,100,1,69.9346,1,1.0,,30176,Hybrid,stuck_delta,3.0
normal_city,Hybrid,9,0,1,175.484,140.811,1.2462,0.04284,0.2525,1.0624,2.7982,1.742,2.834,186.4405,114,1,69.8241,1,1.0,,1081,Hybrid,stuck_delta,3.0
normal_city,Hybrid,10,0,1,175.0,141.983,1.2325,0.04181,0.2393,1.0698,2.6361,1.794,2.96,187.2204,118,1,72.7203,0,0.0,,750,Hybrid,stuck_delta,3.0
normal_city,Hybrid,11,0,1,170.205,140.811,1.2087,0.12693,0.2416,0.9586,3.0539,1.759,3.598,163.1539,101,1,61.1683,1,1.0,,4510,Hybrid,stuck_delta,3.0
normal_city,Hybrid,12,0,1,165.28,140.811,1.1738,1.31207,0.1348,0.0922,4.1165,1.88,3.419,15.2464,13,1,36.4746,1,1.0,,89815,Hybrid,stuck_delta,3.0
normal_city,Hybrid,13,0,1,166.818,141.983,1.1749,0.41627,0.2034,0.563,8.0288,1.553,2.788,93.9249,70,1,54.6554,1,1.0,,29943,Hybrid,stuck_delta,3.0
normal_city,Hybrid,14,0,1,175.228,140.811,1.2444,0.15728,0.2581,1.0735,3.8127,1.78,2.895,188.1128,110,1,68.7828,1,1.0,,11741,Hybrid,stuck_delta,3.0
normal_city,Hybrid,15,0,1,154.867,140.811,1.0998,0.23873,0.0951,0.1871,1.2611,1.742,3.503,28.9712,29,1,33.0786,1,1.0,,18074,Hybrid,stuck_delta,3.0
normal_city,Hybrid,16,0,1,172.2,140.811,1.2229,0.04059,0.2344,1.0476,2.0568,1.82,2.939,180.4019,120,1,71.4025,0,0.0,,738,Hybrid,stuck_delta,3.0
normal_city,Hybrid,17,0,1,172.2,142.569,1.2078,0.03787,0.228,1.019,2.5247,1.768,3.025,175.4767,114,1,69.7117,0,0.0,,738,Hybrid,stuck_delta,3.0
normal_city,Hybrid,18,0,1,168.514,141.397,1.1918,0.125,0.2627,0.9404,2.8493,1.585,2.801,158.4652,99,1,60.1967,1,1.0,,7650,Hybrid,stuck_delta,3.0
normal_city,Hybrid,19,0,1,176.672,140.811,1.2547,0.45708,0.2667,1.1096,2.9874,1.82,2.894,196.0307,123,1,73.6068,1,1.0,,33053,Hybrid,stuck_delta,3.0
blocked_road,Hybrid,0,0,1,210.431,150.77,1.3957,0.42354,0.1858,0.4799,8.7054,1.82,3.548,100.9962,78,1,58.3303,1,,73.0,26373,Hybrid,stuck_delta,3.0
blocked_road,Hybrid,1,0,1,169.4,147.255,1.1504,0.03396,0.1631,0.7288,2.4973,1.768,4.428,123.465,76,1,56.3559,0,,,726,Hybrid,stuck_delta,3.0
blocked_road,Hybrid,2,0,1,153.427,149.012,1.0296,0.24165,0.0839,0.1597,1.313,1.577,3.888,24.5088,24,1,34.6678,1,,,15783,Hybrid,stuck_delta,3.0
blocked_road,Hybrid,3,0,1,159.648,147.841,1.0799,1.17427,0.0914,0.1475,3.7478,1.788,3.023,23.5513,19,1,36.2366,1,,,70749,Hybrid,stuck_delta,3.0
blocked_road,Hybrid,4,0,1,233.27,148.255,1.5734,0.5103,0.2165,0.5277,4.53,1.742,2.762,123.0899,90,1,68.6522,1,,55.0,34589,Hybrid,stuck_delta,3.0
blocked_road,Hybrid,5,0,1,218.456,148.426,1.4718,0.44334,0.1998,0.5085,12.6912,1.78,3.247,111.0923,78,1,66.5835,1,,76.0,29087,Hybrid,stuck_delta,3.0
blocked_road,Hybrid,6,0,1,163.657,149.598,1.094,1.30249,0.0691,0.122,1.9942,1.515,4.125,19.9617,19,1,32.7918,1,,,81877,Hybrid,stuck_delta,3.0
blocked_road,Hybrid,7,0,1,207.609,149.012,1.3932,0.74929,0.1826,0.4282,1.7285,1.742,2.778,88.9048,70,1,57.4923,1,,54.0,50888,Hybrid,stuck_delta,3.0
blocked_road,Hybrid,8,0,1,150.254,148.426,1.0123,0.2043,0.0842,0.1373,1.3546,1.628,2.842,20.6246,22,1,31.3008,1,,,14289,Hybrid,stuck_delta,3.0
blocked_road,Hybrid,9,0,1,156.439,147.841,1.0582,1.57002,0.1241,0.0748,1.2173,2.063,3.655,11.7008,14,1,32.5271,1,,,99330,Hybrid,stuck_delta,3.0
blocked_road,Hybrid,10,0,1,224.274,149.012,1.5051,0.73807,0.2316,0.5709,9.5027,1.794,2.796,128.0465,90,1,67.9854,1,,87.0,44987,Hybrid,stuck_delta,3.0
blocked_road,Hybrid,11,0,1,208.656,147.841,1.4114,0.31003,0.2022,0.542,6.335,1.759,3.194,113.0877,82,1,63.0604,1,,80.0,18452,Hybrid,stuck_delta,3.0
blocked_road,Hybrid,12,0,1,156.309,147.841,1.0573,0.58306,0.0809,0.0618,1.2936,1.88,3.628,9.6632,7,1,29.6178,1,,,33838,Hybrid,stuck_delta,3.0
blocked_road,Hybrid,13,0,1,215.147,149.012,1.4438,0.52814,0.2137,0.521,7.3125,1.794,2.81,112.0959,82,1,64.8748,1,,77.0,35134,Hybrid,stuck_delta,3.0
blocked_road,Hybrid,14,0,1,163.599,147.841,1.1066,1.25472,0.0832,0.1198,1.5214,1.635,2.942,19.5997,18,1,34.1197,1,,,82218,Hybrid,stuck_delta,3.0
blocked_road,Hybrid,15,0,1,175.573,147.841,1.1876,0.11014,0.2072,0.823,3.154,1.742,4.042,144.4993,90,1,62.7014,1,,,6695,Hybrid,stuck_delta,3.0
blocked_road,Hybrid,16,0,1,217.188,149.598,1.4518,0.69569,0.1851,0.4338,5.2258,1.82,2.877,94.2155,72,1,59.5198,1,,64.0,48017,Hybrid,stuck_delta,3.0
blocked_road,Hybrid,17,0,1,175.817,149.598,1.1753,0.52143,0.0902,0.158,2.621,1.768,3.482,27.7807,26,1,39.8982,1,,,34201,Hybrid,stuck_delta,3.0
blocked_road,Hybrid,18,0,1,176.4,148.426,1.1885,0.04239,0.1988,0.8887,2.3292,1.742,2.922,156.7654,100,1,67.9853,0,,,756,Hybrid,stuck_delta,3.0
blocked_road,Hybrid,19,0,1,216.261,147.841,1.4628,0.53329,0.1917,0.4288,6.5645,1.703,2.946,92.7335,68,1,60.9053,1,,64.0,36208,Hybrid,stuck_delta,3.0
dense_city,Hybrid,0,0,1,197.272,145.497,1.3558,1.58055,0.1249,0.1512,3.5442,1.656,2.569,29.819,27,1,49.6471,1,,,85123,Hybrid,stuck_delta,3.0
dense_city,Hybrid,1,0,1,155.601,148.426,1.0483,2.17337,0.0871,0.0756,1.6847,1.517,2.567,11.7685,10,1,31.7124,1,,,117571,Hybrid,stuck_delta,3.0
dense_city,Hybrid,2,0,1,155.068,150.184,1.0325,5.98028,0.0759,0.0646,1.0897,1.517,2.621,10.0173,9,1,31.0575,1,,,311456,Hybrid,stuck_delta,3.0
dense_city,Hybrid,3,0,1,192.9,147.255,1.31,1.28913,0.1429,0.2141,4.9713,1.573,2.474,41.3014,36,1,51.5185,1,,,77098,Hybrid,stuck_delta,3.0
dense_city,Hybrid,4,0,1,151.39,146.669,1.0322,1.7049,0.0867,0.0756,1.3667,1.517,2.688,11.4438,9,1,31.2789,1,,,96424,Hybrid,stuck_delta,3.0
dense_city,Hybrid,5,0,1,152.859,145.497,1.0506,1.27325,0.0926,0.0799,1.3171,1.517,2.524,12.2127,11,1,33.0632,1,,,76089,Hybrid,stuck_delta,3.0
dense_city,Hybrid,6,0,1,158.391,147.255,1.0756,3.33202,0.0694,0.0564,1.3469,1.517,2.668,8.9335,8,1,29.3943,1,,,177981,Hybrid,stuck_delta,3.0
dense_city,Hybrid,7,0,1,153.519,150.184,1.0222,1.96719,0.1742,0.0855,0.9927,1.901,2.91,13.1311,13,1,33.1351,1,,,104206,Hybrid,stuck_delta,3.0
dense_city,Hybrid,8,0,1,161.337,151.841,1.0625,4.32627,0.0638,0.0485,1.3277,1.517,2.764,7.8199,7,1,28.7388,1,,,228497,Hybrid,stuck_delta,3.0
dense_city,Hybrid,9,0,1,158.361,148.426,1.0669,1.76725,0.1185,0.1317,2.3816,1.733,2.487,20.8487,19,1,39.241,1,,,99260,Hybrid,stuck_delta,3.0
dense_city,Hybrid,10,0,1,163.957,145.497,1.1269,0.56695,0.16,0.0828,3.3764,1.847,3.127,13.5685,11,1,33.709,1,,,31974,Hybrid,stuck_delta,3.0
dense_city,Hybrid,11,0,1,152.478,147.255,1.0355,3.8543,0.1096,0.0926,1.4779,1.517,2.42,14.1213,11,1,35.0553,1,,,204718,Hybrid,stuck_delta,3.0
dense_city,Hybrid,12,0,1,175.026,151.841,1.1527,1.4606,0.1133,0.1159,3.2485,1.62,2.54,20.2829,19,1,40.6772,1,,,84412,Hybrid,stuck_delta,3.0
dense_city,Hybrid,13,0,1,159.323,145.497,1.095,6.56956,0.1005,0.0792,1.4954,1.517,2.636,12.6243,12,1,33.8338,1,,,367753,Hybrid,stuck_delta,3.0
dense_city,Hybrid,14,0,1,181.869,145.497,1.25,1.74334,0.1081,0.0803,5.2525,1.517,2.5,14.6043,14,1,37.9809,1,,,96224,Hybrid,stuck_delta,3.0
dense_city,Hybrid,15,0,1,156.514,145.497,1.0757,5.51084,0.0966,0.0737,1.4483,1.517,2.484,11.5367,9,1,31.8177,1,,,308950,Hybrid,stuck_delta,3.0
dense_city,Hybrid,16,0,1,163.95,148.426,1.1046,0.53873,0.1242,0.1071,2.4779,1.62,2.526,17.5546,18,1,37.0622,1,,,31682,Hybrid,stuck_delta,3.0
dense_city,Hybrid,17,0,1,189.367,144.912,1.3068,0.71458,0.0794,0.054,4.1645,1.517,2.947,10.2289,9,1,34.6266,1,,,42392,Hybrid,stuck_delta,3.0
dense_city,Hybrid,18,0,1,156.165,150.184,1.0398,2.06007,0.0923,0.0724,1.5988,1.517,2.504,11.3117,10,1,31.8412,1,,,109953,Hybrid,stuck_delta,3.0
dense_city,Hybrid,19,0,1,213.982,150.184,1.4248,1.12248,0.2108,0.3992,7.7391,1.603,2.518,85.4223,65,1,70.5229,1,,,58636,Hybrid,stuck_delta,3.0
normal_city,Hybrid,0,0,1,168.0,139.64,1.2031,0.03604,0.2288,1.0225,1.9376,1.82,3.285,171.7783,116,1,64.8145,0,0.0,,720,Hybrid,subgoal_dist,18.0
normal_city,Hybrid,1,0,1,172.2,143.154,1.2029,0.03867,0.2379,1.0635,3.3141,1.768,3.915,183.1324,107,1,61.351,0,0.0,,738,Hybrid,subgoal_dist,18.0
normal_city,Hybrid,2,0,1,187.353,143.154,1.3087,0.14361,0.3086,1.1177,4.6247,1.742,2.817,209.4111,116,1,71.5313,1,1.0,,10775,Hybrid,subgoal_dist,18.0
normal_city,Hybrid,3,0,1,177.8,140.811,1.2627,0.04097,0.2524,1.1285,4.6259,1.956,2.918,200.6485,122,1,68.3969,0,0.0,,762,Hybrid,subgoal_dist,18.0
normal_city,Hybrid,4,0,1,181.3,141.983,1.2769,0.03995,0.2579,1.1531,4.2008,1.742,3.311,209.0536,119,1,70.6932,0,0.0,,777,Hybrid,subgoal_dist,18.0
normal_city,Hybrid,5,0,1,170.8,141.397,1.2079,0.03738,0.2303,1.0295,3.1577,1.78,3.778,175.847,105,1,61.9027,0,0.0,,732,Hybrid,subgoal_dist,18.0
normal_city,Hybrid,6,0,1,174.3,143.154,1.2176,0.03956,0.2372,1.0602,2.7664,1.759,3.169,184.7952,116,1,71.5104,0,0.0,,747,Hybrid,subgoal_dist,18.0
normal_city,Hybrid,7,0,1,172.9,141.983,1.2178,0.04038,0.2319,1.0364,2.4309,1.742,2.931,179.2008,113,1,66.5207,0,0.0,,741,Hybrid,subgoal_dist,18.0
normal_city,Hybrid,8,0,1,211.262,141.397,1.4941,0.44608,0.2647,0.7873,5.4826,1.768,2.851,166.3331,103,1,71.6105,1,1.0,,30078,Hybrid,subgoal_dist,18.0
normal_city,Hybrid,9,0,1,175.0,140.811,1.2428,0.04118,0.242,1.0816,2.8597,1.742,2.912,189.2764,117,1,71.4081,0,0.0,,750,Hybrid,subgoal_dist,18.0
normal_city,Hybrid,10,0,1,175.0,141.983,1.2325,0.0421,0.2393,1.0698,2.6361,1.794,2.96,187.2204,118,1,72.7203,0,0.0,,750,Hybrid,subgoal_dist,18.0
normal_city,Hybrid,11,0,1,170.8,140.811,1.213,0.03762,0.2293,1.025,3.0979,1.759,3.79,175.0676,106,1,62.0011,0,0.0,,732,Hybrid,subgoal_dist,18.0
normal_city,Hybrid,12,0,1,165.28,140.811,1.1738,1.43479,0.1348,0.0922,4.1165,1.88,3.419,15.2464,13,1,36.4746,1,1.0,,89821,Hybrid,subgoal_dist,18.0
normal_city,Hybrid,13,0,1,168.248,141.983,1.185,0.44589,0.212,0.5939,7.5647,1.553,2.781,99.915,73,1,56.8039,1,1.0,,30122,Hybrid,subgoal_dist,18.0
normal_city,Hybrid,14,0,1,176.4,140.811,1.2527,0.04392,0.248,1.1084,3.2263,1.78,2.973,195.5248,114,1,68.673,0,0.0,,756,Hybrid,subgoal_dist,18.0
normal_city,Hybrid,15,0,1,154.867,140.811,1.0998,0.30148,0.0951,0.1871,1.2611,1.742,3.503,28.9712,29,1,33.0786,1,1.0,,18078,Hybrid,subgoal_dist,18.0
normal_city,Hybrid,16,0,1,172.2,140.811,1.2229,0.04615,0.2344,1.0476,2.0568,1.82,2.939,180.4019,120,1,71.4025,0,0.0,,738,Hybrid,subgoal_dist,18.0
normal_city,Hybrid,17,0,1,172.2,142.569,1.2078,0.04158,0.228,1.019,2.5247,1.768,3.025,175.4767,114,1,69.7117,0,0.0,,738,Hybrid,subgoal_dist,18.0
normal_city,Hybrid,18,0,1,176.4,141.397,1.2476,0.04756,0.2454,1.0971,2.8523,1.742,2.945,193.5336,117,1,66.5311,0,0.0,,756,Hybrid,subgoal_dist,18.0
normal_city,Hybrid,19,0,1,178.5,140.811,1.2677,0.04106,0.2651,1.185,3.1549,1.82,2.965,211.527,130,1,76.1772,0,0.0,,765,Hybrid,subgoal_dist,18.0
blocked_road,Hybrid,0,0,1,215.044,150.77,1.4263,0.86384,0.1953,0.5049,8.2137,1.82,3.53,108.5712,80,1,62.6676,1,,76.0,56026,Hybrid,subgoal_dist,18.0
blocked_road,Hybrid,1,0,1,169.4,147.255,1.1504,0.03391,0.1631,0.7288,2.4973,1.768,4.428,123.465,76,1,56.3559,0,,,726,Hybrid,subgoal_dist,18.0
blocked_road,Hybrid,2,0,1,153.427,149.012,1.0296,0.20854,0.0839,0.1597,1.313,1.577,3.888,24.5088,24,1,34.6678,1,,,15789,Hybrid,subgoal_dist,18.0
blocked_road,Hybrid,3,0,1,159.648,147.841,1.0799,1.11225,0.0914,0.1475,3.7478,1.788,3.023,23.5513,19,1,36.2366,1,,,70752,Hybrid,subgoal_dist,18.0
blocked_road,Hybrid,4,0,1,234.715,148.255,1.5832,0.47453,0.222,0.5437,4.5253,1.742,2.759,127.6253,92,1,67.0758,1,,57.0,33487,Hybrid,subgoal_dist,18.0
blocked_road,Hybrid,5,0,1,219.85,148.426,1.4812,0.3947,0.2086,0.5337,12.5986,1.78,3.236,117.3256,80,1,68.241,1,,78.0,29048,Hybrid,subgoal_dist,18.0
blocked_road,Hybrid,6,0,1,163.657,149.598,1.094,1.23835,0.0691,0.122,1.9942,1.515,4.125,19.9617,19,1,32.7918,1,,,81879,Hybrid,subgoal_dist,18.0
blocked_road,Hybrid,7,0,1,207.609,149.012,1.3932,0.71603,0.1826,0.4282,1.7285,1.742,2.778,88.9048,70,1,57.4923,1,,54.0,50892,Hybrid,subgoal_dist,18.0
blocked_road,Hybrid,8,0,1,150.254,148.426,1.0123,0.20258,0.0842,0.1373,1.3546,1.628,2.842,20.6246,22,1,31.3008,1,,,14295,Hybrid,subgoal_dist,18.0
blocked_road,Hybrid,9,0,1,156.439,147.841,1.0582,1.4752,0.1241,0.0748,1.2173,2.063,3.655,11.7008,14,1,32.5271,1,,,99336,Hybrid,subgoal_dist,18.0
blocked_road,Hybrid,10,0,1,277.257,149.012,1.8606,1.23127,0.2372,0.4919,8.9755,1.75,2.756,136.3908,93,1,77.8066,1,,89.0,77917,Hybrid,subgoal_dist,18.0
blocked_road,Hybrid,11,0,1,210.083,147.841,1.421,0.26164,0.2061,0.5546,6.2472,1.759,3.184,116.5188,84,1,63.9409,1,,82.0,18469,Hybrid,subgoal_dist,18.0
blocked_road,Hybrid,12,0,1,156.309,147.841,1.0573,0.50478,0.0809,0.0618,1.2936,1.88,3.628,9.6632,7,1,29.6178,1,,,33844,Hybrid,subgoal_dist,18.0
blocked_road,Hybrid,13,0,1,215.147,149.012,1.4438,0.52987,0.2137,0.521,7.3125,1.794,2.81,112.0959,82,1,64.8748,1,,77.0,35140,Hybrid,subgoal_dist,18.0
blocked_road,Hybrid,14,0,1,163.599,147.841,1.1066,1.25097,0.0832,0.1198,1.5214,1.635,2.942,19.5997,18,1,34.1197,1,,,82220,Hybrid,subgoal_dist,18.0
blocked_road,Hybrid,15,0,1,174.3,147.841,1.179,0.03483,0.1879,0.8397,2.839,1.742,4.209,146.3581,90,1,57.7065,0,,,747,Hybrid,subgoal_dist,18.0
blocked_road,Hybrid,16,0,1,220.322,149.598,1.4728,0.67478,0.194,0.4481,5.4604,1.82,2.914,98.7261,74,1,60.2089,1,,66.0,46716,Hybrid,subgoal_dist,18.0
blocked_road,Hybrid,17,0,1,175.817,149.598,1.1753,0.52007,0.0902,0.158,2.621,1.768,3.482,27.7807,26,1,39.8982,1,,,34204,Hybrid,subgoal_dist,18.0
blocked_road,Hybrid,18,0,1,176.4,148.426,1.1885,0.03986,0.1988,0.8887,2.3292,1.742,2.922,156.7654,100,1,67.9853,0,,,756,Hybrid,subgoal_dist,18.0
blocked_road,Hybrid,19,0,1,216.342,147.841,1.4633,0.39847,0.196,0.4355,6.3274,1.82,2.93,94.2095,70,1,61.759,1,,65.0,27529,Hybrid,subgoal_dist,18.0
dense_city,Hybrid,0,0,1,197.272,145.497,1.3558,1.54204,0.1249,0.1512,3.5442,1.656,2.569,29.819,27,1,49.6471,1,,,85126,Hybrid,subgoal_dist,18.0
dense_city,Hybrid,1,0,1,155.601,148.426,1.0483,2.12887,0.0871,0.0756,1.6847,1.517,2.567,11.7685,10,1,31.7124,1,,,117577,Hybrid,subgoal_dist,18.0
dense_city,Hybrid,2,0,1,155.068,150.184,1.0325,5.93957,0.0759,0.0646,1.0897,1.517,2.621,10.0173,9,1,31.0575,1,,,311462,Hybrid,subgoal_dist,18.0
dense_city,Hybrid,3,0,1,192.9,147.255,1.31,1.34261,0.1429,0.2141,4.9713,1.573,2.474,41.3014,36,1,51.5185,1,,,77100,Hybrid,subgoal_dist,18.0
dense_city,Hybrid,4,0,1,151.39,146.669,1.0322,1.7419,0.0867,0.0756,1.3667,1.517,2.688,11.4438,9,1,31.2789,1,,,96430,Hybrid,subgoal_dist,18.0
dense_city,Hybrid,5,0,1,152.859,145.497,1.0506,1.25252,0.0926,0.0799,1.3171,1.517,2.524,12.2127,11,1,33.0632,1,,,76095,Hybrid,subgoal_dist,18.0
dense_city,Hybrid,6,0,1,158.391,147.255,1.0756,3.40618,0.0694,0.0564,1.3469,1.517,2.668,8.9335,8,1,29.3943,1,,,177987,Hybrid,subgoal_dist,18.0
dense_city,Hybrid,7,0,1,153.519,150.184,1.0222,1.9062,0.1742,0.0855,0.9927,1.901,2.91,13.1311,13,1,33.1351,1,,,104210,Hybrid,subgoal_dist,18.0
dense_city,Hybrid,8,0,1,161.337,151.841,1.0625,4.21159,0.0638,0.0485,1.3277,1.517,2.764,7.8199,7,1,28.7388,1,,,228503,Hybrid,subgoal_dist,18.0
dense_city,Hybrid,9,0,1,158.361,148.426,1.0669,1.76005,0.1185,0.1317,2.3816,1.733,2.487,20.8487,19,1,39.241,1,,,99263,Hybrid,subgoal_dist,18.0
dense_city,Hybrid,10,0,1,163.957,145.497,1.1269,0.55157,0.16,0.0828,3.3764,1.847,3.127,13.5685,11,1,33.709,1,,,31980,Hybrid,subgoal_dist,18.0
dense_city,Hybrid,11,0,1,152.478,147.255,1.0355,3.70815,0.1096,0.0926,1.4779,1.517,2.42,14.1213,11,1,35.0553,1,,,204724,Hybrid,subgoal_dist,18.0
dense_city,Hybrid,12,0,1,175.026,151.841,1.1527,1.4506,0.1133,0.1159,3.2485,1.62,2.54,20.2829,19,1,40.6772,1,,,84415,Hybrid,subgoal_dist,18.0
dense_city,Hybrid,13,0,1,159.323,145.497,1.095,6.36905,0.1005,0.0792,1.4954,1.517,2.636,12.6243,12,1,33.8338,1,,,367757,Hybrid,subgoal_dist,18.0
dense_city,Hybrid,14,0,1,181.869,145.497,1.25,1.70821,0.1081,0.0803,5.2525,1.517,2.5,14.6043,14,1,37.9809,1,,,96230,Hybrid,subgoal_dist,18.0
dense_city,Hybrid,15,0,1,156.514,145.497,1.0757,5.31117,0.0966,0.0737,1.4483,1.517,2.484,11.5367,9,1,31.8177,1,,,308956,Hybrid,subgoal_dist,18.0
dense_city,Hybrid,16,0,1,163.95,148.426,1.1046,0.53469,0.1242,0.1071,2.4779,1.62,2.526,17.5546,18,1,37.0622,1,,,31685,Hybrid,subgoal_dist,18.0
dense_city,Hybrid,17,0,1,189.367,144.912,1.3068,0.72515,0.0794,0.054,4.1645,1.517,2.947,10.2289,9,1,34.6266,1,,,42398,Hybrid,subgoal_dist,18.0
dense_city,Hybrid,18,0,1,156.165,150.184,1.0398,1.95671,0.0923,0.0724,1.5988,1.517,2.504,11.3117,10,1,31.8412,1,,,109959,Hybrid,subgoal_dist,18.0
dense_city,Hybrid,19,0,1,215.366,150.184,1.434,1.08929,0.2227,0.4256,12.5497,1.603,2.515,91.6511,67,1,70.7138,1,,,58636,Hybrid,subgoal_dist,18.0
normal_city,Hybrid,0,0,1,168.0,139.64,1.2031,0.03691,0.2288,1.0225,1.9376,1.82,3.285,171.7783,116,1,64.8145,0,0.0,,720,Hybrid,subgoal_dist,12.0
normal_city,Hybrid,1,0,1,172.2,143.154,1.2029,0.03748,0.2379,1.0635,3.3141,1.768,3.915,183.1324,107,1,61.351,0,0.0,,738,Hybrid,subgoal_dist,12.0
normal_city,Hybrid,2,0,1,184.001,143.154,1.2853,0.46443,0.2901,1.1392,4.6122,1.674,3.096,209.6189,116,1,72.9407,1,1.0,,17837,Hybrid,subgoal_dist,12.0
normal_city,Hybrid,3,0,1,177.8,140.811,1.2627,0.05127,0.2524,1.1285,4.6259,1.956,2.918,200.6485,122,1,68.3969,0,0.0,,762,Hybrid,subgoal_dist,12.0
normal_city,Hybrid,4,0,1,181.3,141.983,1.2769,0.04192,0.2579,1.1531,4.2008,1.742,3.311,209.0536,119,1,70.6932,0,0.0,,777,Hybrid,subgoal_dist,12.0
normal_city,Hybrid,5,0,1,170.8,141.397,1.2079,0.04138,0.2303,1.0295,3.1577,1.78,3.778,175.847,105,1,61.9027,0,0.0,,732,Hybrid,subgoal_dist,12.0
normal_city,Hybrid,6,0,1,174.3,143.154,1.2176,0.04012,0.2372,1.0602,2.7664,1.759,3.169,184.7952,116,1,71.5104,0,0.0,,747,Hybrid,subgoal_dist,12.0
normal_city,Hybrid,7,0,1,172.9,141.983,1.2178,0.04078,0.2319,1.0364,2.4309,1.742,2.931,179.2008,113,1,66.5207,0,0.0,,741,Hybrid,subgoal_dist,12.0
normal_city,Hybrid,8,0,1,216.835,141.397,1.5335,0.26898,0.2511,0.7857,7.5668,1.768,2.929,170.3758,105,1,72.8026,1,1.0,,19356,Hybrid,subgoal_dist,12.0
normal_city,Hybrid,9,0,1,175.0,140.811,1.2428,0.04224,0.242,1.0816,2.8597,1.742,2.912,189.2764,117,1,71.4081,0,0.0,,750,Hybrid,subgoal_dist,12.0
normal_city,Hybrid,10,0,1,175.0,141.983,1.2325,0.04166,0.2393,1.0698,2.6361,1.794,2.96,187.2204,118,1,72.7203,0,0.0,,750,Hybrid,subgoal_dist,12.0
normal_city,Hybrid,11,0,1,170.8,140.811,1.213,0.03718,0.2293,1.025,3.0979,1.759,3.79,175.0676,106,1,62.0011,0,0.0,,732,Hybrid,subgoal_dist,12.0
normal_city,Hybrid,12,0,1,179.736,140.811,1.2764,0.22811,0.2171,0.2959,4.5014,1.749,3.402,53.192,28,1,42.4844,1,1.0,,17230,Hybrid,subgoal_dist,12.0
normal_city,Hybrid,13,0,1,177.736,141.983,1.2518,0.26908,0.2032,0.7112,7.5002,1.794,2.969,126.406,86,1,66.1879,1,1.0,,20492,Hybrid,subgoal_dist,12.0
normal_city,Hybrid,14,0,1,176.4,140.811,1.2527,0.04132,0.248,1.1084,3.2263,1.78,2.973,195.5248,114,1,68.673,0,0.0,,756,Hybrid,subgoal_dist,12.0
normal_city,Hybrid,15,0,1,156.194,140.811,1.1092,0.28806,0.0971,0.1856,1.7269,1.742,3.41,28.9942,29,1,34.2934,1,1.0,,18345,Hybrid,subgoal_dist,12.0
normal_city,Hybrid,16,0,1,172.2,140.811,1.2229,0.04117,0.2344,1.0476,2.0568,1.82,2.939,180.4019,120,1,71.4025,0,0.0,,738,Hybrid,subgoal_dist,12.0
normal_city,Hybrid,17,0,1,172.2,142.569,1.2078,0.03762,0.228,1.019,2.5247,1.768,3.025,175.4767,114,1,69.7117,0,0.0,,738,Hybrid,subgoal_dist,12.0
normal_city,Hybrid,18,0,1,176.4,141.397,1.2476,0.04252,0.2454,1.0971,2.8523,1.742,2.945,193.5336,117,1,66.5311,0,0.0,,756,Hybrid,subgoal_dist,12.0
normal_city,Hybrid,19,0,1,178.5,140.811,1.2677,0.04246,0.2651,1.185,3.1549,1.82,2.965,211.527,130,1,76.1772,0,0.0,,765,Hybrid,subgoal_dist,12.0
blocked_road,Hybrid,0,0,1,266.171,150.77,1.7654,1.05062,0.186,0.4391,7.4796,1.82,3.447,116.8783,87,1,73.9802,1,,76.0,66673,Hybrid,subgoal_dist,12.0
blocked_road,Hybrid,1,0,1,169.4,147.255,1.1504,0.03384,0.1631,0.7288,2.4973,1.768,4.428,123.465,76,1,56.3559,0,,,726,Hybrid,subgoal_dist,12.0
blocked_road,Hybrid,2,0,1,150.681,149.012,1.0112,0.18496,0.0876,0.1424,1.0419,1.577,3.008,21.4625,22,1,30.3025,1,,,13312,Hybrid,subgoal_dist,12.0
blocked_road,Hybrid,3,0,1,159.648,147.841,1.0799,1.10695,0.0914,0.1475,3.7478,1.788,3.023,23.5513,19,1,36.2366,1,,,72222,Hybrid,subgoal_dist,12.0
blocked_road,Hybrid,4,0,1,234.715,148.255,1.5832,0.48896,0.222,0.5437,4.5253,1.742,2.759,127.6253,92,1,67.0758,1,,57.0,33513,Hybrid,subgoal_dist,12.0
blocked_road,Hybrid,5,0,1,218.925,148.426,1.475,0.23025,0.1902,0.5322,12.3935,1.78,3.308,116.5222,80,1,67.4101,1,,78.0,17347,Hybrid,subgoal_dist,12.0
blocked_road,Hybrid,6,0,1,160.45,149.598,1.0725,1.32024,0.0808,0.1186,2.322,1.515,3.384,19.032,18,1,32.1347,1,,,89134,Hybrid,subgoal_dist,12.0
blocked_road,Hybrid,7,0,1,229.058,149.012,1.5372,1.82476,0.1815,0.4953,2.345,1.742,2.866,113.464,84,1,71.5923,1,,54.0,122159,Hybrid,subgoal_dist,12.0
blocked_road,Hybrid,8,0,1,150.254,148.426,1.0123,0.20631,0.0842,0.1373,1.3546,1.628,2.842,20.6246,22,1,31.3008,1,,,15047,Hybrid,subgoal_dist,12.0
blocked_road,Hybrid,9,0,1,163.363,147.841,1.105,0.2984,0.1546,0.1636,1.2279,1.58,3.624,26.7183,19,1,32.6038,1,,,22556,Hybrid,subgoal_dist,12.0
blocked_road,Hybrid,10,0,1,277.257,149.012,1.8606,1.23101,0.2372,0.4919,8.9755,1.75,2.756,136.3908,93,1,77.8066,1,,89.0,78281,Hybrid,subgoal_dist,12.0
blocked_road,Hybrid,11,0,1,214.665,147.841,1.452,0.21763,0.1984,0.575,6.5297,1.759,3.263,123.4229,86,1,69.4782,1,,82.0,15774,Hybrid,subgoal_dist,12.0
blocked_road,Hybrid,12,0,1,164.932,147.841,1.1156,0.35091,0.2102,0.3042,2.5735,1.88,3.513,50.1768,28,1,39.4212,1,,,22610,Hybrid,subgoal_dist,12.0
blocked_road,Hybrid,13,0,1,215.147,149.012,1.4438,0.51959,0.2137,0.521,7.3125,1.794,2.81,112.0959,82,1,64.8748,1,,77.0,35664,Hybrid,subgoal_dist,12.0
blocked_road,Hybrid,14,0,1,163.599,147.841,1.1066,1.22089,0.0832,0.1198,1.5214,1.635,2.942,19.5997,18,1,34.1197,1,,,83092,Hybrid,subgoal_dist,12.0
blocked_road,Hybrid,15,0,1,174.3,147.841,1.179,0.03416,0.1879,0.8397,2.839,1.742,4.209,146.3581,90,1,57.7065,0,,,747,Hybrid,subgoal_dist,12.0
blocked_road,Hybrid,16,0,1,220.322,149.598,1.4728,0.68494,0.194,0.4481,5.4604,1.82,2.914,98.7261,74,1,60.2089,1,,66.0,47027,Hybrid,subgoal_dist,12.0
blocked_road,Hybrid,17,0,1,162.895,149.598,1.0889,2.60199,0.0971,0.1461,2.5294,1.768,3.064,23.8003,22,1,33.6584,1,,,178387,Hybrid,subgoal_dist,12.0
blocked_road,Hybrid,18,0,1,176.4,148.426,1.1885,0.04027,0.1988,0.8887,2.3292,1.742,2.922,156.7654,100,1,67.9853,0,,,756,Hybrid,subgoal_dist,12.0
blocked_road,Hybrid,19,0,1,267.225,147.841,1.8075,0.41945,0.2075,0.5635,6.5895,1.82,3.032,150.5772,100,1,83.5125,1,,65.0,29508,Hybrid,subgoal_dist,12.0
dense_city,Hybrid,0,0,1,197.272,145.497,1.3558,1.55641,0.1249,0.1512,3.5442,1.656,2.569,29.819,27,1,49.6471,1,,,85075,Hybrid,subgoal_dist,12.0
dense_city,Hybrid,1,0,1,157.134,148.426,1.0587,0.8279,0.0942,0.1036,1.443,1.517,2.859,16.2829,15,1,34.3311,1,,,45249,Hybrid,subgoal_dist,12.0
dense_city,Hybrid,2,0,1,159.307,150.184,1.0607,6.35158,0.1533,0.1844,2.3953,1.517,2.747,29.369,18,1,33.789,1,,,342438,Hybrid,subgoal_dist,12.0
dense_city,Hybrid,3,0,1,192.9,147.255,1.31,1.31845,0.1429,0.2141,4.9713,1.573,2.474,41.3014,36,1,51.5185,1,,,76970,Hybrid,subgoal_dist,12.0
dense_city,Hybrid,4,0,1,151.55,146.669,1.0333,0.6153,0.0903,0.1067,1.6681,1.517,3.043,16.1749,14,1,35.4475,1,,,39825,Hybrid,subgoal_dist,12.0
dense_city,Hybrid,5,0,1,153.667,145.497,1.0561,2.33799,0.1144,0.0959,1.4877,1.517,2.476,14.7384,15,1,34.5399,2,,,133404,Hybrid,subgoal_dist,12.0
dense_city,Hybrid,6,0,1,181.379,147.255,1.2317,4.09188,0.2974,0.4121,4.8276,1.517,2.738,74.7402,40,1,47.534,1,,,217193,Hybrid,subgoal_dist,12.0
dense_city,Hybrid,7,0,1,187.507,150.184,1.2485,1.13833,0.3379,0.368,7.0887,1.901,2.766,69.0092,43,1,55.2726,2,,,66321,Hybrid,subgoal_dist,12.0
dense_city,Hybrid,8,0,1,171.375,151.841,1.1287,6.34259,0.1531,0.1796,2.8859,1.517,2.761,30.7847,23,1,40.5664,1,,,341095,Hybrid,subgoal_dist,12.0
dense_city,Hybrid,9,0,1,180.07,148.426,1.2132,1.15079,0.0963,0.1025,4.3459,1.733,2.531,18.4593,16,1,40.0046,1,,,67665,Hybrid,subgoal_dist,12.0
dense_city,Hybrid,10,0,1,176.359,145.497,1.2121,0.21409,0.2517,0.2915,3.4094,1.847,3.083,51.405,30,1,47.098,1,,,13200,Hybrid,subgoal_dist,12.0
dense_city,Hybrid,11,0,1,173.257,147.255,1.1766,1.65459,0.1964,0.26,2.188,1.517,2.791,45.0487,30,1,43.5517,1,,,89154,Hybrid,subgoal_dist,12.0
dense_city,Hybrid,12,0,1,175.585,151.841,1.1564,1.52129,0.1268,0.1293,3.0573,1.578,2.514,22.7009,20,1,42.9097,1,,,89429,Hybrid,subgoal_dist,12.0
dense_city,Hybrid,13,0,1,180.517,145.497,1.2407,0.8778,0.2384,0.3111,2.9738,1.517,2.814,56.1672,35,1,48.6536,1,,,51892,Hybrid,subgoal_dist,12.0
dense_city,Hybrid,14,0,1,215.05,145.497,1.478,3.46617,0.2688,0.3494,3.9534,1.517,2.813,75.1457,42,1,57.9567,1,,,198714,Hybrid,subgoal_dist,12.0
dense_city,Hybrid,15,0,1,161.891,145.497,1.1127,0.48794,0.2319,0.2295,6.7196,1.517,2.62,37.1526,18,1,36.1687,2,,,30772,Hybrid,subgoal_dist,12.0
dense_city,Hybrid,16,0,1,158.618,148.426,1.0687,3.0426,0.1394,0.1685,2.6188,1.62,2.714,26.7223,25,1,42.6291,1,,,163365,Hybrid,subgoal_dist,12.0
dense_city,Hybrid,17,0,1,190.038,144.912,1.3114,0.42182,0.0732,0.0678,4.1985,1.517,3.4,12.8801,9,1,33.5502,1,,,25374,Hybrid,subgoal_dist,12.0
dense_city,Hybrid,18,0,1,165.366,150.184,1.1011,1.52522,0.2289,0.2305,7.0573,1.517,2.732,38.1113,19,1,36.9633,2,,,92696,Hybrid,subgoal_dist,12.0
dense_city,Hybrid,19,0,1,215.366,150.184,1.434,1.05791,0.2227,0.4256,12.5497,1.603,2.515,91.6511,67,1,70.7138,1,,,58760,Hybrid,subgoal_dist,12.0
normal_city,Hybrid,0,0,1,168.0,139.64,1.2031,0.03934,0.2288,1.0225,1.9376,1.82,3.285,171.7783,116,1,64.8145,0,0.0,,720,Hybrid,subgoal_dist,27.0
normal_city,Hybrid,1,0,1,172.2,143.154,1.2029,0.03551,0.2379,1.0635,3.3141,1.768,3.915,183.1324,107,1,61.351,0,0.0,,738,Hybrid,subgoal_dist,27.0
normal_city,Hybrid,2,0,1,220.589,143.154,1.5409,0.17174,0.2934,0.9611,6.0705,1.742,3.118,212.0,119,1,80.2204,1,1.0,,12507,Hybrid,subgoal_dist,27.0
normal_city,Hybrid,3,0,1,177.8,140.811,1.2627,0.04198,0.2524,1.1285,4.6259,1.956,2.918,200.6485,122,1,68.3969,0,0.0,,762,Hybrid,subgoal_dist,27.0
normal_city,Hybrid,4,0,1,181.3,141.983,1.2769,0.039,0.2579,1.1531,4.2008,1.742,3.311,209.0536,119,1,70.6932,0,0.0,,777,Hybrid,subgoal_dist,27.0
normal_city,Hybrid,5,0,1,170.8,141.397,1.2079,0.03669,0.2303,1.0295,3.1577,1.78,3.778,175.847,105,1,61.9027,0,0.0,,732,Hybrid,subgoal_dist,27.0
normal_city,Hybrid,6,0,1,174.3,143.154,1.2176,0.03819,0.2372,1.0602,2.7664,1.759,3.169,184.7952,116,1,71.5104,0,0.0,,747,Hybrid,subgoal_dist,27.0
normal_city,Hybrid,7,0,1,172.9,141.983,1.2178,0.03998,0.2319,1.0364,2.4309,1.742,2.931,179.2008,113,1,66.5207,0,0.0,,741,Hybrid,subgoal_dist,27.0
normal_city,Hybrid,8,0,1,216.884,141.397,1.5339,0.23107,0.2596,0.8008,8.5122,1.768,2.912,173.6845,107,1,71.8654,1,1.0,,16789,Hybrid,subgoal_dist,27.0
normal_city,Hybrid,9,0,1,175.0,140.811,1.2428,0.04281,0.242,1.0816,2.8597,1.742,2.912,189.2764,117,1,71.4081,0,0.0,,750,Hybrid,subgoal_dist,27.0
normal_city,Hybrid,10,0,1,175.0,141.983,1.2325,0.04508,0.2393,1.0698,2.6361,1.794,2.96,187.2204,118,1,72.7203,0,0.0,,750,Hybrid,subgoal_dist,27.0
normal_city,Hybrid,11,0,1,170.8,140.811,1.213,0.03691,0.2293,1.025,3.0979,1.759,3.79,175.0676,106,1,62.0011,0,0.0,,732,Hybrid,subgoal_dist,27.0
normal_city,Hybrid,12,0,1,165.28,140.811,1.1738,1.31014,0.1348,0.0922,4.1165,1.88,3.419,15.2464,13,1,36.4746,1,1.0,,88942,Hybrid,subgoal_dist,27.0
normal_city,Hybrid,13,0,1,168.248,141.983,1.185,0.41695,0.212,0.5939,7.5647,1.553,2.781,99.915,73,1,56.8039,1,1.0,,30066,Hybrid,subgoal_dist,27.0
normal_city,Hybrid,14,0,1,176.4,140.811,1.2527,0.04064,0.248,1.1084,3.2263,1.78,2.973,195.5248,114,1,68.673,0,0.0,,756,Hybrid,subgoal_dist,27.0
normal_city,Hybrid,15,0,1,156.194,140.811,1.1092,0.24775,0.0971,0.1856,1.7269,1.742,3.41,28.9942,29,1,34.2934,1,1.0,,18101,Hybrid,subgoal_dist,27.0
normal_city,Hybrid,16,0,1,172.2,140.811,1.2229,0.04061,0.2344,1.0476,2.0568,1.82,2.939,180.4019,120,1,71.4025,0,0.0,,738,Hybrid,subgoal_dist,27.0
normal_city,Hybrid,17,0,1,172.2,142.569,1.2078,0.03843,0.228,1.019,2.5247,1.768,3.025,175.4767,114,1,69.7117,0,0.0,,738,Hybrid,subgoal_dist,27.0
normal_city,Hybrid,18,0,1,176.4,141.397,1.2476,0.04375,0.2454,1.0971,2.8523,1.742,2.945,193.5336,117,1,66.5311,0,0.0,,756,Hybrid,subgoal_dist,27.0
normal_city,Hybrid,19,0,1,178.5,140.811,1.2677,0.04174,0.2651,1.185,3.1549,1.82,2.965,211.527,130,1,76.1772,0,0.0,,765,Hybrid,subgoal_dist,27.0
blocked_road,Hybrid,0,0,1,214.943,150.77,1.4256,3.27982,0.1927,0.5239,8.9057,1.82,3.43,112.6015,82,1,65.0123,1,,76.0,215809,Hybrid,subgoal_dist,27.0
blocked_road,Hybrid,1,0,1,169.4,147.255,1.1504,0.03343,0.1631,0.7288,2.4973,1.768,4.428,123.465,76,1,56.3559,0,,,726,Hybrid,subgoal_dist,27.0
blocked_road,Hybrid,2,0,1,150.681,149.012,1.0112,0.17539,0.0876,0.1424,1.0419,1.577,3.008,21.4625,22,1,30.3025,1,,,13545,Hybrid,subgoal_dist,27.0
blocked_road,Hybrid,3,0,1,159.648,147.841,1.0799,1.06209,0.0914,0.1475,3.7478,1.788,3.023,23.5513,19,1,36.2366,1,,,70650,Hybrid,subgoal_dist,27.0
blocked_road,Hybrid,4,0,1,234.715,148.255,1.5832,0.47231,0.222,0.5437,4.5253,1.742,2.759,127.6253,92,1,67.0758,1,,57.0,33533,Hybrid,subgoal_dist,27.0
blocked_road,Hybrid,5,0,1,217.923,148.426,1.4682,0.23089,0.1906,0.5277,12.3495,1.78,3.355,114.9871,79,1,66.0932,1,,78.0,16678,Hybrid,subgoal_dist,27.0
blocked_road,Hybrid,6,0,1,160.45,149.598,1.0725,1.69888,0.0808,0.1186,2.322,1.515,3.384,19.032,18,1,32.1347,1,,,89207,Hybrid,subgoal_dist,27.0
blocked_road,Hybrid,7,0,1,207.609,149.012,1.3932,0.76675,0.1826,0.4282,1.7285,1.742,2.778,88.9048,70,1,57.4923,1,,54.0,50623,Hybrid,subgoal_dist,27.0
blocked_road,Hybrid,8,0,1,150.254,148.426,1.0123,0.22435,0.0842,0.1373,1.3546,1.628,2.842,20.6246,22,1,31.3008,1,,,14169,Hybrid,subgoal_dist,27.0
blocked_road,Hybrid,9,0,1,152.052,147.841,1.0285,6.31582,0.1289,0.0906,3.1309,2.063,3.743,13.7725,12,1,32.1135,1,,,408843,Hybrid,subgoal_dist,27.0
blocked_road,Hybrid,10,0,1,277.257,149.012,1.8606,1.2564,0.2372,0.4919,8.9755,1.75,2.756,136.3908,93,1,77.8066,1,,89.0,77741,Hybrid,subgoal_dist,27.0
blocked_road,Hybrid,11,0,1,211.698,147.841,1.4319,0.2122,0.1965,0.5658,6.8008,1.759,3.255,119.7808,84,1,66.2977,1,,82.0,15041,Hybrid,subgoal_dist,27.0
blocked_road,Hybrid,12,0,1,156.309,147.841,1.0573,0.50069,0.0809,0.0618,1.2936,1.88,3.628,9.6632,7,1,29.6178,1,,,32839,Hybrid,subgoal_dist,27.0
blocked_road,Hybrid,13,0,1,215.147,149.012,1.4438,0.51819,0.2137,0.521,7.3125,1.794,2.81,112.0959,82,1,64.8748,1,,77.0,34975,Hybrid,subgoal_dist,27.0
blocked_road,Hybrid,14,0,1,163.599,147.841,1.1066,1.22649,0.0832,0.1198,1.5214,1.635,2.942,19.5997,18,1,34.1197,1,,,82477,Hybrid,subgoal_dist,27.0
blocked_road,Hybrid,15,0,1,174.3,147.841,1.179,0.03466,0.1879,0.8397,2.839,1.742,4.209,146.3581,90,1,57.7065,0,,,747,Hybrid,subgoal_dist,27.0
blocked_road,Hybrid,16,0,1,220.322,149.598,1.4728,0.67901,0.194,0.4481,5.4604,1.82,2.914,98.7261,74,1,60.2089,1,,66.0,46698,Hybrid,subgoal_dist,27.0
blocked_road,Hybrid,17,0,1,162.895,149.598,1.0889,2.64222,0.0971,0.1461,2.5294,1.768,3.064,23.8003,22,1,33.6584,1,,,178341,Hybrid,subgoal_dist,27.0
blocked_road,Hybrid,18,0,1,176.4,148.426,1.1885,0.04062,0.1988,0.8887,2.3292,1.742,2.922,156.7654,100,1,67.9853,0,,,756,Hybrid,subgoal_dist,27.0
blocked_road,Hybrid,19,0,1,216.342,147.841,1.4633,0.39078,0.196,0.4355,6.3274,1.82,2.93,94.2095,70,1,61.759,1,,65.0,27415,Hybrid,subgoal_dist,27.0
dense_city,Hybrid,0,0,1,197.272,145.497,1.3558,1.5769,0.1249,0.1512,3.5442,1.656,2.569,29.819,27,1,49.6471,1,,,85263,Hybrid,subgoal_dist,27.0
dense_city,Hybrid,1,0,1,155.601,148.426,1.0483,2.12869,0.0871,0.0756,1.6847,1.517,2.567,11.7685,10,1,31.7124,1,,,117858,Hybrid,subgoal_dist,27.0
dense_city,Hybrid,2,0,1,155.068,150.184,1.0325,7.11552,0.0759,0.0646,1.0897,1.517,2.621,10.0173,9,1,31.0575,1,,,311345,Hybrid,subgoal_dist,27.0
dense_city,Hybrid,3,0,1,192.9,147.255,1.31,1.41379,0.1429,0.2141,4.9713,1.573,2.474,41.3014,36,1,51.5185,1,,,77008,Hybrid,subgoal_dist,27.0
dense_city,Hybrid,4,0,1,151.39,146.669,1.0322,2.07617,0.0867,0.0756,1.3667,1.517,2.688,11.4438,9,1,31.2789,1,,,96865,Hybrid,subgoal_dist,27.0
dense_city,Hybrid,5,0,1,152.859,145.497,1.0506,1.51413,0.0926,0.0799,1.3171,1.517,2.524,12.2127,11,1,33.0632,1,,,76631,Hybrid,subgoal_dist,27.0
dense_city,Hybrid,6,0,1,158.391,147.255,1.0756,4.31686,0.0694,0.0564,1.3469,1.517,2.668,8.9335,8,1,29.3943,1,,,177975,Hybrid,subgoal_dist,27.0
dense_city,Hybrid,7,0,1,153.519,150.184,1.0222,2.53521,0.1742,0.0855,0.9927,1.901,2.91,13.1311,13,1,33.1351,1,,,104038,Hybrid,subgoal_dist,27.0
dense_city,Hybrid,8,0,1,161.337,151.841,1.0625,5.36094,0.0638,0.0485,1.3277,1.517,2.764,7.8199,7,1,28.7388,1,,,228608,Hybrid,subgoal_dist,27.0
dense_city,Hybrid,9,0,1,158.361,148.426,1.0669,2.31151,0.1185,0.1317,2.3816,1.733,2.487,20.8487,19,1,39.241,1,,,99230,Hybrid,subgoal_dist,27.0
dense_city,Hybrid,10,0,1,164.553,145.497,1.131,2.95412,0.2063,0.1576,3.3757,1.847,3.158,25.929,19,1,44.9126,1,,,129956,Hybrid,subgoal_dist,27.0
dense_city,Hybrid,11,0,1,152.478,147.255,1.0355,5.05928,0.1096,0.0926,1.4779,1.517,2.42,14.1213,11,1,35.0553,1,,,205075,Hybrid,subgoal_dist,27.0
dense_city,Hybrid,12,0,1,175.026,151.841,1.1527,1.90346,0.1133,0.1159,3.2485,1.62,2.54,20.2829,19,1,40.6772,1,,,84219,Hybrid,subgoal_dist,27.0
dense_city,Hybrid,13,0,1,159.323,145.497,1.095,8.77021,0.1005,0.0792,1.4954,1.517,2.636,12.6243,12,1,33.8338,1,,,367910,Hybrid,subgoal_dist,27.0
dense_city,Hybrid,14,0,1,181.869,145.497,1.25,2.21542,0.1081,0.0803,5.2525,1.517,2.5,14.6043,14,1,37.9809,1,,,96320,Hybrid,subgoal_dist,27.0
dense_city,Hybrid,15,0,1,156.514,145.497,1.0757,6.47898,0.0966,0.0737,1.4483,1.517,2.484,11.5367,9,1,31.8177,1,,,309557,Hybrid,subgoal_dist,27.0
dense_city,Hybrid,16,0,1,163.95,148.426,1.1046,0.67438,0.1242,0.1071,2.4779,1.62,2.526,17.5546,18,1,37.0622,1,,,31506,Hybrid,subgoal_dist,27.0
dense_city,Hybrid,17,0,1,189.367,144.912,1.3068,0.90137,0.0794,0.054,4.1645,1.517,2.947,10.2289,9,1,34.6266,1,,,42310,Hybrid,subgoal_dist,27.0
dense_city,Hybrid,18,0,1,156.165,150.184,1.0398,2.31355,0.0923,0.0724,1.5988,1.517,2.504,11.3117,10,1,31.8412,1,,,110007,Hybrid,subgoal_dist,27.0
dense_city,Hybrid,19,0,1,215.366,150.184,1.434,1.53147,0.2227,0.4256,12.5497,1.603,2.515,91.6511,67,1,70.7138,1,,,58279,Hybrid,subgoal_dist,27.0
normal_city,Modified,0,0,1,148.955,139.64,1.0667,0.16802,0.051,0.4412,2.0041,1.82,3.099,65.7178,35,1,44.543,0,0.0,,1704,Modified,stuck_window_min,4.0
normal_city,Modified,1,0,1,146.469,143.154,1.0232,0.23209,0.0357,0.2442,1.4061,1.768,3.636,35.774,20,1,34.9619,0,0.0,,1396,Modified,stuck_window_min,4.0
normal_city,Modified,2,0,1,161.633,143.154,1.1291,0.281,0.0634,0.4353,4.4743,1.742,2.972,70.355,34,1,46.1426,2,1.0,,12619,Modified,stuck_window_min,4.0
normal_city,Modified,3,0,1,154.184,140.811,1.095,0.22091,0.059,0.5123,2.8029,1.996,2.895,78.9859,43,1,49.8297,0,0.0,,1748,Modified,stuck_window_min,4.0
normal_city,Modified,4,0,1,192.009,141.983,1.3523,0.3486,0.0515,0.2968,5.954,1.742,3.177,56.984,26,1,49.6833,1,1.0,,10040,Modified,stuck_window_min,4.0
normal_city,Modified,5,0,1,155.715,141.397,1.1013,0.20216,0.0783,0.6063,3.1949,1.779,3.401,94.4109,47,1,46.2416,0,0.0,,1503,Modified,stuck_window_min,4.0
normal_city,Modified,6,0,1,156.32,143.154,1.092,0.15261,0.0651,0.5394,2.9272,1.759,3.009,84.3124,45,1,47.1874,0,0.0,,1657,Modified,stuck_window_min,4.0
normal_city,Modified,7,0,1,157.402,141.983,1.1086,0.14874,0.0768,0.6143,2.7492,1.742,2.929,96.6929,55,1,51.1025,0,0.0,,1581,Modified,stuck_window_min,4.0
normal_city,Modified,8,0,1,155.398,141.397,1.099,1.35122,0.0769,0.5209,2.1801,1.768,2.812,80.9442,45,1,46.1313,1,1.0,,59887,Modified,stuck_window_min,4.0
normal_city,Modified,9,0,1,155.978,140.811,1.1077,0.2078,0.0676,0.5856,2.4808,1.742,2.914,91.3427,52,1,49.767,0,0.0,,1730,Modified,stuck_window_min,4.0
normal_city,Modified,10,0,1,152.87,141.983,1.0767,0.24632,0.0515,0.4405,2.379,1.794,2.902,67.3446,35,1,48.8988,0,0.0,,1736,Modified,stuck_window_min,4.0
normal_city,Modified,11,0,1,156.729,140.811,1.113,0.13416,0.0803,0.6184,3.1218,1.759,3.426,96.9237,49,1,45.4362,0,0.0,,1502,Modified,stuck_window_min,4.0
normal_city,Modified,12,0,1,167.794,140.811,1.1916,1.52768,0.0821,0.083,3.5292,1.88,3.47,13.9226,13,1,35.7866,1,1.0,,65104,Modified,stuck_window_min,4.0
normal_city,Modified,13,0,1,228.743,141.983,1.6111,0.46801,0.0555,0.2118,7.4235,1.569,2.78,48.4487,27,1,54.5033,1,1.0,,20097,Modified,stuck_window_min,4.0
normal_city,Modified,14,0,1,164.191,140.811,1.166,0.26535,0.1009,0.7899,3.806,1.779,2.926,129.7015,62,1,54.2753,0,0.0,,1599,Modified,stuck_window_min,4.0
normal_city,Modified,15,0,1,146.546,140.811,1.0407,0.58039,0.0318,0.114,1.7762,1.742,3.046,16.7071,10,1,30.8829,1,1.0,,24134,Modified,stuck_window_min,4.0
normal_city,Modified,16,0,1,153.596,140.811,1.0908,0.19422,0.0596,0.557,2.076,1.82,2.915,85.5537,48,1,53.2022,0,0.0,,1858,Modified,stuck_window_min,4.0
normal_city,Modified,17,0,1,154.12,142.569,1.081,0.18506,0.0589,0.5102,2.5228,1.768,2.968,78.6267,41,1,45.3305,0,0.0,,1718,Modified,stuck_window_min,4.0
normal_city,Modified,18,0,1,156.591,141.397,1.1075,0.18284,0.0671,0.5505,2.7705,1.742,2.945,86.2017,42,1,48.1405,0,0.0,,1672,Modified,stuck_window_min,4.0
normal_city,Modified,19,0,1,157.004,140.811,1.115,0.17077,0.0732,0.5884,3.2271,1.82,2.955,92.3854,51,1,51.2696,0,0.0,,1691,Modified,stuck_window_min,4.0
blocked_road,Modified,0,0,1,202.311,150.77,1.3419,0.46546,0.0609,0.2733,8.4542,1.82,3.334,55.2884,31,1,49.2611,1,,73.0,23601,Modified,stuck_window_min,4.0
blocked_road,Modified,1,0,1,153.813,147.255,1.0445,0.15529,0.0416,0.3239,1.7996,1.768,3.749,49.8217,27,1,41.0821,0,,,1499,Modified,stuck_window_min,4.0
blocked_road,Modified,2,0,1,207.74,149.012,1.3941,0.95079,0.0374,0.0899,3.2182,1.742,3.985,18.6809,14,1,40.6392,1,,,50785,Modified,stuck_window_min,4.0
blocked_road,Modified,3,0,1,165.119,147.841,1.1169,0.41097,0.0362,0.0965,5.736,1.788,2.858,15.9341,8,1,33.0679,1,,,20696,Modified,stuck_window_min,4.0
blocked_road,Modified,4,0,1,226.441,148.255,1.5274,0.97142,0.0572,0.2382,2.9894,1.742,2.75,53.9271,34,1,60.9606,1,,53.0,45462,Modified,stuck_window_min,4.0
blocked_road,Modified,5,0,1,202.686,148.426,1.3656,0.77805,0.0478,0.2184,4.3816,1.577,2.975,44.2707,29,1,51.0152,1,,74.0,36842,Modified,stuck_window_min,4.0
blocked_road,Modified,6,0,1,182.309,149.598,1.2187,0.48507,0.0384,0.0927,5.2773,1.515,3.528,16.9038,13,1,36.7383,1,,,21088,Modified,stuck_window_min,4.0
blocked_road,Modified,7,0,1,170.698,149.012,1.1455,2.9881,0.0496,0.1808,3.2899,1.702,2.628,30.8672,23,1,39.2009,1,,14.0,153076,Modified,stuck_window_min,4.0
blocked_road,Modified,8,0,1,154.908,148.426,1.0437,1.21176,0.0256,0.0711,1.3674,1.662,2.808,11.0081,6,1,29.5044,1,,,63390,Modified,stuck_window_min,4.0
blocked_road,Modified,9,0,1,159.845,147.841,1.0812,0.89276,0.0608,0.0466,1.7389,2.147,3.733,7.4465,6,1,28.8528,1,,,47972,Modified,stuck_window_min,4.0
blocked_road,Modified,10,0,1,208.358,149.012,1.3983,0.63206,0.0627,0.2998,5.6201,1.794,2.708,62.4643,36,1,56.9985,1,,84.0,31015,Modified,stuck_window_min,4.0
blocked_road,Modified,11,0,1,199.848,147.841,1.3518,0.53613,0.0439,0.2003,4.5301,1.759,2.979,40.0266,24,1,50.8582,1,,78.0,27016,Modified,stuck_window_min,4.0
blocked_road,Modified,12,0,1,160.629,147.841,1.0865,0.4339,0.0598,0.062,1.5907,1.88,3.351,9.9537,8,1,31.4999,1,,,26506,Modified,stuck_window_min,4.0
blocked_road,Modified,13,0,1,200.739,149.012,1.3471,0.50774,0.056,0.2631,3.1898,1.794,2.786,52.8133,31,1,51.5045,1,,76.0,23587,Modified,stuck_window_min,4.0
blocked_road,Modified,14,0,1,156.138,147.841,1.0561,1.50312,0.0357,0.0983,1.5301,1.596,3.038,15.3455,10,1,31.5372,1,,,80624,Modified,stuck_window_min,4.0
blocked_road,Modified,15,0,1,155.184,147.841,1.0497,0.13995,0.0437,0.3421,2.8726,1.742,3.633,53.0939,26,1,38.8618,0,,,1517,Modified,stuck_window_min,4.0
blocked_road,Modified,16,0,1,211.446,149.598,1.4134,1.75021,0.0543,0.2532,5.7284,1.82,2.883,53.5421,29,1,48.175,1,,64.0,94238,Modified,stuck_window_min,4.0
blocked_road,Modified,17,0,1,165.895,149.598,1.1089,1.30834,0.042,0.1089,1.3101,1.6,3.213,18.058,16,1,36.3217,1,,,73156,Modified,stuck_window_min,4.0
blocked_road,Modified,18,0,1,155.832,148.426,1.0499,0.19854,0.0419,0.3808,1.7482,1.742,2.841,59.3472,32,1,48.1117,0,,,1806,Modified,stuck_window_min,4.0
blocked_road,Modified,19,0,1,200.563,147.841,1.3566,0.3426,0.046,0.1807,3.4516,1.614,2.861,36.2413,22,1,48.236,1,,63.0,14824,Modified,stuck_window_min,4.0
dense_city,Modified,0,0,1,159.684,145.497,1.0975,3.51821,0.0535,0.1422,3.1865,1.656,2.593,22.7085,16,1,41.3839,1,,,148771,Modified,stuck_window_min,4.0
dense_city,Modified,1,0,1,156.048,148.426,1.0513,0.9238,0.0491,0.0742,1.5728,1.517,3.689,11.5745,10,1,32.1027,1,,,45080,Modified,stuck_window_min,4.0
dense_city,Modified,2,0,1,190.878,150.184,1.271,8.98098,0.0487,0.048,4.2315,1.517,2.674,9.1711,4,1,31.8366,1,,,407724,Modified,stuck_window_min,4.0
dense_city,Modified,3,0,1,192.455,147.255,1.3069,0.92377,0.0595,0.1574,4.2784,1.573,2.482,30.2971,19,1,42.496,1,,,45524,Modified,stuck_window_min,4.0
dense_city,Modified,4,0,1,160.936,146.669,1.0973,0.57032,0.0436,0.046,1.219,1.517,2.703,7.3967,6,1,28.6852,1,,,27556,Modified,stuck_window_min,4.0
dense_city,Modified,5,0,1,156.514,145.497,1.0757,1.2619,0.0609,0.0684,1.2221,1.517,2.664,10.7078,7,1,31.4972,1,,,55991,Modified,stuck_window_min,4.0
dense_city,Modified,6,0,1,148.293,147.255,1.0071,3.24637,0.0694,0.0809,1.4284,1.517,2.589,11.9963,10,1,32.1251,1,,,138164,Modified,stuck_window_min,4.0
dense_city,Modified,7,0,1,150.888,150.184,1.0047,13.39566,0.1937,0.0847,1.46,1.531,2.774,12.7801,12,1,32.2198,1,,,745548,Modified,stuck_window_min,4.0
dense_city,Modified,8,0,1,157.943,151.841,1.0402,2.65685,0.0415,0.0487,1.3652,1.517,2.766,7.6903,6,1,27.9349,1,,,130498,Modified,stuck_window_min,4.0
dense_city,Modified,9,0,1,178.358,148.426,1.2017,0.77552,0.0517,0.0939,3.1904,1.73,2.521,16.7414,10,1,37.9174,1,,,43905,Modified,stuck_window_min,4.0
dense_city,Modified,10,0,1,161.581,145.497,1.1105,0.70232,0.105,0.0857,3.24,1.839,2.961,13.8495,11,1,32.9046,1,,,38723,Modified,stuck_window_min,4.0
dense_city,Modified,11,0,1,148.929,147.255,1.0114,1.51641,0.0783,0.0909,1.5386,1.517,2.635,13.537,12,1,33.5142,1,,,85729,Modified,stuck_window_min,4.0
dense_city,Modified,12,0,1,176.787,151.841,1.1643,1.12264,0.0559,0.0865,3.3675,1.62,2.596,15.2852,11,1,35.8739,1,,,58429,Modified,stuck_window_min,4.0
dense_city,Modified,13,0,1,173.893,145.497,1.1952,2.15095,0.0923,0.0917,3.4903,1.517,2.674,15.9499,13,1,38.462,1,,,107347,Modified,stuck_window_min,4.0
dense_city,Modified,14,0,1,159.43,145.497,1.0958,1.65589,0.0567,0.0615,1.3812,1.517,2.643,9.8025,7,1,30.6883,1,,,92608,Modified,stuck_window_min,4.0
dense_city,Modified,15,0,1,151.185,145.497,1.0391,2.0848,0.0646,0.0752,1.4096,1.517,2.621,11.3625,10,1,32.3413,1,,,107841,Modified,stuck_window_min,4.0
dense_city,Modified,16,0,1,159.499,148.426,1.0746,4.15089,0.073,0.1136,2.9432,1.62,2.523,18.1188,12,1,38.3415,1,,,234355,Modified,stuck_window_min,4.0
dense_city,Modified,17,0,1,183.777,144.912,1.2682,1.06737,0.0714,0.0732,4.3461,1.517,3.021,13.4601,10,1,36.6584,1,,,62156,Modified,stuck_window_min,4.0
dense_city,Modified,18,0,1,153.031,150.184,1.019,4.21933,0.0559,0.0619,1.4499,1.517,2.526,9.4754,8,1,30.3878,1,,,239427,Modified,stuck_window_min,4.0
dense_city,Modified,19,0,1,166.924,150.184,1.1115,1.47979,0.0606,0.2485,4.8091,1.62,2.586,41.4807,30,1,43.3114,1,,,77262,Modified,stuck_window_min,4.0
normal_city,Modified,0,0,1,148.955,139.64,1.0667,0.12773,0.051,0.4412,2.0041,1.82,3.099,65.7178,35,1,44.543,0,0.0,,1704,Modified,stuck_window_min,3.0
normal_city,Modified,1,0,1,146.469,143.154,1.0232,0.21063,0.0357,0.2442,1.4061,1.768,3.636,35.774,20,1,34.9619,0,0.0,,1396,Modified,stuck_window_min,3.0
normal_city,Modified,2,0,1,169.315,143.154,1.1827,0.26016,0.0998,0.6537,5.7721,1.742,2.938,110.6831,52,1,50.7807,2,1.0,,12697,Modified,stuck_window_min,3.0
normal_city,Modified,3,0,1,154.184,140.811,1.095,0.14988,0.059,0.5123,2.8029,1.996,2.895,78.9859,43,1,49.8297,0,0.0,,1748,Modified,stuck_window_min,3.0
normal_city,Modified,4,0,1,189.64,141.983,1.3357,0.24373,0.0448,0.2466,4.1952,1.742,3.167,46.7572,24,1,49.8014,1,1.0,,10131,Modified,stuck_window_min,3.0
normal_city,Modified,5,0,1,155.715,141.397,1.1013,0.11632,0.0783,0.6063,3.1949,1.779,3.401,94.4109,47,1,46.2416,0,0.0,,1503,Modified,stuck_window_min,3.0
normal_city,Modified,6,0,1,156.32,143.154,1.092,0.1295,0.0651,0.5394,2.9272,1.759,3.009,84.3124,45,1,47.1874,0,0.0,,1657,Modified,stuck_window_min,3.0
normal_city,Modified,7,0,1,157.402,141.983,1.1086,0.13419,0.0768,0.6143,2.7492,1.742,2.929,96.6929,55,1,51.1025,0,0.0,,1581,Modified,stuck_window_min,3.0
normal_city,Modified,8,0,1,155.398,141.397,1.099,0.90219,0.0769,0.5209,2.1801,1.768,2.812,80.9442,45,1,46.1313,1,1.0,,59887,Modified,stuck_window_min,3.0
normal_city,Modified,9,0,1,155.978,140.811,1.1077,0.12384,0.0676,0.5856,2.4808,1.742,2.914,91.3427,52,1,49.767,0,0.0,,1730,Modified,stuck_window_min,3.0
normal_city,Modified,10,0,1,152.87,141.983,1.0767,0.15851,0.0515,0.4405,2.379,1.794,2.902,67.3446,35,1,48.8988,0,0.0,,1736,Modified,stuck_window_min,3.0
normal_city,Modified,11,0,1,156.729,140.811,1.113,0.11938,0.0803,0.6184,3.1218,1.759,3.426,96.9237,49,1,45.4362,0,0.0,,1502,Modified,stuck_window_min,3.0
normal_city,Modified,12,0,1,167.794,140.811,1.1916,0.93022,0.0821,0.083,3.5292,1.88,3.47,13.9226,13,1,35.7866,1,1.0,,65101,Modified,stuck_window_min,3.0
normal_city,Modified,13,0,1,228.743,141.983,1.6111,0.33349,0.0555,0.2118,7.4235,1.569,2.78,48.4487,27,1,54.5033,1,1.0,,20097,Modified,stuck_window_min,3.0
normal_city,Modified,14,0,1,164.191,140.811,1.166,0.11893,0.1009,0.7899,3.806,1.779,2.926,129.7015,62,1,54.2753,0,0.0,,1599,Modified,stuck_window_min,3.0
normal_city,Modified,15,0,1,146.546,140.811,1.0407,0.37193,0.0318,0.114,1.7762,1.742,3.046,16.7071,10,1,30.8829,1,1.0,,24132,Modified,stuck_window_min,3.0
normal_city,Modified,16,0,1,153.596,140.811,1.0908,0.12894,0.0596,0.557,2.076,1.82,2.915,85.5537,48,1,53.2022,0,0.0,,1858,Modified,stuck_window_min,3.0
normal_city,Modified,17,0,1,154.12,142.569,1.081,0.12284,0.0589,0.5102,2.5228,1.768,2.968,78.6267,41,1,45.3305,0,0.0,,1718,Modified,stuck_window_min,3.0
normal_city,Modified,18,0,1,156.591,141.397,1.1075,0.13856,0.0671,0.5505,2.7705,1.742,2.945,86.2017,42,1,48.1405,0,0.0,,1672,Modified,stuck_window_min,3.0
normal_city,Modified,19,0,1,157.004,140.811,1.115,0.15094,0.0732,0.5884,3.2271,1.82,2.955,92.3854,51,1,51.2696,0,0.0,,1691,Modified,stuck_window_min,3.0
blocked_road,Modified,0,0,1,205.037,150.77,1.3599,0.33499,0.0613,0.2666,7.4659,1.82,3.372,54.6653,29,1,50.2298,1,,72.0,19581,Modified,stuck_window_min,3.0
blocked_road,Modified,1,0,1,153.813,147.255,1.0445,0.10838,0.0416,0.3239,1.7996,1.768,3.749,49.8217,27,1,41.0821,0,,,1499,Modified,stuck_window_min,3.0
blocked_road,Modified,2,0,1,207.74,149.012,1.3941,0.76172,0.0374,0.0899,3.2182,1.742,3.985,18.6809,14,1,40.6392,1,,,50782,Modified,stuck_window_min,3.0
blocked_road,Modified,3,0,1,165.119,147.841,1.1169,0.33415,0.0362,0.0965,5.736,1.788,2.858,15.9341,8,1,33.0679,1,,,20693,Modified,stuck_window_min,3.0
blocked_road,Modified,4,0,1,226.441,148.255,1.5274,0.761,0.0572,0.2382,2.9894,1.742,2.75,53.9271,34,1,60.9606,1,,53.0,45462,Modified,stuck_window_min,3.0
blocked_road,Modified,5,0,1,238.443,148.426,1.6065,0.32146,0.0478,0.1863,3.2165,1.681,2.971,44.4107,28,1,56.4936,1,,73.0,18915,Modified,stuck_window_min,3.0
blocked_road,Modified,6,0,1,182.309,149.598,1.2187,0.35646,0.0384,0.0927,5.2773,1.515,3.528,16.9038,13,1,36.7383,1,,,21086,Modified,stuck_window_min,3.0
blocked_road,Modified,7,0,1,170.698,149.012,1.1455,2.29922,0.0496,0.1808,3.2899,1.702,2.628,30.8672,23,1,39.2009,1,,14.0,153076,Modified,stuck_window_min,3.0
blocked_road,Modified,8,0,1,154.908,148.426,1.0437,0.95048,0.0256,0.0711,1.3674,1.662,2.808,11.0081,6,1,29.5044,1,,,63390,Modified,stuck_window_min,3.0
blocked_road,Modified,9,0,1,159.845,147.841,1.0812,0.68974,0.0608,0.0466,1.7389,2.147,3.733,7.4465,6,1,28.8528,1,,,47969,Modified,stuck_window_min,3.0
blocked_road,Modified,10,0,1,206.201,149.012,1.3838,0.50872,0.0574,0.2756,3.4666,1.789,2.717,56.8388,35,1,56.6974,1,,83.0,31523,Modified,stuck_window_min,3.0
blocked_road,Modified,11,0,1,198.01,147.841,1.3393,0.43335,0.0415,0.1894,1.5633,1.759,2.993,37.504,24,1,49.7963,1,,76.0,27024,Modified,stuck_window_min,3.0
blocked_road,Modified,12,0,1,160.629,147.841,1.0865,0.38828,0.0598,0.062,1.5907,1.88,3.351,9.9537,8,1,31.4999,1,,,26506,Modified,stuck_window_min,3.0
blocked_road,Modified,13,0,1,199.108,149.012,1.3362,1.11442,0.0511,0.2409,2.8351,1.794,2.793,47.9719,31,1,51.4671,1,,75.0,69776,Modified,stuck_window_min,3.0
blocked_road,Modified,14,0,1,156.138,147.841,1.0561,1.21254,0.0357,0.0983,1.5301,1.596,3.038,15.3455,10,1,31.5372,1,,,80624,Modified,stuck_window_min,3.0
blocked_road,Modified,15,0,1,155.184,147.841,1.0497,0.11068,0.0437,0.3421,2.8726,1.742,3.633,53.0939,26,1,38.8618,0,,,1517,Modified,stuck_window_min,3.0
blocked_road,Modified,16,0,1,210.191,149.598,1.405,0.43061,0.0566,0.2515,5.8722,1.635,2.873,52.854,28,1,50.347,1,,63.0,23051,Modified,stuck_window_min,3.0
blocked_road,Modified,17,0,1,165.895,149.598,1.1089,1.14244,0.042,0.1089,1.3101,1.6,3.213,18.058,16,1,36.3217,1,,,73153,Modified,stuck_window_min,3.0
blocked_road,Modified,18,0,1,155.832,148.426,1.0499,0.12695,0.0419,0.3808,1.7482,1.742,2.841,59.3472,32,1,48.1117,0,,,1806,Modified,stuck_window_min,3.0
blocked_road,Modified,19,0,1,199.944,147.841,1.3524,0.27367,0.046,0.1816,4.4397,1.622,2.87,36.3064,23,1,47.9521,1,,62.0,14664,Modified,stuck_window_min,3.0
dense_city,Modified,0,0,1,159.684,145.497,1.0975,2.63212,0.0535,0.1422,3.1865,1.656,2.593,22.7085,16,1,41.3839,1,,,148768,Modified,stuck_window_min,3.0
dense_city,Modified,1,0,1,156.048,148.426,1.0513,0.79909,0.0491,0.0742,1.5728,1.517,3.689,11.5745,10,1,32.1027,1,,,45080,Modified,stuck_window_min,3.0
dense_city,Modified,2,0,1,190.878,150.184,1.271,7.79264,0.0487,0.048,4.2315,1.517,2.674,9.1711,4,1,31.8366,1,,,407721,Modified,stuck_window_min,3.0
dense_city,Modified,3,0,1,187.576,147.255,1.2738,0.61579,0.0545,0.1461,3.7929,1.573,2.476,27.4121,18,1,42.797,1,,,35366,Modified,stuck_window_min,3.0
dense_city,Modified,4,0,1,160.936,146.669,1.0973,0.484,0.0436,0.046,1.219,1.517,2.703,7.3967,6,1,28.6852,1,,,27553,Modified,stuck_window_min,3.0
dense_city,Modified,5,0,1,156.514,145.497,1.0757,1.0383,0.0609,0.0684,1.2221,1.517,2.664,10.7078,7,1,31.4972,1,,,55991,Modified,stuck_window_min,3.0
dense_city,Modified,6,0,1,148.293,147.255,1.0071,2.57526,0.0694,0.0809,1.4284,1.517,2.589,11.9963,10,1,32.1251,1,,,138164,Modified,stuck_window_min,3.0
dense_city,Modified,7,0,1,150.888,150.184,1.0047,13.11419,0.1937,0.0847,1.46,1.531,2.774,12.7801,12,1,32.2198,1,,,745548,Modified,stuck_window_min,3.0
dense_city,Modified,8,0,1,157.943,151.841,1.0402,2.35571,0.0415,0.0487,1.3652,1.517,2.766,7.6903,6,1,27.9349,1,,,130498,Modified,stuck_window_min,3.0
dense_city,Modified,9,0,1,178.358,148.426,1.2017,0.76502,0.0517,0.0939,3.1904,1.73,2.521,16.7414,10,1,37.9174,1,,,43905,Modified,stuck_window_min,3.0
dense_city,Modified,10,0,1,161.581,145.497,1.1105,0.67737,0.105,0.0857,3.24,1.839,2.961,13.8495,11,1,32.9046,1,,,38723,Modified,stuck_window_min,3.0
dense_city,Modified,11,0,1,148.929,147.255,1.0114,1.48271,0.0783,0.0909,1.5386,1.517,2.635,13.537,12,1,33.5142,1,,,85729,Modified,stuck_window_min,3.0
dense_city,Modified,12,0,1,176.787,151.841,1.1643,1.10537,0.0559,0.0865,3.3675,1.62,2.596,15.2852,11,1,35.8739,1,,,58426,Modified,stuck_window_min,3.0
dense_city,Modified,13,0,1,173.893,145.497,1.1952,1.97259,0.0923,0.0917,3.4903,1.517,2.674,15.9499,13,1,38.462,1,,,107347,Modified,stuck_window_min,3.0
dense_city,Modified,14,0,1,159.43,145.497,1.0958,1.67099,0.0567,0.0615,1.3812,1.517,2.643,9.8025,7,1,30.6883,1,,,92608,Modified,stuck_window_min,3.0
dense_city,Modified,15,0,1,151.185,145.497,1.0391,1.97248,0.0646,0.0752,1.4096,1.517,2.621,11.3625,10,1,32.3413,1,,,107838,Modified,stuck_window_min,3.0
dense_city,Modified,16,0,1,159.499,148.426,1.0746,4.03046,0.073,0.1136,2.9432,1.62,2.523,18.1188,12,1,38.3415,1,,,234352,Modified,stuck_window_min,3.0
dense_city,Modified,17,0,1,183.777,144.912,1.2682,1.0308,0.0714,0.0732,4.3461,1.517,3.021,13.4601,10,1,36.6584,1,,,62156,Modified,stuck_window_min,3.0
dense_city,Modified,18,0,1,153.031,150.184,1.019,4.19341,0.0559,0.0619,1.4499,1.517,2.526,9.4754,8,1,30.3878,1,,,239424,Modified,stuck_window_min,3.0
dense_city,Modified,19,0,1,166.924,150.184,1.1115,1.41212,0.0606,0.2485,4.8091,1.62,2.586,41.4807,30,1,43.3114,1,,,77262,Modified,stuck_window_min,3.0
normal_city,Modified,0,0,1,148.955,139.64,1.0667,0.13937,0.051,0.4412,2.0041,1.82,3.099,65.7178,35,1,44.543,0,0.0,,1704,Modified,stuck_window_min,6.0
normal_city,Modified,1,0,1,146.469,143.154,1.0232,0.20394,0.0357,0.2442,1.4061,1.768,3.636,35.774,20,1,34.9619,0,0.0,,1396,Modified,stuck_window_min,6.0
normal_city,Modified,2,0,1,162.131,143.154,1.1326,0.2898,0.0585,0.3946,3.4279,1.742,2.832,63.979,28,1,42.5427,2,1.0,,12819,Modified,stuck_window_min,6.0
normal_city,Modified,3,0,1,154.184,140.811,1.095,0.15313,0.059,0.5123,2.8029,1.996,2.895,78.9859,43,1,49.8297,0,0.0,,1748,Modified,stuck_window_min,6.0
normal_city,Modified,4,0,1,196.537,141.983,1.3842,0.28354,0.0614,0.3516,4.0045,1.742,3.225,69.108,31,1,50.8968,1,1.0,,11432,Modified,stuck_window_min,6.0
normal_city,Modified,5,0,1,155.715,141.397,1.1013,0.11625,0.0783,0.6063,3.1949,1.779,3.401,94.4109,47,1,46.2416,0,0.0,,1503,Modified,stuck_window_min,6.0
normal_city,Modified,6,0,1,156.32,143.154,1.092,0.1373,0.0651,0.5394,2.9272,1.759,3.009,84.3124,45,1,47.1874,0,0.0,,1657,Modified,stuck_window_min,6.0
normal_city,Modified,7,0,1,157.402,141.983,1.1086,0.12145,0.0768,0.6143,2.7492,1.742,2.929,96.6929,55,1,51.1025,0,0.0,,1581,Modified,stuck_window_min,6.0
normal_city,Modified,8,0,1,157.115,141.397,1.1112,1.06483,0.082,0.5529,7.3774,1.768,2.81,86.8638,47,1,47.0059,1,1.0,,60807,Modified,stuck_window_min,6.0
normal_city,Modified,9,0,1,155.978,140.811,1.1077,0.13048,0.0676,0.5856,2.4808,1.742,2.914,91.3427,52,1,49.767,0,0.0,,1730,Modified,stuck_window_min,6.0
normal_city,Modified,10,0,1,152.87,141.983,1.0767,0.17915,0.0515,0.4405,2.379,1.794,2.902,67.3446,35,1,48.8988,0,0.0,,1736,Modified,stuck_window_min,6.0
normal_city,Modified,11,0,1,156.729,140.811,1.113,0.1228,0.0803,0.6184,3.1218,1.759,3.426,96.9237,49,1,45.4362,0,0.0,,1502,Modified,stuck_window_min,6.0
normal_city,Modified,12,0,1,167.794,140.811,1.1916,0.96021,0.0821,0.083,3.5292,1.88,3.47,13.9226,13,1,35.7866,1,1.0,,65107,Modified,stuck_window_min,6.0
normal_city,Modified,13,0,1,228.743,141.983,1.6111,0.35891,0.0555,0.2118,7.4235,1.569,2.78,48.4487,27,1,54.5033,1,1.0,,20097,Modified,stuck_window_min,6.0
normal_city,Modified,14,0,1,164.191,140.811,1.166,0.13093,0.1009,0.7899,3.806,1.779,2.926,129.7015,62,1,54.2753,0,0.0,,1599,Modified,stuck_window_min,6.0
normal_city,Modified,15,0,1,146.546,140.811,1.0407,0.38212,0.0318,0.114,1.7762,1.742,3.046,16.7071,10,1,30.8829,1,1.0,,24136,Modified,stuck_window_min,6.0
normal_city,Modified,16,0,1,153.596,140.811,1.0908,0.1344,0.0596,0.557,2.076,1.82,2.915,85.5537,48,1,53.2022,0,0.0,,1858,Modified,stuck_window_min,6.0
normal_city,Modified,17,0,1,154.12,142.569,1.081,0.1252,0.0589,0.5102,2.5228,1.768,2.968,78.6267,41,1,45.3305,0,0.0,,1718,Modified,stuck_window_min,6.0
normal_city,Modified,18,0,1,156.591,141.397,1.1075,0.14401,0.0671,0.5505,2.7705,1.742,2.945,86.2017,42,1,48.1405,0,0.0,,1672,Modified,stuck_window_min,6.0
normal_city,Modified,19,0,1,157.004,140.811,1.115,0.15145,0.0732,0.5884,3.2271,1.82,2.955,92.3854,51,1,51.2696,0,0.0,,1691,Modified,stuck_window_min,6.0
blocked_road,Modified,0,0,1,202.311,150.77,1.3419,0.38343,0.0609,0.2733,8.4542,1.82,3.334,55.2884,31,1,49.2611,1,,73.0,23601,Modified,stuck_window_min,6.0
blocked_road,Modified,1,0,1,153.813,147.255,1.0445,0.10875,0.0416,0.3239,1.7996,1.768,3.749,49.8217,27,1,41.0821,0,,,1499,Modified,stuck_window_min,6.0
blocked_road,Modified,2,0,1,207.74,149.012,1.3941,0.80293,0.0374,0.0899,3.2182,1.742,3.985,18.6809,14,1,40.6392,1,,,50788,Modified,stuck_window_min,6.0
blocked_road,Modified,3,0,1,165.119,147.841,1.1169,0.34343,0.0362,0.0965,5.736,1.788,2.858,15.9341,8,1,33.0679,1,,,20699,Modified,stuck_window_min,6.0
blocked_road,Modified,4,0,1,217.6,148.255,1.4677,1.96321,0.0589,0.2558,3.8022,1.742,2.734,55.6578,35,1,60.4305,1,,55.0,122906,Modified,stuck_window_min,6.0
blocked_road,Modified,5,0,1,239.84,148.426,1.6159,0.43389,0.0541,0.2112,9.2207,1.681,2.966,50.6458,30,1,58.9779,1,,75.0,18927,Modified,stuck_window_min,6.0
blocked_road,Modified,6,0,1,182.309,149.598,1.2187,0.34971,0.0384,0.0927,5.2773,1.515,3.528,16.9038,13,1,36.7383,1,,,21090,Modified,stuck_window_min,6.0
blocked_road,Modified,7,0,1,197.025,149.012,1.3222,0.43895,0.0524,0.2331,1.2698,1.742,2.713,45.9197,30,1,46.2676,1,,54.0,28114,Modified,stuck_window_min,6.0
blocked_road,Modified,8,0,1,154.908,148.426,1.0437,0.9494,0.0256,0.0711,1.3674,1.662,2.808,11.0081,6,1,29.5044,1,,,63393,Modified,stuck_window_min,6.0
blocked_road,Modified,9,0,1,159.845,147.841,1.0812,0.73578,0.0608,0.0466,1.7389,2.147,3.733,7.4465,6,1,28.8528,1,,,47972,Modified,stuck_window_min,6.0
blocked_road,Modified,10,0,1,208.109,149.012,1.3966,0.60651,0.0586,0.2734,6.9529,1.794,2.701,56.8921,34,1,55.5433,1,,85.0,36479,Modified,stuck_window_min,6.0
blocked_road,Modified,11,0,1,199.848,147.841,1.3518,0.44408,0.0439,0.2003,4.5301,1.759,2.979,40.0266,24,1,50.8582,1,,78.0,27016,Modified,stuck_window_min,6.0
blocked_road,Modified,12,0,1,160.629,147.841,1.0865,0.37897,0.0598,0.062,1.5907,1.88,3.351,9.9537,8,1,31.4999,1,,,26509,Modified,stuck_window_min,6.0
blocked_road,Modified,13,0,1,200.447,149.012,1.3452,1.09651,0.0569,0.2686,5.5761,1.794,2.789,53.8406,33,1,52.7003,1,,77.0,69783,Modified,stuck_window_min,6.0
blocked_road,Modified,14,0,1,156.138,147.841,1.0561,1.21489,0.0357,0.0983,1.5301,1.596,3.038,15.3455,10,1,31.5372,1,,,80626,Modified,stuck_window_min,6.0
blocked_road,Modified,15,0,1,155.184,147.841,1.0497,0.12668,0.0437,0.3421,2.8726,1.742,3.633,53.0939,26,1,38.8618,0,,,1517,Modified,stuck_window_min,6.0
blocked_road,Modified,16,0,1,214.327,149.598,1.4327,0.42759,0.0613,0.2687,5.4746,1.82,2.878,57.5862,30,1,51.3924,1,,65.0,25689,Modified,stuck_window_min,6.0
blocked_road,Modified,17,0,1,165.895,149.598,1.1089,1.11766,0.042,0.1089,1.3101,1.6,3.213,18.058,16,1,36.3217,1,,,73159,Modified,stuck_window_min,6.0
blocked_road,Modified,18,0,1,155.832,148.426,1.0499,0.12848,0.0419,0.3808,1.7482,1.742,2.841,59.3472,32,1,48.1117,0,,,1806,Modified,stuck_window_min,6.0
blocked_road,Modified,19,0,1,200.563,147.841,1.3566,0.26399,0.046,0.1807,3.4516,1.614,2.861,36.2413,22,1,48.236,1,,63.0,14824,Modified,stuck_window_min,6.0
dense_city,Modified,0,0,1,159.684,145.497,1.0975,2.68894,0.0535,0.1422,3.1865,1.656,2.593,22.7085,16,1,41.3839,1,,,148774,Modified,stuck_window_min,6.0
dense_city,Modified,1,0,1,156.048,148.426,1.0513,0.81798,0.0491,0.0742,1.5728,1.517,3.689,11.5745,10,1,32.1027,1,,,45083,Modified,stuck_window_min,6.0
dense_city,Modified,2,0,1,190.878,150.184,1.271,7.84371,0.0487,0.048,4.2315,1.517,2.674,9.1711,4,1,31.8366,1,,,407727,Modified,stuck_window_min,6.0
dense_city,Modified,3,0,1,192.455,147.255,1.3069,0.79903,0.0595,0.1574,4.2784,1.573,2.482,30.2971,19,1,42.496,1,,,45528,Modified,stuck_window_min,6.0
dense_city,Modified,4,0,1,160.936,146.669,1.0973,0.51379,0.0436,0.046,1.219,1.517,2.703,7.3967,6,1,28.6852,1,,,27559,Modified,stuck_window_min,6.0
dense_city,Modified,5,0,1,156.514,145.497,1.0757,1.07651,0.0609,0.0684,1.2221,1.517,2.664,10.7078,7,1,31.4972,1,,,55994,Modified,stuck_window_min,6.0
dense_city,Modified,6,0,1,148.293,147.255,1.0071,2.58481,0.0694,0.0809,1.4284,1.517,2.589,11.9963,10,1,32.1251,1,,,138167,Modified,stuck_window_min,6.0
dense_city,Modified,7,0,1,150.888,150.184,1.0047,13.35055,0.1937,0.0847,1.46,1.531,2.774,12.7801,12,1,32.2198,1,,,745550,Modified,stuck_window_min,6.0
dense_city,Modified,8,0,1,157.943,151.841,1.0402,2.37016,0.0415,0.0487,1.3652,1.517,2.766,7.6903,6,1,27.9349,1,,,130501,Modified,stuck_window_min,6.0
dense_city,Modified,9,0,1,178.358,148.426,1.2017,0.80139,0.0517,0.0939,3.1904,1.73,2.521,16.7414,10,1,37.9174,1,,,43911,Modified,stuck_window_min,6.0
dense_city,Modified,10,0,1,161.581,145.497,1.1105,0.72221,0.105,0.0857,3.24,1.839,2.961,13.8495,11,1,32.9046,1,,,38726,Modified,stuck_window_min,6.0
dense_city,Modified,11,0,1,148.929,147.255,1.0114,1.48332,0.0783,0.0909,1.5386,1.517,2.635,13.537,12,1,33.5142,1,,,85732,Modified,stuck_window_min,6.0
dense_city,Modified,12,0,1,176.787,151.841,1.1643,1.10318,0.0559,0.0865,3.3675,1.62,2.596,15.2852,11,1,35.8739,1,,,58432,Modified,stuck_window_min,6.0
dense_city,Modified,13,0,1,173.893,145.497,1.1952,1.98175,0.0923,0.0917,3.4903,1.517,2.674,15.9499,13,1,38.462,1,,,107349,Modified,stuck_window_min,6.0
dense_city,Modified,14,0,1,159.43,145.497,1.0958,1.67312,0.0567,0.0615,1.3812,1.517,2.643,9.8025,7,1,30.6883,1,,,92611,Modified,stuck_window_min,6.0
dense_city,Modified,15,0,1,151.185,145.497,1.0391,1.9764,0.0646,0.0752,1.4096,1.517,2.621,11.3625,10,1,32.3413,1,,,107844,Modified,stuck_window_min,6.0
dense_city,Modified,16,0,1,159.499,148.426,1.0746,4.16053,0.073,0.1136,2.9432,1.62,2.523,18.1188,12,1,38.3415,1,,,234358,Modified,stuck_window_min,6.0
dense_city,Modified,17,0,1,183.777,144.912,1.2682,1.08399,0.0714,0.0732,4.3461,1.517,3.021,13.4601,10,1,36.6584,1,,,62159,Modified,stuck_window_min,6.0
dense_city,Modified,18,0,1,153.031,150.184,1.019,4.22932,0.0559,0.0619,1.4499,1.517,2.526,9.4754,8,1,30.3878,1,,,239430,Modified,stuck_window_min,6.0
dense_city,Modified,19,0,1,168.33,150.184,1.1208,1.43816,0.069,0.2834,5.7165,1.62,2.583,47.7056,33,1,44.4426,1,,,77275,Modified,stuck_window_min,6.0
normal_city,Modified,0,0,1,148.955,139.64,1.0667,0.16802,0.051,0.4412,2.0041,1.82,3.099,65.7178,35,1,44.543,0,0.0,,1704,Modified,density_radius,6.0
normal_city,Modified,1,0,1,146.469,143.154,1.0232,0.23209,0.0357,0.2442,1.4061,1.768,3.636,35.774,20,1,34.9619,0,0.0,,1396,Modified,density_radius,6.0
normal_city,Modified,2,0,1,161.633,143.154,1.1291,0.281,0.0634,0.4353,4.4743,1.742,2.972,70.355,34,1,46.1426,2,1.0,,12619,Modified,density_radius,6.0
normal_city,Modified,3,0,1,154.184,140.811,1.095,0.22091,0.059,0.5123,2.8029,1.996,2.895,78.9859,43,1,49.8297,0,0.0,,1748,Modified,density_radius,6.0
normal_city,Modified,4,0,1,192.009,141.983,1.3523,0.3486,0.0515,0.2968,5.954,1.742,3.177,56.984,26,1,49.6833,1,1.0,,10040,Modified,density_radius,6.0
normal_city,Modified,5,0,1,155.715,141.397,1.1013,0.20216,0.0783,0.6063,3.1949,1.779,3.401,94.4109,47,1,46.2416,0,0.0,,1503,Modified,density_radius,6.0
normal_city,Modified,6,0,1,156.32,143.154,1.092,0.15261,0.0651,0.5394,2.9272,1.759,3.009,84.3124,45,1,47.1874,0,0.0,,1657,Modified,density_radius,6.0
normal_city,Modified,7,0,1,157.402,141.983,1.1086,0.14874,0.0768,0.6143,2.7492,1.742,2.929,96.6929,55,1,51.1025,0,0.0,,1581,Modified,density_radius,6.0
normal_city,Modified,8,0,1,155.398,141.397,1.099,1.35122,0.0769,0.5209,2.1801,1.768,2.812,80.9442,45,1,46.1313,1,1.0,,59887,Modified,density_radius,6.0
normal_city,Modified,9,0,1,155.978,140.811,1.1077,0.2078,0.0676,0.5856,2.4808,1.742,2.914,91.3427,52,1,49.767,0,0.0,,1730,Modified,density_radius,6.0
normal_city,Modified,10,0,1,152.87,141.983,1.0767,0.24632,0.0515,0.4405,2.379,1.794,2.902,67.3446,35,1,48.8988,0,0.0,,1736,Modified,density_radius,6.0
normal_city,Modified,11,0,1,156.729,140.811,1.113,0.13416,0.0803,0.6184,3.1218,1.759,3.426,96.9237,49,1,45.4362,0,0.0,,1502,Modified,density_radius,6.0
normal_city,Modified,12,0,1,167.794,140.811,1.1916,1.52768,0.0821,0.083,3.5292,1.88,3.47,13.9226,13,1,35.7866,1,1.0,,65104,Modified,density_radius,6.0
normal_city,Modified,13,0,1,228.743,141.983,1.6111,0.46801,0.0555,0.2118,7.4235,1.569,2.78,48.4487,27,1,54.5033,1,1.0,,20097,Modified,density_radius,6.0
normal_city,Modified,14,0,1,164.191,140.811,1.166,0.26535,0.1009,0.7899,3.806,1.779,2.926,129.7015,62,1,54.2753,0,0.0,,1599,Modified,density_radius,6.0
normal_city,Modified,15,0,1,146.546,140.811,1.0407,0.58039,0.0318,0.114,1.7762,1.742,3.046,16.7071,10,1,30.8829,1,1.0,,24134,Modified,density_radius,6.0
normal_city,Modified,16,0,1,153.596,140.811,1.0908,0.19422,0.0596,0.557,2.076,1.82,2.915,85.5537,48,1,53.2022,0,0.0,,1858,Modified,density_radius,6.0
normal_city,Modified,17,0,1,154.12,142.569,1.081,0.18506,0.0589,0.5102,2.5228,1.768,2.968,78.6267,41,1,45.3305,0,0.0,,1718,Modified,density_radius,6.0
normal_city,Modified,18,0,1,156.591,141.397,1.1075,0.18284,0.0671,0.5505,2.7705,1.742,2.945,86.2017,42,1,48.1405,0,0.0,,1672,Modified,density_radius,6.0
normal_city,Modified,19,0,1,157.004,140.811,1.115,0.17077,0.0732,0.5884,3.2271,1.82,2.955,92.3854,51,1,51.2696,0,0.0,,1691,Modified,density_radius,6.0
blocked_road,Modified,0,0,1,202.311,150.77,1.3419,0.46546,0.0609,0.2733,8.4542,1.82,3.334,55.2884,31,1,49.2611,1,,73.0,23601,Modified,density_radius,6.0
blocked_road,Modified,1,0,1,153.813,147.255,1.0445,0.15529,0.0416,0.3239,1.7996,1.768,3.749,49.8217,27,1,41.0821,0,,,1499,Modified,density_radius,6.0
blocked_road,Modified,2,0,1,207.74,149.012,1.3941,0.95079,0.0374,0.0899,3.2182,1.742,3.985,18.6809,14,1,40.6392,1,,,50785,Modified,density_radius,6.0
blocked_road,Modified,3,0,1,165.119,147.841,1.1169,0.41097,0.0362,0.0965,5.736,1.788,2.858,15.9341,8,1,33.0679,1,,,20696,Modified,density_radius,6.0
blocked_road,Modified,4,0,1,226.441,148.255,1.5274,0.97142,0.0572,0.2382,2.9894,1.742,2.75,53.9271,34,1,60.9606,1,,53.0,45462,Modified,density_radius,6.0
blocked_road,Modified,5,0,1,202.686,148.426,1.3656,0.77805,0.0478,0.2184,4.3816,1.577,2.975,44.2707,29,1,51.0152,1,,74.0,36842,Modified,density_radius,6.0
blocked_road,Modified,6,0,1,182.309,149.598,1.2187,0.48507,0.0384,0.0927,5.2773,1.515,3.528,16.9038,13,1,36.7383,1,,,21088,Modified,density_radius,6.0
blocked_road,Modified,7,0,1,170.698,149.012,1.1455,2.9881,0.0496,0.1808,3.2899,1.702,2.628,30.8672,23,1,39.2009,1,,14.0,153076,Modified,density_radius,6.0
blocked_road,Modified,8,0,1,154.908,148.426,1.0437,1.21176,0.0256,0.0711,1.3674,1.662,2.808,11.0081,6,1,29.5044,1,,,63390,Modified,density_radius,6.0
blocked_road,Modified,9,0,1,159.845,147.841,1.0812,0.89276,0.0608,0.0466,1.7389,2.147,3.733,7.4465,6,1,28.8528,1,,,47972,Modified,density_radius,6.0
blocked_road,Modified,10,0,1,208.358,149.012,1.3983,0.63206,0.0627,0.2998,5.6201,1.794,2.708,62.4643,36,1,56.9985,1,,84.0,31015,Modified,density_radius,6.0
blocked_road,Modified,11,0,1,199.848,147.841,1.3518,0.53613,0.0439,0.2003,4.5301,1.759,2.979,40.0266,24,1,50.8582,1,,78.0,27016,Modified,density_radius,6.0
blocked_road,Modified,12,0,1,160.629,147.841,1.0865,0.4339,0.0598,0.062,1.5907,1.88,3.351,9.9537,8,1,31.4999,1,,,26506,Modified,density_radius,6.0
blocked_road,Modified,13,0,1,200.739,149.012,1.3471,0.50774,0.056,0.2631,3.1898,1.794,2.786,52.8133,31,1,51.5045,1,,76.0,23587,Modified,density_radius,6.0
blocked_road,Modified,14,0,1,156.138,147.841,1.0561,1.50312,0.0357,0.0983,1.5301,1.596,3.038,15.3455,10,1,31.5372,1,,,80624,Modified,density_radius,6.0
blocked_road,Modified,15,0,1,155.184,147.841,1.0497,0.13995,0.0437,0.3421,2.8726,1.742,3.633,53.0939,26,1,38.8618,0,,,1517,Modified,density_radius,6.0
blocked_road,Modified,16,0,1,211.446,149.598,1.4134,1.75021,0.0543,0.2532,5.7284,1.82,2.883,53.5421,29,1,48.175,1,,64.0,94238,Modified,density_radius,6.0
blocked_road,Modified,17,0,1,165.895,149.598,1.1089,1.30834,0.042,0.1089,1.3101,1.6,3.213,18.058,16,1,36.3217,1,,,73156,Modified,density_radius,6.0
blocked_road,Modified,18,0,1,155.832,148.426,1.0499,0.19854,0.0419,0.3808,1.7482,1.742,2.841,59.3472,32,1,48.1117,0,,,1806,Modified,density_radius,6.0
blocked_road,Modified,19,0,1,200.563,147.841,1.3566,0.3426,0.046,0.1807,3.4516,1.614,2.861,36.2413,22,1,48.236,1,,63.0,14824,Modified,density_radius,6.0
dense_city,Modified,0,0,1,159.684,145.497,1.0975,3.51821,0.0535,0.1422,3.1865,1.656,2.593,22.7085,16,1,41.3839,1,,,148771,Modified,density_radius,6.0
dense_city,Modified,1,0,1,156.048,148.426,1.0513,0.9238,0.0491,0.0742,1.5728,1.517,3.689,11.5745,10,1,32.1027,1,,,45080,Modified,density_radius,6.0
dense_city,Modified,2,0,1,190.878,150.184,1.271,8.98098,0.0487,0.048,4.2315,1.517,2.674,9.1711,4,1,31.8366,1,,,407724,Modified,density_radius,6.0
dense_city,Modified,3,0,1,192.455,147.255,1.3069,0.92377,0.0595,0.1574,4.2784,1.573,2.482,30.2971,19,1,42.496,1,,,45524,Modified,density_radius,6.0
dense_city,Modified,4,0,1,160.936,146.669,1.0973,0.57032,0.0436,0.046,1.219,1.517,2.703,7.3967,6,1,28.6852,1,,,27556,Modified,density_radius,6.0
dense_city,Modified,5,0,1,156.514,145.497,1.0757,1.2619,0.0609,0.0684,1.2221,1.517,2.664,10.7078,7,1,31.4972,1,,,55991,Modified,density_radius,6.0
dense_city,Modified,6,0,1,148.293,147.255,1.0071,3.24637,0.0694,0.0809,1.4284,1.517,2.589,11.9963,10,1,32.1251,1,,,138164,Modified,density_radius,6.0
dense_city,Modified,7,0,1,150.888,150.184,1.0047,13.39566,0.1937,0.0847,1.46,1.531,2.774,12.7801,12,1,32.2198,1,,,745548,Modified,density_radius,6.0
dense_city,Modified,8,0,1,157.943,151.841,1.0402,2.65685,0.0415,0.0487,1.3652,1.517,2.766,7.6903,6,1,27.9349,1,,,130498,Modified,density_radius,6.0
dense_city,Modified,9,0,1,178.358,148.426,1.2017,0.77552,0.0517,0.0939,3.1904,1.73,2.521,16.7414,10,1,37.9174,1,,,43905,Modified,density_radius,6.0
dense_city,Modified,10,0,1,161.581,145.497,1.1105,0.70232,0.105,0.0857,3.24,1.839,2.961,13.8495,11,1,32.9046,1,,,38723,Modified,density_radius,6.0
dense_city,Modified,11,0,1,148.929,147.255,1.0114,1.51641,0.0783,0.0909,1.5386,1.517,2.635,13.537,12,1,33.5142,1,,,85729,Modified,density_radius,6.0
dense_city,Modified,12,0,1,176.787,151.841,1.1643,1.12264,0.0559,0.0865,3.3675,1.62,2.596,15.2852,11,1,35.8739,1,,,58429,Modified,density_radius,6.0
dense_city,Modified,13,0,1,173.893,145.497,1.1952,2.15095,0.0923,0.0917,3.4903,1.517,2.674,15.9499,13,1,38.462,1,,,107347,Modified,density_radius,6.0
dense_city,Modified,14,0,1,159.43,145.497,1.0958,1.65589,0.0567,0.0615,1.3812,1.517,2.643,9.8025,7,1,30.6883,1,,,92608,Modified,density_radius,6.0
dense_city,Modified,15,0,1,151.185,145.497,1.0391,2.0848,0.0646,0.0752,1.4096,1.517,2.621,11.3625,10,1,32.3413,1,,,107841,Modified,density_radius,6.0
dense_city,Modified,16,0,1,159.499,148.426,1.0746,4.15089,0.073,0.1136,2.9432,1.62,2.523,18.1188,12,1,38.3415,1,,,234355,Modified,density_radius,6.0
dense_city,Modified,17,0,1,183.777,144.912,1.2682,1.06737,0.0714,0.0732,4.3461,1.517,3.021,13.4601,10,1,36.6584,1,,,62156,Modified,density_radius,6.0
dense_city,Modified,18,0,1,153.031,150.184,1.019,4.21933,0.0559,0.0619,1.4499,1.517,2.526,9.4754,8,1,30.3878,1,,,239427,Modified,density_radius,6.0
dense_city,Modified,19,0,1,166.924,150.184,1.1115,1.47979,0.0606,0.2485,4.8091,1.62,2.586,41.4807,30,1,43.3114,1,,,77262,Modified,density_radius,6.0
normal_city,Modified,0,0,1,148.955,139.64,1.0667,0.12189,0.051,0.4412,2.0041,1.82,3.099,65.7178,35,1,44.543,0,0.0,,1704,Modified,density_radius,4.0
normal_city,Modified,1,0,1,146.469,143.154,1.0232,0.20282,0.0357,0.2442,1.4061,1.768,3.636,35.774,20,1,34.9619,0,0.0,,1396,Modified,density_radius,4.0
normal_city,Modified,2,0,1,162.123,143.154,1.1325,0.26617,0.0585,0.3946,3.4663,1.742,2.84,63.9792,28,1,42.528,2,1.0,,12816,Modified,density_radius,4.0
normal_city,Modified,3,0,1,154.184,140.811,1.095,0.14275,0.059,0.5123,2.8029,1.996,2.895,78.9859,43,1,49.8297,0,0.0,,1748,Modified,density_radius,4.0
normal_city,Modified,4,0,1,192.009,141.983,1.3523,0.24831,0.0515,0.2968,5.954,1.742,3.177,56.984,26,1,49.6833,1,1.0,,10040,Modified,density_radius,4.0
normal_city,Modified,5,0,1,155.715,141.397,1.1013,0.10673,0.0783,0.6063,3.1949,1.779,3.401,94.4109,47,1,46.2416,0,0.0,,1503,Modified,density_radius,4.0
normal_city,Modified,6,0,1,156.32,143.154,1.092,0.11894,0.0651,0.5394,2.9272,1.759,3.009,84.3124,45,1,47.1874,0,0.0,,1657,Modified,density_radius,4.0
normal_city,Modified,7,0,1,157.402,141.983,1.1086,0.11601,0.0768,0.6143,2.7492,1.742,2.929,96.6929,55,1,51.1025,0,0.0,,1581,Modified,density_radius,4.0
normal_city,Modified,8,0,1,155.398,141.397,1.099,0.92805,0.0769,0.5209,2.1801,1.768,2.812,80.9442,45,1,46.1313,1,1.0,,59887,Modified,density_radius,4.0
normal_city,Modified,9,0,1,155.978,140.811,1.1077,0.12188,0.0676,0.5856,2.4808,1.742,2.914,91.3427,52,1,49.767,0,0.0,,1730,Modified,density_radius,4.0
normal_city,Modified,10,0,1,152.87,141.983,1.0767,0.14647,0.0515,0.4405,2.379,1.794,2.902,67.3446,35,1,48.8988,0,0.0,,1736,Modified,density_radius,4.0
normal_city,Modified,11,0,1,156.729,140.811,1.113,0.10623,0.0803,0.6184,3.1218,1.759,3.426,96.9237,49,1,45.4362,0,0.0,,1502,Modified,density_radius,4.0
normal_city,Modified,12,0,1,167.794,140.811,1.1916,0.94255,0.0821,0.083,3.5292,1.88,3.47,13.9226,13,1,35.7866,1,1.0,,65104,Modified,density_radius,4.0
normal_city,Modified,13,0,1,228.743,141.983,1.6111,0.34306,0.0555,0.2118,7.4235,1.569,2.78,48.4487,27,1,54.5033,1,1.0,,20097,Modified,density_radius,4.0
normal_city,Modified,14,0,1,164.191,140.811,1.166,0.11323,0.1009,0.7899,3.806,1.779,2.926,129.7015,62,1,54.2753,0,0.0,,1599,Modified,density_radius,4.0
normal_city,Modified,15,0,1,146.546,140.811,1.0407,0.38932,0.0318,0.114,1.7762,1.742,3.046,16.7071,10,1,30.8829,1,1.0,,24138,Modified,density_radius,4.0
normal_city,Modified,16,0,1,153.596,140.811,1.0908,0.12665,0.0596,0.557,2.076,1.82,2.915,85.5537,48,1,53.2022,0,0.0,,1858,Modified,density_radius,4.0
normal_city,Modified,17,0,1,154.12,142.569,1.081,0.11878,0.0589,0.5102,2.5228,1.768,2.968,78.6267,41,1,45.3305,0,0.0,,1718,Modified,density_radius,4.0
normal_city,Modified,18,0,1,156.591,141.397,1.1075,0.14145,0.0671,0.5505,2.7705,1.742,2.945,86.2017,42,1,48.1405,0,0.0,,1672,Modified,density_radius,4.0
normal_city,Modified,19,0,1,157.004,140.811,1.115,0.16887,0.0732,0.5884,3.2271,1.82,2.955,92.3854,51,1,51.2696,0,0.0,,1691,Modified,density_radius,4.0
blocked_road,Modified,0,0,1,205.037,150.77,1.3599,0.33375,0.0613,0.2666,7.4659,1.82,3.372,54.6653,29,1,50.2298,1,,72.0,19581,Modified,density_radius,4.0
blocked_road,Modified,1,0,1,153.813,147.255,1.0445,0.10442,0.0416,0.3239,1.7996,1.768,3.749,49.8217,27,1,41.0821,0,,,1499,Modified,density_radius,4.0
blocked_road,Modified,2,0,1,207.74,149.012,1.3941,0.76456,0.0374,0.0899,3.2182,1.742,3.985,18.6809,14,1,40.6392,1,,,50785,Modified,density_radius,4.0
blocked_road,Modified,3,0,1,165.119,147.841,1.1169,0.34166,0.0362,0.0965,5.736,1.788,2.858,15.9341,8,1,33.0679,1,,,20693,Modified,density_radius,4.0
blocked_road,Modified,4,0,1,217.6,148.255,1.4677,1.95557,0.0589,0.2558,3.8022,1.742,2.734,55.6578,35,1,60.4305,1,,55.0,122906,Modified,density_radius,4.0
blocked_road,Modified,5,0,1,239.84,148.426,1.6159,0.32633,0.0541,0.2112,9.2207,1.681,2.966,50.6458,30,1,58.9779,1,,75.0,18927,Modified,density_radius,4.0
blocked_road,Modified,6,0,1,182.309,149.598,1.2187,0.37074,0.0384,0.0927,5.2773,1.515,3.528,16.9038,13,1,36.7383,1,,,21084,Modified,density_radius,4.0
blocked_road,Modified,7,0,1,197.025,149.012,1.3222,0.4396,0.0524,0.2331,1.2698,1.742,2.713,45.9197,30,1,46.2676,1,,54.0,28116,Modified,density_radius,4.0
blocked_road,Modified,8,0,1,154.908,148.426,1.0437,1.00115,0.0256,0.0711,1.3674,1.662,2.808,11.0081,6,1,29.5044,1,,,63387,Modified,density_radius,4.0
blocked_road,Modified,9,0,1,159.845,147.841,1.0812,0.76724,0.0608,0.0466,1.7389,2.147,3.733,7.4465,6,1,28.8528,1,,,47972,Modified,density_radius,4.0
blocked_road,Modified,10,0,1,209.756,149.012,1.4076,0.51195,0.0683,0.3265,7.4241,1.794,2.705,68.4795,38,1,57.8441,1,,86.0,31088,Modified,density_radius,4.0
blocked_road,Modified,11,0,1,199.629,147.841,1.3503,0.50511,0.0427,0.1942,3.2251,1.759,2.999,38.7745,24,1,50.0792,1,,77.0,28900,Modified,density_radius,4.0
blocked_road,Modified,12,0,1,160.629,147.841,1.0865,0.45741,0.0598,0.062,1.5907,1.88,3.351,9.9537,8,1,31.4999,1,,,26503,Modified,density_radius,4.0
blocked_road,Modified,13,0,1,200.447,149.012,1.3452,1.08892,0.0569,0.2686,5.5761,1.794,2.789,53.8406,33,1,52.7003,1,,77.0,69783,Modified,density_radius,4.0
blocked_road,Modified,14,0,1,156.138,147.841,1.0561,1.22409,0.0357,0.0983,1.5301,1.596,3.038,15.3455,10,1,31.5372,1,,,80622,Modified,density_radius,4.0
blocked_road,Modified,15,0,1,155.184,147.841,1.0497,0.10282,0.0437,0.3421,2.8726,1.742,3.633,53.0939,26,1,38.8618,0,,,1517,Modified,density_radius,4.0
blocked_road,Modified,16,0,1,214.327,149.598,1.4327,0.42251,0.0613,0.2687,5.4746,1.82,2.878,57.5862,30,1,51.3924,1,,65.0,25689,Modified,density_radius,4.0
blocked_road,Modified,17,0,1,165.895,149.598,1.1089,1.13263,0.042,0.1089,1.3101,1.6,3.213,18.058,16,1,36.3217,1,,,73150,Modified,density_radius,4.0
blocked_road,Modified,18,0,1,155.832,148.426,1.0499,0.11906,0.0419,0.3808,1.7482,1.742,2.841,59.3472,32,1,48.1117,0,,,1806,Modified,density_radius,4.0
blocked_road,Modified,19,0,1,200.563,147.841,1.3566,0.27764,0.046,0.1807,3.4516,1.614,2.861,36.2413,22,1,48.236,1,,63.0,14824,Modified,density_radius,4.0
dense_city,Modified,0,0,1,159.684,145.497,1.0975,2.68283,0.0535,0.1422,3.1865,1.656,2.593,22.7085,16,1,41.3839,1,,,148774,Modified,density_radius,4.0
dense_city,Modified,1,0,1,156.048,148.426,1.0513,0.77594,0.0491,0.0742,1.5728,1.517,3.689,11.5745,10,1,32.1027,1,,,45086,Modified,density_radius,4.0
dense_city,Modified,2,0,1,190.878,150.184,1.271,7.86582,0.0487,0.048,4.2315,1.517,2.674,9.1711,4,1,31.8366,1,,,407724,Modified,density_radius,4.0
dense_city,Modified,3,0,1,192.455,147.255,1.3069,0.80188,0.0595,0.1574,4.2784,1.573,2.482,30.2971,19,1,42.496,1,,,45522,Modified,density_radius,4.0
dense_city,Modified,4,0,1,160.936,146.669,1.0973,0.47347,0.0436,0.046,1.219,1.517,2.703,7.3967,6,1,28.6852,1,,,27556,Modified,density_radius,4.0
dense_city,Modified,5,0,1,156.514,145.497,1.0757,1.06809,0.0609,0.0684,1.2221,1.517,2.664,10.7078,7,1,31.4972,1,,,55994,Modified,density_radius,4.0
dense_city,Modified,6,0,1,148.293,147.255,1.0071,2.58132,0.0694,0.0809,1.4284,1.517,2.589,11.9963,10,1,32.1251,1,,,138167,Modified,density_radius,4.0
dense_city,Modified,7,0,1,150.888,150.184,1.0047,13.3911,0.1937,0.0847,1.46,1.531,2.774,12.7801,12,1,32.2198,1,,,745554,Modified,density_radius,4.0
dense_city,Modified,8,0,1,157.943,151.841,1.0402,2.37625,0.0415,0.0487,1.3652,1.517,2.766,7.6903,6,1,27.9349,1,,,130501,Modified,density_radius,4.0
dense_city,Modified,9,0,1,178.358,148.426,1.2017,0.76787,0.0517,0.0939,3.1904,1.73,2.521,16.7414,10,1,37.9174,1,,,43911,Modified,density_radius,4.0
dense_city,Modified,10,0,1,161.581,145.497,1.1105,0.68264,0.105,0.0857,3.24,1.839,2.961,13.8495,11,1,32.9046,1,,,38723,Modified,density_radius,4.0
dense_city,Modified,11,0,1,148.929,147.255,1.0114,1.54105,0.0783,0.0909,1.5386,1.517,2.635,13.537,12,1,33.5142,1,,,85732,Modified,density_radius,4.0
dense_city,Modified,12,0,1,176.787,151.841,1.1643,1.08748,0.0559,0.0865,3.3675,1.62,2.596,15.2852,11,1,35.8739,1,,,58432,Modified,density_radius,4.0
dense_city,Modified,13,0,1,173.893,145.497,1.1952,1.98804,0.0923,0.0917,3.4903,1.517,2.674,15.9499,13,1,38.462,1,,,107349,Modified,density_radius,4.0
dense_city,Modified,14,0,1,159.43,145.497,1.0958,1.65591,0.0567,0.0615,1.3812,1.517,2.643,9.8025,7,1,30.6883,1,,,92611,Modified,density_radius,4.0
dense_city,Modified,15,0,1,151.185,145.497,1.0391,1.99376,0.0646,0.0752,1.4096,1.517,2.621,11.3625,10,1,32.3413,1,,,107841,Modified,density_radius,4.0
dense_city,Modified,16,0,1,159.499,148.426,1.0746,4.05651,0.073,0.1136,2.9432,1.62,2.523,18.1188,12,1,38.3415,1,,,234355,Modified,density_radius,4.0
dense_city,Modified,17,0,1,183.777,144.912,1.2682,1.05753,0.0714,0.0732,4.3461,1.517,3.021,13.4601,10,1,36.6584,1,,,62159,Modified,density_radius,4.0
dense_city,Modified,18,0,1,153.031,150.184,1.019,4.20063,0.0559,0.0619,1.4499,1.517,2.526,9.4754,8,1,30.3878,1,,,239427,Modified,density_radius,4.0
dense_city,Modified,19,0,1,166.924,150.184,1.1115,1.44369,0.0606,0.2485,4.8091,1.62,2.586,41.4807,30,1,43.3114,1,,,77262,Modified,density_radius,4.0
normal_city,Modified,0,0,1,148.955,139.64,1.0667,0.14951,0.051,0.4412,2.0041,1.82,3.099,65.7178,35,1,44.543,0,0.0,,1704,Modified,density_radius,9.0
normal_city,Modified,1,0,1,146.469,143.154,1.0232,0.21973,0.0357,0.2442,1.4061,1.768,3.636,35.774,20,1,34.9619,0,0.0,,1396,Modified,density_radius,9.0
normal_city,Modified,2,0,1,168.274,143.154,1.1755,1.24175,0.0533,0.3097,6.1949,1.742,2.863,52.1216,28,1,45.757,1,1.0,,84270,Modified,density_radius,9.0
normal_city,Modified,3,0,1,154.184,140.811,1.095,0.16879,0.059,0.5123,2.8029,1.996,2.895,78.9859,43,1,49.8297,0,0.0,,1748,Modified,density_radius,9.0
normal_city,Modified,4,0,1,176.907,141.983,1.246,0.23858,0.0567,0.3567,5.5594,1.742,3.068,63.1054,30,1,49.6125,1,1.0,,10765,Modified,density_radius,9.0
normal_city,Modified,5,0,1,155.715,141.397,1.1013,0.1327,0.0783,0.6063,3.1949,1.779,3.401,94.4109,47,1,46.2416,0,0.0,,1503,Modified,density_radius,9.0
normal_city,Modified,6,0,1,156.32,143.154,1.092,0.14779,0.0651,0.5394,2.9272,1.759,3.009,84.3124,45,1,47.1874,0,0.0,,1657,Modified,density_radius,9.0
normal_city,Modified,7,0,1,157.402,141.983,1.1086,0.13885,0.0768,0.6143,2.7492,1.742,2.929,96.6929,55,1,51.1025,0,0.0,,1581,Modified,density_radius,9.0
normal_city,Modified,8,0,1,157.115,141.397,1.1112,0.93181,0.082,0.5529,7.3774,1.768,2.81,86.8638,47,1,47.0059,1,1.0,,60807,Modified,density_radius,9.0
normal_city,Modified,9,0,1,155.978,140.811,1.1077,0.14616,0.0676,0.5856,2.4808,1.742,2.914,91.3427,52,1,49.767,0,0.0,,1730,Modified,density_radius,9.0
normal_city,Modified,10,0,1,152.87,141.983,1.0767,0.1663,0.0515,0.4405,2.379,1.794,2.902,67.3446,35,1,48.8988,0,0.0,,1736,Modified,density_radius,9.0
normal_city,Modified,11,0,1,156.729,140.811,1.113,0.12819,0.0803,0.6184,3.1218,1.759,3.426,96.9237,49,1,45.4362,0,0.0,,1502,Modified,density_radius,9.0
normal_city,Modified,12,0,1,167.794,140.811,1.1916,0.92334,0.0821,0.083,3.5292,1.88,3.47,13.9226,13,1,35.7866,1,1.0,,65104,Modified,density_radius,9.0
normal_city,Modified,13,0,1,228.743,141.983,1.6111,0.35186,0.0555,0.2118,7.4235,1.569,2.78,48.4487,27,1,54.5033,1,1.0,,20097,Modified,density_radius,9.0
normal_city,Modified,14,0,1,164.191,140.811,1.166,0.13881,0.1009,0.7899,3.806,1.779,2.926,129.7015,62,1,54.2753,0,0.0,,1599,Modified,density_radius,9.0
normal_city,Modified,15,0,1,146.546,140.811,1.0407,0.37877,0.0318,0.114,1.7762,1.742,3.046,16.7071,10,1,30.8829,1,1.0,,24130,Modified,density_radius,9.0
normal_city,Modified,16,0,1,153.596,140.811,1.0908,0.15465,0.0596,0.557,2.076,1.82,2.915,85.5537,48,1,53.2022,0,0.0,,1858,Modified,density_radius,9.0
normal_city,Modified,17,0,1,154.12,142.569,1.081,0.15877,0.0589,0.5102,2.5228,1.768,2.968,78.6267,41,1,45.3305,0,0.0,,1718,Modified,density_radius,9.0
normal_city,Modified,18,0,1,156.591,141.397,1.1075,0.16223,0.0671,0.5505,2.7705,1.742,2.945,86.2017,42,1,48.1405,0,0.0,,1672,Modified,density_radius,9.0
normal_city,Modified,19,0,1,157.004,140.811,1.115,0.17035,0.0732,0.5884,3.2271,1.82,2.955,92.3854,51,1,51.2696,0,0.0,,1691,Modified,density_radius,9.0
blocked_road,Modified,0,0,1,202.311,150.77,1.3419,0.39427,0.0609,0.2733,8.4542,1.82,3.334,55.2884,31,1,49.2611,1,,73.0,23601,Modified,density_radius,9.0
blocked_road,Modified,1,0,1,152.079,147.255,1.0328,0.30116,0.0268,0.104,0.7364,1.751,3.86,15.8115,9,1,28.8553,1,,,21288,Modified,density_radius,9.0
blocked_road,Modified,2,0,1,207.74,149.012,1.3941,0.77044,0.0374,0.0899,3.2182,1.742,3.985,18.6809,14,1,40.6392,1,,,50788,Modified,density_radius,9.0
blocked_road,Modified,3,0,1,165.119,147.841,1.1169,0.36293,0.0362,0.0965,5.736,1.788,2.858,15.9341,8,1,33.0679,1,,,20696,Modified,density_radius,9.0
blocked_road,Modified,4,0,1,226.441,148.255,1.5274,0.76357,0.0572,0.2382,2.9894,1.742,2.75,53.9271,34,1,60.9606,1,,53.0,45462,Modified,density_radius,9.0
blocked_road,Modified,5,0,1,202.686,148.426,1.3656,0.60779,0.0478,0.2184,4.3816,1.577,2.975,44.2707,29,1,51.0152,1,,74.0,36842,Modified,density_radius,9.0
blocked_road,Modified,6,0,1,182.309,149.598,1.2187,0.35074,0.0384,0.0927,5.2773,1.515,3.528,16.9038,13,1,36.7383,1,,,21086,Modified,density_radius,9.0
blocked_road,Modified,7,0,1,172.257,149.012,1.156,2.75207,0.0663,0.219,4.4725,1.742,2.68,37.7185,29,1,41.502,1,,12.0,178843,Modified,density_radius,9.0
blocked_road,Modified,8,0,1,154.908,148.426,1.0437,0.95145,0.0256,0.0711,1.3674,1.662,2.808,11.0081,6,1,29.5044,1,,,63390,Modified,density_radius,9.0
blocked_road,Modified,9,0,1,159.845,147.841,1.0812,0.70081,0.0608,0.0466,1.7389,2.147,3.733,7.4465,6,1,28.8528,1,,,47966,Modified,density_radius,9.0
blocked_road,Modified,10,0,1,208.109,149.012,1.3966,0.58494,0.0586,0.2734,6.9529,1.794,2.701,56.8921,34,1,55.5433,1,,85.0,36479,Modified,density_radius,9.0
blocked_road,Modified,11,0,1,199.848,147.841,1.3518,0.45133,0.0439,0.2003,4.5301,1.759,2.979,40.0266,24,1,50.8582,1,,78.0,27016,Modified,density_radius,9.0
blocked_road,Modified,12,0,1,160.629,147.841,1.0865,0.37545,0.0598,0.062,1.5907,1.88,3.351,9.9537,8,1,31.4999,1,,,26506,Modified,density_radius,9.0
blocked_road,Modified,13,0,1,200.447,149.012,1.3452,1.11713,0.0569,0.2686,5.5761,1.794,2.789,53.8406,33,1,52.7003,1,,77.0,69783,Modified,density_radius,9.0
blocked_road,Modified,14,0,1,156.138,147.841,1.0561,1.21711,0.0357,0.0983,1.5301,1.596,3.038,15.3455,10,1,31.5372,1,,,80624,Modified,density_radius,9.0
blocked_road,Modified,15,0,1,155.184,147.841,1.0497,0.12599,0.0437,0.3421,2.8726,1.742,3.633,53.0939,26,1,38.8618,0,,,1517,Modified,density_radius,9.0
blocked_road,Modified,16,0,1,211.446,149.598,1.4134,1.42806,0.0543,0.2532,5.7284,1.82,2.883,53.5421,29,1,48.175,1,,64.0,94238,Modified,density_radius,9.0
blocked_road,Modified,17,0,1,165.895,149.598,1.1089,1.12703,0.042,0.1089,1.3101,1.6,3.213,18.058,16,1,36.3217,1,,,73153,Modified,density_radius,9.0
blocked_road,Modified,18,0,1,155.832,148.426,1.0499,0.14342,0.0419,0.3808,1.7482,1.742,2.841,59.3472,32,1,48.1117,0,,,1806,Modified,density_radius,9.0
blocked_road,Modified,19,0,1,200.563,147.841,1.3566,0.33381,0.046,0.1807,3.4516,1.614,2.861,36.2413,22,1,48.236,1,,63.0,14824,Modified,density_radius,9.0
dense_city,Modified,0,0,1,159.684,145.497,1.0975,2.6759,0.0535,0.1422,3.1865,1.656,2.593,22.7085,16,1,41.3839,1,,,148774,Modified,density_radius,9.0
dense_city,Modified,1,0,1,156.048,148.426,1.0513,0.76503,0.0491,0.0742,1.5728,1.517,3.689,11.5745,10,1,32.1027,1,,,45074,Modified,density_radius,9.0
dense_city,Modified,2,0,1,190.878,150.184,1.271,7.74912,0.0487,0.048,4.2315,1.517,2.674,9.1711,4,1,31.8366,1,,,407718,Modified,density_radius,9.0
dense_city,Modified,3,0,1,192.455,147.255,1.3069,0.78517,0.0595,0.1574,4.2784,1.573,2.482,30.2971,19,1,42.496,1,,,45524,Modified,density_radius,9.0
dense_city,Modified,4,0,1,160.936,146.669,1.0973,0.47632,0.0436,0.046,1.219,1.517,2.703,7.3967,6,1,28.6852,1,,,27550,Modified,density_radius,9.0
dense_city,Modified,5,0,1,156.514,145.497,1.0757,1.05542,0.0609,0.0684,1.2221,1.517,2.664,10.7078,7,1,31.4972,1,,,55982,Modified,density_radius,9.0
dense_city,Modified,6,0,1,148.293,147.255,1.0071,2.58737,0.0694,0.0809,1.4284,1.517,2.589,11.9963,10,1,32.1251,1,,,138158,Modified,density_radius,9.0
dense_city,Modified,7,0,1,150.888,150.184,1.0047,13.19914,0.1937,0.0847,1.46,1.531,2.774,12.7801,12,1,32.2198,1,,,745544,Modified,density_radius,9.0
dense_city,Modified,8,0,1,157.943,151.841,1.0402,2.36917,0.0415,0.0487,1.3652,1.517,2.766,7.6903,6,1,27.9349,1,,,130489,Modified,density_radius,9.0
dense_city,Modified,9,0,1,178.358,148.426,1.2017,0.77097,0.0517,0.0939,3.1904,1.73,2.521,16.7414,10,1,37.9174,1,,,43905,Modified,density_radius,9.0
dense_city,Modified,10,0,1,161.581,145.497,1.1105,0.68604,0.105,0.0857,3.24,1.839,2.961,13.8495,11,1,32.9046,1,,,38720,Modified,density_radius,9.0
dense_city,Modified,11,0,1,148.929,147.255,1.0114,1.485,0.0783,0.0909,1.5386,1.517,2.635,13.537,12,1,33.5142,1,,,85723,Modified,density_radius,9.0
dense_city,Modified,12,0,1,176.787,151.841,1.1643,1.11084,0.0559,0.0865,3.3675,1.62,2.596,15.2852,11,1,35.8739,1,,,58429,Modified,density_radius,9.0
dense_city,Modified,13,0,1,173.893,145.497,1.1952,1.93589,0.0923,0.0917,3.4903,1.517,2.674,15.9499,13,1,38.462,1,,,107345,Modified,density_radius,9.0
dense_city,Modified,14,0,1,159.43,145.497,1.0958,1.62608,0.0567,0.0615,1.3812,1.517,2.643,9.8025,7,1,30.6883,1,,,92599,Modified,density_radius,9.0
dense_city,Modified,15,0,1,151.185,145.497,1.0391,1.94813,0.0646,0.0752,1.4096,1.517,2.621,11.3625,10,1,32.3413,1,,,107835,Modified,density_radius,9.0
dense_city,Modified,16,0,1,159.499,148.426,1.0746,4.06011,0.073,0.1136,2.9432,1.62,2.523,18.1188,12,1,38.3415,1,,,234358,Modified,density_radius,9.0
dense_city,Modified,17,0,1,183.777,144.912,1.2682,1.04038,0.0714,0.0732,4.3461,1.517,3.021,13.4601,10,1,36.6584,1,,,62147,Modified,density_radius,9.0
dense_city,Modified,18,0,1,153.031,150.184,1.019,4.24361,0.0559,0.0619,1.4499,1.517,2.526,9.4754,8,1,30.3878,1,,,239421,Modified,density_radius,9.0
dense_city,Modified,19,0,1,166.924,150.184,1.1115,1.43835,0.0606,0.2485,4.8091,1.62,2.586,41.4807,30,1,43.3114,1,,,77262,Modified,density_radius,9.0
normal_city,Modified,0,0,1,148.955,139.64,1.0667,0.16802,0.051,0.4412,2.0041,1.82,3.099,65.7178,35,1,44.543,0,0.0,,1704,Modified,smooth_offset,4.0
normal_city,Modified,1,0,1,146.469,143.154,1.0232,0.23209,0.0357,0.2442,1.4061,1.768,3.636,35.774,20,1,34.9619,0,0.0,,1396,Modified,smooth_offset,4.0
normal_city,Modified,2,0,1,161.633,143.154,1.1291,0.281,0.0634,0.4353,4.4743,1.742,2.972,70.355,34,1,46.1426,2,1.0,,12619,Modified,smooth_offset,4.0
normal_city,Modified,3,0,1,154.184,140.811,1.095,0.22091,0.059,0.5123,2.8029,1.996,2.895,78.9859,43,1,49.8297,0,0.0,,1748,Modified,smooth_offset,4.0
normal_city,Modified,4,0,1,192.009,141.983,1.3523,0.3486,0.0515,0.2968,5.954,1.742,3.177,56.984,26,1,49.6833,1,1.0,,10040,Modified,smooth_offset,4.0
normal_city,Modified,5,0,1,155.715,141.397,1.1013,0.20216,0.0783,0.6063,3.1949,1.779,3.401,94.4109,47,1,46.2416,0,0.0,,1503,Modified,smooth_offset,4.0
normal_city,Modified,6,0,1,156.32,143.154,1.092,0.15261,0.0651,0.5394,2.9272,1.759,3.009,84.3124,45,1,47.1874,0,0.0,,1657,Modified,smooth_offset,4.0
normal_city,Modified,7,0,1,157.402,141.983,1.1086,0.14874,0.0768,0.6143,2.7492,1.742,2.929,96.6929,55,1,51.1025,0,0.0,,1581,Modified,smooth_offset,4.0
normal_city,Modified,8,0,1,155.398,141.397,1.099,1.35122,0.0769,0.5209,2.1801,1.768,2.812,80.9442,45,1,46.1313,1,1.0,,59887,Modified,smooth_offset,4.0
normal_city,Modified,9,0,1,155.978,140.811,1.1077,0.2078,0.0676,0.5856,2.4808,1.742,2.914,91.3427,52,1,49.767,0,0.0,,1730,Modified,smooth_offset,4.0
normal_city,Modified,10,0,1,152.87,141.983,1.0767,0.24632,0.0515,0.4405,2.379,1.794,2.902,67.3446,35,1,48.8988,0,0.0,,1736,Modified,smooth_offset,4.0
normal_city,Modified,11,0,1,156.729,140.811,1.113,0.13416,0.0803,0.6184,3.1218,1.759,3.426,96.9237,49,1,45.4362,0,0.0,,1502,Modified,smooth_offset,4.0
normal_city,Modified,12,0,1,167.794,140.811,1.1916,1.52768,0.0821,0.083,3.5292,1.88,3.47,13.9226,13,1,35.7866,1,1.0,,65104,Modified,smooth_offset,4.0
normal_city,Modified,13,0,1,228.743,141.983,1.6111,0.46801,0.0555,0.2118,7.4235,1.569,2.78,48.4487,27,1,54.5033,1,1.0,,20097,Modified,smooth_offset,4.0
normal_city,Modified,14,0,1,164.191,140.811,1.166,0.26535,0.1009,0.7899,3.806,1.779,2.926,129.7015,62,1,54.2753,0,0.0,,1599,Modified,smooth_offset,4.0
normal_city,Modified,15,0,1,146.546,140.811,1.0407,0.58039,0.0318,0.114,1.7762,1.742,3.046,16.7071,10,1,30.8829,1,1.0,,24134,Modified,smooth_offset,4.0
normal_city,Modified,16,0,1,153.596,140.811,1.0908,0.19422,0.0596,0.557,2.076,1.82,2.915,85.5537,48,1,53.2022,0,0.0,,1858,Modified,smooth_offset,4.0
normal_city,Modified,17,0,1,154.12,142.569,1.081,0.18506,0.0589,0.5102,2.5228,1.768,2.968,78.6267,41,1,45.3305,0,0.0,,1718,Modified,smooth_offset,4.0
normal_city,Modified,18,0,1,156.591,141.397,1.1075,0.18284,0.0671,0.5505,2.7705,1.742,2.945,86.2017,42,1,48.1405,0,0.0,,1672,Modified,smooth_offset,4.0
normal_city,Modified,19,0,1,157.004,140.811,1.115,0.17077,0.0732,0.5884,3.2271,1.82,2.955,92.3854,51,1,51.2696,0,0.0,,1691,Modified,smooth_offset,4.0
blocked_road,Modified,0,0,1,202.311,150.77,1.3419,0.46546,0.0609,0.2733,8.4542,1.82,3.334,55.2884,31,1,49.2611,1,,73.0,23601,Modified,smooth_offset,4.0
blocked_road,Modified,1,0,1,153.813,147.255,1.0445,0.15529,0.0416,0.3239,1.7996,1.768,3.749,49.8217,27,1,41.0821,0,,,1499,Modified,smooth_offset,4.0
blocked_road,Modified,2,0,1,207.74,149.012,1.3941,0.95079,0.0374,0.0899,3.2182,1.742,3.985,18.6809,14,1,40.6392,1,,,50785,Modified,smooth_offset,4.0
blocked_road,Modified,3,0,1,165.119,147.841,1.1169,0.41097,0.0362,0.0965,5.736,1.788,2.858,15.9341,8,1,33.0679,1,,,20696,Modified,smooth_offset,4.0
blocked_road,Modified,4,0,1,226.441,148.255,1.5274,0.97142,0.0572,0.2382,2.9894,1.742,2.75,53.9271,34,1,60.9606,1,,53.0,45462,Modified,smooth_offset,4.0
blocked_road,Modified,5,0,1,202.686,148.426,1.3656,0.77805,0.0478,0.2184,4.3816,1.577,2.975,44.2707,29,1,51.0152,1,,74.0,36842,Modified,smooth_offset,4.0
blocked_road,Modified,6,0,1,182.309,149.598,1.2187,0.48507,0.0384,0.0927,5.2773,1.515,3.528,16.9038,13,1,36.7383,1,,,21088,Modified,smooth_offset,4.0
blocked_road,Modified,7,0,1,170.698,149.012,1.1455,2.9881,0.0496,0.1808,3.2899,1.702,2.628,30.8672,23,1,39.2009,1,,14.0,153076,Modified,smooth_offset,4.0
blocked_road,Modified,8,0,1,154.908,148.426,1.0437,1.21176,0.0256,0.0711,1.3674,1.662,2.808,11.0081,6,1,29.5044,1,,,63390,Modified,smooth_offset,4.0
blocked_road,Modified,9,0,1,159.845,147.841,1.0812,0.89276,0.0608,0.0466,1.7389,2.147,3.733,7.4465,6,1,28.8528,1,,,47972,Modified,smooth_offset,4.0
blocked_road,Modified,10,0,1,208.358,149.012,1.3983,0.63206,0.0627,0.2998,5.6201,1.794,2.708,62.4643,36,1,56.9985,1,,84.0,31015,Modified,smooth_offset,4.0
blocked_road,Modified,11,0,1,199.848,147.841,1.3518,0.53613,0.0439,0.2003,4.5301,1.759,2.979,40.0266,24,1,50.8582,1,,78.0,27016,Modified,smooth_offset,4.0
blocked_road,Modified,12,0,1,160.629,147.841,1.0865,0.4339,0.0598,0.062,1.5907,1.88,3.351,9.9537,8,1,31.4999,1,,,26506,Modified,smooth_offset,4.0
blocked_road,Modified,13,0,1,200.739,149.012,1.3471,0.50774,0.056,0.2631,3.1898,1.794,2.786,52.8133,31,1,51.5045,1,,76.0,23587,Modified,smooth_offset,4.0
blocked_road,Modified,14,0,1,156.138,147.841,1.0561,1.50312,0.0357,0.0983,1.5301,1.596,3.038,15.3455,10,1,31.5372,1,,,80624,Modified,smooth_offset,4.0
blocked_road,Modified,15,0,1,155.184,147.841,1.0497,0.13995,0.0437,0.3421,2.8726,1.742,3.633,53.0939,26,1,38.8618,0,,,1517,Modified,smooth_offset,4.0
blocked_road,Modified,16,0,1,211.446,149.598,1.4134,1.75021,0.0543,0.2532,5.7284,1.82,2.883,53.5421,29,1,48.175,1,,64.0,94238,Modified,smooth_offset,4.0
blocked_road,Modified,17,0,1,165.895,149.598,1.1089,1.30834,0.042,0.1089,1.3101,1.6,3.213,18.058,16,1,36.3217,1,,,73156,Modified,smooth_offset,4.0
blocked_road,Modified,18,0,1,155.832,148.426,1.0499,0.19854,0.0419,0.3808,1.7482,1.742,2.841,59.3472,32,1,48.1117,0,,,1806,Modified,smooth_offset,4.0
blocked_road,Modified,19,0,1,200.563,147.841,1.3566,0.3426,0.046,0.1807,3.4516,1.614,2.861,36.2413,22,1,48.236,1,,63.0,14824,Modified,smooth_offset,4.0
dense_city,Modified,0,0,1,159.684,145.497,1.0975,3.51821,0.0535,0.1422,3.1865,1.656,2.593,22.7085,16,1,41.3839,1,,,148771,Modified,smooth_offset,4.0
dense_city,Modified,1,0,1,156.048,148.426,1.0513,0.9238,0.0491,0.0742,1.5728,1.517,3.689,11.5745,10,1,32.1027,1,,,45080,Modified,smooth_offset,4.0
dense_city,Modified,2,0,1,190.878,150.184,1.271,8.98098,0.0487,0.048,4.2315,1.517,2.674,9.1711,4,1,31.8366,1,,,407724,Modified,smooth_offset,4.0
dense_city,Modified,3,0,1,192.455,147.255,1.3069,0.92377,0.0595,0.1574,4.2784,1.573,2.482,30.2971,19,1,42.496,1,,,45524,Modified,smooth_offset,4.0
dense_city,Modified,4,0,1,160.936,146.669,1.0973,0.57032,0.0436,0.046,1.219,1.517,2.703,7.3967,6,1,28.6852,1,,,27556,Modified,smooth_offset,4.0
dense_city,Modified,5,0,1,156.514,145.497,1.0757,1.2619,0.0609,0.0684,1.2221,1.517,2.664,10.7078,7,1,31.4972,1,,,55991,Modified,smooth_offset,4.0
dense_city,Modified,6,0,1,148.293,147.255,1.0071,3.24637,0.0694,0.0809,1.4284,1.517,2.589,11.9963,10,1,32.1251,1,,,138164,Modified,smooth_offset,4.0
dense_city,Modified,7,0,1,150.888,150.184,1.0047,13.39566,0.1937,0.0847,1.46,1.531,2.774,12.7801,12,1,32.2198,1,,,745548,Modified,smooth_offset,4.0
dense_city,Modified,8,0,1,157.943,151.841,1.0402,2.65685,0.0415,0.0487,1.3652,1.517,2.766,7.6903,6,1,27.9349,1,,,130498,Modified,smooth_offset,4.0
dense_city,Modified,9,0,1,178.358,148.426,1.2017,0.77552,0.0517,0.0939,3.1904,1.73,2.521,16.7414,10,1,37.9174,1,,,43905,Modified,smooth_offset,4.0
dense_city,Modified,10,0,1,161.581,145.497,1.1105,0.70232,0.105,0.0857,3.24,1.839,2.961,13.8495,11,1,32.9046,1,,,38723,Modified,smooth_offset,4.0
dense_city,Modified,11,0,1,148.929,147.255,1.0114,1.51641,0.0783,0.0909,1.5386,1.517,2.635,13.537,12,1,33.5142,1,,,85729,Modified,smooth_offset,4.0
dense_city,Modified,12,0,1,176.787,151.841,1.1643,1.12264,0.0559,0.0865,3.3675,1.62,2.596,15.2852,11,1,35.8739,1,,,58429,Modified,smooth_offset,4.0
dense_city,Modified,13,0,1,173.893,145.497,1.1952,2.15095,0.0923,0.0917,3.4903,1.517,2.674,15.9499,13,1,38.462,1,,,107347,Modified,smooth_offset,4.0
dense_city,Modified,14,0,1,159.43,145.497,1.0958,1.65589,0.0567,0.0615,1.3812,1.517,2.643,9.8025,7,1,30.6883,1,,,92608,Modified,smooth_offset,4.0
dense_city,Modified,15,0,1,151.185,145.497,1.0391,2.0848,0.0646,0.0752,1.4096,1.517,2.621,11.3625,10,1,32.3413,1,,,107841,Modified,smooth_offset,4.0
dense_city,Modified,16,0,1,159.499,148.426,1.0746,4.15089,0.073,0.1136,2.9432,1.62,2.523,18.1188,12,1,38.3415,1,,,234355,Modified,smooth_offset,4.0
dense_city,Modified,17,0,1,183.777,144.912,1.2682,1.06737,0.0714,0.0732,4.3461,1.517,3.021,13.4601,10,1,36.6584,1,,,62156,Modified,smooth_offset,4.0
dense_city,Modified,18,0,1,153.031,150.184,1.019,4.21933,0.0559,0.0619,1.4499,1.517,2.526,9.4754,8,1,30.3878,1,,,239427,Modified,smooth_offset,4.0
dense_city,Modified,19,0,1,166.924,150.184,1.1115,1.47979,0.0606,0.2485,4.8091,1.62,2.586,41.4807,30,1,43.3114,1,,,77262,Modified,smooth_offset,4.0
normal_city,Modified,0,0,1,151.158,139.64,1.0825,0.11407,0.0612,0.6007,1.9239,1.82,3.015,90.8008,52,1,45.9599,0,0.0,,1841,Modified,smooth_offset,3.0
normal_city,Modified,1,0,1,146.866,143.154,1.0259,0.19919,0.0406,0.3066,1.4615,1.768,3.519,45.0306,25,1,36.5629,0,0.0,,1464,Modified,smooth_offset,3.0
normal_city,Modified,2,0,1,163.542,143.154,1.1424,0.24363,0.0734,0.5558,5.4638,1.742,2.958,90.9033,47,1,51.3325,2,1.0,,12689,Modified,smooth_offset,3.0
normal_city,Modified,3,0,1,154.963,140.811,1.1005,0.14308,0.0604,0.5861,2.6164,1.996,2.878,90.8297,51,1,49.7442,0,0.0,,1885,Modified,smooth_offset,3.0
normal_city,Modified,4,0,1,192.25,141.983,1.354,0.25172,0.0519,0.359,4.3668,1.742,3.081,69.027,33,1,49.8132,1,1.0,,10249,Modified,smooth_offset,3.0
normal_city,Modified,5,0,1,156.966,141.397,1.1101,0.10818,0.0801,0.6684,3.0577,1.78,3.317,104.9241,52,1,46.2813,0,0.0,,1572,Modified,smooth_offset,3.0
normal_city,Modified,6,0,1,158.402,143.154,1.1065,0.14372,0.0727,0.7125,2.8316,1.759,2.94,112.8565,57,1,49.2265,0,0.0,,1867,Modified,smooth_offset,3.0
normal_city,Modified,7,0,1,154.987,141.983,1.0916,0.12315,0.0607,0.5893,2.5174,1.742,2.912,91.3415,51,1,47.4572,0,0.0,,1861,Modified,smooth_offset,3.0
normal_city,Modified,8,0,1,157.655,141.397,1.115,0.8774,0.0882,0.6224,3.1825,1.768,2.773,98.125,53,1,49.7439,1,1.0,,59888,Modified,smooth_offset,3.0
normal_city,Modified,9,0,1,157.588,140.811,1.1191,0.11799,0.0714,0.6929,2.3468,1.742,2.883,109.1899,58,1,50.7737,0,0.0,,1870,Modified,smooth_offset,3.0
normal_city,Modified,10,0,1,154.065,141.983,1.0851,0.13672,0.0551,0.5554,2.3049,1.794,2.876,85.5705,43,1,48.317,0,0.0,,1944,Modified,smooth_offset,3.0
normal_city,Modified,11,0,1,157.787,140.811,1.1206,0.10425,0.0805,0.7022,2.8347,1.759,3.311,110.8025,55,1,45.1758,0,0.0,,1642,Modified,smooth_offset,3.0
normal_city,Modified,12,0,1,167.818,140.811,1.1918,0.94886,0.0791,0.083,3.612,1.88,3.401,13.9226,13,1,35.7904,1,1.0,,65112,Modified,smooth_offset,3.0
normal_city,Modified,13,0,1,229.565,141.983,1.6169,0.34332,0.0576,0.2436,9.8121,1.569,2.724,55.9292,29,1,53.6887,1,1.0,,20173,Modified,smooth_offset,3.0
normal_city,Modified,14,0,1,160.347,140.811,1.1387,0.11293,0.0812,0.7539,2.9638,1.78,2.886,120.8827,56,1,51.5511,0,0.0,,1808,Modified,smooth_offset,3.0
normal_city,Modified,15,0,1,146.723,140.811,1.042,0.36296,0.0343,0.1424,1.5726,1.742,2.975,20.8982,12,1,31.5596,1,1.0,,24212,Modified,smooth_offset,3.0
normal_city,Modified,16,0,1,156.046,140.811,1.1082,0.11749,0.0682,0.6905,2.028,1.82,2.88,107.747,66,1,51.3892,0,0.0,,1928,Modified,smooth_offset,3.0
normal_city,Modified,17,0,1,155.631,142.569,1.0916,0.10906,0.0644,0.6302,2.6488,1.768,2.937,98.0752,56,1,47.8065,0,0.0,,1858,Modified,smooth_offset,3.0
normal_city,Modified,18,0,1,158.915,141.397,1.1239,0.12361,0.0755,0.6745,2.7533,1.742,2.938,107.1906,54,1,50.3475,0,0.0,,1740,Modified,smooth_offset,3.0
normal_city,Modified,19,0,1,158.961,140.811,1.1289,0.13782,0.0734,0.6948,3.1701,1.82,2.907,110.4516,58,1,54.4081,0,0.0,,1891,Modified,smooth_offset,3.0
blocked_road,Modified,0,0,1,202.96,150.77,1.3462,0.37051,0.0629,0.3144,8.9934,1.82,3.261,63.8198,36,1,49.3208,1,,73.0,23658,Modified,smooth_offset,3.0
blocked_road,Modified,1,0,1,154.429,147.255,1.0487,0.09899,0.0449,0.3805,1.5458,1.768,3.628,58.7614,35,1,42.1071,0,,,1568,Modified,smooth_offset,3.0
blocked_road,Modified,2,0,1,207.606,149.012,1.3932,0.76145,0.0325,0.0896,2.935,1.742,3.81,18.5998,12,1,40.6512,1,,,50838,Modified,smooth_offset,3.0
blocked_road,Modified,3,0,1,165.353,147.841,1.1185,0.3218,0.0384,0.1079,5.0919,1.788,2.81,17.8374,10,1,33.5774,1,,,20704,Modified,smooth_offset,3.0
blocked_road,Modified,4,0,1,227.412,148.255,1.5339,0.72948,0.0559,0.2709,2.8463,1.742,2.716,61.6102,41,1,60.1922,1,,53.0,45594,Modified,smooth_offset,3.0
blocked_road,Modified,5,0,1,200.582,148.426,1.3514,0.57484,0.0507,0.2724,1.7126,1.577,2.891,54.632,37,1,48.742,1,,74.0,37087,Modified,smooth_offset,3.0
blocked_road,Modified,6,0,1,181.862,149.598,1.2157,0.33378,0.0325,0.1009,5.2127,1.515,3.499,18.358,12,1,36.6183,1,,,21316,Modified,smooth_offset,3.0
blocked_road,Modified,7,0,1,173.6,149.012,1.165,2.26303,0.0511,0.2062,3.0294,1.702,2.614,35.8006,22,1,40.2473,1,,14.0,153134,Modified,smooth_offset,3.0
blocked_road,Modified,8,0,1,154.964,148.426,1.044,0.92574,0.0357,0.1051,1.3703,1.662,2.765,16.2832,11,1,30.355,1,,,63366,Modified,smooth_offset,3.0
blocked_road,Modified,9,0,1,159.971,147.841,1.0821,0.67843,0.0392,0.0454,1.6253,2.147,4.179,7.2604,5,1,28.2993,1,,,48016,Modified,smooth_offset,3.0
blocked_road,Modified,10,0,1,209.309,149.012,1.4046,0.48542,0.0702,0.3889,6.1983,1.794,2.702,81.4107,48,1,56.1757,1,,84.0,31159,Modified,smooth_offset,3.0
blocked_road,Modified,11,0,1,197.155,147.841,1.3336,0.42154,0.051,0.2749,2.2354,1.759,2.918,54.1995,38,1,50.2961,1,,78.0,27178,Modified,smooth_offset,3.0
blocked_road,Modified,12,0,1,160.653,147.841,1.0867,0.36616,0.0576,0.062,1.5707,1.88,3.285,9.9537,8,1,31.5037,1,,,26508,Modified,smooth_offset,3.0
blocked_road,Modified,13,0,1,197.79,149.012,1.3273,0.39378,0.0468,0.2385,1.56,1.794,2.761,47.1795,33,1,48.1833,1,,76.0,23678,Modified,smooth_offset,3.0
blocked_road,Modified,14,0,1,154.854,147.841,1.0474,1.18214,0.0266,0.0853,1.017,1.596,3.019,13.2034,6,1,31.7768,1,,,80683,Modified,smooth_offset,3.0
blocked_road,Modified,15,0,1,157.09,147.841,1.0626,0.09994,0.0538,0.4958,2.9271,1.742,3.46,77.8848,39,1,41.6663,0,,,1727,Modified,smooth_offset,3.0
blocked_road,Modified,16,0,1,208.312,149.598,1.3925,1.41174,0.0452,0.2353,3.3124,1.82,2.881,49.0177,34,1,48.147,1,,64.0,94205,Modified,smooth_offset,3.0
blocked_road,Modified,17,0,1,165.192,149.598,1.1042,1.09693,0.0341,0.1133,1.8012,1.6,3.171,18.7237,13,1,36.8564,1,,,73280,Modified,smooth_offset,3.0
blocked_road,Modified,18,0,1,158.504,148.426,1.0679,0.13876,0.05,0.5441,2.4927,1.742,2.836,86.2469,50,1,49.858,0,,,2086,Modified,smooth_offset,3.0
blocked_road,Modified,19,0,1,200.883,147.841,1.3588,0.25785,0.0461,0.2155,3.2251,1.614,2.827,43.2842,27,1,48.5965,1,,63.0,14956,Modified,smooth_offset,3.0
dense_city,Modified,0,0,1,162.071,145.497,1.1139,2.58255,0.0418,0.1433,2.8004,1.656,2.605,23.2251,14,1,42.613,1,,,148892,Modified,smooth_offset,3.0
dense_city,Modified,1,0,1,155.095,148.426,1.0449,0.75773,0.0377,0.0725,1.6008,1.517,3.593,11.2394,8,1,30.8018,1,,,45195,Modified,smooth_offset,3.0
dense_city,Modified,2,0,1,190.9,150.184,1.2711,7.74064,0.0471,0.048,4.3466,1.517,2.636,9.1712,4,1,31.8215,1,,,407722,Modified,smooth_offset,3.0
dense_city,Modified,3,0,1,192.993,147.255,1.3106,0.75621,0.0541,0.1647,5.9522,1.573,2.464,31.7951,21,1,42.965,1,,,45594,Modified,smooth_offset,3.0
dense_city,Modified,4,0,1,160.958,146.669,1.0974,0.47159,0.042,0.046,1.2128,1.517,2.66,7.3968,6,1,28.6839,1,,,27555,Modified,smooth_offset,3.0
dense_city,Modified,5,0,1,156.536,145.497,1.0759,1.02832,0.0588,0.0684,1.1905,1.517,2.624,10.7079,7,1,31.4963,1,,,55986,Modified,smooth_offset,3.0
dense_city,Modified,6,0,1,148.315,147.255,1.0072,2.51675,0.067,0.0809,1.4056,1.517,2.551,11.9964,10,1,32.125,1,,,138170,Modified,smooth_offset,3.0
dense_city,Modified,7,0,1,150.888,150.184,1.0047,12.82916,0.1937,0.0847,1.46,1.531,2.774,12.7801,12,1,32.2198,1,,,745569,Modified,smooth_offset,3.0
dense_city,Modified,8,0,1,157.965,151.841,1.0403,2.33232,0.0401,0.0487,1.3624,1.517,2.724,7.6904,6,1,27.9811,1,,,130496,Modified,smooth_offset,3.0
dense_city,Modified,9,0,1,178.501,148.426,1.2026,0.75591,0.0504,0.0958,4.4878,1.733,2.521,17.1026,11,1,37.8321,1,,,43909,Modified,smooth_offset,3.0
dense_city,Modified,10,0,1,163.424,145.497,1.1232,0.67305,0.1002,0.0847,3.583,1.839,2.856,13.8496,10,1,34.0635,1,,,38719,Modified,smooth_offset,3.0
dense_city,Modified,11,0,1,148.951,147.255,1.0115,1.44696,0.0756,0.0909,1.5314,1.517,2.595,13.5371,12,1,33.5581,1,,,85724,Modified,smooth_offset,3.0
dense_city,Modified,12,0,1,174.171,151.841,1.1471,1.05048,0.0475,0.0925,2.7943,1.62,2.601,16.1123,14,1,35.8381,1,,,58422,Modified,smooth_offset,3.0
dense_city,Modified,13,0,1,173.914,145.497,1.1953,1.96396,0.0891,0.0917,3.4148,1.517,2.633,15.95,13,1,38.4847,1,,,107347,Modified,smooth_offset,3.0
dense_city,Modified,14,0,1,159.452,145.497,1.0959,1.66112,0.0547,0.0615,1.3596,1.517,2.603,9.8026,7,1,30.7059,1,,,92613,Modified,smooth_offset,3.0
dense_city,Modified,15,0,1,151.207,145.497,1.0392,1.93412,0.0624,0.0751,1.4081,1.517,2.582,11.3626,10,1,32.3499,1,,,107850,Modified,smooth_offset,3.0
dense_city,Modified,16,0,1,159.643,148.426,1.0756,4.01175,0.0763,0.1246,3.647,1.62,2.506,19.8936,14,1,37.9466,1,,,234349,Modified,smooth_offset,3.0
dense_city,Modified,17,0,1,183.799,144.912,1.2684,1.01972,0.0691,0.0732,4.4697,1.517,2.972,13.4602,10,1,36.6317,1,,,62163,Modified,smooth_offset,3.0
dense_city,Modified,18,0,1,153.053,150.184,1.0191,4.11122,0.0539,0.0619,1.4491,1.517,2.489,9.4756,8,1,30.3976,1,,,239430,Modified,smooth_offset,3.0
dense_city,Modified,19,0,1,168.442,150.184,1.1216,1.39724,0.0669,0.3105,3.6037,1.62,2.585,52.3041,35,1,44.2275,1,,,77378,Modified,smooth_offset,3.0
normal_city,Modified,0,0,1,147.392,139.64,1.0555,0.15822,0.0527,0.3832,1.4872,1.79,3.167,56.4856,33,1,41.4767,0,0.0,,1583,Modified,smooth_offset,6.0
normal_city,Modified,1,0,1,145.565,143.154,1.0168,0.24709,0.0378,0.2145,1.1133,1.768,3.854,31.23,21,1,32.8811,0,0.0,,1264,Modified,smooth_offset,6.0
normal_city,Modified,2,0,1,158.702,143.154,1.1086,0.28822,0.0629,0.3634,4.6577,1.739,2.97,57.6702,33,1,42.811,2,1.0,,12492,Modified,smooth_offset,6.0
normal_city,Modified,3,0,1,161.149,140.811,1.1444,0.1506,0.1063,0.6982,3.5659,1.956,2.921,112.5146,61,1,49.9926,0,0.0,,1469,Modified,smooth_offset,6.0
normal_city,Modified,4,0,1,190.056,141.983,1.3386,0.29859,0.0477,0.2269,6.1684,1.739,3.24,43.1289,23,1,46.8302,1,1.0,,9901,Modified,smooth_offset,6.0
normal_city,Modified,5,0,1,152.28,141.397,1.077,0.14665,0.0712,0.4834,3.1669,1.775,3.541,73.605,36,1,41.9241,0,0.0,,1437,Modified,smooth_offset,6.0
normal_city,Modified,6,0,1,153.257,143.154,1.0706,0.15331,0.0642,0.4529,2.7345,1.759,3.085,69.4095,36,1,42.7304,0,0.0,,1521,Modified,smooth_offset,6.0
normal_city,Modified,7,0,1,151.604,141.983,1.0678,0.16618,0.058,0.4217,2.3321,1.739,2.949,63.9365,35,1,44.072,0,0.0,,1582,Modified,smooth_offset,6.0
normal_city,Modified,8,0,1,150.843,141.397,1.0668,0.98768,0.0573,0.3105,3.0061,1.766,2.859,46.8343,29,1,41.8988,1,1.0,,59786,Modified,smooth_offset,6.0
normal_city,Modified,9,0,1,152.498,140.811,1.083,0.15735,0.0643,0.4673,2.7269,1.739,2.928,71.2654,39,1,45.2783,0,0.0,,1595,Modified,smooth_offset,6.0
normal_city,Modified,10,0,1,150.706,141.983,1.0614,0.18174,0.0534,0.3651,2.2413,1.781,2.938,55.0261,27,1,45.3048,0,0.0,,1538,Modified,smooth_offset,6.0
normal_city,Modified,11,0,1,153.494,140.811,1.0901,0.13896,0.0754,0.5106,3.1337,1.747,3.561,78.3761,36,1,42.4027,0,0.0,,1433,Modified,smooth_offset,6.0
normal_city,Modified,12,0,1,167.755,140.811,1.1914,0.98085,0.0886,0.083,3.3978,1.88,3.59,13.9226,13,1,35.7442,1,1.0,,65100,Modified,smooth_offset,6.0
normal_city,Modified,13,0,1,226.963,141.983,1.5985,0.3913,0.0559,0.1709,14.7582,1.569,2.811,38.79,22,1,51.352,1,1.0,,19952,Modified,smooth_offset,6.0
normal_city,Modified,14,0,1,160.155,140.811,1.1374,0.15964,0.0972,0.6655,3.8073,1.775,2.959,106.5763,51,1,48.3783,0,0.0,,1535,Modified,smooth_offset,6.0
normal_city,Modified,15,0,1,145.879,140.811,1.036,0.40388,0.0372,0.1107,1.2912,1.739,3.131,16.1425,12,1,28.9455,1,1.0,,24059,Modified,smooth_offset,6.0
normal_city,Modified,16,0,1,150.548,140.811,1.0692,0.16165,0.0578,0.4413,1.7064,1.807,2.939,66.4348,40,1,45.6422,0,0.0,,1648,Modified,smooth_offset,6.0
normal_city,Modified,17,0,1,152.201,142.569,1.0676,0.15837,0.0607,0.4425,2.4867,1.766,3.011,67.3523,38,1,45.6124,0,0.0,,1578,Modified,smooth_offset,6.0
normal_city,Modified,18,0,1,153.906,141.397,1.0885,0.17576,0.0712,0.4683,2.5284,1.742,2.983,72.0687,40,1,44.7471,0,0.0,,1471,Modified,smooth_offset,6.0
normal_city,Modified,19,0,1,152.391,140.811,1.0822,0.20316,0.061,0.4304,2.3513,1.79,2.971,65.5866,33,1,44.1012,0,0.0,,1651,Modified,smooth_offset,6.0
blocked_road,Modified,0,0,1,201.224,150.77,1.3346,0.41809,0.0625,0.2361,8.838,1.807,3.434,47.5056,27,1,46.4312,1,,73.0,23564,Modified,smooth_offset,6.0
blocked_road,Modified,1,0,1,150.887,147.255,1.0247,0.14246,0.0323,0.214,1.3839,1.768,3.999,32.2948,16,1,35.8808,0,,,1361,Modified,smooth_offset,6.0
blocked_road,Modified,2,0,1,206.991,149.012,1.3891,0.76452,0.036,0.0782,2.1189,1.739,4.058,16.1849,11,1,39.3851,1,,,50807,Modified,smooth_offset,6.0
blocked_road,Modified,3,0,1,165.079,147.841,1.1166,0.34067,0.0438,0.0951,5.8926,1.788,3.009,15.6974,9,1,32.4944,1,,,20623,Modified,smooth_offset,6.0
blocked_road,Modified,4,0,1,227.744,148.255,1.5362,0.78498,0.0641,0.2193,3.8291,1.739,2.783,49.9487,31,1,59.6339,1,,53.0,45341,Modified,smooth_offset,6.0
blocked_road,Modified,5,0,1,199.992,148.426,1.3474,0.63402,0.0405,0.1589,2.0451,1.577,3.073,31.7857,21,1,46.2192,1,,74.0,36776,Modified,smooth_offset,6.0
blocked_road,Modified,6,0,1,181.892,149.598,1.2159,0.37159,0.0343,0.0758,3.4193,1.515,3.625,13.7798,9,1,36.0724,1,,,21091,Modified,smooth_offset,6.0
blocked_road,Modified,7,0,1,173.015,149.012,1.1611,2.30727,0.0514,0.1512,3.5097,1.702,2.7,26.1677,17,1,35.4062,1,,14.0,153010,Modified,smooth_offset,6.0
blocked_road,Modified,8,0,1,155.139,148.426,1.0452,0.95692,0.0331,0.073,1.3789,1.662,2.903,11.3273,8,1,28.4081,1,,,63346,Modified,smooth_offset,6.0
blocked_road,Modified,9,0,1,159.332,147.841,1.0777,0.70729,0.0629,0.0434,1.7241,2.147,3.751,6.9125,6,1,27.863,1,,,47995,Modified,smooth_offset,6.0
blocked_road,Modified,10,0,1,206.602,149.012,1.3865,0.58391,0.064,0.2482,4.3687,1.794,2.776,51.2779,33,1,53.431,1,,84.0,30875,Modified,smooth_offset,6.0
blocked_road,Modified,11,0,1,198.06,147.841,1.3397,0.46402,0.0439,0.1719,1.521,1.747,3.066,34.0379,19,1,47.8956,1,,78.0,26944,Modified,smooth_offset,6.0
blocked_road,Modified,12,0,1,160.59,147.841,1.0862,0.39431,0.0647,0.062,1.6182,1.88,3.464,9.9537,8,1,31.4829,1,,,26493,Modified,smooth_offset,6.0
blocked_road,Modified,13,0,1,197.816,149.012,1.3275,0.42948,0.0473,0.1778,2.1827,1.783,2.816,35.1804,24,1,46.6754,1,,76.0,23446,Modified,smooth_offset,6.0
blocked_road,Modified,14,0,1,156.128,147.841,1.0561,1.25753,0.0369,0.0803,1.4786,1.596,2.902,12.5311,8,1,32.2562,1,,,80517,Modified,smooth_offset,6.0
blocked_road,Modified,15,0,1,152.945,147.841,1.0345,0.12426,0.041,0.2782,1.838,1.742,3.829,42.5444,27,1,36.4001,0,,,1377,Modified,smooth_offset,6.0
blocked_road,Modified,16,0,1,211.266,149.598,1.4122,1.48038,0.0614,0.2173,5.5781,1.752,2.881,45.9135,26,1,49.7969,1,,64.0,93846,Modified,smooth_offset,6.0
blocked_road,Modified,17,0,1,166.426,149.598,1.1125,1.13589,0.0476,0.1142,2.7576,1.6,3.265,19.0016,14,1,37.2825,1,,,73291,Modified,smooth_offset,6.0
blocked_road,Modified,18,0,1,158.045,148.426,1.0648,0.14595,0.0583,0.4266,2.17,1.742,2.908,67.4163,38,1,46.1238,0,,,1596,Modified,smooth_offset,6.0
blocked_road,Modified,19,0,1,201.482,147.841,1.3628,0.32445,0.0504,0.1783,9.4966,1.614,2.886,35.9232,21,1,46.602,1,,63.0,14803,Modified,smooth_offset,6.0
dense_city,Modified,0,0,1,161.813,145.497,1.1121,2.79183,0.061,0.1327,3.1982,1.656,2.624,21.4663,14,1,40.8496,1,,,148710,Modified,smooth_offset,6.0
dense_city,Modified,1,0,1,156.016,148.426,1.0511,0.76866,0.0516,0.0738,1.5831,1.517,3.433,11.5127,10,1,31.9101,1,,,45099,Modified,smooth_offset,6.0
dense_city,Modified,2,0,1,190.862,150.184,1.2709,7.92407,0.0503,0.0481,4.1523,1.517,2.628,9.171,4,1,31.8466,1,,,407728,Modified,smooth_offset,6.0
dense_city,Modified,3,0,1,191.821,147.255,1.3026,0.79893,0.058,0.1272,4.8443,1.573,2.479,24.3997,15,1,40.375,1,,,45465,Modified,smooth_offset,6.0
dense_city,Modified,4,0,1,160.92,146.669,1.0972,0.49731,0.0453,0.046,1.2233,1.517,2.653,7.3966,6,1,28.6869,1,,,27545,Modified,smooth_offset,6.0
dense_city,Modified,5,0,1,156.498,145.497,1.0756,1.13029,0.0631,0.0684,1.413,1.517,2.615,10.7077,7,1,31.6634,1,,,55987,Modified,smooth_offset,6.0
dense_city,Modified,6,0,1,148.278,147.255,1.0069,2.64601,0.072,0.0809,1.4435,1.517,2.536,11.9962,10,1,32.1114,1,,,138160,Modified,smooth_offset,6.0
dense_city,Modified,7,0,1,150.888,150.184,1.0047,13.33375,0.1937,0.0847,1.46,1.531,2.774,12.7801,12,1,32.2198,1,,,745543,Modified,smooth_offset,6.0
dense_city,Modified,8,0,1,157.928,151.841,1.0401,2.33896,0.0429,0.0487,1.3672,1.517,2.722,7.6902,6,1,27.8971,1,,,130500,Modified,smooth_offset,6.0
dense_city,Modified,9,0,1,178.215,148.426,1.2007,0.79037,0.0589,0.0851,3.3929,1.733,2.542,15.1631,9,1,37.2806,1,,,43834,Modified,smooth_offset,6.0
dense_city,Modified,10,0,1,163.544,145.497,1.124,0.71085,0.1633,0.0847,3.1179,1.839,2.944,13.8497,11,1,34.1996,1,,,38648,Modified,smooth_offset,6.0
dense_city,Modified,11,0,1,148.913,147.255,1.0113,1.51192,0.0813,0.0909,1.543,1.517,2.584,13.5369,12,1,33.5072,1,,,85722,Modified,smooth_offset,6.0
dense_city,Modified,12,0,1,176.631,151.841,1.1633,1.1111,0.0553,0.0796,3.5306,1.62,2.589,14.0631,10,1,35.2557,1,,,58352,Modified,smooth_offset,6.0
dense_city,Modified,13,0,1,173.877,145.497,1.1951,1.99485,0.0958,0.0917,3.5464,1.517,2.624,15.9498,13,1,38.4445,1,,,107338,Modified,smooth_offset,6.0
dense_city,Modified,14,0,1,159.414,145.497,1.0956,1.77473,0.0589,0.0615,1.3957,1.517,2.592,9.8024,7,1,30.6717,1,,,92601,Modified,smooth_offset,6.0
dense_city,Modified,15,0,1,151.169,145.497,1.039,2.06391,0.067,0.0752,1.4107,1.517,2.57,11.3624,10,1,32.33,1,,,107836,Modified,smooth_offset,6.0
dense_city,Modified,16,0,1,154.967,148.426,1.0441,4.27637,0.0758,0.1122,2.544,1.62,2.492,17.3813,13,1,35.5146,1,,,234349,Modified,smooth_offset,6.0
dense_city,Modified,17,0,1,183.761,144.912,1.2681,1.1033,0.0739,0.0732,4.2617,1.517,2.986,13.46,10,1,36.6704,1,,,62152,Modified,smooth_offset,6.0
dense_city,Modified,18,0,1,153.015,150.184,1.0189,4.26961,0.058,0.0619,1.4468,1.517,2.47,9.4753,8,1,30.369,1,,,239419,Modified,smooth_offset,6.0
dense_city,Modified,19,0,1,164.861,150.184,1.0977,1.44007,0.0519,0.1791,3.4277,1.62,2.552,29.5196,22,1,40.3525,1,,,77179,Modified,smooth_offset,6.0
